mirror_id,x_m,y_m,z_m
1,-51.075,-345.05226165564795,3.15
2,-39.72500000000001,-345.05226165564795,3.15
3,-28.375000000000004,-345.05226165564795,3.15
4,-17.025000000000002,-345.05226165564795,3.15
5,-5.675000000000001,-345.05226165564795,3.15
6,5.675000000000001,-345.05226165564795,3.15
7,17.025000000000002,-345.05226165564795,3.15
8,28.375000000000004,-345.05226165564795,3.15
9,39.72500000000001,-345.05226165564795,3.15
10,51.075,-345.05226165564795,3.15
11,-90.80000000000001,-335.22287332269457,3.15
12,-79.45000000000002,-335.22287332269457,3.15
13,-68.10000000000001,-335.22287332269457,3.15
14,-56.75000000000001,-335.22287332269457,3.15
15,-45.400000000000006,-335.22287332269457,3.15
16,-34.050000000000004,-335.22287332269457,3.15
17,-22.700000000000003,-335.22287332269457,3.15
18,-11.350000000000001,-335.22287332269457,3.15
19,0.0,-335.22287332269457,3.15
20,11.350000000000001,-335.22287332269457,3.15
21,22.700000000000003,-335.22287332269457,3.15
22,34.050000000000004,-335.22287332269457,3.15
23,45.400000000000006,-335.22287332269457,3.15
24,56.75000000000001,-335.22287332269457,3.15
25,68.10000000000001,-335.22287332269457,3.15
26,79.45000000000002,-335.22287332269457,3.15
27,90.80000000000001,-335.22287332269457,3.15
28,-119.17500000000003,-325.39348498974124,3.15
29,-107.82500000000002,-325.39348498974124,3.15
30,-96.47500000000001,-325.39348498974124,3.15
31,-85.12500000000001,-325.39348498974124,3.15
32,-73.77500000000002,-325.39348498974124,3.15
33,-62.42500000000001,-325.39348498974124,3.15
34,-51.075,-325.39348498974124,3.15
35,-39.72500000000001,-325.39348498974124,3.15
36,-28.375000000000004,-325.39348498974124,3.15
37,-17.025000000000002,-325.39348498974124,3.15
38,-5.675000000000001,-325.39348498974124,3.15
39,5.675000000000001,-325.39348498974124,3.15
40,17.025000000000002,-325.39348498974124,3.15
41,28.375000000000004,-325.39348498974124,3.15
42,39.72500000000001,-325.39348498974124,3.15
43,51.075,-325.39348498974124,3.15
44,62.42500000000001,-325.39348498974124,3.15
45,73.775,-325.39348498974124,3.15
46,85.12500000000001,-325.39348498974124,3.15
47,96.47500000000001,-325.39348498974124,3.15
48,107.825,-325.39348498974124,3.15
49,119.17500000000001,-325.39348498974124,3.15
50,-147.55,-315.56409665678785,3.15
51,-136.20000000000002,-315.56409665678785,3.15
52,-124.85000000000002,-315.56409665678785,3.15
53,-113.50000000000001,-315.56409665678785,3.15
54,-102.15,-315.56409665678785,3.15
55,-90.80000000000001,-315.56409665678785,3.15
56,-79.45000000000002,-315.56409665678785,3.15
57,-68.10000000000001,-315.56409665678785,3.15
58,-56.75000000000001,-315.56409665678785,3.15
59,-45.400000000000006,-315.56409665678785,3.15
60,-34.050000000000004,-315.56409665678785,3.15
61,-22.700000000000003,-315.56409665678785,3.15
62,-11.350000000000001,-315.56409665678785,3.15
63,0.0,-315.56409665678785,3.15
64,11.350000000000001,-315.56409665678785,3.15
65,22.700000000000003,-315.56409665678785,3.15
66,34.050000000000004,-315.56409665678785,3.15
67,45.400000000000006,-315.56409665678785,3.15
68,56.75000000000001,-315.56409665678785,3.15
69,68.10000000000001,-315.56409665678785,3.15
70,79.45000000000002,-315.56409665678785,3.15
71,90.80000000000001,-315.56409665678785,3.15
72,102.15,-315.56409665678785,3.15
73,113.50000000000001,-315.56409665678785,3.15
74,124.85000000000002,-315.56409665678785,3.15
75,136.20000000000002,-315.56409665678785,3.15
76,147.55,-315.56409665678785,3.15
77,-164.57500000000002,-305.73470832383447,3.15
78,-153.22500000000002,-305.73470832383447,3.15
79,-141.875,-305.73470832383447,3.15
80,-130.525,-305.73470832383447,3.15
81,-119.17500000000003,-305.73470832383447,3.15
82,-107.82500000000002,-305.73470832383447,3.15
83,-96.47500000000001,-305.73470832383447,3.15
84,-85.12500000000001,-305.73470832383447,3.15
85,-73.77500000000002,-305.73470832383447,3.15
86,-62.42500000000001,-305.73470832383447,3.15
87,-51.075,-305.73470832383447,3.15
88,-39.72500000000001,-305.73470832383447,3.15
89,-28.375000000000004,-305.73470832383447,3.15
90,-17.025000000000002,-305.73470832383447,3.15
91,-5.675000000000001,-305.73470832383447,3.15
92,5.675000000000001,-305.73470832383447,3.15
93,17.025000000000002,-305.73470832383447,3.15
94,28.375000000000004,-305.73470832383447,3.15
95,39.72500000000001,-305.73470832383447,3.15
96,51.075,-305.73470832383447,3.15
97,62.42500000000001,-305.73470832383447,3.15
98,73.775,-305.73470832383447,3.15
99,85.12500000000001,-305.73470832383447,3.15
100,96.47500000000001,-305.73470832383447,3.15
101,107.825,-305.73470832383447,3.15
102,119.17500000000001,-305.73470832383447,3.15
103,130.52500000000003,-305.73470832383447,3.15
104,141.87500000000003,-305.73470832383447,3.15
105,153.22500000000002,-305.73470832383447,3.15
106,164.57500000000005,-305.73470832383447,3.15
107,-181.60000000000002,-295.9053199908811,3.15
108,-170.25000000000003,-295.9053199908811,3.15
109,-158.90000000000003,-295.9053199908811,3.15
110,-147.55,-295.9053199908811,3.15
111,-136.20000000000002,-295.9053199908811,3.15
112,-124.85000000000002,-295.9053199908811,3.15
113,-113.50000000000001,-295.9053199908811,3.15
114,-102.15,-295.9053199908811,3.15
115,-90.80000000000001,-295.9053199908811,3.15
116,-79.45000000000002,-295.9053199908811,3.15
117,-68.10000000000001,-295.9053199908811,3.15
118,-56.75000000000001,-295.9053199908811,3.15
119,-45.400000000000006,-295.9053199908811,3.15
120,-34.050000000000004,-295.9053199908811,3.15
121,-22.700000000000003,-295.9053199908811,3.15
122,-11.350000000000001,-295.9053199908811,3.15
123,0.0,-295.9053199908811,3.15
124,11.350000000000001,-295.9053199908811,3.15
125,22.700000000000003,-295.9053199908811,3.15
126,34.050000000000004,-295.9053199908811,3.15
127,45.400000000000006,-295.9053199908811,3.15
128,56.75000000000001,-295.9053199908811,3.15
129,68.10000000000001,-295.9053199908811,3.15
130,79.45000000000002,-295.9053199908811,3.15
131,90.80000000000001,-295.9053199908811,3.15
132,102.15,-295.9053199908811,3.15
133,113.50000000000001,-295.9053199908811,3.15
134,124.85000000000002,-295.9053199908811,3.15
135,136.20000000000002,-295.9053199908811,3.15
136,147.55,-295.9053199908811,3.15
137,158.90000000000003,-295.9053199908811,3.15
138,170.25000000000003,-295.9053199908811,3.15
139,181.60000000000002,-295.9053199908811,3.15
140,-198.625,-286.0759316579277,3.15
141,-187.275,-286.0759316579277,3.15
142,-175.925,-286.0759316579277,3.15
143,-164.57500000000002,-286.0759316579277,3.15
144,-153.22500000000002,-286.0759316579277,3.15
145,-141.875,-286.0759316579277,3.15
146,-130.525,-286.0759316579277,3.15
147,-119.17500000000003,-286.0759316579277,3.15
148,-107.82500000000002,-286.0759316579277,3.15
149,-96.47500000000001,-286.0759316579277,3.15
150,-85.12500000000001,-286.0759316579277,3.15
151,-73.77500000000002,-286.0759316579277,3.15
152,-62.42500000000001,-286.0759316579277,3.15
153,-51.075,-286.0759316579277,3.15
154,-39.72500000000001,-286.0759316579277,3.15
155,-28.375000000000004,-286.0759316579277,3.15
156,-17.025000000000002,-286.0759316579277,3.15
157,-5.675000000000001,-286.0759316579277,3.15
158,5.675000000000001,-286.0759316579277,3.15
159,17.025000000000002,-286.0759316579277,3.15
160,28.375000000000004,-286.0759316579277,3.15
161,39.72500000000001,-286.0759316579277,3.15
162,51.075,-286.0759316579277,3.15
163,62.42500000000001,-286.0759316579277,3.15
164,73.775,-286.0759316579277,3.15
165,85.12500000000001,-286.0759316579277,3.15
166,96.47500000000001,-286.0759316579277,3.15
167,107.825,-286.0759316579277,3.15
168,119.17500000000001,-286.0759316579277,3.15
169,130.52500000000003,-286.0759316579277,3.15
170,141.87500000000003,-286.0759316579277,3.15
171,153.22500000000002,-286.0759316579277,3.15
172,164.57500000000005,-286.0759316579277,3.15
173,175.92500000000004,-286.0759316579277,3.15
174,187.27500000000003,-286.0759316579277,3.15
175,198.62500000000003,-286.0759316579277,3.15
176,-204.3,-276.2465433249743,3.15
177,-192.95000000000002,-276.2465433249743,3.15
178,-181.60000000000002,-276.2465433249743,3.15
179,-170.25000000000003,-276.2465433249743,3.15
180,-158.90000000000003,-276.2465433249743,3.15
181,-147.55,-276.2465433249743,3.15
182,-136.20000000000002,-276.2465433249743,3.15
183,-124.85000000000002,-276.2465433249743,3.15
184,-113.50000000000001,-276.2465433249743,3.15
185,-102.15,-276.2465433249743,3.15
186,-90.80000000000001,-276.2465433249743,3.15
187,-79.45000000000002,-276.2465433249743,3.15
188,-68.10000000000001,-276.2465433249743,3.15
189,-56.75000000000001,-276.2465433249743,3.15
190,-45.400000000000006,-276.2465433249743,3.15
191,-34.050000000000004,-276.2465433249743,3.15
192,-22.700000000000003,-276.2465433249743,3.15
193,-11.350000000000001,-276.2465433249743,3.15
194,0.0,-276.2465433249743,3.15
195,11.350000000000001,-276.2465433249743,3.15
196,22.700000000000003,-276.2465433249743,3.15
197,34.050000000000004,-276.2465433249743,3.15
198,45.400000000000006,-276.2465433249743,3.15
199,56.75000000000001,-276.2465433249743,3.15
200,68.10000000000001,-276.2465433249743,3.15
201,79.45000000000002,-276.2465433249743,3.15
202,90.80000000000001,-276.2465433249743,3.15
203,102.15,-276.2465433249743,3.15
204,113.50000000000001,-276.2465433249743,3.15
205,124.85000000000002,-276.2465433249743,3.15
206,136.20000000000002,-276.2465433249743,3.15
207,147.55,-276.2465433249743,3.15
208,158.90000000000003,-276.2465433249743,3.15
209,170.25000000000003,-276.2465433249743,3.15
210,181.60000000000002,-276.2465433249743,3.15
211,192.95000000000002,-276.2465433249743,3.15
212,204.3,-276.2465433249743,3.15
213,-221.32500000000002,-266.417154992021,3.15
214,-209.97500000000002,-266.417154992021,3.15
215,-198.625,-266.417154992021,3.15
216,-187.275,-266.417154992021,3.15
217,-175.925,-266.417154992021,3.15
218,-164.57500000000002,-266.417154992021,3.15
219,-153.22500000000002,-266.417154992021,3.15
220,-141.875,-266.417154992021,3.15
221,-130.525,-266.417154992021,3.15
222,-119.17500000000003,-266.417154992021,3.15
223,-107.82500000000002,-266.417154992021,3.15
224,-96.47500000000001,-266.417154992021,3.15
225,-85.12500000000001,-266.417154992021,3.15
226,-73.77500000000002,-266.417154992021,3.15
227,-62.42500000000001,-266.417154992021,3.15
228,-51.075,-266.417154992021,3.15
229,-39.72500000000001,-266.417154992021,3.15
230,-28.375000000000004,-266.417154992021,3.15
231,-17.025000000000002,-266.417154992021,3.15
232,-5.675000000000001,-266.417154992021,3.15
233,5.675000000000001,-266.417154992021,3.15
234,17.025000000000002,-266.417154992021,3.15
235,28.375000000000004,-266.417154992021,3.15
236,39.72500000000001,-266.417154992021,3.15
237,51.075,-266.417154992021,3.15
238,62.42500000000001,-266.417154992021,3.15
239,73.775,-266.417154992021,3.15
240,85.12500000000001,-266.417154992021,3.15
241,96.47500000000001,-266.417154992021,3.15
242,107.825,-266.417154992021,3.15
243,119.17500000000001,-266.417154992021,3.15
244,130.52500000000003,-266.417154992021,3.15
245,141.87500000000003,-266.417154992021,3.15
246,153.22500000000002,-266.417154992021,3.15
247,164.57500000000005,-266.417154992021,3.15
248,175.92500000000004,-266.417154992021,3.15
249,187.27500000000003,-266.417154992021,3.15
250,198.62500000000003,-266.417154992021,3.15
251,209.97500000000002,-266.417154992021,3.15
252,221.32500000000005,-266.417154992021,3.15
253,-227.00000000000003,-256.5877666590676,3.15
254,-215.65000000000003,-256.5877666590676,3.15
255,-204.3,-256.5877666590676,3.15
256,-192.95000000000002,-256.5877666590676,3.15
257,-181.60000000000002,-256.5877666590676,3.15
258,-170.25000000000003,-256.5877666590676,3.15
259,-158.90000000000003,-256.5877666590676,3.15
260,-147.55,-256.5877666590676,3.15
261,-136.20000000000002,-256.5877666590676,3.15
262,-124.85000000000002,-256.5877666590676,3.15
263,-113.50000000000001,-256.5877666590676,3.15
264,-102.15,-256.5877666590676,3.15
265,-90.80000000000001,-256.5877666590676,3.15
266,-79.45000000000002,-256.5877666590676,3.15
267,-68.10000000000001,-256.5877666590676,3.15
268,-56.75000000000001,-256.5877666590676,3.15
269,-45.400000000000006,-256.5877666590676,3.15
270,-34.050000000000004,-256.5877666590676,3.15
271,-22.700000000000003,-256.5877666590676,3.15
272,-11.350000000000001,-256.5877666590676,3.15
273,0.0,-256.5877666590676,3.15
274,11.350000000000001,-256.5877666590676,3.15
275,22.700000000000003,-256.5877666590676,3.15
276,34.050000000000004,-256.5877666590676,3.15
277,45.400000000000006,-256.5877666590676,3.15
278,56.75000000000001,-256.5877666590676,3.15
279,68.10000000000001,-256.5877666590676,3.15
280,79.45000000000002,-256.5877666590676,3.15
281,90.80000000000001,-256.5877666590676,3.15
282,102.15,-256.5877666590676,3.15
283,113.50000000000001,-256.5877666590676,3.15
284,124.85000000000002,-256.5877666590676,3.15
285,136.20000000000002,-256.5877666590676,3.15
286,147.55,-256.5877666590676,3.15
287,158.90000000000003,-256.5877666590676,3.15
288,170.25000000000003,-256.5877666590676,3.15
289,181.60000000000002,-256.5877666590676,3.15
290,192.95000000000002,-256.5877666590676,3.15
291,204.3,-256.5877666590676,3.15
292,215.65000000000003,-256.5877666590676,3.15
293,227.00000000000003,-256.5877666590676,3.15
294,-244.02500000000003,-246.75837832611418,3.15
295,-232.675,-246.75837832611418,3.15
296,-221.32500000000002,-246.75837832611418,3.15
297,-209.97500000000002,-246.75837832611418,3.15
298,-198.625,-246.75837832611418,3.15
299,-187.275,-246.75837832611418,3.15
300,-175.925,-246.75837832611418,3.15
301,-164.57500000000002,-246.75837832611418,3.15
302,-153.22500000000002,-246.75837832611418,3.15
303,-141.875,-246.75837832611418,3.15
304,-130.525,-246.75837832611418,3.15
305,-119.17500000000003,-246.75837832611418,3.15
306,-107.82500000000002,-246.75837832611418,3.15
307,-96.47500000000001,-246.75837832611418,3.15
308,-85.12500000000001,-246.75837832611418,3.15
309,-73.77500000000002,-246.75837832611418,3.15
310,-62.42500000000001,-246.75837832611418,3.15
311,-51.075,-246.75837832611418,3.15
312,-39.72500000000001,-246.75837832611418,3.15
313,-28.375000000000004,-246.75837832611418,3.15
314,-17.025000000000002,-246.75837832611418,3.15
315,-5.675000000000001,-246.75837832611418,3.15
316,5.675000000000001,-246.75837832611418,3.15
317,17.025000000000002,-246.75837832611418,3.15
318,28.375000000000004,-246.75837832611418,3.15
319,39.72500000000001,-246.75837832611418,3.15
320,51.075,-246.75837832611418,3.15
321,62.42500000000001,-246.75837832611418,3.15
322,73.775,-246.75837832611418,3.15
323,85.12500000000001,-246.75837832611418,3.15
324,96.47500000000001,-246.75837832611418,3.15
325,107.825,-246.75837832611418,3.15
326,119.17500000000001,-246.75837832611418,3.15
327,130.52500000000003,-246.75837832611418,3.15
328,141.87500000000003,-246.75837832611418,3.15
329,153.22500000000002,-246.75837832611418,3.15
330,164.57500000000005,-246.75837832611418,3.15
331,175.92500000000004,-246.75837832611418,3.15
332,187.27500000000003,-246.75837832611418,3.15
333,198.62500000000003,-246.75837832611418,3.15
334,209.97500000000002,-246.75837832611418,3.15
335,221.32500000000005,-246.75837832611418,3.15
336,232.67500000000004,-246.75837832611418,3.15
337,244.02500000000003,-246.75837832611418,3.15
338,-249.70000000000005,-236.92898999316083,3.15
339,-238.35000000000002,-236.92898999316083,3.15
340,-227.00000000000003,-236.92898999316083,3.15
341,-215.65000000000003,-236.92898999316083,3.15
342,-204.3,-236.92898999316083,3.15
343,-192.95000000000002,-236.92898999316083,3.15
344,-181.60000000000002,-236.92898999316083,3.15
345,-170.25000000000003,-236.92898999316083,3.15
346,-158.90000000000003,-236.92898999316083,3.15
347,-147.55,-236.92898999316083,3.15
348,-136.20000000000002,-236.92898999316083,3.15
349,-124.85000000000002,-236.92898999316083,3.15
350,-113.50000000000001,-236.92898999316083,3.15
351,-102.15,-236.92898999316083,3.15
352,-90.80000000000001,-236.92898999316083,3.15
353,-79.45000000000002,-236.92898999316083,3.15
354,-68.10000000000001,-236.92898999316083,3.15
355,-56.75000000000001,-236.92898999316083,3.15
356,-45.400000000000006,-236.92898999316083,3.15
357,-34.050000000000004,-236.92898999316083,3.15
358,-22.700000000000003,-236.92898999316083,3.15
359,-11.350000000000001,-236.92898999316083,3.15
360,0.0,-236.92898999316083,3.15
361,11.350000000000001,-236.92898999316083,3.15
362,22.700000000000003,-236.92898999316083,3.15
363,34.050000000000004,-236.92898999316083,3.15
364,45.400000000000006,-236.92898999316083,3.15
365,56.75000000000001,-236.92898999316083,3.15
366,68.10000000000001,-236.92898999316083,3.15
367,79.45000000000002,-236.92898999316083,3.15
368,90.80000000000001,-236.92898999316083,3.15
369,102.15,-236.92898999316083,3.15
370,113.50000000000001,-236.92898999316083,3.15
371,124.85000000000002,-236.92898999316083,3.15
372,136.20000000000002,-236.92898999316083,3.15
373,147.55,-236.92898999316083,3.15
374,158.90000000000003,-236.92898999316083,3.15
375,170.25000000000003,-236.92898999316083,3.15
376,181.60000000000002,-236.92898999316083,3.15
377,192.95000000000002,-236.92898999316083,3.15
378,204.3,-236.92898999316083,3.15
379,215.65000000000003,-236.92898999316083,3.15
380,227.00000000000003,-236.92898999316083,3.15
381,238.35000000000002,-236.92898999316083,3.15
382,249.70000000000005,-236.92898999316083,3.15
383,-255.375,-227.09960166020744,3.15
384,-244.02500000000003,-227.09960166020744,3.15
385,-232.675,-227.09960166020744,3.15
386,-221.32500000000002,-227.09960166020744,3.15
387,-209.97500000000002,-227.09960166020744,3.15
388,-198.625,-227.09960166020744,3.15
389,-187.275,-227.09960166020744,3.15
390,-175.925,-227.09960166020744,3.15
391,-164.57500000000002,-227.09960166020744,3.15
392,-153.22500000000002,-227.09960166020744,3.15
393,-141.875,-227.09960166020744,3.15
394,-130.525,-227.09960166020744,3.15
395,-119.17500000000003,-227.09960166020744,3.15
396,-107.82500000000002,-227.09960166020744,3.15
397,-96.47500000000001,-227.09960166020744,3.15
398,-85.12500000000001,-227.09960166020744,3.15
399,-73.77500000000002,-227.09960166020744,3.15
400,-62.42500000000001,-227.09960166020744,3.15
401,-51.075,-227.09960166020744,3.15
402,-39.72500000000001,-227.09960166020744,3.15
403,-28.375000000000004,-227.09960166020744,3.15
404,-17.025000000000002,-227.09960166020744,3.15
405,-5.675000000000001,-227.09960166020744,3.15
406,5.675000000000001,-227.09960166020744,3.15
407,17.025000000000002,-227.09960166020744,3.15
408,28.375000000000004,-227.09960166020744,3.15
409,39.72500000000001,-227.09960166020744,3.15
410,51.075,-227.09960166020744,3.15
411,62.42500000000001,-227.09960166020744,3.15
412,73.775,-227.09960166020744,3.15
413,85.12500000000001,-227.09960166020744,3.15
414,96.47500000000001,-227.09960166020744,3.15
415,107.825,-227.09960166020744,3.15
416,119.17500000000001,-227.09960166020744,3.15
417,130.52500000000003,-227.09960166020744,3.15
418,141.87500000000003,-227.09960166020744,3.15
419,153.22500000000002,-227.09960166020744,3.15
420,164.57500000000005,-227.09960166020744,3.15
421,175.92500000000004,-227.09960166020744,3.15
422,187.27500000000003,-227.09960166020744,3.15
423,198.62500000000003,-227.09960166020744,3.15
424,209.97500000000002,-227.09960166020744,3.15
425,221.32500000000005,-227.09960166020744,3.15
426,232.67500000000004,-227.09960166020744,3.15
427,244.02500000000003,-227.09960166020744,3.15
428,255.37500000000006,-227.09960166020744,3.15
429,-272.40000000000003,-217.27021332725406,3.15
430,-261.05,-217.27021332725406,3.15
431,-249.70000000000005,-217.27021332725406,3.15
432,-238.35000000000002,-217.27021332725406,3.15
433,-227.00000000000003,-217.27021332725406,3.15
434,-215.65000000000003,-217.27021332725406,3.15
435,-204.3,-217.27021332725406,3.15
436,-192.95000000000002,-217.27021332725406,3.15
437,-181.60000000000002,-217.27021332725406,3.15
438,-170.25000000000003,-217.27021332725406,3.15
439,-158.90000000000003,-217.27021332725406,3.15
440,-147.55,-217.27021332725406,3.15
441,-136.20000000000002,-217.27021332725406,3.15
442,-124.85000000000002,-217.27021332725406,3.15
443,-113.50000000000001,-217.27021332725406,3.15
444,-102.15,-217.27021332725406,3.15
445,-90.80000000000001,-217.27021332725406,3.15
446,-79.45000000000002,-217.27021332725406,3.15
447,-68.10000000000001,-217.27021332725406,3.15
448,-56.75000000000001,-217.27021332725406,3.15
449,-45.400000000000006,-217.27021332725406,3.15
450,-34.050000000000004,-217.27021332725406,3.15
451,-22.700000000000003,-217.27021332725406,3.15
452,-11.350000000000001,-217.27021332725406,3.15
453,0.0,-217.27021332725406,3.15
454,11.350000000000001,-217.27021332725406,3.15
455,22.700000000000003,-217.27021332725406,3.15
456,34.050000000000004,-217.27021332725406,3.15
457,45.400000000000006,-217.27021332725406,3.15
458,56.75000000000001,-217.27021332725406,3.15
459,68.10000000000001,-217.27021332725406,3.15
460,79.45000000000002,-217.27021332725406,3.15
461,90.80000000000001,-217.27021332725406,3.15
462,102.15,-217.27021332725406,3.15
463,113.50000000000001,-217.27021332725406,3.15
464,124.85000000000002,-217.27021332725406,3.15
465,136.20000000000002,-217.27021332725406,3.15
466,147.55,-217.27021332725406,3.15
467,158.90000000000003,-217.27021332725406,3.15
468,170.25000000000003,-217.27021332725406,3.15
469,181.60000000000002,-217.27021332725406,3.15
470,192.95000000000002,-217.27021332725406,3.15
471,204.3,-217.27021332725406,3.15
472,215.65000000000003,-217.27021332725406,3.15
473,227.00000000000003,-217.27021332725406,3.15
474,238.35000000000002,-217.27021332725406,3.15
475,249.70000000000005,-217.27021332725406,3.15
476,261.05,-217.27021332725406,3.15
477,272.40000000000003,-217.27021332725406,3.15
478,-278.07500000000005,-207.44082499430067,3.15
479,-266.725,-207.44082499430067,3.15
480,-255.375,-207.44082499430067,3.15
481,-244.02500000000003,-207.44082499430067,3.15
482,-232.675,-207.44082499430067,3.15
483,-221.32500000000002,-207.44082499430067,3.15
484,-209.97500000000002,-207.44082499430067,3.15
485,-198.625,-207.44082499430067,3.15
486,-187.275,-207.44082499430067,3.15
487,-175.925,-207.44082499430067,3.15
488,-164.57500000000002,-207.44082499430067,3.15
489,-153.22500000000002,-207.44082499430067,3.15
490,-141.875,-207.44082499430067,3.15
491,-130.525,-207.44082499430067,3.15
492,-119.17500000000003,-207.44082499430067,3.15
493,-107.82500000000002,-207.44082499430067,3.15
494,-96.47500000000001,-207.44082499430067,3.15
495,-85.12500000000001,-207.44082499430067,3.15
496,-73.77500000000002,-207.44082499430067,3.15
497,-62.42500000000001,-207.44082499430067,3.15
498,-51.075,-207.44082499430067,3.15
499,-39.72500000000001,-207.44082499430067,3.15
500,-28.375000000000004,-207.44082499430067,3.15
501,-17.025000000000002,-207.44082499430067,3.15
502,-5.675000000000001,-207.44082499430067,3.15
503,5.675000000000001,-207.44082499430067,3.15
504,17.025000000000002,-207.44082499430067,3.15
505,28.375000000000004,-207.44082499430067,3.15
506,39.72500000000001,-207.44082499430067,3.15
507,51.075,-207.44082499430067,3.15
508,62.42500000000001,-207.44082499430067,3.15
509,73.775,-207.44082499430067,3.15
510,85.12500000000001,-207.44082499430067,3.15
511,96.47500000000001,-207.44082499430067,3.15
512,107.825,-207.44082499430067,3.15
513,119.17500000000001,-207.44082499430067,3.15
514,130.52500000000003,-207.44082499430067,3.15
515,141.87500000000003,-207.44082499430067,3.15
516,153.22500000000002,-207.44082499430067,3.15
517,164.57500000000005,-207.44082499430067,3.15
518,175.92500000000004,-207.44082499430067,3.15
519,187.27500000000003,-207.44082499430067,3.15
520,198.62500000000003,-207.44082499430067,3.15
521,209.97500000000002,-207.44082499430067,3.15
522,221.32500000000005,-207.44082499430067,3.15
523,232.67500000000004,-207.44082499430067,3.15
524,244.02500000000003,-207.44082499430067,3.15
525,255.37500000000006,-207.44082499430067,3.15
526,266.725,-207.44082499430067,3.15
527,278.07500000000005,-207.44082499430067,3.15
528,-283.75000000000006,-197.61143666134728,3.15
529,-272.40000000000003,-197.61143666134728,3.15
530,-261.05,-197.61143666134728,3.15
531,-249.70000000000005,-197.61143666134728,3.15
532,-238.35000000000002,-197.61143666134728,3.15
533,-227.00000000000003,-197.61143666134728,3.15
534,-215.65000000000003,-197.61143666134728,3.15
535,-204.3,-197.61143666134728,3.15
536,-192.95000000000002,-197.61143666134728,3.15
537,-181.60000000000002,-197.61143666134728,3.15
538,-170.25000000000003,-197.61143666134728,3.15
539,-158.90000000000003,-197.61143666134728,3.15
540,-147.55,-197.61143666134728,3.15
541,-136.20000000000002,-197.61143666134728,3.15
542,-124.85000000000002,-197.61143666134728,3.15
543,-113.50000000000001,-197.61143666134728,3.15
544,-102.15,-197.61143666134728,3.15
545,-90.80000000000001,-197.61143666134728,3.15
546,-79.45000000000002,-197.61143666134728,3.15
547,-68.10000000000001,-197.61143666134728,3.15
548,-56.75000000000001,-197.61143666134728,3.15
549,-45.400000000000006,-197.61143666134728,3.15
550,-34.050000000000004,-197.61143666134728,3.15
551,-22.700000000000003,-197.61143666134728,3.15
552,-11.350000000000001,-197.61143666134728,3.15
553,0.0,-197.61143666134728,3.15
554,11.350000000000001,-197.61143666134728,3.15
555,22.700000000000003,-197.61143666134728,3.15
556,34.050000000000004,-197.61143666134728,3.15
557,45.400000000000006,-197.61143666134728,3.15
558,56.75000000000001,-197.61143666134728,3.15
559,68.10000000000001,-197.61143666134728,3.15
560,79.45000000000002,-197.61143666134728,3.15
561,90.80000000000001,-197.61143666134728,3.15
562,102.15,-197.61143666134728,3.15
563,113.50000000000001,-197.61143666134728,3.15
564,124.85000000000002,-197.61143666134728,3.15
565,136.20000000000002,-197.61143666134728,3.15
566,147.55,-197.61143666134728,3.15
567,158.90000000000003,-197.61143666134728,3.15
568,170.25000000000003,-197.61143666134728,3.15
569,181.60000000000002,-197.61143666134728,3.15
570,192.95000000000002,-197.61143666134728,3.15
571,204.3,-197.61143666134728,3.15
572,215.65000000000003,-197.61143666134728,3.15
573,227.00000000000003,-197.61143666134728,3.15
574,238.35000000000002,-197.61143666134728,3.15
575,249.70000000000005,-197.61143666134728,3.15
576,261.05,-197.61143666134728,3.15
577,272.40000000000003,-197.61143666134728,3.15
578,283.75000000000006,-197.61143666134728,3.15
579,-289.425,-187.78204832839393,3.15
580,-278.07500000000005,-187.78204832839393,3.15
581,-266.725,-187.78204832839393,3.15
582,-255.375,-187.78204832839393,3.15
583,-244.02500000000003,-187.78204832839393,3.15
584,-232.675,-187.78204832839393,3.15
585,-221.32500000000002,-187.78204832839393,3.15
586,-209.97500000000002,-187.78204832839393,3.15
587,-198.625,-187.78204832839393,3.15
588,-187.275,-187.78204832839393,3.15
589,-175.925,-187.78204832839393,3.15
590,-164.57500000000002,-187.78204832839393,3.15
591,-153.22500000000002,-187.78204832839393,3.15
592,-141.875,-187.78204832839393,3.15
593,-130.525,-187.78204832839393,3.15
594,-119.17500000000003,-187.78204832839393,3.15
595,-107.82500000000002,-187.78204832839393,3.15
596,-96.47500000000001,-187.78204832839393,3.15
597,-85.12500000000001,-187.78204832839393,3.15
598,-73.77500000000002,-187.78204832839393,3.15
599,-62.42500000000001,-187.78204832839393,3.15
600,-51.075,-187.78204832839393,3.15
601,-39.72500000000001,-187.78204832839393,3.15
602,-28.375000000000004,-187.78204832839393,3.15
603,-17.025000000000002,-187.78204832839393,3.15
604,-5.675000000000001,-187.78204832839393,3.15
605,5.675000000000001,-187.78204832839393,3.15
606,17.025000000000002,-187.78204832839393,3.15
607,28.375000000000004,-187.78204832839393,3.15
608,39.72500000000001,-187.78204832839393,3.15
609,51.075,-187.78204832839393,3.15
610,62.42500000000001,-187.78204832839393,3.15
611,73.775,-187.78204832839393,3.15
612,85.12500000000001,-187.78204832839393,3.15
613,96.47500000000001,-187.78204832839393,3.15
614,107.825,-187.78204832839393,3.15
615,119.17500000000001,-187.78204832839393,3.15
616,130.52500000000003,-187.78204832839393,3.15
617,141.87500000000003,-187.78204832839393,3.15
618,153.22500000000002,-187.78204832839393,3.15
619,164.57500000000005,-187.78204832839393,3.15
620,175.92500000000004,-187.78204832839393,3.15
621,187.27500000000003,-187.78204832839393,3.15
622,198.62500000000003,-187.78204832839393,3.15
623,209.97500000000002,-187.78204832839393,3.15
624,221.32500000000005,-187.78204832839393,3.15
625,232.67500000000004,-187.78204832839393,3.15
626,244.02500000000003,-187.78204832839393,3.15
627,255.37500000000006,-187.78204832839393,3.15
628,266.725,-187.78204832839393,3.15
629,278.07500000000005,-187.78204832839393,3.15
630,289.42500000000007,-187.78204832839393,3.15
631,-295.1,-177.95265999544054,3.15
632,-283.75000000000006,-177.95265999544054,3.15
633,-272.40000000000003,-177.95265999544054,3.15
634,-261.05,-177.95265999544054,3.15
635,-249.70000000000005,-177.95265999544054,3.15
636,-238.35000000000002,-177.95265999544054,3.15
637,-227.00000000000003,-177.95265999544054,3.15
638,-215.65000000000003,-177.95265999544054,3.15
639,-204.3,-177.95265999544054,3.15
640,-192.95000000000002,-177.95265999544054,3.15
641,-181.60000000000002,-177.95265999544054,3.15
642,-170.25000000000003,-177.95265999544054,3.15
643,-158.90000000000003,-177.95265999544054,3.15
644,-147.55,-177.95265999544054,3.15
645,-136.20000000000002,-177.95265999544054,3.15
646,-124.85000000000002,-177.95265999544054,3.15
647,-113.50000000000001,-177.95265999544054,3.15
648,-102.15,-177.95265999544054,3.15
649,-90.80000000000001,-177.95265999544054,3.15
650,-79.45000000000002,-177.95265999544054,3.15
651,-68.10000000000001,-177.95265999544054,3.15
652,-56.75000000000001,-177.95265999544054,3.15
653,-45.400000000000006,-177.95265999544054,3.15
654,-34.050000000000004,-177.95265999544054,3.15
655,-22.700000000000003,-177.95265999544054,3.15
656,-11.350000000000001,-177.95265999544054,3.15
657,0.0,-177.95265999544054,3.15
658,11.350000000000001,-177.95265999544054,3.15
659,22.700000000000003,-177.95265999544054,3.15
660,34.050000000000004,-177.95265999544054,3.15
661,45.400000000000006,-177.95265999544054,3.15
662,56.75000000000001,-177.95265999544054,3.15
663,68.10000000000001,-177.95265999544054,3.15
664,79.45000000000002,-177.95265999544054,3.15
665,90.80000000000001,-177.95265999544054,3.15
666,102.15,-177.95265999544054,3.15
667,113.50000000000001,-177.95265999544054,3.15
668,124.85000000000002,-177.95265999544054,3.15
669,136.20000000000002,-177.95265999544054,3.15
670,147.55,-177.95265999544054,3.15
671,158.90000000000003,-177.95265999544054,3.15
672,170.25000000000003,-177.95265999544054,3.15
673,181.60000000000002,-177.95265999544054,3.15
674,192.95000000000002,-177.95265999544054,3.15
675,204.3,-177.95265999544054,3.15
676,215.65000000000003,-177.95265999544054,3.15
677,227.00000000000003,-177.95265999544054,3.15
678,238.35000000000002,-177.95265999544054,3.15
679,249.70000000000005,-177.95265999544054,3.15
680,261.05,-177.95265999544054,3.15
681,272.40000000000003,-177.95265999544054,3.15
682,283.75000000000006,-177.95265999544054,3.15
683,295.1,-177.95265999544054,3.15
684,-300.77500000000003,-168.12327166248716,3.15
685,-289.425,-168.12327166248716,3.15
686,-278.07500000000005,-168.12327166248716,3.15
687,-266.725,-168.12327166248716,3.15
688,-255.375,-168.12327166248716,3.15
689,-244.02500000000003,-168.12327166248716,3.15
690,-232.675,-168.12327166248716,3.15
691,-221.32500000000002,-168.12327166248716,3.15
692,-209.97500000000002,-168.12327166248716,3.15
693,-198.625,-168.12327166248716,3.15
694,-187.275,-168.12327166248716,3.15
695,-175.925,-168.12327166248716,3.15
696,-164.57500000000002,-168.12327166248716,3.15
697,-153.22500000000002,-168.12327166248716,3.15
698,-141.875,-168.12327166248716,3.15
699,-130.525,-168.12327166248716,3.15
700,-119.17500000000003,-168.12327166248716,3.15
701,-107.82500000000002,-168.12327166248716,3.15
702,-96.47500000000001,-168.12327166248716,3.15
703,-85.12500000000001,-168.12327166248716,3.15
704,-73.77500000000002,-168.12327166248716,3.15
705,-62.42500000000001,-168.12327166248716,3.15
706,-51.075,-168.12327166248716,3.15
707,-39.72500000000001,-168.12327166248716,3.15
708,-28.375000000000004,-168.12327166248716,3.15
709,-17.025000000000002,-168.12327166248716,3.15
710,-5.675000000000001,-168.12327166248716,3.15
711,5.675000000000001,-168.12327166248716,3.15
712,17.025000000000002,-168.12327166248716,3.15
713,28.375000000000004,-168.12327166248716,3.15
714,39.72500000000001,-168.12327166248716,3.15
715,51.075,-168.12327166248716,3.15
716,62.42500000000001,-168.12327166248716,3.15
717,73.775,-168.12327166248716,3.15
718,85.12500000000001,-168.12327166248716,3.15
719,96.47500000000001,-168.12327166248716,3.15
720,107.825,-168.12327166248716,3.15
721,119.17500000000001,-168.12327166248716,3.15
722,130.52500000000003,-168.12327166248716,3.15
723,141.87500000000003,-168.12327166248716,3.15
724,153.22500000000002,-168.12327166248716,3.15
725,164.57500000000005,-168.12327166248716,3.15
726,175.92500000000004,-168.12327166248716,3.15
727,187.27500000000003,-168.12327166248716,3.15
728,198.62500000000003,-168.12327166248716,3.15
729,209.97500000000002,-168.12327166248716,3.15
730,221.32500000000005,-168.12327166248716,3.15
731,232.67500000000004,-168.12327166248716,3.15
732,244.02500000000003,-168.12327166248716,3.15
733,255.37500000000006,-168.12327166248716,3.15
734,266.725,-168.12327166248716,3.15
735,278.07500000000005,-168.12327166248716,3.15
736,289.42500000000007,-168.12327166248716,3.15
737,300.77500000000003,-168.12327166248716,3.15
738,-306.45000000000005,-158.2938833295338,3.15
739,-295.1,-158.2938833295338,3.15
740,-283.75000000000006,-158.2938833295338,3.15
741,-272.40000000000003,-158.2938833295338,3.15
742,-261.05,-158.2938833295338,3.15
743,-249.70000000000005,-158.2938833295338,3.15
744,-238.35000000000002,-158.2938833295338,3.15
745,-227.00000000000003,-158.2938833295338,3.15
746,-215.65000000000003,-158.2938833295338,3.15
747,-204.3,-158.2938833295338,3.15
748,-192.95000000000002,-158.2938833295338,3.15
749,-181.60000000000002,-158.2938833295338,3.15
750,-170.25000000000003,-158.2938833295338,3.15
751,-158.90000000000003,-158.2938833295338,3.15
752,-147.55,-158.2938833295338,3.15
753,-136.20000000000002,-158.2938833295338,3.15
754,-124.85000000000002,-158.2938833295338,3.15
755,-113.50000000000001,-158.2938833295338,3.15
756,-102.15,-158.2938833295338,3.15
757,-90.80000000000001,-158.2938833295338,3.15
758,-79.45000000000002,-158.2938833295338,3.15
759,-68.10000000000001,-158.2938833295338,3.15
760,-56.75000000000001,-158.2938833295338,3.15
761,-45.400000000000006,-158.2938833295338,3.15
762,-34.050000000000004,-158.2938833295338,3.15
763,-22.700000000000003,-158.2938833295338,3.15
764,22.700000000000003,-158.2938833295338,3.15
765,34.050000000000004,-158.2938833295338,3.15
766,45.400000000000006,-158.2938833295338,3.15
767,56.75000000000001,-158.2938833295338,3.15
768,68.10000000000001,-158.2938833295338,3.15
769,79.45000000000002,-158.2938833295338,3.15
770,90.80000000000001,-158.2938833295338,3.15
771,102.15,-158.2938833295338,3.15
772,113.50000000000001,-158.2938833295338,3.15
773,124.85000000000002,-158.2938833295338,3.15
774,136.20000000000002,-158.2938833295338,3.15
775,147.55,-158.2938833295338,3.15
776,158.90000000000003,-158.2938833295338,3.15
777,170.25000000000003,-158.2938833295338,3.15
778,181.60000000000002,-158.2938833295338,3.15
779,192.95000000000002,-158.2938833295338,3.15
780,204.3,-158.2938833295338,3.15
781,215.65000000000003,-158.2938833295338,3.15
782,227.00000000000003,-158.2938833295338,3.15
783,238.35000000000002,-158.2938833295338,3.15
784,249.70000000000005,-158.2938833295338,3.15
785,261.05,-158.2938833295338,3.15
786,272.40000000000003,-158.2938833295338,3.15
787,283.75000000000006,-158.2938833295338,3.15
788,295.1,-158.2938833295338,3.15
789,306.45000000000005,-158.2938833295338,3.15
790,-312.12500000000006,-148.4644949965804,3.15
791,-300.77500000000003,-148.4644949965804,3.15
792,-289.425,-148.4644949965804,3.15
793,-278.07500000000005,-148.4644949965804,3.15
794,-266.725,-148.4644949965804,3.15
795,-255.375,-148.4644949965804,3.15
796,-244.02500000000003,-148.4644949965804,3.15
797,-232.675,-148.4644949965804,3.15
798,-221.32500000000002,-148.4644949965804,3.15
799,-209.97500000000002,-148.4644949965804,3.15
800,-198.625,-148.4644949965804,3.15
801,-187.275,-148.4644949965804,3.15
802,-175.925,-148.4644949965804,3.15
803,-164.57500000000002,-148.4644949965804,3.15
804,-153.22500000000002,-148.4644949965804,3.15
805,-141.875,-148.4644949965804,3.15
806,-130.525,-148.4644949965804,3.15
807,-119.17500000000003,-148.4644949965804,3.15
808,-107.82500000000002,-148.4644949965804,3.15
809,-96.47500000000001,-148.4644949965804,3.15
810,-85.12500000000001,-148.4644949965804,3.15
811,-73.77500000000002,-148.4644949965804,3.15
812,-62.42500000000001,-148.4644949965804,3.15
813,-51.075,-148.4644949965804,3.15
814,51.075,-148.4644949965804,3.15
815,62.42500000000001,-148.4644949965804,3.15
816,73.775,-148.4644949965804,3.15
817,85.12500000000001,-148.4644949965804,3.15
818,96.47500000000001,-148.4644949965804,3.15
819,107.825,-148.4644949965804,3.15
820,119.17500000000001,-148.4644949965804,3.15
821,130.52500000000003,-148.4644949965804,3.15
822,141.87500000000003,-148.4644949965804,3.15
823,153.22500000000002,-148.4644949965804,3.15
824,164.57500000000005,-148.4644949965804,3.15
825,175.92500000000004,-148.4644949965804,3.15
826,187.27500000000003,-148.4644949965804,3.15
827,198.62500000000003,-148.4644949965804,3.15
828,209.97500000000002,-148.4644949965804,3.15
829,221.32500000000005,-148.4644949965804,3.15
830,232.67500000000004,-148.4644949965804,3.15
831,244.02500000000003,-148.4644949965804,3.15
832,255.37500000000006,-148.4644949965804,3.15
833,266.725,-148.4644949965804,3.15
834,278.07500000000005,-148.4644949965804,3.15
835,289.42500000000007,-148.4644949965804,3.15
836,300.77500000000003,-148.4644949965804,3.15
837,312.12500000000006,-148.4644949965804,3.15
838,-317.80000000000007,-138.63510666362703,3.15
839,-306.45000000000005,-138.63510666362703,3.15
840,-295.1,-138.63510666362703,3.15
841,-283.75000000000006,-138.63510666362703,3.15
842,-272.40000000000003,-138.63510666362703,3.15
843,-261.05,-138.63510666362703,3.15
844,-249.70000000000005,-138.63510666362703,3.15
845,-238.35000000000002,-138.63510666362703,3.15
846,-227.00000000000003,-138.63510666362703,3.15
847,-215.65000000000003,-138.63510666362703,3.15
848,-204.3,-138.63510666362703,3.15
849,-192.95000000000002,-138.63510666362703,3.15
850,-181.60000000000002,-138.63510666362703,3.15
851,-170.25000000000003,-138.63510666362703,3.15
852,-158.90000000000003,-138.63510666362703,3.15
853,-147.55,-138.63510666362703,3.15
854,-136.20000000000002,-138.63510666362703,3.15
855,-124.85000000000002,-138.63510666362703,3.15
856,-113.50000000000001,-138.63510666362703,3.15
857,-102.15,-138.63510666362703,3.15
858,-90.80000000000001,-138.63510666362703,3.15
859,-79.45000000000002,-138.63510666362703,3.15
860,-68.10000000000001,-138.63510666362703,3.15
861,68.10000000000001,-138.63510666362703,3.15
862,79.45000000000002,-138.63510666362703,3.15
863,90.80000000000001,-138.63510666362703,3.15
864,102.15,-138.63510666362703,3.15
865,113.50000000000001,-138.63510666362703,3.15
866,124.85000000000002,-138.63510666362703,3.15
867,136.20000000000002,-138.63510666362703,3.15
868,147.55,-138.63510666362703,3.15
869,158.90000000000003,-138.63510666362703,3.15
870,170.25000000000003,-138.63510666362703,3.15
871,181.60000000000002,-138.63510666362703,3.15
872,192.95000000000002,-138.63510666362703,3.15
873,204.3,-138.63510666362703,3.15
874,215.65000000000003,-138.63510666362703,3.15
875,227.00000000000003,-138.63510666362703,3.15
876,238.35000000000002,-138.63510666362703,3.15
877,249.70000000000005,-138.63510666362703,3.15
878,261.05,-138.63510666362703,3.15
879,272.40000000000003,-138.63510666362703,3.15
880,283.75000000000006,-138.63510666362703,3.15
881,295.1,-138.63510666362703,3.15
882,306.45000000000005,-138.63510666362703,3.15
883,317.80000000000007,-138.63510666362703,3.15
884,-323.475,-128.80571833067364,3.15
885,-312.12500000000006,-128.80571833067364,3.15
886,-300.77500000000003,-128.80571833067364,3.15
887,-289.425,-128.80571833067364,3.15
888,-278.07500000000005,-128.80571833067364,3.15
889,-266.725,-128.80571833067364,3.15
890,-255.375,-128.80571833067364,3.15
891,-244.02500000000003,-128.80571833067364,3.15
892,-232.675,-128.80571833067364,3.15
893,-221.32500000000002,-128.80571833067364,3.15
894,-209.97500000000002,-128.80571833067364,3.15
895,-198.625,-128.80571833067364,3.15
896,-187.275,-128.80571833067364,3.15
897,-175.925,-128.80571833067364,3.15
898,-164.57500000000002,-128.80571833067364,3.15
899,-153.22500000000002,-128.80571833067364,3.15
900,-141.875,-128.80571833067364,3.15
901,-130.525,-128.80571833067364,3.15
902,-119.17500000000003,-128.80571833067364,3.15
903,-107.82500000000002,-128.80571833067364,3.15
904,-96.47500000000001,-128.80571833067364,3.15
905,-85.12500000000001,-128.80571833067364,3.15
906,-73.77500000000002,-128.80571833067364,3.15
907,73.775,-128.80571833067364,3.15
908,85.12500000000001,-128.80571833067364,3.15
909,96.47500000000001,-128.80571833067364,3.15
910,107.825,-128.80571833067364,3.15
911,119.17500000000001,-128.80571833067364,3.15
912,130.52500000000003,-128.80571833067364,3.15
913,141.87500000000003,-128.80571833067364,3.15
914,153.22500000000002,-128.80571833067364,3.15
915,164.57500000000005,-128.80571833067364,3.15
916,175.92500000000004,-128.80571833067364,3.15
917,187.27500000000003,-128.80571833067364,3.15
918,198.62500000000003,-128.80571833067364,3.15
919,209.97500000000002,-128.80571833067364,3.15
920,221.32500000000005,-128.80571833067364,3.15
921,232.67500000000004,-128.80571833067364,3.15
922,244.02500000000003,-128.80571833067364,3.15
923,255.37500000000006,-128.80571833067364,3.15
924,266.725,-128.80571833067364,3.15
925,278.07500000000005,-128.80571833067364,3.15
926,289.42500000000007,-128.80571833067364,3.15
927,300.77500000000003,-128.80571833067364,3.15
928,312.12500000000006,-128.80571833067364,3.15
929,323.4750000000001,-128.80571833067364,3.15
930,-329.15000000000003,-118.97632999772027,3.15
931,-317.80000000000007,-118.97632999772027,3.15
932,-306.45000000000005,-118.97632999772027,3.15
933,-295.1,-118.97632999772027,3.15
934,-283.75000000000006,-118.97632999772027,3.15
935,-272.40000000000003,-118.97632999772027,3.15
936,-261.05,-118.97632999772027,3.15
937,-249.70000000000005,-118.97632999772027,3.15
938,-238.35000000000002,-118.97632999772027,3.15
939,-227.00000000000003,-118.97632999772027,3.15
940,-215.65000000000003,-118.97632999772027,3.15
941,-204.3,-118.97632999772027,3.15
942,-192.95000000000002,-118.97632999772027,3.15
943,-181.60000000000002,-118.97632999772027,3.15
944,-170.25000000000003,-118.97632999772027,3.15
945,-158.90000000000003,-118.97632999772027,3.15
946,-147.55,-118.97632999772027,3.15
947,-136.20000000000002,-118.97632999772027,3.15
948,-124.85000000000002,-118.97632999772027,3.15
949,-113.50000000000001,-118.97632999772027,3.15
950,-102.15,-118.97632999772027,3.15
951,-90.80000000000001,-118.97632999772027,3.15
952,90.80000000000001,-118.97632999772027,3.15
953,102.15,-118.97632999772027,3.15
954,113.50000000000001,-118.97632999772027,3.15
955,124.85000000000002,-118.97632999772027,3.15
956,136.20000000000002,-118.97632999772027,3.15
957,147.55,-118.97632999772027,3.15
958,158.90000000000003,-118.97632999772027,3.15
959,170.25000000000003,-118.97632999772027,3.15
960,181.60000000000002,-118.97632999772027,3.15
961,192.95000000000002,-118.97632999772027,3.15
962,204.3,-118.97632999772027,3.15
963,215.65000000000003,-118.97632999772027,3.15
964,227.00000000000003,-118.97632999772027,3.15
965,238.35000000000002,-118.97632999772027,3.15
966,249.70000000000005,-118.97632999772027,3.15
967,261.05,-118.97632999772027,3.15
968,272.40000000000003,-118.97632999772027,3.15
969,283.75000000000006,-118.97632999772027,3.15
970,295.1,-118.97632999772027,3.15
971,306.45000000000005,-118.97632999772027,3.15
972,317.80000000000007,-118.97632999772027,3.15
973,329.15000000000003,-118.97632999772027,3.15
974,-323.475,-109.1469416647669,3.15
975,-312.12500000000006,-109.1469416647669,3.15
976,-300.77500000000003,-109.1469416647669,3.15
977,-289.425,-109.1469416647669,3.15
978,-278.07500000000005,-109.1469416647669,3.15
979,-266.725,-109.1469416647669,3.15
980,-255.375,-109.1469416647669,3.15
981,-244.02500000000003,-109.1469416647669,3.15
982,-232.675,-109.1469416647669,3.15
983,-221.32500000000002,-109.1469416647669,3.15
984,-209.97500000000002,-109.1469416647669,3.15
985,-198.625,-109.1469416647669,3.15
986,-187.275,-109.1469416647669,3.15
987,-175.925,-109.1469416647669,3.15
988,-164.57500000000002,-109.1469416647669,3.15
989,-153.22500000000002,-109.1469416647669,3.15
990,-141.875,-109.1469416647669,3.15
991,-130.525,-109.1469416647669,3.15
992,-119.17500000000003,-109.1469416647669,3.15
993,-107.82500000000002,-109.1469416647669,3.15
994,-96.47500000000001,-109.1469416647669,3.15
995,96.47500000000001,-109.1469416647669,3.15
996,107.825,-109.1469416647669,3.15
997,119.17500000000001,-109.1469416647669,3.15
998,130.52500000000003,-109.1469416647669,3.15
999,141.87500000000003,-109.1469416647669,3.15
1000,153.22500000000002,-109.1469416647669,3.15
1001,164.57500000000005,-109.1469416647669,3.15
1002,175.92500000000004,-109.1469416647669,3.15
1003,187.27500000000003,-109.1469416647669,3.15
1004,198.62500000000003,-109.1469416647669,3.15
1005,209.97500000000002,-109.1469416647669,3.15
1006,221.32500000000005,-109.1469416647669,3.15
1007,232.67500000000004,-109.1469416647669,3.15
1008,244.02500000000003,-109.1469416647669,3.15
1009,255.37500000000006,-109.1469416647669,3.15
1010,266.725,-109.1469416647669,3.15
1011,278.07500000000005,-109.1469416647669,3.15
1012,289.42500000000007,-109.1469416647669,3.15
1013,300.77500000000003,-109.1469416647669,3.15
1014,312.12500000000006,-109.1469416647669,3.15
1015,323.4750000000001,-109.1469416647669,3.15
1016,-329.15000000000003,-99.31755333181351,3.15
1017,-317.80000000000007,-99.31755333181351,3.15
1018,-306.45000000000005,-99.31755333181351,3.15
1019,-295.1,-99.31755333181351,3.15
1020,-283.75000000000006,-99.31755333181351,3.15
1021,-272.40000000000003,-99.31755333181351,3.15
1022,-261.05,-99.31755333181351,3.15
1023,-249.70000000000005,-99.31755333181351,3.15
1024,-238.35000000000002,-99.31755333181351,3.15
1025,-227.00000000000003,-99.31755333181351,3.15
1026,-215.65000000000003,-99.31755333181351,3.15
1027,-204.3,-99.31755333181351,3.15
1028,-192.95000000000002,-99.31755333181351,3.15
1029,-181.60000000000002,-99.31755333181351,3.15
1030,-170.25000000000003,-99.31755333181351,3.15
1031,-158.90000000000003,-99.31755333181351,3.15
1032,-147.55,-99.31755333181351,3.15
1033,-136.20000000000002,-99.31755333181351,3.15
1034,-124.85000000000002,-99.31755333181351,3.15
1035,-113.50000000000001,-99.31755333181351,3.15
1036,-102.15,-99.31755333181351,3.15
1037,102.15,-99.31755333181351,3.15
1038,113.50000000000001,-99.31755333181351,3.15
1039,124.85000000000002,-99.31755333181351,3.15
1040,136.20000000000002,-99.31755333181351,3.15
1041,147.55,-99.31755333181351,3.15
1042,158.90000000000003,-99.31755333181351,3.15
1043,170.25000000000003,-99.31755333181351,3.15
1044,181.60000000000002,-99.31755333181351,3.15
1045,192.95000000000002,-99.31755333181351,3.15
1046,204.3,-99.31755333181351,3.15
1047,215.65000000000003,-99.31755333181351,3.15
1048,227.00000000000003,-99.31755333181351,3.15
1049,238.35000000000002,-99.31755333181351,3.15
1050,249.70000000000005,-99.31755333181351,3.15
1051,261.05,-99.31755333181351,3.15
1052,272.40000000000003,-99.31755333181351,3.15
1053,283.75000000000006,-99.31755333181351,3.15
1054,295.1,-99.31755333181351,3.15
1055,306.45000000000005,-99.31755333181351,3.15
1056,317.80000000000007,-99.31755333181351,3.15
1057,329.15000000000003,-99.31755333181351,3.15
1058,-334.82500000000005,-89.48816499886013,3.15
1059,-323.475,-89.48816499886013,3.15
1060,-312.12500000000006,-89.48816499886013,3.15
1061,-300.77500000000003,-89.48816499886013,3.15
1062,-289.425,-89.48816499886013,3.15
1063,-278.07500000000005,-89.48816499886013,3.15
1064,-266.725,-89.48816499886013,3.15
1065,-255.375,-89.48816499886013,3.15
1066,-244.02500000000003,-89.48816499886013,3.15
1067,-232.675,-89.48816499886013,3.15
1068,-221.32500000000002,-89.48816499886013,3.15
1069,-209.97500000000002,-89.48816499886013,3.15
1070,-198.625,-89.48816499886013,3.15
1071,-187.275,-89.48816499886013,3.15
1072,-175.925,-89.48816499886013,3.15
1073,-164.57500000000002,-89.48816499886013,3.15
1074,-153.22500000000002,-89.48816499886013,3.15
1075,-141.875,-89.48816499886013,3.15
1076,-130.525,-89.48816499886013,3.15
1077,-119.17500000000003,-89.48816499886013,3.15
1078,-107.82500000000002,-89.48816499886013,3.15
1079,-96.47500000000001,-89.48816499886013,3.15
1080,96.47500000000001,-89.48816499886013,3.15
1081,107.825,-89.48816499886013,3.15
1082,119.17500000000001,-89.48816499886013,3.15
1083,130.52500000000003,-89.48816499886013,3.15
1084,141.87500000000003,-89.48816499886013,3.15
1085,153.22500000000002,-89.48816499886013,3.15
1086,164.57500000000005,-89.48816499886013,3.15
1087,175.92500000000004,-89.48816499886013,3.15
1088,187.27500000000003,-89.48816499886013,3.15
1089,198.62500000000003,-89.48816499886013,3.15
1090,209.97500000000002,-89.48816499886013,3.15
1091,221.32500000000005,-89.48816499886013,3.15
1092,232.67500000000004,-89.48816499886013,3.15
1093,244.02500000000003,-89.48816499886013,3.15
1094,255.37500000000006,-89.48816499886013,3.15
1095,266.725,-89.48816499886013,3.15
1096,278.07500000000005,-89.48816499886013,3.15
1097,289.42500000000007,-89.48816499886013,3.15
1098,300.77500000000003,-89.48816499886013,3.15
1099,312.12500000000006,-89.48816499886013,3.15
1100,323.4750000000001,-89.48816499886013,3.15
1101,334.82500000000005,-89.48816499886013,3.15
1102,-340.50000000000006,-79.65877666590676,3.15
1103,-329.15000000000003,-79.65877666590676,3.15
1104,-317.80000000000007,-79.65877666590676,3.15
1105,-306.45000000000005,-79.65877666590676,3.15
1106,-295.1,-79.65877666590676,3.15
1107,-283.75000000000006,-79.65877666590676,3.15
1108,-272.40000000000003,-79.65877666590676,3.15
1109,-261.05,-79.65877666590676,3.15
1110,-249.70000000000005,-79.65877666590676,3.15
1111,-238.35000000000002,-79.65877666590676,3.15
1112,-227.00000000000003,-79.65877666590676,3.15
1113,-215.65000000000003,-79.65877666590676,3.15
1114,-204.3,-79.65877666590676,3.15
1115,-192.95000000000002,-79.65877666590676,3.15
1116,-181.60000000000002,-79.65877666590676,3.15
1117,-170.25000000000003,-79.65877666590676,3.15
1118,-158.90000000000003,-79.65877666590676,3.15
1119,-147.55,-79.65877666590676,3.15
1120,-136.20000000000002,-79.65877666590676,3.15
1121,-124.85000000000002,-79.65877666590676,3.15
1122,-113.50000000000001,-79.65877666590676,3.15
1123,-102.15,-79.65877666590676,3.15
1124,102.15,-79.65877666590676,3.15
1125,113.50000000000001,-79.65877666590676,3.15
1126,124.85000000000002,-79.65877666590676,3.15
1127,136.20000000000002,-79.65877666590676,3.15
1128,147.55,-79.65877666590676,3.15
1129,158.90000000000003,-79.65877666590676,3.15
1130,170.25000000000003,-79.65877666590676,3.15
1131,181.60000000000002,-79.65877666590676,3.15
1132,192.95000000000002,-79.65877666590676,3.15
1133,204.3,-79.65877666590676,3.15
1134,215.65000000000003,-79.65877666590676,3.15
1135,227.00000000000003,-79.65877666590676,3.15
1136,238.35000000000002,-79.65877666590676,3.15
1137,249.70000000000005,-79.65877666590676,3.15
1138,261.05,-79.65877666590676,3.15
1139,272.40000000000003,-79.65877666590676,3.15
1140,283.75000000000006,-79.65877666590676,3.15
1141,295.1,-79.65877666590676,3.15
1142,306.45000000000005,-79.65877666590676,3.15
1143,317.80000000000007,-79.65877666590676,3.15
1144,329.15000000000003,-79.65877666590676,3.15
1145,340.50000000000006,-79.65877666590676,3.15
1146,-334.82500000000005,-69.82938833295339,3.15
1147,-323.475,-69.82938833295339,3.15
1148,-312.12500000000006,-69.82938833295339,3.15
1149,-300.77500000000003,-69.82938833295339,3.15
1150,-289.425,-69.82938833295339,3.15
1151,-278.07500000000005,-69.82938833295339,3.15
1152,-266.725,-69.82938833295339,3.15
1153,-255.375,-69.82938833295339,3.15
1154,-244.02500000000003,-69.82938833295339,3.15
1155,-232.675,-69.82938833295339,3.15
1156,-221.32500000000002,-69.82938833295339,3.15
1157,-209.97500000000002,-69.82938833295339,3.15
1158,-198.625,-69.82938833295339,3.15
1159,-187.275,-69.82938833295339,3.15
1160,-175.925,-69.82938833295339,3.15
1161,-164.57500000000002,-69.82938833295339,3.15
1162,-153.22500000000002,-69.82938833295339,3.15
1163,-141.875,-69.82938833295339,3.15
1164,-130.525,-69.82938833295339,3.15
1165,-119.17500000000003,-69.82938833295339,3.15
1166,-107.82500000000002,-69.82938833295339,3.15
1167,107.825,-69.82938833295339,3.15
1168,119.17500000000001,-69.82938833295339,3.15
1169,130.52500000000003,-69.82938833295339,3.15
1170,141.87500000000003,-69.82938833295339,3.15
1171,153.22500000000002,-69.82938833295339,3.15
1172,164.57500000000005,-69.82938833295339,3.15
1173,175.92500000000004,-69.82938833295339,3.15
1174,187.27500000000003,-69.82938833295339,3.15
1175,198.62500000000003,-69.82938833295339,3.15
1176,209.97500000000002,-69.82938833295339,3.15
1177,221.32500000000005,-69.82938833295339,3.15
1178,232.67500000000004,-69.82938833295339,3.15
1179,244.02500000000003,-69.82938833295339,3.15
1180,255.37500000000006,-69.82938833295339,3.15
1181,266.725,-69.82938833295339,3.15
1182,278.07500000000005,-69.82938833295339,3.15
1183,289.42500000000007,-69.82938833295339,3.15
1184,300.77500000000003,-69.82938833295339,3.15
1185,312.12500000000006,-69.82938833295339,3.15
1186,323.4750000000001,-69.82938833295339,3.15
1187,334.82500000000005,-69.82938833295339,3.15
1188,-340.50000000000006,-60.0,3.15
1189,-329.15000000000003,-60.0,3.15
1190,-317.80000000000007,-60.0,3.15
1191,-306.45000000000005,-60.0,3.15
1192,-295.1,-60.0,3.15
1193,-283.75000000000006,-60.0,3.15
1194,-272.40000000000003,-60.0,3.15
1195,-261.05,-60.0,3.15
1196,-249.70000000000005,-60.0,3.15
1197,-238.35000000000002,-60.0,3.15
1198,-227.00000000000003,-60.0,3.15
1199,-215.65000000000003,-60.0,3.15
1200,-204.3,-60.0,3.15
1201,-192.95000000000002,-60.0,3.15
1202,-181.60000000000002,-60.0,3.15
1203,-170.25000000000003,-60.0,3.15
1204,-158.90000000000003,-60.0,3.15
1205,-147.55,-60.0,3.15
1206,-136.20000000000002,-60.0,3.15
1207,-124.85000000000002,-60.0,3.15
1208,-113.50000000000001,-60.0,3.15
1209,-102.15,-60.0,3.15
1210,102.15,-60.0,3.15
1211,113.50000000000001,-60.0,3.15
1212,124.85000000000002,-60.0,3.15
1213,136.20000000000002,-60.0,3.15
1214,147.55,-60.0,3.15
1215,158.90000000000003,-60.0,3.15
1216,170.25000000000003,-60.0,3.15
1217,181.60000000000002,-60.0,3.15
1218,192.95000000000002,-60.0,3.15
1219,204.3,-60.0,3.15
1220,215.65000000000003,-60.0,3.15
1221,227.00000000000003,-60.0,3.15
1222,238.35000000000002,-60.0,3.15
1223,249.70000000000005,-60.0,3.15
1224,261.05,-60.0,3.15
1225,272.40000000000003,-60.0,3.15
1226,283.75000000000006,-60.0,3.15
1227,295.1,-60.0,3.15
1228,306.45000000000005,-60.0,3.15
1229,317.80000000000007,-60.0,3.15
1230,329.15000000000003,-60.0,3.15
1231,340.50000000000006,-60.0,3.15
1232,-346.175,-50.17061166704662,3.15
1233,-334.82500000000005,-50.17061166704662,3.15
1234,-323.475,-50.17061166704662,3.15
1235,-312.12500000000006,-50.17061166704662,3.15
1236,-300.77500000000003,-50.17061166704662,3.15
1237,-289.425,-50.17061166704662,3.15
1238,-278.07500000000005,-50.17061166704662,3.15
1239,-266.725,-50.17061166704662,3.15
1240,-255.375,-50.17061166704662,3.15
1241,-244.02500000000003,-50.17061166704662,3.15
1242,-232.675,-50.17061166704662,3.15
1243,-221.32500000000002,-50.17061166704662,3.15
1244,-209.97500000000002,-50.17061166704662,3.15
1245,-198.625,-50.17061166704662,3.15
1246,-187.275,-50.17061166704662,3.15
1247,-175.925,-50.17061166704662,3.15
1248,-164.57500000000002,-50.17061166704662,3.15
1249,-153.22500000000002,-50.17061166704662,3.15
1250,-141.875,-50.17061166704662,3.15
1251,-130.525,-50.17061166704662,3.15
1252,-119.17500000000003,-50.17061166704662,3.15
1253,-107.82500000000002,-50.17061166704662,3.15
1254,107.825,-50.17061166704662,3.15
1255,119.17500000000001,-50.17061166704662,3.15
1256,130.52500000000003,-50.17061166704662,3.15
1257,141.87500000000003,-50.17061166704662,3.15
1258,153.22500000000002,-50.17061166704662,3.15
1259,164.57500000000005,-50.17061166704662,3.15
1260,175.92500000000004,-50.17061166704662,3.15
1261,187.27500000000003,-50.17061166704662,3.15
1262,198.62500000000003,-50.17061166704662,3.15
1263,209.97500000000002,-50.17061166704662,3.15
1264,221.32500000000005,-50.17061166704662,3.15
1265,232.67500000000004,-50.17061166704662,3.15
1266,244.02500000000003,-50.17061166704662,3.15
1267,255.37500000000006,-50.17061166704662,3.15
1268,266.725,-50.17061166704662,3.15
1269,278.07500000000005,-50.17061166704662,3.15
1270,289.42500000000007,-50.17061166704662,3.15
1271,300.77500000000003,-50.17061166704662,3.15
1272,312.12500000000006,-50.17061166704662,3.15
1273,323.4750000000001,-50.17061166704662,3.15
1274,334.82500000000005,-50.17061166704662,3.15
1275,346.17500000000007,-50.17061166704662,3.15
1276,-340.50000000000006,-40.34122333409324,3.15
1277,-329.15000000000003,-40.34122333409324,3.15
1278,-317.80000000000007,-40.34122333409324,3.15
1279,-306.45000000000005,-40.34122333409324,3.15
1280,-295.1,-40.34122333409324,3.15
1281,-283.75000000000006,-40.34122333409324,3.15
1282,-272.40000000000003,-40.34122333409324,3.15
1283,-261.05,-40.34122333409324,3.15
1284,-249.70000000000005,-40.34122333409324,3.15
1285,-238.35000000000002,-40.34122333409324,3.15
1286,-227.00000000000003,-40.34122333409324,3.15
1287,-215.65000000000003,-40.34122333409324,3.15
1288,-204.3,-40.34122333409324,3.15
1289,-192.95000000000002,-40.34122333409324,3.15
1290,-181.60000000000002,-40.34122333409324,3.15
1291,-170.25000000000003,-40.34122333409324,3.15
1292,-158.90000000000003,-40.34122333409324,3.15
1293,-147.55,-40.34122333409324,3.15
1294,-136.20000000000002,-40.34122333409324,3.15
1295,-124.85000000000002,-40.34122333409324,3.15
1296,-113.50000000000001,-40.34122333409324,3.15
1297,-102.15,-40.34122333409324,3.15
1298,102.15,-40.34122333409324,3.15
1299,113.50000000000001,-40.34122333409324,3.15
1300,124.85000000000002,-40.34122333409324,3.15
1301,136.20000000000002,-40.34122333409324,3.15
1302,147.55,-40.34122333409324,3.15
1303,158.90000000000003,-40.34122333409324,3.15
1304,170.25000000000003,-40.34122333409324,3.15
1305,181.60000000000002,-40.34122333409324,3.15
1306,192.95000000000002,-40.34122333409324,3.15
1307,204.3,-40.34122333409324,3.15
1308,215.65000000000003,-40.34122333409324,3.15
1309,227.00000000000003,-40.34122333409324,3.15
1310,238.35000000000002,-40.34122333409324,3.15
1311,249.70000000000005,-40.34122333409324,3.15
1312,261.05,-40.34122333409324,3.15
1313,272.40000000000003,-40.34122333409324,3.15
1314,283.75000000000006,-40.34122333409324,3.15
1315,295.1,-40.34122333409324,3.15
1316,306.45000000000005,-40.34122333409324,3.15
1317,317.80000000000007,-40.34122333409324,3.15
1318,329.15000000000003,-40.34122333409324,3.15
1319,340.50000000000006,-40.34122333409324,3.15
1320,-346.175,-30.511835001139865,3.15
1321,-334.82500000000005,-30.511835001139865,3.15
1322,-323.475,-30.511835001139865,3.15
1323,-312.12500000000006,-30.511835001139865,3.15
1324,-300.77500000000003,-30.511835001139865,3.15
1325,-289.425,-30.511835001139865,3.15
1326,-278.07500000000005,-30.511835001139865,3.15
1327,-266.725,-30.511835001139865,3.15
1328,-255.375,-30.511835001139865,3.15
1329,-244.02500000000003,-30.511835001139865,3.15
1330,-232.675,-30.511835001139865,3.15
1331,-221.32500000000002,-30.511835001139865,3.15
1332,-209.97500000000002,-30.511835001139865,3.15
1333,-198.625,-30.511835001139865,3.15
1334,-187.275,-30.511835001139865,3.15
1335,-175.925,-30.511835001139865,3.15
1336,-164.57500000000002,-30.511835001139865,3.15
1337,-153.22500000000002,-30.511835001139865,3.15
1338,-141.875,-30.511835001139865,3.15
1339,-130.525,-30.511835001139865,3.15
1340,-119.17500000000003,-30.511835001139865,3.15
1341,-107.82500000000002,-30.511835001139865,3.15
1342,-96.47500000000001,-30.511835001139865,3.15
1343,96.47500000000001,-30.511835001139865,3.15
1344,107.825,-30.511835001139865,3.15
1345,119.17500000000001,-30.511835001139865,3.15
1346,130.52500000000003,-30.511835001139865,3.15
1347,141.87500000000003,-30.511835001139865,3.15
1348,153.22500000000002,-30.511835001139865,3.15
1349,164.57500000000005,-30.511835001139865,3.15
1350,175.92500000000004,-30.511835001139865,3.15
1351,187.27500000000003,-30.511835001139865,3.15
1352,198.62500000000003,-30.511835001139865,3.15
1353,209.97500000000002,-30.511835001139865,3.15
1354,221.32500000000005,-30.511835001139865,3.15
1355,232.67500000000004,-30.511835001139865,3.15
1356,244.02500000000003,-30.511835001139865,3.15
1357,255.37500000000006,-30.511835001139865,3.15
1358,266.725,-30.511835001139865,3.15
1359,278.07500000000005,-30.511835001139865,3.15
1360,289.42500000000007,-30.511835001139865,3.15
1361,300.77500000000003,-30.511835001139865,3.15
1362,312.12500000000006,-30.511835001139865,3.15
1363,323.4750000000001,-30.511835001139865,3.15
1364,334.82500000000005,-30.511835001139865,3.15
1365,346.17500000000007,-30.511835001139865,3.15
1366,-340.50000000000006,-20.682446668186486,3.15
1367,-329.15000000000003,-20.682446668186486,3.15
1368,-317.80000000000007,-20.682446668186486,3.15
1369,-306.45000000000005,-20.682446668186486,3.15
1370,-295.1,-20.682446668186486,3.15
1371,-283.75000000000006,-20.682446668186486,3.15
1372,-272.40000000000003,-20.682446668186486,3.15
1373,-261.05,-20.682446668186486,3.15
1374,-249.70000000000005,-20.682446668186486,3.15
1375,-238.35000000000002,-20.682446668186486,3.15
1376,-227.00000000000003,-20.682446668186486,3.15
1377,-215.65000000000003,-20.682446668186486,3.15
1378,-204.3,-20.682446668186486,3.15
1379,-192.95000000000002,-20.682446668186486,3.15
1380,-181.60000000000002,-20.682446668186486,3.15
1381,-170.25000000000003,-20.682446668186486,3.15
1382,-158.90000000000003,-20.682446668186486,3.15
1383,-147.55,-20.682446668186486,3.15
1384,-136.20000000000002,-20.682446668186486,3.15
1385,-124.85000000000002,-20.682446668186486,3.15
1386,-113.50000000000001,-20.682446668186486,3.15
1387,-102.15,-20.682446668186486,3.15
1388,102.15,-20.682446668186486,3.15
1389,113.50000000000001,-20.682446668186486,3.15
1390,124.85000000000002,-20.682446668186486,3.15
1391,136.20000000000002,-20.682446668186486,3.15
1392,147.55,-20.682446668186486,3.15
1393,158.90000000000003,-20.682446668186486,3.15
1394,170.25000000000003,-20.682446668186486,3.15
1395,181.60000000000002,-20.682446668186486,3.15
1396,192.95000000000002,-20.682446668186486,3.15
1397,204.3,-20.682446668186486,3.15
1398,215.65000000000003,-20.682446668186486,3.15
1399,227.00000000000003,-20.682446668186486,3.15
1400,238.35000000000002,-20.682446668186486,3.15
1401,249.70000000000005,-20.682446668186486,3.15
1402,261.05,-20.682446668186486,3.15
1403,272.40000000000003,-20.682446668186486,3.15
1404,283.75000000000006,-20.682446668186486,3.15
1405,295.1,-20.682446668186486,3.15
1406,306.45000000000005,-20.682446668186486,3.15
1407,317.80000000000007,-20.682446668186486,3.15
1408,329.15000000000003,-20.682446668186486,3.15
1409,340.50000000000006,-20.682446668186486,3.15
1410,-346.175,-10.853058335233108,3.15
1411,-334.82500000000005,-10.853058335233108,3.15
1412,-323.475,-10.853058335233108,3.15
1413,-312.12500000000006,-10.853058335233108,3.15
1414,-300.77500000000003,-10.853058335233108,3.15
1415,-289.425,-10.853058335233108,3.15
1416,-278.07500000000005,-10.853058335233108,3.15
1417,-266.725,-10.853058335233108,3.15
1418,-255.375,-10.853058335233108,3.15
1419,-244.02500000000003,-10.853058335233108,3.15
1420,-232.675,-10.853058335233108,3.15
1421,-221.32500000000002,-10.853058335233108,3.15
1422,-209.97500000000002,-10.853058335233108,3.15
1423,-198.625,-10.853058335233108,3.15
1424,-187.275,-10.853058335233108,3.15
1425,-175.925,-10.853058335233108,3.15
1426,-164.57500000000002,-10.853058335233108,3.15
1427,-153.22500000000002,-10.853058335233108,3.15
1428,-141.875,-10.853058335233108,3.15
1429,-130.525,-10.853058335233108,3.15
1430,-119.17500000000003,-10.853058335233108,3.15
1431,-107.82500000000002,-10.853058335233108,3.15
1432,-96.47500000000001,-10.853058335233108,3.15
1433,96.47500000000001,-10.853058335233108,3.15
1434,107.825,-10.853058335233108,3.15
1435,119.17500000000001,-10.853058335233108,3.15
1436,130.52500000000003,-10.853058335233108,3.15
1437,141.87500000000003,-10.853058335233108,3.15
1438,153.22500000000002,-10.853058335233108,3.15
1439,164.57500000000005,-10.853058335233108,3.15
1440,175.92500000000004,-10.853058335233108,3.15
1441,187.27500000000003,-10.853058335233108,3.15
1442,198.62500000000003,-10.853058335233108,3.15
1443,209.97500000000002,-10.853058335233108,3.15
1444,221.32500000000005,-10.853058335233108,3.15
1445,232.67500000000004,-10.853058335233108,3.15
1446,244.02500000000003,-10.853058335233108,3.15
1447,255.37500000000006,-10.853058335233108,3.15
1448,266.725,-10.853058335233108,3.15
1449,278.07500000000005,-10.853058335233108,3.15
1450,289.42500000000007,-10.853058335233108,3.15
1451,300.77500000000003,-10.853058335233108,3.15
1452,312.12500000000006,-10.853058335233108,3.15
1453,323.4750000000001,-10.853058335233108,3.15
1454,334.82500000000005,-10.853058335233108,3.15
1455,346.17500000000007,-10.853058335233108,3.15
1456,-340.50000000000006,-1.0236700022797294,3.15
1457,-329.15000000000003,-1.0236700022797294,3.15
1458,-317.80000000000007,-1.0236700022797294,3.15
1459,-306.45000000000005,-1.0236700022797294,3.15
1460,-295.1,-1.0236700022797294,3.15
1461,-283.75000000000006,-1.0236700022797294,3.15
1462,-272.40000000000003,-1.0236700022797294,3.15
1463,-261.05,-1.0236700022797294,3.15
1464,-249.70000000000005,-1.0236700022797294,3.15
1465,-238.35000000000002,-1.0236700022797294,3.15
1466,-227.00000000000003,-1.0236700022797294,3.15
1467,-215.65000000000003,-1.0236700022797294,3.15
1468,-204.3,-1.0236700022797294,3.15
1469,-192.95000000000002,-1.0236700022797294,3.15
1470,-181.60000000000002,-1.0236700022797294,3.15
1471,-170.25000000000003,-1.0236700022797294,3.15
1472,-158.90000000000003,-1.0236700022797294,3.15
1473,-147.55,-1.0236700022797294,3.15
1474,-136.20000000000002,-1.0236700022797294,3.15
1475,-124.85000000000002,-1.0236700022797294,3.15
1476,-113.50000000000001,-1.0236700022797294,3.15
1477,-102.15,-1.0236700022797294,3.15
1478,-90.80000000000001,-1.0236700022797294,3.15
1479,90.80000000000001,-1.0236700022797294,3.15
1480,102.15,-1.0236700022797294,3.15
1481,113.50000000000001,-1.0236700022797294,3.15
1482,124.85000000000002,-1.0236700022797294,3.15
1483,136.20000000000002,-1.0236700022797294,3.15
1484,147.55,-1.0236700022797294,3.15
1485,158.90000000000003,-1.0236700022797294,3.15
1486,170.25000000000003,-1.0236700022797294,3.15
1487,181.60000000000002,-1.0236700022797294,3.15
1488,192.95000000000002,-1.0236700022797294,3.15
1489,204.3,-1.0236700022797294,3.15
1490,215.65000000000003,-1.0236700022797294,3.15
1491,227.00000000000003,-1.0236700022797294,3.15
1492,238.35000000000002,-1.0236700022797294,3.15
1493,249.70000000000005,-1.0236700022797294,3.15
1494,261.05,-1.0236700022797294,3.15
1495,272.40000000000003,-1.0236700022797294,3.15
1496,283.75000000000006,-1.0236700022797294,3.15
1497,295.1,-1.0236700022797294,3.15
1498,306.45000000000005,-1.0236700022797294,3.15
1499,317.80000000000007,-1.0236700022797294,3.15
1500,329.15000000000003,-1.0236700022797294,3.15
1501,340.50000000000006,-1.0236700022797294,3.15
1502,-346.175,8.805718330673642,3.15
1503,-334.82500000000005,8.805718330673642,3.15
1504,-323.475,8.805718330673642,3.15
1505,-312.12500000000006,8.805718330673642,3.15
1506,-300.77500000000003,8.805718330673642,3.15
1507,-289.425,8.805718330673642,3.15
1508,-278.07500000000005,8.805718330673642,3.15
1509,-266.725,8.805718330673642,3.15
1510,-255.375,8.805718330673642,3.15
1511,-244.02500000000003,8.805718330673642,3.15
1512,-232.675,8.805718330673642,3.15
1513,-221.32500000000002,8.805718330673642,3.15
1514,-209.97500000000002,8.805718330673642,3.15
1515,-198.625,8.805718330673642,3.15
1516,-187.275,8.805718330673642,3.15
1517,-175.925,8.805718330673642,3.15
1518,-164.57500000000002,8.805718330673642,3.15
1519,-153.22500000000002,8.805718330673642,3.15
1520,-141.875,8.805718330673642,3.15
1521,-130.525,8.805718330673642,3.15
1522,-119.17500000000003,8.805718330673642,3.15
1523,-107.82500000000002,8.805718330673642,3.15
1524,-96.47500000000001,8.805718330673642,3.15
1525,-85.12500000000001,8.805718330673642,3.15
1526,-73.77500000000002,8.805718330673642,3.15
1527,73.775,8.805718330673642,3.15
1528,85.12500000000001,8.805718330673642,3.15
1529,96.47500000000001,8.805718330673642,3.15
1530,107.825,8.805718330673642,3.15
1531,119.17500000000001,8.805718330673642,3.15
1532,130.52500000000003,8.805718330673642,3.15
1533,141.87500000000003,8.805718330673642,3.15
1534,153.22500000000002,8.805718330673642,3.15
1535,164.57500000000005,8.805718330673642,3.15
1536,175.92500000000004,8.805718330673642,3.15
1537,187.27500000000003,8.805718330673642,3.15
1538,198.62500000000003,8.805718330673642,3.15
1539,209.97500000000002,8.805718330673642,3.15
1540,221.32500000000005,8.805718330673642,3.15
1541,232.67500000000004,8.805718330673642,3.15
1542,244.02500000000003,8.805718330673642,3.15
1543,255.37500000000006,8.805718330673642,3.15
1544,266.725,8.805718330673642,3.15
1545,278.07500000000005,8.805718330673642,3.15
1546,289.42500000000007,8.805718330673642,3.15
1547,300.77500000000003,8.805718330673642,3.15
1548,312.12500000000006,8.805718330673642,3.15
1549,323.4750000000001,8.805718330673642,3.15
1550,334.82500000000005,8.805718330673642,3.15
1551,346.17500000000007,8.805718330673642,3.15
1552,-340.50000000000006,18.635106663627028,3.15
1553,-329.15000000000003,18.635106663627028,3.15
1554,-317.80000000000007,18.635106663627028,3.15
1555,-306.45000000000005,18.635106663627028,3.15
1556,-295.1,18.635106663627028,3.15
1557,-283.75000000000006,18.635106663627028,3.15
1558,-272.40000000000003,18.635106663627028,3.15
1559,-261.05,18.635106663627028,3.15
1560,-249.70000000000005,18.635106663627028,3.15
1561,-238.35000000000002,18.635106663627028,3.15
1562,-227.00000000000003,18.635106663627028,3.15
1563,-215.65000000000003,18.635106663627028,3.15
1564,-204.3,18.635106663627028,3.15
1565,-192.95000000000002,18.635106663627028,3.15
1566,-181.60000000000002,18.635106663627028,3.15
1567,-170.25000000000003,18.635106663627028,3.15
1568,-158.90000000000003,18.635106663627028,3.15
1569,-147.55,18.635106663627028,3.15
1570,-136.20000000000002,18.635106663627028,3.15
1571,-124.85000000000002,18.635106663627028,3.15
1572,-113.50000000000001,18.635106663627028,3.15
1573,-102.15,18.635106663627028,3.15
1574,-90.80000000000001,18.635106663627028,3.15
1575,-79.45000000000002,18.635106663627028,3.15
1576,-68.10000000000001,18.635106663627028,3.15
1577,68.10000000000001,18.635106663627028,3.15
1578,79.45000000000002,18.635106663627028,3.15
1579,90.80000000000001,18.635106663627028,3.15
1580,102.15,18.635106663627028,3.15
1581,113.50000000000001,18.635106663627028,3.15
1582,124.85000000000002,18.635106663627028,3.15
1583,136.20000000000002,18.635106663627028,3.15
1584,147.55,18.635106663627028,3.15
1585,158.90000000000003,18.635106663627028,3.15
1586,170.25000000000003,18.635106663627028,3.15
1587,181.60000000000002,18.635106663627028,3.15
1588,192.95000000000002,18.635106663627028,3.15
1589,204.3,18.635106663627028,3.15
1590,215.65000000000003,18.635106663627028,3.15
1591,227.00000000000003,18.635106663627028,3.15
1592,238.35000000000002,18.635106663627028,3.15
1593,249.70000000000005,18.635106663627028,3.15
1594,261.05,18.635106663627028,3.15
1595,272.40000000000003,18.635106663627028,3.15
1596,283.75000000000006,18.635106663627028,3.15
1597,295.1,18.635106663627028,3.15
1598,306.45000000000005,18.635106663627028,3.15
1599,317.80000000000007,18.635106663627028,3.15
1600,329.15000000000003,18.635106663627028,3.15
1601,340.50000000000006,18.635106663627028,3.15
1602,-346.175,28.464494996580413,3.15
1603,-334.82500000000005,28.464494996580413,3.15
1604,-323.475,28.464494996580413,3.15
1605,-312.12500000000006,28.464494996580413,3.15
1606,-300.77500000000003,28.464494996580413,3.15
1607,-289.425,28.464494996580413,3.15
1608,-278.07500000000005,28.464494996580413,3.15
1609,-266.725,28.464494996580413,3.15
1610,-255.375,28.464494996580413,3.15
1611,-244.02500000000003,28.464494996580413,3.15
1612,-232.675,28.464494996580413,3.15
1613,-221.32500000000002,28.464494996580413,3.15
1614,-209.97500000000002,28.464494996580413,3.15
1615,-198.625,28.464494996580413,3.15
1616,-187.275,28.464494996580413,3.15
1617,-175.925,28.464494996580413,3.15
1618,-164.57500000000002,28.464494996580413,3.15
1619,-153.22500000000002,28.464494996580413,3.15
1620,-141.875,28.464494996580413,3.15
1621,-130.525,28.464494996580413,3.15
1622,-119.17500000000003,28.464494996580413,3.15
1623,-107.82500000000002,28.464494996580413,3.15
1624,-96.47500000000001,28.464494996580413,3.15
1625,-85.12500000000001,28.464494996580413,3.15
1626,-73.77500000000002,28.464494996580413,3.15
1627,-62.42500000000001,28.464494996580413,3.15
1628,-51.075,28.464494996580413,3.15
1629,51.075,28.464494996580413,3.15
1630,62.42500000000001,28.464494996580413,3.15
1631,73.775,28.464494996580413,3.15
1632,85.12500000000001,28.464494996580413,3.15
1633,96.47500000000001,28.464494996580413,3.15
1634,107.825,28.464494996580413,3.15
1635,119.17500000000001,28.464494996580413,3.15
1636,130.52500000000003,28.464494996580413,3.15
1637,141.87500000000003,28.464494996580413,3.15
1638,153.22500000000002,28.464494996580413,3.15
1639,164.57500000000005,28.464494996580413,3.15
1640,175.92500000000004,28.464494996580413,3.15
1641,187.27500000000003,28.464494996580413,3.15
1642,198.62500000000003,28.464494996580413,3.15
1643,209.97500000000002,28.464494996580413,3.15
1644,221.32500000000005,28.464494996580413,3.15
1645,232.67500000000004,28.464494996580413,3.15
1646,244.02500000000003,28.464494996580413,3.15
1647,255.37500000000006,28.464494996580413,3.15
1648,266.725,28.464494996580413,3.15
1649,278.07500000000005,28.464494996580413,3.15
1650,289.42500000000007,28.464494996580413,3.15
1651,300.77500000000003,28.464494996580413,3.15
1652,312.12500000000006,28.464494996580413,3.15
1653,323.4750000000001,28.464494996580413,3.15
1654,334.82500000000005,28.464494996580413,3.15
1655,346.17500000000007,28.464494996580413,3.15
1656,-340.50000000000006,38.293883329533784,3.15
1657,-329.15000000000003,38.293883329533784,3.15
1658,-317.80000000000007,38.293883329533784,3.15
1659,-306.45000000000005,38.293883329533784,3.15
1660,-295.1,38.293883329533784,3.15
1661,-283.75000000000006,38.293883329533784,3.15
1662,-272.40000000000003,38.293883329533784,3.15
1663,-261.05,38.293883329533784,3.15
1664,-249.70000000000005,38.293883329533784,3.15
1665,-238.35000000000002,38.293883329533784,3.15
1666,-227.00000000000003,38.293883329533784,3.15
1667,-215.65000000000003,38.293883329533784,3.15
1668,-204.3,38.293883329533784,3.15
1669,-192.95000000000002,38.293883329533784,3.15
1670,-181.60000000000002,38.293883329533784,3.15
1671,-170.25000000000003,38.293883329533784,3.15
1672,-158.90000000000003,38.293883329533784,3.15
1673,-147.55,38.293883329533784,3.15
1674,-136.20000000000002,38.293883329533784,3.15
1675,-124.85000000000002,38.293883329533784,3.15
1676,-113.50000000000001,38.293883329533784,3.15
1677,-102.15,38.293883329533784,3.15
1678,-90.80000000000001,38.293883329533784,3.15
1679,-79.45000000000002,38.293883329533784,3.15
1680,-68.10000000000001,38.293883329533784,3.15
1681,-56.75000000000001,38.293883329533784,3.15
1682,-45.400000000000006,38.293883329533784,3.15
1683,-34.050000000000004,38.293883329533784,3.15
1684,-22.700000000000003,38.293883329533784,3.15
1685,22.700000000000003,38.293883329533784,3.15
1686,34.050000000000004,38.293883329533784,3.15
1687,45.400000000000006,38.293883329533784,3.15
1688,56.75000000000001,38.293883329533784,3.15
1689,68.10000000000001,38.293883329533784,3.15
1690,79.45000000000002,38.293883329533784,3.15
1691,90.80000000000001,38.293883329533784,3.15
1692,102.15,38.293883329533784,3.15
1693,113.50000000000001,38.293883329533784,3.15
1694,124.85000000000002,38.293883329533784,3.15
1695,136.20000000000002,38.293883329533784,3.15
1696,147.55,38.293883329533784,3.15
1697,158.90000000000003,38.293883329533784,3.15
1698,170.25000000000003,38.293883329533784,3.15
1699,181.60000000000002,38.293883329533784,3.15
1700,192.95000000000002,38.293883329533784,3.15
1701,204.3,38.293883329533784,3.15
1702,215.65000000000003,38.293883329533784,3.15
1703,227.00000000000003,38.293883329533784,3.15
1704,238.35000000000002,38.293883329533784,3.15
1705,249.70000000000005,38.293883329533784,3.15
1706,261.05,38.293883329533784,3.15
1707,272.40000000000003,38.293883329533784,3.15
1708,283.75000000000006,38.293883329533784,3.15
1709,295.1,38.293883329533784,3.15
1710,306.45000000000005,38.293883329533784,3.15
1711,317.80000000000007,38.293883329533784,3.15
1712,329.15000000000003,38.293883329533784,3.15
1713,340.50000000000006,38.293883329533784,3.15
1714,-346.175,48.123271662487156,3.15
1715,-334.82500000000005,48.123271662487156,3.15
1716,-323.475,48.123271662487156,3.15
1717,-312.12500000000006,48.123271662487156,3.15
1718,-300.77500000000003,48.123271662487156,3.15
1719,-289.425,48.123271662487156,3.15
1720,-278.07500000000005,48.123271662487156,3.15
1721,-266.725,48.123271662487156,3.15
1722,-255.375,48.123271662487156,3.15
1723,-244.02500000000003,48.123271662487156,3.15
1724,-232.675,48.123271662487156,3.15
1725,-221.32500000000002,48.123271662487156,3.15
1726,-209.97500000000002,48.123271662487156,3.15
1727,-198.625,48.123271662487156,3.15
1728,-187.275,48.123271662487156,3.15
1729,-175.925,48.123271662487156,3.15
1730,-164.57500000000002,48.123271662487156,3.15
1731,-153.22500000000002,48.123271662487156,3.15
1732,-141.875,48.123271662487156,3.15
1733,-130.525,48.123271662487156,3.15
1734,-119.17500000000003,48.123271662487156,3.15
1735,-107.82500000000002,48.123271662487156,3.15
1736,-96.47500000000001,48.123271662487156,3.15
1737,-85.12500000000001,48.123271662487156,3.15
1738,-73.77500000000002,48.123271662487156,3.15
1739,-62.42500000000001,48.123271662487156,3.15
1740,-51.075,48.123271662487156,3.15
1741,-39.72500000000001,48.123271662487156,3.15
1742,-28.375000000000004,48.123271662487156,3.15
1743,-17.025000000000002,48.123271662487156,3.15
1744,-5.675000000000001,48.123271662487156,3.15
1745,5.675000000000001,48.123271662487156,3.15
1746,17.025000000000002,48.123271662487156,3.15
1747,28.375000000000004,48.123271662487156,3.15
1748,39.72500000000001,48.123271662487156,3.15
1749,51.075,48.123271662487156,3.15
1750,62.42500000000001,48.123271662487156,3.15
1751,73.775,48.123271662487156,3.15
1752,85.12500000000001,48.123271662487156,3.15
1753,96.47500000000001,48.123271662487156,3.15
1754,107.825,48.123271662487156,3.15
1755,119.17500000000001,48.123271662487156,3.15
1756,130.52500000000003,48.123271662487156,3.15
1757,141.87500000000003,48.123271662487156,3.15
1758,153.22500000000002,48.123271662487156,3.15
1759,164.57500000000005,48.123271662487156,3.15
1760,175.92500000000004,48.123271662487156,3.15
1761,187.27500000000003,48.123271662487156,3.15
1762,198.62500000000003,48.123271662487156,3.15
1763,209.97500000000002,48.123271662487156,3.15
1764,221.32500000000005,48.123271662487156,3.15
1765,232.67500000000004,48.123271662487156,3.15
1766,244.02500000000003,48.123271662487156,3.15
1767,255.37500000000006,48.123271662487156,3.15
1768,266.725,48.123271662487156,3.15
1769,278.07500000000005,48.123271662487156,3.15
1770,289.42500000000007,48.123271662487156,3.15
1771,300.77500000000003,48.123271662487156,3.15
1772,312.12500000000006,48.123271662487156,3.15
1773,323.4750000000001,48.123271662487156,3.15
1774,334.82500000000005,48.123271662487156,3.15
1775,346.17500000000007,48.123271662487156,3.15
1776,-340.50000000000006,57.95265999544054,3.15
1777,-329.15000000000003,57.95265999544054,3.15
1778,-317.80000000000007,57.95265999544054,3.15
1779,-306.45000000000005,57.95265999544054,3.15
1780,-295.1,57.95265999544054,3.15
1781,-283.75000000000006,57.95265999544054,3.15
1782,-272.40000000000003,57.95265999544054,3.15
1783,-261.05,57.95265999544054,3.15
1784,-249.70000000000005,57.95265999544054,3.15
1785,-238.35000000000002,57.95265999544054,3.15
1786,-227.00000000000003,57.95265999544054,3.15
1787,-215.65000000000003,57.95265999544054,3.15
1788,-204.3,57.95265999544054,3.15
1789,-192.95000000000002,57.95265999544054,3.15
1790,-181.60000000000002,57.95265999544054,3.15
1791,-170.25000000000003,57.95265999544054,3.15
1792,-158.90000000000003,57.95265999544054,3.15
1793,-147.55,57.95265999544054,3.15
1794,-136.20000000000002,57.95265999544054,3.15
1795,-124.85000000000002,57.95265999544054,3.15
1796,-113.50000000000001,57.95265999544054,3.15
1797,-102.15,57.95265999544054,3.15
1798,-90.80000000000001,57.95265999544054,3.15
1799,-79.45000000000002,57.95265999544054,3.15
1800,-68.10000000000001,57.95265999544054,3.15
1801,-56.75000000000001,57.95265999544054,3.15
1802,-45.400000000000006,57.95265999544054,3.15
1803,-34.050000000000004,57.95265999544054,3.15
1804,-22.700000000000003,57.95265999544054,3.15
1805,-11.350000000000001,57.95265999544054,3.15
1806,0.0,57.95265999544054,3.15
1807,11.350000000000001,57.95265999544054,3.15
1808,22.700000000000003,57.95265999544054,3.15
1809,34.050000000000004,57.95265999544054,3.15
1810,45.400000000000006,57.95265999544054,3.15
1811,56.75000000000001,57.95265999544054,3.15
1812,68.10000000000001,57.95265999544054,3.15
1813,79.45000000000002,57.95265999544054,3.15
1814,90.80000000000001,57.95265999544054,3.15
1815,102.15,57.95265999544054,3.15
1816,113.50000000000001,57.95265999544054,3.15
1817,124.85000000000002,57.95265999544054,3.15
1818,136.20000000000002,57.95265999544054,3.15
1819,147.55,57.95265999544054,3.15
1820,158.90000000000003,57.95265999544054,3.15
1821,170.25000000000003,57.95265999544054,3.15
1822,181.60000000000002,57.95265999544054,3.15
1823,192.95000000000002,57.95265999544054,3.15
1824,204.3,57.95265999544054,3.15
1825,215.65000000000003,57.95265999544054,3.15
1826,227.00000000000003,57.95265999544054,3.15
1827,238.35000000000002,57.95265999544054,3.15
1828,249.70000000000005,57.95265999544054,3.15
1829,261.05,57.95265999544054,3.15
1830,272.40000000000003,57.95265999544054,3.15
1831,283.75000000000006,57.95265999544054,3.15
1832,295.1,57.95265999544054,3.15
1833,306.45000000000005,57.95265999544054,3.15
1834,317.80000000000007,57.95265999544054,3.15
1835,329.15000000000003,57.95265999544054,3.15
1836,340.50000000000006,57.95265999544054,3.15
1837,-334.82500000000005,67.78204832839393,3.15
1838,-323.475,67.78204832839393,3.15
1839,-312.12500000000006,67.78204832839393,3.15
1840,-300.77500000000003,67.78204832839393,3.15
1841,-289.425,67.78204832839393,3.15
1842,-278.07500000000005,67.78204832839393,3.15
1843,-266.725,67.78204832839393,3.15
1844,-255.375,67.78204832839393,3.15
1845,-244.02500000000003,67.78204832839393,3.15
1846,-232.675,67.78204832839393,3.15
1847,-221.32500000000002,67.78204832839393,3.15
1848,-209.97500000000002,67.78204832839393,3.15
1849,-198.625,67.78204832839393,3.15
1850,-187.275,67.78204832839393,3.15
1851,-175.925,67.78204832839393,3.15
1852,-164.57500000000002,67.78204832839393,3.15
1853,-153.22500000000002,67.78204832839393,3.15
1854,-141.875,67.78204832839393,3.15
1855,-130.525,67.78204832839393,3.15
1856,-119.17500000000003,67.78204832839393,3.15
1857,-107.82500000000002,67.78204832839393,3.15
1858,-96.47500000000001,67.78204832839393,3.15
1859,-85.12500000000001,67.78204832839393,3.15
1860,-73.77500000000002,67.78204832839393,3.15
1861,-62.42500000000001,67.78204832839393,3.15
1862,-51.075,67.78204832839393,3.15
1863,-39.72500000000001,67.78204832839393,3.15
1864,-28.375000000000004,67.78204832839393,3.15
1865,-17.025000000000002,67.78204832839393,3.15
1866,-5.675000000000001,67.78204832839393,3.15
1867,5.675000000000001,67.78204832839393,3.15
1868,17.025000000000002,67.78204832839393,3.15
1869,28.375000000000004,67.78204832839393,3.15
1870,39.72500000000001,67.78204832839393,3.15
1871,51.075,67.78204832839393,3.15
1872,62.42500000000001,67.78204832839393,3.15
1873,73.775,67.78204832839393,3.15
1874,85.12500000000001,67.78204832839393,3.15
1875,96.47500000000001,67.78204832839393,3.15
1876,107.825,67.78204832839393,3.15
1877,119.17500000000001,67.78204832839393,3.15
1878,130.52500000000003,67.78204832839393,3.15
1879,141.87500000000003,67.78204832839393,3.15
1880,153.22500000000002,67.78204832839393,3.15
1881,164.57500000000005,67.78204832839393,3.15
1882,175.92500000000004,67.78204832839393,3.15
1883,187.27500000000003,67.78204832839393,3.15
1884,198.62500000000003,67.78204832839393,3.15
1885,209.97500000000002,67.78204832839393,3.15
1886,221.32500000000005,67.78204832839393,3.15
1887,232.67500000000004,67.78204832839393,3.15
1888,244.02500000000003,67.78204832839393,3.15
1889,255.37500000000006,67.78204832839393,3.15
1890,266.725,67.78204832839393,3.15
1891,278.07500000000005,67.78204832839393,3.15
1892,289.42500000000007,67.78204832839393,3.15
1893,300.77500000000003,67.78204832839393,3.15
1894,312.12500000000006,67.78204832839393,3.15
1895,323.4750000000001,67.78204832839393,3.15
1896,334.82500000000005,67.78204832839393,3.15
1897,-340.50000000000006,77.61143666134728,3.15
1898,-329.15000000000003,77.61143666134728,3.15
1899,-317.80000000000007,77.61143666134728,3.15
1900,-306.45000000000005,77.61143666134728,3.15
1901,-295.1,77.61143666134728,3.15
1902,-283.75000000000006,77.61143666134728,3.15
1903,-272.40000000000003,77.61143666134728,3.15
1904,-261.05,77.61143666134728,3.15
1905,-249.70000000000005,77.61143666134728,3.15
1906,-238.35000000000002,77.61143666134728,3.15
1907,-227.00000000000003,77.61143666134728,3.15
1908,-215.65000000000003,77.61143666134728,3.15
1909,-204.3,77.61143666134728,3.15
1910,-192.95000000000002,77.61143666134728,3.15
1911,-181.60000000000002,77.61143666134728,3.15
1912,-170.25000000000003,77.61143666134728,3.15
1913,-158.90000000000003,77.61143666134728,3.15
1914,-147.55,77.61143666134728,3.15
1915,-136.20000000000002,77.61143666134728,3.15
1916,-124.85000000000002,77.61143666134728,3.15
1917,-113.50000000000001,77.61143666134728,3.15
1918,-102.15,77.61143666134728,3.15
1919,-90.80000000000001,77.61143666134728,3.15
1920,-79.45000000000002,77.61143666134728,3.15
1921,-68.10000000000001,77.61143666134728,3.15
1922,-56.75000000000001,77.61143666134728,3.15
1923,-45.400000000000006,77.61143666134728,3.15
1924,-34.050000000000004,77.61143666134728,3.15
1925,-22.700000000000003,77.61143666134728,3.15
1926,-11.350000000000001,77.61143666134728,3.15
1927,0.0,77.61143666134728,3.15
1928,11.350000000000001,77.61143666134728,3.15
1929,22.700000000000003,77.61143666134728,3.15
1930,34.050000000000004,77.61143666134728,3.15
1931,45.400000000000006,77.61143666134728,3.15
1932,56.75000000000001,77.61143666134728,3.15
1933,68.10000000000001,77.61143666134728,3.15
1934,79.45000000000002,77.61143666134728,3.15
1935,90.80000000000001,77.61143666134728,3.15
1936,102.15,77.61143666134728,3.15
1937,113.50000000000001,77.61143666134728,3.15
1938,124.85000000000002,77.61143666134728,3.15
1939,136.20000000000002,77.61143666134728,3.15
1940,147.55,77.61143666134728,3.15
1941,158.90000000000003,77.61143666134728,3.15
1942,170.25000000000003,77.61143666134728,3.15
1943,181.60000000000002,77.61143666134728,3.15
1944,192.95000000000002,77.61143666134728,3.15
1945,204.3,77.61143666134728,3.15
1946,215.65000000000003,77.61143666134728,3.15
1947,227.00000000000003,77.61143666134728,3.15
1948,238.35000000000002,77.61143666134728,3.15
1949,249.70000000000005,77.61143666134728,3.15
1950,261.05,77.61143666134728,3.15
1951,272.40000000000003,77.61143666134728,3.15
1952,283.75000000000006,77.61143666134728,3.15
1953,295.1,77.61143666134728,3.15
1954,306.45000000000005,77.61143666134728,3.15
1955,317.80000000000007,77.61143666134728,3.15
1956,329.15000000000003,77.61143666134728,3.15
1957,340.50000000000006,77.61143666134728,3.15
1958,-334.82500000000005,87.44082499430067,3.15
1959,-323.475,87.44082499430067,3.15
1960,-312.12500000000006,87.44082499430067,3.15
1961,-300.77500000000003,87.44082499430067,3.15
1962,-289.425,87.44082499430067,3.15
1963,-278.07500000000005,87.44082499430067,3.15
1964,-266.725,87.44082499430067,3.15
1965,-255.375,87.44082499430067,3.15
1966,-244.02500000000003,87.44082499430067,3.15
1967,-232.675,87.44082499430067,3.15
1968,-221.32500000000002,87.44082499430067,3.15
1969,-209.97500000000002,87.44082499430067,3.15
1970,-198.625,87.44082499430067,3.15
1971,-187.275,87.44082499430067,3.15
1972,-175.925,87.44082499430067,3.15
1973,-164.57500000000002,87.44082499430067,3.15
1974,-153.22500000000002,87.44082499430067,3.15
1975,-141.875,87.44082499430067,3.15
1976,-130.525,87.44082499430067,3.15
1977,-119.17500000000003,87.44082499430067,3.15
1978,-107.82500000000002,87.44082499430067,3.15
1979,-96.47500000000001,87.44082499430067,3.15
1980,-85.12500000000001,87.44082499430067,3.15
1981,-73.77500000000002,87.44082499430067,3.15
1982,-62.42500000000001,87.44082499430067,3.15
1983,-51.075,87.44082499430067,3.15
1984,-39.72500000000001,87.44082499430067,3.15
1985,-28.375000000000004,87.44082499430067,3.15
1986,-17.025000000000002,87.44082499430067,3.15
1987,-5.675000000000001,87.44082499430067,3.15
1988,5.675000000000001,87.44082499430067,3.15
1989,17.025000000000002,87.44082499430067,3.15
1990,28.375000000000004,87.44082499430067,3.15
1991,39.72500000000001,87.44082499430067,3.15
1992,51.075,87.44082499430067,3.15
1993,62.42500000000001,87.44082499430067,3.15
1994,73.775,87.44082499430067,3.15
1995,85.12500000000001,87.44082499430067,3.15
1996,96.47500000000001,87.44082499430067,3.15
1997,107.825,87.44082499430067,3.15
1998,119.17500000000001,87.44082499430067,3.15
1999,130.52500000000003,87.44082499430067,3.15
2000,141.87500000000003,87.44082499430067,3.15
2001,153.22500000000002,87.44082499430067,3.15
2002,164.57500000000005,87.44082499430067,3.15
2003,175.92500000000004,87.44082499430067,3.15
2004,187.27500000000003,87.44082499430067,3.15
2005,198.62500000000003,87.44082499430067,3.15
2006,209.97500000000002,87.44082499430067,3.15
2007,221.32500000000005,87.44082499430067,3.15
2008,232.67500000000004,87.44082499430067,3.15
2009,244.02500000000003,87.44082499430067,3.15
2010,255.37500000000006,87.44082499430067,3.15
2011,266.725,87.44082499430067,3.15
2012,278.07500000000005,87.44082499430067,3.15
2013,289.42500000000007,87.44082499430067,3.15
2014,300.77500000000003,87.44082499430067,3.15
2015,312.12500000000006,87.44082499430067,3.15
2016,323.4750000000001,87.44082499430067,3.15
2017,334.82500000000005,87.44082499430067,3.15
2018,-329.15000000000003,97.27021332725406,3.15
2019,-317.80000000000007,97.27021332725406,3.15
2020,-306.45000000000005,97.27021332725406,3.15
2021,-295.1,97.27021332725406,3.15
2022,-283.75000000000006,97.27021332725406,3.15
2023,-272.40000000000003,97.27021332725406,3.15
2024,-261.05,97.27021332725406,3.15
2025,-249.70000000000005,97.27021332725406,3.15
2026,-238.35000000000002,97.27021332725406,3.15
2027,-227.00000000000003,97.27021332725406,3.15
2028,-215.65000000000003,97.27021332725406,3.15
2029,-204.3,97.27021332725406,3.15
2030,-192.95000000000002,97.27021332725406,3.15
2031,-181.60000000000002,97.27021332725406,3.15
2032,-170.25000000000003,97.27021332725406,3.15
2033,-158.90000000000003,97.27021332725406,3.15
2034,-147.55,97.27021332725406,3.15
2035,-136.20000000000002,97.27021332725406,3.15
2036,-124.85000000000002,97.27021332725406,3.15
2037,-113.50000000000001,97.27021332725406,3.15
2038,-102.15,97.27021332725406,3.15
2039,-90.80000000000001,97.27021332725406,3.15
2040,-79.45000000000002,97.27021332725406,3.15
2041,-68.10000000000001,97.27021332725406,3.15
2042,-56.75000000000001,97.27021332725406,3.15
2043,-45.400000000000006,97.27021332725406,3.15
2044,-34.050000000000004,97.27021332725406,3.15
2045,-22.700000000000003,97.27021332725406,3.15
2046,-11.350000000000001,97.27021332725406,3.15
2047,0.0,97.27021332725406,3.15
2048,11.350000000000001,97.27021332725406,3.15
2049,22.700000000000003,97.27021332725406,3.15
2050,34.050000000000004,97.27021332725406,3.15
2051,45.400000000000006,97.27021332725406,3.15
2052,56.75000000000001,97.27021332725406,3.15
2053,68.10000000000001,97.27021332725406,3.15
2054,79.45000000000002,97.27021332725406,3.15
2055,90.80000000000001,97.27021332725406,3.15
2056,102.15,97.27021332725406,3.15
2057,113.50000000000001,97.27021332725406,3.15
2058,124.85000000000002,97.27021332725406,3.15
2059,136.20000000000002,97.27021332725406,3.15
2060,147.55,97.27021332725406,3.15
2061,158.90000000000003,97.27021332725406,3.15
2062,170.25000000000003,97.27021332725406,3.15
2063,181.60000000000002,97.27021332725406,3.15
2064,192.95000000000002,97.27021332725406,3.15
2065,204.3,97.27021332725406,3.15
2066,215.65000000000003,97.27021332725406,3.15
2067,227.00000000000003,97.27021332725406,3.15
2068,238.35000000000002,97.27021332725406,3.15
2069,249.70000000000005,97.27021332725406,3.15
2070,261.05,97.27021332725406,3.15
2071,272.40000000000003,97.27021332725406,3.15
2072,283.75000000000006,97.27021332725406,3.15
2073,295.1,97.27021332725406,3.15
2074,306.45000000000005,97.27021332725406,3.15
2075,317.80000000000007,97.27021332725406,3.15
2076,329.15000000000003,97.27021332725406,3.15
2077,-323.475,107.09960166020744,3.15
2078,-312.12500000000006,107.09960166020744,3.15
2079,-300.77500000000003,107.09960166020744,3.15
2080,-289.425,107.09960166020744,3.15
2081,-278.07500000000005,107.09960166020744,3.15
2082,-266.725,107.09960166020744,3.15
2083,-255.375,107.09960166020744,3.15
2084,-244.02500000000003,107.09960166020744,3.15
2085,-232.675,107.09960166020744,3.15
2086,-221.32500000000002,107.09960166020744,3.15
2087,-209.97500000000002,107.09960166020744,3.15
2088,-198.625,107.09960166020744,3.15
2089,-187.275,107.09960166020744,3.15
2090,-175.925,107.09960166020744,3.15
2091,-164.57500000000002,107.09960166020744,3.15
2092,-153.22500000000002,107.09960166020744,3.15
2093,-141.875,107.09960166020744,3.15
2094,-130.525,107.09960166020744,3.15
2095,-119.17500000000003,107.09960166020744,3.15
2096,-107.82500000000002,107.09960166020744,3.15
2097,-96.47500000000001,107.09960166020744,3.15
2098,-85.12500000000001,107.09960166020744,3.15
2099,-73.77500000000002,107.09960166020744,3.15
2100,-62.42500000000001,107.09960166020744,3.15
2101,-51.075,107.09960166020744,3.15
2102,-39.72500000000001,107.09960166020744,3.15
2103,-28.375000000000004,107.09960166020744,3.15
2104,-17.025000000000002,107.09960166020744,3.15
2105,-5.675000000000001,107.09960166020744,3.15
2106,5.675000000000001,107.09960166020744,3.15
2107,17.025000000000002,107.09960166020744,3.15
2108,28.375000000000004,107.09960166020744,3.15
2109,39.72500000000001,107.09960166020744,3.15
2110,51.075,107.09960166020744,3.15
2111,62.42500000000001,107.09960166020744,3.15
2112,73.775,107.09960166020744,3.15
2113,85.12500000000001,107.09960166020744,3.15
2114,96.47500000000001,107.09960166020744,3.15
2115,107.825,107.09960166020744,3.15
2116,119.17500000000001,107.09960166020744,3.15
2117,130.52500000000003,107.09960166020744,3.15
2118,141.87500000000003,107.09960166020744,3.15
2119,153.22500000000002,107.09960166020744,3.15
2120,164.57500000000005,107.09960166020744,3.15
2121,175.92500000000004,107.09960166020744,3.15
2122,187.27500000000003,107.09960166020744,3.15
2123,198.62500000000003,107.09960166020744,3.15
2124,209.97500000000002,107.09960166020744,3.15
2125,221.32500000000005,107.09960166020744,3.15
2126,232.67500000000004,107.09960166020744,3.15
2127,244.02500000000003,107.09960166020744,3.15
2128,255.37500000000006,107.09960166020744,3.15
2129,266.725,107.09960166020744,3.15
2130,278.07500000000005,107.09960166020744,3.15
2131,289.42500000000007,107.09960166020744,3.15
2132,300.77500000000003,107.09960166020744,3.15
2133,312.12500000000006,107.09960166020744,3.15
2134,323.4750000000001,107.09960166020744,3.15
2135,-329.15000000000003,116.92898999316083,3.15
2136,-317.80000000000007,116.92898999316083,3.15
2137,-306.45000000000005,116.92898999316083,3.15
2138,-295.1,116.92898999316083,3.15
2139,-283.75000000000006,116.92898999316083,3.15
2140,-272.40000000000003,116.92898999316083,3.15
2141,-261.05,116.92898999316083,3.15
2142,-249.70000000000005,116.92898999316083,3.15
2143,-238.35000000000002,116.92898999316083,3.15
2144,-227.00000000000003,116.92898999316083,3.15
2145,-215.65000000000003,116.92898999316083,3.15
2146,-204.3,116.92898999316083,3.15
2147,-192.95000000000002,116.92898999316083,3.15
2148,-181.60000000000002,116.92898999316083,3.15
2149,-170.25000000000003,116.92898999316083,3.15
2150,-158.90000000000003,116.92898999316083,3.15
2151,-147.55,116.92898999316083,3.15
2152,-136.20000000000002,116.92898999316083,3.15
2153,-124.85000000000002,116.92898999316083,3.15
2154,-113.50000000000001,116.92898999316083,3.15
2155,-102.15,116.92898999316083,3.15
2156,-90.80000000000001,116.92898999316083,3.15
2157,-79.45000000000002,116.92898999316083,3.15
2158,-68.10000000000001,116.92898999316083,3.15
2159,-56.75000000000001,116.92898999316083,3.15
2160,-45.400000000000006,116.92898999316083,3.15
2161,-34.050000000000004,116.92898999316083,3.15
2162,-22.700000000000003,116.92898999316083,3.15
2163,-11.350000000000001,116.92898999316083,3.15
2164,0.0,116.92898999316083,3.15
2165,11.350000000000001,116.92898999316083,3.15
2166,22.700000000000003,116.92898999316083,3.15
2167,34.050000000000004,116.92898999316083,3.15
2168,45.400000000000006,116.92898999316083,3.15
2169,56.75000000000001,116.92898999316083,3.15
2170,68.10000000000001,116.92898999316083,3.15
2171,79.45000000000002,116.92898999316083,3.15
2172,90.80000000000001,116.92898999316083,3.15
2173,102.15,116.92898999316083,3.15
2174,113.50000000000001,116.92898999316083,3.15
2175,124.85000000000002,116.92898999316083,3.15
2176,136.20000000000002,116.92898999316083,3.15
2177,147.55,116.92898999316083,3.15
2178,158.90000000000003,116.92898999316083,3.15
2179,170.25000000000003,116.92898999316083,3.15
2180,181.60000000000002,116.92898999316083,3.15
2181,192.95000000000002,116.92898999316083,3.15
2182,204.3,116.92898999316083,3.15
2183,215.65000000000003,116.92898999316083,3.15
2184,227.00000000000003,116.92898999316083,3.15
2185,238.35000000000002,116.92898999316083,3.15
2186,249.70000000000005,116.92898999316083,3.15
2187,261.05,116.92898999316083,3.15
2188,272.40000000000003,116.92898999316083,3.15
2189,283.75000000000006,116.92898999316083,3.15
2190,295.1,116.92898999316083,3.15
2191,306.45000000000005,116.92898999316083,3.15
2192,317.80000000000007,116.92898999316083,3.15
2193,329.15000000000003,116.92898999316083,3.15
2194,-323.475,126.75837832611418,3.15
2195,-312.12500000000006,126.75837832611418,3.15
2196,-300.77500000000003,126.75837832611418,3.15
2197,-289.425,126.75837832611418,3.15
2198,-278.07500000000005,126.75837832611418,3.15
2199,-266.725,126.75837832611418,3.15
2200,-255.375,126.75837832611418,3.15
2201,-244.02500000000003,126.75837832611418,3.15
2202,-232.675,126.75837832611418,3.15
2203,-221.32500000000002,126.75837832611418,3.15
2204,-209.97500000000002,126.75837832611418,3.15
2205,-198.625,126.75837832611418,3.15
2206,-187.275,126.75837832611418,3.15
2207,-175.925,126.75837832611418,3.15
2208,-164.57500000000002,126.75837832611418,3.15
2209,-153.22500000000002,126.75837832611418,3.15
2210,-141.875,126.75837832611418,3.15
2211,-130.525,126.75837832611418,3.15
2212,-119.17500000000003,126.75837832611418,3.15
2213,-107.82500000000002,126.75837832611418,3.15
2214,-96.47500000000001,126.75837832611418,3.15
2215,-85.12500000000001,126.75837832611418,3.15
2216,-73.77500000000002,126.75837832611418,3.15
2217,-62.42500000000001,126.75837832611418,3.15
2218,-51.075,126.75837832611418,3.15
2219,-39.72500000000001,126.75837832611418,3.15
2220,-28.375000000000004,126.75837832611418,3.15
2221,-17.025000000000002,126.75837832611418,3.15
2222,-5.675000000000001,126.75837832611418,3.15
2223,5.675000000000001,126.75837832611418,3.15
2224,17.025000000000002,126.75837832611418,3.15
2225,28.375000000000004,126.75837832611418,3.15
2226,39.72500000000001,126.75837832611418,3.15
2227,51.075,126.75837832611418,3.15
2228,62.42500000000001,126.75837832611418,3.15
2229,73.775,126.75837832611418,3.15
2230,85.12500000000001,126.75837832611418,3.15
2231,96.47500000000001,126.75837832611418,3.15
2232,107.825,126.75837832611418,3.15
2233,119.17500000000001,126.75837832611418,3.15
2234,130.52500000000003,126.75837832611418,3.15
2235,141.87500000000003,126.75837832611418,3.15
2236,153.22500000000002,126.75837832611418,3.15
2237,164.57500000000005,126.75837832611418,3.15
2238,175.92500000000004,126.75837832611418,3.15
2239,187.27500000000003,126.75837832611418,3.15
2240,198.62500000000003,126.75837832611418,3.15
2241,209.97500000000002,126.75837832611418,3.15
2242,221.32500000000005,126.75837832611418,3.15
2243,232.67500000000004,126.75837832611418,3.15
2244,244.02500000000003,126.75837832611418,3.15
2245,255.37500000000006,126.75837832611418,3.15
2246,266.725,126.75837832611418,3.15
2247,278.07500000000005,126.75837832611418,3.15
2248,289.42500000000007,126.75837832611418,3.15
2249,300.77500000000003,126.75837832611418,3.15
2250,312.12500000000006,126.75837832611418,3.15
2251,323.4750000000001,126.75837832611418,3.15
2252,-317.80000000000007,136.58776665906757,3.15
2253,-306.45000000000005,136.58776665906757,3.15
2254,-295.1,136.58776665906757,3.15
2255,-283.75000000000006,136.58776665906757,3.15
2256,-272.40000000000003,136.58776665906757,3.15
2257,-261.05,136.58776665906757,3.15
2258,-249.70000000000005,136.58776665906757,3.15
2259,-238.35000000000002,136.58776665906757,3.15
2260,-227.00000000000003,136.58776665906757,3.15
2261,-215.65000000000003,136.58776665906757,3.15
2262,-204.3,136.58776665906757,3.15
2263,-192.95000000000002,136.58776665906757,3.15
2264,-181.60000000000002,136.58776665906757,3.15
2265,-170.25000000000003,136.58776665906757,3.15
2266,-158.90000000000003,136.58776665906757,3.15
2267,-147.55,136.58776665906757,3.15
2268,-136.20000000000002,136.58776665906757,3.15
2269,-124.85000000000002,136.58776665906757,3.15
2270,-113.50000000000001,136.58776665906757,3.15
2271,-102.15,136.58776665906757,3.15
2272,-90.80000000000001,136.58776665906757,3.15
2273,-79.45000000000002,136.58776665906757,3.15
2274,-68.10000000000001,136.58776665906757,3.15
2275,-56.75000000000001,136.58776665906757,3.15
2276,-45.400000000000006,136.58776665906757,3.15
2277,-34.050000000000004,136.58776665906757,3.15
2278,-22.700000000000003,136.58776665906757,3.15
2279,-11.350000000000001,136.58776665906757,3.15
2280,0.0,136.58776665906757,3.15
2281,11.350000000000001,136.58776665906757,3.15
2282,22.700000000000003,136.58776665906757,3.15
2283,34.050000000000004,136.58776665906757,3.15
2284,45.400000000000006,136.58776665906757,3.15
2285,56.75000000000001,136.58776665906757,3.15
2286,68.10000000000001,136.58776665906757,3.15
2287,79.45000000000002,136.58776665906757,3.15
2288,90.80000000000001,136.58776665906757,3.15
2289,102.15,136.58776665906757,3.15
2290,113.50000000000001,136.58776665906757,3.15
2291,124.85000000000002,136.58776665906757,3.15
2292,136.20000000000002,136.58776665906757,3.15
2293,147.55,136.58776665906757,3.15
2294,158.90000000000003,136.58776665906757,3.15
2295,170.25000000000003,136.58776665906757,3.15
2296,181.60000000000002,136.58776665906757,3.15
2297,192.95000000000002,136.58776665906757,3.15
2298,204.3,136.58776665906757,3.15
2299,215.65000000000003,136.58776665906757,3.15
2300,227.00000000000003,136.58776665906757,3.15
2301,238.35000000000002,136.58776665906757,3.15
2302,249.70000000000005,136.58776665906757,3.15
2303,261.05,136.58776665906757,3.15
2304,272.40000000000003,136.58776665906757,3.15
2305,283.75000000000006,136.58776665906757,3.15
2306,295.1,136.58776665906757,3.15
2307,306.45000000000005,136.58776665906757,3.15
2308,317.80000000000007,136.58776665906757,3.15
2309,-312.12500000000006,146.41715499202095,3.15
2310,-300.77500000000003,146.41715499202095,3.15
2311,-289.425,146.41715499202095,3.15
2312,-278.07500000000005,146.41715499202095,3.15
2313,-266.725,146.41715499202095,3.15
2314,-255.375,146.41715499202095,3.15
2315,-244.02500000000003,146.41715499202095,3.15
2316,-232.675,146.41715499202095,3.15
2317,-221.32500000000002,146.41715499202095,3.15
2318,-209.97500000000002,146.41715499202095,3.15
2319,-198.625,146.41715499202095,3.15
2320,-187.275,146.41715499202095,3.15
2321,-175.925,146.41715499202095,3.15
2322,-164.57500000000002,146.41715499202095,3.15
2323,-153.22500000000002,146.41715499202095,3.15
2324,-141.875,146.41715499202095,3.15
2325,-130.525,146.41715499202095,3.15
2326,-119.17500000000003,146.41715499202095,3.15
2327,-107.82500000000002,146.41715499202095,3.15
2328,-96.47500000000001,146.41715499202095,3.15
2329,-85.12500000000001,146.41715499202095,3.15
2330,-73.77500000000002,146.41715499202095,3.15
2331,-62.42500000000001,146.41715499202095,3.15
2332,-51.075,146.41715499202095,3.15
2333,-39.72500000000001,146.41715499202095,3.15
2334,-28.375000000000004,146.41715499202095,3.15
2335,-17.025000000000002,146.41715499202095,3.15
2336,-5.675000000000001,146.41715499202095,3.15
2337,5.675000000000001,146.41715499202095,3.15
2338,17.025000000000002,146.41715499202095,3.15
2339,28.375000000000004,146.41715499202095,3.15
2340,39.72500000000001,146.41715499202095,3.15
2341,51.075,146.41715499202095,3.15
2342,62.42500000000001,146.41715499202095,3.15
2343,73.775,146.41715499202095,3.15
2344,85.12500000000001,146.41715499202095,3.15
2345,96.47500000000001,146.41715499202095,3.15
2346,107.825,146.41715499202095,3.15
2347,119.17500000000001,146.41715499202095,3.15
2348,130.52500000000003,146.41715499202095,3.15
2349,141.87500000000003,146.41715499202095,3.15
2350,153.22500000000002,146.41715499202095,3.15
2351,164.57500000000005,146.41715499202095,3.15
2352,175.92500000000004,146.41715499202095,3.15
2353,187.27500000000003,146.41715499202095,3.15
2354,198.62500000000003,146.41715499202095,3.15
2355,209.97500000000002,146.41715499202095,3.15
2356,221.32500000000005,146.41715499202095,3.15
2357,232.67500000000004,146.41715499202095,3.15
2358,244.02500000000003,146.41715499202095,3.15
2359,255.37500000000006,146.41715499202095,3.15
2360,266.725,146.41715499202095,3.15
2361,278.07500000000005,146.41715499202095,3.15
2362,289.42500000000007,146.41715499202095,3.15
2363,300.77500000000003,146.41715499202095,3.15
2364,312.12500000000006,146.41715499202095,3.15
2365,-306.45000000000005,156.2465433249743,3.15
2366,-295.1,156.2465433249743,3.15
2367,-283.75000000000006,156.2465433249743,3.15
2368,-272.40000000000003,156.2465433249743,3.15
2369,-261.05,156.2465433249743,3.15
2370,-249.70000000000005,156.2465433249743,3.15
2371,-238.35000000000002,156.2465433249743,3.15
2372,-227.00000000000003,156.2465433249743,3.15
2373,-215.65000000000003,156.2465433249743,3.15
2374,-204.3,156.2465433249743,3.15
2375,-192.95000000000002,156.2465433249743,3.15
2376,-181.60000000000002,156.2465433249743,3.15
2377,-170.25000000000003,156.2465433249743,3.15
2378,-158.90000000000003,156.2465433249743,3.15
2379,-147.55,156.2465433249743,3.15
2380,-136.20000000000002,156.2465433249743,3.15
2381,-124.85000000000002,156.2465433249743,3.15
2382,-113.50000000000001,156.2465433249743,3.15
2383,-102.15,156.2465433249743,3.15
2384,-90.80000000000001,156.2465433249743,3.15
2385,-79.45000000000002,156.2465433249743,3.15
2386,-68.10000000000001,156.2465433249743,3.15
2387,-56.75000000000001,156.2465433249743,3.15
2388,-45.400000000000006,156.2465433249743,3.15
2389,-34.050000000000004,156.2465433249743,3.15
2390,-22.700000000000003,156.2465433249743,3.15
2391,-11.350000000000001,156.2465433249743,3.15
2392,0.0,156.2465433249743,3.15
2393,11.350000000000001,156.2465433249743,3.15
2394,22.700000000000003,156.2465433249743,3.15
2395,34.050000000000004,156.2465433249743,3.15
2396,45.400000000000006,156.2465433249743,3.15
2397,56.75000000000001,156.2465433249743,3.15
2398,68.10000000000001,156.2465433249743,3.15
2399,79.45000000000002,156.2465433249743,3.15
2400,90.80000000000001,156.2465433249743,3.15
2401,102.15,156.2465433249743,3.15
2402,113.50000000000001,156.2465433249743,3.15
2403,124.85000000000002,156.2465433249743,3.15
2404,136.20000000000002,156.2465433249743,3.15
2405,147.55,156.2465433249743,3.15
2406,158.90000000000003,156.2465433249743,3.15
2407,170.25000000000003,156.2465433249743,3.15
2408,181.60000000000002,156.2465433249743,3.15
2409,192.95000000000002,156.2465433249743,3.15
2410,204.3,156.2465433249743,3.15
2411,215.65000000000003,156.2465433249743,3.15
2412,227.00000000000003,156.2465433249743,3.15
2413,238.35000000000002,156.2465433249743,3.15
2414,249.70000000000005,156.2465433249743,3.15
2415,261.05,156.2465433249743,3.15
2416,272.40000000000003,156.2465433249743,3.15
2417,283.75000000000006,156.2465433249743,3.15
2418,295.1,156.2465433249743,3.15
2419,306.45000000000005,156.2465433249743,3.15
2420,-300.77500000000003,166.0759316579277,3.15
2421,-289.425,166.0759316579277,3.15
2422,-278.07500000000005,166.0759316579277,3.15
2423,-266.725,166.0759316579277,3.15
2424,-255.375,166.0759316579277,3.15
2425,-244.02500000000003,166.0759316579277,3.15
2426,-232.675,166.0759316579277,3.15
2427,-221.32500000000002,166.0759316579277,3.15
2428,-209.97500000000002,166.0759316579277,3.15
2429,-198.625,166.0759316579277,3.15
2430,-187.275,166.0759316579277,3.15
2431,-175.925,166.0759316579277,3.15
2432,-164.57500000000002,166.0759316579277,3.15
2433,-153.22500000000002,166.0759316579277,3.15
2434,-141.875,166.0759316579277,3.15
2435,-130.525,166.0759316579277,3.15
2436,-119.17500000000003,166.0759316579277,3.15
2437,-107.82500000000002,166.0759316579277,3.15
2438,-96.47500000000001,166.0759316579277,3.15
2439,-85.12500000000001,166.0759316579277,3.15
2440,-73.77500000000002,166.0759316579277,3.15
2441,-62.42500000000001,166.0759316579277,3.15
2442,-51.075,166.0759316579277,3.15
2443,-39.72500000000001,166.0759316579277,3.15
2444,-28.375000000000004,166.0759316579277,3.15
2445,-17.025000000000002,166.0759316579277,3.15
2446,-5.675000000000001,166.0759316579277,3.15
2447,5.675000000000001,166.0759316579277,3.15
2448,17.025000000000002,166.0759316579277,3.15
2449,28.375000000000004,166.0759316579277,3.15
2450,39.72500000000001,166.0759316579277,3.15
2451,51.075,166.0759316579277,3.15
2452,62.42500000000001,166.0759316579277,3.15
2453,73.775,166.0759316579277,3.15
2454,85.12500000000001,166.0759316579277,3.15
2455,96.47500000000001,166.0759316579277,3.15
2456,107.825,166.0759316579277,3.15
2457,119.17500000000001,166.0759316579277,3.15
2458,130.52500000000003,166.0759316579277,3.15
2459,141.87500000000003,166.0759316579277,3.15
2460,153.22500000000002,166.0759316579277,3.15
2461,164.57500000000005,166.0759316579277,3.15
2462,175.92500000000004,166.0759316579277,3.15
2463,187.27500000000003,166.0759316579277,3.15
2464,198.62500000000003,166.0759316579277,3.15
2465,209.97500000000002,166.0759316579277,3.15
2466,221.32500000000005,166.0759316579277,3.15
2467,232.67500000000004,166.0759316579277,3.15
2468,244.02500000000003,166.0759316579277,3.15
2469,255.37500000000006,166.0759316579277,3.15
2470,266.725,166.0759316579277,3.15
2471,278.07500000000005,166.0759316579277,3.15
2472,289.42500000000007,166.0759316579277,3.15
2473,300.77500000000003,166.0759316579277,3.15
2474,-295.1,175.90531999088108,3.15
2475,-283.75000000000006,175.90531999088108,3.15
2476,-272.40000000000003,175.90531999088108,3.15
2477,-261.05,175.90531999088108,3.15
2478,-249.70000000000005,175.90531999088108,3.15
2479,-238.35000000000002,175.90531999088108,3.15
2480,-227.00000000000003,175.90531999088108,3.15
2481,-215.65000000000003,175.90531999088108,3.15
2482,-204.3,175.90531999088108,3.15
2483,-192.95000000000002,175.90531999088108,3.15
2484,-181.60000000000002,175.90531999088108,3.15
2485,-170.25000000000003,175.90531999088108,3.15
2486,-158.90000000000003,175.90531999088108,3.15
2487,-147.55,175.90531999088108,3.15
2488,-136.20000000000002,175.90531999088108,3.15
2489,-124.85000000000002,175.90531999088108,3.15
2490,-113.50000000000001,175.90531999088108,3.15
2491,-102.15,175.90531999088108,3.15
2492,-90.80000000000001,175.90531999088108,3.15
2493,-79.45000000000002,175.90531999088108,3.15
2494,-68.10000000000001,175.90531999088108,3.15
2495,-56.75000000000001,175.90531999088108,3.15
2496,-45.400000000000006,175.90531999088108,3.15
2497,-34.050000000000004,175.90531999088108,3.15
2498,-22.700000000000003,175.90531999088108,3.15
2499,-11.350000000000001,175.90531999088108,3.15
2500,0.0,175.90531999088108,3.15
2501,11.350000000000001,175.90531999088108,3.15
2502,22.700000000000003,175.90531999088108,3.15
2503,34.050000000000004,175.90531999088108,3.15
2504,45.400000000000006,175.90531999088108,3.15
2505,56.75000000000001,175.90531999088108,3.15
2506,68.10000000000001,175.90531999088108,3.15
2507,79.45000000000002,175.90531999088108,3.15
2508,90.80000000000001,175.90531999088108,3.15
2509,102.15,175.90531999088108,3.15
2510,113.50000000000001,175.90531999088108,3.15
2511,124.85000000000002,175.90531999088108,3.15
2512,136.20000000000002,175.90531999088108,3.15
2513,147.55,175.90531999088108,3.15
2514,158.90000000000003,175.90531999088108,3.15
2515,170.25000000000003,175.90531999088108,3.15
2516,181.60000000000002,175.90531999088108,3.15
2517,192.95000000000002,175.90531999088108,3.15
2518,204.3,175.90531999088108,3.15
2519,215.65000000000003,175.90531999088108,3.15
2520,227.00000000000003,175.90531999088108,3.15
2521,238.35000000000002,175.90531999088108,3.15
2522,249.70000000000005,175.90531999088108,3.15
2523,261.05,175.90531999088108,3.15
2524,272.40000000000003,175.90531999088108,3.15
2525,283.75000000000006,175.90531999088108,3.15
2526,295.1,175.90531999088108,3.15
2527,-289.425,185.73470832383447,3.15
2528,-278.07500000000005,185.73470832383447,3.15
2529,-266.725,185.73470832383447,3.15
2530,-255.375,185.73470832383447,3.15
2531,-244.02500000000003,185.73470832383447,3.15
2532,-232.675,185.73470832383447,3.15
2533,-221.32500000000002,185.73470832383447,3.15
2534,-209.97500000000002,185.73470832383447,3.15
2535,-198.625,185.73470832383447,3.15
2536,-187.275,185.73470832383447,3.15
2537,-175.925,185.73470832383447,3.15
2538,-164.57500000000002,185.73470832383447,3.15
2539,-153.22500000000002,185.73470832383447,3.15
2540,-141.875,185.73470832383447,3.15
2541,-130.525,185.73470832383447,3.15
2542,-119.17500000000003,185.73470832383447,3.15
2543,-107.82500000000002,185.73470832383447,3.15
2544,-96.47500000000001,185.73470832383447,3.15
2545,-85.12500000000001,185.73470832383447,3.15
2546,-73.77500000000002,185.73470832383447,3.15
2547,-62.42500000000001,185.73470832383447,3.15
2548,-51.075,185.73470832383447,3.15
2549,-39.72500000000001,185.73470832383447,3.15
2550,-28.375000000000004,185.73470832383447,3.15
2551,-17.025000000000002,185.73470832383447,3.15
2552,-5.675000000000001,185.73470832383447,3.15
2553,5.675000000000001,185.73470832383447,3.15
2554,17.025000000000002,185.73470832383447,3.15
2555,28.375000000000004,185.73470832383447,3.15
2556,39.72500000000001,185.73470832383447,3.15
2557,51.075,185.73470832383447,3.15
2558,62.42500000000001,185.73470832383447,3.15
2559,73.775,185.73470832383447,3.15
2560,85.12500000000001,185.73470832383447,3.15
2561,96.47500000000001,185.73470832383447,3.15
2562,107.825,185.73470832383447,3.15
2563,119.17500000000001,185.73470832383447,3.15
2564,130.52500000000003,185.73470832383447,3.15
2565,141.87500000000003,185.73470832383447,3.15
2566,153.22500000000002,185.73470832383447,3.15
2567,164.57500000000005,185.73470832383447,3.15
2568,175.92500000000004,185.73470832383447,3.15
2569,187.27500000000003,185.73470832383447,3.15
2570,198.62500000000003,185.73470832383447,3.15
2571,209.97500000000002,185.73470832383447,3.15
2572,221.32500000000005,185.73470832383447,3.15
2573,232.67500000000004,185.73470832383447,3.15
2574,244.02500000000003,185.73470832383447,3.15
2575,255.37500000000006,185.73470832383447,3.15
2576,266.725,185.73470832383447,3.15
2577,278.07500000000005,185.73470832383447,3.15
2578,289.42500000000007,185.73470832383447,3.15
2579,-283.75000000000006,195.56409665678785,3.15
2580,-272.40000000000003,195.56409665678785,3.15
2581,-261.05,195.56409665678785,3.15
2582,-249.70000000000005,195.56409665678785,3.15
2583,-238.35000000000002,195.56409665678785,3.15
2584,-227.00000000000003,195.56409665678785,3.15
2585,-215.65000000000003,195.56409665678785,3.15
2586,-204.3,195.56409665678785,3.15
2587,-192.95000000000002,195.56409665678785,3.15
2588,-181.60000000000002,195.56409665678785,3.15
2589,-170.25000000000003,195.56409665678785,3.15
2590,-158.90000000000003,195.56409665678785,3.15
2591,-147.55,195.56409665678785,3.15
2592,-136.20000000000002,195.56409665678785,3.15
2593,-124.85000000000002,195.56409665678785,3.15
2594,-113.50000000000001,195.56409665678785,3.15
2595,-102.15,195.56409665678785,3.15
2596,-90.80000000000001,195.56409665678785,3.15
2597,-79.45000000000002,195.56409665678785,3.15
2598,-68.10000000000001,195.56409665678785,3.15
2599,-56.75000000000001,195.56409665678785,3.15
2600,-45.400000000000006,195.56409665678785,3.15
2601,-34.050000000000004,195.56409665678785,3.15
2602,-22.700000000000003,195.56409665678785,3.15
2603,-11.350000000000001,195.56409665678785,3.15
2604,0.0,195.56409665678785,3.15
2605,11.350000000000001,195.56409665678785,3.15
2606,22.700000000000003,195.56409665678785,3.15
2607,34.050000000000004,195.56409665678785,3.15
2608,45.400000000000006,195.56409665678785,3.15
2609,56.75000000000001,195.56409665678785,3.15
2610,68.10000000000001,195.56409665678785,3.15
2611,79.45000000000002,195.56409665678785,3.15
2612,90.80000000000001,195.56409665678785,3.15
2613,102.15,195.56409665678785,3.15
2614,113.50000000000001,195.56409665678785,3.15
2615,124.85000000000002,195.56409665678785,3.15
2616,136.20000000000002,195.56409665678785,3.15
2617,147.55,195.56409665678785,3.15
2618,158.90000000000003,195.56409665678785,3.15
2619,170.25000000000003,195.56409665678785,3.15
2620,181.60000000000002,195.56409665678785,3.15
2621,192.95000000000002,195.56409665678785,3.15
2622,204.3,195.56409665678785,3.15
2623,215.65000000000003,195.56409665678785,3.15
2624,227.00000000000003,195.56409665678785,3.15
2625,238.35000000000002,195.56409665678785,3.15
2626,249.70000000000005,195.56409665678785,3.15
2627,261.05,195.56409665678785,3.15
2628,272.40000000000003,195.56409665678785,3.15
2629,283.75000000000006,195.56409665678785,3.15
2630,-278.07500000000005,205.39348498974124,3.15
2631,-266.725,205.39348498974124,3.15
2632,-255.375,205.39348498974124,3.15
2633,-244.02500000000003,205.39348498974124,3.15
2634,-232.675,205.39348498974124,3.15
2635,-221.32500000000002,205.39348498974124,3.15
2636,-209.97500000000002,205.39348498974124,3.15
2637,-198.625,205.39348498974124,3.15
2638,-187.275,205.39348498974124,3.15
2639,-175.925,205.39348498974124,3.15
2640,-164.57500000000002,205.39348498974124,3.15
2641,-153.22500000000002,205.39348498974124,3.15
2642,-141.875,205.39348498974124,3.15
2643,-130.525,205.39348498974124,3.15
2644,-119.17500000000003,205.39348498974124,3.15
2645,-107.82500000000002,205.39348498974124,3.15
2646,-96.47500000000001,205.39348498974124,3.15
2647,-85.12500000000001,205.39348498974124,3.15
2648,-73.77500000000002,205.39348498974124,3.15
2649,-62.42500000000001,205.39348498974124,3.15
2650,-51.075,205.39348498974124,3.15
2651,-39.72500000000001,205.39348498974124,3.15
2652,-28.375000000000004,205.39348498974124,3.15
2653,-17.025000000000002,205.39348498974124,3.15
2654,-5.675000000000001,205.39348498974124,3.15
2655,5.675000000000001,205.39348498974124,3.15
2656,17.025000000000002,205.39348498974124,3.15
2657,28.375000000000004,205.39348498974124,3.15
2658,39.72500000000001,205.39348498974124,3.15
2659,51.075,205.39348498974124,3.15
2660,62.42500000000001,205.39348498974124,3.15
2661,73.775,205.39348498974124,3.15
2662,85.12500000000001,205.39348498974124,3.15
2663,96.47500000000001,205.39348498974124,3.15
2664,107.825,205.39348498974124,3.15
2665,119.17500000000001,205.39348498974124,3.15
2666,130.52500000000003,205.39348498974124,3.15
2667,141.87500000000003,205.39348498974124,3.15
2668,153.22500000000002,205.39348498974124,3.15
2669,164.57500000000005,205.39348498974124,3.15
2670,175.92500000000004,205.39348498974124,3.15
2671,187.27500000000003,205.39348498974124,3.15
2672,198.62500000000003,205.39348498974124,3.15
2673,209.97500000000002,205.39348498974124,3.15
2674,221.32500000000005,205.39348498974124,3.15
2675,232.67500000000004,205.39348498974124,3.15
2676,244.02500000000003,205.39348498974124,3.15
2677,255.37500000000006,205.39348498974124,3.15
2678,266.725,205.39348498974124,3.15
2679,278.07500000000005,205.39348498974124,3.15
2680,-272.40000000000003,215.22287332269457,3.15
2681,-261.05,215.22287332269457,3.15
2682,-249.70000000000005,215.22287332269457,3.15
2683,-238.35000000000002,215.22287332269457,3.15
2684,-227.00000000000003,215.22287332269457,3.15
2685,-215.65000000000003,215.22287332269457,3.15
2686,-204.3,215.22287332269457,3.15
2687,-192.95000000000002,215.22287332269457,3.15
2688,-181.60000000000002,215.22287332269457,3.15
2689,-170.25000000000003,215.22287332269457,3.15
2690,-158.90000000000003,215.22287332269457,3.15
2691,-147.55,215.22287332269457,3.15
2692,-136.20000000000002,215.22287332269457,3.15
2693,-124.85000000000002,215.22287332269457,3.15
2694,-113.50000000000001,215.22287332269457,3.15
2695,-102.15,215.22287332269457,3.15
2696,-90.80000000000001,215.22287332269457,3.15
2697,-79.45000000000002,215.22287332269457,3.15
2698,-68.10000000000001,215.22287332269457,3.15
2699,-56.75000000000001,215.22287332269457,3.15
2700,-45.400000000000006,215.22287332269457,3.15
2701,-34.050000000000004,215.22287332269457,3.15
2702,-22.700000000000003,215.22287332269457,3.15
2703,-11.350000000000001,215.22287332269457,3.15
2704,0.0,215.22287332269457,3.15
2705,11.350000000000001,215.22287332269457,3.15
2706,22.700000000000003,215.22287332269457,3.15
2707,34.050000000000004,215.22287332269457,3.15
2708,45.400000000000006,215.22287332269457,3.15
2709,56.75000000000001,215.22287332269457,3.15
2710,68.10000000000001,215.22287332269457,3.15
2711,79.45000000000002,215.22287332269457,3.15
2712,90.80000000000001,215.22287332269457,3.15
2713,102.15,215.22287332269457,3.15
2714,113.50000000000001,215.22287332269457,3.15
2715,124.85000000000002,215.22287332269457,3.15
2716,136.20000000000002,215.22287332269457,3.15
2717,147.55,215.22287332269457,3.15
2718,158.90000000000003,215.22287332269457,3.15
2719,170.25000000000003,215.22287332269457,3.15
2720,181.60000000000002,215.22287332269457,3.15
2721,192.95000000000002,215.22287332269457,3.15
2722,204.3,215.22287332269457,3.15
2723,215.65000000000003,215.22287332269457,3.15
2724,227.00000000000003,215.22287332269457,3.15
2725,238.35000000000002,215.22287332269457,3.15
2726,249.70000000000005,215.22287332269457,3.15
2727,261.05,215.22287332269457,3.15
2728,272.40000000000003,215.22287332269457,3.15
2729,-266.725,225.05226165564795,3.15
2730,-255.375,225.05226165564795,3.15
2731,-244.02500000000003,225.05226165564795,3.15
2732,-232.675,225.05226165564795,3.15
2733,-221.32500000000002,225.05226165564795,3.15
2734,-209.97500000000002,225.05226165564795,3.15
2735,-198.625,225.05226165564795,3.15
2736,-187.275,225.05226165564795,3.15
2737,-175.925,225.05226165564795,3.15
2738,-164.57500000000002,225.05226165564795,3.15
2739,-153.22500000000002,225.05226165564795,3.15
2740,-141.875,225.05226165564795,3.15
2741,-130.525,225.05226165564795,3.15
2742,-119.17500000000003,225.05226165564795,3.15
2743,-107.82500000000002,225.05226165564795,3.15
2744,-96.47500000000001,225.05226165564795,3.15
2745,-85.12500000000001,225.05226165564795,3.15
2746,-73.77500000000002,225.05226165564795,3.15
2747,-62.42500000000001,225.05226165564795,3.15
2748,-51.075,225.05226165564795,3.15
2749,-39.72500000000001,225.05226165564795,3.15
2750,-28.375000000000004,225.05226165564795,3.15
2751,-17.025000000000002,225.05226165564795,3.15
2752,-5.675000000000001,225.05226165564795,3.15
2753,5.675000000000001,225.05226165564795,3.15
2754,17.025000000000002,225.05226165564795,3.15
2755,28.375000000000004,225.05226165564795,3.15
2756,39.72500000000001,225.05226165564795,3.15
2757,51.075,225.05226165564795,3.15
2758,62.42500000000001,225.05226165564795,3.15
2759,73.775,225.05226165564795,3.15
2760,85.12500000000001,225.05226165564795,3.15
2761,96.47500000000001,225.05226165564795,3.15
2762,107.825,225.05226165564795,3.15
2763,119.17500000000001,225.05226165564795,3.15
2764,130.52500000000003,225.05226165564795,3.15
2765,141.87500000000003,225.05226165564795,3.15
2766,153.22500000000002,225.05226165564795,3.15
2767,164.57500000000005,225.05226165564795,3.15
2768,175.92500000000004,225.05226165564795,3.15
2769,187.27500000000003,225.05226165564795,3.15
2770,198.62500000000003,225.05226165564795,3.15
2771,209.97500000000002,225.05226165564795,3.15
2772,221.32500000000005,225.05226165564795,3.15
2773,232.67500000000004,225.05226165564795,3.15
2774,244.02500000000003,225.05226165564795,3.15
2775,255.37500000000006,225.05226165564795,3.15
2776,266.725,225.05226165564795,3.15
2777,-249.70000000000005,234.88164998860134,3.15
2778,-238.35000000000002,234.88164998860134,3.15
2779,-227.00000000000003,234.88164998860134,3.15
2780,-215.65000000000003,234.88164998860134,3.15
2781,-204.3,234.88164998860134,3.15
2782,-192.95000000000002,234.88164998860134,3.15
2783,-181.60000000000002,234.88164998860134,3.15
2784,-170.25000000000003,234.88164998860134,3.15
2785,-158.90000000000003,234.88164998860134,3.15
2786,-147.55,234.88164998860134,3.15
2787,-136.20000000000002,234.88164998860134,3.15
2788,-124.85000000000002,234.88164998860134,3.15
2789,-113.50000000000001,234.88164998860134,3.15
2790,-102.15,234.88164998860134,3.15
2791,-90.80000000000001,234.88164998860134,3.15
2792,-79.45000000000002,234.88164998860134,3.15
2793,-68.10000000000001,234.88164998860134,3.15
2794,-56.75000000000001,234.88164998860134,3.15
2795,-45.400000000000006,234.88164998860134,3.15
2796,-34.050000000000004,234.88164998860134,3.15
2797,-22.700000000000003,234.88164998860134,3.15
2798,-11.350000000000001,234.88164998860134,3.15
2799,0.0,234.88164998860134,3.15
2800,11.350000000000001,234.88164998860134,3.15
2801,22.700000000000003,234.88164998860134,3.15
2802,34.050000000000004,234.88164998860134,3.15
2803,45.400000000000006,234.88164998860134,3.15
2804,56.75000000000001,234.88164998860134,3.15
2805,68.10000000000001,234.88164998860134,3.15
2806,79.45000000000002,234.88164998860134,3.15
2807,90.80000000000001,234.88164998860134,3.15
2808,102.15,234.88164998860134,3.15
2809,113.50000000000001,234.88164998860134,3.15
2810,124.85000000000002,234.88164998860134,3.15
2811,136.20000000000002,234.88164998860134,3.15
2812,147.55,234.88164998860134,3.15
2813,158.90000000000003,234.88164998860134,3.15
2814,170.25000000000003,234.88164998860134,3.15
2815,181.60000000000002,234.88164998860134,3.15
2816,192.95000000000002,234.88164998860134,3.15
2817,204.3,234.88164998860134,3.15
2818,215.65000000000003,234.88164998860134,3.15
2819,227.00000000000003,234.88164998860134,3.15
2820,238.35000000000002,234.88164998860134,3.15
2821,249.70000000000005,234.88164998860134,3.15
2822,-244.02500000000003,244.71103832155472,3.15
2823,-232.675,244.71103832155472,3.15
2824,-221.32500000000002,244.71103832155472,3.15
2825,-209.97500000000002,244.71103832155472,3.15
2826,-198.625,244.71103832155472,3.15
2827,-187.275,244.71103832155472,3.15
2828,-175.925,244.71103832155472,3.15
2829,-164.57500000000002,244.71103832155472,3.15
2830,-153.22500000000002,244.71103832155472,3.15
2831,-141.875,244.71103832155472,3.15
2832,-130.525,244.71103832155472,3.15
2833,-119.17500000000003,244.71103832155472,3.15
2834,-107.82500000000002,244.71103832155472,3.15
2835,-96.47500000000001,244.71103832155472,3.15
2836,-85.12500000000001,244.71103832155472,3.15
2837,-73.77500000000002,244.71103832155472,3.15
2838,-62.42500000000001,244.71103832155472,3.15
2839,-51.075,244.71103832155472,3.15
2840,-39.72500000000001,244.71103832155472,3.15
2841,-28.375000000000004,244.71103832155472,3.15
2842,-17.025000000000002,244.71103832155472,3.15
2843,-5.675000000000001,244.71103832155472,3.15
2844,5.675000000000001,244.71103832155472,3.15
2845,17.025000000000002,244.71103832155472,3.15
2846,28.375000000000004,244.71103832155472,3.15
2847,39.72500000000001,244.71103832155472,3.15
2848,51.075,244.71103832155472,3.15
2849,62.42500000000001,244.71103832155472,3.15
2850,73.775,244.71103832155472,3.15
2851,85.12500000000001,244.71103832155472,3.15
2852,96.47500000000001,244.71103832155472,3.15
2853,107.825,244.71103832155472,3.15
2854,119.17500000000001,244.71103832155472,3.15
2855,130.52500000000003,244.71103832155472,3.15
2856,141.87500000000003,244.71103832155472,3.15
2857,153.22500000000002,244.71103832155472,3.15
2858,164.57500000000005,244.71103832155472,3.15
2859,175.92500000000004,244.71103832155472,3.15
2860,187.27500000000003,244.71103832155472,3.15
2861,198.62500000000003,244.71103832155472,3.15
2862,209.97500000000002,244.71103832155472,3.15
2863,221.32500000000005,244.71103832155472,3.15
2864,232.67500000000004,244.71103832155472,3.15
2865,244.02500000000003,244.71103832155472,3.15
2866,-238.35000000000002,254.5404266545081,3.15
2867,-227.00000000000003,254.5404266545081,3.15
2868,-215.65000000000003,254.5404266545081,3.15
2869,-204.3,254.5404266545081,3.15
2870,-192.95000000000002,254.5404266545081,3.15
2871,-181.60000000000002,254.5404266545081,3.15
2872,-170.25000000000003,254.5404266545081,3.15
2873,-158.90000000000003,254.5404266545081,3.15
2874,-147.55,254.5404266545081,3.15
2875,-136.20000000000002,254.5404266545081,3.15
2876,-124.85000000000002,254.5404266545081,3.15
2877,-113.50000000000001,254.5404266545081,3.15
2878,-102.15,254.5404266545081,3.15
2879,-90.80000000000001,254.5404266545081,3.15
2880,-79.45000000000002,254.5404266545081,3.15
2881,-68.10000000000001,254.5404266545081,3.15
2882,-56.75000000000001,254.5404266545081,3.15
2883,-45.400000000000006,254.5404266545081,3.15
2884,-34.050000000000004,254.5404266545081,3.15
2885,-22.700000000000003,254.5404266545081,3.15
2886,-11.350000000000001,254.5404266545081,3.15
2887,0.0,254.5404266545081,3.15
2888,11.350000000000001,254.5404266545081,3.15
2889,22.700000000000003,254.5404266545081,3.15
2890,34.050000000000004,254.5404266545081,3.15
2891,45.400000000000006,254.5404266545081,3.15
2892,56.75000000000001,254.5404266545081,3.15
2893,68.10000000000001,254.5404266545081,3.15
2894,79.45000000000002,254.5404266545081,3.15
2895,90.80000000000001,254.5404266545081,3.15
2896,102.15,254.5404266545081,3.15
2897,113.50000000000001,254.5404266545081,3.15
2898,124.85000000000002,254.5404266545081,3.15
2899,136.20000000000002,254.5404266545081,3.15
2900,147.55,254.5404266545081,3.15
2901,158.90000000000003,254.5404266545081,3.15
2902,170.25000000000003,254.5404266545081,3.15
2903,181.60000000000002,254.5404266545081,3.15
2904,192.95000000000002,254.5404266545081,3.15
2905,204.3,254.5404266545081,3.15
2906,215.65000000000003,254.5404266545081,3.15
2907,227.00000000000003,254.5404266545081,3.15
2908,238.35000000000002,254.5404266545081,3.15
2909,-221.32500000000002,264.3698149874615,3.15
2910,-209.97500000000002,264.3698149874615,3.15
2911,-198.625,264.3698149874615,3.15
2912,-187.275,264.3698149874615,3.15
2913,-175.925,264.3698149874615,3.15
2914,-164.57500000000002,264.3698149874615,3.15
2915,-153.22500000000002,264.3698149874615,3.15
2916,-141.875,264.3698149874615,3.15
2917,-130.525,264.3698149874615,3.15
2918,-119.17500000000003,264.3698149874615,3.15
2919,-107.82500000000002,264.3698149874615,3.15
2920,-96.47500000000001,264.3698149874615,3.15
2921,-85.12500000000001,264.3698149874615,3.15
2922,-73.77500000000002,264.3698149874615,3.15
2923,-62.42500000000001,264.3698149874615,3.15
2924,-51.075,264.3698149874615,3.15
2925,-39.72500000000001,264.3698149874615,3.15
2926,-28.375000000000004,264.3698149874615,3.15
2927,-17.025000000000002,264.3698149874615,3.15
2928,-5.675000000000001,264.3698149874615,3.15
2929,5.675000000000001,264.3698149874615,3.15
2930,17.025000000000002,264.3698149874615,3.15
2931,28.375000000000004,264.3698149874615,3.15
2932,39.72500000000001,264.3698149874615,3.15
2933,51.075,264.3698149874615,3.15
2934,62.42500000000001,264.3698149874615,3.15
2935,73.775,264.3698149874615,3.15
2936,85.12500000000001,264.3698149874615,3.15
2937,96.47500000000001,264.3698149874615,3.15
2938,107.825,264.3698149874615,3.15
2939,119.17500000000001,264.3698149874615,3.15
2940,130.52500000000003,264.3698149874615,3.15
2941,141.87500000000003,264.3698149874615,3.15
2942,153.22500000000002,264.3698149874615,3.15
2943,164.57500000000005,264.3698149874615,3.15
2944,175.92500000000004,264.3698149874615,3.15
2945,187.27500000000003,264.3698149874615,3.15
2946,198.62500000000003,264.3698149874615,3.15
2947,209.97500000000002,264.3698149874615,3.15
2948,221.32500000000005,264.3698149874615,3.15
2949,-215.65000000000003,274.1992033204149,3.15
2950,-204.3,274.1992033204149,3.15
2951,-192.95000000000002,274.1992033204149,3.15
2952,-181.60000000000002,274.1992033204149,3.15
2953,-170.25000000000003,274.1992033204149,3.15
2954,-158.90000000000003,274.1992033204149,3.15
2955,-147.55,274.1992033204149,3.15
2956,-136.20000000000002,274.1992033204149,3.15
2957,-124.85000000000002,274.1992033204149,3.15
2958,-113.50000000000001,274.1992033204149,3.15
2959,-102.15,274.1992033204149,3.15
2960,-90.80000000000001,274.1992033204149,3.15
2961,-79.45000000000002,274.1992033204149,3.15
2962,-68.10000000000001,274.1992033204149,3.15
2963,-56.75000000000001,274.1992033204149,3.15
2964,-45.400000000000006,274.1992033204149,3.15
2965,-34.050000000000004,274.1992033204149,3.15
2966,-22.700000000000003,274.1992033204149,3.15
2967,-11.350000000000001,274.1992033204149,3.15
2968,0.0,274.1992033204149,3.15
2969,11.350000000000001,274.1992033204149,3.15
2970,22.700000000000003,274.1992033204149,3.15
2971,34.050000000000004,274.1992033204149,3.15
2972,45.400000000000006,274.1992033204149,3.15
2973,56.75000000000001,274.1992033204149,3.15
2974,68.10000000000001,274.1992033204149,3.15
2975,79.45000000000002,274.1992033204149,3.15
2976,90.80000000000001,274.1992033204149,3.15
2977,102.15,274.1992033204149,3.15
2978,113.50000000000001,274.1992033204149,3.15
2979,124.85000000000002,274.1992033204149,3.15
2980,136.20000000000002,274.1992033204149,3.15
2981,147.55,274.1992033204149,3.15
2982,158.90000000000003,274.1992033204149,3.15
2983,170.25000000000003,274.1992033204149,3.15
2984,181.60000000000002,274.1992033204149,3.15
2985,192.95000000000002,274.1992033204149,3.15
2986,204.3,274.1992033204149,3.15
2987,215.65000000000003,274.1992033204149,3.15
2988,-198.625,284.02859165336827,3.15
2989,-187.275,284.02859165336827,3.15
2990,-175.925,284.02859165336827,3.15
2991,-164.57500000000002,284.02859165336827,3.15
2992,-153.22500000000002,284.02859165336827,3.15
2993,-141.875,284.02859165336827,3.15
2994,-130.525,284.02859165336827,3.15
2995,-119.17500000000003,284.02859165336827,3.15
2996,-107.82500000000002,284.02859165336827,3.15
2997,-96.47500000000001,284.02859165336827,3.15
2998,-85.12500000000001,284.02859165336827,3.15
2999,-73.77500000000002,284.02859165336827,3.15
3000,-62.42500000000001,284.02859165336827,3.15
3001,-51.075,284.02859165336827,3.15
3002,-39.72500000000001,284.02859165336827,3.15
3003,-28.375000000000004,284.02859165336827,3.15
3004,-17.025000000000002,284.02859165336827,3.15
3005,-5.675000000000001,284.02859165336827,3.15
3006,5.675000000000001,284.02859165336827,3.15
3007,17.025000000000002,284.02859165336827,3.15
3008,28.375000000000004,284.02859165336827,3.15
3009,39.72500000000001,284.02859165336827,3.15
3010,51.075,284.02859165336827,3.15
3011,62.42500000000001,284.02859165336827,3.15
3012,73.775,284.02859165336827,3.15
3013,85.12500000000001,284.02859165336827,3.15
3014,96.47500000000001,284.02859165336827,3.15
3015,107.825,284.02859165336827,3.15
3016,119.17500000000001,284.02859165336827,3.15
3017,130.52500000000003,284.02859165336827,3.15
3018,141.87500000000003,284.02859165336827,3.15
3019,153.22500000000002,284.02859165336827,3.15
3020,164.57500000000005,284.02859165336827,3.15
3021,175.92500000000004,284.02859165336827,3.15
3022,187.27500000000003,284.02859165336827,3.15
3023,198.62500000000003,284.02859165336827,3.15
3024,-181.60000000000002,293.85797998632165,3.15
3025,-170.25000000000003,293.85797998632165,3.15
3026,-158.90000000000003,293.85797998632165,3.15
3027,-147.55,293.85797998632165,3.15
3028,-136.20000000000002,293.85797998632165,3.15
3029,-124.85000000000002,293.85797998632165,3.15
3030,-113.50000000000001,293.85797998632165,3.15
3031,-102.15,293.85797998632165,3.15
3032,-90.80000000000001,293.85797998632165,3.15
3033,-79.45000000000002,293.85797998632165,3.15
3034,-68.10000000000001,293.85797998632165,3.15
3035,-56.75000000000001,293.85797998632165,3.15
3036,-45.400000000000006,293.85797998632165,3.15
3037,-34.050000000000004,293.85797998632165,3.15
3038,-22.700000000000003,293.85797998632165,3.15
3039,-11.350000000000001,293.85797998632165,3.15
3040,0.0,293.85797998632165,3.15
3041,11.350000000000001,293.85797998632165,3.15
3042,22.700000000000003,293.85797998632165,3.15
3043,34.050000000000004,293.85797998632165,3.15
3044,45.400000000000006,293.85797998632165,3.15
3045,56.75000000000001,293.85797998632165,3.15
3046,68.10000000000001,293.85797998632165,3.15
3047,79.45000000000002,293.85797998632165,3.15
3048,90.80000000000001,293.85797998632165,3.15
3049,102.15,293.85797998632165,3.15
3050,113.50000000000001,293.85797998632165,3.15
3051,124.85000000000002,293.85797998632165,3.15
3052,136.20000000000002,293.85797998632165,3.15
3053,147.55,293.85797998632165,3.15
3054,158.90000000000003,293.85797998632165,3.15
3055,170.25000000000003,293.85797998632165,3.15
3056,181.60000000000002,293.85797998632165,3.15
3057,-164.57500000000002,303.687368319275,3.15
3058,-153.22500000000002,303.687368319275,3.15
3059,-141.875,303.687368319275,3.15
3060,-130.525,303.687368319275,3.15
3061,-119.17500000000003,303.687368319275,3.15
3062,-107.82500000000002,303.687368319275,3.15
3063,-96.47500000000001,303.687368319275,3.15
3064,-85.12500000000001,303.687368319275,3.15
3065,-73.77500000000002,303.687368319275,3.15
3066,-62.42500000000001,303.687368319275,3.15
3067,-51.075,303.687368319275,3.15
3068,-39.72500000000001,303.687368319275,3.15
3069,-28.375000000000004,303.687368319275,3.15
3070,-17.025000000000002,303.687368319275,3.15
3071,-5.675000000000001,303.687368319275,3.15
3072,5.675000000000001,303.687368319275,3.15
3073,17.025000000000002,303.687368319275,3.15
3074,28.375000000000004,303.687368319275,3.15
3075,39.72500000000001,303.687368319275,3.15
3076,51.075,303.687368319275,3.15
3077,62.42500000000001,303.687368319275,3.15
3078,73.775,303.687368319275,3.15
3079,85.12500000000001,303.687368319275,3.15
3080,96.47500000000001,303.687368319275,3.15
3081,107.825,303.687368319275,3.15
3082,119.17500000000001,303.687368319275,3.15
3083,130.52500000000003,303.687368319275,3.15
3084,141.87500000000003,303.687368319275,3.15
3085,153.22500000000002,303.687368319275,3.15
3086,164.57500000000005,303.687368319275,3.15
3087,-147.55,313.51675665222837,3.15
3088,-136.20000000000002,313.51675665222837,3.15
3089,-124.85000000000002,313.51675665222837,3.15
3090,-113.50000000000001,313.51675665222837,3.15
3091,-102.15,313.51675665222837,3.15
3092,-90.80000000000001,313.51675665222837,3.15
3093,-79.45000000000002,313.51675665222837,3.15
3094,-68.10000000000001,313.51675665222837,3.15
3095,-56.75000000000001,313.51675665222837,3.15
3096,-45.400000000000006,313.51675665222837,3.15
3097,-34.050000000000004,313.51675665222837,3.15
3098,-22.700000000000003,313.51675665222837,3.15
3099,-11.350000000000001,313.51675665222837,3.15
3100,0.0,313.51675665222837,3.15
3101,11.350000000000001,313.51675665222837,3.15
3102,22.700000000000003,313.51675665222837,3.15
3103,34.050000000000004,313.51675665222837,3.15
3104,45.400000000000006,313.51675665222837,3.15
3105,56.75000000000001,313.51675665222837,3.15
3106,68.10000000000001,313.51675665222837,3.15
3107,79.45000000000002,313.51675665222837,3.15
3108,90.80000000000001,313.51675665222837,3.15
3109,102.15,313.51675665222837,3.15
3110,113.50000000000001,313.51675665222837,3.15
3111,124.85000000000002,313.51675665222837,3.15
3112,136.20000000000002,313.51675665222837,3.15
3113,147.55,313.51675665222837,3.15
3114,-130.525,323.34614498518175,3.15
3115,-119.17500000000003,323.34614498518175,3.15
3116,-107.82500000000002,323.34614498518175,3.15
3117,-96.47500000000001,323.34614498518175,3.15
3118,-85.12500000000001,323.34614498518175,3.15
3119,-73.77500000000002,323.34614498518175,3.15
3120,-62.42500000000001,323.34614498518175,3.15
3121,-51.075,323.34614498518175,3.15
3122,-39.72500000000001,323.34614498518175,3.15
3123,-28.375000000000004,323.34614498518175,3.15
3124,-17.025000000000002,323.34614498518175,3.15
3125,-5.675000000000001,323.34614498518175,3.15
3126,5.675000000000001,323.34614498518175,3.15
3127,17.025000000000002,323.34614498518175,3.15
3128,28.375000000000004,323.34614498518175,3.15
3129,39.72500000000001,323.34614498518175,3.15
3130,51.075,323.34614498518175,3.15
3131,62.42500000000001,323.34614498518175,3.15
3132,73.775,323.34614498518175,3.15
3133,85.12500000000001,323.34614498518175,3.15
3134,96.47500000000001,323.34614498518175,3.15
3135,107.825,323.34614498518175,3.15
3136,119.17500000000001,323.34614498518175,3.15
3137,130.52500000000003,323.34614498518175,3.15
3138,-102.15,333.17553331813514,3.15
3139,-90.80000000000001,333.17553331813514,3.15
3140,-79.45000000000002,333.17553331813514,3.15
3141,-68.10000000000001,333.17553331813514,3.15
3142,-56.75000000000001,333.17553331813514,3.15
3143,-45.400000000000006,333.17553331813514,3.15
3144,-34.050000000000004,333.17553331813514,3.15
3145,-22.700000000000003,333.17553331813514,3.15
3146,-11.350000000000001,333.17553331813514,3.15
3147,0.0,333.17553331813514,3.15
3148,11.350000000000001,333.17553331813514,3.15
3149,22.700000000000003,333.17553331813514,3.15
3150,34.050000000000004,333.17553331813514,3.15
3151,45.400000000000006,333.17553331813514,3.15
3152,56.75000000000001,333.17553331813514,3.15
3153,68.10000000000001,333.17553331813514,3.15
3154,79.45000000000002,333.17553331813514,3.15
3155,90.80000000000001,333.17553331813514,3.15
3156,102.15,333.17553331813514,3.15
3157,-62.42500000000001,343.0049216510885,3.15
3158,-51.075,343.0049216510885,3.15
3159,-39.72500000000001,343.0049216510885,3.15
3160,-28.375000000000004,343.0049216510885,3.15
3161,-17.025000000000002,343.0049216510885,3.15
3162,-5.675000000000001,343.0049216510885,3.15
3163,5.675000000000001,343.0049216510885,3.15
3164,17.025000000000002,343.0049216510885,3.15
3165,28.375000000000004,343.0049216510885,3.15
3166,39.72500000000001,343.0049216510885,3.15
3167,51.075,343.0049216510885,3.15
3168,62.42500000000001,343.0049216510885,3.15
