origin,dest,edge,forecast_total_volume,forecast_daily_mean,forecast_daily_max,forecast_daily_std,historical_total_volume,edge_capacity,forecast_max_load_rate,forecast_volume_cv,high_load_day_ratio,origin_total_capacity,dest_total_capacity,same_origin_alternative_capacity,same_dest_alternative_capacity,alternative_capacity_ratio,origin_site_importance,dest_site_importance,endpoint_importance_score,volume_score,connection_score,volatility_score,substitution_risk_score,importance_score
DC14,DC9,DC14->DC9,6370402.0,205496.83870967742,308711.0,69612.13769539312,30216221.0,439995.0,0.7016238820895676,0.33875040673370005,0.0,1575798.0,1447351.0,1135803.0,1007356.0,4.87087125990067,0.9246913580246913,0.9165123456790123,0.9206018518518517,0.9997616777883699,0.9995233555767398,0.8846520495710201,0.9990467111534795,0.9822569113441374
DC25,DC9,DC25->DC9,787486.0,25402.774193548386,80683.0,22117.590581764547,4443800.0,126037.0,0.6401532883200913,0.8706761873032333,0.0,535975.0,1447351.0,409938.0,1321314.0,13.736061632695051,0.8162037037037037,0.9165123456790123,0.866358024691358,0.9792659675881793,0.9432793136320305,0.9866539561487131,0.9799809342230696,0.9715562440419447
DC14,DC3,DC14->DC3,1136643.0,36665.903225806454,78043.0,14973.836436791875,7808524.0,98905.0,0.7890703200040363,0.4083858604157466,0.0,1575798.0,727980.0,1476893.0,629075.0,21.29283656033546,0.9246913580246913,0.8919753086419754,0.9083333333333333,0.9890371782650142,0.9957102001906578,0.90371782650143,0.9542421353670162,0.9692087702573879
DC9,DC3,DC9->DC3,432918.0,13965.09677419355,37179.0,8855.09783321427,1888830.0,31880.0,1.1662170639899259,0.634087824552508,0.12903225806451613,92175.0,727980.0,60295.0,696100.0,23.726317440400763,0.9165123456790123,0.8919753086419754,0.9042438271604938,0.9542421353670162,0.9899904671115348,0.9637750238322211,0.9485224022878932,0.9631792183031458
DC9,DC14,DC9->DC14,478037.0,15420.548387096775,35348.0,9191.10802698933,2245424.0,30711.0,1.150988245254106,0.5960299073850993,0.22580645161290322,92175.0,902659.0,61464.0,871948.0,30.39340952752986,0.9165123456790123,0.9246913580246913,0.9206018518518517,0.9623450905624404,0.9995233555767398,0.9571020019065777,0.9246901811248809,0.961439466158246
DC51,DC9,DC51->DC9,1061965.0,34256.93548387097,74935.0,16054.232668566969,5269056.0,261337.0,0.28673704833222896,0.4686418222121836,0.0,715715.0,1447351.0,454378.0,1186014.0,6.276922135021041,0.775,0.9165123456790123,0.8457561728395062,0.9845090562440418,0.9099142040038132,0.9304099142040038,0.996186844613918,0.960664918970448
DC9,DC5,DC9->DC5,376848.0,12156.387096774193,26492.0,7033.801696221538,1684056.0,21997.0,1.2043460471881982,0.5786095523469668,0.1935483870967742,92175.0,693070.0,70178.0,671073.0,33.69782243032988,0.9165123456790123,0.8759259259259259,0.8962191358024691,0.9492373689227837,0.9785510009532888,0.9551954242135366,0.9170638703527169,0.9494161105815062
DC14,DC8,DC14->DC8,3066693.0,98925.58064516129,118231.0,10358.23541073196,72995976.0,505833.0,0.2337352446360751,0.1047073501431958,0.0,1575798.0,2130508.0,1069965.0,1624675.0,5.327133658737162,0.9246913580246913,0.8814814814814814,0.9030864197530863,0.9992850333651097,0.9880838894184938,0.6863679694947569,0.9971401334604385,0.9490109628217349
DC62,DC8,DC62->DC8,785486.0,25338.25806451613,34742.0,6098.900498306347,7824737.0,114449.0,0.3035587903782444,0.2406992810151795,0.0,195979.0,2130508.0,81530.0,2016059.0,18.327718022874656,0.8708333333333331,0.8814814814814814,0.8761574074074072,0.9842707340324118,0.9509056244041945,0.8198284080076264,0.9694947569113441,0.9475691134413728
DC10,DC3,DC10->DC3,246739.0,7959.322580645161,22876.0,5771.058735466118,2184367.0,27671.0,0.8267138881861578,0.7250690843337583,0.03225806451612903,336532.0,727980.0,308861.0,700309.0,36.470311878861025,0.8976851851851853,0.8919753086419754,0.8948302469135803,0.9323164918970449,0.9766444232602478,0.9761677788369876,0.9113441372735939,0.9447330791229742
DC15,DC9,DC15->DC9,853403.0,27529.129032258064,77199.0,13007.088253028054,4334484.0,80194.0,0.962653066314176,0.4724845540077256,0.03225806451612903,357552.0,1447351.0,277358.0,1367157.0,20.506708731326277,0.7561728395061729,0.9165123456790123,0.8363425925925926,0.9795042897998094,0.8856053384175405,0.9313632030505243,0.9599618684461392,0.9439227836034318
DC36,DC3,DC36->DC3,405024.0,13065.290322580646,33043.0,6329.757377980605,2957064.0,60870.0,0.5428454082470751,0.4844712380436313,0.0,938959.0,727980.0,878089.0,667110.0,25.385230819779444,0.8058641975308642,0.8919753086419754,0.8489197530864199,0.9609151572926597,0.9194470924690181,0.9323164918970448,0.9418493803622497,0.9414918970448045
DC44,DC9,DC44->DC9,604439.0,19498.032258064515,38921.0,10757.767265903576,4202917.0,124459.0,0.31272145847226546,0.5517360482083283,0.0,511263.0,1447351.0,386804.0,1322892.0,13.737021830482217,0.7271604938271605,0.9165123456790123,0.8218364197530864,0.9756911344137273,0.8436606291706387,0.9513822688274547,0.9790276453765491,0.9398713060057196
DC10,DC4,DC10->DC4,1234335.0,39817.25806451613,44673.0,5504.938685707835,25126744.0,129442.0,0.34511982200521973,0.13825509222126783,0.0,336532.0,2405716.0,207090.0,2276274.0,19.185148560745205,0.8976851851851853,0.8876543209876543,0.8926697530864198,0.996186844613918,0.9728312678741659,0.7054337464251669,0.9647283126787417,0.9388703527168731
DC23,DC3,DC23->DC3,335621.0,10826.483870967742,19813.0,4697.870216632266,2816242.0,52355.0,0.37843567949574297,0.43392391035002814,0.0,810066.0,727980.0,757711.0,675625.0,27.377251456402877,0.8141975308641975,0.8919753086419754,0.8530864197530865,0.9542421353670162,0.9289799809342231,0.9151572926596759,0.9351763584366063,0.9372974261201145
DC14,DC62,DC14->DC62,752414.0,24271.41935483871,26943.0,3188.9507807750865,12382356.0,124891.0,0.2157321184072494,0.1313870744085352,0.0,1575798.0,1059024.0,1450907.0,934133.0,19.09697256007223,0.9246913580246913,0.8708333333333331,0.8977623456790123,0.9854623450905624,0.9804575786463299,0.6987607244995233,0.9666348903717826,0.9364990467111534
DC25,DC3,DC25->DC3,302864.0,9769.806451612903,19900.0,5382.906897970319,2500020.0,32591.0,0.610598017857672,0.5509737500563381,0.0,535975.0,727980.0,503384.0,695389.0,36.78233254579372,0.8162037037037037,0.8919753086419754,0.8540895061728395,0.9463775023832222,0.9323164918970448,0.9504289799809342,0.9084842707340324,0.9339966634890373
DC14,DC10,DC14->DC10,784382.0,25302.645161290322,27545.0,2971.438986128276,23247610.0,130118.0,0.21169246376365905,0.11743590313134789,0.0,1575798.0,2290621.0,1445680.0,2160503.0,27.714712799151325,0.9246913580246913,0.8976851851851853,0.9111882716049382,0.9890371782650142,0.9976167778836987,0.6939942802669209,0.9342230695900858,0.9332221163012393
DC8,DC14,DC8->DC14,309856.0,9995.354838709678,12271.0,2204.907759732411,6354013.0,32291.0,0.38001300672012694,0.2205932450935205,0.0,218287.0,902659.0,185996.0,870368.0,32.713883125328024,0.8814814814814814,0.9246913580246913,0.9030864197530863,0.9597235462345091,0.9880838894184938,0.7940896091515729,0.9180171591992373,0.9315419447092469
DC23,DC4,DC23->DC4,1331700.0,42958.06451612903,46589.0,5566.893191205422,28483802.0,204894.0,0.22738098724218267,0.12958901323673808,0.0,810066.0,2405716.0,605172.0,2200822.0,13.69485685281163,0.8141975308641975,0.8876543209876543,0.8509259259259259,0.9978551000953289,0.9242135367016205,0.6978074356530028,0.9809342230695901,0.930207340324118
DC36,DC4,DC36->DC4,1302858.0,42027.67741935484,46373.0,5765.122696213268,28814802.0,243230.0,0.19065493565760724,0.13717443004733212,0.0,938959.0,2405716.0,695729.0,2162486.0,11.751079225424448,0.8058641975308642,0.8876543209876543,0.8467592592592592,0.9973784556720686,0.9146806482364156,0.7025738798856054,0.9847473784556721,0.9293255481410867
DC23,DC10,DC23->DC10,348176.0,11231.483870967742,12971.0,1934.8216367068273,22096867.0,201943.0,0.06423099587507335,0.17226767708832977,0.0,810066.0,2290621.0,608123.0,2088678.0,13.354268283624522,0.8141975308641975,0.8976851851851853,0.8559413580246914,0.971163012392755,0.9337464251668256,0.7359389895138226,0.9818875119161106,0.9292063870352716
DC10,DC14,DC10->DC14,253346.0,8172.451612903225,10761.0,1924.8537579759593,5752073.0,31846.0,0.3379074295044797,0.23552953864378137,0.0,336532.0,902659.0,304686.0,870813.0,36.91198266658177,0.8976851851851853,0.9246913580246913,0.9111882716049382,0.9466158245948523,0.9976167778836987,0.8102955195424214,0.9075309818875119,0.929146806482364
DC36,DC10,DC36->DC10,511772.0,16508.774193548386,19031.0,2191.3315691117214,22427613.0,251835.0,0.07556932118252001,0.1327373882167435,0.0,938959.0,2290621.0,687124.0,2038786.0,10.824190442154542,0.8058641975308642,0.8976851851851853,0.8517746913580247,0.9837940896091517,0.9261201143946616,0.7006673021925643,0.990467111534795,0.9285748331744519
DC14,DC5,DC14->DC5,384929.0,12417.064516129032,13999.0,2292.578586762694,6532206.0,63336.0,0.2210275356827046,0.1846312857426637,0.0,1575798.0,693070.0,1512462.0,629734.0,33.822723253757204,0.9246913580246913,0.8759259259259259,0.9003086419753086,0.9671115347950429,0.9842707340324118,0.7550047664442326,0.9142040038131554,0.9263584366062917
DC47,DC9,DC47->DC9,476467.0,15369.90322580645,45689.0,10980.813764294458,2247873.0,65326.0,0.6993999326454904,0.7144361030105045,0.0,579385.0,1447351.0,514059.0,1382025.0,29.02495178030143,0.7172839506172839,0.9165123456790123,0.8168981481481481,0.9618684461391802,0.8274547187797903,0.9742612011439467,0.9304099142040038,0.9222592945662536
DC22,DC4,DC22->DC4,999355.0,32237.25806451613,36499.0,4801.699981006336,22232662.0,236073.0,0.15460895570437894,0.14894877136872464,0.0,884569.0,2405716.0,648496.0,2169643.0,11.937574394361016,0.7834876543209874,0.8876543209876543,0.8355709876543209,0.9921353670162059,0.8841754051477597,0.7130600571973308,0.9837940896091516,0.9211987607244995
DC8,DC62,DC8->DC62,415303.0,13396.870967741936,16980.0,2347.082316985392,5579549.0,42308.0,0.40134253569064005,0.175196306856781,0.0,218287.0,1059024.0,175979.0,1016716.0,28.190767703506946,0.8814814814814814,0.8708333333333331,0.8761574074074072,0.9680648236415634,0.9509056244041945,0.7407054337464252,0.9332697807435653,0.920972354623451
DC10,DC5,DC10->DC5,169358.0,5463.1612903225805,6668.0,1313.6088703674366,2452550.0,32524.0,0.2050178329848664,0.24044848770877714,0.0,336532.0,693070.0,304008.0,660546.0,29.656684294673788,0.8976851851851853,0.8759259259259259,0.8868055555555556,0.9218303145853194,0.9671115347950429,0.8188751191611058,0.9294566253574833,0.9196139180171592
DC17,DC3,DC17->DC3,297326.0,9591.161290322581,17391.0,3967.203940184786,2884658.0,50008.0,0.34776435770276065,0.4136312402740276,0.0,795108.0,727980.0,745100.0,677972.0,28.45688689809574,0.7677469135802468,0.8919753086419754,0.8298611111111112,0.9463775023832222,0.8779790276453765,0.9056244041944709,0.9313632030505243,0.9194113441372735
DC17,DC10,DC17->DC10,465887.0,15028.612903225807,17675.0,2275.2915116659915,21592601.0,235018.0,0.07520700542086106,0.1513973063460475,0.0,795108.0,2290621.0,560090.0,2055603.0,11.129756018687884,0.7677469135802468,0.8976851851851853,0.832716049382716,0.978789323164919,0.8813155386081983,0.7149666348903718,0.9876072449952336,0.9170519542421354
DC17,DC4,DC17->DC4,992315.0,32010.16129032258,37593.0,4368.615962246891,24843020.0,245699.0,0.15300428573172806,0.13647591221502184,0.0,795108.0,2405716.0,549409.0,2160017.0,11.027419729017982,0.7677469135802468,0.8876543209876543,0.8277006172839505,0.9923736892278361,0.8670162059103909,0.7016205910390848,0.988560533841754,0.9164680648236415
DC17,DC14,DC17->DC14,270026.0,8710.516129032258,10636.0,1831.6015179911803,10530257.0,62548.0,0.17004540512885832,0.21027474042395944,0.0,795108.0,902659.0,732560.0,840111.0,25.143425848947608,0.7677469135802468,0.9246913580246913,0.8462191358024691,0.9554337464251668,0.9127740705433747,0.782650142993327,0.9456625357483317,0.9164084842707341
DC36,DC14,DC36->DC14,309724.0,9991.09677419355,12500.0,1936.3878969382527,8737698.0,54215.0,0.2305634971871211,0.19381134431003028,0.0,938959.0,902659.0,884744.0,848444.0,31.968790925020162,0.8058641975308642,0.9246913580246913,0.8652777777777778,0.9611534795042898,0.9394661582459485,0.7664442326024785,0.9199237368922784,0.9162178265014298
DC22,DC14,DC22->DC14,256166.0,8263.41935483871,9740.0,1587.9447210292758,7133003.0,65525.0,0.1486455551316269,0.19216557369792084,0.0,884569.0,902659.0,819044.0,837134.0,25.27551316291453,0.7834876543209874,0.9246913580246913,0.8540895061728393,0.9509056244041945,0.9308865586272641,0.7645376549094376,0.9437559580552908,0.9161582459485225
DC8,DC10,DC8->DC10,515878.0,16641.225806451614,18879.0,2012.928563219358,9164976.0,63396.0,0.2977948135529009,0.1209603539204935,0.0,218287.0,2290621.0,154891.0,2227225.0,37.57517824468361,0.8814814814814814,0.8976851851851853,0.8895833333333334,0.9802192564346996,0.9690181124880839,0.6949475691134414,0.90371782650143,0.9155028598665395
DC19,DC3,DC19->DC3,299503.0,9661.387096774193,18367.0,4261.93461808904,2425820.0,48217.0,0.3809237405894108,0.4411307170904684,0.0,801505.0,727980.0,753288.0,679763.0,29.720866084575366,0.7584876543209877,0.8919753086419754,0.8252314814814816,0.944232602478551,0.8555767397521449,0.9199237368922784,0.9275500476644424,0.9142516682554814
DC25,DC8,DC25->DC8,531020.0,17129.677419354837,20525.0,2378.146233696522,14996038.0,93188.0,0.22025368073142226,0.138831933344484,0.0,535975.0,2130508.0,442787.0,2037320.0,26.614016826200512,0.8162037037037037,0.8814814814814814,0.8488425925925925,0.9830791229742613,0.9175405147759771,0.7063870352716873,0.9389895138226882,0.9141682554814108
DC22,DC3,DC22->DC3,363062.0,11711.677419354839,34513.0,6564.918977890306,2236158.0,29865.0,1.155633684915414,0.5605447232554829,0.03225806451612903,884569.0,727980.0,854704.0,698115.0,51.994609074165346,0.7834876543209874,0.8919753086419754,0.8377314814814814,0.9520972354623451,0.8908484270734033,0.9532888465204957,0.8570066730219257,0.9131911344137273
DC19,DC4,DC19->DC4,1017970.0,32837.74193548387,37535.0,4624.67441900398,24409049.0,248759.0,0.15088901306083338,0.1408341178906245,0.0,801505.0,2405716.0,552746.0,2156957.0,10.892884277553733,0.7584876543209877,0.8876543209876543,0.823070987654321,0.9935653002859868,0.8469971401334604,0.7082936129647283,0.9895138226882746,0.9131196377502384
DC22,DC10,DC22->DC10,235812.0,7606.8387096774195,9066.0,1287.8885720377489,17296524.0,235177.0,0.038549688107255224,0.16930667537345412,0.0,884569.0,2290621.0,649392.0,2055444.0,11.501277761005491,0.7834876543209874,0.8976851851851853,0.8405864197530863,0.9494756911344138,0.8956148713060057,0.7311725452812202,0.9866539561487131,0.9125595805529075
DC46,DC9,DC46->DC9,576907.0,18609.90322580645,39437.0,8104.6606000651045,2851581.0,37361.0,1.0555659645084166,0.43550256558163575,0.12903225806451613,211065.0,1447351.0,173704.0,1409990.0,42.38896175155798,0.7342592592592593,0.9165123456790123,0.8253858024691358,0.9702097235462345,0.8570066730219257,0.9180171591992373,0.8817921830314586,0.9119756911344137
DC51,DC3,DC51->DC3,151488.0,4886.709677419355,8883.0,2213.2474198605205,1261461.0,49638.0,0.17895563882509008,0.45291158385919733,0.0,715715.0,727980.0,666077.0,678342.0,27.084471574196645,0.775,0.8919753086419754,0.8334876543209877,0.9072926596758818,0.882745471877979,0.9256434699714013,0.9380362249761678,0.9115943755958055
DC10,DC62,DC10->DC62,326190.0,10522.258064516129,12301.0,1932.6013551477276,4383976.0,32318.0,0.3806238009777715,0.18366792976355456,0.0,336532.0,1059024.0,304214.0,1026706.0,41.18200383686982,0.8976851851851853,0.8708333333333331,0.8842592592592592,0.9568636796949476,0.9613918017159199,0.7540514775977121,0.8913250714966635,0.9111892278360342
DC62,DC14,DC62->DC14,286491.0,9241.645161290322,11164.0,1496.3950347070595,2151722.0,30732.0,0.3632695561629454,0.1619186853196569,0.0,195979.0,902659.0,165247.0,871927.0,33.74899127944703,0.8708333333333331,0.9246913580246913,0.8977623456790123,0.9382745471877978,0.9804575786463299,0.7235462345090562,0.9151572926596759,0.9108317445185891
DC19,DC10,DC19->DC10,300864.0,9705.290322580646,11738.0,1690.4425683835348,19478416.0,161384.0,0.07273335646656377,0.1741774343885748,0.0,801505.0,2290621.0,640121.0,2129237.0,17.16005304119357,0.7584876543209877,0.8976851851851853,0.8280864197530865,0.9621067683508103,0.8689227836034319,0.7387988560533841,0.9733079122974261,0.9081148713060058
DC14,DC4,DC14->DC4,7442.0,240.06451612903226,369.0,77.59944108705896,2345709.0,172448.0,0.002139775468547028,0.32324411094985317,0.0,1575798.0,2405716.0,1403350.0,2233268.0,21.088200501020477,0.9246913580246913,0.8876543209876543,0.9061728395061728,0.8222116301239275,0.9918970448045757,0.877025738798856,0.9571020019065777,0.9065776930409915
DC51,DC8,DC51->DC8,488327.0,15752.483870967742,18378.0,2415.571112206584,11868263.0,118955.0,0.15449539741919083,0.15334541092014028,0.0,715715.0,2130508.0,596760.0,2011553.0,21.926888319112084,0.775,0.8814814814814814,0.8282407407407407,0.9802192564346996,0.8703527168732126,0.7168732125834127,0.9523355576739753,0.9062797902764537
DC19,DC14,DC19->DC14,262628.0,8471.870967741936,10099.0,1488.3557011104892,8955173.0,62233.0,0.16227724840518437,0.175682054976696,0.0,801505.0,902659.0,739272.0,840426.0,25.383606768112973,0.7584876543209877,0.9246913580246913,0.8415895061728396,0.9535271687321258,0.8994280266920877,0.7426120114394662,0.9428026692087702,0.9056839847473783
DC20,DC4,DC20->DC4,596252.0,19233.935483870966,24590.0,3193.9988479958724,16729999.0,121795.0,0.20189662958249352,0.16606059902166687,0.0,422975.0,2405716.0,301180.0,2283921.0,21.22501744734988,0.7592592592592592,0.8876543209876543,0.8234567901234567,0.9849857006673022,0.8489037178265014,0.7273593898951383,0.9551954242135366,0.904873689227836
DC20,DC10,DC20->DC10,256113.0,8261.709677419354,9127.0,1333.4294178871985,12769474.0,130546.0,0.0699140532838994,0.1613987261657868,0.0,422975.0,2290621.0,292429.0,2160075.0,18.786512034072135,0.7592592592592592,0.8976851851851853,0.8284722222222223,0.9535271687321258,0.8717826501429933,0.7225929456625357,0.9675881792183031,0.9019661582459485
DC23,DC62,DC23->DC62,330601.0,10664.548387096775,12298.0,1645.3417889597888,4737926.0,58889.0,0.20883356823854696,0.1542814312653279,0.0,810066.0,1059024.0,751177.0,1000135.0,29.739204265651825,0.8141975308641975,0.8708333333333331,0.8425154320987653,0.959485224022879,0.9041944709246902,0.7178265014299333,0.9265967588179218,0.9011916110581506
DC8,DC5,DC8->DC5,126752.0,4088.7741935483873,5065.0,651.8475830990643,642727.0,56714.0,0.08930775469901454,0.1594237177801222,0.0,218287.0,693070.0,161573.0,636356.0,14.069347956412631,0.8814814814814814,0.8759259259259259,0.8787037037037037,0.886558627264061,0.9528122020972355,0.7197330791229742,0.9771210676835081,0.9007387988560533
DC36,DC62,DC36->DC62,402110.0,12971.290322580646,15383.0,1823.9735282733222,5827318.0,61633.0,0.24959031687569566,0.14061619799673877,0.0,938959.0,1059024.0,877326.0,997391.0,30.417422484707377,0.8058641975308642,0.8708333333333331,0.8383487654320987,0.9678265014299332,0.8932316491897044,0.7073403241182078,0.9237368922783603,0.899082459485224
DC23,DC14,DC23->DC14,260425.0,8400.806451612903,10346.0,1598.2110849998637,7003949.0,32755.0,0.31586017401922406,0.19024495971965008,0.0,810066.0,902659.0,777311.0,869904.0,50.288963517018765,0.8141975308641975,0.9246913580246913,0.8694444444444445,0.9513822688274547,0.9451858913250715,0.7607244995233555,0.8608198284080076,0.8985938989513822
DC25,DC10,DC25->DC10,245571.0,7921.645161290323,9020.0,1270.3486833603192,9772362.0,64006.0,0.1409242883479652,0.16036424978586608,0.0,535975.0,2290621.0,471969.0,2226615.0,42.16142236665247,0.8162037037037037,0.8976851851851853,0.8569444444444445,0.9485224022878932,0.9356530028598665,0.7206863679694948,0.8846520495710201,0.8951620591039086
DC73,DC4,DC73->DC4,475328.0,15333.161290322581,23065.0,4893.754268958871,5527078.0,132787.0,0.17369923260560016,0.3191614681603337,0.0,352936.0,2405716.0,220149.0,2272929.0,18.775015626529566,0.6802469135802469,0.8876543209876543,0.7839506172839505,0.9721163012392755,0.7235462345090562,0.8732125834127741,0.9685414680648237,0.8942445185891326
DC25,DC14,DC25->DC14,194425.0,6271.774193548387,7467.0,1043.56747651683,5786985.0,30950.0,0.24126009693052533,0.16639111108147908,0.0,535975.0,902659.0,505025.0,871709.0,44.48252019385963,0.8162037037037037,0.9246913580246913,0.8704475308641975,0.9389895138226884,0.9470924690181125,0.7292659675881792,0.8732125834127741,0.8931124880838894
DC44,DC8,DC44->DC8,469854.0,15156.58064516129,18708.0,2346.991413514174,11515542.0,192275.0,0.09729814068391576,0.15484966355279425,0.0,511263.0,2130508.0,318988.0,1938233.0,11.739544922636789,0.7271604938271605,0.8814814814814814,0.8043209876543209,0.977121067683508,0.7859866539561488,0.7187797902764538,0.9857006673021925,0.8927311725452812
DC51,DC10,DC51->DC10,140439.0,4530.290322580645,5527.0,1132.6642355753575,3734715.0,73471.0,0.07522696029725912,0.25002023157974873,0.0,715715.0,2290621.0,642244.0,2217150.0,38.91867539573384,0.775,0.8976851851851853,0.8363425925925927,0.9192087702573879,0.8870352716873212,0.8293612964728313,0.897998093422307,0.8923856053384175
DC17,DC5,DC17->DC5,226651.0,7311.322580645161,8741.0,1520.0744758302997,3105438.0,59867.0,0.14600698214374955,0.20790690864250697,0.0,795108.0,693070.0,735241.0,633203.0,22.85806871899339,0.7677469135802468,0.8759259259259259,0.8218364197530863,0.934699714013346,0.8427073403241182,0.780743565300286,0.9494756911344138,0.892302192564347
DC22,DC62,DC22->DC62,293684.0,9473.677419354839,10862.0,1629.1212629789457,4524196.0,60403.0,0.17982550535569128,0.1719629232520055,0.0,884569.0,1059024.0,824166.0,998621.0,30.177093852953824,0.7834876543209874,0.8708333333333331,0.8271604938271603,0.9504289799809342,0.8632030505243089,0.7349857006673022,0.9256434699714013,0.89010962821735
DC48,DC9,DC48->DC9,226008.0,7290.580645161291,18431.0,4374.751530449904,1392359.0,62978.0,0.29265775350121803,0.6000552964670649,0.0,201093.0,1447351.0,138115.0,1384373.0,24.174918225411666,0.666820987654321,0.9165123456790123,0.7916666666666666,0.9232602478551001,0.7440419447092469,0.9590085795996187,0.9475691134413727,0.8898951382268828
DC20,DC14,DC20->DC14,190143.0,6133.645161290323,7499.0,1150.5287858166416,5711421.0,30502.0,0.24585273096845303,0.18757667839631262,0.0,422975.0,902659.0,392473.0,872157.0,41.460559963279735,0.7592592592592592,0.9246913580246913,0.8419753086419752,0.9349380362249762,0.9013346043851287,0.7569113441372736,0.8894184938036225,0.8884532888465205
DC19,DC62,DC19->DC62,328642.0,10601.354838709678,12504.0,1903.272776347695,5405648.0,65493.0,0.1909211671476312,0.17953108874329202,0.0,801505.0,1059024.0,736012.0,993531.0,26.40805887652075,0.7584876543209877,0.8708333333333331,0.8146604938271604,0.9597235462345091,0.8179218303145853,0.7464251668255482,0.9399428026692088,0.8873331744518589
DC23,DC5,DC23->DC5,152396.0,4916.0,6221.0,1139.8649891756422,2644098.0,30164.0,0.2062392255668941,0.2318683867321827,0.0,810066.0,693070.0,779902.0,662906.0,47.83211775626416,0.8141975308641975,0.8759259259259259,0.8450617283950617,0.9184938036224977,0.9080076263107721,0.8045757864632984,0.8665395614871306,0.8857959961868446
DC38,DC4,DC38->DC4,325600.0,10503.225806451614,12849.0,1861.5920988658695,9806723.0,100451.0,0.12791311186548537,0.17724003398291294,0.0,321772.0,2405716.0,221321.0,2305265.0,25.15242257419015,0.7305555555555555,0.8876543209876543,0.8091049382716049,0.9637750238322211,0.8012392755004767,0.7454718779790277,0.9447092469018112,0.8856291706387036
DC17,DC62,DC17->DC62,388864.0,12544.0,13828.0,1575.2332341388317,6065688.0,58564.0,0.2361177515197009,0.12557662899702696,0.0,795108.0,1059024.0,736544.0,1000460.0,29.659927600573226,0.7677469135802468,0.8708333333333331,0.81929012345679,0.9673498570066731,0.836510962821735,0.6959008579599618,0.9285033365109628,0.8842111534795043
DC15,DC62,DC15->DC62,193579.0,6244.4838709677415,7270.0,1104.134484298572,2409519.0,86858.0,0.08369983190955256,0.17681757325562303,0.0,357552.0,1059024.0,270694.0,972166.0,14.309102212806945,0.7561728395061729,0.8708333333333331,0.813503086419753,0.9275500476644423,0.8145853193517636,0.7445185891325071,0.9761677788369876,0.8840085795996186
DC51,DC14,DC51->DC14,127154.0,4101.741935483871,5224.0,1114.8221026242168,3323435.0,25068.0,0.20839317057602488,0.2717923555793942,0.0,715715.0,902659.0,690647.0,877591.0,62.55935854475576,0.775,0.9246913580246913,0.8498456790123456,0.9118207816968542,0.9208770257387988,0.8427073403241182,0.8322211630123928,0.8838179218303146
DC38,DC14,DC38->DC14,125952.0,4062.967741935484,4965.0,925.4633184508865,3577900.0,31801.0,0.15612716581239092,0.22778012950941962,0.0,321772.0,902659.0,289971.0,870858.0,36.50290871356132,0.7305555555555555,0.9246913580246913,0.8276234567901234,0.9101525262154433,0.8651096282173498,0.8017159199237369,0.9103908484270734,0.8826858913250715
DC15,DC8,DC15->DC8,434703.0,14022.677419354839,15445.0,2063.658095385814,9305527.0,62804.0,0.24592382650786185,0.14716576825316519,0.0,357552.0,2130508.0,294748.0,2067704.0,37.61626647984145,0.7561728395061729,0.8814814814814814,0.8188271604938271,0.9740228789323164,0.834604385128694,0.7121067683508103,0.9027645376549094,0.882066253574833
DC21,DC3,DC21->DC3,243880.0,7867.096774193548,18121.0,3926.215803929001,2297939.0,19506.0,0.9289962062954512,0.4990679429300622,0.0967741935483871,360996.0,727980.0,341490.0,708474.0,53.82774530913289,0.7339506172839506,0.8919753086419754,0.812962962962963,0.9323164918970448,0.8117254528122021,0.9361296472831268,0.8493803622497617,0.8820066730219256
DC10,DC8,DC10->DC8,29460.0,950.3225806451613,1298.0,221.964307955679,1003695.0,57645.0,0.022517130713851637,0.23356733016357123,0.0,336532.0,2130508.0,278887.0,2072863.0,40.79712030531632,0.8976851851851853,0.8814814814814814,0.8895833333333334,0.8427073403241182,0.9690181124880839,0.8074356530028599,0.8932316491897044,0.8816253574833174
DC44,DC3,DC44->DC3,112816.0,3639.2258064516127,9574.0,2044.5260939913303,944661.0,31563.0,0.30332984824001824,0.5618024829254169,0.0,511263.0,727980.0,479700.0,696417.0,37.262522573898636,0.7271604938271605,0.8919753086419754,0.809567901234568,0.8872735938989513,0.8026692087702574,0.9542421353670162,0.9056244041944709,0.8807554814108675
DC62,DC5,DC62->DC5,65751.0,2121.0,3144.0,717.6269585327068,323635.0,16004.0,0.19645088727816817,0.33834368624816996,0.0,195979.0,693070.0,179975.0,677066.0,53.551674581351314,0.8708333333333331,0.8759259259259259,0.8733796296296295,0.849857006673022,0.9489990467111534,0.8836987607244995,0.8503336510962822,0.8798379408960916
DC62,DC10,DC62->DC10,305293.0,9848.161290322581,10841.0,1479.7694479704337,2616379.0,31614.0,0.3429176946922141,0.15025844970922617,0.0,195979.0,2290621.0,164365.0,2259007.0,76.65502625418875,0.8708333333333331,0.8976851851851853,0.8842592592592592,0.9475691134413727,0.9613918017159199,0.7140133460438512,0.8007626310772163,0.8792897998093422
DC15,DC14,DC15->DC14,150911.0,4868.096774193548,6180.0,1201.461485155548,3615431.0,20046.0,0.3082909308590089,0.24680312263396528,0.0,357552.0,902659.0,337506.0,882613.0,60.86595829591635,0.7561728395061729,0.9246913580246913,0.8404320987654321,0.9196854146806482,0.894184938036225,0.8245948522402288,0.8369876072449952,0.8783722592945663
DC25,DC62,DC25->DC62,255633.0,8246.225806451614,9362.0,1164.181720370022,3654756.0,30541.0,0.306538751186919,0.14117752141337894,0.0,535975.0,1059024.0,505434.0,1028483.0,50.22484528993647,0.8162037037037037,0.8708333333333331,0.8435185185185183,0.9420877025738799,0.9056244041944709,0.7092469018112488,0.8617731172545281,0.877967111534795
DC20,DC3,DC20->DC3,191404.0,6174.322580645161,13406.0,2730.1766383490444,1650880.0,14978.0,0.8950460675657034,0.442182377530285,0.03225806451612903,422975.0,727980.0,407997.0,713002.0,74.84303645346009,0.7592592592592592,0.8919753086419754,0.8256172839506173,0.9204003813155386,0.8598665395614872,0.9218303145853194,0.8064823641563393,0.877001906577693
DC47,DC14,DC47->DC14,66501.0,2145.1935483870966,2717.0,469.160569483814,2056949.0,64007.0,0.04244848219725901,0.21870314211803515,0.0,579385.0,902659.0,515378.0,838652.0,21.154404986954223,0.7172839506172839,0.9246913580246913,0.8209876543209875,0.8784556720686368,0.8417540514775977,0.7902764537654909,0.9561487130600572,0.8754766444232602
DC38,DC10,DC38->DC10,127749.0,4120.935483870968,5203.0,992.8077790590935,8424426.0,63516.0,0.08191636752944012,0.24091805924762172,0.0,321772.0,2290621.0,258256.0,2227105.0,39.129683859184475,0.7305555555555555,0.8976851851851853,0.8141203703703703,0.9215919923736893,0.8164918970448046,0.8207816968541468,0.8970448045757865,0.8740586272640611
DC51,DC5,DC51->DC5,85668.0,2763.483870967742,3208.0,458.9537098710179,1238468.0,63906.0,0.05019872938378165,0.16607794049115662,0.0,715715.0,693070.0,651809.0,629164.0,20.044643695427347,0.775,0.8759259259259259,0.825462962962963,0.8846520495710201,0.8584366062917064,0.7283126787416587,0.9618684461391802,0.8739513822688275
DC36,DC5,DC36->DC5,206248.0,6653.1612903225805,7876.0,1557.2824571685082,2576877.0,21601.0,0.36461274940973265,0.23406654208630628,0.0,938959.0,693070.0,917358.0,671469.0,73.553400305538,0.8058641975308642,0.8759259259259259,0.840895061728395,0.9301715919923736,0.8975214489990467,0.8083889418493804,0.8074356530028599,0.8730576739752145
DC22,DC5,DC22->DC5,136873.0,4415.258064516129,5207.0,997.0468966141295,2344986.0,28829.0,0.18061674008809947,0.2258184871744684,0.0,884569.0,693070.0,855740.0,664241.0,52.72402788858258,0.7834876543209874,0.8759259259259259,0.8297067901234567,0.9113441372735939,0.8765490943755958,0.7998093422306959,0.8560533841754051,0.8720924690181124
DC44,DC14,DC44->DC14,90804.0,2929.1612903225805,3570.0,652.9360042135332,2869687.0,31896.0,0.1119262603461214,0.22290886007899013,0.0,511263.0,902659.0,479367.0,870763.0,42.32913217958232,0.7271604938271605,0.9246913580246913,0.825925925925926,0.8996663489037178,0.8608198284080076,0.7969494756911344,0.882745471877979,0.870316968541468
DC21,DC5,DC21->DC5,216551.0,6985.5161290322585,16939.0,3082.759843020512,1701127.0,16058.0,1.0548636193796828,0.4413073831735812,0.03225806451612903,360996.0,693070.0,344938.0,677012.0,63.641175737945964,0.7339506172839506,0.8759259259259259,0.8049382716049382,0.9244518589132508,0.7897998093422307,0.9208770257387988,0.8303145853193518,0.8667183031458532
DC20,DC62,DC20->DC62,230849.0,7446.741935483871,8579.0,1359.5621678472137,3322494.0,32057.0,0.26761705711700196,0.18257140903039631,0.0,422975.0,1059024.0,390918.0,1026967.0,44.23012134635043,0.7592592592592592,0.8708333333333331,0.8150462962962961,0.9358913250714966,0.819351763584366,0.7521448999046711,0.8741658722592945,0.8637631077216397
DC19,DC5,DC19->DC5,129262.0,4169.741935483871,5009.0,935.0856772110704,2447703.0,31797.0,0.15753058464634534,0.22425504783723157,0.0,801505.0,693070.0,769708.0,661273.0,45.00364814290515,0.7584876543209877,0.8759259259259259,0.8172067901234568,0.9094375595805528,0.8288846520495711,0.7988560533841754,0.8722592945662536,0.8634175405147759
DC46,DC8,DC46->DC8,167038.0,5388.322580645161,6138.0,869.0213771859951,6639380.0,60686.0,0.10114359160267442,0.16127864733031316,0.0,211065.0,2130508.0,150379.0,2069822.0,36.58506080479787,0.7342592592592593,0.8814814814814814,0.8078703703703703,0.9325548141086749,0.7998093422306959,0.7216396568160153,0.909437559580553,0.8619518589132508
DC73,DC14,DC73->DC14,123847.0,3995.064516129032,5775.0,1375.9381066229046,2252285.0,27255.0,0.2118877270225569,0.34440948351836836,0.0,352936.0,902659.0,325681.0,875404.0,44.06842781140913,0.6802469135802469,0.9246913580246913,0.8024691358024691,0.902049571020019,0.7783603431839847,0.8856053384175405,0.8751191611058151,0.8619280266920877
DC28,DC10,DC28->DC10,130407.0,4206.677419354839,5484.0,1340.6209054280632,4872530.0,60448.0,0.09072260455267188,0.3186887825673474,0.0,212797.0,2290621.0,152349.0,2230173.0,39.41440577024816,0.684104938271605,0.8976851851851853,0.7908950617283952,0.9196854146806482,0.7402287893231649,0.8722592945662536,0.8960915157292659,0.8618088655862726
DC15,DC3,DC15->DC3,155340.0,5010.967741935484,9706.0,2546.1764311049333,1108879.0,10570.0,0.9182592242194022,0.5081206988814032,0.16129032258064516,357552.0,727980.0,346982.0,717410.0,100.69933774833484,0.7561728395061729,0.8919753086419754,0.8240740740740742,0.9075309818875119,0.8512869399428027,0.9389895138226882,0.7588179218303146,0.8610104861773118
DC25,DC5,DC25->DC5,123503.0,3983.967741935484,4947.0,859.7745197235546,1628080.0,15015.0,0.32947052947050753,0.21580860474177552,0.0,535975.0,693070.0,520960.0,678055.0,79.85447885447353,0.8162037037037037,0.8759259259259259,0.8460648148148148,0.8965681601525262,0.9113441372735939,0.786463298379409,0.7969494756911344,0.8588417540514774
DC51,DC62,DC51->DC62,151827.0,4897.645161290323,5867.0,1002.1937726609849,2080289.0,27765.0,0.21130920223301958,0.20462768119296426,0.0,715715.0,1059024.0,687950.0,1031259.0,61.92000720331129,0.775,0.8708333333333331,0.8229166666666665,0.9130123927550049,0.8455672068636797,0.776930409914204,0.8341277407054337,0.8560176358436606
DC15,DC10,DC15->DC10,183893.0,5932.032258064516,7295.0,1302.8111165518317,3698065.0,29502.0,0.24727137143243688,0.21962306674587923,0.0,357552.0,2290621.0,328050.0,2261119.0,87.76249067859509,0.7561728395061729,0.8976851851851853,0.8269290123456791,0.928741658722593,0.8617731172545281,0.7912297426120114,0.782650142993327,0.8548498570066729
DC38,DC3,DC38->DC3,137236.0,4426.967741935484,9828.0,2384.7393106175314,1121885.0,11462.0,0.8574419822019841,0.5386845917188403,0.0967741935483871,321772.0,727980.0,310310.0,716518.0,89.58541266793844,0.7305555555555555,0.8919753086419754,0.8112654320987654,0.9025262154432793,0.8088655862726406,0.9466158245948523,0.776930409914204,0.8543255481410867
DC46,DC3,DC46->DC3,82764.0,2669.8064516129034,4830.0,1208.8744543623998,577874.0,13926.0,0.34683326152517974,0.4527947910349953,0.0,211065.0,727980.0,197139.0,714054.0,65.43106419646234,0.7342592592592593,0.8919753086419754,0.8131172839506173,0.8696377502383223,0.8131553860819828,0.9246901811248809,0.8245948522402288,0.8525142993326978
DC73,DC10,DC73->DC10,191207.0,6167.967741935484,7449.0,1195.8002175320673,4487465.0,67903.0,0.10970060232979235,0.19387264453439504,0.0,352936.0,2290621.0,285033.0,2222718.0,36.931372693400334,0.6802469135802469,0.8976851851851853,0.7889660493827161,0.9330314585319353,0.736415633937083,0.7673975214489991,0.9065776930409915,0.8524189704480458
DC26,DC9,DC26->DC9,343735.0,11088.225806451614,18046.0,3557.700604909404,1740258.0,27912.0,0.6465319575809456,0.3208539099951461,0.0,179850.0,1447351.0,151938.0,1419439.0,56.29754227572168,0.6458333333333333,0.9165123456790123,0.7811728395061728,0.9475691134413727,0.7130600571973308,0.8741658722592945,0.8436606291706387,0.851954242135367
DC28,DC4,DC28->DC4,306219.0,9878.032258064517,12934.0,1778.6220923362316,6565270.0,59369.0,0.2178578045781432,0.1800583401500808,0.0,212797.0,2405716.0,153428.0,2346347.0,42.105728578887266,0.684104938271605,0.8876543209876543,0.7858796296296297,0.9587702573879886,0.7273593898951383,0.7483317445185891,0.8856053384175405,0.8510605338417541
DC73,DC62,DC73->DC62,125096.0,4035.3548387096776,7223.0,1249.0064838383087,1326663.0,42794.0,0.16878534373977266,0.30951589978079214,0.0,352936.0,1059024.0,310142.0,1016230.0,30.994345001635022,0.6802469135802469,0.8708333333333331,0.77554012345679,0.8972831267874166,0.6906577693040992,0.8703527168732126,0.9227836034318398,0.8479623450905625
DC44,DC62,DC44->DC62,130219.0,4200.612903225807,5362.0,1132.925293708208,1992307.0,28498.0,0.1881535546354064,0.2697047597120703,0.0,511263.0,1059024.0,482765.0,1030526.0,53.10165625657754,0.7271604938271605,0.8708333333333331,0.7989969135802468,0.9063393708293612,0.765490943755958,0.8398474737845567,0.8531935176358436,0.8478670162059103
DC38,DC62,DC38->DC62,146715.0,4732.741935483871,5462.0,891.1836988049146,1912578.0,31191.0,0.17511461639574957,0.1883017732539039,0.0,321772.0,1059024.0,290581.0,1027833.0,42.26905197011823,0.7305555555555555,0.8708333333333331,0.8006944444444444,0.909437559580553,0.7707340324118208,0.7588179218303146,0.8836987607244995,0.8457340324118208
DC20,DC5,DC20->DC5,126968.0,4095.7419354838707,4660.0,859.8057532970488,1621300.0,15303.0,0.30451545448602857,0.2099267402195987,0.0,422975.0,693070.0,407672.0,677767.0,70.92981768280265,0.7592592592592592,0.8759259259259259,0.8175925925925925,0.9006196377502382,0.832697807435653,0.7816968541468065,0.8141086749285034,0.8441730219256434
DC47,DC8,DC47->DC8,176908.0,5706.709677419355,7234.0,829.2682041550107,4901130.0,59443.0,0.12169641505307402,0.14531459475434025,0.0,579385.0,2130508.0,519942.0,2071065.0,43.58809279477746,0.7172839506172839,0.8814814814814814,0.7993827160493827,0.9313632030505242,0.7664442326024785,0.7102001906577693,0.877025738798856,0.8433746425166825
DC58,DC9,DC58->DC9,152947.0,4933.774193548387,18560.0,5766.652177486363,1015207.0,37288.0,0.4977472645354941,1.1688115327665205,0.0,176452.0,1447351.0,139164.0,1410063.0,41.547602445825966,0.5856481481481481,0.9165123456790123,0.7510802469135802,0.9051477597712108,0.622974261201144,0.9914204003813155,0.8875119161105816,0.8431363203050525
DC48,DC8,DC48->DC8,184330.0,5946.129032258064,7120.0,1181.721754869276,3996172.0,64292.0,0.11074472718222936,0.19873799382054683,0.0,201093.0,2130508.0,136801.0,2066216.0,34.26580289927154,0.666820987654321,0.8814814814814814,0.7741512345679011,0.9304099142040039,0.6892278360343184,0.7721639656816015,0.9132507149666349,0.8420877025738798
DC36,DC8,DC36->DC8,3848.0,124.12903225806451,185.0,37.46201683725916,293586.0,53861.0,0.003434767271309418,0.30179899218962536,0.0,938959.0,2130508.0,885098.0,2076647.0,54.98867455115845,0.8058641975308642,0.8814814814814814,0.8436728395061728,0.7805052430886559,0.9065776930409915,0.8646329837940896,0.8484270734032412,0.8416229742612011
DC47,DC3,DC47->DC3,94886.0,3060.8387096774195,7310.0,1773.3300021614918,605849.0,14104.0,0.5182926829267925,0.5793608126276615,0.0,579385.0,727980.0,565281.0,713876.0,90.69462563811041,0.7172839506172839,0.8919753086419754,0.8046296296296296,0.8772640610104862,0.7883698760724499,0.9561487130600572,0.775023832221163,0.841313155386082
DC15,DC5,DC15->DC5,72631.0,2342.935483870968,2865.0,587.1867283089641,1110743.0,14994.0,0.19107643057221615,0.2506201013006859,0.0,357552.0,693070.0,342558.0,678076.0,68.0694944644479,0.7561728395061729,0.8759259259259259,0.8160493827160493,0.8741658722592945,0.8260247855100096,0.8303145853193518,0.8169685414680649,0.8412535748331744
DC43,DC9,DC43->DC9,170894.0,5512.709677419355,9419.0,2353.283748208823,999204.0,27588.0,0.34141655792372255,0.4268833089193317,0.0,145712.0,1447351.0,118124.0,1419763.0,55.74478033927593,0.6375,0.9165123456790123,0.7770061728395061,0.9089609151572926,0.6978074356530028,0.9132507149666349,0.8455672068636797,0.8409675881792182
DC23,DC35,DC23->DC35,55546.0,1791.8064516129032,2591.0,513.3349167284164,2707596.0,62887.0,0.04120088412549428,0.28649015984178927,0.0,810066.0,586705.0,747179.0,523818.0,20.21080668500612,0.8141975308641975,0.7146604938271605,0.764429012345679,0.8772640610104862,0.6582459485224023,0.8551000953288846,0.9609151572926596,0.8400977121067683
DC27,DC8,DC27->DC8,452520.0,14597.41935483871,19647.0,2797.9599339310516,2739372.0,57062.0,0.3443096982229795,0.19167497116559853,0.0,150106.0,2130508.0,93044.0,2073446.0,37.96729872769903,0.6430555555555555,0.8814814814814814,0.7622685185185185,0.9625834127740706,0.6515729265967588,0.763584366062917,0.9018112488083889,0.8397878932316492
DC4,DC8,DC4->DC8,3176.0,102.45161290322581,157.0,38.05839207160442,83857.0,27330.0,0.005744603000365688,0.37147674880611503,0.0,65103.0,2130508.0,37773.0,2103178.0,78.33702890596128,0.8876543209876543,0.8814814814814814,0.8845679012345679,0.7573879885605339,0.9632983794089609,0.892278360343184,0.797902764537655,0.8392278360343184
DC44,DC10,DC44->DC10,129369.0,4173.193548387097,5163.0,985.5195590391392,3410197.0,30393.0,0.1698746421873402,0.23615476915030642,0.0,511263.0,2290621.0,480870.0,2260228.0,90.1884644490478,0.7271604938271605,0.8976851851851853,0.8124228395061729,0.9142040038131555,0.8102955195424214,0.8122020972354623,0.7759771210676835,0.83836987607245
DC44,DC5,DC44->DC5,72697.0,2345.064516129032,2984.0,465.8855553420591,959921.0,29042.0,0.10274774464568202,0.1986664128588205,0.0,511263.0,693070.0,482221.0,664028.0,39.468666069828544,0.7271604938271605,0.8759259259259259,0.8015432098765432,0.8717826501429933,0.775023832221163,0.771210676835081,0.8951382268827455,0.8383460438512869
DC28,DC14,DC28->DC14,87892.0,2835.2258064516127,3532.0,748.9801974072617,1999889.0,15076.0,0.23427964977446045,0.264169504842499,0.0,212797.0,902659.0,197721.0,887583.0,71.98885646059485,0.684104938271605,0.9246913580246913,0.8043981481481481,0.8908484270734032,0.7874165872259294,0.8350810295519543,0.8112488083889419,0.836725452812202
DC41,DC9,DC41->DC9,291012.0,9387.483870967742,35553.0,7183.588257252768,569232.0,29520.0,1.2043699186991461,0.7652304234011383,0.06451612903225806,62007.0,1447351.0,32487.0,1417831.0,49.13001355013384,0.5645061728395062,0.9165123456790123,0.7405092592592593,0.9196854146806482,0.5986653956148713,0.9809342230695901,0.8636796949475691,0.8346163012392754
DC17,DC8,DC17->DC8,3451.0,111.3225806451613,151.0,27.202214208707346,594856.0,64262.0,0.0023497556876536313,0.24435486539042384,0.0,795108.0,2130508.0,730846.0,2066246.0,43.526376396625636,0.7677469135802468,0.8814814814814814,0.8246141975308641,0.7900381315538608,0.8522402287893232,0.8236415633937083,0.8779790276453765,0.8326143946615824
DC50,DC9,DC50->DC9,115508.0,3726.064516129032,9318.0,2251.485745092293,838153.0,21217.0,0.4391761323466824,0.604253022282806,0.0,141641.0,1447351.0,120424.0,1426134.0,72.8923976056901,0.6385802469135802,0.9165123456790123,0.7775462962962962,0.8872735938989514,0.7006673021925643,0.9599618684461392,0.8093422306959008,0.8320424213536701
DC20,DC8,DC20->DC8,2368.0,76.38709677419355,127.0,25.225022675720922,507597.0,51548.0,0.002463723131838239,0.3302262259024964,0.0,422975.0,2130508.0,371427.0,2078960.0,47.536024676029186,0.7592592592592592,0.8814814814814814,0.8203703703703703,0.777168732125834,0.8408007626310772,0.8798856053384175,0.8684461391801716,0.8313036224976166
DC27,DC14,DC27->DC14,84752.0,2733.935483870968,4473.0,1144.5034684901816,655713.0,15669.0,0.28546812176908,0.4186285577117077,0.0,150106.0,902659.0,134437.0,886990.0,65.18775926989181,0.6430555555555555,0.9246913580246913,0.7838734567901233,0.8732125834127741,0.7225929456625357,0.909437559580553,0.8255481410867492,0.8290753098188751
DC23,DC70,DC23->DC70,85836.0,2768.9032258064517,3608.0,686.5104070746869,2171968.0,32263.0,0.11183088987384583,0.24793586163506695,0.0,810066.0,280449.0,777803.0,248186.0,31.800793478596788,0.8141975308641975,0.7101851851851853,0.7621913580246914,0.8913250714966634,0.6501429933269781,0.8274547187797903,0.9208770257387988,0.8288369876072448
DC22,DC35,DC22->DC35,23951.0,772.6129032258065,1320.0,269.17983884377077,1163027.0,101949.0,0.012947650295735975,0.3484019458121203,0.0,884569.0,586705.0,782620.0,484756.0,12.431470637279302,0.7834876543209874,0.7146604938271605,0.749074074074074,0.8427073403241182,0.6177311725452812,0.8875119161105816,0.982840800762631,0.8282173498570067
DC19,DC8,DC19->DC8,2936.0,94.70967741935483,144.0,20.57745955727834,760174.0,67105.0,0.0021458907681990587,0.21726881684907806,0.0,801505.0,2130508.0,734400.0,2063403.0,41.692914089858554,0.7584876543209877,0.8814814814814814,0.8199845679012345,0.7888465204957102,0.8398474737845567,0.7874165872259294,0.886558627264061,0.8258102955195424
DC47,DC62,DC47->DC62,79752.0,2572.6451612903224,3052.0,468.58727616081586,1168650.0,32160.0,0.09490049751243486,0.18214221036437514,0.0,579385.0,1059024.0,547225.0,1026864.0,48.945553482585545,0.7172839506172839,0.8708333333333331,0.7940586419753085,0.8796472831267874,0.7511916110581506,0.7502383222116301,0.8646329837940896,0.8243684461391801
DC25,DC4,DC25->DC4,1281.0,41.32258064516129,53.0,7.668061523867616,669316.0,50932.0,0.0010406031571506904,0.18556589167380452,0.0,535975.0,2405716.0,485043.0,2354784.0,55.75722532003346,0.8162037037037037,0.8876543209876543,0.851929012345679,0.7640610104861773,0.9275500476644424,0.7559580552907531,0.8446139180171592,0.8238560533841754
DC4,DC62,DC4->DC62,1903.0,61.38709677419355,132.0,36.61277533017309,157164.0,7857.0,0.016800305460097135,0.5964246112542705,0.0,65103.0,1059024.0,57246.0,1051167.0,141.07331042380792,0.8876543209876543,0.8708333333333331,0.8792438271604937,0.7526215443279314,0.9547187797902764,0.9580552907530981,0.7092469018112488,0.823117254528122
DC43,DC8,DC43->DC8,123986.0,3999.548387096774,5198.0,1141.6312844321376,3219602.0,44075.0,0.11793533749290715,0.2854400482101803,0.0,145712.0,2130508.0,101637.0,2086433.0,49.644242768007956,0.6375,0.8814814814814814,0.7594907407407407,0.907769304099142,0.6444232602478551,0.8541468064823642,0.8627264061010487,0.8226286939942802
DC4,DC14,DC4->DC14,2126.0,68.58064516129032,144.0,27.071916401471896,202357.0,5983.0,0.024068193214102612,0.394745723628124,0.0,65103.0,902659.0,59120.0,896676.0,159.75196389768345,0.8876543209876543,0.9246913580246913,0.9061728395061728,0.7592945662535748,0.9918970448045757,0.9008579599618685,0.6911344137273594,0.8216396568160153
DC8,DC3,DC8->DC3,236.0,7.612903225806452,13.0,1.7902499258724658,345499.0,13702.0,0.0009487666034154905,0.23515994785913763,0.0,218287.0,727980.0,204585.0,714278.0,67.06050211647445,0.8814814814814814,0.8919753086419754,0.8867283950617284,0.7268827454718779,0.9652049571020019,0.8093422306959008,0.8179218303145853,0.8215919923736892
DC15,DC4,DC15->DC4,939.0,30.29032258064516,53.0,10.89893024755655,416742.0,50163.0,0.001056555628650578,0.35981558856560036,0.0,357552.0,2405716.0,307389.0,2355553.0,53.085780356038256,0.7561728395061729,0.8876543209876543,0.8219135802469135,0.7514299332697808,0.8446139180171592,0.8903717826501429,0.8541468064823642,0.8212464251668256
DC23,DC8,DC23->DC8,2881.0,92.93548387096774,147.0,25.585953157141073,236286.0,30936.0,0.004751745539177504,0.2753087635761328,0.0,810066.0,2130508.0,779130.0,2099572.0,93.05346521851264,0.8141975308641975,0.8814814814814814,0.8478395061728394,0.7695424213536702,0.9161105815061964,0.8484270734032412,0.7740705433746425,0.8191491897044805
DC28,DC3,DC28->DC3,89459.0,2885.7741935483873,8581.0,1845.4100813548964,612839.0,7645.0,1.1224329627205856,0.6394852672395395,0.0967741935483871,212797.0,727980.0,205152.0,720335.0,121.0578155657134,0.684104938271605,0.8919753086419754,0.7880401234567902,0.8753574833174452,0.7326024785510009,0.9656816015252622,0.7349857006673022,0.8181244041944709
DC30,DC4,DC30->DC4,252718.0,8152.193548387097,9406.0,1396.0142669424133,4668223.0,29680.0,0.3169137466307171,0.17124400428623804,0.0,156937.0,2405716.0,127257.0,2376036.0,84.34275606468718,0.6763888888888888,0.8876543209876543,0.7820216049382716,0.9435176358436607,0.717349857006673,0.7340324118207817,0.7883698760724499,0.8167659675881792
DC46,DC10,DC46->DC10,38862.0,1253.6129032258063,1699.0,333.9159327676465,1613055.0,20616.0,0.0824117190531586,0.26636287159149774,0.0,211065.0,2290621.0,190449.0,2270005.0,119.34681800542688,0.7342592592592593,0.8976851851851853,0.8159722222222223,0.8603431839847473,0.8245948522402288,0.8360343183984748,0.7359389895138226,0.8166587225929456
DC42,DC9,DC42->DC9,104640.0,3375.483870967742,9702.0,2273.376980375482,672039.0,15464.0,0.6273926539058052,0.673496620715014,0.0,84638.0,1447351.0,69174.0,1431887.0,97.06809363682765,0.6165123456790124,0.9165123456790123,0.7665123456790124,0.880838894184938,0.663489037178265,0.9723546234509056,0.7673975214489991,0.8118684461391801
DC27,DC62,DC27->DC62,100943.0,3256.2258064516127,4576.0,993.8406346472067,793877.0,22037.0,0.20765076916094716,0.3052124433992842,0.0,150106.0,1059024.0,128069.0,1036987.0,52.86817624903331,0.6430555555555555,0.8708333333333331,0.7569444444444443,0.8832221163012393,0.6339370829361296,0.8674928503336511,0.8551000953288846,0.8115109628217348
DC46,DC14,DC46->DC14,37037.0,1194.741935483871,1467.0,272.04150154709083,1257952.0,7004.0,0.20945174186176335,0.22769896449368893,0.0,211065.0,902659.0,204061.0,895655.0,157.01256424897815,0.7342592592592593,0.9246913580246913,0.8294753086419753,0.8548617731172546,0.8751191611058151,0.8007626310772163,0.6930409914204004,0.8113560533841755
DC73,DC8,DC73->DC8,2175.0,70.16129032258064,190.0,51.78746689467757,305184.0,52074.0,0.0036486538387678373,0.7381202177986772,0.0,352936.0,2130508.0,300862.0,2078434.0,45.69067096823663,0.6802469135802469,0.8814814814814814,0.7808641975308641,0.767159199237369,0.7102001906577693,0.9780743565300286,0.871306005719733,0.8105934223069591
DC48,DC14,DC48->DC14,58218.0,1878.0,2334.0,447.27035917166296,1086509.0,12446.0,0.18753013016228606,0.23816313054921448,0.0,201093.0,902659.0,188647.0,890213.0,86.68327173388344,0.666820987654321,0.9246913580246913,0.7957561728395062,0.8655862726406102,0.7559580552907531,0.8141086749285034,0.7836034318398475,0.8099618684461392
DC26,DC8,DC26->DC8,193545.0,6243.387096774193,7373.0,1225.6398112538125,3737347.0,31380.0,0.23495857233906198,0.19631007852882845,0.0,179850.0,2130508.0,148470.0,2099128.0,71.62517527087088,0.6458333333333333,0.8814814814814814,0.7636574074074074,0.9330314585319353,0.6568160152526216,0.7683508102955195,0.8122020972354623,0.8090681601525263
DC14,DC35,DC14->DC35,12072.0,389.4193548387097,620.0,156.4575123596733,573661.0,16350.0,0.03792048929663377,0.4017712792526025,0.0,1575798.0,586705.0,1559448.0,570355.0,130.2631804281266,0.9246913580246913,0.7146604938271605,0.8196759259259259,0.8105338417540514,0.838417540514776,0.9018112488083889,0.7216396568160153,0.8089728312678741
DC47,DC5,DC47->DC5,39890.0,1286.774193548387,1528.0,120.00583579288815,797805.0,25822.0,0.059174347455655675,0.09326099046318981,0.0,579385.0,693070.0,553563.0,667248.0,47.27794129037072,0.7172839506172839,0.8759259259259259,0.796604938271605,0.8534318398474738,0.7597712106768351,0.6825548141086749,0.8693994280266921,0.8083770257387988
DC38,DC5,DC38->DC5,73544.0,2372.3870967741937,2949.0,415.38335790815586,1115842.0,11207.0,0.2631391094851197,0.17509088566228928,0.0,321772.0,693070.0,310565.0,681863.0,88.55429642187127,0.7305555555555555,0.8759259259259259,0.8032407407407407,0.8765490943755958,0.780743565300286,0.7397521448999047,0.780743565300286,0.8081267874165872
DC22,DC8,DC22->DC8,3008.0,97.03225806451613,153.0,26.692374011785006,240355.0,29845.0,0.005126486848718206,0.27508763110266204,0.0,884569.0,2130508.0,854724.0,2100663.0,99.02452672139054,0.7834876543209874,0.8814814814814814,0.8324845679012345,0.7714489990467112,0.8798856053384175,0.8474737845567207,0.7616777883698761,0.8075190657769303
DC23,DC12,DC23->DC12,79958.0,2579.2903225806454,9829.0,2635.8948066722674,778689.0,15956.0,0.6160065179242532,1.0219457591086396,0.0,810066.0,284822.0,794110.0,268866.0,66.61920280771706,0.8141975308641975,0.6597222222222222,0.7369598765432099,0.8736892278360343,0.5915157292659676,0.990467111534795,0.8198284080076264,0.8071973307912297
DC73,DC5,DC73->DC5,65797.0,2122.483870967742,2667.0,502.59775945020925,707661.0,16194.0,0.16469062615782606,0.23679697467892374,0.0,352936.0,693070.0,336742.0,676876.0,62.59219463998625,0.6802469135802469,0.8759259259259259,0.7780864197530863,0.8627264061010487,0.7016205910390848,0.8131553860819828,0.8312678741658722,0.8071496663489037
DC50,DC8,DC50->DC8,89680.0,2892.9032258064517,3584.0,781.6332096998714,2226915.0,33218.0,0.107893310855557,0.2701898918453126,0.0,141641.0,2130508.0,108423.0,2097290.0,66.40113793726094,0.6385802469135802,0.8814814814814814,0.7600308641975309,0.8939466158245949,0.646329837940896,0.8408007626310772,0.8207816968541468,0.8057793136320304
DC30,DC10,DC30->DC10,80569.0,2599.0,3052.0,550.7697253141105,3732737.0,24659.0,0.12376819822376724,0.21191601589607487,0.0,156937.0,2290621.0,132278.0,2265962.0,97.25617421630653,0.6763888888888888,0.8976851851851853,0.787037037037037,0.8960915157292659,0.73069590085796,0.7836034318398475,0.765490943755958,0.8052192564346997
DC4,DC10,DC4->DC10,1468.0,47.354838709677416,87.0,15.706067015743239,202197.0,12360.0,0.007038834951455741,0.3316676277096449,0.0,65103.0,2290621.0,52743.0,2278261.0,188.59255663428894,0.8876543209876543,0.8976851851851853,0.8926697530864198,0.7497616777883699,0.9728312678741659,0.8817921830314586,0.6663489037178265,0.8044804575786463
DC45,DC9,DC45->DC9,166001.0,5354.870967741936,11886.0,2334.501628681895,1030957.0,20473.0,0.5805695306012514,0.4359585212686985,0.0,57400.0,1447351.0,36927.0,1426878.0,71.49929175010641,0.5515432098765432,0.9165123456790123,0.7340277777777777,0.9077693040991419,0.5824594852240229,0.9189704480457579,0.8131553860819828,0.8044685414680648
DC47,DC10,DC47->DC10,77258.0,2492.1935483870966,2986.0,510.89348800646206,2003338.0,20874.0,0.14304876880328912,0.2049975164797687,0.0,579385.0,2290621.0,558511.0,2269747.0,135.49190380376854,0.7172839506172839,0.8976851851851853,0.8074845679012346,0.8839370829361296,0.7974261201143946,0.7778836987607245,0.7159199237368923,0.8043970448045757
DC30,DC14,DC30->DC14,69489.0,2241.5806451612902,3055.0,633.8359803198072,1498445.0,7599.0,0.4020265824450056,0.28276296089892294,0.0,156937.0,902659.0,149338.0,895060.0,137.43887353597347,0.6763888888888888,0.9246913580246913,0.80054012345679,0.8758341277407053,0.7688274547187798,0.8512869399428027,0.7111534795042898,0.8042302192564346
DC73,DC3,DC73->DC3,28710.0,926.1290322580645,1614.0,271.40527272025093,601865.0,12646.0,0.12762928989402755,0.293053411853664,0.0,352936.0,727980.0,340290.0,715334.0,83.47493278506377,0.6802469135802469,0.8919753086419754,0.7861111111111112,0.8341277407054337,0.7283126787416587,0.8579599618684461,0.7912297426120114,0.8005243088655862
DC28,DC62,DC28->DC62,83642.0,2698.1290322580644,3237.0,538.11869070509,1270136.0,16141.0,0.20054519546495256,0.19944142191544448,0.0,212797.0,1059024.0,196656.0,1042883.0,76.7944365280914,0.684104938271605,0.8708333333333331,0.777469135802469,0.8839370829361296,0.6997140133460439,0.773117254528122,0.7998093422306959,0.8002264061010486
DC47,DC35,DC47->DC35,1034.0,33.354838709677416,94.0,28.115600522057512,1058625.0,130449.0,0.0007205881225613019,0.8429241935760662,0.0,579385.0,586705.0,448936.0,456256.0,6.939048976994788,0.7172839506172839,0.7146604938271605,0.7159722222222222,0.7685891325071497,0.5328884652049571,0.9847473784556721,0.9952335557673975,0.7987488083889418
DC26,DC62,DC26->DC62,62022.0,2000.7096774193549,2448.0,410.3227049096992,851700.0,27667.0,0.08848086167636214,0.2050885790879739,0.0,179850.0,1059024.0,152183.0,1031357.0,42.778038818807865,0.6458333333333333,0.8708333333333331,0.7583333333333332,0.8639180171591992,0.6387035271687321,0.778836987607245,0.8789323164918971,0.7986058150619637
DC51,DC4,DC51->DC4,433.0,13.96774193548387,19.0,5.095753266471753,429267.0,26361.0,0.000720761731345521,0.3648229821000343,0.0,715715.0,2405716.0,689354.0,2379355.0,116.41094799134645,0.775,0.8876543209876543,0.8313271604938272,0.7416587225929456,0.8789323164918971,0.8913250714966635,0.7397521448999047,0.7979504289799809
DC40,DC70,DC40->DC70,65457.0,2111.516129032258,2852.0,758.0057396568692,1068258.0,16173.0,0.17634328819636577,0.35898647859437216,0.0,63832.0,280449.0,47659.0,264276.0,19.28739256785882,0.6654320987654321,0.7101851851851853,0.6878086419753087,0.8682078169685415,0.47616777883698763,0.888465204957102,0.9637750238322211,0.797128217349857
DC46,DC62,DC46->DC62,45153.0,1456.5483870967741,1680.0,155.01276507471317,891855.0,15091.0,0.11132463057450723,0.10642472742260335,0.0,211065.0,1059024.0,195974.0,1043933.0,82.16201709627711,0.7342592592592593,0.8708333333333331,0.8025462962962961,0.8591515729265967,0.7797902764537655,0.6873212583412774,0.7931363203050524,0.7970328884652049
DC43,DC14,DC43->DC14,42891.0,1383.5806451612902,1643.0,190.04257149446525,1311894.0,15629.0,0.10512508797747104,0.1373556157777661,0.0,145712.0,902659.0,130083.0,887030.0,65.07857188559312,0.6375,0.9246913580246913,0.7810956790123456,0.8641563393708294,0.7116301239275501,0.7035271687321258,0.8265014299332698,0.7925166825548141
DC5,DC10,DC5->DC10,4607.0,148.61290322580646,222.0,34.68073502528256,135739.0,10359.0,0.02143064002316619,0.23336287948264056,0.0,32737.0,2290621.0,22378.0,2280262.0,222.28400424749276,0.8759259259259259,0.8976851851851853,0.8868055555555556,0.7707340324118208,0.9671115347950429,0.8064823641563393,0.6387035271687321,0.792183031458532
DC14,DC70,DC14->DC70,8452.0,272.64516129032256,443.0,122.23709071944829,326113.0,9442.0,0.046918025841977656,0.44833764934796483,0.0,1575798.0,280449.0,1566356.0,271007.0,194.59468332978238,0.9246913580246913,0.7101851851851853,0.8174382716049382,0.7952812202097236,0.830791229742612,0.9227836034318398,0.6596758817921831,0.789382745471878
DC8,DC4,DC8->DC4,10310.0,332.5806451612903,470.0,94.24976228037048,245086.0,5985.0,0.07852965747701277,0.2833891979323666,0.0,218287.0,2405716.0,212302.0,2399731.0,436.4299081035194,0.8814814814814814,0.8876543209876543,0.8845679012345679,0.7952812202097235,0.9632983794089609,0.8522402287893232,0.5691134413727359,0.7892874165872258
DC50,DC14,DC50->DC14,28487.0,918.9354838709677,1122.0,185.54365375989642,741016.0,12477.0,0.08992546285163983,0.20191151284973954,0.0,141641.0,902659.0,129164.0,890182.0,81.69800432795691,0.6385802469135802,0.9246913580246913,0.7816358024691357,0.836272640610105,0.7159199237368923,0.775023832221163,0.7950428979980935,0.7866897044804575
DC26,DC14,DC26->DC14,62656.0,2021.1612903225807,2590.0,503.4219737584477,1092091.0,7471.0,0.34667380538075937,0.24907560627081454,0.0,179850.0,902659.0,172379.0,895188.0,142.89479320035565,0.6458333333333333,0.9246913580246913,0.7852623456790122,0.8679694947569113,0.7264061010486177,0.8284080076263107,0.7063870352716873,0.7862488083889417
DC38,DC70,DC38->DC70,53212.0,1716.516129032258,2670.0,488.43950799015096,961496.0,13545.0,0.19712070874860116,0.2845528216884511,0.0,321772.0,280449.0,308227.0,266904.0,42.46076042819915,0.7305555555555555,0.7101851851851853,0.7203703703703703,0.8605815061963775,0.5467111534795043,0.8531935176358436,0.880838894184938,0.7860700667302192
DC10,DC70,DC10->DC70,14837.0,478.61290322580646,732.0,198.55878749521835,292885.0,3842.0,0.190525767829206,0.41486300548216676,0.0,336532.0,280449.0,332690.0,276607.0,158.58849557517996,0.8976851851851853,0.7101851851851853,0.8039351851851853,0.8017159199237369,0.7840800762631077,0.9084842707340324,0.6920877025738799,0.7859151572926597
DC51,DC35,DC51->DC35,6073.0,195.90322580645162,355.0,101.77278768008085,399323.0,22655.0,0.015669830059588802,0.519505420396246,0.0,715715.0,586705.0,693060.0,564050.0,55.48929596115403,0.775,0.7146604938271605,0.7448302469135802,0.7924213536701621,0.6072449952335558,0.9428026692087702,0.8465204957102002,0.7822092469018112
DC48,DC10,DC48->DC10,70698.0,2280.5806451612902,2821.0,502.7101886961698,1393649.0,16358.0,0.17245384521334073,0.220430787993641,0.0,201093.0,2290621.0,184735.0,2274263.0,150.32387822471264,0.666820987654321,0.8976851851851853,0.7822530864197531,0.8763107721639657,0.7197330791229742,0.7931363203050524,0.7025738798856054,0.7812559580552907
DC28,DC5,DC28->DC5,54884.0,1770.4516129032259,2152.0,389.5151526068039,583100.0,7931.0,0.2713403101752274,0.22000892301588987,0.0,212797.0,693070.0,204866.0,685139.0,112.21850964567996,0.684104938271605,0.8759259259259259,0.7800154320987654,0.8534318398474738,0.7092469018112488,0.792183031458532,0.7454718779790277,0.7812082936129647
DC48,DC62,DC48->DC62,57481.0,1854.225806451613,2248.0,367.8090063341009,763504.0,13834.0,0.16249819285816375,0.1983625753962349,0.0,201093.0,1059024.0,187259.0,1045190.0,89.08840537804763,0.666820987654321,0.8708333333333331,0.768827160493827,0.8591515729265967,0.6739752144899904,0.76930409914204,0.778836987607245,0.7793017159199237
DC46,DC70,DC46->DC70,37353.0,1204.9354838709678,1681.0,263.47588926648655,777504.0,12023.0,0.13981535390500374,0.2186638976053946,0.0,211065.0,280449.0,199042.0,268426.0,38.88114447309,0.7342592592592593,0.7101851851851853,0.7222222222222223,0.8484270734032412,0.553860819828408,0.7893231649189705,0.8989513822688274,0.7785510009532889
DC47,DC70,DC47->DC70,611.0,19.70967741935484,57.0,15.093672137873513,128216.0,51136.0,0.0011146745932415303,0.7658000593295239,0.0,579385.0,280449.0,528249.0,229313.0,14.814651126407721,0.7172839506172839,0.7101851851851853,0.7137345679012346,0.7280743565300286,0.5300285986653956,0.9818875119161106,0.9752144899904671,0.7784199237368923
DC19,DC35,DC19->DC35,8120.0,261.93548387096774,429.0,97.76896251478523,831826.0,26184.0,0.016384051329055287,0.3732558913727551,0.0,801505.0,586705.0,775321.0,560521.0,51.01749159792045,0.7584876543209877,0.7146604938271605,0.736574074074074,0.8081506196377501,0.5872259294566253,0.8932316491897044,0.8579599618684461,0.7781339370829361
DC42,DC8,DC42->DC8,95581.0,3083.2580645161293,3660.0,524.8565375563201,1960580.0,28457.0,0.12861510348947083,0.17022789742983066,0.0,84638.0,2130508.0,56181.0,2102051.0,75.84186667603487,0.6165123456790124,0.8814814814814814,0.7489969135802469,0.8939466158245949,0.6167778836987607,0.7321258341277407,0.8026692087702574,0.7775619637750238
DC36,DC35,DC36->DC35,14893.0,480.4193548387097,745.0,208.75773490688852,614306.0,15980.0,0.04662077596995953,0.4345323159940961,0.0,938959.0,586705.0,922979.0,570725.0,93.47334167709052,0.8058641975308642,0.7146604938271605,0.7602623456790123,0.8148236415633937,0.6477597712106768,0.9161105815061964,0.771210676835081,0.7773474737845567
DC30,DC62,DC30->DC62,78864.0,2544.0,3191.0,527.5846973740101,1025626.0,9368.0,0.3406276686592292,0.20738392192366462,0.0,156937.0,1059024.0,147569.0,1049656.0,127.79942356958499,0.6763888888888888,0.8708333333333331,0.773611111111111,0.8760724499523356,0.6877979027645377,0.7797902764537655,0.7254528122020972,0.776906577693041
DC60,DC8,DC60->DC8,73340.0,2365.8064516129034,5846.0,1290.8389474855,538514.0,21799.0,0.26817743933206717,0.5456232256890317,0.0,63647.0,2130508.0,41848.0,2108709.0,98.65392907931104,0.5694444444444444,0.8814814814814814,0.725462962962963,0.8632030505243089,0.5643469971401335,0.9475691134413727,0.763584366062917,0.7762392755004767
DC27,DC10,DC27->DC10,163969.0,5289.322580645161,6366.0,891.0332670773306,990828.0,16133.0,0.39459492964728227,0.1684588628301205,0.0,150106.0,2290621.0,133973.0,2274488.0,149.2878571871227,0.6430555555555555,0.8976851851851853,0.7703703703703704,0.9058627264061011,0.6763584366062917,0.7302192564346998,0.7044804575786463,0.7717945662535748
DC7,DC9,DC7->DC9,111349.0,3591.9032258064517,9345.0,2281.6183186337453,506642.0,7759.0,1.2044077845081576,0.6352115230278351,0.16129032258064516,39972.0,1447351.0,32213.0,1439592.0,189.69003737592604,0.575925925925926,0.9165123456790123,0.7462191358024691,0.8770257387988561,0.611534795042898,0.9647283126787417,0.6644423260247855,0.7706625357483318
DC22,DC70,DC22->DC70,37779.0,1218.6774193548388,1532.0,248.21028897817794,729018.0,16266.0,0.09418418787654652,0.20367185363077905,0.0,884569.0,280449.0,868303.0,264183.0,69.62289438091297,0.7834876543209874,0.7101851851851853,0.7468364197530863,0.8474737845567207,0.6139180171591992,0.7759771210676835,0.8150619637750238,0.7702573879885606
DC19,DC70,DC19->DC70,9212.0,297.16129032258067,653.0,162.6361656352258,427591.0,13506.0,0.0483488819783764,0.5472992981627262,0.0,801505.0,280449.0,787999.0,266943.0,78.1091366799883,0.7584876543209877,0.7101851851851853,0.7343364197530865,0.8021925643469972,0.5834127740705434,0.9494756911344138,0.7988560533841754,0.7687559580552907
DC4,DC5,DC4->DC5,289.0,9.32258064516129,15.0,2.234438614264378,53554.0,3495.0,0.0042918454935610036,0.23968026655628247,0.0,65103.0,693070.0,61608.0,689575.0,214.9307582259757,0.8876543209876543,0.8759259259259259,0.8817901234567901,0.700190657769304,0.9575786463298379,0.8169685414680649,0.6434699714013346,0.7678741658722592
DC42,DC14,DC42->DC14,27752.0,895.2258064516129,1205.0,270.5200141277988,492759.0,6875.0,0.17527272727270177,0.3021807595111125,0.0,84638.0,902659.0,77763.0,895784.0,141.60683636361577,0.6165123456790124,0.9246913580246913,0.7706018518518518,0.8295996186844614,0.6777883698760725,0.86558627264061,0.7082936129647283,0.7667183031458531
DC40,DC35,DC40->DC35,39175.0,1263.7096774193549,2022.0,373.9095279177008,1165856.0,12275.0,0.1647250509164835,0.29588245987082457,0.0,63832.0,586705.0,51557.0,574430.0,50.99690427698159,0.6654320987654321,0.7146604938271605,0.6900462962962963,0.8579599618684461,0.4828408007626311,0.8598665395614872,0.8589132507149666,0.7647044804575787
DC46,DC5,DC46->DC5,23312.0,752.0,844.0,71.23926065074312,408639.0,5925.0,0.1424472573839422,0.09473305937586221,0.0,211065.0,693070.0,205140.0,687145.0,150.5966244725484,0.7342592592592593,0.8759259259259259,0.8050925925925926,0.8244756911344138,0.7912297426120114,0.6835081029551954,0.7016205910390848,0.7643052907530982
DC28,DC8,DC28->DC8,2006.0,64.70967741935483,89.0,16.01248212385917,220043.0,24604.0,0.003617298000325003,0.2474511195573097,0.0,212797.0,2130508.0,188193.0,2105904.0,93.24081450170326,0.684104938271605,0.8814814814814814,0.7827932098765432,0.7595328884652051,0.7216396568160153,0.8265014299332698,0.7721639656816015,0.7632626310772164
DC48,DC5,DC48->DC5,30067.0,969.9032258064516,1177.0,187.08810324734964,367258.0,7919.0,0.1486298775097678,0.19289357769853524,0.0,201093.0,693070.0,193174.0,685151.0,110.91362545774581,0.666820987654321,0.8759259259259259,0.7713734567901234,0.8291229742612011,0.6811248808388942,0.765490943755958,0.7483317445185891,0.7623808388941848
DC46,DC35,DC46->DC35,19549.0,630.6129032258065,875.0,160.385760251873,743810.0,11814.0,0.0740646690367298,0.2543331407130891,0.0,211065.0,586705.0,199251.0,574891.0,65.5275097342081,0.7342592592592593,0.7146604938271605,0.7244598765432099,0.8279313632030505,0.5624404194470924,0.8322211630123928,0.8236415633937083,0.7611296472831268
DC43,DC62,DC43->DC62,41289.0,1331.9032258064517,1490.0,149.6803809495656,712649.0,15976.0,0.09326489734601319,0.11238082320795005,0.0,145712.0,1059024.0,129736.0,1043048.0,73.40911367050116,0.6375,0.8708333333333331,0.7541666666666665,0.8522402287893232,0.6272640610104862,0.6901811248808389,0.8083889418493804,0.7607244995233555
DC60,DC14,DC60->DC14,20808.0,671.2258064516129,1657.0,442.30107317756654,135082.0,7222.0,0.22943782885624073,0.6589452743408369,0.0,63647.0,902659.0,56425.0,895437.0,131.8003323178992,0.5694444444444444,0.9246913580246913,0.7470679012345678,0.8055290753098189,0.6148713060057197,0.9675881792183031,0.7197330791229742,0.7607244995233555
DC5,DC4,DC5->DC4,42640.0,1375.483870967742,1678.0,251.02574999232482,41747.0,2809.0,0.5973656105373452,0.18249995895301155,0.0,32737.0,2405716.0,29928.0,2402907.0,866.085795656509,0.8759259259259259,0.8876543209876543,0.8817901234567901,0.8062440419447092,0.9575786463298379,0.7511916110581506,0.5042897998093422,0.7603312678741659
DC27,DC5,DC27->DC5,34374.0,1108.8387096774193,1754.0,270.85516862804855,192295.0,7649.0,0.2293110210484731,0.24426922172170631,0.0,150106.0,693070.0,142457.0,685421.0,108.23349457444002,0.6430555555555555,0.8759259259259259,0.7594907407407407,0.8222116301239275,0.6444232602478551,0.8226882745471878,0.7502383222116301,0.7598427073403241
DC30,DC70,DC30->DC70,3040.0,98.06451612903226,155.0,38.198070787183,156527.0,15005.0,0.01032989003665376,0.3895198007863809,0.0,156937.0,280449.0,141932.0,265444.0,27.14935021659266,0.6763888888888888,0.7101851851851853,0.693287037037037,0.7666825548141086,0.4871306005719733,0.8960915157292659,0.9370829361296473,0.7588060057197331
DC26,DC5,DC26->DC5,33169.0,1069.967741935484,1315.0,227.33242447456058,374040.0,7820.0,0.16815856777491456,0.21246661517395132,0.0,179850.0,693070.0,172030.0,685250.0,109.62659846545913,0.6458333333333333,0.8759259259259259,0.7608796296296296,0.8310295519542421,0.6491897044804575,0.784556720686368,0.7492850333651097,0.7581625357483318
DC50,DC62,DC50->DC62,31167.0,1005.3870967741935,1177.0,173.3803719626125,449999.0,14039.0,0.0838378801908908,0.17245135979836498,0.0,141641.0,1059024.0,127602.0,1044985.0,83.52354156278342,0.6385802469135802,0.8708333333333331,0.7547067901234567,0.8338894184938035,0.6296472831267874,0.7368922783603432,0.7902764537654909,0.7573760724499523
DC30,DC35,DC30->DC35,1639.0,52.87096774193548,79.0,17.47392884803118,197089.0,30682.0,0.0025747995567432834,0.3305013998039787,0.0,156937.0,586705.0,126255.0,556023.0,22.23707711361638,0.6763888888888888,0.7146604938271605,0.6955246913580246,0.7523832221163012,0.494280266920877,0.880838894184938,0.9513822688274547,0.756875595805529
DC50,DC5,DC50->DC5,18313.0,590.741935483871,776.0,153.8514087792201,279521.0,7692.0,0.10088403536140134,0.2604375947222055,0.0,141641.0,693070.0,133949.0,685378.0,106.51677067081297,0.6385802469135802,0.8759259259259259,0.7572530864197531,0.8098188751191612,0.6367969494756911,0.8341277407054337,0.7521448999046711,0.755791229742612
DC60,DC62,DC60->DC62,36684.0,1183.3548387096773,1908.0,344.0655928075434,196593.0,14408.0,0.13242642976123456,0.29075437185216535,0.0,63647.0,1059024.0,49239.0,1044616.0,75.9199750138759,0.5694444444444444,0.8708333333333331,0.7201388888888888,0.8236415633937083,0.5433746425166825,0.8570066730219257,0.8017159199237369,0.7530981887511916
DC44,DC4,DC44->DC4,494.0,15.935483870967742,22.0,4.613692691298354,226153.0,15640.0,0.0014066496163681965,0.2895232255491372,0.0,511263.0,2405716.0,495623.0,2390076.0,184.50760869564039,0.7271604938271605,0.8876543209876543,0.8074074074074074,0.7340324118207817,0.7959961868446139,0.8560533841754051,0.6720686367969495,0.7523355576739752
DC44,DC70,DC44->DC70,33737.0,1088.2903225806451,1676.0,355.2958052963562,597020.0,7843.0,0.21369373964041644,0.3264715287125981,0.0,511263.0,280449.0,503420.0,272606.0,98.9450465383018,0.7271604938271605,0.7101851851851853,0.7186728395061729,0.8396091515729266,0.540514775977121,0.8779790276453765,0.7626310772163966,0.7513465204957102
DC38,DC35,DC38->DC35,29478.0,950.9032258064516,1462.0,318.49295883630435,765916.0,7910.0,0.18482932996204995,0.3349372998139308,0.0,321772.0,586705.0,313862.0,578795.0,112.851706700365,0.7305555555555555,0.7146604938271605,0.722608024691358,0.8393708293612965,0.5548141086749285,0.882745471877979,0.7445185891325071,0.7510247855100095
DC10,DC35,DC10->DC35,8528.0,275.0967741935484,492.0,112.54142028567415,253039.0,1914.0,0.25705329153591583,0.40909756435778805,0.0,336532.0,586705.0,334618.0,584791.0,480.35997910110746,0.8976851851851853,0.7146604938271605,0.8061728395061729,0.7912297426120115,0.7945662535748331,0.9046711153479504,0.5586272640610105,0.7509294566253575
DC44,DC35,DC44->DC35,10302.0,332.3225806451613,628.0,170.07937181187174,444494.0,10252.0,0.06125634022629133,0.5117899947730692,0.0,511263.0,586705.0,501011.0,576453.0,105.09793211079739,0.7271604938271605,0.7146604938271605,0.7209104938271604,0.8048141086749285,0.5490943755958055,0.9408960915157293,0.7550047664442326,0.7488441372735939
DC50,DC10,DC50->DC10,39487.0,1273.774193548387,1465.0,168.05868976341213,833568.0,15886.0,0.092219564396318,0.13193758408239892,0.0,141641.0,2290621.0,125755.0,2274735.0,151.10726425782758,0.6385802469135802,0.8976851851851853,0.7681327160493827,0.8534318398474738,0.67302192564347,0.6997140133460439,0.7006673021925643,0.7470805529075311
DC26,DC4,DC26->DC4,247.0,7.967741935483871,15.0,3.2969572577164477,235971.0,26989.0,0.0005557819852532308,0.4137881577991192,0.0,179850.0,2405716.0,152861.0,2378727.0,93.80073363221706,0.6458333333333333,0.8876543209876543,0.7667438271604938,0.7206863679694948,0.6644423260247855,0.9065776930409915,0.76930409914204,0.7466634890371783
DC34,DC70,DC34->DC70,16275.0,525.0,845.0,239.94811267062207,316856.0,6013.0,0.1405288541493197,0.4570440241336477,0.0,17871.0,280449.0,11858.0,274436.0,47.61250623647969,0.6189814814814814,0.7101851851851853,0.6645833333333333,0.8081506196377501,0.43136320305052434,0.9265967588179218,0.8674928503336511,0.7465562440419446
DC43,DC10,DC43->DC10,43640.0,1407.741935483871,1586.0,163.15339462266502,1202608.0,14094.0,0.11253015467574055,0.1158972326603809,0.0,145712.0,2290621.0,131618.0,2276527.0,170.8631332481786,0.6375,0.8976851851851853,0.7675925925925926,0.8636796949475691,0.6663489037178265,0.6930409914204004,0.684461391801716,0.7439466158245949
DC38,DC8,DC38->DC8,1672.0,53.935483870967744,69.0,10.806018286930753,67891.0,14035.0,0.004916280726754192,0.20035081751713066,0.0,321772.0,2130508.0,307737.0,2116473.0,172.72604203775043,0.7305555555555555,0.8814814814814814,0.8060185185185185,0.7364156339370829,0.7926596758817922,0.7740705433746425,0.6816015252621545,0.7424213536701619
DC5,DC62,DC5->DC62,3010.0,97.09677419354838,157.0,45.46416869090937,9878.0,728.0,0.21565934065904444,0.46823562438660304,0.0,32737.0,1059024.0,32009.0,1058296.0,1497.671703294646,0.8759259259259259,0.8708333333333331,0.8733796296296295,0.715204957102002,0.9489990467111534,0.9294566253574833,0.4613918017159199,0.7423379408960915
DC26,DC10,DC26->DC10,70990.0,2290.0,2644.0,415.91593443402604,1175159.0,8082.0,0.3271467458549459,0.1816226787920718,0.0,179850.0,2290621.0,171768.0,2282539.0,303.67569908434746,0.6458333333333333,0.8976851851851853,0.7717592592592593,0.8748808388941849,0.6825548141086749,0.7492850333651097,0.6101048617731173,0.7417659675881791
DC5,DC14,DC5->DC14,1980.0,63.87096774193548,86.0,14.670008763732612,29709.0,885.0,0.09717514124282806,0.2296819553881772,0.0,32737.0,902659.0,31852.0,901774.0,1054.9446327671697,0.8759259259259259,0.9246913580246913,0.9003086419753086,0.7228312678741659,0.9842707340324118,0.8026692087702574,0.4890371782650143,0.7417183031458533
DC53,DC62,DC53->DC62,14952.0,482.3225806451613,1049.0,312.92412633888296,94409.0,12817.0,0.08184442537254569,0.6487859762229307,0.0,39744.0,1059024.0,26927.0,1046207.0,83.72739330575925,0.5220679012345679,0.8708333333333331,0.6964506172839505,0.7859866539561489,0.4966634890371783,0.9666348903717826,0.7893231649189705,0.7415872259294567
DC43,DC5,DC43->DC5,20218.0,652.1935483870968,755.0,124.56723002895411,336485.0,6534.0,0.11554943373123422,0.1909973355866879,0.0,145712.0,693070.0,139178.0,686536.0,126.37190082642694,0.6375,0.8759259259259259,0.756712962962963,0.8179218303145853,0.6329837940896091,0.7616777883698761,0.7283126787416587,0.7408484270734031
DC17,DC35,DC17->DC35,2338.0,75.41935483870968,148.0,37.50507423179101,278919.0,10831.0,0.013664481580646877,0.4972871262489758,0.0,795108.0,586705.0,784277.0,575874.0,125.57944788107048,0.7677469135802468,0.7146604938271605,0.7412037037037036,0.7659675881792183,0.6010486177311726,0.9342230695900858,0.7292659675881792,0.7408007626310773
DC60,DC5,DC60->DC5,19550.0,630.6451612903226,1476.0,419.02032812241066,77337.0,5443.0,0.2711739849347288,0.6644312108324365,0.0,63647.0,693070.0,58204.0,687627.0,137.02572110965698,0.5694444444444444,0.8759259259259259,0.7226851851851852,0.7928979980934223,0.555767397521449,0.9685414680648237,0.7130600571973308,0.7400023832221163
DC51,DC70,DC51->DC70,10995.0,354.6774193548387,656.0,177.0941770771433,192970.0,5702.0,0.11504735180636354,0.49931054928385304,0.0,715715.0,280449.0,710013.0,274747.0,172.70431427566243,0.775,0.7101851851851853,0.7425925925925927,0.7924213536701621,0.6043851286939943,0.9370829361296473,0.6825548141086749,0.7396448999046711
DC36,DC70,DC36->DC70,18119.0,584.483870967742,958.0,191.19536891539246,375928.0,5527.0,0.17333092093356733,0.3271182977188049,0.0,938959.0,280449.0,933432.0,274922.0,218.62746517093925,0.8058641975308642,0.7101851851851853,0.7580246913580247,0.8148236415633938,0.6377502383222117,0.8789323164918971,0.6415633937082936,0.7368565300285986
DC50,DC35,DC50->DC35,249.0,8.03225806451613,19.0,4.2387145873197865,126933.0,20381.0,0.0009322408125214203,0.5277114545805394,0.0,141641.0,586705.0,121260.0,566324.0,33.736519307196225,0.6385802469135802,0.7146604938271605,0.6766203703703704,0.7118684461391802,0.4632983794089609,0.9447092469018112,0.9161105815061964,0.735712583412774
DC25,DC35,DC25->DC35,3529.0,113.83870967741936,210.0,58.165557247807484,240070.0,4679.0,0.044881384911296236,0.5109470883157247,0.0,535975.0,586705.0,531296.0,582026.0,237.94015815340072,0.8162037037037037,0.7146604938271605,0.7654320987654321,0.7762154432793136,0.6625357483317446,0.9399428026692088,0.6291706387035272,0.735593422306959
DC30,DC5,DC30->DC5,39932.0,1288.1290322580646,1488.0,94.37869563299789,436697.0,3986.0,0.3733065730054257,0.0732680447916624,0.0,156937.0,693070.0,152951.0,689084.0,211.24811841439757,0.6763888888888888,0.8759259259259259,0.7761574074074074,0.844375595805529,0.6944709246901811,0.6796949475691134,0.6472831267874166,0.7329242135367016
DC46,DC4,DC46->DC4,105.0,3.3870967741935485,6.0,0.7482202261124646,194326.0,12927.0,0.0004641448131816768,0.22090311431084197,0.0,211065.0,2405716.0,198138.0,2392789.0,200.42755473039372,0.7342592592592593,0.8876543209876543,0.8109567901234568,0.7075786463298379,0.8074356530028599,0.7950428979980935,0.6539561487130601,0.7322569113441373
DC69,DC8,DC69->DC8,19905.0,642.0967741935484,2560.0,618.129298241422,43867.0,28132.0,0.09099957343949627,0.9626731095430414,0.0,50191.0,2130508.0,22059.0,2102376.0,75.5166714062251,0.4512345679012345,0.8814814814814814,0.666358024691358,0.7824118207816968,0.4361296472831268,0.9895138226882746,0.8036224976167778,0.7322092469018112
DC20,DC35,DC20->DC35,255.0,8.225806451612904,18.0,3.199895940035418,80927.0,13082.0,0.0013759364011617966,0.3890069573687794,0.0,422975.0,586705.0,409893.0,573623.0,75.18085919583586,0.7592592592592592,0.7146604938271605,0.7369598765432098,0.7061487130600572,0.5900857959961868,0.8951382268827455,0.8055290753098189,0.7303265014299333
DC31,DC4,DC31->DC4,59234.0,1910.774193548387,2467.0,481.23796740231427,567883.0,12492.0,0.19748639129041007,0.2518549648759823,0.0,58047.0,2405716.0,45555.0,2393224.0,195.2272654498723,0.5600308641975309,0.8876543209876543,0.7238425925925926,0.8551000953288846,0.5586272640610105,0.8312678741658722,0.657769304099142,0.7280743565300285
DC7,DC14,DC7->DC14,22572.0,728.1290322580645,866.0,120.01095163345178,827795.0,5409.0,0.16010353115175446,0.164820995066095,0.0,39972.0,902659.0,34563.0,897250.0,172.27084488811752,0.575925925925926,0.9246913580246913,0.7503086419753087,0.8350810295519542,0.6215443279313632,0.7244995233555768,0.6835081029551954,0.7272163965681601
DC53,DC8,DC53->DC8,37054.0,1195.2903225806451,2145.0,369.33202070664106,230802.0,15689.0,0.13671999490087725,0.30898938419323946,0.0,39744.0,2130508.0,24055.0,2114819.0,136.3295302441114,0.5220679012345679,0.8814814814814814,0.7017746913580247,0.8276930409914204,0.5100095328884652,0.8693994280266921,0.7149666348903718,0.7263465204957102
DC60,DC10,DC60->DC10,20593.0,664.2903225806451,1670.0,446.1168799221891,164767.0,7433.0,0.22467375218616645,0.6715691389096803,0.0,63647.0,2290621.0,56214.0,2283188.0,314.7318713843247,0.5694444444444444,0.8976851851851853,0.7335648148148148,0.8083889418493803,0.5795996186844614,0.9714013346043852,0.6081982840800763,0.7255958055290753
DC20,DC70,DC20->DC70,392.0,12.64516129032258,26.0,5.30093349719909,77194.0,7097.0,0.0036635197970968487,0.41920647551065404,0.0,422975.0,280449.0,415878.0,273352.0,97.11568268281003,0.7592592592592592,0.7101851851851853,0.7347222222222223,0.7125834127740706,0.5843660629170638,0.9103908484270734,0.7664442326024785,0.7236653956148713
DC59,DC4,DC59->DC4,38276.0,1234.7096774193549,1902.0,365.43321119163676,202432.0,15056.0,0.12632837407012976,0.2959669126066351,0.0,56054.0,2405716.0,40998.0,2390660.0,161.50757173218906,0.5287037037037037,0.8876543209876543,0.708179012345679,0.8281696854146806,0.5166825548141086,0.8608198284080076,0.6892278360343184,0.7204599618684461
DC42,DC62,DC42->DC62,29787.0,960.8709677419355,1175.0,159.1612576330105,372292.0,6042.0,0.19447202912939515,0.1656426960290795,0.0,84638.0,1059024.0,78596.0,1052982.0,187.28533598143207,0.6165123456790124,0.8708333333333331,0.7436728395061727,0.8286463298379408,0.6053384175405148,0.7264061010486177,0.667302192564347,0.7171472831267873
DC8,DC70,DC8->DC70,882.0,28.451612903225808,47.0,10.808714255181144,22145.0,1423.0,0.03302881236821291,0.3798981200667104,0.0,218287.0,280449.0,216864.0,279026.0,348.4820801121936,0.8814814814814814,0.7101851851851853,0.7958333333333334,0.6970924690181125,0.7573879885605338,0.894184938036225,0.5938989513822688,0.7159318398474738
DC42,DC5,DC42->DC5,8885.0,286.61290322580646,373.0,79.02048628590946,143468.0,3294.0,0.11323618700664444,0.2757045666690654,0.0,84638.0,693070.0,81344.0,689776.0,234.09836065566662,0.6165123456790124,0.8759259259259259,0.7462191358024691,0.7850333651096283,0.611534795042898,0.8493803622497617,0.6301239275500476,0.7125834127740706
DC7,DC8,DC7->DC8,33314.0,1074.6451612903227,1352.0,213.2509574742483,767908.0,9598.0,0.14086267972492802,0.19843848477203416,0.0,39972.0,2130508.0,30374.0,2120910.0,224.13877891225002,0.575925925925926,0.8814814814814814,0.7287037037037036,0.8431839847473784,0.5700667302192565,0.7702573879885606,0.6367969494756911,0.7123689227836034
DC25,DC70,DC25->DC70,2004.0,64.64516129032258,94.0,19.67895287519913,99982.0,3338.0,0.028160575194718946,0.30441493968150507,0.0,535975.0,280449.0,532637.0,277111.0,242.58478130609868,0.8162037037037037,0.7101851851851853,0.7631944444444445,0.7473784556720687,0.6549094375595805,0.8665395614871306,0.6263107721639657,0.7118684461391802
DC30,DC8,DC30->DC8,925.0,29.838709677419356,43.0,8.18770429124514,50305.0,9740.0,0.00441478439425006,0.2743987384001005,0.0,156937.0,2130508.0,147197.0,2120768.0,232.8506160164032,0.6763888888888888,0.8814814814814814,0.7789351851851851,0.7144899904671116,0.7063870352716873,0.8455672068636797,0.6320305052430887,0.711510962821735
DC62,DC4,DC62->DC4,4822.0,155.5483870967742,205.0,27.99059601259821,35804.0,951.0,0.21556256572006777,0.179947838321229,0.0,195979.0,2405716.0,195028.0,2404765.0,2733.7465825418153,0.8708333333333331,0.8876543209876543,0.8792438271604937,0.7480934223069591,0.9547187797902764,0.7473784556720686,0.39466158245948524,0.7112845567206865
DC68,DC8,DC68->DC8,33825.0,1091.1290322580646,1385.0,238.2523387063881,343616.0,24998.0,0.05540443235458615,0.21835395417269066,0.0,35817.0,2130508.0,10819.0,2105510.0,84.65993279462018,0.4356481481481481,0.8814814814814814,0.6585648148148148,0.8317445185891326,0.4184938036224976,0.7883698760724499,0.7874165872259294,0.7108436606291707
DC31,DC14,DC31->DC14,4623.0,149.1290322580645,441.0,108.68205832744096,144587.0,1943.0,0.2269686052494972,0.7287786736162833,0.0,58047.0,902659.0,56104.0,900716.0,492.4446731855417,0.5600308641975309,0.9246913580246913,0.742361111111111,0.7731172545281221,0.6034318398474738,0.9771210676835081,0.5548141086749285,0.7067206863679695
DC42,DC10,DC42->DC10,23312.0,752.0,858.0,82.49613871706849,573974.0,7970.0,0.10765370138016214,0.1097023121236154,0.0,84638.0,2290621.0,76668.0,2282651.0,296.0249686323342,0.6165123456790124,0.8976851851851853,0.7570987654320989,0.8297187797902765,0.6358436606291706,0.6882745471877979,0.6148713060057197,0.7063214966634891
DC17,DC70,DC17->DC70,2627.0,84.74193548387096,153.0,33.092214991264875,158257.0,3561.0,0.04296545914067875,0.3905057726368883,0.0,795108.0,280449.0,791547.0,276888.0,300.0379106991575,0.7677469135802468,0.7101851851851853,0.738966049382716,0.7607244995233555,0.5967588179218303,0.8970448045757865,0.6129647283126788,0.7032411820781698
DC48,DC70,DC48->DC70,3313.0,106.87096774193549,216.0,66.46257347753716,91941.0,2901.0,0.07445708376419356,0.6218954958600583,0.0,201093.0,280449.0,198192.0,277548.0,163.99172699063632,0.666820987654321,0.7101851851851853,0.6885030864197531,0.759771210676835,0.47950428979980936,0.9618684461391802,0.6882745471877979,0.7021448999046711
DC53,DC14,DC53->DC14,12808.0,413.16129032258067,934.0,225.7720941603742,64718.0,2714.0,0.3441414885776182,0.5464502591313757,0.0,39744.0,902659.0,37030.0,899945.0,345.2376565953039,0.5220679012345679,0.9246913580246913,0.7233796296296295,0.7757387988560535,0.5571973307912298,0.9485224022878932,0.5948522402287894,0.7017993326978075
DC47,DC4,DC47->DC4,219.0,7.064516129032258,8.0,0.8006241061929583,137063.0,9400.0,0.0008510638297871435,0.11333035291538113,0.0,579385.0,2405716.0,569985.0,2396316.0,315.5639361701792,0.7172839506172839,0.8876543209876543,0.8024691358024691,0.7109151572926596,0.7783603431839847,0.6911344137273594,0.6072449952335558,0.6988918017159199
DC7,DC10,DC7->DC10,20354.0,656.5806451612904,790.0,120.25880001159554,444744.0,6979.0,0.11319673305629556,0.18315922179197128,0.0,39972.0,2290621.0,32993.0,2283642.0,331.943688207432,0.575925925925926,0.8976851851851853,0.7368055555555556,0.8236415633937082,0.5891325071496664,0.7530981887511916,0.6005719733079123,0.6986653956148713
DC59,DC14,DC59->DC14,17776.0,573.4193548387096,731.0,158.73731073360986,53166.0,3896.0,0.18762833675559865,0.2768258681780673,0.0,56054.0,902659.0,52158.0,898763.0,244.07623203279155,0.5287037037037037,0.9246913580246913,0.7266975308641974,0.7797902764537654,0.567206863679695,0.8503336510962822,0.6253574833174452,0.6986177311725453
DC35,DC70,DC35->DC70,453.0,14.612903225806452,22.0,3.9568431483080264,36338.0,3185.0,0.006907378335947596,0.2707773456714232,0.0,8802.0,280449.0,5617.0,277264.0,88.8166405023269,0.7146604938271605,0.7101851851851853,0.7124228395061729,0.7011439466158247,0.5257387988560533,0.8417540514775977,0.7797902764537655,0.698045757864633
DC42,DC70,DC42->DC70,1385.0,44.67741935483871,107.0,32.31437021469749,68799.0,3112.0,0.03438303341901209,0.7232819325871483,0.0,84638.0,280449.0,81526.0,277337.0,115.31587403595266,0.6165123456790124,0.7101851851851853,0.6633487654320989,0.7297426120114394,0.42802669208770255,0.9752144899904671,0.7416587225929456,0.6941134413727359
DC31,DC62,DC31->DC62,16642.0,536.8387096774194,729.0,172.97475049270193,149542.0,3415.0,0.21346998535864906,0.32220990657756104,0.0,58047.0,1059024.0,54632.0,1055609.0,325.10717423123714,0.5600308641975309,0.8708333333333331,0.715432098765432,0.7976644423260247,0.5319351763584366,0.8751191611058151,0.6024785510009533,0.6940538608198284
DC60,DC70,DC60->DC70,6288.0,202.83870967741936,409.0,137.23868935689958,34317.0,3353.0,0.12198031613476827,0.676590230604789,0.0,63647.0,280449.0,60294.0,277096.0,100.62332239782266,0.5694444444444444,0.7101851851851853,0.6398148148148148,0.7516682554814108,0.3765490943755958,0.9733079122974261,0.7597712106768351,0.6931601525262154
DC62,DC70,DC62->DC70,526.0,16.967741935483872,37.0,7.385617544528546,10932.0,680.0,0.054411764705802335,0.43527403776975554,0.0,195979.0,280449.0,195299.0,279769.0,698.6294117636785,0.8708333333333331,0.7101851851851853,0.7905092592592592,0.6813632030505243,0.7383222116301239,0.9170638703527169,0.5224022878932316,0.6912178265014299
DC31,DC10,DC31->DC10,16177.0,521.8387096774194,740.0,156.75583989207723,280508.0,4062.0,0.1821762678483057,0.3003913603662658,0.0,58047.0,2290621.0,53985.0,2286559.0,576.2048252091147,0.5600308641975309,0.8976851851851853,0.7288580246913581,0.8043374642516683,0.5710200190657769,0.8627264061010487,0.5414680648236415,0.6890490943755958
DC8,DC35,DC8->DC35,1611.0,51.96774193548387,87.0,21.535393030211004,28985.0,474.0,0.18354430379708114,0.4143992451419583,0.0,218287.0,586705.0,217813.0,586231.0,1696.2953586462104,0.8814814814814814,0.7146604938271605,0.7980709876543209,0.7173498570066731,0.7612011439466159,0.9075309818875119,0.44518589132507147,0.6887988560533842
DC69,DC10,DC69->DC10,19258.0,621.2258064516129,2099.0,549.6185016887107,15831.0,10561.0,0.19875011835998496,0.8847322438634647,0.0,50191.0,2290621.0,39630.0,2280060.0,219.64681374867723,0.4512345679012345,0.8976851851851853,0.6744598765432099,0.7590562440419448,0.45662535748331745,0.988560533841754,0.6396568160152526,0.6880243088655863
DC69,DC14,DC69->DC14,15979.0,515.4516129032259,1419.0,386.08254496889214,6914.0,4479.0,0.3168117883455421,0.7490180170231201,0.0,50191.0,902659.0,45712.0,898180.0,210.7372181289996,0.4512345679012345,0.9246913580246913,0.6879629629629629,0.740467111534795,0.4775977121067683,0.9799809342230696,0.6491897044804575,0.6878574833174451
DC7,DC62,DC7->DC62,18327.0,591.1935483870968,787.0,143.9564045466182,269596.0,2497.0,0.31517821385650174,0.24350131177702924,0.0,39972.0,1059024.0,37475.0,1056527.0,438.1265518620592,0.575925925925926,0.8708333333333331,0.7233796296296295,0.809580552907531,0.5571973307912298,0.8217349857006673,0.5662535748331744,0.687476167778837
DC31,DC70,DC31->DC70,12.0,0.3870967741935484,2.0,0.7482202261124647,62760.0,5105.0,0.00039177277179228365,1.9329022457972032,0.0,58047.0,280449.0,52942.0,275344.0,64.30675808030081,0.5600308641975309,0.7101851851851853,0.6351080246913581,0.684461391801716,0.36415633937082936,0.9923736892278361,0.8293612964728313,0.6867969494756911
DC71,DC4,DC71->DC4,10315.0,332.741935483871,468.0,91.37020328239839,465658.0,13758.0,0.03401657217618593,0.27459779949062896,0.0,75315.0,2405716.0,61557.0,2391958.0,178.33369675823678,0.43796296296296294,0.8876543209876543,0.6628086419753086,0.8069590085795997,0.4261201143946616,0.8465204957102002,0.6768350810295519,0.6851525262154433
DC59,DC10,DC59->DC10,17666.0,569.8709677419355,769.0,170.23697751066513,95333.0,6358.0,0.12094998427176455,0.29872898804604087,0.0,56054.0,2290621.0,49696.0,2284263.0,367.09012268003033,0.5287037037037037,0.8976851851851853,0.7131944444444445,0.7919447092469019,0.5276453765490944,0.8617731172545281,0.5862726406101049,0.6849261201143946
DC48,DC35,DC48->DC35,467.0,15.064516129032258,50.0,13.161369386226784,81564.0,4003.0,0.012490632025977394,0.8736669185138044,0.0,201093.0,586705.0,197090.0,582702.0,194.80189857601928,0.666820987654321,0.7146604938271605,0.6907407407407407,0.717111534795043,0.48427073403241183,0.9876072449952336,0.6587225929456625,0.6848784556720686
DC7,DC5,DC7->DC5,4210.0,135.80645161290323,183.0,34.58455683220354,120830.0,2027.0,0.09028120374933879,0.2546606322542554,0.0,39972.0,693070.0,37945.0,691043.0,359.63887518482505,0.575925925925926,0.8759259259259259,0.7259259259259259,0.7669208770257387,0.5653002859866539,0.8331744518589133,0.5919923736892279,0.682721639656816
DC59,DC62,DC59->DC62,17236.0,556.0,717.0,149.93912743338169,74893.0,4037.0,0.17760713401035977,0.2696746896278993,0.0,56054.0,1059024.0,52017.0,1054987.0,274.2145157294342,0.5287037037037037,0.8708333333333331,0.6997685185185184,0.7867016205910391,0.5071496663489037,0.8388941849380362,0.6186844613918017,0.6826382268827454
DC34,DC35,DC34->DC35,8301.0,267.7741935483871,447.0,135.01629762495205,271793.0,1981.0,0.22564361433607993,0.5042169890805787,0.0,17871.0,586705.0,15890.0,584724.0,303.1872791517904,0.6189814814814814,0.7146604938271605,0.666820987654321,0.7905147759771212,0.43898951382268825,0.9380362249761678,0.6120114394661582,0.6801358436606291
DC28,DC70,DC28->DC70,358.0,11.548387096774194,19.0,3.0987896667155685,71992.0,3735.0,0.005087014725567581,0.26833094877057084,0.0,212797.0,280449.0,209062.0,276714.0,130.06050870143773,0.684104938271605,0.7101851851851853,0.6971450617283952,0.7104385128693994,0.5004766444232602,0.8379408960915157,0.7225929456625357,0.6801120114394661
DC53,DC10,DC53->DC10,8747.0,282.16129032258067,849.0,189.3493267318871,71782.0,3633.0,0.23369116432693815,0.6710676950574708,0.0,39744.0,2290621.0,36111.0,2286988.0,639.4437104319737,0.5220679012345679,0.8976851851851853,0.7098765432098766,0.771448999046711,0.5195424213536701,0.9704480457578646,0.5328884652049571,0.6786820781696854
DC53,DC5,DC53->DC5,7091.0,228.74193548387098,529.0,139.01078346241545,29870.0,1902.0,0.2781282860145751,0.6077188389953518,0.0,39744.0,693070.0,37842.0,691168.0,383.28601472114445,0.5220679012345679,0.8759259259259259,0.698996913580247,0.7495233555767398,0.5033365109628217,0.9609151572926596,0.5815061963775023,0.6776811248808389
DC50,DC70,DC50->DC70,289.0,9.32258064516129,35.0,7.94491964584792,62300.0,2353.0,0.014874628134290321,0.8522232145151093,0.0,141641.0,280449.0,139288.0,278096.0,177.38376540578946,0.6385802469135802,0.7101851851851853,0.6743827160493827,0.7035271687321258,0.45567206863679693,0.9857006673021925,0.6777883698760725,0.6774547187797902
DC59,DC70,DC59->DC70,15188.0,489.93548387096774,700.0,120.93371564458184,60944.0,3809.0,0.18377526909945294,0.2468360011176182,0.0,56054.0,280449.0,52245.0,276640.0,86.34418482539083,0.5287037037037037,0.7101851851851853,0.6194444444444445,0.7774070543374643,0.33841754051477596,0.8255481410867492,0.7855100095328885,0.676906577693041
DC34,DC8,DC34->DC8,2839.0,91.58064516129032,147.0,38.82032573158484,85678.0,1935.0,0.07596899224802275,0.42389224997040836,0.0,17871.0,2130508.0,15936.0,2128573.0,1108.2733850123473,0.6189814814814814,0.8814814814814814,0.7502314814814814,0.7533365109628217,0.6201143946615825,0.9113441372735939,0.48236415633937085,0.675989037178265
DC48,DC4,DC48->DC4,176.0,5.67741935483871,7.0,0.9963513039664839,88252.0,6753.0,0.0010365763364429087,0.17549369555409486,0.0,201093.0,2405716.0,194340.0,2398963.0,384.02236043234353,0.666820987654321,0.8876543209876543,0.7772376543209876,0.6987607244995233,0.6987607244995233,0.7416587225929456,0.5805529075309819,0.6756434699714012
DC5,DC8,DC5->DC8,185.0,5.967741935483871,6.0,0.17668469596940845,9365.0,1004.0,0.0059760956175239285,0.02960662472504787,0.0,32737.0,2130508.0,31733.0,2129504.0,2152.62649402176,0.8759259259259259,0.8814814814814814,0.8787037037037037,0.6577693040991421,0.9528122020972355,0.6768350810295519,0.4213536701620591,0.6752859866539561
DC69,DC62,DC69->DC62,16227.0,523.4516129032259,1421.0,389.5144072626076,7492.0,5174.0,0.2746424429840984,0.7441268641842465,0.0,50191.0,1059024.0,45017.0,1053850.0,212.3824893698855,0.4512345679012345,0.8708333333333331,0.6610339506172838,0.7435653002859867,0.4213536701620591,0.9790276453765491,0.6453765490943756,0.6737845567206863
DC62,DC35,DC62->DC35,1049.0,33.83870967741935,57.0,10.20782993017883,12208.0,487.0,0.117043121149657,0.30166132299923004,0.0,195979.0,586705.0,195492.0,586218.0,1605.1540041034802,0.8708333333333331,0.7146604938271605,0.7927469135802467,0.6918493803622499,0.7478551000953289,0.8636796949475691,0.4547187797902765,0.6723427073403242
DC50,DC4,DC50->DC4,77.0,2.4838709677419355,6.0,0.9794984806896114,58553.0,4093.0,0.0014659174199849827,0.39434354401497795,0.0,141641.0,2405716.0,137548.0,2401623.0,620.3691668701148,0.6385802469135802,0.8876543209876543,0.7631172839506173,0.6849380362249761,0.6539561487130601,0.899904671115348,0.5357483317445186,0.6721401334604384
DC31,DC8,DC31->DC8,226.0,7.290322580645161,14.0,1.3723901539472674,41033.0,16148.0,0.0008669804310130749,0.18824820693154687,0.0,58047.0,2130508.0,41899.0,2114360.0,133.53102551398726,0.5600308641975309,0.8814814814814814,0.7207561728395062,0.6897044804575786,0.5481410867492851,0.7578646329837941,0.7187797902764538,0.6718064823641563
DC21,DC10,DC21->DC10,0.0,0.0,0.0,0.0,15213470.0,116981.0,0.0,0.0,0.0,360996.0,2290621.0,244015.0,2173640.0,20.667074140244818,0.7339506172839506,0.8976851851851853,0.8158179012345679,0.5,0.8231649189704481,0.33841754051477596,0.9590085795996187,0.6713060057197331
DC59,DC5,DC59->DC5,6236.0,201.16129032258064,316.0,99.09073612317067,34896.0,1462.0,0.21614227086168528,0.4925934605200482,0.0,56054.0,693070.0,54592.0,691608.0,510.39671682591626,0.5287037037037037,0.8759259259259259,0.7023148148148148,0.7514299332697807,0.5109628217349858,0.9332697807435653,0.5529075309818875,0.6689585319351764
DC21,DC4,DC21->DC4,0.0,0.0,0.0,0.0,17675335.0,130684.0,0.0,0.0,0.0,360996.0,2405716.0,230312.0,2275032.0,19.17100792751967,0.7339506172839506,0.8876543209876543,0.8108024691358025,0.5007149666348903,0.8060057197330791,0.33841754051477596,0.9656816015252622,0.6689346997140133
DC43,DC35,DC43->DC35,449.0,14.483870967741936,24.0,3.8843853479975143,50951.0,5598.0,0.004287245444800949,0.2681869616472364,0.0,145712.0,586705.0,140114.0,581107.0,128.83547695603272,0.6375,0.7146604938271605,0.6760802469135803,0.7059103908484271,0.45948522402287895,0.8369876072449952,0.7235462345090562,0.6683746425166825
DC21,DC14,DC21->DC14,0.0,0.0,0.0,0.0,5639967.0,32070.0,0.0,0.0,0.0,360996.0,902659.0,328926.0,870589.0,37.4030246336128,0.7339506172839506,0.9246913580246913,0.8293209876543209,0.49356530028598666,0.8736892278360343,0.33841754051477596,0.9046711153479504,0.668100571973308
DC27,DC70,DC27->DC70,780.0,25.161290322580644,48.0,13.083101078067791,34523.0,2043.0,0.023494860499254287,0.5199694017999775,0.0,150106.0,280449.0,148063.0,278406.0,208.7464512970099,0.6430555555555555,0.7101851851851853,0.6766203703703704,0.7054337464251668,0.4632983794089609,0.9437559580552908,0.6501429933269781,0.6668255481410867
DC59,DC8,DC59->DC8,206.0,6.645161290322581,9.0,1.4711940969021131,93452.0,13021.0,0.0006911911527531917,0.22139328639370054,0.0,56054.0,2130508.0,43033.0,2117487.0,165.92581214959174,0.5287037037037037,0.8814814814814814,0.7050925925925926,0.7020972354623451,0.5133460438512869,0.7959961868446139,0.6873212583412774,0.6653002859866539
DC34,DC14,DC34->DC14,1325.0,42.74193548387097,65.0,10.185276349634226,23659.0,869.0,0.0747986191023305,0.2382970315707727,0.0,17871.0,902659.0,17002.0,901790.0,1057.2980437272067,0.6189814814814814,0.9246913580246913,0.7718364197530863,0.7071020019065777,0.6839847473784557,0.8150619637750238,0.4880838894184938,0.6627621544327931
DC15,DC35,DC15->DC35,584.0,18.838709677419356,44.0,10.54054162222731,54454.0,951.0,0.04626708727650235,0.5595150518351055,0.0,357552.0,586705.0,356601.0,585754.0,990.9095688738266,0.7561728395061729,0.7146604938271605,0.7354166666666666,0.7113918017159199,0.5853193517635844,0.9523355576739753,0.4938036224976168,0.6616182078169686
DC31,DC5,DC31->DC5,1517.0,48.935483870967744,121.0,30.539171549985063,30744.0,1009.0,0.11992071357768096,0.6240700843969617,0.0,58047.0,693070.0,57038.0,692061.0,742.4172447960927,0.5600308641975309,0.8759259259259259,0.7179783950617284,0.7175881792183031,0.5390848427073404,0.9628217349857007,0.5157292659675882,0.6592826501429934
DC4,DC23,DC4->DC23,0.0,0.0,0.0,0.0,4221.0,3519.0,0.0,0.0,0.0,65103.0,5277.0,61584.0,1758.0,17.999999999994884,0.8876543209876543,0.8141975308641975,0.8509259259259259,0.380838894184938,0.9242135367016205,0.33841754051477596,0.9704480457578646,0.657721639656816
DC62,DC3,DC62->DC3,141.0,4.548387096774194,6.0,1.4332167671950362,769.0,79.0,0.07594936708764621,0.3151043955551623,0.0,195979.0,727980.0,195900.0,727901.0,11693.683544155776,0.8708333333333331,0.8919753086419754,0.8814043209876543,0.6221401334604385,0.9561487130600572,0.871306005719733,0.2678741658722593,0.6544506673021926
DC5,DC3,DC5->DC3,0.0,0.0,0.0,0.0,39144.0,15505.0,0.0,0.0,0.0,32737.0,727980.0,17232.0,712475.0,47.06268945501147,0.8759259259259259,0.8919753086419754,0.8839506172839506,0.4175405147759771,0.959485224022879,0.33841754051477596,0.8703527168732126,0.6543612964728313
DC71,DC10,DC71->DC10,2588.0,83.48387096774194,108.0,14.221453507089857,420191.0,11080.0,0.009747292418771683,0.1703497135682012,0.0,75315.0,2290621.0,64235.0,2279541.0,211.5321299638798,0.43796296296296294,0.8976851851851853,0.6678240740740741,0.7745471877979028,0.440419447092469,0.7330791229742613,0.646329837940896,0.6527407054337464
DC15,DC70,DC15->DC70,899.0,29.0,53.0,14.449020504808868,32898.0,499.0,0.10621242484948655,0.4982420863555388,0.0,357552.0,280449.0,357053.0,279950.0,1276.5591182339147,0.7561728395061729,0.7101851851851853,0.7331790123456791,0.705910390848427,0.5776930409914204,0.9351763584366063,0.4718779790276454,0.6497378455672068
DC42,DC35,DC42->DC35,960.0,30.967741935483872,69.0,16.585037701081838,59787.0,1812.0,0.03807947019865448,0.5355585090801402,0.0,84638.0,586705.0,82826.0,584893.0,368.49834437065755,0.6165123456790124,0.7146604938271605,0.6655864197530864,0.7206863679694948,0.43374642516682554,0.9456625357483317,0.5853193517635844,0.6488560533841754
DC60,DC35,DC60->DC35,4277.0,137.96774193548387,324.0,92.1508174297204,15802.0,2016.0,0.16071428571420598,0.6679156746085171,0.0,63647.0,586705.0,61631.0,584689.0,320.5952380950791,0.5694444444444444,0.7146604938271605,0.6420524691358025,0.7280743565300286,0.3822688274547188,0.9694947569113441,0.6053384175405148,0.64715204957102
DC70,DC14,DC70->DC14,1.0,0.03225806451612903,1.0,0.17668469596940847,1191.0,107.0,0.00934579439243602,5.477225405257675,0.0,2852.0,902659.0,2745.0,902552.0,8460.719626089152,0.7101851851851853,0.9246913580246913,0.8174382716049382,0.617254528122021,0.830791229742612,0.9990467111534795,0.2926596758817922,0.6467588179218303
DC28,DC35,DC28->DC35,394.0,12.709677419354838,26.0,3.484468288100845,58332.0,1836.0,0.014161220043565272,0.27415867239245506,0.0,212797.0,586705.0,210961.0,584869.0,433.45860566425193,0.684104938271605,0.7146604938271605,0.6993827160493827,0.7068636796949476,0.5042897998093422,0.8446139180171592,0.5700667302192565,0.6426835081029552
DC59,DC35,DC59->DC35,9701.0,312.93548387096774,477.0,123.11886087105104,33736.0,2655.0,0.17966101694908487,0.39343208813425273,0.0,56054.0,586705.0,53399.0,584050.0,240.09378531064402,0.5287037037037037,0.7146604938271605,0.6216820987654321,0.7590562440419447,0.34127740705433746,0.8989513822688274,0.6272640610104862,0.6426477597712106
DC43,DC4,DC43->DC4,208.0,6.709677419354839,7.0,0.45391120256355766,58769.0,3915.0,0.0017879948914427107,0.06765022729506312,0.0,145712.0,2405716.0,141797.0,2401801.0,649.7057471262708,0.6375,0.8876543209876543,0.7625771604938272,0.6930409914204003,0.6530028598665396,0.678741658722593,0.5300285986653956,0.6401334604385129
DC56,DC70,DC56->DC70,2866.0,92.45161290322581,195.0,42.4764365111866,45501.0,1581.0,0.12333965844394476,0.4594450564663439,0.0,6068.0,280449.0,4487.0,278868.0,179.2251739404306,0.4652777777777778,0.7101851851851853,0.5877314814814816,0.740467111534795,0.29075309818875117,0.9285033365109628,0.674928503336511,0.6398593898951382
DC10,DC9,DC10->DC9,0.0,0.0,0.0,0.0,133816.0,15457.0,0.0,0.0,0.0,336532.0,1447351.0,321075.0,1431894.0,113.40939380215349,0.8976851851851853,0.9165123456790123,0.9070987654320988,0.43922783603431836,0.9938036224976168,0.33841754051477596,0.7435653002859867,0.6388346043851287
DC5,DC70,DC5->DC70,252.0,8.129032258064516,15.0,2.6242287405693863,955.0,110.0,0.13636363636239668,0.3228217894747758,0.0,32737.0,280449.0,32627.0,280339.0,2845.1454545195893,0.8759259259259259,0.7101851851851853,0.7930555555555556,0.6348903717826502,0.7497616777883699,0.8760724499523356,0.38894184938036225,0.638298379408961
DC27,DC35,DC27->DC35,1450.0,46.774193548387096,92.0,19.861958577722994,22071.0,1317.0,0.06985573272583914,0.42463497648017184,0.0,150106.0,586705.0,148789.0,585388.0,557.4616552767218,0.6430555555555555,0.7146604938271605,0.678858024691358,0.7082936129647284,0.4680648236415634,0.9122974261201144,0.544327931363203,0.6378455672068637
DC21,DC62,DC21->DC62,0.0,0.0,0.0,0.0,2309071.0,32645.0,0.0,0.0,0.0,360996.0,1059024.0,328351.0,1026379.0,41.49885127890821,0.7339506172839506,0.8708333333333331,0.8023919753086419,0.48284080076263103,0.7764537654909438,0.33841754051477596,0.888465204957102,0.6359866539561487
DC69,DC5,DC69->DC5,699.0,22.548387096774192,304.0,52.01540634656758,3074.0,1807.0,0.16823464305469385,2.306834902249046,0.0,50191.0,693070.0,48384.0,691263.0,409.3231876035366,0.4512345679012345,0.8759259259259259,0.6635802469135802,0.6661105815061963,0.42897998093422307,0.9933269780743565,0.5757864632983795,0.6333293612964728
DC31,DC35,DC31->DC35,8.0,0.25806451612903225,2.0,0.6204962600539142,73648.0,1919.0,0.0010422094841057623,2.4044229983917784,0.0,58047.0,586705.0,56128.0,584786.0,333.98332464808027,0.5600308641975309,0.7146604938271605,0.6373456790123457,0.6875595805529076,0.3679694947569113,0.994280266920877,0.5986653956148713,0.6314466158245948
DC68,DC14,DC68->DC14,5134.0,165.61290322580646,187.0,22.77615818995514,50228.0,2416.0,0.07740066225162359,0.13752647134482782,0.0,35817.0,902659.0,33401.0,900243.0,386.4420529799725,0.4356481481481481,0.9246913580246913,0.6801697530864197,0.753574833174452,0.4690181124880839,0.7044804575786463,0.5786463298379408,0.6313393708293613
DC70,DC35,DC70->DC35,314.0,10.129032258064516,19.0,3.118539106737279,18976.0,832.0,0.022836538461511013,0.30788124936086414,0.0,2852.0,586705.0,2020.0,585873.0,706.6021634606892,0.7101851851851853,0.7146604938271605,0.7124228395061729,0.680886558627264,0.5257387988560533,0.8684461391801716,0.5204957102001907,0.6301358436606291
DC68,DC62,DC68->DC62,5581.0,180.03225806451613,198.0,20.86281438189495,72875.0,4328.0,0.04574861367836281,0.11588375664489359,0.0,35817.0,1059024.0,31489.0,1054696.0,250.9669593345076,0.4356481481481481,0.8708333333333331,0.6532407407407406,0.7638226882745472,0.4099142040038132,0.6920877025738799,0.6224976167778837,0.6292540514775977
DC42,DC4,DC42->DC4,184.0,5.935483870967742,6.0,0.24567010018915833,46176.0,3542.0,0.0016939582156968679,0.041390071220547914,0.0,84638.0,2405716.0,81096.0,2402174.0,701.0926030489269,0.6165123456790124,0.8876543209876543,0.7520833333333333,0.6861296472831269,0.6244041944709247,0.6777883698760725,0.5214489990467112,0.6282769304099142
DC40,DC14,DC40->DC14,256.0,8.258064516129032,13.0,2.42257849748627,12663.0,131.0,0.09923664122061653,0.29335911489445404,0.0,63832.0,902659.0,63701.0,902528.0,7375.793893073468,0.6654320987654321,0.9246913580246913,0.7950617283950616,0.6708770257387989,0.7526215443279314,0.8589132507149666,0.30505243088655865,0.6280624404194471
DC43,DC70,DC43->DC70,210.0,6.774193548387097,11.0,2.4324377447108203,21498.0,981.0,0.011213047910284187,0.3590741432138292,0.0,145712.0,280449.0,144731.0,279468.0,432.41488277224016,0.6375,0.7101851851851853,0.6738425925925926,0.6734985700667303,0.4547187797902765,0.8894184938036225,0.5719733079122974,0.6258102955195424
DC5,DC35,DC5->DC35,4.0,0.12903225806451613,3.0,0.5531105870800728,997.0,67.0,0.04477611940231677,4.286607016649359,0.0,32737.0,586705.0,32670.0,586638.0,9243.402984936665,0.8759259259259259,0.7146604938271605,0.7952932098765432,0.6174928503336512,0.7545281220209723,0.996186844613918,0.2812202097235462,0.6244876072449952
DC60,DC4,DC60->DC4,477.0,15.387096774193548,24.0,6.1836278074931466,3654.0,1514.0,0.015852047556132197,0.4018709895593911,0.0,63647.0,2405716.0,62133.0,2404202.0,1629.0191545563878,0.5694444444444444,0.8876543209876543,0.7285493827160494,0.6646806482364157,0.5691134413727359,0.9027645376549094,0.451858913250715,0.6232959961868446
DC71,DC14,DC71->DC14,2240.0,72.25806451612904,88.0,11.940626616548968,102289.0,1520.0,0.057894736842067175,0.16524974335173895,0.0,75315.0,902659.0,73795.0,901139.0,641.4039473679991,0.43796296296296294,0.9246913580246913,0.6813271604938271,0.7507149666348903,0.47092469018112487,0.7254528122020972,0.5319351763584366,0.6222831267874165
DC34,DC62,DC34->DC62,1659.0,53.516129032258064,70.0,10.229214858849724,22057.0,507.0,0.1380670611437119,0.1911426525728849,0.0,17871.0,1059024.0,17364.0,1058517.0,2122.0532544336843,0.6189814814814814,0.8708333333333331,0.7449074074074072,0.7130600571973308,0.6086749285033365,0.7626310772163966,0.4232602478551001,0.6219494756911343
DC34,DC5,DC34->DC5,339.0,10.935483870967742,24.0,5.627899876857565,4926.0,225.0,0.1066666666661926,0.5146457114059897,0.0,17871.0,693070.0,17646.0,692845.0,3157.7377777637435,0.6189814814814814,0.8759259259259259,0.7474537037037037,0.6632507149666349,0.6158245948522403,0.9418493803622497,0.3765490943755958,0.6215085795996187
DC34,DC10,DC34->DC10,1650.0,53.225806451612904,78.0,12.545940552610464,29093.0,504.0,0.1547619047615977,0.2357116103779499,0.0,17871.0,2290621.0,17367.0,2290117.0,4578.341269832186,0.6189814814814814,0.8976851851851853,0.7583333333333333,0.7190181124880839,0.6401334604385128,0.8112488083889419,0.3508102955195424,0.6210795996186844
DC68,DC5,DC68->DC5,1947.0,62.806451612903224,112.0,24.60844249942809,18542.0,1083.0,0.10341643582631263,0.3918139278223547,0.0,35817.0,693070.0,34734.0,691987.0,671.0258541083371,0.4356481481481481,0.8759259259259259,0.655787037037037,0.7111534795042898,0.4156339370829361,0.897998093422307,0.5252621544327931,0.6188274547187798
DC71,DC5,DC71->DC5,1343.0,43.32258064516129,58.0,9.693320269979713,32707.0,1682.0,0.03448275862066916,0.22374752670322784,0.0,75315.0,693070.0,73633.0,691388.0,454.8281807369472,0.43796296296296294,0.8759259259259259,0.6569444444444444,0.7135367016205911,0.41754051477597715,0.797902764537655,0.563393708293613,0.6146568160152527
DC71,DC62,DC71->DC62,3431.0,110.6774193548387,171.0,26.586908125294507,59350.0,1212.0,0.14108910891077467,0.2402198052686339,0.0,75315.0,1059024.0,74103.0,1057812.0,933.9232673259621,0.43796296296296294,0.8708333333333331,0.654398148148148,0.7511916110581506,0.41182078169685415,0.8179218303145853,0.49857006673021925,0.6132030505243088
DC52,DC8,DC52->DC8,5302.0,171.03225806451613,204.0,19.18750243621755,167209.0,3998.0,0.051025512756365424,0.11218645332313586,0.0,7989.0,2130508.0,3991.0,2126510.0,532.8916958477906,0.40802469135802466,0.8814814814814814,0.644753086419753,0.777168732125834,0.38989513822688276,0.6892278360343184,0.5481410867492851,0.6099022878932316
DC4,DC3,DC4->DC3,0.0,0.0,0.0,0.0,71824.0,4087.0,0.0,0.0,0.0,65103.0,727980.0,61016.0,723893.0,192.05015904081426,0.8876543209876543,0.8919753086419754,0.8898148148148148,0.4285033365109628,0.9709246901811249,0.33841754051477596,0.661582459485224,0.6088655862726406
DC55,DC4,DC55->DC4,8170.0,263.5483870967742,331.0,56.24304327428755,228845.0,1981.0,0.1670873296314149,0.2134068961439778,0.0,5405.0,2405716.0,3424.0,2403735.0,1215.1231701154895,0.39567901234567904,0.8876543209876543,0.6416666666666666,0.7871782650142993,0.38036224976167776,0.7855100095328885,0.4775977121067683,0.6078288846520495
DC68,DC10,DC68->DC10,5604.0,180.7741935483871,220.0,23.220832800796334,83217.0,2507.0,0.08775428799358287,0.12845214432917637,0.0,35817.0,2290621.0,33310.0,2288114.0,925.9768647782505,0.4356481481481481,0.8976851851851853,0.6666666666666667,0.7669208770257387,0.43755958055290756,0.6968541468064824,0.49952335557673977,0.6072211630123927
DC27,DC4,DC27->DC4,1080.0,34.83870967741935,57.0,12.064602380233348,5238.0,237.0,0.24050632911290926,0.3462987720152765,0.0,150106.0,2405716.0,149869.0,2405479.0,10782.059071684464,0.6430555555555555,0.8876543209876543,0.765354938271605,0.6818398474737845,0.661582459485224,0.886558627264061,0.27454718779790277,0.6056601525262153
DC56,DC5,DC56->DC5,1.0,0.03225806451612903,1.0,0.17668469596940847,15269.0,358.0,0.0027932960893776726,5.477225405257675,0.0,6068.0,693070.0,5710.0,692712.0,1950.8994413353328,0.4652777777777778,0.8759259259259259,0.6706018518518518,0.6520495710200191,0.4470924690181125,0.9990467111534795,0.43183984747378457,0.5978074356530029
DC40,DC62,DC40->DC62,273.0,8.806451612903226,12.0,1.5328521768408672,5071.0,238.0,0.05042016806701504,0.1740601372771832,0.0,63832.0,1059024.0,63594.0,1058786.0,4715.882352921362,0.6654320987654321,0.8708333333333331,0.7681327160493826,0.6591992373689228,0.6715919923736893,0.7378455672068637,0.34413727359389895,0.5953288846520496
DC34,DC4,DC34->DC4,88.0,2.838709677419355,7.0,1.29756034587863,3032.0,309.0,0.022653721682774585,0.4570951216825861,0.0,17871.0,2405716.0,17562.0,2405407.0,7841.323624570093,0.6189814814814814,0.8876543209876543,0.7533179012345679,0.6379885605338418,0.6258341277407055,0.9275500476644424,0.29837940896091514,0.5934818875119161
DC40,DC4,DC40->DC4,337.0,10.870967741935484,14.0,1.9133138872692796,13011.0,239.0,0.0585774058574955,0.1760021676554647,0.0,63832.0,2405716.0,63593.0,2405477.0,10330.836820040457,0.6654320987654321,0.8876543209876543,0.7765432098765432,0.6754051477597712,0.6963775023832222,0.7435653002859867,0.27645376549094375,0.5911344137273593
DC55,DC14,DC55->DC14,1185.0,38.225806451612904,49.0,8.841652441598399,50346.0,478.0,0.10251046025083158,0.23130061239019414,0.0,5405.0,902659.0,4927.0,902181.0,1897.715481167578,0.39567901234567904,0.9246913580246913,0.6601851851851852,0.7197330791229742,0.4204003813155386,0.8036224976167778,0.43660629170638704,0.586701620591039
DC40,DC10,DC40->DC10,215.0,6.935483870967742,9.0,1.0139505577743038,7103.0,241.0,0.03734439834009401,0.14619752226265717,0.0,63832.0,2290621.0,63591.0,2290380.0,9767.514522781048,0.6654320987654321,0.8976851851851853,0.7815586419753087,0.6584842707340324,0.7144899904671115,0.7111534795042898,0.27931363203050524,0.585593422306959
DC19,DC12,DC19->DC12,0.0,0.0,0.0,0.0,284274.0,54761.0,0.0,0.0,0.0,801505.0,284822.0,746744.0,230061.0,17.837603403882,0.7584876543209877,0.6597222222222222,0.709104938271605,0.45090562440419446,0.5176358436606292,0.33841754051477596,0.9714013346043852,0.5808388941849381
DC52,DC14,DC52->DC14,846.0,27.29032258064516,39.0,6.366208920933556,19782.0,438.0,0.08904109589020767,0.23327715903275256,0.0,7989.0,902659.0,7551.0,902221.0,2077.105022826308,0.40802469135802466,0.9246913580246913,0.666358024691358,0.6947092469018112,0.4361296472831268,0.8055290753098189,0.42802669208770255,0.5800166825548141
DC40,DC5,DC40->DC5,203.0,6.548387096774194,8.0,0.6642342026443228,1574.0,116.0,0.06896551724078477,0.10143477969866761,0.0,63832.0,693070.0,63716.0,692954.0,6523.0172413230775,0.6654320987654321,0.8759259259259259,0.770679012345679,0.6348903717826502,0.6792183031458532,0.6854146806482364,0.32507149666348906,0.5760962821734986
DC71,DC8,DC71->DC8,80.0,2.5806451612903225,6.0,1.1577005448339588,10854.0,956.0,0.006276150627608498,0.44860896094932307,0.0,75315.0,2130508.0,74359.0,2129552.0,2305.346234307212,0.43796296296296294,0.8814814814814814,0.6597222222222222,0.6546711153479504,0.4194470924690181,0.9237368922783603,0.41182078169685415,0.5755123927550048
DC58,DC14,DC58->DC14,0.0,0.0,0.0,0.0,478146.0,15835.0,0.0,0.0,0.0,176452.0,902659.0,160617.0,886824.0,66.14720555730558,0.5856481481481481,0.9246913580246913,0.7551697530864196,0.45972354623450906,0.6310772163965681,0.33841754051477596,0.8217349857006673,0.5748689227836035
DC55,DC10,DC55->DC10,2660.0,85.80645161290323,98.0,7.818173018322943,140218.0,1201.0,0.08159866777678468,0.09111404645307769,0.0,5405.0,2290621.0,4204.0,2289420.0,1909.7618651108162,0.39567901234567904,0.8976851851851853,0.6466820987654321,0.7592945662535748,0.39180171591992374,0.6816015252621545,0.4356530028598665,0.5748570066730219
DC3,DC22,DC3->DC22,0.0,0.0,0.0,0.0,60.0,32.0,0.0,0.0,0.0,3492.0,137.0,3460.0,105.0,111.40624999651857,0.8919753086419754,0.7834876543209874,0.8377314814814814,0.3172068636796949,0.8908484270734033,0.33841754051477596,0.7464251668255482,0.5711034318398475
DC47,DC12,DC47->DC12,0.0,0.0,0.0,0.0,98655.0,71112.0,0.0,0.0,0.0,579385.0,284822.0,508273.0,213710.0,10.152759028012007,0.7172839506172839,0.6597222222222222,0.688503086419753,0.434699714013346,0.47855100095328884,0.33841754051477596,0.9933269780743565,0.5708770257387988
DC58,DC10,DC58->DC10,0.0,0.0,0.0,0.0,332822.0,39928.0,0.0,0.0,0.0,176452.0,2290621.0,136524.0,2250693.0,59.788043478259375,0.5856481481481481,0.8976851851851853,0.7416666666666667,0.45376549094375596,0.6024785510009533,0.33841754051477596,0.8408007626310772,0.5704003813155385
DC48,DC3,DC48->DC3,0.0,0.0,0.0,0.0,348807.0,7132.0,0.0,0.0,0.0,201093.0,727980.0,193961.0,720848.0,128.2682277060953,0.666820987654321,0.8919753086419754,0.7793981481481482,0.4547187797902764,0.7073403241182078,0.33841754051477596,0.7244995233555768,0.5678741658722593
DC58,DC3,DC58->DC3,0.0,0.0,0.0,0.0,358631.0,14136.0,0.0,0.0,0.0,176452.0,727980.0,162316.0,713844.0,61.98075834747722,0.5856481481481481,0.8919753086419754,0.7388117283950617,0.45495710200190653,0.5958055290753098,0.33841754051477596,0.8331744518589133,0.5672426120114394
DC26,DC3,DC26->DC3,0.0,0.0,0.0,0.0,437373.0,8033.0,0.0,0.0,0.0,179850.0,727980.0,171817.0,719947.0,111.01257313580093,0.6458333333333333,0.8919753086419754,0.7689043209876543,0.4585319351763584,0.674928503336511,0.33841754051477596,0.7473784556720686,0.5668255481410868
DC9,DC10,DC9->DC10,0.0,0.0,0.0,0.0,57482.0,1761.0,0.0,0.0,0.0,92175.0,2290621.0,90414.0,2288860.0,1351.0925610440936,0.9165123456790123,0.8976851851851853,0.9070987654320988,0.4234985700667302,0.9938036224976168,0.33841754051477596,0.4680648236415634,0.564454242135367
DC40,DC12,DC40->DC12,0.0,0.0,0.0,0.0,282387.0,31454.0,0.0,0.0,0.0,63832.0,284822.0,32378.0,253368.0,9.084567940484229,0.6654320987654321,0.6597222222222222,0.6625771604938271,0.45066730219256435,0.42469018112488083,0.33841754051477596,0.994280266920877,0.5632387988560534
DC10,DC23,DC10->DC23,0.0,0.0,0.0,0.0,1960.0,991.0,0.0,0.0,0.0,336532.0,5277.0,335541.0,4286.0,342.91321897039063,0.8976851851851853,0.8141975308641975,0.8559413580246914,0.3698760724499523,0.9337464251668256,0.33841754051477596,0.5958055290753098,0.5626072449952335
DC58,DC8,DC58->DC8,0.0,0.0,0.0,0.0,695288.0,32412.0,0.0,0.0,0.0,176452.0,2130508.0,144040.0,2098096.0,69.17610761446164,0.5856481481481481,0.8814814814814814,0.7335648148148148,0.46496663489037177,0.5795996186844614,0.33841754051477596,0.8160152526215443,0.5624046711153479
DC43,DC3,DC43->DC3,0.0,0.0,0.0,0.0,298237.0,8061.0,0.0,0.0,0.0,145712.0,727980.0,137651.0,719919.0,106.3850638878419,0.6375,0.8919753086419754,0.7647376543209876,0.45233555767397515,0.6596758817921831,0.33841754051477596,0.7530981887511916,0.5622735938989514
DC55,DC8,DC55->DC8,19.0,0.6129032258064516,1.0,0.4870860925981129,5869.0,709.0,0.001410437235541029,0.7947194129423789,0.0,5405.0,2130508.0,4696.0,2129799.0,3010.5712270761487,0.39567901234567904,0.8814814814814814,0.6385802469135802,0.6446615824594852,0.37273593898951385,0.9837940896091516,0.3822688274547188,0.5619518589132507
DC3,DC36,DC3->DC36,0.0,0.0,0.0,0.0,84.0,20.0,0.0,0.0,0.0,3492.0,240.0,3472.0,220.0,184.59999999077,0.8919753086419754,0.8058641975308642,0.8489197530864199,0.32256911344137273,0.9194470924690181,0.33841754051477596,0.6711153479504289,0.5613024308865586
DC58,DC5,DC58->DC5,0.0,0.0,0.0,0.0,291401.0,13805.0,0.0,0.0,0.0,176452.0,693070.0,162647.0,679265.0,60.98601955812669,0.5856481481481481,0.8759259259259259,0.7307870370370371,0.4511439466158246,0.572926596758818,0.33841754051477596,0.8360343183984748,0.5609032411820781
DC52,DC62,DC52->DC62,1387.0,44.74193548387097,53.0,6.786931188952751,23494.0,556.0,0.0953237410070228,0.15169060335460194,0.0,7989.0,1059024.0,7433.0,1058468.0,1917.088129492955,0.40802469135802466,0.8708333333333331,0.639429012345679,0.7097235462345091,0.3746425166825548,0.7159199237368923,0.43469971401334606,0.5581267874165872
DC23,DC9,DC23->DC9,0.0,0.0,0.0,0.0,33687.0,2667.0,0.0,0.0,0.0,810066.0,1447351.0,807399.0,1444684.0,844.425571803208,0.8141975308641975,0.9165123456790123,0.8653549382716049,0.413489037178265,0.9413727359389895,0.33841754051477596,0.5071496663489037,0.5576143946615824
DC68,DC70,DC68->DC70,1.0,0.03225806451612903,1.0,0.17668469596940847,3963.0,256.0,0.0039062499999847414,5.477225405257675,0.0,35817.0,280449.0,35561.0,280193.0,1233.414062495182,0.4356481481481481,0.7101851851851853,0.5729166666666667,0.6336987607244995,0.2659675881792183,0.9990467111534795,0.47569113441372735,0.5570662535748332
DC55,DC62,DC55->DC62,2750.0,88.70967741935483,99.0,8.759118928983142,33522.0,507.0,0.19526627218896397,0.0987391588346969,0.0,5405.0,1059024.0,4898.0,1058517.0,2097.465483230577,0.39567901234567904,0.8708333333333331,0.6332561728395061,0.7328408007626311,0.36129647283126787,0.684461391801716,0.4270734032411821,0.5562559580552907
DC50,DC3,DC50->DC3,0.0,0.0,0.0,0.0,229558.0,6919.0,0.0,0.0,0.0,141641.0,727980.0,134722.0,721061.0,123.68593727415468,0.6385802469135802,0.8919753086419754,0.7652777777777777,0.44709246901811245,0.6606291706387035,0.33841754051477596,0.7340324118207817,0.5559103908484271
DC47,DC40,DC47->DC40,0.0,0.0,0.0,0.0,35235.0,28631.0,0.0,0.0,0.0,579385.0,97443.0,550754.0,68812.0,21.639691243756012,0.7172839506172839,0.6654320987654321,0.691358024691358,0.4149189704480457,0.4861773117254528,0.33841754051477596,0.9532888465204957,0.5558508102955195
DC53,DC4,DC53->DC4,289.0,9.32258064516129,22.0,4.04321093075703,1455.0,188.0,0.11702127659512224,0.43370082643606644,0.0,39744.0,2405716.0,39556.0,2405528.0,13005.76595737763,0.5220679012345679,0.8876543209876543,0.7048611111111112,0.644423260247855,0.5119161105815062,0.9142040038131554,0.25929456625357483,0.5554814108674928
DC53,DC70,DC53->DC70,2.0,0.06451612903225806,1.0,0.2456701001891583,261.0,204.0,0.004901960784289697,3.807886493909713,0.0,39744.0,280449.0,39540.0,280245.0,1567.5735294040805,0.5220679012345679,0.7101851851851853,0.6161265432098766,0.5965204957102002,0.332697807435653,0.9952335557673975,0.45567206863679693,0.5551596758817922
DC3,DC10,DC3->DC10,0.0,0.0,0.0,0.0,14859.0,2011.0,0.0,0.0,0.0,3492.0,2290621.0,1481.0,2288610.0,1138.7821979109206,0.8919753086419754,0.8976851851851853,0.8948302469135803,0.39704480457578645,0.9766444232602478,0.33841754051477596,0.4804575786463298,0.554003813155386
DC52,DC10,DC52->DC10,1344.0,43.354838709677416,55.0,8.185543460771495,32227.0,498.0,0.11044176706805132,0.1888034577961782,0.0,7989.0,2290621.0,7491.0,2290123.0,4613.68273091443,0.40802469135802466,0.8976851851851853,0.6528549382716049,0.7137750238322211,0.40896091515729266,0.7597712106768351,0.34985700667302194,0.5534914204003812
DC55,DC5,DC55->DC5,948.0,30.580645161290324,39.0,7.321088379990906,13388.0,252.0,0.15476190476129065,0.23940267908470103,0.0,5405.0,693070.0,5153.0,692818.0,2769.7261904651996,0.39567901234567904,0.8759259259259259,0.6358024691358024,0.6908960915157293,0.3651096282173499,0.8160152526215443,0.39180171591992374,0.5534437559580553
DC30,DC3,DC30->DC3,0.0,0.0,0.0,0.0,434953.0,4008.0,0.0,0.0,0.0,156937.0,727980.0,152929.0,723972.0,218.78767465064402,0.6763888888888888,0.8919753086419754,0.7841820987654321,0.45805529075309814,0.724976167778837,0.33841754051477596,0.6406101048617732,0.5524785510009533
DC9,DC8,DC9->DC8,0.0,0.0,0.0,0.0,3749.0,2225.0,0.0,0.0,0.0,92175.0,2130508.0,89950.0,2128283.0,996.9586516849452,0.9165123456790123,0.8814814814814814,0.8989969135802469,0.3786939942802669,0.9823641563393708,0.33841754051477596,0.49285033365109626,0.5521091515729265
DC9,DC4,DC9->DC4,0.0,0.0,0.0,0.0,3570.0,2114.0,0.0,0.0,0.0,92175.0,2405716.0,90061.0,2403602.0,1179.5946073788175,0.9165123456790123,0.8876543209876543,0.9020833333333333,0.3777407054337464,0.9861773117254529,0.33841754051477596,0.47950428979980936,0.5493922783603431
DC70,DC38,DC70->DC38,0.0,0.0,0.0,0.0,171.0,161.0,0.0,0.0,0.0,2852.0,217.0,2691.0,56.0,17.06211180113626,0.7101851851851853,0.7305555555555555,0.7203703703703703,0.3336510962821735,0.5467111534795043,0.33841754051477596,0.9742612011439467,0.5477836034318398
DC14,DC40,DC14->DC40,0.0,0.0,0.0,0.0,69640.0,7135.0,0.0,0.0,0.0,1575798.0,97443.0,1568663.0,90308.0,232.5117028731279,0.9246913580246913,0.6654320987654321,0.7950617283950616,0.4277883698760724,0.7526215443279314,0.33841754051477596,0.6329837940896091,0.5468898951382268
DC14,DC12,DC14->DC12,0.0,0.0,0.0,0.0,181404.0,6525.0,0.0,0.0,0.0,1575798.0,284822.0,1569273.0,278297.0,283.15249042141255,0.9246913580246913,0.6597222222222222,0.7922067901234567,0.4437559580552907,0.7459485224022879,0.33841754051477596,0.6158245948522403,0.5465204957102001
DC51,DC12,DC51->DC12,0.0,0.0,0.0,0.0,115894.0,15074.0,0.0,0.0,0.0,715715.0,284822.0,700641.0,269748.0,64.3750165848438,0.775,0.6597222222222222,0.7173611111111111,0.436606291706387,0.5367016205910391,0.33841754051477596,0.8284080076263107,0.5448522402287892
DC22,DC12,DC22->DC12,0.0,0.0,0.0,0.0,271808.0,13984.0,0.0,0.0,0.0,884569.0,284822.0,870585.0,270838.0,81.62349828374703,0.7834876543209874,0.6597222222222222,0.7216049382716048,0.44971401334604383,0.550047664442326,0.33841754051477596,0.7959961868446139,0.5446734985700667
DC46,DC12,DC46->DC12,0.0,0.0,0.0,0.0,326020.0,8128.0,0.0,0.0,0.0,211065.0,284822.0,202937.0,276694.0,59.009719488181716,0.7342592592592593,0.6597222222222222,0.6969907407407407,0.4532888465204957,0.4990467111534795,0.33841754051477596,0.8417540514775977,0.5446139180171592
DC5,DC9,DC5->DC9,0.0,0.0,0.0,0.0,2053.0,983.0,0.0,0.0,0.0,32737.0,1447351.0,31754.0,1446368.0,1503.6846388591011,0.8759259259259259,0.9165123456790123,0.8962191358024691,0.3703527168732126,0.9785510009532888,0.33841754051477596,0.4604385128693994,0.5401334604385128
DC62,DC23,DC62->DC23,0.0,0.0,0.0,0.0,612.0,412.0,0.0,0.0,0.0,195979.0,5277.0,195567.0,4865.0,486.48543689202313,0.8708333333333331,0.8141975308641975,0.8425154320987653,0.3531935176358436,0.9041944709246902,0.33841754051477596,0.55767397521449,0.5398474737845567
DC3,DC5,DC3->DC5,0.0,0.0,0.0,0.0,4348.0,458.0,0.0,0.0,0.0,3492.0,693070.0,3034.0,692612.0,1518.8777292543257,0.8919753086419754,0.8759259259259259,0.8839506172839506,0.3810772163965681,0.959485224022879,0.33841754051477596,0.45853193517635843,0.5386439466158246
DC36,DC64,DC36->DC64,0.0,0.0,0.0,0.0,541202.0,101881.0,0.0,0.0,0.0,938959.0,317231.0,837078.0,215350.0,10.329973204032054,0.8058641975308642,0.38518518518518513,0.5955246913580247,0.46091515729265964,0.3107721639656816,0.33841754051477596,0.9914204003813155,0.5376310772163966
DC5,DC36,DC5->DC36,0.0,0.0,0.0,0.0,128.0,90.0,0.0,0.0,0.0,32737.0,240.0,32647.0,150.0,364.4111111070621,0.8759259259259259,0.8058641975308642,0.840895061728395,0.3297187797902764,0.8975214489990467,0.33841754051477596,0.5872259294566253,0.5373510486177311
DC3,DC23,DC3->DC23,0.0,0.0,0.0,0.0,31.0,24.0,0.0,0.0,0.0,3492.0,5277.0,3468.0,5253.0,363.37499998485936,0.8919753086419754,0.8141975308641975,0.8530864197530865,0.30386081982840796,0.9289799809342231,0.33841754051477596,0.5891325071496664,0.5366420400381315
DC23,DC40,DC23->DC40,0.0,0.0,0.0,0.0,170141.0,6623.0,0.0,0.0,0.0,810066.0,97443.0,803443.0,90820.0,135.02385625847273,0.8141975308641975,0.6654320987654321,0.7398148148148148,0.4435176358436606,0.5977121067683508,0.33841754051477596,0.7168732125834127,0.5346401334604385
DC3,DC21,DC3->DC21,0.0,0.0,0.0,0.0,53.0,21.0,0.0,0.0,0.0,3492.0,223.0,3471.0,202.0,174.90476189643311,0.8919753086419754,0.7339506172839506,0.812962962962963,0.3144661582459485,0.8117254528122021,0.33841754051477596,0.680648236415634,0.5339192087702573
DC52,DC5,DC52->DC5,1506.0,48.58064516129032,55.0,4.093852145622571,3409.0,249.0,0.22088353413565912,0.08426920087097435,0.0,7989.0,693070.0,7740.0,692821.0,2813.4979919565726,0.40802469135802466,0.8759259259259259,0.6419753086419753,0.6823164918970449,0.3813155386081983,0.680648236415634,0.38989513822688276,0.5337106768350811
DC12,DC36,DC12->DC36,0.0,0.0,0.0,0.0,35.0,35.0,0.0,0.0,0.0,916.0,240.0,881.0,205.0,31.028571427684902,0.6597222222222222,0.8058641975308642,0.7327932098765433,0.30672068636796945,0.5762631077216397,0.33841754051477596,0.9218303145853194,0.5326382268827454
DC36,DC9,DC36->DC9,0.0,0.0,0.0,0.0,36950.0,969.0,0.0,0.0,0.0,938959.0,1447351.0,937990.0,1446382.0,2460.6522187797104,0.8058641975308642,0.9165123456790123,0.8611882716049383,0.41682554814108674,0.9375595805529076,0.33841754051477596,0.40610104861773116,0.5325667302192564
DC25,DC64,DC25->DC64,0.0,0.0,0.0,0.0,207006.0,53912.0,0.0,0.0,0.0,535975.0,317231.0,482063.0,263319.0,13.825901469060437,0.8162037037037037,0.38518518518518513,0.6006944444444444,0.44613918017159193,0.31839847473784555,0.33841754051477596,0.9780743565300286,0.5310295519542421
DC17,DC9,DC17->DC9,0.0,0.0,0.0,0.0,25595.0,1205.0,0.0,0.0,0.0,795108.0,1447351.0,793903.0,1446146.0,1858.9618257245984,0.7677469135802468,0.9165123456790123,0.8421296296296296,0.40824594852240226,0.9027645376549094,0.33841754051477596,0.440419447092469,0.5294447092469018
DC23,DC64,DC23->DC64,0.0,0.0,0.0,0.0,378758.0,49704.0,0.0,0.0,0.0,810066.0,317231.0,760362.0,267527.0,20.680206824400035,0.8141975308641975,0.38518518518518513,0.5996913580246913,0.45614871306005716,0.3174451858913251,0.33841754051477596,0.9580552907530981,0.5292897998093422
DC19,DC40,DC19->DC40,0.0,0.0,0.0,0.0,102030.0,9969.0,0.0,0.0,0.0,801505.0,97443.0,791536.0,87474.0,88.17434045540293,0.7584876543209877,0.6654320987654321,0.7119598765432099,0.4351763584366063,0.5224022878932316,0.33841754051477596,0.7816968541468065,0.5290991420400382
DC41,DC5,DC41->DC5,0.0,0.0,0.0,0.0,128141.0,6952.0,0.0,0.0,0.0,62007.0,693070.0,55055.0,686118.0,106.61291714612965,0.5645061728395062,0.8759259259259259,0.7202160493827161,0.4382745471877979,0.5448045757864634,0.33841754051477596,0.7511916110581506,0.5281577693040991
DC36,DC65,DC36->DC65,0.0,0.0,0.0,0.0,294298.0,57714.0,0.0,0.0,0.0,938959.0,201281.0,881245.0,143567.0,17.756731468967363,0.8058641975308642,0.37870370370370365,0.5922839506172839,0.4518589132507149,0.30409914204003813,0.33841754051477596,0.9723546234509056,0.5280266920877026
DC45,DC14,DC45->DC14,0.0,0.0,0.0,0.0,205562.0,5569.0,0.0,0.0,0.0,57400.0,902659.0,51831.0,897090.0,170.39342790444056,0.5515432098765432,0.9246913580246913,0.7381172839506172,0.4459008579599618,0.5938989513822688,0.33841754051477596,0.6854146806482364,0.5266563393708293
DC38,DC12,DC38->DC12,0.0,0.0,0.0,0.0,261677.0,6643.0,0.0,0.0,0.0,321772.0,284822.0,315129.0,278179.0,89.31326208037191,0.7305555555555555,0.6597222222222222,0.6951388888888889,0.4489990467111534,0.4914204003813155,0.33841754051477596,0.7778836987607245,0.5252383222116301
DC22,DC9,DC22->DC9,0.0,0.0,0.0,0.0,28208.0,885.0,0.0,0.0,0.0,884569.0,1447351.0,883684.0,1446466.0,2632.9378531043694,0.7834876543209874,0.9165123456790123,0.8499999999999999,0.4099142040038131,0.9223069590085796,0.33841754051477596,0.3956148713060057,0.5237130600571973
DC3,DC14,DC3->DC14,0.0,0.0,0.0,0.0,2635.0,242.0,0.0,0.0,0.0,3492.0,902659.0,3250.0,902417.0,3742.4256198192465,0.8919753086419754,0.9246913580246913,0.9083333333333333,0.3739275500476644,0.9957102001906578,0.33841754051477596,0.36415633937082936,0.5216039084842707
DC45,DC3,DC45->DC3,0.0,0.0,0.0,0.0,159418.0,5242.0,0.0,0.0,0.0,57400.0,727980.0,52158.0,722738.0,147.8244944677322,0.5515432098765432,0.8919753086419754,0.7217592592592592,0.4428026692087702,0.551954242135367,0.33841754051477596,0.7054337464251669,0.5200905624404194
DC25,DC65,DC25->DC65,0.0,0.0,0.0,0.0,129924.0,27209.0,0.0,0.0,0.0,535975.0,201281.0,508766.0,174072.0,25.096034400381303,0.8162037037037037,0.37870370370370365,0.5974537037037037,0.43875119161105813,0.31410867492850336,0.33841754051477596,0.9466158245948523,0.5195066730219257
DC20,DC9,DC20->DC9,0.0,0.0,0.0,0.0,18943.0,857.0,0.0,0.0,0.0,422975.0,1447351.0,422118.0,1446494.0,2180.4107351199764,0.7592592592592592,0.9165123456790123,0.8378858024691358,0.40085795996186846,0.892278360343184,0.33841754051477596,0.4194470924690181,0.518994280266921
DC19,DC9,DC19->DC9,0.0,0.0,0.0,0.0,27953.0,918.0,0.0,0.0,0.0,801505.0,1447351.0,800587.0,1446433.0,2447.734204790362,0.7584876543209877,0.9165123456790123,0.8375,0.409675881792183,0.8889418493803622,0.33841754051477596,0.4070543374642517,0.518148236415634
DC42,DC3,DC42->DC3,0.0,0.0,0.0,0.0,140509.0,2990.0,0.0,0.0,0.0,84638.0,727980.0,81648.0,724990.0,269.7785953176355,0.6165123456790124,0.8919753086419754,0.7542438271604939,0.4406577693040991,0.6282173498570067,0.33841754051477596,0.6196377502383222,0.5169566253574833
DC8,DC15,DC8->DC15,0.0,0.0,0.0,0.0,740.0,329.0,0.0,0.0,0.0,218287.0,335.0,217958.0,6.0,662.504559268503,0.8814814814814814,0.7561728395061729,0.8188271604938271,0.3567683508102955,0.834604385128694,0.33841754051477596,0.5290753098188751,0.516551477597712
DC10,DC40,DC10->DC40,0.0,0.0,0.0,0.0,36350.0,969.0,0.0,0.0,0.0,336532.0,97443.0,335563.0,96474.0,445.85861713060285,0.8976851851851853,0.6654320987654321,0.7815586419753087,0.41611058150619634,0.7144899904671115,0.33841754051477596,0.5653002859866539,0.5163489037178265
DC41,DC14,DC41->DC14,0.0,0.0,0.0,0.0,140628.0,4274.0,0.0,0.0,0.0,62007.0,902659.0,57733.0,898385.0,223.70566214313902,0.5645061728395062,0.9246913580246913,0.7445987654320987,0.4408960915157292,0.6062917063870352,0.33841754051477596,0.6377502383222117,0.5160867492850333
DC21,DC9,DC21->DC9,0.0,0.0,0.0,0.0,25419.0,941.0,0.0,0.0,0.0,360996.0,1447351.0,360055.0,1446410.0,1919.7290116876518,0.7339506172839506,0.9165123456790123,0.8252314814814814,0.40800762631077214,0.853670162059104,0.33841754051477596,0.43374642516682554,0.515419447092469
DC35,DC40,DC35->DC40,0.0,0.0,0.0,0.0,5206.0,1700.0,0.0,0.0,0.0,8802.0,97443.0,7102.0,95743.0,60.49705882349382,0.7146604938271605,0.6654320987654321,0.6900462962962963,0.3834604385128694,0.4828408007626311,0.33841754051477596,0.8388941849380362,0.5154075309818875
DC21,DC35,DC21->DC35,0.0,0.0,0.0,0.0,70631.0,6143.0,0.0,0.0,0.0,360996.0,586705.0,354853.0,580562.0,152.2733192251095,0.7339506172839506,0.7146604938271605,0.7243055555555555,0.42802669208770255,0.559580552907531,0.33841754051477596,0.6987607244995233,0.5151572926596759
DC45,DC5,DC45->DC5,0.0,0.0,0.0,0.0,152919.0,5200.0,0.0,0.0,0.0,57400.0,693070.0,52200.0,687870.0,142.32115384612646,0.5515432098765432,0.8759259259259259,0.7137345679012346,0.44184938036224974,0.5300285986653956,0.33841754051477596,0.7073403241182078,0.5147521448999047
DC22,DC64,DC22->DC64,0.0,0.0,0.0,0.0,297608.0,41048.0,0.0,0.0,0.0,884569.0,317231.0,843521.0,276183.0,27.27791853439809,0.7834876543209874,0.38518518518518513,0.5843364197530863,0.45209723546234504,0.2859866539561487,0.33841754051477596,0.9361296472831268,0.514525738798856
DC38,DC40,DC38->DC40,0.0,0.0,0.0,0.0,68139.0,3901.0,0.0,0.0,0.0,321772.0,97443.0,317871.0,93542.0,105.46347090486914,0.7305555555555555,0.6654320987654321,0.6979938271604937,0.42707340324118204,0.5023832221163013,0.33841754051477596,0.7540514775977121,0.5143469971401334
DC56,DC35,DC56->DC35,73.0,2.3548387096774195,7.0,1.8586916504371527,1311.0,70.0,0.09999999999857143,0.7893074128641534,0.0,6068.0,586705.0,5998.0,586635.0,8466.185714164769,0.4652777777777778,0.7146604938271605,0.5899691358024691,0.624880838894185,0.2974261201143947,0.982840800762631,0.2917063870352717,0.513417540514776
DC35,DC23,DC35->DC23,0.0,0.0,0.0,0.0,109.0,109.0,0.0,0.0,0.0,8802.0,5277.0,8693.0,5168.0,127.16513761351224,0.7146604938271605,0.8141975308641975,0.764429012345679,0.3263822688274547,0.6582459485224023,0.33841754051477596,0.7273593898951383,0.5113977597712107
DC26,DC35,DC26->DC35,0.0,0.0,0.0,0.0,28918.0,8989.0,0.0,0.0,0.0,179850.0,586705.0,170861.0,577716.0,83.27700522860349,0.6458333333333333,0.7146604938271605,0.6802469135802469,0.4103908484270734,0.4699714013346044,0.33841754051477596,0.792183031458532,0.5099380362249761
DC10,DC12,DC10->DC12,0.0,0.0,0.0,0.0,67602.0,993.0,0.0,0.0,0.0,336532.0,284822.0,335539.0,283829.0,623.7341389721815,0.8976851851851853,0.6597222222222222,0.7787037037037037,0.4265967588179218,0.7040038131553861,0.33841754051477596,0.5338417540514776,0.509532888465205
DC41,DC3,DC41->DC3,0.0,0.0,0.0,0.0,104111.0,3997.0,0.0,0.0,0.0,62007.0,727980.0,58010.0,723983.0,195.64498373775442,0.5645061728395062,0.8919753086419754,0.7282407407407407,0.43589132507149664,0.5681601525262154,0.33841754051477596,0.655862726406101,0.5093303145853194
DC22,DC40,DC22->DC40,0.0,0.0,0.0,0.0,64983.0,5427.0,0.0,0.0,0.0,884569.0,97443.0,879142.0,92016.0,178.94932743685663,0.7834876543209874,0.6654320987654321,0.7244598765432098,0.4263584366062917,0.5610104861773118,0.33841754051477596,0.6758817921830315,0.5092111534795043
DC9,DC34,DC9->DC34,0.0,0.0,0.0,0.0,1176.0,476.0,0.0,0.0,0.0,92175.0,1903.0,91699.0,1427.0,195.64285714244613,0.9165123456790123,0.6189814814814814,0.7677469135802468,0.36248808388941844,0.6677788369876072,0.33841754051477596,0.6568160152526216,0.50878217349857
DC36,DC40,DC36->DC40,0.0,0.0,0.0,0.0,53234.0,5003.0,0.0,0.0,0.0,938959.0,97443.0,933956.0,92440.0,205.15610633615725,0.8058641975308642,0.6654320987654321,0.7356481481481482,0.42183031458531933,0.5862726406101049,0.33841754051477596,0.652049571020019,0.5079837940896091
DC38,DC9,DC38->DC9,0.0,0.0,0.0,0.0,16751.0,794.0,0.0,0.0,0.0,321772.0,1447351.0,320978.0,1446557.0,2226.1146095689846,0.7305555555555555,0.9165123456790123,0.8235339506172838,0.39942802669208766,0.8503336510962822,0.33841754051477596,0.41658722592945663,0.5072926596758818
DC23,DC65,DC23->DC65,0.0,0.0,0.0,0.0,122459.0,24741.0,0.0,0.0,0.0,810066.0,201281.0,785325.0,176540.0,38.87736954852112,0.8141975308641975,0.37870370370370365,0.5964506172839505,0.4375595805529075,0.3117254528122021,0.33841754051477596,0.899904671115348,0.5068160152526215
DC46,DC40,DC46->DC40,0.0,0.0,0.0,0.0,50770.0,2387.0,0.0,0.0,0.0,211065.0,97443.0,208678.0,95056.0,127.24507750308871,0.7342592592592593,0.6654320987654321,0.6998456790123457,0.42111534795042893,0.5081029551954243,0.33841754051477596,0.7264061010486177,0.506780266920877
DC41,DC10,DC41->DC10,0.0,0.0,0.0,0.0,22940.0,12794.0,0.0,0.0,0.0,62007.0,2290621.0,49213.0,2277827.0,181.88525871500843,0.5645061728395062,0.8976851851851853,0.7310956790123457,0.4056244041944709,0.5738798856053384,0.33841754051477596,0.67302192564347,0.5044566253574833
DC9,DC25,DC9->DC25,0.0,0.0,0.0,0.0,62.0,44.0,0.0,0.0,0.0,92175.0,402.0,92131.0,358.0,2102.022727224954,0.9165123456790123,0.8162037037037037,0.866358024691358,0.3179218303145853,0.9432793136320305,0.33841754051477596,0.4261201143946616,0.5043851286939942
DC5,DC23,DC5->DC23,0.0,0.0,0.0,0.0,39.0,30.0,0.0,0.0,0.0,32737.0,5277.0,32707.0,5247.0,1265.1333332911622,0.8759259259259259,0.8141975308641975,0.8450617283950617,0.3086272640610105,0.9080076263107721,0.33841754051477596,0.47283126787416585,0.5039918970448046
DC3,DC38,DC3->DC38,0.0,0.0,0.0,0.0,11.0,11.0,0.0,0.0,0.0,3492.0,217.0,3481.0,206.0,335.1818181513471,0.8919753086419754,0.7305555555555555,0.8112654320987654,0.28860819828408,0.8088655862726406,0.33841754051477596,0.5977121067683508,0.5034199237368923
DC21,DC70,DC21->DC70,0.0,0.0,0.0,0.0,85007.0,3085.0,0.0,0.0,0.0,360996.0,280449.0,357911.0,277364.0,205.92382495941462,0.7339506172839506,0.7101851851851853,0.7220679012345679,0.4323164918970448,0.5529075309818875,0.33841754051477596,0.6510962821734986,0.5030743565300285
DC58,DC4,DC58->DC4,0.0,0.0,0.0,0.0,87565.0,7760.0,0.0,0.0,0.0,176452.0,2405716.0,168692.0,2397956.0,330.75360824738004,0.5856481481481481,0.8876543209876543,0.7366512345679013,0.43326978074356526,0.5881792183031459,0.33841754051477596,0.6015252621544328,0.49983317445185893
DC71,DC70,DC71->DC70,0.0,0.0,0.0,0.0,35261.0,12816.0,0.0,0.0,0.0,75315.0,280449.0,62499.0,267633.0,25.75936329587814,0.43796296296296294,0.7101851851851853,0.5740740740740741,0.4151572926596758,0.2688274547187798,0.33841754051477596,0.9408960915157293,0.49849857006673015
DC35,DC17,DC35->DC17,0.0,0.0,0.0,0.0,74.0,74.0,0.0,0.0,0.0,8802.0,103.0,8728.0,29.0,118.33783783623868,0.7146604938271605,0.7677469135802468,0.7412037037037036,0.32125834127740704,0.6010486177311726,0.33841754051477596,0.7378455672068637,0.4979265967588179
DC36,DC12,DC36->DC12,0.0,0.0,0.0,0.0,116409.0,3646.0,0.0,0.0,0.0,938959.0,284822.0,935313.0,281176.0,333.65030170040217,0.8058641975308642,0.6597222222222222,0.7327932098765433,0.4368446139180171,0.5762631077216397,0.33841754051477596,0.5996186844613918,0.4976286939942802
DC44,DC40,DC44->DC40,0.0,0.0,0.0,0.0,36396.0,3999.0,0.0,0.0,0.0,511263.0,97443.0,507264.0,93444.0,150.21455363837205,0.7271604938271605,0.6654320987654321,0.6962962962962963,0.41658722592945663,0.49571020019065776,0.33841754051477596,0.7035271687321258,0.4963775023832221
DC4,DC30,DC4->DC30,0.0,0.0,0.0,0.0,288.0,174.0,0.0,0.0,0.0,65103.0,287.0,64929.0,113.0,373.80459769900114,0.8876543209876543,0.6763888888888888,0.7820216049382716,0.3429456625357483,0.717349857006673,0.33841754051477596,0.5843660629170638,0.4962225929456625
DC25,DC40,DC25->DC40,0.0,0.0,0.0,0.0,19733.0,2274.0,0.0,0.0,0.0,535975.0,97443.0,533701.0,95169.0,276.54793315731024,0.8162037037037037,0.6654320987654321,0.7408179012345679,0.4027645376549094,0.5996186844613918,0.33841754051477596,0.6167778836987607,0.4958293612964728
DC45,DC35,DC45->DC35,0.0,0.0,0.0,0.0,32929.0,11042.0,0.0,0.0,0.0,57400.0,586705.0,46358.0,575663.0,56.332276761451155,0.5515432098765432,0.7146604938271605,0.6331018518518519,0.41301239275500473,0.35843660629170637,0.33841754051477596,0.8427073403241182,0.4956029551954242
DC69,DC4,DC69->DC4,6.0,0.1935483870967742,5.0,0.8951249629362329,53.0,36.0,0.13888888888503087,4.624812284609007,0.0,50191.0,2405716.0,50155.0,2405680.0,68217.63888699395,0.4512345679012345,0.8876543209876543,0.6694444444444444,0.5718541468064824,0.44518589132507147,0.9971401334604385,0.13727359389895138,0.4953348427073403
DC20,DC12,DC20->DC12,0.0,0.0,0.0,0.0,18721.0,4561.0,0.0,0.0,0.0,422975.0,284822.0,418414.0,280261.0,153.18460863842287,0.7592592592592592,0.6597222222222222,0.7094907407407407,0.4006196377502383,0.5185891325071497,0.33841754051477596,0.6959008579599618,0.49460200190657766
DC9,DC12,DC9->DC12,0.0,0.0,0.0,0.0,6913.0,388.0,0.0,0.0,0.0,92175.0,284822.0,91787.0,284434.0,969.6417525748205,0.9165123456790123,0.6597222222222222,0.7881172839506172,0.3870352716873212,0.734509056244042,0.33841754051477596,0.49571020019065776,0.49377979027645374
DC71,DC35,DC71->DC35,0.0,0.0,0.0,0.0,85653.0,15794.0,0.0,0.0,0.0,75315.0,586705.0,59521.0,570911.0,39.91591743699887,0.43796296296296294,0.7146604938271605,0.5763117283950617,0.432793136320305,0.2716873212583413,0.33841754051477596,0.894184938036225,0.4937082936129647
DC4,DC21,DC4->DC21,0.0,0.0,0.0,0.0,156.0,68.0,0.0,0.0,0.0,65103.0,223.0,65035.0,155.0,958.676470574137,0.8876543209876543,0.7339506172839506,0.8108024691358025,0.33222116301239274,0.8060057197330791,0.33841754051477596,0.4966634890371783,0.4927073403241182
DC34,DC12,DC34->DC12,0.0,0.0,0.0,0.0,69148.0,3608.0,0.0,0.0,0.0,17871.0,284822.0,14263.0,281214.0,81.8949556540793,0.6189814814814814,0.6597222222222222,0.6393518518518517,0.42755004766444227,0.3736892278360343,0.33841754051477596,0.7940896091515729,0.492349857006673
DC44,DC12,DC44->DC12,0.0,0.0,0.0,0.0,137099.0,4076.0,0.0,0.0,0.0,511263.0,284822.0,507187.0,280746.0,193.31035328748936,0.7271604938271605,0.6597222222222222,0.6934413580246914,0.4401811248808389,0.4890371782650143,0.33841754051477596,0.6606291706387035,0.4922426120114395
DC9,DC35,DC9->DC35,0.0,0.0,0.0,0.0,7089.0,259.0,0.0,0.0,0.0,92175.0,586705.0,91916.0,586446.0,2619.158301148189,0.9165123456790123,0.7146604938271605,0.8155864197530864,0.38798856053384173,0.821258341277407,0.33841754051477596,0.39752144899904673,0.49125357483317444
DC8,DC9,DC8->DC9,0.0,0.0,0.0,0.0,1757.0,123.0,0.0,0.0,0.0,218287.0,1447351.0,218164.0,1447228.0,13539.772357613498,0.8814814814814814,0.9165123456790123,0.8989969135802469,0.3689227836034318,0.9823641563393708,0.33841754051477596,0.25738798856053385,0.4898236415633937
DC5,DC22,DC5->DC22,0.0,0.0,0.0,0.0,26.0,21.0,0.0,0.0,0.0,32737.0,137.0,32716.0,116.0,1563.4285713541224,0.8759259259259259,0.7834876543209874,0.8297067901234567,0.30076263107721635,0.8765490943755958,0.33841754051477596,0.45662535748331745,0.48932316491897043
DC7,DC3,DC7->DC3,0.0,0.0,0.0,0.0,126653.0,1561.0,0.0,0.0,0.0,39972.0,727980.0,38411.0,726419.0,489.9615631002627,0.575925925925926,0.8919753086419754,0.7339506172839507,0.4377979027645376,0.5815061963775023,0.33841754051477596,0.555767397521449,0.48831029551954236
DC8,DC34,DC8->DC34,0.0,0.0,0.0,0.0,10708.0,565.0,0.0,0.0,0.0,218287.0,1903.0,217722.0,1338.0,387.7168141586058,0.8814814814814814,0.6189814814814814,0.7502314814814814,0.3927550047664442,0.6201143946615825,0.33841754051477596,0.5776930409914204,0.4876787416587226
DC68,DC4,DC68->DC4,141.0,4.548387096774194,6.0,1.2401537281768442,586.0,46.0,0.1304347826058601,0.2726579118087218,0.0,35817.0,2405716.0,35771.0,2405670.0,53074.80434667229,0.4356481481481481,0.8876543209876543,0.6616512345679012,0.6164204003813155,0.4223069590085796,0.8436606291706387,0.15919923736892277,0.4876727836034318
DC10,DC36,DC10->DC36,0.0,0.0,0.0,0.0,344.0,55.0,0.0,0.0,0.0,336532.0,240.0,336477.0,185.0,6121.12727261598,0.8976851851851853,0.8058641975308642,0.8517746913580247,0.34497140133460436,0.9261201143946616,0.33841754051477596,0.330791229742612,0.4857304575786463
DC22,DC65,DC22->DC65,0.0,0.0,0.0,0.0,131009.0,17537.0,0.0,0.0,0.0,884569.0,201281.0,867032.0,183744.0,59.91765980498033,0.7834876543209874,0.37870370370370365,0.5810956790123456,0.43898951382268825,0.2831267874165872,0.33841754051477596,0.8398474737845567,0.48515252621544325
DC21,DC8,DC21->DC8,0.0,0.0,0.0,0.0,53617.0,512.0,0.0,0.0,0.0,360996.0,2130508.0,360484.0,2129996.0,4864.218749990499,0.7339506172839506,0.8814814814814814,0.807716049382716,0.42230695900857956,0.7988560533841754,0.33841754051477596,0.342230695900858,0.48384175405147756
DC71,DC12,DC71->DC12,0.0,0.0,0.0,0.0,102385.0,11858.0,0.0,0.0,0.0,75315.0,284822.0,63457.0,272964.0,28.370804520152777,0.43796296296296294,0.6597222222222222,0.5488425925925926,0.4356530028598665,0.18255481410867494,0.33841754051477596,0.9323164918970448,0.4819590085795996
DC49,DC9,DC49->DC9,0.0,0.0,0.0,0.0,423755.0,27048.0,0.0,0.0,0.0,51664.0,1447351.0,24616.0,1420303.0,53.42054865424233,0.20833333333333331,0.9165123456790123,0.5624228395061728,0.4573403241182078,0.23069590085795996,0.33841754051477596,0.8522402287893232,0.4815657769304099
DC3,DC12,DC3->DC12,0.0,0.0,0.0,0.0,525.0,469.0,0.0,0.0,0.0,3492.0,284822.0,3023.0,284353.0,612.7420042630858,0.8919753086419754,0.6597222222222222,0.7758487654320988,0.3510486177311725,0.6925643469971401,0.33841754051477596,0.5376549094375596,0.4811844613918017
DC35,DC12,DC35->DC12,0.0,0.0,0.0,0.0,22306.0,1655.0,0.0,0.0,0.0,8802.0,284822.0,7147.0,283167.0,175.4163141992898,0.7146604938271605,0.6597222222222222,0.6871913580246913,0.40490943755958053,0.47330791229742614,0.33841754051477596,0.6796949475691134,0.48073164918970446
DC38,DC64,DC38->DC64,0.0,0.0,0.0,0.0,115433.0,14273.0,0.0,0.0,0.0,321772.0,317231.0,307499.0,302958.0,42.770055349257845,0.7305555555555555,0.38518518518518513,0.5578703703703703,0.43636796949475687,0.2130600571973308,0.33841754051477596,0.8798856053384175,0.47672783603431834
DC7,DC4,DC7->DC4,0.0,0.0,0.0,0.0,46060.0,4005.0,0.0,0.0,0.0,39972.0,2405716.0,35967.0,2401711.0,608.6586766540303,0.575925925925926,0.8876543209876543,0.7317901234567901,0.41992373689227835,0.5748331744518589,0.33841754051477596,0.5386081982840801,0.47609628217349853
DC58,DC70,DC58->DC70,0.0,0.0,0.0,0.0,26038.0,3605.0,0.0,0.0,0.0,176452.0,280449.0,172847.0,276844.0,124.74091539524973,0.5856481481481481,0.7101851851851853,0.6479166666666667,0.4084842707340324,0.3956148713060057,0.33841754051477596,0.7302192564346998,0.475190657769304
DC71,DC3,DC71->DC3,0.0,0.0,0.0,0.0,62993.0,4193.0,0.0,0.0,0.0,75315.0,727980.0,71122.0,723787.0,189.58001430951833,0.43796296296296294,0.8919753086419754,0.6649691358024692,0.42588179218303146,0.432793136320305,0.33841754051477596,0.665395614871306,0.47436844613918017
DC53,DC25,DC53->DC25,0.0,0.0,0.0,0.0,1118.0,346.0,0.0,0.0,0.0,39744.0,402.0,39398.0,56.0,114.02890173377449,0.5220679012345679,0.8162037037037037,0.6691358024691358,0.3617731172545281,0.444232602478551,0.33841754051477596,0.7426120114394662,0.4740943755958055
DC40,DC9,DC40->DC9,0.0,0.0,0.0,0.0,6393.0,639.0,0.0,0.0,0.0,63832.0,1447351.0,63193.0,1446712.0,2362.9186228445024,0.6654320987654321,0.9165123456790123,0.7909722222222222,0.38608198284080075,0.7421353670162059,0.33841754051477596,0.40896091515729266,0.47366539561487125
DC4,DC36,DC4->DC36,0.0,0.0,0.0,0.0,49.0,12.0,0.0,0.0,0.0,65103.0,240.0,65091.0,228.0,5443.249999546396,0.8876543209876543,0.8058641975308642,0.8467592592592592,0.3129170638703527,0.9146806482364156,0.33841754051477596,0.33841754051477596,0.47355815061963774
DC34,DC40,DC34->DC40,0.0,0.0,0.0,0.0,20670.0,972.0,0.0,0.0,0.0,17871.0,97443.0,16899.0,96471.0,116.63580246901581,0.6189814814814814,0.6654320987654321,0.6422067901234567,0.40324118207816967,0.38369876072449954,0.33841754051477596,0.7387988560533841,0.4725214489990467
DC58,DC40,DC58->DC40,0.0,0.0,0.0,0.0,27683.0,2737.0,0.0,0.0,0.0,176452.0,97443.0,173715.0,94706.0,98.07124588962438,0.5856481481481481,0.6654320987654321,0.6255401234567901,0.4091992373689227,0.34604385128693993,0.33841754051477596,0.7645376549094376,0.47162774070543373
DC42,DC12,DC42->DC12,0.0,0.0,0.0,0.0,15972.0,3509.0,0.0,0.0,0.0,84638.0,284822.0,81129.0,281313.0,103.28925619831767,0.6165123456790124,0.6597222222222222,0.6381172839506173,0.3984747378455672,0.36892278360343184,0.33841754051477596,0.7559580552907531,0.4714489990467111
DC30,DC9,DC30->DC9,0.0,0.0,0.0,0.0,7034.0,514.0,0.0,0.0,0.0,156937.0,1447351.0,156423.0,1446837.0,3119.1828793713635,0.6763888888888888,0.9165123456790123,0.7964506172839505,0.3877502383222116,0.7588179218303146,0.33841754051477596,0.3784556720686368,0.4707936129647283
DC58,DC35,DC58->DC35,0.0,0.0,0.0,0.0,111943.0,4050.0,0.0,0.0,0.0,176452.0,586705.0,172402.0,582655.0,186.4338271604478,0.5856481481481481,0.7146604938271605,0.6501543209876544,0.43612964728312675,0.4003813155386082,0.33841754051477596,0.6682554814108675,0.4705672068636797
DC25,DC12,DC25->DC12,0.0,0.0,0.0,0.0,28548.0,1048.0,0.0,0.0,0.0,535975.0,284822.0,534927.0,283774.0,781.2032442740638,0.8162037037037037,0.6597222222222222,0.7379629629629629,0.4101525262154433,0.5929456625357483,0.33841754051477596,0.5109628217349858,0.47029313632030506
DC3,DC40,DC3->DC40,0.0,0.0,0.0,0.0,215.0,112.0,0.0,0.0,0.0,3492.0,97443.0,3380.0,97331.0,899.2053571348285,0.8919753086419754,0.6654320987654321,0.7787037037037037,0.3369876072449952,0.7040038131553861,0.33841754051477596,0.5014299332697807,0.4700667302192564
DC21,DC12,DC21->DC12,0.0,0.0,0.0,0.0,42055.0,1767.0,0.0,0.0,0.0,360996.0,284822.0,359229.0,283055.0,363.4883984151876,0.7339506172839506,0.6597222222222222,0.6968364197530864,0.41897044804575784,0.49761677788369874,0.33841754051477596,0.5881792183031459,0.4688512869399428
DC17,DC12,DC17->DC12,0.0,0.0,0.0,0.0,56534.0,2032.0,0.0,0.0,0.0,795108.0,284822.0,793076.0,282790.0,529.4616141729678,0.7677469135802468,0.6597222222222222,0.7137345679012346,0.42302192564346996,0.5300285986653956,0.33841754051477596,0.5490943755958055,0.46860104861773116
DC3,DC9,DC3->DC9,0.0,0.0,0.0,0.0,298.0,46.0,0.0,0.0,0.0,3492.0,1447351.0,3446.0,1447305.0,31538.065216705698,0.8919753086419754,0.9165123456790123,0.9042438271604938,0.34366062917063867,0.9899904671115348,0.33841754051477596,0.1954242135367016,0.46739752144899904
DC3,DC19,DC3->DC19,0.0,0.0,0.0,0.0,2.0,2.0,0.0,0.0,0.0,3492.0,30.0,3490.0,28.0,1758.9999991205,0.8919753086419754,0.7584876543209877,0.8252314814814816,0.2631077216396568,0.8555767397521449,0.33841754051477596,0.44232602478551003,0.46732602478551
DC35,DC32,DC35->DC32,0.0,0.0,0.0,0.0,5171.0,1564.0,0.0,0.0,0.0,8802.0,10275.0,7238.0,8711.0,10.197570332474298,0.7146604938271605,0.3603395061728395,0.5375,0.38298379408960914,0.13584366062917064,0.33841754051477596,0.9923736892278361,0.46686129647283126
DC8,DC40,DC8->DC40,0.0,0.0,0.0,0.0,1717.0,207.0,0.0,0.0,0.0,218287.0,97443.0,218080.0,97236.0,1523.2657004757332,0.8814814814814814,0.6654320987654321,0.7734567901234568,0.36844613918017155,0.6858913250714966,0.33841754051477596,0.45757864632983797,0.4655862726406101
DC26,DC70,DC26->DC70,0.0,0.0,0.0,0.0,15998.0,1976.0,0.0,0.0,0.0,179850.0,280449.0,177874.0,278473.0,230.9448380565633,0.6458333333333333,0.7101851851851853,0.6780092592592593,0.3987130600571973,0.4661582459485224,0.33841754051477596,0.6348903717826502,0.4655743565300286
DC9,DC36,DC9->DC36,0.0,0.0,0.0,0.0,25.0,12.0,0.0,0.0,0.0,92175.0,240.0,92163.0,228.0,7699.249999358396,0.9165123456790123,0.8058641975308642,0.8611882716049383,0.30016682554814106,0.9375595805529076,0.33841754051477596,0.30028598665395617,0.4652824118207817
DC4,DC17,DC4->DC17,0.0,0.0,0.0,0.0,57.0,14.0,0.0,0.0,0.0,65103.0,103.0,65089.0,89.0,4655.571428238888,0.8876543209876543,0.7677469135802468,0.8277006172839505,0.31613441372735934,0.8670162059103909,0.33841754051477596,0.34604385128693993,0.4646746901811249
DC50,DC12,DC50->DC12,0.0,0.0,0.0,0.0,17790.0,2750.0,0.0,0.0,0.0,141641.0,284822.0,138891.0,282072.0,153.0774545453989,0.6385802469135802,0.6597222222222222,0.6491512345679011,0.3999046711153479,0.39752144899904673,0.33841754051477596,0.6968541468064824,0.4643231649189704
DC45,DC8,DC45->DC8,0.0,0.0,0.0,0.0,26678.0,4054.0,0.0,0.0,0.0,57400.0,2130508.0,53346.0,2126454.0,537.691169215457,0.5515432098765432,0.8814814814814814,0.7165123456790123,0.4087225929456625,0.5338417540514776,0.33841754051477596,0.546234509056244,0.4638346043851287
DC38,DC65,DC38->DC65,0.0,0.0,0.0,0.0,57243.0,9942.0,0.0,0.0,0.0,321772.0,201281.0,311830.0,191339.0,50.610440555215185,0.7305555555555555,0.37870370370370365,0.5546296296296296,0.4232602478551001,0.1992373689227836,0.33841754051477596,0.8598665395614872,0.4636796949475691
DC51,DC40,DC51->DC40,0.0,0.0,0.0,0.0,17376.0,1519.0,0.0,0.0,0.0,715715.0,97443.0,714196.0,95924.0,533.324555628352,0.775,0.6654320987654321,0.7202160493827161,0.39966634890371777,0.5448045757864634,0.33841754051477596,0.5471877979027645,0.46364394661582464
DC58,DC12,DC58->DC12,0.0,0.0,0.0,0.0,55365.0,3242.0,0.0,0.0,0.0,176452.0,284822.0,173210.0,281580.0,140.28069093148048,0.5856481481481481,0.6597222222222222,0.6226851851851851,0.42278360343183985,0.342230695900858,0.33841754051477596,0.7102001906577693,0.4618446139180171
DC45,DC4,DC45->DC4,0.0,0.0,0.0,0.0,23223.0,3684.0,0.0,0.0,0.0,57400.0,2405716.0,53716.0,2402032.0,666.5982627576909,0.5515432098765432,0.8876543209876543,0.7195987654320988,0.4061010486177311,0.5414680648236415,0.33841754051477596,0.5271687321258341,0.4600571973307912
DC70,DC40,DC70->DC40,0.0,0.0,0.0,0.0,3202.0,430.0,0.0,0.0,0.0,2852.0,97443.0,2422.0,97013.0,231.24418604597386,0.7101851851851853,0.6654320987654321,0.6878086419753087,0.3763107721639657,0.47616777883698763,0.33841754051477596,0.6339370829361296,0.45999761677788364
DC10,DC22,DC10->DC22,0.0,0.0,0.0,0.0,268.0,27.0,0.0,0.0,0.0,336532.0,137.0,336505.0,110.0,12467.222221760474,0.8976851851851853,0.7834876543209874,0.8405864197530863,0.34127740705433746,0.8956148713060057,0.33841754051477596,0.2631077216396568,0.45989037178265013
DC30,DC64,DC30->DC64,0.0,0.0,0.0,0.0,83351.0,12926.0,0.0,0.0,0.0,156937.0,317231.0,144011.0,304305.0,34.68327402134963,0.6763888888888888,0.38518518518518513,0.530787037037037,0.43183984747378457,0.11582459485224023,0.33841754051477596,0.9122974261201144,0.45893708293612967
DC31,DC40,DC31->DC40,0.0,0.0,0.0,0.0,6861.0,1485.0,0.0,0.0,0.0,58047.0,97443.0,56562.0,95958.0,102.70707070700155,0.5600308641975309,0.6654320987654321,0.6127314814814815,0.3867969494756911,0.32983794089609153,0.33841754051477596,0.7578646329837941,0.4580672068636797
DC18,DC14,DC18->DC14,0.0,0.0,0.0,0.0,20874.0,15975.0,0.0,0.0,0.0,97234.0,902659.0,81259.0,886684.0,60.59111111110732,0.19753086419753083,0.9246913580246913,0.561111111111111,0.4034795042897998,0.224976167778837,0.33841754051477596,0.8379408960915157,0.4577097235462345
DC4,DC22,DC4->DC22,0.0,0.0,0.0,0.0,46.0,9.0,0.0,0.0,0.0,65103.0,137.0,65094.0,128.0,7246.888888083679,0.8876543209876543,0.7834876543209874,0.8355709876543209,0.3114871306005719,0.8841754051477597,0.33841754051477596,0.3069590085795996,0.4575667302192564
DC4,DC20,DC4->DC20,0.0,0.0,0.0,0.0,38.0,14.0,0.0,0.0,0.0,65103.0,84.0,65089.0,70.0,4654.214285381841,0.8876543209876543,0.7592592592592592,0.8234567901234567,0.307793136320305,0.8489037178265014,0.33841754051477596,0.34699714013346045,0.4574654432793136
DC12,DC38,DC12->DC38,0.0,0.0,0.0,0.0,9.0,9.0,0.0,0.0,0.0,916.0,217.0,907.0,208.0,123.88888887512346,0.6597222222222222,0.7305555555555555,0.6951388888888889,0.2859866539561487,0.4914204003813155,0.33841754051477596,0.7330791229742613,0.4569828408007626
DC28,DC40,DC28->DC40,0.0,0.0,0.0,0.0,6577.0,1251.0,0.0,0.0,0.0,212797.0,97443.0,211546.0,96192.0,245.99360511571064,0.684104938271605,0.6654320987654321,0.6747685185185186,0.38632030505243087,0.45853193517635843,0.33841754051477596,0.6244041944709247,0.456708770257388
DC5,DC21,DC5->DC21,0.0,0.0,0.0,0.0,38.0,13.0,0.0,0.0,0.0,32737.0,223.0,32724.0,210.0,2533.3846151897396,0.8759259259259259,0.7339506172839506,0.8049382716049382,0.307793136320305,0.7897998093422307,0.33841754051477596,0.4022878932316492,0.45651215443279314
DC70,DC4,DC70->DC4,0.0,0.0,0.0,0.0,3962.0,385.0,0.0,0.0,0.0,2852.0,2405716.0,2467.0,2405331.0,6254.020779204535,0.7101851851851853,0.8876543209876543,0.7989197530864198,0.378932316491897,0.7640610104861774,0.33841754051477596,0.3279313632030505,0.45638703527168734
DC73,DC9,DC73->DC9,0.0,0.0,0.0,0.0,6065.0,259.0,0.0,0.0,0.0,352936.0,1447351.0,352677.0,1447092.0,6948.915057888228,0.6802469135802469,0.9165123456790123,0.7983796296296296,0.38584366062917064,0.7626310772163966,0.33841754051477596,0.31649189704480457,0.45558865586272634
DC51,DC81,DC51->DC81,0.0,0.0,0.0,0.0,19522.0,16240.0,0.0,0.0,0.0,715715.0,32374.0,699475.0,16134.0,44.0645935960564,0.775,0.32129629629629625,0.5481481481481482,0.40252621544327927,0.17921830314585319,0.33841754051477596,0.8760724499523356,0.45546949475691134
DC14,DC23,DC14->DC23,0.0,0.0,0.0,0.0,159.0,57.0,0.0,0.0,0.0,1575798.0,5277.0,1575741.0,5220.0,27736.157894250246,0.9246913580246913,0.8141975308641975,0.8694444444444445,0.33245948522402285,0.9451858913250715,0.33841754051477596,0.20781696854146806,0.45537416587225926
DC28,DC9,DC28->DC9,0.0,0.0,0.0,0.0,7185.0,223.0,0.0,0.0,0.0,212797.0,1447351.0,212574.0,1447128.0,7442.609865437477,0.684104938271605,0.9165123456790123,0.8003086419753087,0.388465204957102,0.7673975214489991,0.33841754051477596,0.30409914204003813,0.4545996186844614
DC42,DC40,DC42->DC40,0.0,0.0,0.0,0.0,5522.0,1186.0,0.0,0.0,0.0,84638.0,97443.0,83452.0,96257.0,151.52529510948438,0.6165123456790124,0.6654320987654321,0.6409722222222223,0.3841754051477597,0.3775023832221163,0.33841754051477596,0.6997140133460439,0.45452812202097237
DC27,DC65,DC27->DC65,0.0,0.0,0.0,0.0,23098.0,16032.0,0.0,0.0,0.0,150106.0,201281.0,134074.0,185249.0,19.91785179640594,0.6430555555555555,0.37870370370370365,0.5108796296296296,0.405862726406101,0.08102955195424213,0.33841754051477596,0.9628217349857007,0.45377740705433744
DC62,DC34,DC62->DC34,0.0,0.0,0.0,0.0,695.0,220.0,0.0,0.0,0.0,195979.0,1903.0,195759.0,1683.0,897.463636359557,0.8708333333333331,0.6189814814814814,0.7449074074074072,0.35510009532888465,0.6086749285033365,0.33841754051477596,0.5033365109628217,0.4530505243088656
DC17,DC40,DC17->DC40,0.0,0.0,0.0,0.0,8908.0,1332.0,0.0,0.0,0.0,795108.0,97443.0,793776.0,96111.0,668.0833333328318,0.7677469135802468,0.6654320987654321,0.7165895061728395,0.3908484270734032,0.5352716873212583,0.33841754051477596,0.5262154432793136,0.4529313632030505
DC30,DC40,DC30->DC40,0.0,0.0,0.0,0.0,7765.0,781.0,0.0,0.0,0.0,156937.0,97443.0,156156.0,96662.0,323.71062740035376,0.6763888888888888,0.6654320987654321,0.6709104938271604,0.3894184938036225,0.44852240228789325,0.33841754051477596,0.6043851286939943,0.45028598665395614
DC62,DC40,DC62->DC40,0.0,0.0,0.0,0.0,1174.0,134.0,0.0,0.0,0.0,195979.0,97443.0,195845.0,97309.0,2187.7164178941216,0.8708333333333331,0.6654320987654321,0.7681327160493826,0.36224976167778833,0.6715919923736893,0.33841754051477596,0.4184938036224976,0.45007149666348906
DC18,DC4,DC18->DC4,0.0,0.0,0.0,0.0,61605.0,43771.0,0.0,0.0,0.0,97234.0,2405716.0,53463.0,2361945.0,55.182837952067466,0.19753086419753083,0.8876543209876543,0.5425925925925925,0.42516682554814106,0.1534795042897998,0.33841754051477596,0.8474737845567207,0.4498093422306959
DC30,DC12,DC30->DC12,0.0,0.0,0.0,0.0,30928.0,1036.0,0.0,0.0,0.0,156937.0,284822.0,155901.0,283786.0,424.4083011578915,0.6763888888888888,0.6597222222222222,0.6680555555555555,0.4118207816968541,0.44232602478551003,0.33841754051477596,0.572926596758818,0.4487130600571973
DC70,DC32,DC70->DC32,0.0,0.0,0.0,0.0,1249.0,541.0,0.0,0.0,0.0,2852.0,10275.0,2311.0,9734.0,22.264325323433894,0.7101851851851853,0.3603395061728395,0.5352623456790124,0.36344137273593896,0.12821734985700667,0.33841754051477596,0.9504289799809342,0.44762869399428024
DC34,DC9,DC34->DC9,0.0,0.0,0.0,0.0,7723.0,438.0,0.0,0.0,0.0,17871.0,1447351.0,17433.0,1446913.0,3343.255707754924,0.6189814814814814,0.9165123456790123,0.7677469135802468,0.38918017159199236,0.6677788369876072,0.33841754051477596,0.3746425166825548,0.4475810295519542
DC10,DC34,DC10->DC34,0.0,0.0,0.0,0.0,721.0,200.0,0.0,0.0,0.0,336532.0,1903.0,336332.0,1703.0,1690.1749999915492,0.8976851851851853,0.6189814814814814,0.7583333333333333,0.3560533841754051,0.6401334604385128,0.33841754051477596,0.4470924690181125,0.44718779790276453
DC10,DC21,DC10->DC21,0.0,0.0,0.0,0.0,541.0,29.0,0.0,0.0,0.0,336532.0,223.0,336503.0,194.0,11610.241378909992,0.8976851851851853,0.7339506172839506,0.8158179012345679,0.35152526215443275,0.8231649189704481,0.33841754051477596,0.2688274547187798,0.44679456625357483
DC48,DC12,DC48->DC12,0.0,0.0,0.0,0.0,18949.0,1330.0,0.0,0.0,0.0,201093.0,284822.0,199763.0,283492.0,363.34962405987716,0.666820987654321,0.6597222222222222,0.6632716049382716,0.4010962821734986,0.4270734032411821,0.33841754051477596,0.5900857959961868,0.4454361296472831
DC31,DC9,DC31->DC9,0.0,0.0,0.0,0.0,10124.0,781.0,0.0,0.0,0.0,58047.0,1447351.0,57266.0,1446570.0,1925.5262483970223,0.5600308641975309,0.9165123456790123,0.7382716049382716,0.39180171591992374,0.5948522402287894,0.33841754051477596,0.432793136320305,0.4448045757864633
DC4,DC38,DC4->DC38,0.0,0.0,0.0,0.0,35.0,14.0,0.0,0.0,0.0,65103.0,217.0,65089.0,203.0,4663.714285381163,0.8876543209876543,0.7305555555555555,0.8091049382716049,0.30672068636796945,0.8012392755004767,0.33841754051477596,0.34509056244041947,0.44469733079122975
DC26,DC65,DC26->DC65,0.0,0.0,0.0,0.0,26890.0,11121.0,0.0,0.0,0.0,179850.0,201281.0,168729.0,190160.0,32.27128855318476,0.6458333333333333,0.37870370370370365,0.5122685185185185,0.4089609151572926,0.08388941849380362,0.33841754051477596,0.9189704480457579,0.4446139180171592
DC41,DC12,DC41->DC12,0.0,0.0,0.0,0.0,14276.0,1936.0,0.0,0.0,0.0,62007.0,284822.0,60071.0,282886.0,177.14721074371016,0.5645061728395062,0.6597222222222222,0.6121141975308642,0.39632983794089605,0.328884652049571,0.33841754051477596,0.678741658722593,0.441384652049571
DC56,DC14,DC56->DC14,0.0,0.0,0.0,0.0,41634.0,825.0,0.0,0.0,0.0,6068.0,902659.0,5243.0,901834.0,1099.48727272594,0.4652777777777778,0.9246913580246913,0.6949845679012345,0.41849380362249755,0.4899904671115348,0.33841754051477596,0.4833174451858913,0.4405624404194471
DC28,DC12,DC28->DC12,0.0,0.0,0.0,0.0,11050.0,1018.0,0.0,0.0,0.0,212797.0,284822.0,211779.0,283804.0,486.8202357559069,0.684104938271605,0.6597222222222222,0.6719135802469136,0.39370829361296467,0.45090562440419446,0.33841754051477596,0.5567206863679695,0.440467111534795
DC43,DC12,DC43->DC12,0.0,0.0,0.0,0.0,6578.0,1601.0,0.0,0.0,0.0,145712.0,284822.0,144111.0,283221.0,266.9156777012699,0.6375,0.6597222222222222,0.648611111111111,0.386558627264061,0.3965681601525262,0.33841754051477596,0.6205910390848427,0.44034795042898
DC4,DC19,DC4->DC19,0.0,0.0,0.0,0.0,17.0,8.0,0.0,0.0,0.0,65103.0,30.0,65095.0,22.0,8139.6249989825465,0.8876543209876543,0.7584876543209877,0.823070987654321,0.29551954242135364,0.8469971401334604,0.33841754051477596,0.29551954242135364,0.4398236415633937
DC3,DC4,DC3->DC4,0.0,0.0,0.0,0.0,283.0,24.0,0.0,0.0,0.0,3492.0,2405716.0,3468.0,2405692.0,100381.6666624841,0.8919753086419754,0.8876543209876543,0.8898148148148148,0.3424690181124881,0.9709246901811249,0.33841754051477596,0.10486177311725453,0.4395734032411821
DC70,DC5,DC70->DC5,0.0,0.0,0.0,0.0,251.0,112.0,0.0,0.0,0.0,2852.0,693070.0,2740.0,692958.0,6211.589285658825,0.7101851851851853,0.8759259259259259,0.7930555555555556,0.33996663489037177,0.7497616777883699,0.33841754051477596,0.328884652049571,0.4394125357483317
DC19,DC65,DC19->DC65,0.0,0.0,0.0,0.0,9909.0,9577.0,0.0,0.0,0.0,801505.0,201281.0,791928.0,191704.0,102.70773728723998,0.7584876543209877,0.37870370370370365,0.5685956790123456,0.39156339370829363,0.24880838894184937,0.33841754051477596,0.7569113441372736,0.43923975214489985
DC16,DC14,DC16->DC14,0.0,0.0,0.0,0.0,19052.0,7817.0,0.0,0.0,0.0,39346.0,902659.0,31529.0,894842.0,118.50722783675086,0.21404320987654318,0.9246913580246913,0.5693672839506172,0.4015729265967588,0.25452812202097236,0.33841754051477596,0.7368922783603432,0.4391682554814109
DC41,DC35,DC41->DC35,0.0,0.0,0.0,0.0,24639.0,2033.0,0.0,0.0,0.0,62007.0,586705.0,59974.0,584672.0,317.0909985241923,0.5645061728395062,0.7146604938271605,0.6395833333333334,0.4075309818875119,0.3755958055290753,0.33841754051477596,0.6062917063870352,0.4388703527168732
DC35,DC5,DC35->DC5,0.0,0.0,0.0,0.0,252.0,104.0,0.0,0.0,0.0,8802.0,693070.0,8698.0,692966.0,6746.769230704358,0.7146604938271605,0.8759259259259259,0.7952932098765432,0.34032411820781694,0.7545281220209723,0.33841754051477596,0.32125834127740704,0.4388226882745472
DC26,DC64,DC26->DC64,0.0,0.0,0.0,0.0,25191.0,11493.0,0.0,0.0,0.0,179850.0,317231.0,168357.0,305738.0,41.2507613329817,0.6458333333333333,0.38518518518518513,0.5155092592592592,0.407769304099142,0.0905624404194471,0.33841754051477596,0.8903717826501429,0.4387154432793136
DC51,DC65,DC51->DC65,0.0,0.0,0.0,0.0,14713.0,6931.0,0.0,0.0,0.0,715715.0,201281.0,708784.0,194350.0,130.30356369930308,0.775,0.37870370370370365,0.5768518518518518,0.39656816015252616,0.2755004766444233,0.33841754051477596,0.7206863679694948,0.4386081982840801
DC40,DC3,DC40->DC3,0.0,0.0,0.0,0.0,3167.0,116.0,0.0,0.0,0.0,63832.0,727980.0,63716.0,727864.0,6823.965517182552,0.6654320987654321,0.8919753086419754,0.7787037037037037,0.3760724499523355,0.7040038131553861,0.33841754051477596,0.31935176358436607,0.4382268827454719
DC18,DC10,DC18->DC10,0.0,0.0,0.0,0.0,41245.0,27506.0,0.0,0.0,0.0,97234.0,2290621.0,69728.0,2263115.0,84.8121500763439,0.19753086419753083,0.8976851851851853,0.547608024691358,0.41825548141086744,0.1754051477597712,0.33841754051477596,0.786463298379409,0.43761916110581506
DC9,DC22,DC9->DC22,0.0,0.0,0.0,0.0,5.0,5.0,0.0,0.0,0.0,92175.0,137.0,92170.0,132.0,18460.39999630792,0.9165123456790123,0.7834876543209874,0.8499999999999999,0.2790753098188751,0.9223069590085796,0.33841754051477596,0.23355576739752146,0.4374046711153479
DC3,DC28,DC3->DC28,0.0,0.0,0.0,0.0,2.0,2.0,0.0,0.0,0.0,3492.0,10.0,3490.0,8.0,1748.9999991255,0.8919753086419754,0.684104938271605,0.7880401234567902,0.2631077216396568,0.7326024785510009,0.33841754051477596,0.4432793136320305,0.4368207816968541
DC30,DC65,DC30->DC65,0.0,0.0,0.0,0.0,38131.0,6456.0,0.0,0.0,0.0,156937.0,201281.0,150481.0,194825.0,53.48605947954562,0.6763888888888888,0.37870370370370365,0.5275462962962962,0.41706387035271686,0.10819828408007626,0.33841754051477596,0.8512869399428027,0.43660629170638704
DC4,DC35,DC4->DC35,0.0,0.0,0.0,0.0,124.0,90.0,0.0,0.0,0.0,65103.0,586705.0,65013.0,586615.0,7240.311111030663,0.8876543209876543,0.7146604938271605,0.8011574074074074,0.328884652049571,0.7735938989513823,0.33841754051477596,0.30791229742612014,0.43624880838894187
DC49,DC14,DC49->DC14,0.0,0.0,0.0,0.0,82069.0,6173.0,0.0,0.0,0.0,51664.0,902659.0,45491.0,896486.0,152.59630649600638,0.20833333333333331,0.9246913580246913,0.5665123456790123,0.4313632030505243,0.2402287893231649,0.33841754051477596,0.6978074356530028,0.4362488083889418
DC40,DC32,DC40->DC32,0.0,0.0,0.0,0.0,14833.0,1854.0,0.0,0.0,0.0,63832.0,10275.0,61978.0,8421.0,37.97141316071307,0.6654320987654321,0.3603395061728395,0.5128858024691358,0.3968064823641563,0.08531935176358436,0.33841754051477596,0.9008579599618685,0.4361892278360343
DC27,DC64,DC27->DC64,0.0,0.0,0.0,0.0,16136.0,10905.0,0.0,0.0,0.0,150106.0,317231.0,139201.0,306326.0,40.855295735897215,0.6430555555555555,0.38518518518518513,0.5141203703703703,0.39918970448045754,0.0886558627264061,0.33841754051477596,0.892278360343184,0.4357125834127741
DC35,DC62,DC35->DC62,0.0,0.0,0.0,0.0,461.0,143.0,0.0,0.0,0.0,8802.0,1059024.0,8659.0,1058881.0,7465.31468526248,0.7146604938271605,0.8708333333333331,0.7927469135802467,0.3486653956148713,0.7478551000953289,0.33841754051477596,0.3031458531935176,0.43554575786463295
DC12,DC23,DC12->DC23,0.0,0.0,0.0,0.0,11.0,11.0,0.0,0.0,0.0,916.0,5277.0,905.0,5266.0,560.999999949,0.6597222222222222,0.8141975308641975,0.7369598765432099,0.28860819828408,0.5915157292659676,0.33841754051477596,0.5433746425166825,0.43549809342230694
DC48,DC40,DC48->DC40,0.0,0.0,0.0,0.0,6029.0,666.0,0.0,0.0,0.0,201093.0,97443.0,200427.0,96777.0,446.2522522515822,0.666820987654321,0.6654320987654321,0.6661265432098765,0.3856053384175405,0.43469971401334606,0.33841754051477596,0.5643469971401335,0.43548617731172545
DC45,DC12,DC45->DC12,0.0,0.0,0.0,0.0,24339.0,1568.0,0.0,0.0,0.0,57400.0,284822.0,55832.0,283254.0,216.25382653047433,0.5515432098765432,0.6597222222222222,0.6056327160493826,0.4070543374642517,0.32411820781696854,0.33841754051477596,0.6425166825548141,0.4348903717826501
DC10,DC30,DC10->DC30,0.0,0.0,0.0,0.0,328.0,50.0,0.0,0.0,0.0,336532.0,287.0,336482.0,237.0,6734.379999865313,0.8976851851851853,0.6763888888888888,0.787037037037037,0.3441372735938989,0.73069590085796,0.33841754051477596,0.32221163012392756,0.4344375595805529
DC27,DC40,DC27->DC40,0.0,0.0,0.0,0.0,5424.0,657.0,0.0,0.0,0.0,150106.0,97443.0,149449.0,96786.0,374.78691019729865,0.6430555555555555,0.6654320987654321,0.6542438271604938,0.3839370829361296,0.41086749285033364,0.33841754051477596,0.5824594852240229,0.4334723546234509
DC35,DC14,DC35->DC14,0.0,0.0,0.0,0.0,659.0,29.0,0.0,0.0,0.0,8802.0,902659.0,8773.0,902630.0,31427.6896540887,0.7146604938271605,0.9246913580246913,0.8196759259259259,0.353908484270734,0.838417540514776,0.33841754051477596,0.19637750238322213,0.43332936129647287
DC20,DC40,DC20->DC40,0.0,0.0,0.0,0.0,2848.0,460.0,0.0,0.0,0.0,422975.0,97443.0,422515.0,96983.0,1129.3434782584145,0.7592592592592592,0.6654320987654321,0.7123456790123457,0.37464251668255477,0.5233555767397522,0.33841754051477596,0.48141086749285034,0.4330791229742612
DC49,DC5,DC49->DC5,0.0,0.0,0.0,0.0,85186.0,7794.0,0.0,0.0,0.0,51664.0,693070.0,43870.0,685276.0,93.55221965613374,0.20833333333333331,0.8759259259259259,0.5421296296296296,0.4325548141086749,0.15061963775023832,0.33841754051477596,0.7702573879885606,0.43237607244995235
DC21,DC40,DC21->DC40,0.0,0.0,0.0,0.0,4104.0,430.0,0.0,0.0,0.0,360996.0,97443.0,360566.0,97013.0,1064.1372092998508,0.7339506172839506,0.6654320987654321,0.6996913580246913,0.38012392755004765,0.505719733079123,0.33841754051477596,0.4871306005719733,0.4320185891325071
DC15,DC12,DC15->DC12,0.0,0.0,0.0,0.0,10591.0,393.0,0.0,0.0,0.0,357552.0,284822.0,357159.0,284429.0,1632.5394401994083,0.7561728395061729,0.6597222222222222,0.7079475308641976,0.3925166825548141,0.5157292659675882,0.33841754051477596,0.45090562440419446,0.429802192564347
DC59,DC40,DC59->DC40,0.0,0.0,0.0,0.0,4045.0,821.0,0.0,0.0,0.0,56054.0,97443.0,55233.0,96622.0,184.96345919587702,0.5287037037037037,0.6654320987654321,0.5970679012345679,0.37988560533841753,0.3126787416587226,0.33841754051477596,0.6701620591039085,0.4294327931363203
DC10,DC19,DC10->DC19,0.0,0.0,0.0,0.0,33.0,14.0,0.0,0.0,0.0,336532.0,30.0,336518.0,16.0,24038.142855425845,0.8976851851851853,0.7584876543209877,0.8280864197530865,0.30517159199237365,0.8689227836034319,0.33841754051477596,0.21830314585319352,0.4293791706387035
DC70,DC8,DC70->DC8,0.0,0.0,0.0,0.0,611.0,170.0,0.0,0.0,0.0,2852.0,2130508.0,2682.0,2130338.0,12547.176470514429,0.7101851851851853,0.8814814814814814,0.7958333333333334,0.3529551954242135,0.7573879885605338,0.33841754051477596,0.2612011439466158,0.4289442326024785
DC5,DC20,DC5->DC20,0.0,0.0,0.0,0.0,4.0,4.0,0.0,0.0,0.0,32737.0,84.0,32733.0,80.0,8203.249997949188,0.8759259259259259,0.7592592592592592,0.8175925925925925,0.27514299332697806,0.832697807435653,0.33841754051477596,0.2945662535748332,0.4288786939942803
DC12,DC35,DC12->DC35,0.0,0.0,0.0,0.0,12265.0,548.0,0.0,0.0,0.0,916.0,586705.0,368.0,586157.0,1070.3010948885578,0.6597222222222222,0.7146604938271605,0.6871913580246913,0.39466158245948524,0.47330791229742614,0.33841754051477596,0.4861773117254528,0.428765490943756
DC31,DC12,DC31->DC12,0.0,0.0,0.0,0.0,24496.0,1123.0,0.0,0.0,0.0,58047.0,284822.0,56924.0,283699.0,303.3152270700772,0.5600308641975309,0.6597222222222222,0.6098765432098765,0.4072926596758818,0.3260247855100095,0.33841754051477596,0.6110581506196378,0.42758579599618685
DC28,DC64,DC28->DC64,0.0,0.0,0.0,0.0,13846.0,7946.0,0.0,0.0,0.0,212797.0,317231.0,204851.0,309285.0,64.70375031461556,0.684104938271605,0.38518518518518513,0.5346450617283951,0.39609151572926593,0.12488083889418494,0.33841754051477596,0.8274547187797903,0.4274785510009533
DC4,DC70,DC4->DC70,0.0,0.0,0.0,0.0,83.0,40.0,0.0,0.0,0.0,65103.0,280449.0,65063.0,280409.0,8636.799999784082,0.8876543209876543,0.7101851851851853,0.7989197530864198,0.3222116301239275,0.7640610104861774,0.33841754051477596,0.2897998093422307,0.42700190657769305
DC10,DC38,DC10->DC38,0.0,0.0,0.0,0.0,132.0,15.0,0.0,0.0,0.0,336532.0,217.0,336517.0,202.0,22447.933331836804,0.8976851851851853,0.7305555555555555,0.8141203703703703,0.33007626310772165,0.8164918970448046,0.33841754051477596,0.223069590085796,0.42617969494756913
DC35,DC30,DC35->DC30,0.0,0.0,0.0,0.0,61.0,19.0,0.0,0.0,0.0,8802.0,287.0,8783.0,268.0,476.3684210275596,0.7146604938271605,0.6763888888888888,0.6955246913580246,0.3176835081029552,0.494280266920877,0.33841754051477596,0.559580552907531,0.4254170638703527
DC10,DC20,DC10->DC20,0.0,0.0,0.0,0.0,34.0,11.0,0.0,0.0,0.0,336532.0,84.0,336521.0,73.0,30599.45454267278,0.8976851851851853,0.7592592592592592,0.8284722222222223,0.3060057197330791,0.8717826501429933,0.33841754051477596,0.1982840800762631,0.4253813155386082
DC35,DC9,DC35->DC9,0.0,0.0,0.0,0.0,219.0,52.0,0.0,0.0,0.0,8802.0,1447351.0,8750.0,1447299.0,28000.94230715383,0.7146604938271605,0.9165123456790123,0.8155864197530864,0.33722592945662533,0.821258341277407,0.33841754051477596,0.2049571020019066,0.4253455672068637
DC4,DC9,DC4->DC9,0.0,0.0,0.0,0.0,42.0,9.0,0.0,0.0,0.0,65103.0,1447351.0,65094.0,1447342.0,168048.44442577238,0.8876543209876543,0.9165123456790123,0.9020833333333333,0.3100571973307912,0.9861773117254529,0.33841754051477596,0.07626310772163966,0.4248927550047664
DC26,DC40,DC26->DC40,0.0,0.0,0.0,0.0,2106.0,600.0,0.0,0.0,0.0,179850.0,97443.0,179250.0,96843.0,460.1549999992331,0.6458333333333333,0.6654320987654321,0.6556327160493827,0.3708293612964728,0.41468064823641565,0.33841754051477596,0.561487130600572,0.4245948522402288
DC73,DC35,DC73->DC35,0.0,0.0,0.0,0.0,1456.0,782.0,0.0,0.0,0.0,352936.0,586705.0,352154.0,585923.0,1199.5869565202051,0.6802469135802469,0.7146604938271605,0.6974537037037036,0.36653956148713057,0.5014299332697807,0.33841754051477596,0.47855100095328884,0.42404671115347947
DC40,DC8,DC40->DC8,0.0,0.0,0.0,0.0,2115.0,248.0,0.0,0.0,0.0,63832.0,2130508.0,63584.0,2130260.0,8846.145161254653,0.6654320987654321,0.8814814814814814,0.7734567901234568,0.37130600571973305,0.6858913250714966,0.33841754051477596,0.2869399428026692,0.42392755004766447
DC31,DC3,DC31->DC3,0.0,0.0,0.0,0.0,10965.0,226.0,0.0,0.0,0.0,58047.0,727980.0,57821.0,727754.0,3475.9955752058586,0.5600308641975309,0.8919753086419754,0.7260030864197531,0.39346997140133455,0.5662535748331744,0.33841754051477596,0.37178265014299333,0.42298617731172544
DC5,DC40,DC5->DC40,0.0,0.0,0.0,0.0,107.0,28.0,0.0,0.0,0.0,32737.0,97443.0,32709.0,97415.0,4647.28571411974,0.8759259259259259,0.6654320987654321,0.770679012345679,0.32566730219256435,0.6792183031458532,0.33841754051477596,0.3479504289799809,0.4215383698760724
DC12,DC14,DC12->DC14,0.0,0.0,0.0,0.0,946.0,48.0,0.0,0.0,0.0,916.0,902659.0,868.0,902611.0,18822.479166274534,0.6597222222222222,0.9246913580246913,0.7922067901234567,0.36010486177311724,0.7459485224022879,0.33841754051477596,0.23260247855100094,0.42143708293612964
DC28,DC65,DC28->DC65,0.0,0.0,0.0,0.0,15160.0,5355.0,0.0,0.0,0.0,212797.0,201281.0,207442.0,195926.0,75.32549019606437,0.684104938271605,0.37870370370370365,0.5314043209876543,0.39728312678741656,0.11725452812202097,0.33841754051477596,0.8045757864632984,0.42026930409914204
DC9,DC23,DC9->DC23,0.0,0.0,0.0,0.0,2.0,2.0,0.0,0.0,0.0,92175.0,5277.0,92173.0,5275.0,48723.999975638,0.9165123456790123,0.8141975308641975,0.8653549382716049,0.2631077216396568,0.9413727359389895,0.33841754051477596,0.16491897044804577,0.4194232602478551
DC70,DC10,DC70->DC10,0.0,0.0,0.0,0.0,764.0,65.0,0.0,0.0,0.0,2852.0,2290621.0,2787.0,2290556.0,35282.199999457196,0.7101851851851853,0.8976851851851853,0.8039351851851853,0.35772163965681597,0.7840800762631077,0.33841754051477596,0.18875119161105816,0.4191730219256435
DC15,DC40,DC15->DC40,0.0,0.0,0.0,0.0,2113.0,220.0,0.0,0.0,0.0,357552.0,97443.0,357332.0,97223.0,2066.1590908996995,0.7561728395061729,0.6654320987654321,0.7108024691358025,0.37106768350810293,0.5214489990467112,0.33841754051477596,0.42897998093422307,0.41824356530028595
DC12,DC9,DC12->DC9,0.0,0.0,0.0,0.0,708.0,71.0,0.0,0.0,0.0,916.0,1447351.0,845.0,1447280.0,20396.12676027611,0.6597222222222222,0.9165123456790123,0.7881172839506172,0.3555767397521449,0.734509056244042,0.33841754051477596,0.22974261201143947,0.41627740705433747
DC16,DC4,DC16->DC4,0.0,0.0,0.0,0.0,80319.0,13017.0,0.0,0.0,0.0,39346.0,2405716.0,26329.0,2392699.0,185.83606053620758,0.21404320987654318,0.8876543209876543,0.5508487654320987,0.4306482364156339,0.18875119161105816,0.33841754051477596,0.669208770257388,0.4159795042897998
DC16,DC10,DC16->DC10,0.0,0.0,0.0,0.0,33755.0,12672.0,0.0,0.0,0.0,39346.0,2290621.0,26674.0,2277949.0,181.86734532826847,0.21404320987654318,0.8976851851851853,0.5558641975308642,0.41396568160152525,0.20591039084842708,0.33841754051477596,0.6739752144899904,0.4156220209723546
DC5,DC12,DC5->DC12,0.0,0.0,0.0,0.0,240.0,45.0,0.0,0.0,0.0,32737.0,284822.0,32692.0,284777.0,7054.866666509893,0.8759259259259259,0.6597222222222222,0.767824074074074,0.3393708293612965,0.6696854146806482,0.33841754051477596,0.3126787416587226,0.4151334604385129
DC10,DC25,DC10->DC25,0.0,0.0,0.0,0.0,9.0,4.0,0.0,0.0,0.0,336532.0,402.0,336528.0,398.0,84231.49997894213,0.8976851851851853,0.8162037037037037,0.8569444444444445,0.2859866539561487,0.9356530028598665,0.33841754051477596,0.11820781696854146,0.4143231649189704
DC40,DC21,DC40->DC21,0.0,0.0,0.0,0.0,68.0,68.0,0.0,0.0,0.0,63832.0,223.0,63764.0,155.0,939.9852941038237,0.6654320987654321,0.7339506172839506,0.6996913580246913,0.3200667302192564,0.505719733079123,0.33841754051477596,0.49761677788369874,0.4136201143946615
DC50,DC40,DC50->DC40,0.0,0.0,0.0,0.0,3687.0,322.0,0.0,0.0,0.0,141641.0,97443.0,141319.0,97121.0,740.4968944076383,0.6385802469135802,0.6654320987654321,0.6520061728395061,0.3782173498570066,0.4051477597712107,0.33841754051477596,0.5166825548141086,0.41359628217349853
DC14,DC36,DC14->DC36,0.0,0.0,0.0,0.0,49.0,9.0,0.0,0.0,0.0,1575798.0,240.0,1575789.0,231.0,175113.3333138763,0.9246913580246913,0.8058641975308642,0.8652777777777778,0.3129170638703527,0.9394661582459485,0.33841754051477596,0.07340324118207817,0.4135009532888465
DC9,DC51,DC9->DC51,0.0,0.0,0.0,0.0,2.0,2.0,0.0,0.0,0.0,92175.0,4.0,92173.0,2.0,46087.49997695625,0.9165123456790123,0.775,0.8457561728395062,0.2631077216396568,0.9099142040038132,0.33841754051477596,0.16968541468064824,0.4127502383222116
DC3,DC30,DC3->DC30,0.0,0.0,0.0,0.0,1.0,1.0,0.0,0.0,0.0,3492.0,287.0,3491.0,286.0,3776.9999962229995,0.8919753086419754,0.6763888888888888,0.7841820987654321,0.2565538608198284,0.724976167778837,0.33841754051477596,0.36320305052430885,0.4126012869399428
DC72,DC14,DC72->DC14,0.0,0.0,0.0,0.0,21436.0,3305.0,0.0,0.0,0.0,17091.0,902659.0,13786.0,899354.0,276.29046898630065,0.21959876543209875,0.9246913580246913,0.572145061728395,0.4037178265014299,0.2640610104861773,0.33841754051477596,0.6177311725452812,0.41251191611058147
DC56,DC8,DC56->DC8,0.0,0.0,0.0,0.0,32547.0,945.0,0.0,0.0,0.0,6068.0,2130508.0,5123.0,2129563.0,2258.9269841245937,0.4652777777777778,0.8814814814814814,0.6733796296296296,0.41229742612011433,0.45376549094375596,0.33841754051477596,0.41468064823641565,0.4121782650142993
DC37,DC5,DC37->DC5,0.0,0.0,0.0,0.0,36393.0,3431.0,0.0,0.0,0.0,10122.0,693070.0,6691.0,689639.0,202.95249198478493,0.23888888888888887,0.8759259259259259,0.5574074074074074,0.4163489037178265,0.20972354623450906,0.33841754051477596,0.6530028598665396,0.41216634890371784
DC9,DC19,DC9->DC19,0.0,0.0,0.0,0.0,4.0,2.0,0.0,0.0,0.0,92175.0,30.0,92173.0,28.0,46100.49997694975,0.9165123456790123,0.7584876543209877,0.8375,0.27514299332697806,0.8889418493803622,0.33841754051477596,0.16873212583412775,0.4114811725452812
DC5,DC19,DC5->DC19,0.0,0.0,0.0,0.0,2.0,2.0,0.0,0.0,0.0,32737.0,30.0,32735.0,28.0,16381.499991809249,0.8759259259259259,0.7584876543209877,0.8172067901234568,0.2631077216396568,0.8288846520495711,0.33841754051477596,0.2449952335557674,0.4113203050524309
DC14,DC22,DC14->DC22,0.0,0.0,0.0,0.0,46.0,9.0,0.0,0.0,0.0,1575798.0,137.0,1575789.0,128.0,175101.8888694331,0.9246913580246913,0.7834876543209874,0.8540895061728393,0.3114871306005719,0.9308865586272641,0.33841754051477596,0.07435653002859867,0.41109389895138226
DC31,DC64,DC31->DC64,0.0,0.0,0.0,0.0,19174.0,5932.0,0.0,0.0,0.0,58047.0,317231.0,52115.0,311299.0,61.26331759945022,0.5600308641975309,0.38518518518518513,0.472608024691358,0.40204957102001904,0.042897998093422304,0.33841754051477596,0.8350810295519543,0.4109747378455672
DC37,DC14,DC37->DC14,0.0,0.0,0.0,0.0,35754.0,2216.0,0.0,0.0,0.0,10122.0,902659.0,7906.0,900443.0,409.90478339331685,0.23888888888888887,0.9246913580246913,0.58179012345679,0.41539561487130594,0.2840800762631077,0.33841754051477596,0.5748331744518589,0.4108794089609151
DC56,DC9,DC56->DC9,0.0,0.0,0.0,0.0,23316.0,495.0,0.0,0.0,0.0,6068.0,1447351.0,5573.0,1446856.0,2934.199999994072,0.4652777777777778,0.9165123456790123,0.6908950617283951,0.4063393708293613,0.4852240228789323,0.33841754051477596,0.3851286939942803,0.41056959008579597
DC62,DC20,DC62->DC20,0.0,0.0,0.0,0.0,31.0,6.0,0.0,0.0,0.0,195979.0,84.0,195973.0,78.0,32675.166661220806,0.8708333333333331,0.7592592592592592,0.8150462962962961,0.30386081982840796,0.819351763584366,0.33841754051477596,0.19447092469018112,0.41056959008579597
DC5,DC30,DC5->DC30,0.0,0.0,0.0,0.0,12.0,6.0,0.0,0.0,0.0,32737.0,287.0,32731.0,281.0,5501.999999083,0.8759259259259259,0.6763888888888888,0.7761574074074074,0.2900381315538608,0.6944709246901811,0.33841754051477596,0.3374642516682555,0.41025977121067686
DC5,DC15,DC5->DC15,0.0,0.0,0.0,0.0,2.0,2.0,0.0,0.0,0.0,32737.0,335.0,32735.0,333.0,16533.999991733,0.8759259259259259,0.7561728395061729,0.8160493827160493,0.2631077216396568,0.8260247855100096,0.33841754051477596,0.2430886558627264,0.41012869399428026
DC14,DC21,DC14->DC21,0.0,0.0,0.0,0.0,90.0,17.0,0.0,0.0,0.0,1575798.0,223.0,1575781.0,206.0,92705.11764160558,0.9246913580246913,0.7339506172839506,0.8293209876543209,0.3235224022878932,0.8736892278360343,0.33841754051477596,0.109628217349857,0.40982483317445184
DC62,DC9,DC62->DC9,0.0,0.0,0.0,0.0,12.0,7.0,0.0,0.0,0.0,195979.0,1447351.0,195972.0,1447344.0,234759.4285378915,0.8708333333333331,0.9165123456790123,0.8936728395061727,0.2900381315538608,0.9747378455672069,0.33841754051477596,0.055290753098188754,0.4097831267874166
DC10,DC17,DC10->DC17,0.0,0.0,0.0,0.0,18.0,5.0,0.0,0.0,0.0,336532.0,103.0,336527.0,98.0,67324.999986535,0.8976851851851853,0.7677469135802468,0.832716049382716,0.29611534795042893,0.8813155386081983,0.33841754051477596,0.13918017159199236,0.40952693040991417
DC32,DC40,DC32->DC40,0.0,0.0,0.0,0.0,5199.0,1323.0,0.0,0.0,0.0,1426.0,97443.0,103.0,96120.0,72.73091458800248,0.3603395061728395,0.6654320987654321,0.5128858024691358,0.38322211630123926,0.08531935176358436,0.33841754051477596,0.8102955195424214,0.4087940896091516
DC70,DC62,DC70->DC62,0.0,0.0,0.0,0.0,348.0,39.0,0.0,0.0,0.0,2852.0,1059024.0,2813.0,1058985.0,27225.589742891654,0.7101851851851853,0.8708333333333331,0.7905092592592592,0.3454480457578646,0.7383222116301239,0.33841754051477596,0.20972354623450906,0.4086808865586272
DC49,DC3,DC49->DC3,0.0,0.0,0.0,0.0,72008.0,3615.0,0.0,0.0,0.0,51664.0,727980.0,48049.0,724365.0,213.66915629316358,0.20833333333333331,0.8919753086419754,0.5501543209876544,0.42897998093422307,0.18589132507149667,0.33841754051477596,0.6444232602478551,0.4084842707340324
DC34,DC3,DC34->DC3,0.0,0.0,0.0,0.0,1264.0,85.0,0.0,0.0,0.0,17871.0,727980.0,17786.0,727895.0,8772.717646955614,0.6189814814814814,0.8919753086419754,0.7554783950617283,0.3639180171591992,0.6320305052430887,0.33841754051477596,0.2888465204957102,0.4083531935176359
DC14,DC34,DC14->DC34,0.0,0.0,0.0,0.0,490.0,116.0,0.0,0.0,0.0,1575798.0,1903.0,1575682.0,1787.0,13598.87068953794,0.9246913580246913,0.6189814814814814,0.7718364197530863,0.34938036224976166,0.6839847473784557,0.33841754051477596,0.25643469971401334,0.40815061963775023
DC54,DC37,DC54->DC37,0.0,0.0,0.0,0.0,32.0,32.0,0.0,0.0,0.0,85.0,136.0,53.0,104.0,4.90624999984668,0.1611111111111111,0.23888888888888887,0.19999999999999998,0.3044566253574833,0.0023832221163012394,0.33841754051477596,0.998093422306959,0.4074416110581506
DC14,DC20,DC14->DC20,0.0,0.0,0.0,0.0,26.0,15.0,0.0,0.0,0.0,1575798.0,84.0,1575783.0,69.0,105056.79999299621,0.9246913580246913,0.7592592592592592,0.8419753086419752,0.30076263107721635,0.9013346043851287,0.33841754051477596,0.10295519542421354,0.4071020019065777
DC35,DC10,DC35->DC10,0.0,0.0,0.0,0.0,450.0,35.0,0.0,0.0,0.0,8802.0,2290621.0,8767.0,2290586.0,65695.79999812298,0.7146604938271605,0.8976851851851853,0.8061728395061729,0.34842707340324114,0.7945662535748331,0.33841754051477596,0.14299332697807435,0.40710200190657764
DC9,DC40,DC9->DC40,0.0,0.0,0.0,0.0,43.0,12.0,0.0,0.0,0.0,92175.0,97443.0,92163.0,97431.0,15799.499998683375,0.9165123456790123,0.6654320987654321,0.7909722222222222,0.3107721639656816,0.7421353670162059,0.33841754051477596,0.24785510009532888,0.40703050524308865
DC8,DC25,DC8->DC25,0.0,0.0,0.0,0.0,3.0,3.0,0.0,0.0,0.0,218287.0,402.0,218284.0,399.0,72894.33330903522,0.8814814814814814,0.8162037037037037,0.8488425925925925,0.26978074356530024,0.9175405147759771,0.33841754051477596,0.12774070543374644,0.4065061963775024
DC18,DC62,DC18->DC62,0.0,0.0,0.0,0.0,15850.0,9843.0,0.0,0.0,0.0,97234.0,1059024.0,87391.0,1049181.0,115.47008026007157,0.19753086419753083,0.8708333333333331,0.534182098765432,0.3982364156339371,0.12392755004766444,0.33841754051477596,0.7407054337464252,0.40630362249761676
DC35,DC8,DC35->DC8,0.0,0.0,0.0,0.0,375.0,50.0,0.0,0.0,0.0,8802.0,2130508.0,8752.0,2130458.0,42784.199999144315,0.7146604938271605,0.8814814814814814,0.7980709876543209,0.3467588179218303,0.7612011439466159,0.33841754051477596,0.17349857006673022,0.4058031458531935
DC11,DC10,DC11->DC10,0.0,0.0,0.0,0.0,116419.0,9190.0,0.0,0.0,0.0,15788.0,2290621.0,6598.0,2281431.0,248.96942328615353,0.19969135802469132,0.8976851851851853,0.5486882716049383,0.43708293612964727,0.1811248808388942,0.33841754051477596,0.6234509056244042,0.40488560533841755
DC62,DC17,DC62->DC17,0.0,0.0,0.0,0.0,8.0,5.0,0.0,0.0,0.0,195979.0,103.0,195974.0,98.0,39214.399992157116,0.8708333333333331,0.7677469135802468,0.81929012345679,0.28455672068636795,0.836510962821735,0.33841754051477596,0.1811248808388942,0.40476644423260244
DC62,DC22,DC62->DC22,0.0,0.0,0.0,0.0,12.0,3.0,0.0,0.0,0.0,195979.0,137.0,195976.0,134.0,65369.99997821,0.8708333333333331,0.7834876543209874,0.8271604938271603,0.2900381315538608,0.8632030505243089,0.33841754051477596,0.14585319351763584,0.40454003813155387
DC56,DC10,DC56->DC10,0.0,0.0,0.0,0.0,11277.0,821.0,0.0,0.0,0.0,6068.0,2290621.0,5247.0,2289800.0,2795.4287454289947,0.4652777777777778,0.8976851851851853,0.6814814814814816,0.39394661582459484,0.4718779790276454,0.33841754051477596,0.3908484270734032,0.40432554814108673
DC40,DC22,DC40->DC22,0.0,0.0,0.0,0.0,53.0,28.0,0.0,0.0,0.0,63832.0,137.0,63804.0,109.0,2282.607142775621,0.6654320987654321,0.7834876543209874,0.7244598765432098,0.3144661582459485,0.5610104861773118,0.33841754051477596,0.4127740705433746,0.40427192564347
DC56,DC3,DC56->DC3,0.0,0.0,0.0,0.0,18661.0,248.0,0.0,0.0,0.0,6068.0,727980.0,5820.0,727732.0,2957.8709677300085,0.4652777777777778,0.8919753086419754,0.6786265432098766,0.4003813155386082,0.4671115347950429,0.33841754051477596,0.3841754051477598,0.4037178265014299
DC5,DC51,DC5->DC51,0.0,0.0,0.0,0.0,1.0,1.0,0.0,0.0,0.0,32737.0,4.0,32736.0,3.0,32738.999967260996,0.8759259259259259,0.775,0.825462962962963,0.2565538608198284,0.8584366062917064,0.33841754051477596,0.19351763584366063,0.4035450428979981
DC11,DC14,DC11->DC14,0.0,0.0,0.0,0.0,22668.0,2947.0,0.0,0.0,0.0,15788.0,902659.0,12841.0,899712.0,309.65490329137776,0.19969135802469132,0.9246913580246913,0.5621913580246913,0.40538608198284076,0.22831267874165873,0.33841754051477596,0.6091515729265967,0.4020138226882745
DC34,DC32,DC34->DC32,0.0,0.0,0.0,0.0,3732.0,410.0,0.0,0.0,0.0,17871.0,10275.0,17461.0,9865.0,66.64878048764233,0.6189814814814814,0.3603395061728395,0.4896604938271604,0.3784556720686368,0.05433746425166826,0.33841754051477596,0.8188751191611058,0.4015252621544328
DC35,DC3,DC35->DC3,0.0,0.0,0.0,0.0,108.0,15.0,0.0,0.0,0.0,8802.0,727980.0,8787.0,727965.0,49116.799996725545,0.7146604938271605,0.8919753086419754,0.8033179012345679,0.3260247855100095,0.7821734985700667,0.33841754051477596,0.16301239275500476,0.40116777883698757
DC9,DC48,DC9->DC48,0.0,0.0,0.0,0.0,7.0,7.0,0.0,0.0,0.0,92175.0,67.0,92168.0,60.0,13175.428569546368,0.9165123456790123,0.666820987654321,0.7916666666666666,0.2831267874165872,0.7440419447092469,0.33841754051477596,0.2583412774070543,0.4004528122020972
DC35,DC4,DC35->DC4,0.0,0.0,0.0,0.0,591.0,34.0,0.0,0.0,0.0,8802.0,2405716.0,8768.0,2405682.0,71013.23529202903,0.7146604938271605,0.8876543209876543,0.8011574074074074,0.35247855100095327,0.7735938989513823,0.33841754051477596,0.1315538608198284,0.4004170638703527
DC3,DC35,DC3->DC35,0.0,0.0,0.0,0.0,43.0,14.0,0.0,0.0,0.0,3492.0,586705.0,3478.0,586691.0,42154.928568417505,0.8919753086419754,0.7146604938271605,0.8033179012345679,0.3107721639656816,0.7821734985700667,0.33841754051477596,0.1744518589132507,0.3986892278360343
DC3,DC8,DC3->DC8,0.0,0.0,0.0,0.0,20.0,3.0,0.0,0.0,0.0,3492.0,2130508.0,3489.0,2130505.0,711331.3330962228,0.8919753086419754,0.8814814814814814,0.8867283950617284,0.29706863679694945,0.9652049571020019,0.33841754051477596,0.010486177311725452,0.39865943755958055
DC23,DC81,DC23->DC81,0.0,0.0,0.0,0.0,6934.0,2581.0,0.0,0.0,0.0,810066.0,32374.0,807485.0,29793.0,324.400619914636,0.8141975308641975,0.32129629629629625,0.5677469135802469,0.38751191611058144,0.2440419447092469,0.33841754051477596,0.6034318398474738,0.39826024785510006
DC14,DC25,DC14->DC25,0.0,0.0,0.0,0.0,8.0,5.0,0.0,0.0,0.0,1575798.0,402.0,1575793.0,397.0,315237.9999369524,0.9246913580246913,0.8162037037037037,0.8704475308641975,0.28455672068636795,0.9470924690181125,0.33841754051477596,0.04003813155386082,0.3971401334604385
DC9,DC62,DC9->DC62,0.0,0.0,0.0,0.0,6.0,2.0,0.0,0.0,0.0,92175.0,1059024.0,92173.0,1059022.0,575597.4997122012,0.9165123456790123,0.8708333333333331,0.8936728395061727,0.2813393708293613,0.9747378455672069,0.33841754051477596,0.01334604385128694,0.3962523832221163
DC43,DC40,DC43->DC40,0.0,0.0,0.0,0.0,1037.0,195.0,0.0,0.0,0.0,145712.0,97443.0,145517.0,97248.0,1244.9487179423336,0.6375,0.6654320987654321,0.651466049382716,0.36129647283126787,0.4013346043851287,0.33841754051477596,0.4747378455672069,0.396234509056244
DC56,DC40,DC56->DC40,0.0,0.0,0.0,0.0,907.0,455.0,0.0,0.0,0.0,6068.0,97443.0,5613.0,96988.0,225.4967032962077,0.4652777777777778,0.6654320987654321,0.565354938271605,0.3591515729265967,0.23736892278360344,0.33841754051477596,0.6358436606291706,0.39476882745471875
DC9,DC32,DC9->DC32,0.0,0.0,0.0,0.0,689.0,120.0,0.0,0.0,0.0,92175.0,10275.0,92055.0,10155.0,851.7499999929021,0.9165123456790123,0.3603395061728395,0.638425925925926,0.35462345090562436,0.37178265014299333,0.33841754051477596,0.5052430886558628,0.39413727359389894
DC74,DC9,DC74->DC9,0.0,0.0,0.0,0.0,40503.0,3862.0,0.0,0.0,0.0,6649.0,1447351.0,2787.0,1443489.0,374.4888658725079,0.1942901234567901,0.9165123456790123,0.5554012345679011,0.4177788369876072,0.20400381315538607,0.33841754051477596,0.5834127740705434,0.39383937082936127
DC67,DC12,DC67->DC12,0.0,0.0,0.0,0.0,16101.0,2979.0,0.0,0.0,0.0,5308.0,284822.0,2329.0,281843.0,95.39174219533555,0.28564814814814815,0.6597222222222222,0.4726851851851852,0.3989513822688274,0.04432793136320305,0.33841754051477596,0.7683508102955195,0.39356530028598663
DC77,DC6,DC77->DC6,0.0,0.0,0.0,0.0,2.0,2.0,0.0,0.0,0.0,2.0,10.0,0.0,8.0,3.999999998,0.14336419753086418,0.19999999999999998,0.17168209876543208,0.2631077216396568,0.0009532888465204957,0.33841754051477596,1.0,0.3930886558627264
DC14,DC17,DC14->DC17,0.0,0.0,0.0,0.0,16.0,5.0,0.0,0.0,0.0,1575798.0,103.0,1575793.0,98.0,315178.1999369644,0.9246913580246913,0.7677469135802468,0.8462191358024691,0.29444709246901807,0.9127740705433747,0.33841754051477596,0.04099142040038131,0.39226048617731174
DC12,DC40,DC12->DC40,0.0,0.0,0.0,0.0,264.0,66.0,0.0,0.0,0.0,916.0,97443.0,850.0,97377.0,1488.287878765329,0.6597222222222222,0.6654320987654321,0.6625771604938271,0.34080076263107717,0.42469018112488083,0.33841754051477596,0.46234509056244044,0.3918017159199237
DC64,DC8,DC64->DC8,0.0,0.0,0.0,0.0,2735.0,1696.0,0.0,0.0,0.0,3381.0,2130508.0,1685.0,2128812.0,1256.189268867184,0.38518518518518513,0.8814814814814814,0.6333333333333333,0.37416587225929454,0.3627264061010486,0.33841754051477596,0.47378455672068637,0.3908484270734032
DC46,DC81,DC46->DC81,0.0,0.0,0.0,0.0,5169.0,1751.0,0.0,0.0,0.0,211065.0,32374.0,209314.0,30623.0,137.02855511128666,0.7342592592592593,0.32129629629629625,0.5277777777777778,0.382745471877979,0.11058150619637751,0.33841754051477596,0.7121067683508103,0.39039561487130603
DC10,DC60,DC10->DC60,0.0,0.0,0.0,0.0,59.0,59.0,0.0,0.0,0.0,336532.0,59.0,336473.0,0.0,5702.932203293171,0.8976851851851853,0.5694444444444444,0.7335648148148148,0.3167302192564347,0.5795996186844614,0.33841754051477596,0.334604385128694,0.39016920877025735
DC59,DC64,DC59->DC64,0.0,0.0,0.0,0.0,11931.0,3921.0,0.0,0.0,0.0,56054.0,317231.0,52133.0,313310.0,93.20147921446232,0.5287037037037037,0.38518518518518513,0.4569444444444444,0.39418493803622495,0.032411820781696854,0.33841754051477596,0.773117254528122,0.39010962821734985
DC67,DC34,DC67->DC34,0.0,0.0,0.0,0.0,151.0,144.0,0.0,0.0,0.0,5308.0,1903.0,5164.0,1759.0,48.07638888855503,0.28564814814814815,0.6189814814814814,0.4523148148148147,0.33150619637750234,0.02716873212583413,0.33841754051477596,0.86558627264061,0.38997855100095324
DC8,DC65,DC8->DC65,0.0,0.0,0.0,0.0,1893.0,386.0,0.0,0.0,0.0,218287.0,201281.0,217901.0,200895.0,1084.9637305671374,0.8814814814814814,0.37870370370370365,0.6300925925925925,0.3696377502383222,0.35414680648236413,0.33841754051477596,0.48427073403241183,0.38974022878932313
DC5,DC31,DC5->DC31,0.0,0.0,0.0,0.0,15.0,13.0,0.0,0.0,0.0,32737.0,13.0,32724.0,0.0,2517.2307690371363,0.8759259259259259,0.5600308641975309,0.7179783950617284,0.29325548141086744,0.5390848427073404,0.33841754051477596,0.4041944709246902,0.38922187797902763
DC12,DC3,DC12->DC3,0.0,0.0,0.0,0.0,207.0,21.0,0.0,0.0,0.0,916.0,727980.0,895.0,727959.0,34707.3333316806,0.6597222222222222,0.8919753086419754,0.7758487654320988,0.33627264061010487,0.6925643469971401,0.33841754051477596,0.18970448045757865,0.3890252621544328
DC41,DC40,DC41->DC40,0.0,0.0,0.0,0.0,295.0,264.0,0.0,0.0,0.0,62007.0,97443.0,61743.0,97179.0,601.9772727249925,0.5645061728395062,0.6654320987654321,0.6149691358024691,0.34342230695900855,0.330791229742612,0.33841754051477596,0.5395614871306006,0.38854861773117255
DC27,DC3,DC27->DC3,0.0,0.0,0.0,0.0,172.0,36.0,0.0,0.0,0.0,150106.0,727980.0,150070.0,727944.0,24389.2777771003,0.6430555555555555,0.8919753086419754,0.7675154320987654,0.3338894184938036,0.665395614871306,0.33841754051477596,0.2163965681601525,0.3880719733079123
DC60,DC40,DC60->DC40,0.0,0.0,0.0,0.0,922.0,206.0,0.0,0.0,0.0,63647.0,97443.0,63441.0,97237.0,779.9902912583497,0.5694444444444444,0.6654320987654321,0.6174382716049382,0.35962821734985695,0.3336510962821735,0.33841754051477596,0.5119161105815062,0.38802430886558625
DC37,DC10,DC37->DC10,0.0,0.0,0.0,0.0,74614.0,2367.0,0.0,0.0,0.0,10122.0,2290621.0,7755.0,2288254.0,970.0080270380355,0.23888888888888887,0.8976851851851853,0.5682870370370371,0.4296949475691134,0.24785510009532888,0.33841754051477596,0.4947569113441373,0.3868088655862726
DC47,DC81,DC47->DC81,0.0,0.0,0.0,0.0,4412.0,4412.0,0.0,0.0,0.0,579385.0,32374.0,574973.0,27962.0,136.65797824112948,0.7172839506172839,0.32129629629629625,0.51929012345679,0.3813155386081982,0.09437559580552908,0.33841754051477596,0.7140133460438512,0.38632030505243087
DC72,DC4,DC72->DC4,0.0,0.0,0.0,0.0,45683.0,4616.0,0.0,0.0,0.0,17091.0,2405716.0,12475.0,2401100.0,522.8715337953806,0.21959876543209875,0.8876543209876543,0.5536265432098765,0.41968541468064824,0.19733079122974262,0.33841754051477596,0.5510009532888466,0.3847354623450906
DC9,DC67,DC9->DC67,0.0,0.0,0.0,0.0,349.0,142.0,0.0,0.0,0.0,92175.0,219.0,92033.0,77.0,648.6619718264179,0.9165123456790123,0.28564814814814815,0.6010802469135802,0.34592469018112487,0.3198284080076263,0.33841754051477596,0.5309818875119161,0.3845388465204957
DC52,DC70,DC52->DC70,0.0,0.0,0.0,0.0,5804.0,716.0,0.0,0.0,0.0,7989.0,280449.0,7273.0,279733.0,400.846368714524,0.40802469135802466,0.7101851851851853,0.5591049382716049,0.3848903717826501,0.21830314585319352,0.33841754051477596,0.5767397521448999,0.3842349857006673
DC10,DC32,DC10->DC32,0.0,0.0,0.0,0.0,4128.0,206.0,0.0,0.0,0.0,336532.0,10275.0,336326.0,10069.0,1681.5291262054295,0.8976851851851853,0.3603395061728395,0.6290123456790124,0.38036224976167776,0.35224022878932315,0.33841754051477596,0.44804575786463297,0.3839609151572926
DC72,DC10,DC72->DC10,0.0,0.0,0.0,0.0,38803.0,3456.0,0.0,0.0,0.0,17091.0,2290621.0,13635.0,2287165.0,665.7407407405481,0.21959876543209875,0.8976851851851853,0.558641975308642,0.417302192564347,0.21734985700667303,0.33841754051477596,0.5281220209723546,0.3831863679694948
DC10,DC28,DC10->DC28,0.0,0.0,0.0,0.0,16.0,8.0,0.0,0.0,0.0,336532.0,10.0,336524.0,2.0,42065.74999474178,0.8976851851851853,0.684104938271605,0.7908950617283952,0.29444709246901807,0.7402287893231649,0.33841754051477596,0.17635843660629172,0.3829659199237369
DC26,DC12,DC26->DC12,0.0,0.0,0.0,0.0,2746.0,177.0,0.0,0.0,0.0,179850.0,284822.0,179673.0,284645.0,2623.2655367083435,0.6458333333333333,0.6597222222222222,0.6527777777777777,0.37440419447092466,0.40800762631077214,0.33841754051477596,0.3965681601525262,0.38294804575786456
DC31,DC32,DC31->DC32,0.0,0.0,0.0,0.0,1272.0,772.0,0.0,0.0,0.0,58047.0,10275.0,57275.0,9503.0,86.49999999988796,0.5600308641975309,0.3603395061728395,0.4601851851851852,0.36415633937082936,0.03336510962821735,0.33841754051477596,0.784556720686368,0.382697807435653
DC70,DC3,DC70->DC3,0.0,0.0,0.0,0.0,54.0,8.0,0.0,0.0,0.0,2852.0,727980.0,2844.0,727972.0,91351.999988581,0.7101851851851853,0.8919753086419754,0.8010802469135803,0.31530028598665394,0.7721639656816015,0.33841754051477596,0.1124880838894185,0.38228074356530023
DC55,DC3,DC55->DC3,0.0,0.0,0.0,0.0,13487.0,239.0,0.0,0.0,0.0,5405.0,727980.0,5166.0,727741.0,3066.5564853428177,0.39567901234567904,0.8919753086419754,0.6438271604938273,0.3958531935176358,0.38894184938036225,0.33841754051477596,0.38036224976167776,0.3816372735938989
DC9,DC21,DC9->DC21,0.0,0.0,0.0,0.0,1.0,1.0,0.0,0.0,0.0,92175.0,223.0,92174.0,222.0,92395.999907604,0.9165123456790123,0.7339506172839506,0.8252314814814814,0.2565538608198284,0.853670162059104,0.33841754051477596,0.11058150619637751,0.3816193994280267
DC8,DC59,DC8->DC59,0.0,0.0,0.0,0.0,85.0,54.0,0.0,0.0,0.0,218287.0,86.0,218233.0,32.0,4041.944444369594,0.8814814814814814,0.5287037037037037,0.7050925925925926,0.3229265967588179,0.5133460438512869,0.33841754051477596,0.3574833174451859,0.38149428026692084
DC62,DC38,DC62->DC38,0.0,0.0,0.0,0.0,4.0,4.0,0.0,0.0,0.0,195979.0,217.0,195975.0,213.0,49046.99998773825,0.8708333333333331,0.7305555555555555,0.8006944444444444,0.27514299332697806,0.7707340324118208,0.33841754051477596,0.16396568160152525,0.3807376072449953
DC37,DC3,DC37->DC3,0.0,0.0,0.0,0.0,22376.0,945.0,0.0,0.0,0.0,10122.0,727980.0,9177.0,727035.0,779.060317459493,0.23888888888888887,0.8919753086419754,0.5654320987654321,0.40514775977121065,0.23832221163012393,0.33841754051477596,0.5128693994280267,0.38036224976167776
DC64,DC14,DC64->DC14,0.0,0.0,0.0,0.0,439.0,397.0,0.0,0.0,0.0,3381.0,902659.0,2984.0,902262.0,2280.216624679395,0.38518518518518513,0.9246913580246913,0.6549382716049382,0.3479504289799809,0.4132507149666349,0.33841754051477596,0.41372735938989513,0.3792897998093422
DC11,DC3,DC11->DC3,0.0,0.0,0.0,0.0,19408.0,1920.0,0.0,0.0,0.0,15788.0,727980.0,13868.0,726060.0,385.37916666646595,0.19969135802469132,0.8919753086419754,0.5458333333333334,0.40228789323164915,0.16968541468064824,0.33841754051477596,0.5795996186844614,0.378884652049571
DC14,DC19,DC14->DC19,0.0,0.0,0.0,0.0,8.0,2.0,0.0,0.0,0.0,1575798.0,30.0,1575796.0,28.0,787911.9996060439,0.9246913580246913,0.7584876543209877,0.8415895061728396,0.28455672068636795,0.8994280266920877,0.33841754051477596,0.009532888465204958,0.37759771210676835
DC52,DC35,DC52->DC35,0.0,0.0,0.0,0.0,7790.0,955.0,0.0,0.0,0.0,7989.0,586705.0,7034.0,585750.0,620.7162303658422,0.40802469135802466,0.7146604938271605,0.5613425925925926,0.3896568160152526,0.2259294566253575,0.33841754051477596,0.5347950428979981,0.3773236415633937
DC45,DC10,DC45->DC10,0.0,0.0,0.0,0.0,1767.0,106.0,0.0,0.0,0.0,57400.0,2290621.0,57294.0,2290515.0,22149.141509225006,0.5515432098765432,0.8976851851851853,0.7246141975308642,0.36916110581506195,0.563393708293613,0.33841754051477596,0.224976167778837,0.3770614871306006
DC52,DC3,DC52->DC3,0.0,0.0,0.0,0.0,3286.0,216.0,0.0,0.0,0.0,7989.0,727980.0,7773.0,727764.0,3405.263888873124,0.40802469135802466,0.8919753086419754,0.65,0.3767874165872259,0.3994280266920877,0.33841754051477596,0.37273593898951385,0.3756792183031459
DC62,DC21,DC62->DC21,0.0,0.0,0.0,0.0,3.0,3.0,0.0,0.0,0.0,195979.0,223.0,195976.0,220.0,65398.66664486711,0.8708333333333331,0.7339506172839506,0.8023919753086419,0.26978074356530024,0.7764537654909438,0.33841754051477596,0.14489990467111535,0.3755243088655863
DC73,DC12,DC73->DC12,0.0,0.0,0.0,0.0,348.0,176.0,0.0,0.0,0.0,352936.0,284822.0,352760.0,284646.0,3621.6249999794227,0.6802469135802469,0.6597222222222222,0.6699845679012346,0.3454480457578646,0.446139180171592,0.33841754051477596,0.36701620591039086,0.37495829361296473
DC8,DC44,DC8->DC44,0.0,0.0,0.0,0.0,3.0,3.0,0.0,0.0,0.0,218287.0,3.0,218284.0,0.0,72761.33330907955,0.8814814814814814,0.7271604938271605,0.8043209876543209,0.26978074356530024,0.7859866539561488,0.33841754051477596,0.12964728312678742,0.3740943755958055
DC12,DC10,DC12->DC10,0.0,0.0,0.0,0.0,111.0,32.0,0.0,0.0,0.0,916.0,2290621.0,884.0,2290589.0,71608.53124776224,0.6597222222222222,0.8976851851851853,0.7787037037037037,0.32673975214489986,0.7040038131553861,0.33841754051477596,0.1306005719733079,0.37377264061010484
DC35,DC36,DC35->DC36,0.0,0.0,0.0,0.0,1.0,1.0,0.0,0.0,0.0,8802.0,240.0,8801.0,239.0,9039.99999096,0.7146604938271605,0.8058641975308642,0.7602623456790123,0.2565538608198284,0.6477597712106768,0.33841754051477596,0.28503336510962823,0.3737547664442326
DC62,DC15,DC62->DC15,0.0,0.0,0.0,0.0,2.0,2.0,0.0,0.0,0.0,195979.0,335.0,195977.0,333.0,98154.9999509225,0.8708333333333331,0.7561728395061729,0.813503086419753,0.2631077216396568,0.8145853193517636,0.33841754051477596,0.10676835081029552,0.37318875119161105
DC33,DC4,DC33->DC4,0.0,0.0,0.0,0.0,1753.0,1631.0,0.0,0.0,0.0,3913.0,2405716.0,2282.0,2404085.0,1475.3936235429335,0.2989197530864197,0.8876543209876543,0.593287037037037,0.36868446139180167,0.30505243088655865,0.33841754051477596,0.4642516682554814,0.37212821734985696
DC10,DC51,DC10->DC51,0.0,0.0,0.0,0.0,1.0,1.0,0.0,0.0,0.0,336532.0,4.0,336531.0,3.0,336533.99966346595,0.8976851851851853,0.775,0.8363425925925927,0.2565538608198284,0.8870352716873212,0.33841754051477596,0.037178265014299335,0.37160986653956146
DC23,DC32,DC23->DC32,0.0,0.0,0.0,0.0,3437.0,604.0,0.0,0.0,0.0,810066.0,10275.0,809462.0,9671.0,1356.1804635739136,0.8141975308641975,0.3603395061728395,0.5872685185185185,0.37726406101048615,0.2888465204957102,0.33841754051477596,0.4661582459485224,0.37155624404194465
DC58,DC81,DC58->DC81,0.0,0.0,0.0,0.0,2196.0,1652.0,0.0,0.0,0.0,176452.0,32374.0,174800.0,30722.0,124.40799031469467,0.5856481481481481,0.32129629629629625,0.45347222222222217,0.37154432793136316,0.028598665395614873,0.33841754051477596,0.7311725452812202,0.3707459485224023
DC65,DC43,DC65->DC43,0.0,0.0,0.0,0.0,3.0,3.0,0.0,0.0,0.0,193.0,10.0,190.0,7.0,65.66666664477778,0.37870370370370365,0.6375,0.5081018518518519,0.26978074356530024,0.07483317445185891,0.33841754051477596,0.8226882745471878,0.3695662535748332
DC47,DC65,DC47->DC65,0.0,0.0,0.0,0.0,4604.0,1648.0,0.0,0.0,0.0,579385.0,201281.0,577737.0,199633.0,471.70509708709244,0.7172839506172839,0.37870370370370365,0.5479938271604938,0.3817921830314585,0.1782650142993327,0.33841754051477596,0.5605338417540515,0.36908960915157296
DC33,DC14,DC33->DC14,0.0,0.0,0.0,0.0,1197.0,479.0,0.0,0.0,0.0,3913.0,902659.0,3434.0,902180.0,1890.6346555284122,0.2989197530864197,0.9246913580246913,0.6118055555555555,0.36296472831267873,0.32745471877979027,0.33841754051477596,0.43755958055290756,0.3690538608198284
DC49,DC10,DC49->DC10,0.0,0.0,0.0,0.0,4510.0,4070.0,0.0,0.0,0.0,51664.0,2290621.0,47594.0,2286551.0,573.4999999998591,0.20833333333333331,0.8976851851851853,0.5530092592592593,0.3815538608198284,0.19637750238322213,0.33841754051477596,0.5424213536701621,0.3690061963775024
DC11,DC5,DC11->DC5,0.0,0.0,0.0,0.0,19093.0,1630.0,0.0,0.0,0.0,15788.0,693070.0,14158.0,691440.0,432.88220858869147,0.19969135802469132,0.8759259259259259,0.5378086419753086,0.4018112488083889,0.13822688274547187,0.33841754051477596,0.5710200190657769,0.36870829361296475
DC46,DC65,DC46->DC65,0.0,0.0,0.0,0.0,1319.0,796.0,0.0,0.0,0.0,211065.0,201281.0,210269.0,200485.0,516.0226130646784,0.7342592592592593,0.37870370370370365,0.5564814814814815,0.3648713060057197,0.20781696854146806,0.33841754051477596,0.551954242135367,0.3684103908484271
DC4,DC34,DC4->DC34,0.0,0.0,0.0,0.0,10.0,4.0,0.0,0.0,0.0,65103.0,1903.0,65099.0,1899.0,16749.499995812625,0.8876543209876543,0.6189814814814814,0.7533179012345679,0.2872974261201144,0.6258341277407055,0.33841754051477596,0.24213536701620592,0.36830910390848426
DC72,DC3,DC72->DC3,0.0,0.0,0.0,0.0,7244.0,1011.0,0.0,0.0,0.0,17091.0,727980.0,16080.0,726969.0,734.9643916906678,0.21959876543209875,0.8919753086419754,0.555787037037037,0.38870352716873213,0.2049571020019066,0.33841754051477596,0.5185891325071497,0.3676954242135367
DC31,DC65,DC31->DC65,0.0,0.0,0.0,0.0,5613.0,1525.0,0.0,0.0,0.0,58047.0,201281.0,56522.0,199756.0,168.05114754087342,0.5600308641975309,0.37870370370370365,0.4693672839506173,0.38441372735938983,0.04194470924690181,0.33841754051477596,0.6863679694947569,0.3673856053384175
DC48,DC50,DC48->DC50,0.0,0.0,0.0,0.0,126.0,77.0,0.0,0.0,0.0,201093.0,79.0,201016.0,2.0,2610.623376589472,0.666820987654321,0.6385802469135802,0.6527006172839506,0.32936129647283124,0.4065776930409914,0.33841754051477596,0.3984747378455672,0.36730219256434693
DC72,DC35,DC72->DC35,0.0,0.0,0.0,0.0,4016.0,3821.0,0.0,0.0,0.0,17091.0,586705.0,13270.0,582884.0,156.0204135042774,0.21959876543209875,0.7146604938271605,0.4671296296296296,0.3796472831267874,0.04003813155386082,0.33841754051477596,0.6939942802669209,0.3671472831267874
DC16,DC35,DC16->DC35,0.0,0.0,0.0,0.0,4808.0,3837.0,0.0,0.0,0.0,39346.0,586705.0,35509.0,582868.0,161.16158457123765,0.21404320987654318,0.7146604938271605,0.4643518518518518,0.3820305052430886,0.03813155386081983,0.33841754051477596,0.6901811248808389,0.3665514775977121
DC50,DC48,DC50->DC48,0.0,0.0,0.0,0.0,60.0,60.0,0.0,0.0,0.0,141641.0,67.0,141581.0,7.0,2359.79999996067,0.6385802469135802,0.666820987654321,0.6527006172839506,0.3172068636796949,0.4065776930409914,0.33841754051477596,0.4099142040038132,0.3659080076263107
DC71,DC9,DC71->DC9,0.0,0.0,0.0,0.0,1396.0,166.0,0.0,0.0,0.0,75315.0,1447351.0,75149.0,1447185.0,9170.686746932708,0.43796296296296294,0.9165123456790123,0.6772376543209876,0.36558627264061005,0.4652049571020019,0.33841754051477596,0.2831267874165872,0.3658007626310772
DC14,DC30,DC14->DC30,0.0,0.0,0.0,0.0,34.0,7.0,0.0,0.0,0.0,1575798.0,287.0,1575791.0,280.0,225152.9999678353,0.9246913580246913,0.6763888888888888,0.80054012345679,0.3060057197330791,0.7688274547187798,0.33841754051477596,0.06291706387035272,0.3658007626310772
DC55,DC20,DC55->DC20,0.0,0.0,0.0,0.0,23.0,12.0,0.0,0.0,0.0,5405.0,84.0,5393.0,72.0,455.4166666287153,0.39567901234567904,0.7592592592592592,0.5774691358024691,0.29885605338417537,0.27740705433746427,0.33841754051477596,0.5624404194470924,0.36532411820781696
DC14,DC38,DC14->DC38,0.0,0.0,0.0,0.0,4.0,2.0,0.0,0.0,0.0,1575798.0,217.0,1575796.0,215.0,788005.4996059972,0.9246913580246913,0.7305555555555555,0.8276234567901234,0.27514299332697806,0.8651096282173498,0.33841754051477596,0.0076263107721639654,0.36524666348903717
DC16,DC5,DC16->DC5,0.0,0.0,0.0,0.0,2913.0,1667.0,0.0,0.0,0.0,39346.0,693070.0,37679.0,691403.0,437.36172765420673,0.21404320987654318,0.8759259259259259,0.5449845679012345,0.375119161105815,0.16491897044804577,0.33841754051477596,0.567206863679695,0.36508579599618685
DC46,DC32,DC46->DC32,0.0,0.0,0.0,0.0,1549.0,504.0,0.0,0.0,0.0,211065.0,10275.0,210561.0,9771.0,437.16666666579926,0.7342592592592593,0.3603395061728395,0.5472993827160494,0.367254528122021,0.1744518589132507,0.33841754051477596,0.5681601525262154,0.3649547187797903
DC64,DC10,DC64->DC10,0.0,0.0,0.0,0.0,750.0,706.0,0.0,0.0,0.0,3381.0,2290621.0,2675.0,2289915.0,3247.29461755914,0.38518518518518513,0.8976851851851853,0.6414351851851852,0.35748331744518586,0.37893231649189707,0.33841754051477596,0.3755958055290753,0.36451382268827454
DC49,DC12,DC49->DC12,0.0,0.0,0.0,0.0,5995.0,2142.0,0.0,0.0,0.0,51664.0,284822.0,49522.0,282680.0,155.08963585426935,0.20833333333333331,0.6597222222222222,0.4340277777777778,0.38536701620591035,0.019065776930409915,0.33841754051477596,0.6949475691134414,0.3641444232602478
DC54,DC23,DC54->DC23,0.0,0.0,0.0,0.0,53.0,53.0,0.0,0.0,0.0,85.0,5277.0,32.0,5224.0,99.16981131888359,0.1611111111111111,0.8141975308641975,0.4876543209876543,0.3144661582459485,0.05147759771210677,0.33841754051477596,0.7607244995233555,0.3638763107721639
DC22,DC81,DC22->DC81,0.0,0.0,0.0,0.0,5662.0,1290.0,0.0,0.0,0.0,884569.0,32374.0,883279.0,31084.0,708.8085271312335,0.7834876543209874,0.32129629629629625,0.5523919753086418,0.38465204957102,0.19256434699714015,0.33841754051477596,0.5195424213536701,0.363417540514776
DC56,DC4,DC56->DC4,0.0,0.0,0.0,0.0,2100.0,215.0,0.0,0.0,0.0,6068.0,2405716.0,5853.0,2405501.0,11215.599999947835,0.4652777777777778,0.8876543209876543,0.676466049382716,0.3705910390848427,0.4613918017159199,0.33841754051477596,0.2697807435653003,0.3632626310772164
DC10,DC73,DC10->DC73,0.0,0.0,0.0,0.0,6.0,4.0,0.0,0.0,0.0,336532.0,7.0,336528.0,3.0,84132.7499789668,0.8976851851851853,0.6802469135802469,0.7889660493827161,0.2813393708293613,0.736415633937083,0.33841754051477596,0.11916110581506197,0.36312559580552906
DC12,DC5,DC12->DC5,0.0,0.0,0.0,0.0,119.0,8.0,0.0,0.0,0.0,916.0,693070.0,908.0,693062.0,86746.24998915671,0.6597222222222222,0.8759259259259259,0.767824074074074,0.3276930409914204,0.6696854146806482,0.33841754051477596,0.11725452812202097,0.36219018112488083
DC8,DC33,DC8->DC33,0.0,0.0,0.0,0.0,706.0,129.0,0.0,0.0,0.0,218287.0,367.0,218158.0,238.0,1692.9922480488917,0.8814814814814814,0.2989197530864197,0.5902006172839506,0.35533841754051476,0.2988560533841754,0.33841754051477596,0.446139180171592,0.3613798856053384
DC10,DC47,DC10->DC47,0.0,0.0,0.0,0.0,2.0,2.0,0.0,0.0,0.0,336532.0,2.0,336530.0,0.0,168264.9999158675,0.8976851851851853,0.7172839506172839,0.8074845679012346,0.2631077216396568,0.7974261201143946,0.33841754051477596,0.07530981887511916,0.3610343183984747
DC6,DC23,DC6->DC23,0.0,0.0,0.0,0.0,64.0,52.0,0.0,0.0,0.0,1832.0,5277.0,1780.0,5225.0,134.71153845894787,0.19999999999999998,0.8141975308641975,0.5070987654320988,0.31839847473784555,0.07197330791229743,0.33841754051477596,0.7178265014299333,0.35965204957102004
DC73,DC70,DC73->DC70,0.0,0.0,0.0,0.0,284.0,49.0,0.0,0.0,0.0,352936.0,280449.0,352887.0,280400.0,12924.22448953216,0.6802469135802469,0.7101851851851853,0.6952160493827161,0.3427073403241182,0.49285033365109626,0.33841754051477596,0.26024785510009535,0.35898474737845565
DC67,DC9,DC67->DC9,0.0,0.0,0.0,0.0,1156.0,575.0,0.0,0.0,0.0,5308.0,1447351.0,4733.0,1446776.0,2524.3634782564795,0.28564814814814815,0.9165123456790123,0.6010802469135802,0.3620114394661582,0.3198284080076263,0.33841754051477596,0.40324118207816967,0.3582340324118207
DC10,DC59,DC10->DC59,0.0,0.0,0.0,0.0,32.0,32.0,0.0,0.0,0.0,336532.0,86.0,336500.0,54.0,10517.312499671336,0.8976851851851853,0.5287037037037037,0.7131944444444445,0.3044566253574833,0.5276453765490944,0.33841754051477596,0.2755004766444233,0.358108913250715
DC62,DC73,DC62->DC73,0.0,0.0,0.0,0.0,5.0,3.0,0.0,0.0,0.0,195979.0,7.0,195976.0,4.0,65326.66664489111,0.8708333333333331,0.6802469135802469,0.77554012345679,0.2790753098188751,0.6906577693040992,0.33841754051477596,0.14775977121067682,0.3580433746425167
DC64,DC5,DC64->DC5,0.0,0.0,0.0,0.0,281.0,252.0,0.0,0.0,0.0,3381.0,693070.0,3129.0,692818.0,2761.6944444334854,0.38518518518518513,0.8759259259259259,0.6305555555555555,0.3422306959008579,0.3555767397521449,0.33841754051477596,0.39275500476644426,0.35762631077216395
DC10,DC27,DC10->DC27,0.0,0.0,0.0,0.0,6.0,6.0,0.0,0.0,0.0,336532.0,10.0,336526.0,4.0,56088.33332398528,0.8976851851851853,0.6430555555555555,0.7703703703703704,0.2813393708293613,0.6763584366062917,0.33841754051477596,0.1544327931363203,0.35692921830314583
DC59,DC3,DC59->DC3,0.0,0.0,0.0,0.0,202.0,43.0,0.0,0.0,0.0,56054.0,727980.0,56011.0,727937.0,18231.34883678532,0.5287037037037037,0.8919753086419754,0.7103395061728395,0.3354385128693994,0.5204957102001907,0.33841754051477596,0.23450905624404195,0.35691730219256435
DC5,DC32,DC5->DC32,0.0,0.0,0.0,0.0,29.0,29.0,0.0,0.0,0.0,32737.0,10275.0,32708.0,10246.0,1481.1724137420285,0.8759259259259259,0.3603395061728395,0.6181327160493827,0.3029075309818875,0.336510962821735,0.33841754051477596,0.4632983794089609,0.356732602478551
DC71,DC40,DC71->DC40,0.0,0.0,0.0,0.0,669.0,280.0,0.0,0.0,0.0,75315.0,97443.0,75035.0,97163.0,614.9928571406608,0.43796296296296294,0.6654320987654321,0.5516975308641975,0.35438512869399424,0.19065776930409914,0.33841754051477596,0.5367016205910391,0.35663727359389896
DC62,DC30,DC62->DC30,0.0,0.0,0.0,0.0,4.0,3.0,0.0,0.0,0.0,195979.0,287.0,195976.0,284.0,65419.99997819333,0.8708333333333331,0.6763888888888888,0.773611111111111,0.27514299332697806,0.6877979027645377,0.33841754051477596,0.14394661582459486,0.3549988083889418
DC38,DC32,DC38->DC32,0.0,0.0,0.0,0.0,2866.0,488.0,0.0,0.0,0.0,321772.0,10275.0,321284.0,9787.0,678.4241803264787,0.7305555555555555,0.3603395061728395,0.5454475308641975,0.3748808388941849,0.16777883698760723,0.33841754051477596,0.5243088655862727,0.3549928503336511
DC8,DC38,DC8->DC38,0.0,0.0,0.0,0.0,1.0,1.0,0.0,0.0,0.0,218287.0,217.0,218286.0,216.0,218501.999781498,0.8814814814814814,0.7305555555555555,0.8060185185185185,0.2565538608198284,0.7926596758817922,0.33841754051477596,0.06387035271687322,0.35468898951382266
DC30,DC23,DC30->DC23,0.0,0.0,0.0,0.0,6.0,6.0,0.0,0.0,0.0,156937.0,5277.0,156931.0,5271.0,27033.666662161057,0.6763888888888888,0.8141975308641975,0.7452932098765432,0.2813393708293613,0.6101048617731173,0.33841754051477596,0.21067683508102955,0.35442683508102957
DC51,DC64,DC51->DC64,0.0,0.0,0.0,0.0,1259.0,485.0,0.0,0.0,0.0,715715.0,317231.0,715230.0,316746.0,2127.785567005922,0.775,0.38518518518518513,0.5800925925925926,0.3636796949475691,0.2812202097235462,0.33841754051477596,0.4223069590085796,0.35393231649189705
DC44,DC65,DC44->DC65,0.0,0.0,0.0,0.0,1526.0,792.0,0.0,0.0,0.0,511263.0,201281.0,510471.0,200489.0,897.6767676756342,0.7271604938271605,0.37870370370370365,0.552932098765432,0.36689704480457574,0.19494756911344138,0.33841754051477596,0.5023832221163013,0.3535092945662536
DC36,DC32,DC36->DC32,0.0,0.0,0.0,0.0,730.0,450.0,0.0,0.0,0.0,938959.0,10275.0,938509.0,9825.0,2107.4088888842057,0.8058641975308642,0.3603395061728395,0.5831018518518518,0.3562917063870352,0.28503336510962823,0.33841754051477596,0.4251668255481411,0.35301477597712105
DC74,DC14,DC74->DC14,0.0,0.0,0.0,0.0,8713.0,493.0,0.0,0.0,0.0,6649.0,902659.0,6156.0,902166.0,1842.4381338705023,0.1942901234567901,0.9246913580246913,0.5594907407407407,0.39061010486177306,0.2202097235462345,0.33841754051477596,0.4413727359389895,0.35287178265014296
DC70,DC34,DC70->DC34,0.0,0.0,0.0,0.0,2.0,2.0,0.0,0.0,0.0,2852.0,1903.0,2850.0,1901.0,2375.49999881225,0.7101851851851853,0.6189814814814814,0.6645833333333333,0.2631077216396568,0.43136320305052434,0.33841754051477596,0.40800762631077214,0.3526930409914204
DC22,DC32,DC22->DC32,0.0,0.0,0.0,0.0,1526.0,444.0,0.0,0.0,0.0,884569.0,10275.0,884125.0,9831.0,2013.4144144098798,0.7834876543209874,0.3603395061728395,0.5719135802469135,0.36689704480457574,0.2621544327931363,0.33841754051477596,0.43088655862726405,0.352436844613918
DC10,DC33,DC10->DC33,0.0,0.0,0.0,0.0,746.0,118.0,0.0,0.0,0.0,336532.0,367.0,336414.0,249.0,2853.076271162262,0.8976851851851853,0.2989197530864197,0.5983024691358025,0.3571258341277407,0.31601525262154434,0.33841754051477596,0.38798856053384173,0.3517576263107722
DC36,DC20,DC36->DC20,0.0,0.0,0.0,0.0,7.0,7.0,0.0,0.0,0.0,938959.0,84.0,938952.0,77.0,134146.99998083615,0.8058641975308642,0.7592592592592592,0.7825617283950617,0.2831267874165872,0.7206863679694948,0.33841754051477596,0.08579599618684461,0.3514775977121068
DC8,DC27,DC8->DC27,0.0,0.0,0.0,0.0,6.0,4.0,0.0,0.0,0.0,218287.0,10.0,218283.0,6.0,54572.24998635694,0.8814814814814814,0.6430555555555555,0.7622685185185185,0.2813393708293613,0.6515729265967588,0.33841754051477596,0.1563393708293613,0.35120948522402284
DC64,DC62,DC64->DC62,0.0,0.0,0.0,0.0,352.0,292.0,0.0,0.0,0.0,3381.0,1059024.0,3089.0,1058732.0,3636.3732876587796,0.38518518518518513,0.8708333333333331,0.6280092592592591,0.34628217349857005,0.3484270734032412,0.33841754051477596,0.36606291706387034,0.3505838894184938
DC60,DC3,DC60->DC3,0.0,0.0,0.0,0.0,121.0,17.0,0.0,0.0,0.0,63647.0,727980.0,63630.0,727963.0,46564.294114907985,0.5694444444444444,0.8919753086419754,0.7307098765432098,0.3281696854146806,0.5719733079122974,0.33841754051477596,0.16777883698760723,0.35056005719733074
DC23,DC36,DC23->DC36,0.0,0.0,0.0,0.0,2.0,2.0,0.0,0.0,0.0,810066.0,240.0,810064.0,238.0,405150.9997974245,0.8141975308641975,0.8058641975308642,0.8100308641975309,0.2631077216396568,0.8040991420400382,0.33841754051477596,0.025738798856053385,0.35030981887511914
DC74,DC3,DC74->DC3,0.0,0.0,0.0,0.0,10287.0,731.0,0.0,0.0,0.0,6649.0,727980.0,5918.0,727249.0,1002.9644322831697,0.1942901234567901,0.8919753086419754,0.5431327160493827,0.39204003813155386,0.1544327931363203,0.33841754051477596,0.4909437559580553,0.3493207816968541
DC67,DC14,DC67->DC14,0.0,0.0,0.0,0.0,501.0,301.0,0.0,0.0,0.0,5308.0,902659.0,5007.0,902358.0,3014.5016611195533,0.28564814814814815,0.9246913580246913,0.6051697530864197,0.350095328884652,0.3226882745471878,0.33841754051477596,0.3813155386081983,0.3492969494756911
DC64,DC30,DC64->DC30,0.0,0.0,0.0,0.0,19.0,19.0,0.0,0.0,0.0,3381.0,287.0,3362.0,268.0,191.05263156889197,0.38518518518518513,0.6763888888888888,0.530787037037037,0.2965919923736892,0.11582459485224023,0.33841754051477596,0.6625357483317446,0.34915991420400383
DC36,DC23,DC36->DC23,0.0,0.0,0.0,0.0,2.0,2.0,0.0,0.0,0.0,938959.0,5277.0,938957.0,5275.0,472115.999763942,0.8058641975308642,0.8141975308641975,0.8100308641975309,0.2631077216396568,0.8040991420400382,0.33841754051477596,0.020972354623450904,0.3491182078169685
DC33,DC62,DC33->DC62,0.0,0.0,0.0,0.0,693.0,424.0,0.0,0.0,0.0,3913.0,1059024.0,3489.0,1058600.0,2504.926886786545,0.2989197530864197,0.8708333333333331,0.5848765432098764,0.35486177311725453,0.28741658722592944,0.33841754051477596,0.4051477597712107,0.34810533841754054
DC14,DC81,DC14->DC81,0.0,0.0,0.0,0.0,969.0,297.0,0.0,0.0,0.0,1575798.0,32374.0,1575501.0,32077.0,5412.720538702314,0.9246913580246913,0.32129629629629625,0.6229938271604938,0.36058150619637747,0.34318398474737843,0.33841754051477596,0.3393708293612965,0.3476048617731172
DC12,DC32,DC12->DC32,0.0,0.0,0.0,0.0,60.0,58.0,0.0,0.0,0.0,916.0,10275.0,858.0,10217.0,190.94827585877675,0.6597222222222222,0.3603395061728395,0.5100308641975309,0.3172068636796949,0.07959961868446139,0.33841754051477596,0.663489037178265,0.3475571973307912
DC4,DC40,DC4->DC40,0.0,0.0,0.0,0.0,2.0,2.0,0.0,0.0,0.0,65103.0,97443.0,65101.0,97441.0,81270.99995936449,0.8876543209876543,0.6654320987654321,0.7765432098765432,0.2631077216396568,0.6963775023832222,0.33841754051477596,0.12106768350810296,0.3472116301239276
DC19,DC81,DC19->DC81,0.0,0.0,0.0,0.0,1985.0,1202.0,0.0,0.0,0.0,801505.0,32374.0,800303.0,31172.0,691.7429284520035,0.7584876543209877,0.32129629629629625,0.539891975308642,0.3701143946615824,0.14394661582459486,0.33841754051477596,0.5233555767397522,0.347128217349857
DC35,DC34,DC35->DC34,0.0,0.0,0.0,0.0,3.0,3.0,0.0,0.0,0.0,8802.0,1903.0,8799.0,1900.0,3566.3333321445552,0.7146604938271605,0.6189814814814814,0.666820987654321,0.26978074356530024,0.43898951382268825,0.33841754051477596,0.3679694947569113,0.34692564346997135
DC37,DC4,DC37->DC4,0.0,0.0,0.0,0.0,27894.0,769.0,0.0,0.0,0.0,10122.0,2405716.0,9353.0,2404947.0,3139.5318595537847,0.23888888888888887,0.8876543209876543,0.5632716049382716,0.4094375595805529,0.23260247855100094,0.33841754051477596,0.3775023832221163,0.3465919923736892
DC28,DC23,DC28->DC23,0.0,0.0,0.0,0.0,5.0,5.0,0.0,0.0,0.0,212797.0,5277.0,212792.0,5272.0,43612.79999127744,0.684104938271605,0.8141975308641975,0.7491512345679012,0.2790753098188751,0.6186844613918017,0.33841754051477596,0.17254528122020973,0.3462464251668255
DC53,DC64,DC53->DC64,0.0,0.0,0.0,0.0,2205.0,1513.0,0.0,0.0,0.0,39744.0,317231.0,38231.0,315718.0,233.93853271630275,0.5220679012345679,0.38518518518518513,0.4536265432098765,0.3717826501429933,0.029551954242135366,0.33841754051477596,0.6310772163965681,0.34604385128693993
DC12,DC67,DC12->DC67,0.0,0.0,0.0,0.0,9.0,9.0,0.0,0.0,0.0,916.0,219.0,907.0,210.0,124.11111109732099,0.6597222222222222,0.28564814814814815,0.4726851851851852,0.2859866539561487,0.04432793136320305,0.33841754051477596,0.7321258341277407,0.34497140133460436
DC59,DC65,DC59->DC65,0.0,0.0,0.0,0.0,2560.0,975.0,0.0,0.0,0.0,56054.0,201281.0,55079.0,200306.0,261.9333333330647,0.5287037037037037,0.37870370370370365,0.45370370370370366,0.373212583412774,0.030505243088655862,0.33841754051477596,0.6215443279313632,0.3443994280266921
DC52,DC46,DC52->DC46,0.0,0.0,0.0,0.0,13.0,10.0,0.0,0.0,0.0,7989.0,10.0,7979.0,0.0,797.89999992021,0.40802469135802466,0.7342592592592593,0.571141975308642,0.2914680648236415,0.25691134413727357,0.33841754051477596,0.5090562440419447,0.3442683508102955
DC33,DC9,DC33->DC9,0.0,0.0,0.0,0.0,1623.0,244.0,0.0,0.0,0.0,3913.0,1447351.0,3669.0,1447107.0,5945.803278664157,0.2989197530864197,0.9165123456790123,0.6077160493827161,0.3679694947569113,0.32507149666348906,0.33841754051477596,0.332697807435653,0.34399428026692086
DC52,DC4,DC52->DC4,0.0,0.0,0.0,0.0,1026.0,219.0,0.0,0.0,0.0,7989.0,2405716.0,7770.0,2405497.0,11019.484018214524,0.40802469135802466,0.8876543209876543,0.6478395061728395,0.36105815061963775,0.39466158245948524,0.33841754051477596,0.2716873212583413,0.3437202097235462
DC43,DC65,DC43->DC65,0.0,0.0,0.0,0.0,2589.0,824.0,0.0,0.0,0.0,145712.0,201281.0,144888.0,200457.0,419.10800970822925,0.6375,0.37870370370370365,0.5081018518518519,0.3734509056244042,0.07483317445185891,0.33841754051477596,0.5738798856053384,0.3436487130600572
DC33,DC10,DC33->DC10,0.0,0.0,0.0,0.0,782.0,513.0,0.0,0.0,0.0,3913.0,2290621.0,3400.0,2290108.0,4470.775828451324,0.2989197530864197,0.8976851851851853,0.5983024691358025,0.35819828408007626,0.31601525262154434,0.33841754051477596,0.35271687321258344,0.34331506196377504
DC72,DC5,DC72->DC5,0.0,0.0,0.0,0.0,2301.0,547.0,0.0,0.0,0.0,17091.0,693070.0,16544.0,692523.0,1296.2833638001896,0.21959876543209875,0.8759259259259259,0.5477623456790123,0.3724976167778837,0.17683508102955195,0.33841754051477596,0.47092469018112487,0.34307673975214487
DC23,DC34,DC23->DC34,0.0,0.0,0.0,0.0,42.0,27.0,0.0,0.0,0.0,810066.0,1903.0,810039.0,1876.0,30070.92592481219,0.8141975308641975,0.6189814814814814,0.7165895061728395,0.3100571973307912,0.5352716873212583,0.33841754051477596,0.1992373689227836,0.34290991420400374
DC62,DC65,DC62->DC65,0.0,0.0,0.0,0.0,204.0,89.0,0.0,0.0,0.0,195979.0,201281.0,195890.0,201192.0,4461.595505567847,0.8708333333333331,0.37870370370370365,0.6247685185185183,0.33591515729265964,0.3446139180171592,0.33841754051477596,0.3536701620591039,0.342903956148713
DC33,DC8,DC33->DC8,0.0,0.0,0.0,0.0,1618.0,476.0,0.0,0.0,0.0,3913.0,2130508.0,3437.0,2130032.0,4482.077731083021,0.2989197530864197,0.8814814814814814,0.5902006172839506,0.3677311725452812,0.2988560533841754,0.33841754051477596,0.3517635843660629,0.3421234509056244
DC45,DC81,DC45->DC81,0.0,0.0,0.0,0.0,508.0,447.0,0.0,0.0,0.0,57400.0,32374.0,56953.0,31927.0,198.8366890375865,0.5515432098765432,0.32129629629629625,0.43641975308641967,0.3503336510962821,0.02001906577693041,0.33841754051477596,0.6549094375595805,0.34211153479504286
DC36,DC81,DC36->DC81,0.0,0.0,0.0,0.0,1419.0,431.0,0.0,0.0,0.0,938959.0,32374.0,938528.0,31943.0,2251.672853823082,0.8058641975308642,0.32129629629629625,0.5635802469135802,0.36606291706387034,0.23546234509056244,0.33841754051477596,0.4156339370829361,0.34165872259294566
DC8,DC64,DC8->DC64,0.0,0.0,0.0,0.0,372.0,77.0,0.0,0.0,0.0,218287.0,317231.0,218210.0,317154.0,6952.779220688924,0.8814814814814814,0.38518518518518513,0.6333333333333333,0.34652049571020016,0.3627264061010486,0.33841754051477596,0.31553860819828405,0.3416110581506196
DC38,DC81,DC38->DC81,0.0,0.0,0.0,0.0,1328.0,609.0,0.0,0.0,0.0,321772.0,32374.0,321163.0,31765.0,579.5205254506084,0.7305555555555555,0.32129629629629625,0.5259259259259259,0.3651096282173498,0.10486177311725453,0.33841754051477596,0.540514775977121,0.3398951382268827
DC8,DC43,DC8->DC43,0.0,0.0,0.0,0.0,3.0,3.0,0.0,0.0,0.0,218287.0,10.0,218284.0,7.0,72763.6666424121,0.8814814814814814,0.6375,0.7594907407407407,0.26978074356530024,0.6444232602478551,0.33841754051477596,0.12869399428026693,0.338465204957102
DC51,DC32,DC51->DC32,0.0,0.0,0.0,0.0,344.0,344.0,0.0,0.0,0.0,715715.0,10275.0,715371.0,9931.0,2108.436046505499,0.775,0.3603395061728395,0.5676697530864198,0.34497140133460436,0.2430886558627264,0.33841754051477596,0.4242135367016206,0.3383281696854147
DC15,DC32,DC15->DC32,0.0,0.0,0.0,0.0,320.0,224.0,0.0,0.0,0.0,357552.0,10275.0,357328.0,10051.0,1640.0848214212497,0.7561728395061729,0.3603395061728395,0.5582561728395061,0.3438989513822688,0.2163965681601525,0.33841754051477596,0.449952335557674,0.3377144899904671
DC37,DC9,DC37->DC9,0.0,0.0,0.0,0.0,1400.0,352.0,0.0,0.0,0.0,10122.0,1447351.0,9770.0,1446999.0,4138.548295442788,0.23888888888888887,0.9165123456790123,0.5777006172839506,0.36582459485224017,0.2783603431839847,0.33841754051477596,0.3565300285986654,0.337523832221163
DC19,DC36,DC19->DC36,0.0,0.0,0.0,0.0,3.0,3.0,0.0,0.0,0.0,801505.0,240.0,801502.0,237.0,267246.3332442512,0.7584876543209877,0.8058641975308642,0.782175925925926,0.26978074356530024,0.7187797902764538,0.33841754051477596,0.05052430886558627,0.33751191611058146
DC19,DC32,DC19->DC32,0.0,0.0,0.0,0.0,832.0,376.0,0.0,0.0,0.0,801505.0,10275.0,801129.0,9899.0,2156.989361696391,0.7584876543209877,0.3603395061728395,0.5594135802469136,0.3586749285033365,0.219256434699714,0.33841754051477596,0.4204003813155386,0.3362130600571973
DC14,DC65,DC14->DC65,0.0,0.0,0.0,0.0,336.0,121.0,0.0,0.0,0.0,1575798.0,201281.0,1575677.0,201160.0,14684.603305663763,0.9246913580246913,0.37870370370370365,0.6516975308641975,0.3446139180171592,0.40371782650142995,0.33841754051477596,0.2526215443279314,0.33546234509056244
DC17,DC34,DC17->DC34,0.0,0.0,0.0,0.0,64.0,27.0,0.0,0.0,0.0,795108.0,1903.0,795081.0,1876.0,29516.925924832707,0.7677469135802468,0.6189814814814814,0.6933641975308641,0.31839847473784555,0.4880838894184938,0.33841754051477596,0.2011439466158246,0.3345090562440419
DC27,DC32,DC27->DC32,0.0,0.0,0.0,0.0,1274.0,323.0,0.0,0.0,0.0,150106.0,10275.0,149783.0,9952.0,494.5356037136392,0.6430555555555555,0.3603395061728395,0.5016975308641975,0.3643946615824595,0.0657769304099142,0.33841754051477596,0.553860819828408,0.3332102001906577
DC8,DC32,DC8->DC32,0.0,0.0,0.0,0.0,441.0,30.0,0.0,0.0,0.0,218287.0,10275.0,218257.0,10245.0,7616.733333079442,0.8814814814814814,0.3603395061728395,0.6209104938271605,0.348188751191611,0.340324118207817,0.33841754051477596,0.30123927550047663,0.3330195424213537
DC40,DC30,DC40->DC30,0.0,0.0,0.0,0.0,7.0,7.0,0.0,0.0,0.0,63832.0,287.0,63825.0,280.0,9157.857141548877,0.6654320987654321,0.6763888888888888,0.6709104938271604,0.2831267874165872,0.44852240228789325,0.33841754051477596,0.2840800762631077,0.33300762631077213
DC67,DC35,DC67->DC35,0.0,0.0,0.0,0.0,8392.0,802.0,0.0,0.0,0.0,5308.0,586705.0,4506.0,585903.0,736.1708229417255,0.28564814814814815,0.7146604938271605,0.5001543209876543,0.39037178265014294,0.06434699714013346,0.33841754051477596,0.5176358436606292,0.3328884652049571
DC14,DC43,DC14->DC43,0.0,0.0,0.0,0.0,4.0,4.0,0.0,0.0,0.0,1575798.0,10.0,1575794.0,6.0,393949.99990151246,0.9246913580246913,0.6375,0.7810956790123456,0.27514299332697806,0.7116301239275501,0.33841754051477596,0.03145853193517636,0.3328348427073403
DC57,DC14,DC57->DC14,0.0,0.0,0.0,0.0,3492.0,172.0,0.0,0.0,0.0,1015.0,902659.0,843.0,902487.0,5251.918604620629,0.21820987654320984,0.9246913580246913,0.5714506172839505,0.37750238322211627,0.2583412774070543,0.33841754051477596,0.340324118207817,0.3325548141086749
DC25,DC81,DC25->DC81,0.0,0.0,0.0,0.0,238.0,219.0,0.0,0.0,0.0,535975.0,32374.0,535756.0,32155.0,2593.200913230168,0.8162037037037037,0.32129629629629625,0.56875,0.33901334604385125,0.25166825548141086,0.33841754051477596,0.3994280266920877,0.33219137273593896
DC13,DC10,DC13->DC10,0.0,0.0,0.0,0.0,1366.0,400.0,0.0,0.0,0.0,1189.0,2290621.0,789.0,2290221.0,5727.5249999856815,0.2623456790123456,0.8976851851851853,0.5800154320987654,0.36534795042897994,0.2797902764537655,0.33841754051477596,0.3336510962821735,0.3319947569113441
DC13,DC4,DC13->DC4,0.0,0.0,0.0,0.0,1816.0,437.0,0.0,0.0,0.0,1189.0,2405716.0,752.0,2405279.0,5505.791762001131,0.2623456790123456,0.8876543209876543,0.575,0.36939942802669207,0.2697807435653003,0.33841754051477596,0.336510962821735,0.33162535748331745
DC53,DC65,DC53->DC65,0.0,0.0,0.0,0.0,935.0,675.0,0.0,0.0,0.0,39744.0,201281.0,39069.0,200606.0,355.07407407354805,0.5220679012345679,0.37870370370370365,0.4503858024691358,0.3598665395614871,0.025738798856053385,0.33841754051477596,0.5929456625357483,0.33138703527168734
DC74,DC5,DC74->DC5,0.0,0.0,0.0,0.0,7955.0,411.0,0.0,0.0,0.0,6649.0,693070.0,6238.0,692659.0,1700.479318730656,0.1942901234567901,0.8759259259259259,0.535108024691358,0.3901334604385128,0.12678741658722592,0.33841754051477596,0.444232602478551,0.3300643469971401
DC68,DC35,DC68->DC35,0.0,0.0,0.0,0.0,1219.0,101.0,0.0,0.0,0.0,35817.0,586705.0,35716.0,586604.0,6161.584158354835,0.4356481481481481,0.7146604938271605,0.5751543209876543,0.36320305052430885,0.27073403241182076,0.33841754051477596,0.32983794089609153,0.3280266920877025
DC29,DC36,DC29->DC36,0.0,0.0,0.0,0.0,1.0,1.0,0.0,0.0,0.0,2.0,240.0,1.0,239.0,239.99999975999998,0.2612654320987654,0.8058641975308642,0.5335648148148149,0.2565538608198284,0.1215443279313632,0.33841754051477596,0.6282173498570067,0.32799690181124885
DC62,DC32,DC62->DC32,0.0,0.0,0.0,0.0,160.0,29.0,0.0,0.0,0.0,195979.0,10275.0,195950.0,10246.0,7110.206896306545,0.8708333333333331,0.3603395061728395,0.6155864197530863,0.33281696854146803,0.3317445185891325,0.33841754051477596,0.3107721639656816,0.3278777407054337
DC30,DC81,DC30->DC81,0.0,0.0,0.0,0.0,599.0,359.0,0.0,0.0,0.0,156937.0,32374.0,156578.0,32015.0,525.3286908063361,0.6763888888888888,0.32129629629629625,0.49884259259259256,0.3527168732125834,0.06196377502383222,0.33841754051477596,0.550047664442326,0.32721639656816015
DC62,DC50,DC62->DC50,0.0,0.0,0.0,0.0,2.0,2.0,0.0,0.0,0.0,195979.0,79.0,195977.0,77.0,98026.9999509865,0.8708333333333331,0.6385802469135802,0.7547067901234567,0.2631077216396568,0.6296472831267874,0.33841754051477596,0.10772163965681601,0.3271925643469971
DC35,DC67,DC35->DC67,0.0,0.0,0.0,0.0,33.0,30.0,0.0,0.0,0.0,8802.0,219.0,8772.0,189.0,298.69999999004335,0.7146604938271605,0.28564814814814815,0.5001543209876543,0.30517159199237365,0.06434699714013346,0.33841754051477596,0.6139180171591992,0.32713894184938036
DC27,DC9,DC27->DC9,0.0,0.0,0.0,0.0,3.0,3.0,0.0,0.0,0.0,150106.0,1447351.0,150103.0,1447348.0,532483.6664891721,0.6430555555555555,0.9165123456790123,0.7797839506172839,0.26978074356530024,0.7082936129647283,0.33841754051477596,0.01811248808388942,0.3267874165872259
DC57,DC32,DC57->DC32,0.0,0.0,0.0,0.0,84.0,53.0,0.0,0.0,0.0,1015.0,10275.0,962.0,10222.0,211.01886792054682,0.21820987654320984,0.3603395061728395,0.28927469135802464,0.32256911344137273,0.0038131553860819827,0.33841754051477596,0.6482364156339371,0.32667421353670156
DC74,DC10,DC74->DC10,0.0,0.0,0.0,0.0,7901.0,765.0,0.0,0.0,0.0,6649.0,2290621.0,5884.0,2289856.0,3000.967320257515,0.1942901234567901,0.8976851851851853,0.5459876543209876,0.3898951382268827,0.17063870352716873,0.33841754051477596,0.38322211630123926,0.3256911344137273
DC52,DC9,DC52->DC9,0.0,0.0,0.0,0.0,500.0,38.0,0.0,0.0,0.0,7989.0,1447351.0,7951.0,1447313.0,38296.42105162378,0.40802469135802466,0.9165123456790123,0.6622685185185184,0.3498570066730219,0.4232602478551001,0.33841754051477596,0.18303145853193517,0.3247855100095329
DC67,DC5,DC67->DC5,0.0,0.0,0.0,0.0,225.0,140.0,0.0,0.0,0.0,5308.0,693070.0,5168.0,692930.0,4986.414285678668,0.28564814814814815,0.8759259259259259,0.580787037037037,0.3375834127740705,0.28217349857006674,0.33841754051477596,0.34127740705433746,0.32477955195424213
DC21,DC20,DC21->DC20,0.0,0.0,0.0,0.0,5.0,3.0,0.0,0.0,0.0,360996.0,84.0,360993.0,81.0,120357.99995988066,0.7339506172839506,0.7592592592592592,0.7466049382716049,0.2790753098188751,0.6129647283126788,0.33841754051477596,0.09151572926596759,0.3245591039084843
DC9,DC58,DC9->DC58,0.0,0.0,0.0,0.0,1.0,1.0,0.0,0.0,0.0,92175.0,1.0,92174.0,0.0,92173.99990782599,0.9165123456790123,0.5856481481481481,0.7510802469135802,0.2565538608198284,0.622974261201144,0.33841754051477596,0.111534795042898,0.32418374642516684
DC41,DC29,DC41->DC29,0.0,0.0,0.0,0.0,289.0,187.0,0.0,0.0,0.0,62007.0,1600.0,61820.0,1413.0,338.1443850249297,0.5645061728395062,0.2612654320987654,0.4128858024691358,0.34318398474737843,0.016205910390848427,0.33841754051477596,0.5967588179218303,0.32411820781696854
DC23,DC20,DC23->DC20,0.0,0.0,0.0,0.0,1.0,1.0,0.0,0.0,0.0,810066.0,84.0,810065.0,83.0,810147.9991898519,0.8141975308641975,0.7592592592592592,0.7867283950617283,0.2565538608198284,0.7292659675881792,0.33841754051477596,0.0038131553860819827,0.32382626310772167
DC51,DC34,DC51->DC34,0.0,0.0,0.0,0.0,40.0,14.0,0.0,0.0,0.0,715715.0,1903.0,715701.0,1889.0,51256.4285677674,0.775,0.6189814814814814,0.6969907407407407,0.3092230695900858,0.4990467111534795,0.33841754051477596,0.1601525262154433,0.3237905147759771
DC66,DC9,DC66->DC9,0.0,0.0,0.0,0.0,2286.0,413.0,0.0,0.0,0.0,1367.0,1447351.0,954.0,1446938.0,3505.7917675459908,0.19104938271604935,0.9165123456790123,0.5537808641975308,0.37225929456625356,0.1982840800762631,0.33841754051477596,0.3708293612964728,0.32333174451858915
DC65,DC8,DC65->DC8,0.0,0.0,0.0,0.0,746.0,117.0,0.0,0.0,0.0,193.0,2130508.0,76.0,2130391.0,18209.119657964024,0.37870370370370365,0.8814814814814814,0.6300925925925925,0.3571258341277407,0.35414680648236413,0.33841754051477596,0.23546234509056244,0.3231589609151573
DC62,DC64,DC62->DC64,0.0,0.0,0.0,0.0,199.0,46.0,0.0,0.0,0.0,195979.0,317231.0,195933.0,317185.0,11154.739130192289,0.8708333333333331,0.38518518518518513,0.6280092592592591,0.33508102955195423,0.3484270734032412,0.33841754051477596,0.27073403241182076,0.3228312678741659
DC67,DC3,DC67->DC3,0.0,0.0,0.0,0.0,188.0,111.0,0.0,0.0,0.0,5308.0,727980.0,5197.0,727869.0,6604.198198138701,0.28564814814814815,0.8919753086419754,0.5888117283950618,0.33460438512869395,0.2926596758817922,0.33841754051477596,0.32411820781696854,0.3220686367969494
DC14,DC32,DC14->DC32,0.0,0.0,0.0,0.0,548.0,57.0,0.0,0.0,0.0,1575798.0,10275.0,1575741.0,10218.0,27823.842104775023,0.9246913580246913,0.3603395061728395,0.6425154320987654,0.35200190657769304,0.3856053384175405,0.33841754051477596,0.20591039084842708,0.32184223069590084
DC53,DC3,DC53->DC3,0.0,0.0,0.0,0.0,43.0,11.0,0.0,0.0,0.0,39744.0,727980.0,39733.0,727969.0,69791.09090274626,0.5220679012345679,0.8919753086419754,0.7070216049382716,0.3107721639656816,0.5147759771210677,0.33841754051477596,0.1344137273593899,0.32183031458531935
DC33,DC5,DC33->DC5,0.0,0.0,0.0,0.0,209.0,103.0,0.0,0.0,0.0,3913.0,693070.0,3810.0,692967.0,6764.825242652769,0.2989197530864197,0.8759259259259259,0.5874228395061728,0.33663012392755004,0.2897998093422307,0.33841754051477596,0.3203050524308866,0.32110938989513826
DC52,DC40,DC52->DC40,0.0,0.0,0.0,0.0,231.0,79.0,0.0,0.0,0.0,7989.0,97443.0,7910.0,97364.0,1332.5822784641446,0.40802469135802466,0.6654320987654321,0.5367283950617283,0.33841754051477596,0.1334604385128694,0.33841754051477596,0.4690181124880839,0.3198284080076263
DC43,DC64,DC43->DC64,0.0,0.0,0.0,0.0,828.0,461.0,0.0,0.0,0.0,145712.0,317231.0,145251.0,316770.0,1002.2147505401254,0.6375,0.38518518518518513,0.5113425925925925,0.35843660629170637,0.08198284080076262,0.33841754051477596,0.4918970448045758,0.31968541468064826
DC13,DC3,DC13->DC3,0.0,0.0,0.0,0.0,278.0,106.0,0.0,0.0,0.0,1189.0,727980.0,1083.0,727874.0,6876.952830123802,0.2623456790123456,0.8919753086419754,0.5771604938271605,0.3419923736892278,0.27645376549094375,0.33841754051477596,0.31839847473784555,0.31917302192564345
DC22,DC20,DC22->DC20,0.0,0.0,0.0,0.0,2.0,2.0,0.0,0.0,0.0,884569.0,84.0,884567.0,82.0,442324.4997788377,0.7834876543209874,0.7592592592592592,0.7713734567901234,0.2631077216396568,0.6811248808388942,0.33841754051477596,0.022878932316491896,0.3188512869399428
DC49,DC35,DC49->DC35,0.0,0.0,0.0,0.0,2343.0,822.0,0.0,0.0,0.0,51664.0,586705.0,50842.0,585883.0,774.6046228701039,0.20833333333333331,0.7146604938271605,0.4614969135802469,0.3727359389895138,0.034318398474737846,0.33841754051477596,0.5138226882745471,0.31825548141086746
DC47,DC29,DC47->DC29,0.0,0.0,0.0,0.0,1658.0,628.0,0.0,0.0,0.0,579385.0,1600.0,578757.0,972.0,923.1353503170014,0.7172839506172839,0.2612654320987654,0.48927469135802465,0.36820781696854143,0.05338417540514776,0.33841754051477596,0.5004766444232602,0.3181005719733079
DC44,DC81,DC44->DC81,0.0,0.0,0.0,0.0,616.0,401.0,0.0,0.0,0.0,511263.0,32374.0,510862.0,31973.0,1353.7032418918861,0.7271604938271605,0.32129629629629625,0.5242283950617284,0.3534318398474737,0.10390848427073403,0.33841754051477596,0.4671115347950429,0.31721877979027646
DC22,DC21,DC22->DC21,0.0,0.0,0.0,0.0,3.0,3.0,0.0,0.0,0.0,884569.0,223.0,884566.0,220.0,294928.6665683571,0.7834876543209874,0.7339506172839506,0.758719135802469,0.26978074356530024,0.6415633937082936,0.33841754051477596,0.04575786463298379,0.3170162059103908
DC53,DC35,DC53->DC35,0.0,0.0,0.0,0.0,148.0,50.0,0.0,0.0,0.0,39744.0,586705.0,39694.0,586655.0,12526.979999749461,0.5220679012345679,0.7146604938271605,0.6183641975308642,0.3312678741658722,0.3374642516682555,0.33841754051477596,0.2621544327931363,0.31661105815061963
DC44,DC34,DC44->DC34,0.0,0.0,0.0,0.0,37.0,13.0,0.0,0.0,0.0,511263.0,1903.0,511250.0,1890.0,39472.30768927136,0.7271604938271605,0.6189814814814814,0.6730709876543209,0.30719733079122974,0.45281220209723544,0.33841754051477596,0.1801715919923737,0.3165276453765491
DC46,DC34,DC46->DC34,0.0,0.0,0.0,0.0,15.0,6.0,0.0,0.0,0.0,211065.0,1903.0,211059.0,1897.0,35492.66666075122,0.7342592592592593,0.6189814814814814,0.6766203703703704,0.29325548141086744,0.4632983794089609,0.33841754051477596,0.18779790276453764,0.3161761201143946
DC66,DC10,DC66->DC10,0.0,0.0,0.0,0.0,10387.0,496.0,0.0,0.0,0.0,1367.0,2290621.0,871.0,2290125.0,4618.943548377784,0.19104938271604935,0.8976851851851853,0.5443672839506173,0.392278360343184,0.161582459485224,0.33841754051477596,0.3489037178265014,0.31568160152526215
DC8,DC76,DC8->DC76,0.0,0.0,0.0,0.0,94.0,49.0,0.0,0.0,0.0,218287.0,96.0,218238.0,47.0,4454.795918276433,0.8814814814814814,0.2558641975308642,0.5686728395061729,0.32411820781696854,0.2502383222116301,0.33841754051477596,0.3546234509056244,0.31541944709246905
DC13,DC14,DC13->DC14,0.0,0.0,0.0,0.0,408.0,73.0,0.0,0.0,0.0,1189.0,902659.0,1116.0,902586.0,12379.479451885212,0.2623456790123456,0.9246913580246913,0.5935185185185184,0.3474737845567207,0.3064823641563394,0.33841754051477596,0.2650142993326978,0.3152526215443279
DC14,DC64,DC14->DC64,0.0,0.0,0.0,0.0,166.0,45.0,0.0,0.0,0.0,1575798.0,317231.0,1575753.0,317186.0,42065.31111017633,0.9246913580246913,0.38518518518518513,0.6549382716049382,0.33329361296472826,0.4132507149666349,0.33841754051477596,0.1773117254528122,0.3150560057197331
DC67,DC40,DC67->DC40,0.0,0.0,0.0,0.0,719.0,126.0,0.0,0.0,0.0,5308.0,97443.0,5182.0,97317.0,813.4841269776707,0.28564814814814815,0.6654320987654321,0.4755401234567901,0.355815061963775,0.046234509056244044,0.33841754051477596,0.5081029551954243,0.31388226882745474
DC42,DC34,DC42->DC34,0.0,0.0,0.0,0.0,13.0,12.0,0.0,0.0,0.0,84638.0,1903.0,84626.0,1891.0,7209.749999399188,0.6165123456790124,0.6189814814814814,0.6177469135802469,0.2914680648236415,0.334604385128694,0.33841754051477596,0.3098188751191611,0.3138822688274547
DC46,DC52,DC46->DC52,0.0,0.0,0.0,0.0,49.0,49.0,0.0,0.0,0.0,211065.0,49.0,211016.0,0.0,4306.44897950395,0.7342592592592593,0.40802469135802466,0.571141975308642,0.3129170638703527,0.25691134413727357,0.33841754051477596,0.3555767397521449,0.3134056244041944
DC19,DC20,DC19->DC20,0.0,0.0,0.0,0.0,3.0,2.0,0.0,0.0,0.0,801505.0,84.0,801503.0,82.0,400792.4997996037,0.7584876543209877,0.7592592592592592,0.7588734567901234,0.26978074356530024,0.6425166825548141,0.33841754051477596,0.028598665395614873,0.31296472831267874
DC25,DC34,DC25->DC34,0.0,0.0,0.0,0.0,29.0,4.0,0.0,0.0,0.0,535975.0,1903.0,535971.0,1899.0,134467.49996638313,0.8162037037037037,0.6189814814814814,0.7175925925925926,0.3029075309818875,0.5376549094375596,0.33841754051477596,0.08484270734032412,0.3124046711153479
DC20,DC32,DC20->DC32,0.0,0.0,0.0,0.0,141.0,111.0,0.0,0.0,0.0,422975.0,10275.0,422864.0,10164.0,3901.1531531180076,0.7592592592592592,0.3603395061728395,0.5597993827160493,0.3305529075309819,0.2221163012392755,0.33841754051477596,0.36129647283126787,0.3123093422306959
DC48,DC65,DC48->DC65,0.0,0.0,0.0,0.0,518.0,249.0,0.0,0.0,0.0,201093.0,201281.0,200844.0,201032.0,1613.959839350948,0.666820987654321,0.37870370370370365,0.5227623456790123,0.3508102955195424,0.10104861773117255,0.33841754051477596,0.45376549094375596,0.3122497616777884
DC73,DC20,DC73->DC20,0.0,0.0,0.0,0.0,4.0,4.0,0.0,0.0,0.0,352936.0,84.0,352932.0,80.0,88252.99997793675,0.6802469135802469,0.7592592592592592,0.719753086419753,0.27514299332697806,0.5424213536701621,0.33841754051477596,0.11630123927550047,0.3117433269780744
DC6,DC10,DC6->DC10,0.0,0.0,0.0,0.0,660.0,624.0,0.0,0.0,0.0,1832.0,2290621.0,1208.0,2289997.0,3671.8028846095003,0.19999999999999998,0.8976851851851853,0.5488425925925926,0.35414680648236413,0.18255481410867494,0.33841754051477596,0.3651096282173499,0.31163012392755
DC15,DC34,DC15->DC34,0.0,0.0,0.0,0.0,17.0,6.0,0.0,0.0,0.0,357552.0,1903.0,357546.0,1897.0,59907.16665668214,0.7561728395061729,0.6189814814814814,0.6875771604938271,0.29551954242135364,0.4747378455672069,0.33841754051477596,0.14966634890371783,0.31029551954242135
DC47,DC64,DC47->DC64,0.0,0.0,0.0,0.0,380.0,231.0,0.0,0.0,0.0,579385.0,317231.0,579154.0,317000.0,3879.4545454377517,0.7172839506172839,0.38518518518518513,0.5512345679012345,0.3469971401334604,0.18970448045757865,0.33841754051477596,0.3622497616777884,0.31020019065776927
DC36,DC34,DC36->DC34,0.0,0.0,0.0,0.0,39.0,6.0,0.0,0.0,0.0,938959.0,1903.0,938953.0,1897.0,156808.3333071986,0.8058641975308642,0.6189814814814814,0.7124228395061728,0.3086272640610105,0.5243088655862727,0.33841754051477596,0.08007626310772165,0.3098784556720686
DC37,DC54,DC37->DC54,0.0,0.0,0.0,0.0,55.0,28.0,0.0,0.0,0.0,10122.0,28.0,10094.0,0.0,360.499999987125,0.23888888888888887,0.1611111111111111,0.19999999999999998,0.31577693040991417,0.0023832221163012394,0.33841754051477596,0.5910390848427073,0.3096401334604385
DC38,DC22,DC38->DC22,0.0,0.0,0.0,0.0,1.0,1.0,0.0,0.0,0.0,321772.0,137.0,321771.0,136.0,321906.99967809295,0.7305555555555555,0.7834876543209874,0.7570216049382714,0.2565538608198284,0.6348903717826502,0.33841754051477596,0.03908484270734033,0.30905028598665396
DC65,DC14,DC65->DC14,0.0,0.0,0.0,0.0,58.0,24.0,0.0,0.0,0.0,193.0,902659.0,169.0,902635.0,37616.83333176596,0.37870370370370365,0.9246913580246913,0.6516975308641975,0.3164918970448045,0.40371782650142995,0.33841754051477596,0.18493803622497618,0.3086987607244995
DC55,DC9,DC55->DC9,0.0,0.0,0.0,0.0,225.0,22.0,0.0,0.0,0.0,5405.0,1447351.0,5383.0,1447329.0,66032.36363336217,0.39567901234567904,0.9165123456790123,0.6560956790123457,0.3375834127740705,0.41658722592945663,0.33841754051477596,0.14204003813155386,0.3085736415633937
DC30,DC32,DC30->DC32,0.0,0.0,0.0,0.0,152.0,127.0,0.0,0.0,0.0,156937.0,10275.0,156810.0,10148.0,1314.629921249491,0.6763888888888888,0.3603395061728395,0.5183641975308642,0.33174451858913245,0.09342230695900858,0.33841754051477596,0.4699714013346044,0.307721639656816
DC42,DC65,DC42->DC65,0.0,0.0,0.0,0.0,509.0,232.0,0.0,0.0,0.0,84638.0,201281.0,84406.0,201049.0,1230.4094827533172,0.6165123456790124,0.37870370370370365,0.497608024691358,0.3505719733079123,0.05910390848427073,0.33841754051477596,0.47664442326024786,0.30739990467111533
DC28,DC32,DC28->DC32,0.0,0.0,0.0,0.0,390.0,119.0,0.0,0.0,0.0,212797.0,10275.0,212678.0,10156.0,1872.5546218330037,0.684104938271605,0.3603395061728395,0.5222222222222223,0.3472354623450905,0.10009532888465204,0.33841754051477596,0.43946615824594853,0.3071854146806482
DC57,DC70,DC57->DC70,0.0,0.0,0.0,0.0,2248.0,196.0,0.0,0.0,0.0,1015.0,280449.0,819.0,280253.0,1434.0408163192142,0.21820987654320984,0.7101851851851853,0.46419753086419757,0.3720209723546234,0.037178265014299335,0.33841754051477596,0.4652049571020019,0.3065657769304099
DC16,DC70,DC16->DC70,0.0,0.0,0.0,0.0,873.0,297.0,0.0,0.0,0.0,39346.0,280449.0,39049.0,280152.0,1074.7508417472231,0.21404320987654318,0.7101851851851853,0.46211419753086425,0.3589132507149666,0.03527168732125834,0.33841754051477596,0.4852240228789323,0.3065061963775023
DC42,DC32,DC42->DC32,0.0,0.0,0.0,0.0,120.0,120.0,0.0,0.0,0.0,84638.0,10275.0,84518.0,10155.0,788.9416666600921,0.6165123456790124,0.3603395061728395,0.48842592592592593,0.3279313632030505,0.052430886558627265,0.33841754051477596,0.5100095328884652,0.3061487130600572
DC17,DC20,DC17->DC20,0.0,0.0,0.0,0.0,1.0,1.0,0.0,0.0,0.0,795108.0,84.0,795107.0,83.0,795189.9992048099,0.7677469135802468,0.7592592592592592,0.763503086419753,0.2565538608198284,0.655862726406101,0.33841754051477596,0.005719733079122974,0.30595209723546235
DC22,DC34,DC22->DC34,0.0,0.0,0.0,0.0,27.0,7.0,0.0,0.0,0.0,884569.0,1903.0,884562.0,1896.0,126636.85712476616,0.7834876543209874,0.6189814814814814,0.7012345679012344,0.30147759771210675,0.5090562440419447,0.33841754051477596,0.0886558627264061,0.30570781696854143
DC28,DC20,DC28->DC20,0.0,0.0,0.0,0.0,2.0,2.0,0.0,0.0,0.0,212797.0,84.0,212795.0,82.0,106438.49994678075,0.684104938271605,0.7592592592592592,0.7216820987654321,0.2631077216396568,0.5510009532888466,0.33841754051477596,0.10009532888465204,0.3056244041944709
DC31,DC37,DC31->DC37,0.0,0.0,0.0,0.0,142.0,104.0,0.0,0.0,0.0,58047.0,136.0,57943.0,32.0,557.451923071563,0.5600308641975309,0.23888888888888887,0.3994598765432099,0.330791229742612,0.010486177311725452,0.33841754051477596,0.5452812202097236,0.3054814108674928
DC9,DC13,DC9->DC13,0.0,0.0,0.0,0.0,54.0,10.0,0.0,0.0,0.0,92175.0,54.0,92165.0,44.0,9220.89999907791,0.9165123456790123,0.2623456790123456,0.5894290123456789,0.31530028598665394,0.2950428979980934,0.33841754051477596,0.28217349857006674,0.3054218303145853
DC13,DC5,DC13->DC5,0.0,0.0,0.0,0.0,270.0,77.0,0.0,0.0,0.0,1189.0,693070.0,1112.0,692993.0,9014.35064923358,0.2623456790123456,0.8759259259259259,0.5691358024691358,0.3417540514775977,0.25357483317445184,0.33841754051477596,0.2859866539561487,0.3052669208770257
DC6,DC4,DC6->DC4,0.0,0.0,0.0,0.0,733.0,612.0,0.0,0.0,0.0,1832.0,2405716.0,1220.0,2405104.0,3931.901960777889,0.19999999999999998,0.8876543209876543,0.5438271604938272,0.35653002859866534,0.15919923736892277,0.33841754051477596,0.3593898951382269,0.3051954242135367
DC33,DC3,DC33->DC3,0.0,0.0,0.0,0.0,192.0,42.0,0.0,0.0,0.0,3913.0,727980.0,3871.0,727938.0,17424.023809108952,0.2989197530864197,0.8919753086419754,0.5954475308641975,0.33484270734032406,0.3098188751191611,0.33841754051477596,0.23832221163012393,0.3049928503336511
DC6,DC62,DC6->DC62,0.0,0.0,0.0,0.0,436.0,412.0,0.0,0.0,0.0,1832.0,1059024.0,1420.0,1058612.0,2572.8932038772505,0.19999999999999998,0.8708333333333331,0.5354166666666665,0.3477121067683508,0.12964728312678742,0.33841754051477596,0.4003813155386082,0.30496901811248806
DC67,DC10,DC67->DC10,0.0,0.0,0.0,0.0,330.0,115.0,0.0,0.0,0.0,5308.0,2290621.0,5193.0,2290506.0,19962.599999826412,0.28564814814814815,0.8976851851851853,0.5916666666666667,0.34437559580552907,0.3026692087702574,0.33841754051477596,0.23164918970448045,0.30487368922783603
DC6,DC14,DC6->DC14,0.0,0.0,0.0,0.0,180.0,130.0,0.0,0.0,0.0,1832.0,902659.0,1702.0,902529.0,6955.623076869572,0.19999999999999998,0.9246913580246913,0.5623456790123457,0.33436606291706383,0.22974261201143947,0.33841754051477596,0.3145853193517636,0.3038727359389895
DC10,DC65,DC10->DC65,0.0,0.0,0.0,0.0,50.0,19.0,0.0,0.0,0.0,336532.0,201281.0,336513.0,201262.0,28303.94736693137,0.8976851851851853,0.37870370370370365,0.6381944444444445,0.313512869399428,0.3703527168732126,0.33841754051477596,0.20305052430886558,0.3038429456625357
DC43,DC29,DC43->DC29,0.0,0.0,0.0,0.0,231.0,174.0,0.0,0.0,0.0,145712.0,1600.0,145538.0,1426.0,844.6206896503184,0.6375,0.2612654320987654,0.4493827160493827,0.33841754051477596,0.023832221163012392,0.33841754051477596,0.5061963775023832,0.30171591992373686
DC20,DC34,DC20->DC34,0.0,0.0,0.0,0.0,21.0,4.0,0.0,0.0,0.0,422975.0,1903.0,422971.0,1899.0,106217.49997344562,0.7592592592592592,0.6189814814814814,0.6891203703703703,0.29766444232602474,0.48141086749285034,0.33841754051477596,0.10104861773117255,0.30056005719733075
DC21,DC34,DC21->DC34,0.0,0.0,0.0,0.0,28.0,4.0,0.0,0.0,0.0,360996.0,1903.0,360992.0,1899.0,90722.74997731931,0.7339506172839506,0.6189814814814814,0.6764660493827159,0.30207340324118204,0.4604385128693994,0.33841754051477596,0.11439466158245949,0.30019661582459484
DC61,DC10,DC61->DC10,0.0,0.0,0.0,0.0,529.0,301.0,0.0,0.0,0.0,372.0,2290621.0,71.0,2290320.0,7609.2724252238895,0.21172839506172836,0.8976851851851853,0.5547067901234568,0.35128693994280263,0.20066730219256435,0.33841754051477596,0.30219256434699715,0.2994280266920877
DC56,DC12,DC56->DC12,0.0,0.0,0.0,0.0,51.0,44.0,0.0,0.0,0.0,6068.0,284822.0,6024.0,284778.0,6609.136363486156,0.4652777777777778,0.6597222222222222,0.5625,0.3138703527168732,0.23164918970448045,0.33841754051477596,0.323164918970448,0.2993207816968541
DC66,DC14,DC66->DC14,0.0,0.0,0.0,0.0,3227.0,61.0,0.0,0.0,0.0,1367.0,902659.0,1306.0,902598.0,14818.09836041282,0.19104938271604935,0.9246913580246913,0.5578703703703703,0.3765490943755958,0.2130600571973308,0.33841754051477596,0.24976167778836988,0.2982602478551001
DC34,DC30,DC34->DC30,0.0,0.0,0.0,0.0,1.0,1.0,0.0,0.0,0.0,17871.0,287.0,17870.0,286.0,18155.999981843997,0.6189814814814814,0.6763888888888888,0.647685185185185,0.2565538608198284,0.3932316491897045,0.33841754051477596,0.23641563393708293,0.2979683031458532
DC66,DC3,DC66->DC3,0.0,0.0,0.0,0.0,2939.0,104.0,0.0,0.0,0.0,1367.0,727980.0,1263.0,727876.0,7010.95192300951,0.19104938271604935,0.8919753086419754,0.5415123456790124,0.3753574833174452,0.14871306005719734,0.33841754051477596,0.3136320305052431,0.2977240228789323
DC8,DC13,DC8->DC13,0.0,0.0,0.0,0.0,39.0,26.0,0.0,0.0,0.0,218287.0,54.0,218261.0,28.0,8395.730768907857,0.8814814814814814,0.2623456790123456,0.5719135802469135,0.3086272640610105,0.2621544327931363,0.33841754051477596,0.29361296472831266,0.2977240228789323
DC62,DC33,DC62->DC33,0.0,0.0,0.0,0.0,96.0,12.0,0.0,0.0,0.0,195979.0,367.0,195967.0,355.0,16360.166665303319,0.8708333333333331,0.2989197530864197,0.5848765432098764,0.32435653002859866,0.28741658722592944,0.33841754051477596,0.2459485224022879,0.29762869399428027
DC60,DC64,DC60->DC64,0.0,0.0,0.0,0.0,349.0,234.0,0.0,0.0,0.0,63647.0,317231.0,63413.0,316997.0,1625.6837606768133,0.5694444444444444,0.38518518518518513,0.47731481481481475,0.34592469018112487,0.047664442326024785,0.33841754051477596,0.45281220209723544,0.29695543374642513
DC57,DC35,DC57->DC35,0.0,0.0,0.0,0.0,4201.0,249.0,0.0,0.0,0.0,1015.0,586705.0,766.0,586456.0,2358.3212851310914,0.21820987654320984,0.7146604938271605,0.4664351851851851,0.3806005719733079,0.03908484270734033,0.33841754051477596,0.41086749285033364,0.29646091515729267
DC68,DC40,DC68->DC40,0.0,0.0,0.0,0.0,40.0,33.0,0.0,0.0,0.0,35817.0,97443.0,35784.0,97410.0,4036.18181805951,0.4356481481481481,0.6654320987654321,0.5505401234567902,0.3092230695900858,0.18779790276453764,0.33841754051477596,0.35843660629170637,0.2955493326978074
DC26,DC32,DC26->DC32,0.0,0.0,0.0,0.0,124.0,113.0,0.0,0.0,0.0,179850.0,10275.0,179737.0,10162.0,1680.5221238789334,0.6458333333333333,0.3603395061728395,0.5030864197530864,0.328884652049571,0.06863679694947569,0.33841754051477596,0.4489990467111535,0.2952812202097235
DC74,DC4,DC74->DC4,0.0,0.0,0.0,0.0,909.0,382.0,0.0,0.0,0.0,6649.0,2405716.0,6267.0,2405334.0,6313.091623020123,0.1942901234567901,0.8876543209876543,0.5409722222222222,0.35938989513822683,0.14680648236415633,0.33841754051477596,0.32697807435653004,0.2949952335557674
DC4,DC64,DC4->DC64,0.0,0.0,0.0,0.0,13.0,13.0,0.0,0.0,0.0,65103.0,317231.0,65090.0,317218.0,29408.307690045516,0.8876543209876543,0.38518518518518513,0.6364197530864197,0.2914680648236415,0.3665395614871306,0.33841754051477596,0.2020972354623451,0.29493565300285984
DC19,DC34,DC19->DC34,0.0,0.0,0.0,0.0,33.0,4.0,0.0,0.0,0.0,801505.0,1903.0,801501.0,1899.0,200849.99994978748,0.7584876543209877,0.6189814814814814,0.6887345679012346,0.30517159199237365,0.4804575786463298,0.33841754051477596,0.06768350810295519,0.29460795996186845
DC66,DC4,DC66->DC4,0.0,0.0,0.0,0.0,13064.0,245.0,0.0,0.0,0.0,1367.0,2405716.0,1122.0,2405471.0,9822.828571388478,0.19104938271604935,0.8876543209876543,0.5393518518518519,0.3953765490943756,0.14204003813155386,0.33841754051477596,0.2783603431839847,0.2942445185891325
DC25,DC32,DC25->DC32,0.0,0.0,0.0,0.0,91.0,25.0,0.0,0.0,0.0,535975.0,10275.0,535950.0,10250.0,21847.99999912608,0.8162037037037037,0.3603395061728395,0.5882716049382716,0.3238798856053384,0.2917063870352717,0.33841754051477596,0.22688274547187798,0.29376787416587224
DC72,DC62,DC72->DC62,0.0,0.0,0.0,0.0,544.0,152.0,0.0,0.0,0.0,17091.0,1059024.0,16939.0,1058872.0,7077.703947321857,0.21959876543209875,0.8708333333333331,0.545216049382716,0.3517635843660629,0.16587225929456625,0.33841754051477596,0.3117254528122021,0.2932793136320305
DC2,DC9,DC2->DC9,0.0,0.0,0.0,0.0,204.0,164.0,0.0,0.0,0.0,496.0,1447351.0,332.0,1447187.0,8826.33536579984,0.19891975308641974,0.9165123456790123,0.557716049382716,0.33591515729265964,0.21163012392755004,0.33841754051477596,0.28789323164918973,0.2932137750238322
DC51,DC29,DC51->DC29,0.0,0.0,0.0,0.0,494.0,250.0,0.0,0.0,0.0,715715.0,1600.0,715465.0,1350.0,2867.259999988531,0.775,0.2612654320987654,0.5181327160493827,0.34961868446139177,0.09246901811248809,0.33841754051477596,0.38703527168732127,0.2930052430886559
DC56,DC62,DC56->DC62,0.0,0.0,0.0,0.0,34.0,10.0,0.0,0.0,0.0,6068.0,1059024.0,6058.0,1059014.0,106507.19998934928,0.4652777777777778,0.8708333333333331,0.6680555555555554,0.3060057197330791,0.4413727359389895,0.33841754051477596,0.09914204003813155,0.29299332697807434
DC30,DC34,DC30->DC34,0.0,0.0,0.0,0.0,7.0,4.0,0.0,0.0,0.0,156937.0,1903.0,156933.0,1899.0,39707.999990072996,0.6763888888888888,0.6189814814814814,0.647685185185185,0.2831267874165872,0.3932316491897045,0.33841754051477596,0.17921830314585319,0.29296949475691136
DC10,DC64,DC10->DC64,0.0,0.0,0.0,0.0,38.0,12.0,0.0,0.0,0.0,336532.0,317231.0,336520.0,317219.0,54478.249995460144,0.8976851851851853,0.38518518518518513,0.6414351851851852,0.307793136320305,0.37893231649189707,0.33841754051477596,0.1572926596758818,0.2925464728312679
DC57,DC10,DC57->DC10,0.0,0.0,0.0,0.0,3995.0,99.0,0.0,0.0,0.0,1015.0,2290621.0,916.0,2290522.0,23145.838383604587,0.21820987654320984,0.8976851851851853,0.5579475308641976,0.3794089609151573,0.21448999046711154,0.33841754051477596,0.219256434699714,0.2919923736892278
DC57,DC62,DC57->DC62,0.0,0.0,0.0,0.0,2384.0,103.0,0.0,0.0,0.0,1015.0,1059024.0,912.0,1058921.0,10289.64077659913,0.21820987654320984,0.8708333333333331,0.5445216049382715,0.3729742612011439,0.16348903717826502,0.33841754051477596,0.27740705433746427,0.29152764537654907
DC10,DC67,DC10->DC67,0.0,0.0,0.0,0.0,22.0,20.0,0.0,0.0,0.0,336532.0,219.0,336512.0,199.0,16835.549999158222,0.8976851851851853,0.28564814814814815,0.5916666666666667,0.2982602478551001,0.3026692087702574,0.33841754051477596,0.24118207816968543,0.29111653956148714
DC11,DC9,DC11->DC9,0.0,0.0,0.0,0.0,655.0,99.0,0.0,0.0,0.0,15788.0,1447351.0,15689.0,1447252.0,14777.181818032554,0.19969135802469132,0.9165123456790123,0.5581018518518518,0.3536701620591039,0.21544327931363202,0.33841754051477596,0.25071496663489035,0.29108674928503336
DC28,DC34,DC28->DC34,0.0,0.0,0.0,0.0,9.0,4.0,0.0,0.0,0.0,212797.0,1903.0,212793.0,1899.0,53672.99998658175,0.684104938271605,0.6189814814814814,0.6515432098765432,0.2859866539561487,0.4022878932316492,0.33841754051477596,0.15824594852240229,0.29099142040038134
DC13,DC15,DC13->DC15,0.0,0.0,0.0,0.0,2.0,2.0,0.0,0.0,0.0,1189.0,335.0,1187.0,333.0,759.9999996199999,0.2623456790123456,0.7561728395061729,0.5092592592592593,0.2631077216396568,0.0776930409914204,0.33841754051477596,0.5147759771210677,0.2909675881792183
DC17,DC81,DC17->DC81,0.0,0.0,0.0,0.0,471.0,113.0,0.0,0.0,0.0,795108.0,32374.0,794995.0,32261.0,7320.849557457337,0.7677469135802468,0.32129629629629625,0.5445216049382715,0.34914204003813154,0.16348903717826502,0.33841754051477596,0.3060057197330791,0.2903360343183985
DC13,DC62,DC13->DC62,0.0,0.0,0.0,0.0,238.0,62.0,0.0,0.0,0.0,1189.0,1059024.0,1127.0,1058962.0,17098.20967714358,0.2623456790123456,0.8708333333333331,0.5665895061728394,0.33901334604385125,0.24118207816968543,0.33841754051477596,0.2402287893231649,0.28977001906577693
DC50,DC65,DC50->DC65,0.0,0.0,0.0,0.0,265.0,135.0,0.0,0.0,0.0,141641.0,201281.0,141506.0,201146.0,2538.162962944162,0.6385802469135802,0.37870370370370365,0.508641975308642,0.3410390848427073,0.07626310772163966,0.33841754051477596,0.4013346043851287,0.289525738798856
DC38,DC34,DC38->DC34,0.0,0.0,0.0,0.0,8.0,3.0,0.0,0.0,0.0,321772.0,1903.0,321769.0,1900.0,107889.66663070345,0.7305555555555555,0.6189814814814814,0.6747685185185184,0.28455672068636795,0.45757864632983797,0.33841754051477596,0.09723546234509056,0.2890610104861773
DC7,DC65,DC7->DC65,0.0,0.0,0.0,0.0,231.0,119.0,0.0,0.0,0.0,39972.0,201281.0,39853.0,201162.0,2025.3361344367618,0.575925925925926,0.37870370370370365,0.4773148148148148,0.33841754051477596,0.04861773117254528,0.33841754051477596,0.4299332697807436,0.2888465204957102
DC7,DC34,DC7->DC34,0.0,0.0,0.0,0.0,3.0,3.0,0.0,0.0,0.0,39972.0,1903.0,39969.0,1900.0,13956.333328681221,0.575925925925926,0.6189814814814814,0.5974537037037037,0.26978074356530024,0.31410867492850336,0.33841754051477596,0.2554814108674929,0.2875834127740705
DC21,DC81,DC21->DC81,0.0,0.0,0.0,0.0,178.0,111.0,0.0,0.0,0.0,360996.0,32374.0,360885.0,32263.0,3541.873873841965,0.7339506172839506,0.32129629629629625,0.5276234567901235,0.3341277407054337,0.109628217349857,0.33841754051477596,0.36987607244995235,0.2875834127740705
DC40,DC34,DC40->DC34,0.0,0.0,0.0,0.0,2.0,2.0,0.0,0.0,0.0,63832.0,1903.0,63830.0,1901.0,32865.49998356725,0.6654320987654321,0.6189814814814814,0.6422067901234567,0.2631077216396568,0.38369876072449954,0.33841754051477596,0.19161105815061963,0.28667778836987606
DC72,DC9,DC72->DC9,0.0,0.0,0.0,0.0,269.0,58.0,0.0,0.0,0.0,17091.0,1447351.0,17033.0,1447293.0,25246.99999956471,0.21959876543209875,0.9165123456790123,0.5680555555555555,0.34151572926596757,0.2449952335557674,0.33841754051477596,0.21544327931363202,0.2854027645376549
DC14,DC33,DC14->DC33,0.0,0.0,0.0,0.0,118.0,27.0,0.0,0.0,0.0,1575798.0,367.0,1575771.0,340.0,58374.48147931946,0.9246913580246913,0.2989197530864197,0.6118055555555555,0.32745471877979027,0.32745471877979027,0.33841754051477596,0.1515729265967588,0.28512869399428026
DC28,DC81,DC28->DC81,0.0,0.0,0.0,0.0,209.0,89.0,0.0,0.0,0.0,212797.0,32374.0,212708.0,32285.0,2752.730337047722,0.684104938271605,0.32129629629629625,0.5027006172839507,0.33663012392755004,0.06768350810295519,0.33841754051477596,0.3937082936129647,0.2839311248808389
DC67,DC32,DC67->DC32,0.0,0.0,0.0,0.0,48.0,15.0,0.0,0.0,0.0,5308.0,10275.0,5293.0,10260.0,1036.8666665975422,0.28564814814814815,0.3603395061728395,0.32299382716049385,0.3123212583412774,0.004766444232602479,0.33841754051477596,0.4899904671115348,0.2837642993326978
DC32,DC14,DC32->DC14,0.0,0.0,0.0,0.0,13.0,13.0,0.0,0.0,0.0,1426.0,902659.0,1413.0,902646.0,69542.99999465054,0.3603395061728395,0.9246913580246913,0.6425154320987654,0.2914680648236415,0.3856053384175405,0.33841754051477596,0.13536701620591038,0.28301954242135363
DC15,DC65,DC15->DC65,0.0,0.0,0.0,0.0,72.0,31.0,0.0,0.0,0.0,357552.0,201281.0,357521.0,201250.0,18024.87096716049,0.7561728395061729,0.37870370370370365,0.5674382716049382,0.3207816968541468,0.24213536701620592,0.33841754051477596,0.23736892278360344,0.2829122974261201
DC73,DC40,DC73->DC40,0.0,0.0,0.0,0.0,5.0,3.0,0.0,0.0,0.0,352936.0,97443.0,352933.0,97440.0,150124.3332832919,0.6802469135802469,0.6654320987654321,0.6728395061728395,0.2790753098188751,0.451858913250715,0.33841754051477596,0.08198284080076262,0.28189942802669204
DC7,DC70,DC7->DC70,0.0,0.0,0.0,0.0,16.0,4.0,0.0,0.0,0.0,39972.0,280449.0,39968.0,280445.0,80103.24997997419,0.575925925925926,0.7101851851851853,0.6430555555555556,0.29444709246901807,0.38798856053384173,0.33841754051477596,0.12297426120114395,0.28155981887511916
DC65,DC62,DC65->DC62,0.0,0.0,0.0,0.0,64.0,15.0,0.0,0.0,0.0,193.0,1059024.0,178.0,1059009.0,70612.46666195917,0.37870370370370365,0.8708333333333331,0.6247685185185183,0.31839847473784555,0.3446139180171592,0.33841754051477596,0.1325071496663489,0.2814823641563393
DC13,DC9,DC13->DC9,0.0,0.0,0.0,0.0,202.0,25.0,0.0,0.0,0.0,1189.0,1447351.0,1164.0,1447326.0,57939.59999768242,0.2623456790123456,0.9165123456790123,0.5894290123456789,0.3354385128693994,0.2950428979980934,0.33841754051477596,0.15252621544327932,0.28005838894184937
DC27,DC34,DC27->DC34,0.0,0.0,0.0,0.0,7.0,3.0,0.0,0.0,0.0,150106.0,1903.0,150103.0,1900.0,50667.66664977744,0.6430555555555555,0.6189814814814814,0.6310185185185184,0.2831267874165872,0.3565300285986654,0.33841754051477596,0.16205910390848427,0.27950428979980935
DC72,DC8,DC72->DC8,0.0,0.0,0.0,0.0,469.0,125.0,0.0,0.0,0.0,17091.0,2130508.0,16966.0,2130383.0,17178.79199986257,0.21959876543209875,0.8814814814814814,0.55054012345679,0.3489037178265014,0.18684461391801716,0.33841754051477596,0.23927550047664442,0.27940896091515727
DC32,DC70,DC32->DC70,0.0,0.0,0.0,0.0,70.0,51.0,0.0,0.0,0.0,1426.0,280449.0,1375.0,280398.0,5524.960784205393,0.3603395061728395,0.7101851851851853,0.5352623456790124,0.3203050524308865,0.12821734985700667,0.33841754051477596,0.33555767397521447,0.278813155386082
DC57,DC8,DC57->DC8,0.0,0.0,0.0,0.0,2631.0,76.0,0.0,0.0,0.0,1015.0,2130508.0,939.0,2130432.0,28044.35526278889,0.21820987654320984,0.8814814814814814,0.5498456790123456,0.3736892278360343,0.18493803622497618,0.33841754051477596,0.20400381315538607,0.278789323164919
DC64,DC4,DC64->DC4,0.0,0.0,0.0,0.0,109.0,19.0,0.0,0.0,0.0,3381.0,2405716.0,3362.0,2405697.0,126792.57894069512,0.38518518518518513,0.8876543209876543,0.6364197530864197,0.3263822688274547,0.3665395614871306,0.33841754051477596,0.0877025738798856,0.2785569590085796
DC21,DC32,DC21->DC32,0.0,0.0,0.0,0.0,116.0,40.0,0.0,0.0,0.0,360996.0,10275.0,360956.0,10235.0,9279.774999768006,0.7339506172839506,0.3603395061728395,0.547145061728395,0.32697807435653004,0.17254528122020973,0.33841754051477596,0.28026692087702576,0.2784080076263108
DC15,DC33,DC15->DC33,0.0,0.0,0.0,0.0,251.0,56.0,0.0,0.0,0.0,357552.0,367.0,357496.0,311.0,6389.410714171618,0.7561728395061729,0.2989197530864197,0.5275462962962962,0.33996663489037177,0.10819828408007626,0.33841754051477596,0.3260247855100095,0.27830672068636797
DC20,DC81,DC20->DC81,0.0,0.0,0.0,0.0,97.0,63.0,0.0,0.0,0.0,422975.0,32374.0,422912.0,32311.0,7225.761904647211,0.7592592592592592,0.32129629629629625,0.5402777777777777,0.32471401334604383,0.14585319351763584,0.33841754051477596,0.3088655862726406,0.27809223069590083
DC50,DC29,DC50->DC29,0.0,0.0,0.0,0.0,166.0,65.0,0.0,0.0,0.0,141641.0,1600.0,141576.0,1535.0,2201.7076922738197,0.6385802469135802,0.2612654320987654,0.4499228395061728,0.33329361296472826,0.02478551000953289,0.33841754051477596,0.41754051477597715,0.2779969018112488
DC41,DC81,DC41->DC81,0.0,0.0,0.0,0.0,67.0,50.0,0.0,0.0,0.0,62007.0,32374.0,61957.0,32324.0,1885.6199999622877,0.5645061728395062,0.32129629629629625,0.4429012345679012,0.3194709246901811,0.022878932316491896,0.33841754051477596,0.438512869399428,0.27792540514775976
DC48,DC34,DC48->DC34,0.0,0.0,0.0,0.0,3.0,3.0,0.0,0.0,0.0,201093.0,1903.0,201090.0,1900.0,67663.3333107789,0.666820987654321,0.6189814814814814,0.6429012345679012,0.26978074356530024,0.38703527168732127,0.33841754051477596,0.13822688274547187,0.27650142993326976
DC50,DC34,DC50->DC34,0.0,0.0,0.0,0.0,4.0,3.0,0.0,0.0,0.0,141641.0,1903.0,141638.0,1900.0,47845.999984051334,0.6385802469135802,0.6189814814814814,0.6287808641975308,0.27514299332697806,0.3508102955195424,0.33841754051477596,0.16587225929456625,0.27623331744518587
DC15,DC64,DC15->DC64,0.0,0.0,0.0,0.0,67.0,22.0,0.0,0.0,0.0,357552.0,317231.0,357530.0,317209.0,30669.954544060456,0.7561728395061729,0.38518518518518513,0.570679012345679,0.3194709246901811,0.2554814108674929,0.33841754051477596,0.19733079122974262,0.27578050524308867
DC34,DC67,DC34->DC67,0.0,0.0,0.0,0.0,16.0,12.0,0.0,0.0,0.0,17871.0,219.0,17859.0,207.0,1505.4999998745416,0.6189814814814814,0.28564814814814815,0.4523148148148147,0.29444709246901807,0.02716873212583413,0.33841754051477596,0.45948522402287895,0.275482602478551
DC7,DC35,DC7->DC35,0.0,0.0,0.0,0.0,19.0,5.0,0.0,0.0,0.0,39972.0,586705.0,39967.0,586700.0,125333.39997493332,0.575925925925926,0.7146604938271605,0.6452932098765432,0.2965919923736892,0.3908484270734032,0.33841754051477596,0.08960915157292659,0.27468422306959006
DC2,DC14,DC2->DC14,0.0,0.0,0.0,0.0,107.0,34.0,0.0,0.0,0.0,496.0,902659.0,462.0,902625.0,26561.382352159962,0.19891975308641974,0.9246913580246913,0.5618055555555554,0.32566730219256435,0.22688274547187798,0.33841754051477596,0.21163012392755004,0.2743744041944709
DC68,DC3,DC68->DC3,0.0,0.0,0.0,0.0,13.0,3.0,0.0,0.0,0.0,35817.0,727980.0,35814.0,727977.0,254596.99991513434,0.4356481481481481,0.8919753086419754,0.6638117283950618,0.2914680648236415,0.4299332697807436,0.33841754051477596,0.05338417540514776,0.2736058150619638
DC65,DC4,DC65->DC4,0.0,0.0,0.0,0.0,57.0,18.0,0.0,0.0,0.0,193.0,2405716.0,175.0,2405698.0,133659.61110368557,0.37870370370370365,0.8876543209876543,0.633179012345679,0.31613441372735934,0.3598665395614871,0.33841754051477596,0.08674928503336511,0.2730636320305052
DC73,DC34,DC73->DC34,0.0,0.0,0.0,0.0,7.0,3.0,0.0,0.0,0.0,352936.0,1903.0,352933.0,1900.0,118277.66662724077,0.6802469135802469,0.6189814814814814,0.6496141975308641,0.2831267874165872,0.3984747378455672,0.33841754051477596,0.09246901811248809,0.2725929456625357
DC44,DC32,DC44->DC32,0.0,0.0,0.0,0.0,140.0,42.0,0.0,0.0,0.0,511263.0,10275.0,511221.0,10233.0,12415.57142827582,0.7271604938271605,0.3603395061728395,0.54375,0.33031458531935176,0.1572926596758818,0.33841754051477596,0.2640610104861773,0.2717111534795043
DC46,DC29,DC46->DC29,0.0,0.0,0.0,0.0,97.0,60.0,0.0,0.0,0.0,211065.0,1600.0,211005.0,1540.0,3542.4166666076267,0.7342592592592593,0.2612654320987654,0.49776234567901234,0.32471401334604383,0.06005719733079123,0.33841754051477596,0.36892278360343184,0.2716575309818875
DC43,DC45,DC43->DC45,0.0,0.0,0.0,0.0,4.0,4.0,0.0,0.0,0.0,145712.0,4.0,145708.0,0.0,36426.99999089325,0.6375,0.5515432098765432,0.5945216049382716,0.27514299332697806,0.3088655862726406,0.33841754051477596,0.18684461391801716,0.27099022878932316
DC10,DC13,DC10->DC13,0.0,0.0,0.0,0.0,67.0,6.0,0.0,0.0,0.0,336532.0,54.0,336526.0,48.0,56095.666657317386,0.8976851851851853,0.2623456790123456,0.5800154320987654,0.3194709246901811,0.2797902764537655,0.33841754051477596,0.1534795042897998,0.2708948999046711
DC48,DC32,DC48->DC32,0.0,0.0,0.0,0.0,73.0,44.0,0.0,0.0,0.0,201093.0,10275.0,201049.0,10231.0,4801.81818170905,0.666820987654321,0.3603395061728395,0.5135802469135802,0.32102001906577693,0.0877025738798856,0.33841754051477596,0.34318398474737843,0.2708412774070543
DC44,DC64,DC44->DC64,0.0,0.0,0.0,0.0,71.0,37.0,0.0,0.0,0.0,511263.0,317231.0,511226.0,317194.0,22389.729729124603,0.7271604938271605,0.38518518518518513,0.5561728395061728,0.32054337464251664,0.20686367969494757,0.33841754051477596,0.22402287893231648,0.2706744518589132
DC60,DC34,DC60->DC34,0.0,0.0,0.0,0.0,3.0,2.0,0.0,0.0,0.0,63647.0,1903.0,63645.0,1901.0,32772.999983613496,0.5694444444444444,0.6189814814814814,0.5942129629629629,0.26978074356530024,0.30791229742612014,0.33841754051477596,0.19256434699714015,0.27030505243088654
DC47,DC34,DC47->DC34,0.0,0.0,0.0,0.0,4.0,2.0,0.0,0.0,0.0,579385.0,1903.0,579383.0,1901.0,290641.999854679,0.7172839506172839,0.6189814814814814,0.6681327160493826,0.27514299332697806,0.4432793136320305,0.33841754051477596,0.047664442326024785,0.26979861773117253
DC66,DC5,DC66->DC5,0.0,0.0,0.0,0.0,1068.0,43.0,0.0,0.0,0.0,1367.0,693070.0,1324.0,693027.0,16147.697674043078,0.19104938271604935,0.8759259259259259,0.5334876543209877,0.361534795042898,0.12011439466158245,0.33841754051477596,0.2469018112488084,0.2690538608198284
DC48,DC29,DC48->DC29,0.0,0.0,0.0,0.0,105.0,66.0,0.0,0.0,0.0,201093.0,1600.0,201027.0,1534.0,3069.106060559559,0.666820987654321,0.2612654320987654,0.4640432098765432,0.3253098188751191,0.03622497616777884,0.33841754051477596,0.3794089609151573,0.2685295519542421
DC65,DC10,DC65->DC10,0.0,0.0,0.0,0.0,54.0,10.0,0.0,0.0,0.0,193.0,2290621.0,183.0,2290611.0,229079.39997709205,0.37870370370370365,0.8976851851851853,0.6381944444444445,0.31530028598665394,0.3703527168732126,0.33841754051477596,0.05910390848427073,0.2684818875119161
DC36,DC29,DC36->DC29,0.0,0.0,0.0,0.0,241.0,86.0,0.0,0.0,0.0,938959.0,1600.0,938873.0,1514.0,10934.732558012387,0.8058641975308642,0.2612654320987654,0.5335648148148149,0.3396091515729266,0.1215443279313632,0.33841754051477596,0.2726406101048618,0.26817206863679693
DC10,DC76,DC10->DC76,0.0,0.0,0.0,0.0,24.0,8.0,0.0,0.0,0.0,336532.0,96.0,336524.0,88.0,42076.499994740436,0.8976851851851853,0.2558641975308642,0.5767746913580247,0.29957102001906577,0.27407054337464254,0.33841754051477596,0.1754051477597712,0.26798141086749283
DC31,DC34,DC31->DC34,0.0,0.0,0.0,0.0,2.0,2.0,0.0,0.0,0.0,58047.0,1903.0,58045.0,1901.0,29972.9999850135,0.5600308641975309,0.6189814814814814,0.5895061728395061,0.2631077216396568,0.29647283126787416,0.33841754051477596,0.2001906577693041,0.2670162059103908
DC18,DC8,DC18->DC8,0.0,0.0,0.0,0.0,226.0,135.0,0.0,0.0,0.0,97234.0,2130508.0,97099.0,2130373.0,16499.792592470374,0.19753086419753083,0.8814814814814814,0.5395061728395061,0.3379408960915157,0.14299332697807435,0.33841754051477596,0.2440419447092469,0.2658007626310772
DC61,DC14,DC61->DC14,0.0,0.0,0.0,0.0,31.0,24.0,0.0,0.0,0.0,372.0,902659.0,348.0,902635.0,37624.29166509899,0.21172839506172836,0.9246913580246913,0.5682098765432098,0.30386081982840796,0.24642516682554813,0.33841754051477596,0.18398474737845566,0.26471639656816015
DC43,DC34,DC43->DC34,0.0,0.0,0.0,0.0,3.0,2.0,0.0,0.0,0.0,145712.0,1903.0,145710.0,1901.0,73805.49996309725,0.6375,0.6189814814814814,0.6282407407407407,0.26978074356530024,0.34985700667302194,0.33841754051477596,0.12583412774070543,0.2641086749285033
DC65,DC5,DC65->DC5,0.0,0.0,0.0,0.0,16.0,6.0,0.0,0.0,0.0,193.0,693070.0,187.0,693064.0,115541.83331407636,0.37870370370370365,0.8759259259259259,0.6273148148148148,0.29444709246901807,0.34699714013346045,0.33841754051477596,0.09342230695900858,0.26392397521448996
DC69,DC3,DC69->DC3,0.0,0.0,0.0,0.0,2.0,2.0,0.0,0.0,0.0,50191.0,727980.0,50189.0,727978.0,389083.49980545824,0.4512345679012345,0.8919753086419754,0.671604938271605,0.2631077216396568,0.449952335557674,0.33841754051477596,0.032411820781696854,0.263441372735939
DC24,DC9,DC24->DC9,0.0,0.0,0.0,0.0,128.0,36.0,0.0,0.0,0.0,75.0,1447351.0,39.0,1447315.0,40204.277776660994,0.19675925925925922,0.9165123456790123,0.5566358024691358,0.3297187797902764,0.20877025738798857,0.33841754051477596,0.1782650142993327,0.26292302192564343
DC7,DC40,DC7->DC40,0.0,0.0,0.0,0.0,2.0,2.0,0.0,0.0,0.0,39972.0,97443.0,39970.0,97441.0,68705.49996564725,0.575925925925926,0.6654320987654321,0.620679012345679,0.2631077216396568,0.3393708293612965,0.33841754051477596,0.1363203050524309,0.2617731172545281
DC7,DC12,DC7->DC12,0.0,0.0,0.0,0.0,4.0,4.0,0.0,0.0,0.0,39972.0,284822.0,39968.0,284818.0,81196.49997970088,0.575925925925926,0.6597222222222222,0.6178240740740741,0.27514299332697806,0.33555767397521447,0.33841754051477596,0.12202097235462345,0.2614573403241182
DC26,DC34,DC26->DC34,0.0,0.0,0.0,0.0,2.0,2.0,0.0,0.0,0.0,179850.0,1903.0,179848.0,1901.0,90874.49995456275,0.6458333333333333,0.6189814814814814,0.6324074074074073,0.2631077216396568,0.3574833174451859,0.33841754051477596,0.11344137273593899,0.2605815061963775
DC2,DC4,DC2->DC4,0.0,0.0,0.0,0.0,124.0,106.0,0.0,0.0,0.0,496.0,2405716.0,390.0,2405610.0,22698.113207333037,0.19891975308641974,0.8876543209876543,0.5432870370370371,0.328884652049571,0.1553860819828408,0.33841754051477596,0.2221163012392755,0.2602478551000953
DC57,DC5,DC57->DC5,0.0,0.0,0.0,0.0,38.0,32.0,0.0,0.0,0.0,1015.0,693070.0,983.0,693038.0,21688.15624932225,0.21820987654320984,0.8759259259259259,0.5470679012345678,0.307793136320305,0.17159199237368922,0.33841754051477596,0.22783603431839847,0.25834723546234506
DC57,DC40,DC57->DC40,0.0,0.0,0.0,0.0,41.0,29.0,0.0,0.0,0.0,1015.0,97443.0,986.0,97414.0,3393.1034481588586,0.21820987654320984,0.6654320987654321,0.441820987654321,0.30958055290753095,0.0219256434699714,0.33841754051477596,0.3736892278360343,0.2580195424213536
DC76,DC3,DC76->DC3,0.0,0.0,0.0,0.0,14.0,12.0,0.0,0.0,0.0,36.0,727980.0,24.0,727968.0,60665.9999949445,0.2558641975308642,0.8919753086419754,0.5739197530864197,0.2925405147759771,0.2678741658722593,0.33841754051477596,0.14871306005719734,0.2572986177311725
DC17,DC32,DC17->DC32,0.0,0.0,0.0,0.0,24.0,17.0,0.0,0.0,0.0,795108.0,10275.0,795091.0,10258.0,47373.47058544862,0.7677469135802468,0.3603395061728395,0.5640432098765431,0.29957102001906577,0.23641563393708293,0.33841754051477596,0.16682554814108674,0.25642278360343185
DC48,DC64,DC48->DC64,0.0,0.0,0.0,0.0,78.0,42.0,0.0,0.0,0.0,201093.0,317231.0,201051.0,317189.0,12339.047618753833,0.666820987654321,0.38518518518518513,0.526003086419753,0.3217349857006673,0.10581506196377502,0.33841754051477596,0.2659675881792183,0.2563155386081983
DC2,DC3,DC2->DC3,0.0,0.0,0.0,0.0,46.0,30.0,0.0,0.0,0.0,496.0,727980.0,466.0,727950.0,24280.53333252398,0.19891975308641974,0.8919753086419754,0.5454475308641975,0.3114871306005719,0.16777883698760723,0.33841754051477596,0.21734985700667303,0.2560653002859866
DC5,DC61,DC5->DC61,0.0,0.0,0.0,0.0,3.0,3.0,0.0,0.0,0.0,32737.0,19.0,32734.0,16.0,10916.666663027778,0.8759259259259259,0.21172839506172836,0.5438271604938272,0.26978074356530024,0.15919923736892277,0.33841754051477596,0.27359389895138225,0.25338417540514774
DC32,DC35,DC32->DC35,0.0,0.0,0.0,0.0,117.0,23.0,0.0,0.0,0.0,1426.0,586705.0,1403.0,586682.0,25568.91304236657,0.3603395061728395,0.7146604938271605,0.5375,0.32721639656816015,0.13584366062917064,0.33841754051477596,0.21448999046711154,0.252871782650143
DC2,DC5,DC2->DC5,0.0,0.0,0.0,0.0,90.0,30.0,0.0,0.0,0.0,496.0,693070.0,466.0,693040.0,23116.866665896105,0.19891975308641974,0.8759259259259259,0.5374228395061729,0.3235224022878932,0.1344137273593899,0.33841754051477596,0.2202097235462345,0.2526513346043851
DC19,DC64,DC19->DC64,0.0,0.0,0.0,0.0,20.0,15.0,0.0,0.0,0.0,801505.0,317231.0,801490.0,317216.0,74580.39999502797,0.7584876543209877,0.38518518518518513,0.5718364197530864,0.29706863679694945,0.26024785510009535,0.33841754051477596,0.12488083889418494,0.25101882745471876
DC50,DC32,DC50->DC32,0.0,0.0,0.0,0.0,22.0,22.0,0.0,0.0,0.0,141641.0,10275.0,141619.0,10253.0,6903.272726958942,0.6385802469135802,0.3603395061728395,0.49945987654320984,0.2982602478551001,0.06291706387035272,0.33841754051477596,0.3174451858913251,0.25024428026692086
DC61,DC3,DC61->DC3,0.0,0.0,0.0,0.0,29.0,19.0,0.0,0.0,0.0,372.0,727980.0,353.0,727961.0,38332.315787456195,0.21172839506172836,0.8919753086419754,0.5518518518518518,0.3029075309818875,0.19161105815061963,0.33841754051477596,0.18207816968541468,0.2502025738798856
DC2,DC8,DC2->DC8,0.0,0.0,0.0,0.0,123.0,62.0,0.0,0.0,0.0,496.0,2130508.0,434.0,2130446.0,34369.03225751018,0.19891975308641974,0.8814814814814814,0.5402006172839506,0.3284080076263107,0.14489990467111535,0.33841754051477596,0.19065776930409914,0.24959485224022876
DC16,DC8,DC16->DC8,0.0,0.0,0.0,0.0,160.0,37.0,0.0,0.0,0.0,39346.0,2130508.0,39309.0,2130471.0,58642.70270111777,0.21404320987654318,0.8814814814814814,0.5477623456790123,0.33281696854146803,0.17683508102955195,0.33841754051477596,0.15061963775023832,0.24911224976167778
DC45,DC29,DC45->DC29,0.0,0.0,0.0,0.0,24.0,15.0,0.0,0.0,0.0,57400.0,1600.0,57385.0,1585.0,3931.3333330712444,0.5515432098765432,0.2612654320987654,0.4064043209876543,0.29957102001906577,0.011439466158245948,0.33841754051477596,0.3603431839847474,0.24855815061963774
DC61,DC5,DC61->DC5,0.0,0.0,0.0,0.0,27.0,25.0,0.0,0.0,0.0,372.0,693070.0,347.0,693045.0,27735.679998890573,0.21172839506172836,0.8759259259259259,0.5438271604938272,0.30147759771210675,0.15919923736892277,0.33841754051477596,0.20877025738798857,0.2482721639656816
DC2,DC10,DC2->DC10,0.0,0.0,0.0,0.0,87.0,41.0,0.0,0.0,0.0,496.0,2290621.0,455.0,2290580.0,55878.9024376615,0.19891975308641974,0.8976851851851853,0.5483024691358025,0.323164918970448,0.1801715919923737,0.33841754051477596,0.1553860819828408,0.24775977121067683
DC14,DC13,DC14->DC13,0.0,0.0,0.0,0.0,33.0,6.0,0.0,0.0,0.0,1575798.0,54.0,1575792.0,48.0,262639.9999562267,0.9246913580246913,0.2623456790123456,0.5935185185185184,0.30517159199237365,0.3064823641563394,0.33841754051477596,0.052430886558627265,0.24730100095328886
DC55,DC33,DC55->DC33,0.0,0.0,0.0,0.0,5.0,2.0,0.0,0.0,0.0,5405.0,367.0,5403.0,365.0,2883.999998558,0.39567901234567904,0.2989197530864197,0.3472993827160494,0.2790753098188751,0.0076263107721639654,0.33841754051477596,0.38608198284080075,0.24686606291706384
DC46,DC64,DC46->DC64,0.0,0.0,0.0,0.0,25.0,8.0,0.0,0.0,0.0,211065.0,317231.0,211057.0,317223.0,66034.99999174563,0.7342592592592593,0.38518518518518513,0.5597222222222222,0.30016682554814106,0.22116301239275502,0.33841754051477596,0.14108674928503337,0.24638346043851286
DC15,DC81,DC15->DC81,0.0,0.0,0.0,0.0,23.0,17.0,0.0,0.0,0.0,357552.0,32374.0,357535.0,32357.0,22934.823528062658,0.7561728395061729,0.32129629629629625,0.5387345679012345,0.29885605338417537,0.14013346043851288,0.33841754051477596,0.22116301239275502,0.24568636796949475
DC26,DC81,DC26->DC81,0.0,0.0,0.0,0.0,47.0,25.0,0.0,0.0,0.0,179850.0,32374.0,179825.0,32349.0,8486.959999660521,0.6458333333333333,0.32129629629629625,0.4835648148148147,0.3119637750238322,0.05052430886558627,0.33841754051477596,0.29075309818875117,0.24526930409914202
DC42,DC81,DC42->DC81,0.0,0.0,0.0,0.0,42.0,15.0,0.0,0.0,0.0,84638.0,32374.0,84623.0,32359.0,7798.79999948008,0.6165123456790124,0.32129629629629625,0.46890432098765433,0.3100571973307912,0.04099142040038131,0.33841754051477596,0.29933269780743565,0.24436367969494754
DC44,DC29,DC44->DC29,0.0,0.0,0.0,0.0,77.0,42.0,0.0,0.0,0.0,511263.0,1600.0,511221.0,1558.0,12209.02380923312,0.7271604938271605,0.2612654320987654,0.49421296296296297,0.32149666348903716,0.057197330791229746,0.33841754051477596,0.2669208770257388,0.24431601525262153
DC17,DC64,DC17->DC64,0.0,0.0,0.0,0.0,11.0,10.0,0.0,0.0,0.0,795108.0,317231.0,795098.0,317221.0,111231.89998887682,0.7677469135802468,0.38518518518518513,0.576466049382716,0.28860819828408,0.2726406101048618,0.33841754051477596,0.09532888465204957,0.24376787416587223
DC4,DC65,DC4->DC65,0.0,0.0,0.0,0.0,1.0,1.0,0.0,0.0,0.0,65103.0,201281.0,65102.0,201280.0,266381.999733618,0.8876543209876543,0.37870370370370365,0.633179012345679,0.2565538608198284,0.3598665395614871,0.33841754051477596,0.05147759771210677,0.24339251668255482
DC23,DC18,DC23->DC18,0.0,0.0,0.0,0.0,65.0,55.0,0.0,0.0,0.0,810066.0,55.0,810011.0,0.0,14727.472727004955,0.8141975308641975,0.19753086419753083,0.5058641975308642,0.3188751191611058,0.07006673021925644,0.33841754051477596,0.25166825548141086,0.24280266920877025
DC32,DC10,DC32->DC10,0.0,0.0,0.0,0.0,5.0,5.0,0.0,0.0,0.0,1426.0,2290621.0,1421.0,2290616.0,458407.39990831853,0.3603395061728395,0.8976851851851853,0.6290123456790124,0.2790753098188751,0.35224022878932315,0.33841754051477596,0.0219256434699714,0.2419804575786463
DC76,DC14,DC76->DC14,0.0,0.0,0.0,0.0,9.0,4.0,0.0,0.0,0.0,36.0,902659.0,32.0,902655.0,225671.74994358205,0.2558641975308642,0.9246913580246913,0.5902777777777777,0.2859866539561487,0.3007626310772164,0.33841754051477596,0.061010486177311724,0.24130123927550048
DC68,DC65,DC68->DC65,0.0,0.0,0.0,0.0,80.0,30.0,0.0,0.0,0.0,35817.0,201281.0,35787.0,201251.0,7901.266666403291,0.4356481481481481,0.37870370370370365,0.4071759259259259,0.3219733079122974,0.012392755004766444,0.33841754051477596,0.2974261201143947,0.24090800762631076
DC62,DC76,DC62->DC76,0.0,0.0,0.0,0.0,3.0,3.0,0.0,0.0,0.0,195979.0,96.0,195976.0,93.0,65356.33331154789,0.8708333333333331,0.2558641975308642,0.5633487654320987,0.26978074356530024,0.2340324118207817,0.33841754051477596,0.14680648236415633,0.240395614871306
DC58,DC34,DC58->DC34,0.0,0.0,0.0,0.0,1.0,1.0,0.0,0.0,0.0,176452.0,1903.0,176451.0,1902.0,178352.99982164698,0.5856481481481481,0.6189814814814814,0.6023148148148147,0.2565538608198284,0.32125834127740704,0.33841754051477596,0.07054337464251668,0.2385069113441373
DC2,DC62,DC2->DC62,0.0,0.0,0.0,0.0,50.0,29.0,0.0,0.0,0.0,496.0,1059024.0,467.0,1058995.0,36533.17241253334,0.19891975308641974,0.8708333333333331,0.5348765432098764,0.313512869399428,0.12583412774070543,0.33841754051477596,0.18589132507149667,0.23842349857006673
DC37,DC8,DC37->DC8,0.0,0.0,0.0,0.0,104.0,10.0,0.0,0.0,0.0,10122.0,2130508.0,10112.0,2130498.0,214060.9999785939,0.23888888888888887,0.8814814814814814,0.5601851851851851,0.325071496663489,0.223069590085796,0.33841754051477596,0.06482364156339371,0.23651096282173498
DC24,DC14,DC24->DC14,0.0,0.0,0.0,0.0,48.0,5.0,0.0,0.0,0.0,75.0,902659.0,70.0,902654.0,180544.79996389104,0.19675925925925922,0.9246913580246913,0.5607253086419752,0.3123212583412774,0.22402287893231648,0.33841754051477596,0.06863679694947569,0.23323999046711152
DC36,DC33,DC36->DC33,0.0,0.0,0.0,0.0,15.0,12.0,0.0,0.0,0.0,938959.0,367.0,938947.0,355.0,78275.16666014373,0.8058641975308642,0.2989197530864197,0.5523919753086419,0.29325548141086744,0.19351763584366063,0.33841754051477596,0.12392755004766444,0.23276334604385127
DC13,DC8,DC13->DC8,0.0,0.0,0.0,0.0,28.0,7.0,0.0,0.0,0.0,1189.0,2130508.0,1182.0,2130501.0,304526.14281363913,0.2623456790123456,0.8814814814814814,0.5719135802469135,0.30207340324118204,0.2621544327931363,0.33841754051477596,0.042897998093422304,0.23275142993326978
DC14,DC61,DC14->DC61,0.0,0.0,0.0,0.0,10.0,10.0,0.0,0.0,0.0,1575798.0,19.0,1575788.0,9.0,157579.69998424203,0.9246913580246913,0.21172839506172836,0.5682098765432098,0.2872974261201144,0.24642516682554813,0.33841754051477596,0.07816968541468065,0.23246544327931362
DC11,DC22,DC11->DC22,0.0,0.0,0.0,0.0,2.0,2.0,0.0,0.0,0.0,15788.0,137.0,15786.0,135.0,7960.499996019749,0.19969135802469132,0.7834876543209874,0.49158950617283936,0.2631077216396568,0.05624404194470925,0.33841754051477596,0.29647283126787416,0.23102955195424213
DC76,DC4,DC76->DC4,0.0,0.0,0.0,0.0,15.0,7.0,0.0,0.0,0.0,36.0,2405716.0,29.0,2405709.0,343676.85709376045,0.2558641975308642,0.8876543209876543,0.5717592592592593,0.29325548141086744,0.25929456625357483,0.33841754051477596,0.03622497616777884,0.22728193517635842
DC14,DC67,DC14->DC67,0.0,0.0,0.0,0.0,2.0,2.0,0.0,0.0,0.0,1575798.0,219.0,1575796.0,217.0,788006.4996059968,0.9246913580246913,0.28564814814814815,0.6051697530864197,0.2631077216396568,0.3226882745471878,0.33841754051477596,0.00667302192564347,0.22519065776930408
DC56,DC61,DC56->DC61,0.0,0.0,0.0,0.0,1.0,1.0,0.0,0.0,0.0,6068.0,19.0,6067.0,18.0,6084.999993914999,0.4652777777777778,0.21172839506172836,0.3385030864197531,0.2565538608198284,0.005719733079122974,0.33841754051477596,0.3317445185891325,0.2249225452812202
DC76,DC10,DC76->DC10,0.0,0.0,0.0,0.0,13.0,4.0,0.0,0.0,0.0,36.0,2290621.0,32.0,2290617.0,572662.2498568344,0.2558641975308642,0.8976851851851853,0.5767746913580247,0.2914680648236415,0.27407054337464254,0.33841754051477596,0.014299332697807437,0.22486892278360343
DC32,DC12,DC32->DC12,0.0,0.0,0.0,0.0,11.0,11.0,0.0,0.0,0.0,1426.0,284822.0,1415.0,284811.0,26020.54545217995,0.3603395061728395,0.6597222222222222,0.5100308641975309,0.28860819828408,0.07959961868446139,0.33841754051477596,0.21258341277407056,0.2248212583412774
DC76,DC5,DC76->DC5,0.0,0.0,0.0,0.0,6.0,3.0,0.0,0.0,0.0,36.0,693070.0,33.0,693067.0,231033.33325632222,0.2558641975308642,0.8759259259259259,0.5658950617283951,0.2813393708293613,0.23927550047664442,0.33841754051477596,0.058150619637750235,0.22358794089609152
DC10,DC61,DC10->DC61,0.0,0.0,0.0,0.0,5.0,3.0,0.0,0.0,0.0,336532.0,19.0,336529.0,16.0,112181.66662927278,0.8976851851851853,0.21172839506172836,0.5547067901234568,0.2790753098188751,0.20066730219256435,0.33841754051477596,0.09437559580552908,0.22219971401334604
DC63,DC8,DC63->DC8,0.0,0.0,0.0,0.0,144.0,26.0,0.0,0.0,0.0,34.0,2130508.0,8.0,2130482.0,81941.92307377147,0.16219135802469137,0.8814814814814814,0.5218364197530864,0.3310295519542421,0.09914204003813155,0.33841754051477596,0.12011439466158245,0.22143708293612965
DC23,DC29,DC23->DC29,0.0,0.0,0.0,0.0,21.0,11.0,0.0,0.0,0.0,810066.0,1600.0,810055.0,1589.0,73785.81817511038,0.8141975308641975,0.2612654320987654,0.5377314814814815,0.29766444232602474,0.13727359389895138,0.33841754051477596,0.12678741658722592,0.22096043851286937
DC8,DC78,DC8->DC78,0.0,0.0,0.0,0.0,14.0,5.0,0.0,0.0,0.0,218287.0,14.0,218282.0,9.0,43658.19999126836,0.8814814814814814,0.1589506172839506,0.520216049382716,0.2925405147759771,0.09723546234509056,0.33841754051477596,0.17159199237368922,0.2203586749285033
DC42,DC29,DC42->DC29,0.0,0.0,0.0,0.0,10.0,6.0,0.0,0.0,0.0,84638.0,1600.0,84632.0,1594.0,14370.999997604833,0.6165123456790124,0.2612654320987654,0.4388888888888889,0.2872974261201144,0.020972354623450904,0.33841754051477596,0.25452812202097236,0.22019184938036224
DC14,DC76,DC14->DC76,0.0,0.0,0.0,0.0,2.0,2.0,0.0,0.0,0.0,1575798.0,96.0,1575796.0,94.0,787944.9996060275,0.9246913580246913,0.2558641975308642,0.5902777777777777,0.2631077216396568,0.3007626310772164,0.33841754051477596,0.008579599618684462,0.2201858913250715
DC20,DC64,DC20->DC64,0.0,0.0,0.0,0.0,3.0,2.0,0.0,0.0,0.0,422975.0,317231.0,422973.0,317229.0,370100.99981494946,0.7592592592592592,0.38518518518518513,0.5722222222222222,0.26978074356530024,0.2650142993326978,0.33841754051477596,0.03336510962821735,0.21978074356530028
DC52,DC65,DC52->DC65,0.0,0.0,0.0,0.0,23.0,14.0,0.0,0.0,0.0,7989.0,201281.0,7975.0,201267.0,14945.857141789582,0.40802469135802466,0.37870370370370365,0.39336419753086416,0.29885605338417537,0.008579599618684462,0.33841754051477596,0.24880838894184937,0.2197092469018112
DC21,DC76,DC21->DC76,0.0,0.0,0.0,0.0,13.0,13.0,0.0,0.0,0.0,360996.0,96.0,360983.0,83.0,27774.30769017121,0.7339506172839506,0.2558641975308642,0.4949074074074074,0.2914680648236415,0.058150619637750235,0.33841754051477596,0.20686367969494757,0.21903002859866538
DC18,DC23,DC18->DC23,0.0,0.0,0.0,0.0,4.0,4.0,0.0,0.0,0.0,97234.0,5277.0,97230.0,5273.0,25625.749993593563,0.19753086419753083,0.8141975308641975,0.5058641975308642,0.27514299332697806,0.07006673021925644,0.33841754051477596,0.21353670162059105,0.21796353670162058
DC68,DC64,DC68->DC64,0.0,0.0,0.0,0.0,29.0,16.0,0.0,0.0,0.0,35817.0,317231.0,35801.0,317215.0,22063.49999862103,0.4356481481481481,0.38518518518518513,0.41041666666666665,0.3029075309818875,0.014299332697807437,0.33841754051477596,0.2259294566253575,0.21683746425166822
DC24,DC10,DC24->DC10,0.0,0.0,0.0,0.0,35.0,10.0,0.0,0.0,0.0,75.0,2290621.0,65.0,2290611.0,229067.59997709322,0.19675925925925922,0.8976851851851853,0.5472222222222223,0.30672068636796945,0.17349857006673022,0.33841754051477596,0.06005719733079123,0.21650381315538605
DC20,DC65,DC20->DC65,0.0,0.0,0.0,0.0,2.0,2.0,0.0,0.0,0.0,422975.0,201281.0,422973.0,201279.0,312125.999843937,0.7592592592592592,0.37870370370370365,0.5689814814814814,0.2631077216396568,0.2526215443279314,0.33841754051477596,0.04194470924690181,0.2164918970448046
DC50,DC64,DC50->DC64,0.0,0.0,0.0,0.0,21.0,9.0,0.0,0.0,0.0,141641.0,317231.0,141632.0,317222.0,50983.77777211291,0.6385802469135802,0.38518518518518513,0.5118827160493826,0.29766444232602474,0.08293612964728313,0.33841754051477596,0.16110581506196378,0.21595567206863678
DC40,DC67,DC40->DC67,0.0,0.0,0.0,0.0,4.0,3.0,0.0,0.0,0.0,63832.0,219.0,63829.0,216.0,21348.33332621722,0.6654320987654321,0.28564814814814815,0.4755401234567901,0.27514299332697806,0.046234509056244044,0.33841754051477596,0.22878932316491898,0.21581863679694946
DC10,DC78,DC10->DC78,0.0,0.0,0.0,0.0,11.0,5.0,0.0,0.0,0.0,336532.0,14.0,336527.0,9.0,67307.19998653856,0.8976851851851853,0.1589506172839506,0.5283179012345679,0.28860819828408,0.111534795042898,0.33841754051477596,0.14013346043851288,0.21469256434699713
DC17,DC65,DC17->DC65,0.0,0.0,0.0,0.0,2.0,2.0,0.0,0.0,0.0,795108.0,201281.0,795106.0,201279.0,498192.49975090375,0.7677469135802468,0.37870370370370365,0.5732253086419752,0.2631077216396568,0.2669208770257388,0.33841754051477596,0.02001906577693041,0.21458531935176356
DC29,DC9,DC29->DC9,0.0,0.0,0.0,0.0,1.0,1.0,0.0,0.0,0.0,2.0,1447351.0,1.0,1447350.0,1447350.9985526488,0.2612654320987654,0.9165123456790123,0.5888888888888888,0.2565538608198284,0.29361296472831266,0.33841754051477596,0.0019065776930409914,0.21443636796949475
DC76,DC8,DC76->DC8,0.0,0.0,0.0,0.0,4.0,4.0,0.0,0.0,0.0,36.0,2130508.0,32.0,2130504.0,532633.9998668415,0.2558641975308642,0.8814814814814814,0.5686728395061729,0.27514299332697806,0.2502383222116301,0.33841754051477596,0.017159199237368923,0.21391205910390848
DC9,DC79,DC9->DC79,0.0,0.0,0.0,0.0,2.0,2.0,0.0,0.0,0.0,92175.0,2.0,92173.0,0.0,46086.49997695675,0.9165123456790123,0.14336419753086418,0.5299382716049382,0.2631077216396568,0.11344137273593899,0.33841754051477596,0.17063870352716873,0.21387035271687319
DC31,DC76,DC31->DC76,0.0,0.0,0.0,0.0,4.0,4.0,0.0,0.0,0.0,58047.0,96.0,58043.0,92.0,14533.749996366561,0.5600308641975309,0.2558641975308642,0.40794753086419755,0.27514299332697806,0.01334604385128694,0.33841754051477596,0.25357483317445184,0.21379289799809342
DC39,DC10,DC39->DC10,0.0,0.0,0.0,0.0,67.0,15.0,0.0,0.0,0.0,39.0,2290621.0,24.0,2290606.0,152708.66665648608,0.1662037037037037,0.8976851851851853,0.5319444444444444,0.3194709246901811,0.11820781696854146,0.33841754051477596,0.08102955195424213,0.21238679694947568
DC63,DC14,DC63->DC14,0.0,0.0,0.0,0.0,29.0,4.0,0.0,0.0,0.0,34.0,902659.0,30.0,902655.0,225671.2499435822,0.16219135802469137,0.9246913580246913,0.5434413580246913,0.3029075309818875,0.1563393708293613,0.33841754051477596,0.06196377502383222,0.2113560533841754
DC24,DC8,DC24->DC8,0.0,0.0,0.0,0.0,155.0,6.0,0.0,0.0,0.0,75.0,2130508.0,69.0,2130502.0,355095.1666074841,0.19675925925925922,0.8814814814814814,0.5391203703703703,0.3319828408007626,0.14108674928503337,0.33841754051477596,0.03527168732125834,0.21104623450905624
DC37,DC62,DC37->DC62,0.0,0.0,0.0,0.0,4.0,4.0,0.0,0.0,0.0,10122.0,1059024.0,10118.0,1059020.0,267284.4999331789,0.23888888888888887,0.8708333333333331,0.554861111111111,0.27514299332697806,0.2020972354623451,0.33841754051477596,0.04957102001906578,0.20997974261201144
DC73,DC64,DC73->DC64,0.0,0.0,0.0,0.0,11.0,7.0,0.0,0.0,0.0,352936.0,317231.0,352929.0,317224.0,95736.14284346627,0.6802469135802469,0.38518518518518513,0.532716049382716,0.28860819828408,0.11916110581506197,0.33841754051477596,0.10867492850333652,0.20873450905624402
DC53,DC33,DC53->DC33,0.0,0.0,0.0,0.0,4.0,2.0,0.0,0.0,0.0,39744.0,367.0,39742.0,365.0,20053.49998997325,0.5220679012345679,0.2989197530864197,0.4104938271604938,0.27514299332697806,0.015252621544327931,0.33841754051477596,0.23069590085795996,0.2085498093422307
DC76,DC62,DC76->DC62,0.0,0.0,0.0,0.0,3.0,2.0,0.0,0.0,0.0,36.0,1059024.0,34.0,1059022.0,529527.9997352359,0.2558641975308642,0.8708333333333331,0.5633487654320987,0.26978074356530024,0.2340324118207817,0.33841754051477596,0.019065776930409915,0.20846043851286938
DC25,DC33,DC25->DC33,0.0,0.0,0.0,0.0,2.0,2.0,0.0,0.0,0.0,535975.0,367.0,535973.0,365.0,268168.9998659155,0.8162037037037037,0.2989197530864197,0.5575617283950617,0.2631077216396568,0.21067683508102955,0.33841754051477596,0.04861773117254528,0.20767397521449
DC55,DC35,DC55->DC35,0.0,0.0,0.0,0.0,3.0,2.0,0.0,0.0,0.0,5405.0,586705.0,5403.0,586703.0,296052.9998519735,0.39567901234567904,0.7146604938271605,0.5551697530864197,0.26978074356530024,0.20305052430886558,0.33841754051477596,0.044804575786463297,0.2071496663489037
DC25,DC76,DC25->DC76,0.0,0.0,0.0,0.0,5.0,5.0,0.0,0.0,0.0,535975.0,96.0,535970.0,91.0,107212.19997855756,0.8162037037037037,0.2558641975308642,0.536033950617284,0.2790753098188751,0.1306005719733079,0.33841754051477596,0.09818875119161107,0.2056363203050524
DC17,DC29,DC17->DC29,0.0,0.0,0.0,0.0,17.0,9.0,0.0,0.0,0.0,795108.0,1600.0,795099.0,1591.0,88521.11110127543,0.7677469135802468,0.2612654320987654,0.5145061728395062,0.29551954242135364,0.08960915157292659,0.33841754051477596,0.11534795042897998,0.2054337464251668
DC24,DC3,DC24->DC3,0.0,0.0,0.0,0.0,10.0,3.0,0.0,0.0,0.0,75.0,727980.0,72.0,727977.0,242682.99991910567,0.19675925925925922,0.8919753086419754,0.5443672839506173,0.2872974261201144,0.161582459485224,0.33841754051477596,0.05433746425166826,0.2052967111534795
DC57,DC4,DC57->DC4,0.0,0.0,0.0,0.0,6.0,6.0,0.0,0.0,0.0,1015.0,2405716.0,1009.0,2405710.0,401119.83326648,0.21820987654320984,0.8876543209876543,0.552932098765432,0.2813393708293613,0.19494756911344138,0.33841754051477596,0.02669208770257388,0.20464132507149668
DC22,DC76,DC22->DC76,0.0,0.0,0.0,0.0,9.0,9.0,0.0,0.0,0.0,884569.0,96.0,884560.0,87.0,98294.11110018955,0.7834876543209874,0.2558641975308642,0.5196759259259258,0.2859866539561487,0.09628217349857007,0.33841754051477596,0.10581506196377502,0.20138226882745472
DC24,DC62,DC24->DC62,0.0,0.0,0.0,0.0,12.0,6.0,0.0,0.0,0.0,75.0,1059024.0,69.0,1059018.0,176514.49997058092,0.19675925925925922,0.8708333333333331,0.5337962962962962,0.2900381315538608,0.12297426120114395,0.33841754051477596,0.07244995233555768,0.2011320305052431
DC20,DC33,DC20->DC33,0.0,0.0,0.0,0.0,4.0,4.0,0.0,0.0,0.0,422975.0,367.0,422971.0,363.0,105833.49997354162,0.7592592592592592,0.2989197530864197,0.5290895061728395,0.27514299332697806,0.1124880838894185,0.33841754051477596,0.10200190657769304,0.2006851763584366
DC39,DC9,DC39->DC9,0.0,0.0,0.0,0.0,16.0,4.0,0.0,0.0,0.0,39.0,1447351.0,35.0,1447347.0,361845.4999095386,0.1662037037037037,0.9165123456790123,0.541358024691358,0.29444709246901807,0.14775977121067682,0.33841754051477596,0.034318398474737846,0.1993386558627264
DC24,DC4,DC24->DC4,0.0,0.0,0.0,0.0,18.0,6.0,0.0,0.0,0.0,75.0,2405716.0,69.0,2405710.0,400963.16659983946,0.19675925925925922,0.8876543209876543,0.5422067901234567,0.29611534795042893,0.1515729265967588,0.33841754051477596,0.027645376549094377,0.19920757864632982
DC39,DC8,DC39->DC8,0.0,0.0,0.0,0.0,26.0,10.0,0.0,0.0,0.0,39.0,2130508.0,29.0,2130498.0,213052.69997869473,0.1662037037037037,0.8814814814814814,0.5238425925925926,0.30076263107721635,0.10295519542421354,0.33841754051477596,0.0657769304099142,0.19821258341277403
DC39,DC14,DC39->DC14,0.0,0.0,0.0,0.0,3.0,3.0,0.0,0.0,0.0,39.0,902659.0,36.0,902656.0,300897.33323303424,0.1662037037037037,0.9246913580246913,0.5454475308641975,0.26978074356530024,0.16777883698760723,0.33841754051477596,0.0438512869399428,0.19809342230695898
DC14,DC11,DC14->DC11,0.0,0.0,0.0,0.0,1.0,1.0,0.0,0.0,0.0,1575798.0,1.0,1575797.0,0.0,1575796.998424203,0.9246913580246913,0.19969135802469132,0.5621913580246913,0.2565538608198284,0.22831267874165873,0.33841754051477596,0.0009532888465204957,0.19787297426120115
DC24,DC5,DC24->DC5,0.0,0.0,0.0,0.0,7.0,3.0,0.0,0.0,0.0,75.0,693070.0,72.0,693067.0,231046.33325631788,0.19675925925925922,0.8759259259259259,0.5363425925925925,0.2831267874165872,0.1325071496663489,0.33841754051477596,0.05624404194470925,0.19704480457578644
DC66,DC8,DC66->DC8,0.0,0.0,0.0,0.0,27.0,5.0,0.0,0.0,0.0,1367.0,2130508.0,1362.0,2130503.0,426372.99991472537,0.19104938271604935,0.8814814814814814,0.5362654320987654,0.30147759771210675,0.1315538608198284,0.33841754051477596,0.02478551000953289,0.19536463298379408
DC23,DC6,DC23->DC6,0.0,0.0,0.0,0.0,8.0,8.0,0.0,0.0,0.0,810066.0,10.0,810058.0,2.0,101257.49998734282,0.8141975308641975,0.19999999999999998,0.5070987654320988,0.28455672068636795,0.07197330791229743,0.33841754051477596,0.10390848427073403,0.19432793136320306
DC21,DC33,DC21->DC33,0.0,0.0,0.0,0.0,5.0,3.0,0.0,0.0,0.0,360996.0,367.0,360993.0,364.0,120452.33329318256,0.7339506172839506,0.2989197530864197,0.5164351851851852,0.2790753098188751,0.09151572926596759,0.33841754051477596,0.0905624404194471,0.19395853193517631
DC46,DC13,DC46->DC13,0.0,0.0,0.0,0.0,3.0,3.0,0.0,0.0,0.0,211065.0,54.0,211062.0,51.0,70370.999976543,0.7342592592592593,0.2623456790123456,0.49830246913580245,0.26978074356530024,0.061010486177311724,0.33841754051477596,0.1334604385128694,0.19380362249761676
DC74,DC8,DC74->DC8,0.0,0.0,0.0,0.0,12.0,5.0,0.0,0.0,0.0,6649.0,2130508.0,6644.0,2130503.0,427429.3999145141,0.1942901234567901,0.8814814814814814,0.5378858024691358,0.2900381315538608,0.13918017159199236,0.33841754051477596,0.023832221163012392,0.1930290753098189
DC61,DC4,DC61->DC4,0.0,0.0,0.0,0.0,3.0,3.0,0.0,0.0,0.0,372.0,2405716.0,369.0,2405713.0,802027.3330659908,0.21172839506172836,0.8876543209876543,0.5496913580246914,0.26978074356530024,0.18398474737845566,0.33841754051477596,0.004766444232602479,0.19237368922783604
DC14,DC78,DC14->DC78,0.0,0.0,0.0,0.0,4.0,4.0,0.0,0.0,0.0,1575798.0,14.0,1575794.0,10.0,393950.99990151223,0.9246913580246913,0.1589506172839506,0.541820987654321,0.27514299332697806,0.14966634890371783,0.33841754051477596,0.030505243088655862,0.19210557673975215
DC20,DC76,DC20->DC76,0.0,0.0,0.0,0.0,5.0,3.0,0.0,0.0,0.0,422975.0,96.0,422972.0,93.0,141021.66661965943,0.7592592592592592,0.2558641975308642,0.5075617283950618,0.2790753098188751,0.07340324118207817,0.33841754051477596,0.08388941849380362,0.18776215443279312
DC39,DC5,DC39->DC5,0.0,0.0,0.0,0.0,4.0,3.0,0.0,0.0,0.0,39.0,693070.0,36.0,693067.0,231034.33325632187,0.1662037037037037,0.8759259259259259,0.5210648148148148,0.27514299332697806,0.09818875119161107,0.33841754051477596,0.057197330791229746,0.18590919923736893
DC16,DC62,DC16->DC62,0.0,0.0,0.0,0.0,2.0,2.0,0.0,0.0,0.0,39346.0,1059024.0,39344.0,1059022.0,549182.9997254085,0.21404320987654318,0.8708333333333331,0.5424382716049382,0.2631077216396568,0.15252621544327932,0.33841754051477596,0.016205910390848427,0.1850333651096282
DC15,DC13,DC15->DC13,0.0,0.0,0.0,0.0,4.0,2.0,0.0,0.0,0.0,357552.0,54.0,357550.0,52.0,178800.9999105995,0.7561728395061729,0.2623456790123456,0.5092592592592593,0.27514299332697806,0.0776930409914204,0.33841754051477596,0.06959008579599618,0.18388346043851284
DC63,DC10,DC63->DC10,0.0,0.0,0.0,0.0,9.0,4.0,0.0,0.0,0.0,34.0,2290621.0,30.0,2290617.0,572661.7498568345,0.16219135802469137,0.8976851851851853,0.5299382716049383,0.2859866539561487,0.11439466158245949,0.33841754051477596,0.015252621544327931,0.1832697807435653
DC34,DC64,DC34->DC64,0.0,0.0,0.0,0.0,4.0,2.0,0.0,0.0,0.0,17871.0,317231.0,17869.0,317229.0,167548.9999162255,0.6189814814814814,0.38518518518518513,0.5020833333333332,0.27514299332697806,0.0667302192564347,0.33841754051477596,0.07721639656816015,0.18304933269780743
DC39,DC4,DC39->DC4,0.0,0.0,0.0,0.0,11.0,4.0,0.0,0.0,0.0,39.0,2405716.0,35.0,2405712.0,601436.7498496408,0.1662037037037037,0.8876543209876543,0.526929012345679,0.28860819828408,0.10676835081029552,0.33841754051477596,0.012392755004766444,0.1815657769304099
DC52,DC64,DC52->DC64,0.0,0.0,0.0,0.0,6.0,3.0,0.0,0.0,0.0,7989.0,317231.0,7986.0,317228.0,108404.66663053178,0.40802469135802466,0.38518518518518513,0.3966049382716049,0.2813393708293613,0.009532888465204958,0.33841754051477596,0.09628217349857007,0.17568517635843658
DC10,DC80,DC10->DC80,0.0,0.0,0.0,0.0,1.0,1.0,0.0,0.0,0.0,336532.0,1.0,336531.0,0.0,336530.999663469,0.8976851851851853,0.1412037037037037,0.5194444444444445,0.2565538608198284,0.09532888465204957,0.33841754051477596,0.03813155386081983,0.17392159199237367
DC30,DC67,DC30->DC67,0.0,0.0,0.0,0.0,1.0,1.0,0.0,0.0,0.0,156937.0,219.0,156936.0,218.0,157153.99984284598,0.6763888888888888,0.28564814814814815,0.4810185185185185,0.2565538608198284,0.04957102001906578,0.33841754051477596,0.07912297426120114,0.17272998093422307
DC6,DC70,DC6->DC70,0.0,0.0,0.0,0.0,2.0,2.0,0.0,0.0,0.0,1832.0,280449.0,1830.0,280447.0,141138.49992943075,0.19999999999999998,0.7101851851851853,0.4550925925925926,0.2631077216396568,0.03145853193517636,0.33841754051477596,0.08293612964728313,0.17144899904671113
DC1,DC8,DC1->DC8,0.0,0.0,0.0,0.0,3.0,3.0,0.0,0.0,0.0,3.0,2130508.0,0.0,2130505.0,710168.3330966105,0.1455246913580247,0.8814814814814814,0.5135030864197531,0.26978074356530024,0.08674928503336511,0.33841754051477596,0.011439466158245948,0.16973307912297425
DC22,DC13,DC22->DC13,0.0,0.0,0.0,0.0,1.0,1.0,0.0,0.0,0.0,884569.0,54.0,884568.0,53.0,884620.999115379,0.7834876543209874,0.2623456790123456,0.5229166666666665,0.2565538608198284,0.10200190657769304,0.33841754051477596,0.002859866539561487,0.16677192564346996
DC17,DC61,DC17->DC61,0.0,0.0,0.0,0.0,2.0,2.0,0.0,0.0,0.0,795108.0,19.0,795106.0,17.0,397561.4998012192,0.7677469135802468,0.21172839506172836,0.4897376543209876,0.2631077216396568,0.055290753098188754,0.33841754051477596,0.029551954242135366,0.1640610104861773
DC58,DC29,DC58->DC29,0.0,0.0,0.0,0.0,1.0,1.0,0.0,0.0,0.0,176452.0,1600.0,176451.0,1599.0,178049.99982194998,0.5856481481481481,0.2612654320987654,0.42345679012345677,0.2565538608198284,0.017159199237368923,0.33841754051477596,0.07149666348903717,0.16272044804575786
DC75,DC35,DC75->DC35,0.0,0.0,0.0,0.0,2.0,2.0,0.0,0.0,0.0,2.0,586705.0,0.0,586703.0,293351.49985332426,0.14336419753086418,0.7146604938271605,0.4290123456790123,0.2631077216396568,0.01811248808388942,0.33841754051477596,0.04671115347950429,0.15905624404194468
DC33,DC65,DC33->DC65,0.0,0.0,0.0,0.0,1.0,1.0,0.0,0.0,0.0,3913.0,201281.0,3912.0,201280.0,205191.99979480798,0.2989197530864197,0.37870370370370365,0.3388117283950617,0.2565538608198284,0.00667302192564347,0.33841754051477596,0.0667302192564347,0.15890729265967588
