mirror_id,x_m,y_m,annual_avg_power_kw,annual_unit_area_power_kw_m2,zone_id
1,-51.075,-345.05226165564795,16.475399287673245,0.4151020228690664,R5-S09
2,-39.72500000000001,-345.05226165564795,16.770137092772522,0.4225280194702072,R5-S09
3,-28.375000000000004,-345.05226165564795,16.99854884885393,0.428282913803324,R5-S09
4,-17.025000000000002,-345.05226165564795,17.186753782277684,0.4330247866535068,R5-S09
5,-5.675000000000001,-345.05226165564795,17.298913877259594,0.43585068977726366,R5-S09
6,5.675000000000001,-345.05226165564795,17.319104653191353,0.4363594016929038,R5-S10
7,17.025000000000002,-345.05226165564795,17.21329672080938,0.4336935429783165,R5-S10
8,28.375000000000004,-345.05226165564795,16.999797331021494,0.4283143696402493,R5-S10
9,39.72500000000001,-345.05226165564795,16.749883358573722,0.4220177213044526,R5-S10
10,51.075,-345.05226165564795,16.414544829326008,0.4135687787686069,R5-S10
11,-90.80000000000001,-335.22287332269457,14.462880716408991,0.36439608758903985,R5-S09
12,-79.45000000000002,-335.22287332269457,15.1214098673589,0.3809879029316931,R5-S09
13,-68.10000000000001,-335.22287332269457,15.748367887593673,0.3967842753235998,R5-S09
14,-56.75000000000001,-335.22287332269457,16.335555544945766,0.4115786229515184,R5-S09
15,-45.400000000000006,-335.22287332269457,16.828828963269494,0.4240067766003904,R5-S09
16,-34.050000000000004,-335.22287332269457,17.12634651159635,0.43150280956403,R5-S09
17,-22.700000000000003,-335.22287332269457,17.358864315340426,0.43736115684909116,R5-S09
18,-11.350000000000001,-335.22287332269457,17.487313775690584,0.4405974748221362,R5-S09
19,0.0,-335.22287332269457,17.537409641146045,0.44185965334205207,R5-S10
20,11.350000000000001,-335.22287332269457,17.513087484463,0.4412468502006299,R5-S10
21,22.700000000000003,-335.22287332269457,17.327720125703785,0.43657647079122663,R5-S10
22,34.050000000000004,-335.22287332269457,17.07626813498794,0.43024107168022024,R5-S10
23,45.400000000000006,-335.22287332269457,16.77451675046594,0.4226383660989151,R5-S10
24,56.75000000000001,-335.22287332269457,16.32569266985565,0.4113301252168216,R5-S10
25,68.10000000000001,-335.22287332269457,15.748862970763264,0.3967967490744083,R5-S10
26,79.45000000000002,-335.22287332269457,15.13460938831937,0.3813204683376007,R5-S10
27,90.80000000000001,-335.22287332269457,14.51963082238266,0.3658259214508103,R5-S10
28,-119.17500000000003,-325.39348498974124,13.373727211231868,0.3369545782623298,R5-S09
29,-107.82500000000002,-325.39348498974124,13.809076742326413,0.3479233243216531,R5-S09
30,-96.47500000000001,-325.39348498974124,14.282109900299886,0.35984151928193214,R5-S09
31,-85.12500000000001,-325.39348498974124,14.90261360286182,0.375475273440711,R5-S09
32,-73.77500000000002,-325.39348498974124,15.567340500616146,0.39222324264590946,R5-S09
33,-62.42500000000001,-325.39348498974124,16.164100426803145,0.4072587661074111,R5-S09
34,-51.075,-325.39348498974124,16.736133335837632,0.42167128586136643,R5-S09
35,-39.72500000000001,-325.39348498974124,17.153677612465597,0.43219142384644993,R5-S09
36,-28.375000000000004,-325.39348498974124,17.436542626709585,0.4393182823559986,R5-S09
37,-17.025000000000002,-325.39348498974124,17.63419139366886,0.44429809507858053,R5-S09
38,-5.675000000000001,-325.39348498974124,17.744304229413583,0.44707241696683253,R5-S09
39,5.675000000000001,-325.39348498974124,17.775910311063154,0.44786874051557457,R5-S10
40,17.025000000000002,-325.39348498974124,17.62440275311816,0.4440514677026496,R5-S10
41,28.375000000000004,-325.39348498974124,17.397835307541722,0.4383430412582949,R5-S10
42,39.72500000000001,-325.39348498974124,17.094215747727883,0.43069326650863904,R5-S10
43,51.075,-325.39348498974124,16.719577607952687,0.4212541599383393,R5-S10
44,62.42500000000001,-325.39348498974124,16.158146656264627,0.4071087592911219,R5-S10
45,73.775,-325.39348498974124,15.571289894663954,0.3923227486687819,R5-S10
46,85.12500000000001,-325.39348498974124,14.965880819033273,0.3770693076098079,R5-S10
47,96.47500000000001,-325.39348498974124,14.367643463134359,0.36199655991772134,R5-S10
48,107.825,-325.39348498974124,13.83487544487844,0.3485733294250048,R5-S10
49,119.17500000000001,-325.39348498974124,13.378181738720054,0.3370668112552294,R5-S10
50,-147.55,-315.56409665678785,13.669164524993285,0.34439819916838715,R5-S09
51,-136.20000000000002,-315.56409665678785,13.620865062891147,0.3431812815039342,R5-S09
52,-124.85000000000002,-315.56409665678785,13.585490938792155,0.3422900211335892,R5-S09
53,-113.50000000000001,-315.56409665678785,13.746009767802276,0.34633433529358215,R5-S09
54,-102.15,-315.56409665678785,14.224347230418912,0.3583861736059187,R5-S09
55,-90.80000000000001,-315.56409665678785,14.768747458045182,0.3721024806763714,R5-S09
56,-79.45000000000002,-315.56409665678785,15.40032645677822,0.3880152798382016,R5-S09
57,-68.10000000000001,-315.56409665678785,16.031617697245437,0.4039208288547603,R5-S09
58,-56.75000000000001,-315.56409665678785,16.631246037124676,0.419028622754464,R5-S09
59,-45.400000000000006,-315.56409665678785,17.12102069324826,0.43136862416851246,R5-S09
60,-34.050000000000004,-315.56409665678785,17.483131322127363,0.44049209680341056,R5-S09
61,-22.700000000000003,-315.56409665678785,17.71691708971021,0.4463823907712324,R5-S09
62,-11.350000000000001,-315.56409665678785,17.93344369057239,0.45183783548935225,R5-S09
63,0.0,-315.56409665678785,17.97966087348797,0.45300228958145555,R5-S10
64,11.350000000000001,-315.56409665678785,17.885517897633957,0.4506303325178624,R5-S10
65,22.700000000000003,-315.56409665678785,17.70993853094321,0.44620656414570947,R5-S10
66,34.050000000000004,-315.56409665678785,17.407463064430313,0.4385856151279999,R5-S10
67,45.400000000000006,-315.56409665678785,17.073554169558196,0.4301726926066565,R5-S10
68,56.75000000000001,-315.56409665678785,16.594405584869328,0.4181004178601494,R5-S10
69,68.10000000000001,-315.56409665678785,16.01646385208996,0.4035390237362046,R5-S10
70,79.45000000000002,-315.56409665678785,15.378243949851226,0.38745890526206167,R5-S10
71,90.80000000000001,-315.56409665678785,14.782023224508317,0.37243696710779334,R5-S10
72,102.15,-315.56409665678785,14.232053863482504,0.35858034425503915,R5-S10
73,113.50000000000001,-315.56409665678785,13.765221581908362,0.3468183820082732,R5-S10
74,124.85000000000002,-315.56409665678785,13.560119569247986,0.34165078279788325,R5-S10
75,136.20000000000002,-315.56409665678785,13.605257445434145,0.3427880434727676,R5-S10
76,147.55,-315.56409665678785,13.629160754641312,0.34339029364175644,R5-S10
77,-164.57500000000002,-305.73470832383447,14.252837987076164,0.3591040057212438,R5-S09
78,-153.22500000000002,-305.73470832383447,13.994987638779952,0.3526073983063732,R5-S09
79,-141.875,-305.73470832383447,13.956840337193961,0.351646266999092,R5-S09
80,-130.525,-305.73470832383447,13.958385030600116,0.35168518595616316,R5-S09
81,-119.17500000000003,-305.73470832383447,14.038187592189322,0.3536958325066597,R5-S09
82,-107.82500000000002,-305.73470832383447,14.229829266435742,0.3585242949467307,R5-S09
83,-96.47500000000001,-305.73470832383447,14.689564853361103,0.3701074541033284,R5-S09
84,-85.12500000000001,-305.73470832383447,15.239880674300535,0.3839728061048258,R5-S09
85,-73.77500000000002,-305.73470832383447,15.90727952483626,0.4007880958638514,R5-S09
86,-62.42500000000001,-305.73470832383447,16.54447045575254,0.4168422891346067,R5-S09
87,-51.075,-305.73470832383447,17.058350962628957,0.42978964380521434,R5-S09
88,-39.72500000000001,-305.73470832383447,17.5095992293453,0.44115896269451504,R5-S09
89,-28.375000000000004,-305.73470832383447,17.831519728302442,0.4492698344243498,R5-S09
90,-17.025000000000002,-305.73470832383447,18.035727082207497,0.45441489247184425,R5-S09
91,-5.675000000000001,-305.73470832383447,18.19335445760447,0.4583863556967617,R5-S09
92,5.675000000000001,-305.73470832383447,18.156385548504943,0.4574549142984365,R5-S10
93,17.025000000000002,-305.73470832383447,18.001001759372112,0.45353997882015906,R5-S10
94,28.375000000000004,-305.73470832383447,17.741461468687373,0.4470007928618638,R5-S10
95,39.72500000000001,-305.73470832383447,17.413646217316792,0.4387414012929401,R5-S10
96,51.075,-305.73470832383447,17.006728325584096,0.42848899787311906,R5-S10
97,62.42500000000001,-305.73470832383447,16.466068527200385,0.4148669319022521,R5-S10
98,73.775,-305.73470832383447,15.825260356136706,0.3987216013135981,R5-S10
99,85.12500000000001,-305.73470832383447,15.253294440554892,0.38431076947732157,R5-S10
100,96.47500000000001,-305.73470832383447,14.727714809144313,0.37106865228380737,R5-S10
101,107.825,-305.73470832383447,14.25343112854155,0.3591189500766327,R5-S10
102,119.17500000000001,-305.73470832383447,14.050231470162784,0.3539992811832397,R5-S10
103,130.52500000000003,-305.73470832383447,13.950760586118891,0.3514930860700149,R5-S10
104,141.87500000000003,-305.73470832383447,13.917745520278654,0.3506612627936169,R5-S10
105,153.22500000000002,-305.73470832383447,13.938289922723728,0.35117888442236656,R5-S10
106,164.57500000000005,-305.73470832383447,14.243975276326863,0.35888070739044753,R5-S10
107,-181.60000000000002,-295.9053199908811,15.017473776760117,0.3783692057636714,R5-S08
108,-170.25000000000003,-295.9053199908811,14.591305926910708,0.36763179458076867,R5-S09
109,-158.90000000000003,-295.9053199908811,14.515209356432868,0.3657145214520753,R5-S09
110,-147.55,-295.9053199908811,14.451410522987521,0.3641070930457929,R5-S09
111,-136.20000000000002,-295.9053199908811,14.443537682839931,0.3639087347654304,R5-S09
112,-124.85000000000002,-295.9053199908811,14.418043907767448,0.36326641239021035,R5-S09
113,-113.50000000000001,-295.9053199908811,14.51080493010212,0.3656035507710285,R5-S09
114,-102.15,-295.9053199908811,14.775021544384193,0.3722605579335902,R5-S09
115,-90.80000000000001,-295.9053199908811,15.198327621870886,0.3829258660083368,R5-S09
116,-79.45000000000002,-295.9053199908811,15.788852922197725,0.3978043064297739,R5-S09
117,-68.10000000000001,-295.9053199908811,16.428826632314156,0.4139286125551564,R5-S09
118,-56.75000000000001,-295.9053199908811,17.035499811555283,0.42921390303742213,R5-S09
119,-45.400000000000006,-295.9053199908811,17.480921123402833,0.44043641026462166,R5-S09
120,-34.050000000000004,-295.9053199908811,17.918573349852007,0.4514631733396827,R5-S09
121,-22.700000000000003,-295.9053199908811,18.167595215534046,0.4577373448106336,R5-S09
122,-11.350000000000001,-295.9053199908811,18.34750095926109,0.4622701173913099,R5-S09
123,0.0,-295.9053199908811,18.408785352060708,0.4638141938034948,R5-S10
124,11.350000000000001,-295.9053199908811,18.26913614251971,0.46029569520079894,R5-S10
125,22.700000000000003,-295.9053199908811,18.077773522917223,0.4554742636159542,R5-S10
126,34.050000000000004,-295.9053199908811,17.7440393000647,0.44706574200213406,R5-S10
127,45.400000000000006,-295.9053199908811,17.395769441425614,0.4382909912175766,R5-S10
128,56.75000000000001,-295.9053199908811,16.93026571626872,0.42656250229953946,R5-S10
129,68.10000000000001,-295.9053199908811,16.33591489569959,0.4115876768883747,R5-S10
130,79.45000000000002,-295.9053199908811,15.78125804330182,0.3976129514563321,R5-S10
131,90.80000000000001,-295.9053199908811,15.20725355334421,0.38315075720192016,R5-S10
132,102.15,-295.9053199908811,14.764780486664343,0.37200253178796533,R5-S10
133,113.50000000000001,-295.9053199908811,14.542304282915337,0.3663971852586379,R5-S10
134,124.85000000000002,-295.9053199908811,14.421723298785425,0.363359115615657,R5-S10
135,136.20000000000002,-295.9053199908811,14.392248853417488,0.3626164992042703,R5-S10
136,147.55,-295.9053199908811,14.416153501794577,0.3632187831139979,R5-S10
137,158.90000000000003,-295.9053199908811,14.461618455807546,0.36436428460084525,R5-S10
138,170.25000000000003,-295.9053199908811,14.599830203708844,0.36784656597905885,R5-S10
139,181.60000000000002,-295.9053199908811,15.07039695986371,0.37970261929613786,R5-S11
140,-198.625,-286.0759316579277,15.896024902528998,0.40050453269158476,R5-S08
141,-187.275,-286.0759316579277,15.426425832793178,0.38867286048861627,R5-S08
142,-175.925,-286.0759316579277,15.250788892420426,0.38424764153238666,R5-S08
143,-164.57500000000002,-286.0759316579277,15.077902881179314,0.3798917329599223,R5-S09
144,-153.22500000000002,-286.0759316579277,14.99402374633634,0.3777783760729741,R5-S09
145,-141.875,-286.0759316579277,14.957183854158805,0.3768501852899674,R5-S09
146,-130.525,-286.0759316579277,14.951031310012185,0.3766951703202869,R5-S09
147,-119.17500000000003,-286.0759316579277,14.96691951176066,0.3770954777465523,R5-S09
148,-107.82500000000002,-286.0759316579277,15.08027491855255,0.3799514970660759,R5-S09
149,-96.47500000000001,-286.0759316579277,15.310007482737634,0.3857396695071211,R5-S09
150,-85.12500000000001,-286.0759316579277,15.757213787344702,0.39700715009686827,R5-S09
151,-73.77500000000002,-286.0759316579277,16.383713990160587,0.41279198765836705,R5-S09
152,-62.42500000000001,-286.0759316579277,16.984580029778048,0.4279309657288498,R5-S09
153,-51.075,-286.0759316579277,17.523496571839132,0.4415091098976854,R5-S09
154,-39.72500000000001,-286.0759316579277,17.92870973124373,0.4517185621376601,R5-S09
155,-28.375000000000004,-286.0759316579277,18.233955704017283,0.45940931479005503,R5-S09
156,-17.025000000000002,-286.0759316579277,18.453773695342115,0.4649476869574733,R5-S09
157,-5.675000000000001,-286.0759316579277,18.610058283893945,0.46888531831428437,R5-S09
158,5.675000000000001,-286.0759316579277,18.597326443863192,0.46856453625253697,R5-S10
159,17.025000000000002,-286.0759316579277,18.41002310076452,0.4638453792079748,R5-S10
160,28.375000000000004,-286.0759316579277,18.133730026818732,0.45688410246456873,R5-S10
161,39.72500000000001,-286.0759316579277,17.79760735525389,0.44841540325658585,R5-S10
162,51.075,-286.0759316579277,17.387514455091264,0.43808300466342315,R5-S10
163,62.42500000000001,-286.0759316579277,16.885601477501627,0.42543717504413275,R5-S10
164,73.775,-286.0759316579277,16.29152010201267,0.4104691383727052,R5-S10
165,85.12500000000001,-286.0759316579277,15.720649504694396,0.39608590336846555,R5-S10
166,96.47500000000001,-286.0759316579277,15.299405561346518,0.3854725513062867,R5-S10
167,107.825,-286.0759316579277,15.065401574147973,0.3795767592377922,R5-S10
168,119.17500000000001,-286.0759316579277,14.925183703443523,0.3760439330673601,R5-S10
169,130.52500000000003,-286.0759316579277,14.881006452673272,0.3749308756027532,R5-S10
170,141.87500000000003,-286.0759316579277,14.89260346809271,0.3752230654596299,R5-S10
171,153.22500000000002,-286.0759316579277,14.938454923860837,0.37637830495996066,R5-S10
172,164.57500000000005,-286.0759316579277,15.061762222157801,0.37948506480619304,R5-S10
173,175.92500000000004,-286.0759316579277,15.2522683499521,0.38428491685442434,R5-S11
174,187.27500000000003,-286.0759316579277,15.448425227319538,0.38922714102593947,R5-S11
175,198.62500000000003,-286.0759316579277,15.971017102165472,0.4023939809061596,R5-S11
176,-204.3,-276.2465433249743,16.192244414462024,0.4079678612865212,R5-S08
177,-192.95000000000002,-276.2465433249743,16.04611751938034,0.40428615569111465,R5-S08
178,-181.60000000000002,-276.2465433249743,15.867880486248527,0.3997954267132408,R5-S08
179,-170.25000000000003,-276.2465433249743,15.724248127104566,0.39617657160757286,R5-S08
180,-158.90000000000003,-276.2465433249743,15.559805731225905,0.39203340214728916,R5-S09
181,-147.55,-276.2465433249743,15.498887913984786,0.3904985617028165,R5-S09
182,-136.20000000000002,-276.2465433249743,15.456878239620018,0.3894401168964479,R5-S09
183,-124.85000000000002,-276.2465433249743,15.476324574286949,0.3899300724184165,R5-S09
184,-113.50000000000001,-276.2465433249743,15.482410876957402,0.3900834184166642,R5-S09
185,-102.15,-276.2465433249743,15.627055292558278,0.393727772551229,R5-S09
186,-90.80000000000001,-276.2465433249743,15.85896420536268,0.39957077866874985,R5-S09
187,-79.45000000000002,-276.2465433249743,16.3633626129601,0.41227922935147643,R5-S09
188,-68.10000000000001,-276.2465433249743,16.956958281784246,0.4272350285156021,R5-S09
189,-56.75000000000001,-276.2465433249743,17.497910429852602,0.4408644603137466,R5-S09
190,-45.400000000000006,-276.2465433249743,17.96525853132865,0.45263941877875163,R4-S09
191,-34.050000000000004,-276.2465433249743,18.3328222907796,0.4619002844741648,R4-S09
192,-22.700000000000003,-276.2465433249743,18.58977515229345,0.46837427947325394,R4-S09
193,-11.350000000000001,-276.2465433249743,18.758002722338794,0.4726128173932677,R4-S09
194,0.0,-276.2465433249743,18.81185871127004,0.4739697332141608,R4-S10
195,11.350000000000001,-276.2465433249743,18.738816934315555,0.47212942641258643,R4-S10
196,22.700000000000003,-276.2465433249743,18.501275883509237,0.4661445170952189,R4-S10
197,34.050000000000004,-276.2465433249743,18.212415937186556,0.45886661469353884,R4-S10
198,45.400000000000006,-276.2465433249743,17.838366884435125,0.4494423503259039,R4-S10
199,56.75000000000001,-276.2465433249743,17.395753225427832,0.43829058265124293,R5-S10
200,68.10000000000001,-276.2465433249743,16.84217815299711,0.42434311295029253,R5-S10
201,79.45000000000002,-276.2465433249743,16.287191359430636,0.4103600745636341,R5-S10
202,90.80000000000001,-276.2465433249743,15.853686968468276,0.39943781729574895,R5-S10
203,102.15,-276.2465433249743,15.617783216755878,0.39349416016013805,R5-S10
204,113.50000000000001,-276.2465433249743,15.489313501290907,0.3902573318541423,R5-S10
205,124.85000000000002,-276.2465433249743,15.419922247087946,0.3885090009344406,R5-S10
206,136.20000000000002,-276.2465433249743,15.419813594249796,0.3885062633975761,R5-S10
207,147.55,-276.2465433249743,15.42867291869261,0.38872947640948885,R5-S10
208,158.90000000000003,-276.2465433249743,15.561854367069568,0.3920850180667566,R5-S10
209,170.25000000000003,-276.2465433249743,15.729569925610885,0.3963106557221186,R5-S11
210,181.60000000000002,-276.2465433249743,15.9025836567583,0.4006697822312497,R5-S11
211,192.95000000000002,-276.2465433249743,16.090966994084365,0.40541615001472325,R5-S11
212,204.3,-276.2465433249743,16.29312177053772,0.410509492832898,R5-S11
213,-221.32500000000002,-266.417154992021,17.328972337146233,0.4366080205882145,R5-S08
214,-209.97500000000002,-266.417154992021,16.868608646403334,0.42500903619056024,R5-S08
215,-198.625,-266.417154992021,16.687799301968848,0.4204534971521504,R5-S08
216,-187.275,-266.417154992021,16.529217376527104,0.41645798378753096,R5-S08
217,-175.925,-266.417154992021,16.347053395367897,0.41186831432017884,R5-S08
218,-164.57500000000002,-266.417154992021,16.200563955374143,0.4081774743102581,R5-S08
219,-153.22500000000002,-266.417154992021,16.08524075619882,0.4052718759435329,R5-S09
220,-141.875,-266.417154992021,16.010364290360194,0.4033853436724665,R5-S09
221,-130.525,-266.417154992021,15.997194097364128,0.4030535171923439,R5-S09
222,-119.17500000000003,-266.417154992021,16.004945239084453,0.4032488092487895,R5-S09
223,-107.82500000000002,-266.417154992021,16.077343636010404,0.40507290592114903,R5-S09
224,-96.47500000000001,-266.417154992021,16.211938125374683,0.40846404951813264,R5-S09
225,-85.12500000000001,-266.417154992021,16.47761101662469,0.41515774796232524,R4-S09
226,-73.77500000000002,-266.417154992021,16.937649405255808,0.4267485362876243,R4-S09
227,-62.42500000000001,-266.417154992021,17.523897653044497,0.4415192152442554,R4-S09
228,-51.075,-266.417154992021,17.95953770188764,0.45249528097474534,R4-S09
229,-39.72500000000001,-266.417154992021,18.368045556417766,0.46278774392586963,R4-S09
230,-28.375000000000004,-266.417154992021,18.65844940325392,0.47010454530748097,R4-S09
231,-17.025000000000002,-266.417154992021,18.860060337415213,0.4751841858759187,R4-S09
232,-5.675000000000001,-266.417154992021,18.99028799864105,0.4784653060882099,R4-S09
233,5.675000000000001,-266.417154992021,18.981834923582042,0.4782523286364838,R4-S10
234,17.025000000000002,-266.417154992021,18.802284072112776,0.47372849765968195,R4-S10
235,28.375000000000004,-266.417154992021,18.607337607083306,0.46881677014571194,R4-S10
236,39.72500000000001,-266.417154992021,18.295198549943017,0.4609523444178135,R4-S10
237,51.075,-266.417154992021,17.872863232312984,0.4503114948932473,R4-S10
238,62.42500000000001,-266.417154992021,17.380340681863334,0.4379022595581591,R4-S10
239,73.775,-266.417154992021,16.86921114855461,0.42502421639089466,R4-S10
240,85.12500000000001,-266.417154992021,16.439093186790146,0.41418728109826525,R4-S10
241,96.47500000000001,-266.417154992021,16.180697292548743,0.4076769285096685,R5-S10
242,107.825,-266.417154992021,16.039036489255967,0.4041077472727631,R5-S10
243,119.17500000000001,-266.417154992021,15.966200675119035,0.4022726297586051,R5-S10
244,130.52500000000003,-266.417154992021,15.957050922967923,0.402042099344115,R5-S10
245,141.87500000000003,-266.417154992021,15.980798584666623,0.40264042793314747,R5-S10
246,153.22500000000002,-266.417154992021,16.095396347091835,0.40552774872995306,R5-S10
247,164.57500000000005,-266.417154992021,16.225223546141372,0.4087987791922744,R5-S11
248,175.92500000000004,-266.417154992021,16.370394939881432,0.4124564106798043,R5-S11
249,187.27500000000003,-266.417154992021,16.552206158081653,0.4170371921915257,R5-S11
250,198.62500000000003,-266.417154992021,16.728989144674934,0.42149128608402453,R5-S11
251,209.97500000000002,-266.417154992021,16.95704700856174,0.42723726401012196,R5-S11
252,221.32500000000005,-266.417154992021,17.38251366675459,0.4379570084846206,R5-S11
253,-227.00000000000003,-256.5877666590676,17.61744046218786,0.4438760509495556,R5-S08
254,-215.65000000000003,-256.5877666590676,17.535920969026332,0.4418221458560427,R5-S08
255,-204.3,-256.5877666590676,17.39932467145624,0.4383805661742566,R5-S08
256,-192.95000000000002,-256.5877666590676,17.212547994532457,0.43367467862263687,R5-S08
257,-181.60000000000002,-256.5877666590676,16.993260281633088,0.4281496669597654,R5-S08
258,-170.25000000000003,-256.5877666590676,16.811726498564838,0.4235758754992401,R5-S08
259,-158.90000000000003,-256.5877666590676,16.673710330634606,0.4200985218098918,R5-S08
260,-147.55,-256.5877666590676,16.58830870690332,0.41794680541454576,R5-S09
261,-136.20000000000002,-256.5877666590676,16.543860198597077,0.4168269135448999,R5-S09
262,-124.85000000000002,-256.5877666590676,16.515391299453483,0.4161096321353864,R5-S09
263,-113.50000000000001,-256.5877666590676,16.569438010185273,0.41747135324225937,R5-S09
264,-102.15,-256.5877666590676,16.652834161496592,0.4195725412319625,R4-S09
265,-90.80000000000001,-256.5877666590676,16.817111347472057,0.42371154818523704,R4-S09
266,-79.45000000000002,-256.5877666590676,17.064956207440606,0.42995606468734204,R4-S09
267,-68.10000000000001,-256.5877666590676,17.556110825978415,0.44233083461774797,R4-S09
268,-56.75000000000001,-256.5877666590676,18.044133972615928,0.45462670628913904,R4-S09
269,-45.400000000000006,-256.5877666590676,18.47031644317373,0.4653644858446392,R4-S09
270,-34.050000000000004,-256.5877666590676,18.756479954397527,0.47257445085405714,R4-S09
271,-22.700000000000003,-256.5877666590676,18.9841995053768,0.4783119048973747,R4-S09
272,-11.350000000000001,-256.5877666590676,19.150669253946784,0.482506154042499,R4-S09
273,0.0,-256.5877666590676,19.178996076603266,0.48321985579751237,R4-S10
274,11.350000000000001,-256.5877666590676,19.123182370479345,0.48181361477650153,R4-S10
275,22.700000000000003,-256.5877666590676,18.93999953847291,0.47719827509379975,R4-S10
276,34.050000000000004,-256.5877666590676,18.70732889865788,0.47133607706369063,R4-S10
277,45.400000000000006,-256.5877666590676,18.340996969533585,0.4621062476576867,R4-S10
278,56.75000000000001,-256.5877666590676,17.94597769907142,0.4521536331335707,R4-S10
279,68.10000000000001,-256.5877666590676,17.456397769161075,0.43981853789773434,R4-S10
280,79.45000000000002,-256.5877666590676,17.07820580979935,0.4302898919072651,R4-S10
281,90.80000000000001,-256.5877666590676,16.795101262978015,0.4231569983113635,R4-S10
282,102.15,-256.5877666590676,16.619216866431227,0.41872554463167616,R4-S10
283,113.50000000000001,-256.5877666590676,16.524938435077214,0.41635017473109637,R5-S10
284,124.85000000000002,-256.5877666590676,16.50733930141832,0.4159067599248758,R5-S10
285,136.20000000000002,-256.5877666590676,16.529322495902527,0.41646063229787167,R5-S10
286,147.55,-256.5877666590676,16.606693059077873,0.41841000400800893,R5-S10
287,158.90000000000003,-256.5877666590676,16.70540227909599,0.42089700879556535,R5-S11
288,170.25000000000003,-256.5877666590676,16.873405329839407,0.42512988989265327,R5-S11
289,181.60000000000002,-256.5877666590676,17.018088436820623,0.42877521886673275,R5-S11
290,192.95000000000002,-256.5877666590676,17.19863346351859,0.43332409835017865,R5-S11
291,204.3,-256.5877666590676,17.430168731618817,0.4391576903910007,R5-S11
292,215.65000000000003,-256.5877666590676,17.598764501689754,0.4434055052076028,R5-S11
293,227.00000000000003,-256.5877666590676,17.619582381461573,0.4439300171696038,R5-S11
294,-244.02500000000003,-246.75837832611418,18.12876634899375,0.4567590412948791,R5-S08
295,-232.675,-246.75837832611418,18.061940156596886,0.4550753377827384,R5-S08
296,-221.32500000000002,-246.75837832611418,18.104238317056492,0.456141051072222,R5-S08
297,-209.97500000000002,-246.75837832611418,18.076306700159577,0.45543730663037485,R5-S08
298,-198.625,-246.75837832611418,17.952410735501708,0.4523157151801892,R5-S08
299,-187.275,-246.75837832611418,17.733417148067435,0.44679811408585124,R5-S08
300,-175.925,-246.75837832611418,17.51245198038307,0.44123083850801387,R5-S08
301,-164.57500000000002,-246.75837832611418,17.31378306441316,0.4362253228625135,R5-S08
302,-153.22500000000002,-246.75837832611418,17.178507664384007,0.4328170235420511,R5-S08
303,-141.875,-246.75837832611418,17.08798377694179,0.4305362503638647,R5-S09
304,-130.525,-246.75837832611418,17.051982167209744,0.42962918032778397,R4-S09
305,-119.17500000000003,-246.75837832611418,17.082719882301912,0.43040362515247954,R4-S09
306,-107.82500000000002,-246.75837832611418,17.18114103865592,0.43288337210017436,R4-S09
307,-96.47500000000001,-246.75837832611418,17.246675523560867,0.4345345307019619,R4-S09
308,-85.12500000000001,-246.75837832611418,17.40911152363556,0.4386271484916997,R4-S09
309,-73.77500000000002,-246.75837832611418,17.73238849838257,0.44677219698620735,R4-S09
310,-62.42500000000001,-246.75837832611418,18.154803025029647,0.457415042202813,R4-S09
311,-51.075,-246.75837832611418,18.602191696925527,0.46868711758441745,R4-S09
312,-39.72500000000001,-246.75837832611418,18.910683125574472,0.47645964035209054,R4-S09
313,-28.375000000000004,-246.75837832611418,19.17650825391314,0.4831571744498146,R4-S09
314,-17.025000000000002,-246.75837832611418,19.317425577140643,0.4867076235107242,R4-S09
315,-5.675000000000001,-246.75837832611418,19.39879569334841,0.48875776501255763,R4-S09
316,5.675000000000001,-246.75837832611418,19.337081179591827,0.48720285158961524,R4-S10
317,17.025000000000002,-246.75837832611418,19.24719889709565,0.4849382438169728,R4-S10
318,28.375000000000004,-246.75837832611418,19.085292124386886,0.4808589600500601,R4-S10
319,39.72500000000001,-246.75837832611418,18.784463797382063,0.4732795111459326,R4-S10
320,51.075,-246.75837832611418,18.48449456313736,0.4657217073100872,R4-S10
321,62.42500000000001,-246.75837832611418,18.048730099246903,0.45474250690972295,R4-S10
322,73.775,-246.75837832611418,17.654289384855762,0.4448044692581447,R4-S10
323,85.12500000000001,-246.75837832611418,17.450823504982903,0.4396780928441145,R4-S10
324,96.47500000000001,-246.75837832611418,17.242647838984077,0.43443305212859856,R4-S10
325,107.825,-246.75837832611418,17.114061297620317,0.4311932803633237,R4-S10
326,119.17500000000001,-246.75837832611418,17.050913390731647,0.4296022522230196,R4-S10
327,130.52500000000003,-246.75837832611418,17.09616345922788,0.4307423396126954,R4-S10
328,141.87500000000003,-246.75837832611418,17.148768526102913,0.4320677381230263,R5-S10
329,153.22500000000002,-246.75837832611418,17.2089029212295,0.43358284004105574,R5-S11
330,164.57500000000005,-246.75837832611418,17.352626592282782,0.43720399577432056,R5-S11
331,175.92500000000004,-246.75837832611418,17.507588011582158,0.4411082895334381,R5-S11
332,187.27500000000003,-246.75837832611418,17.719249150888132,0.44644114766661963,R5-S11
333,198.62500000000003,-246.75837832611418,17.907736942597243,0.4511901472057759,R5-S11
334,209.97500000000002,-246.75837832611418,18.06465860226067,0.45514382973697837,R5-S11
335,221.32500000000005,-246.75837832611418,18.103455339152273,0.4561213237377746,R5-S11
336,232.67500000000004,-246.75837832611418,18.04698135298137,0.45469844678713456,R5-S11
337,244.02500000000003,-246.75837832611418,18.098088725897682,0.4559861105038469,R5-S11
338,-249.70000000000005,-236.92898999316083,18.087890266720848,0.4557291576397291,R5-S08
339,-238.35000000000002,-236.92898999316083,18.380712416344156,0.46310688879677897,R5-S08
340,-227.00000000000003,-236.92898999316083,18.551053312046804,0.46739867251314704,R5-S08
341,-215.65000000000003,-236.92898999316083,18.606455621649392,0.4687945482904861,R5-S08
342,-204.3,-236.92898999316083,18.576420219544573,0.4680377984264191,R5-S08
343,-192.95000000000002,-236.92898999316083,18.419841040874275,0.46409274479401047,R5-S08
344,-181.60000000000002,-236.92898999316083,18.23523230063325,0.45944147897791004,R5-S08
345,-170.25000000000003,-236.92898999316083,18.010028739857418,0.4537674159702046,R5-S08
346,-158.90000000000003,-236.92898999316083,17.816721487868172,0.4488969888603722,R5-S08
347,-147.55,-236.92898999316083,17.692410882052975,0.4457649504170566,R4-S08
348,-136.20000000000002,-236.92898999316083,17.62906151499731,0.44416884643480253,R4-S09
349,-124.85000000000002,-236.92898999316083,17.613258526176722,0.4437706859706909,R4-S09
350,-113.50000000000001,-236.92898999316083,17.65956191344157,0.4449373120040709,R4-S09
351,-102.15,-236.92898999316083,17.753145099891206,0.4472951650262335,R4-S09
352,-90.80000000000001,-236.92898999316083,17.838265406587908,0.4494397935648251,R4-S09
353,-79.45000000000002,-236.92898999316083,18.089695770495755,0.45577464778270993,R4-S09
354,-68.10000000000001,-236.92898999316083,18.345533022271635,0.4622205347007215,R4-S09
355,-56.75000000000001,-236.92898999316083,18.789516142825132,0.47340680631960524,R4-S09
356,-45.400000000000006,-236.92898999316083,19.066853278463967,0.4803943884722592,R4-S09
357,-34.050000000000004,-236.92898999316083,19.33298432431239,0.48709963024218667,R4-S09
358,-22.700000000000003,-236.92898999316083,19.467587533988304,0.4904909935497179,R4-S09
359,-11.350000000000001,-236.92898999316083,19.55635837244673,0.4927275981971966,R4-S09
360,0.0,-236.92898999316083,19.56687126345231,0.49299247325402645,R4-S10
361,11.350000000000001,-236.92898999316083,19.504239960083872,0.4914144610754314,R4-S10
362,22.700000000000003,-236.92898999316083,19.371317376468784,0.4880654415839956,R4-S10
363,34.050000000000004,-236.92898999316083,19.162589621571176,0.4828064908433151,R4-S10
364,45.400000000000006,-236.92898999316083,18.9288111154668,0.4769163798303553,R4-S10
365,56.75000000000001,-236.92898999316083,18.620501876558173,0.4691484473811583,R4-S10
366,68.10000000000001,-236.92898999316083,18.299039374771134,0.4610491150106106,R4-S10
367,79.45000000000002,-236.92898999316083,18.099181351626456,0.4560136394967613,R4-S10
368,90.80000000000001,-236.92898999316083,17.888583051085345,0.4507075598660959,R4-S10
369,102.15,-236.92898999316083,17.72422977807298,0.44656663587989376,R4-S10
370,113.50000000000001,-236.92898999316083,17.649015070212627,0.44467158151203395,R4-S10
371,124.85000000000002,-236.92898999316083,17.664098601075025,0.44505161504346247,R4-S10
372,136.20000000000002,-236.92898999316083,17.67138083681,0.4452350928901486,R4-S10
373,147.55,-236.92898999316083,17.769204166342043,0.44769977743366196,R4-S11
374,158.90000000000003,-236.92898999316083,17.8587225519649,0.4499552167287705,R5-S11
375,170.25000000000003,-236.92898999316083,18.026863661343892,0.4541915762495312,R5-S11
376,181.60000000000002,-236.92898999316083,18.233120880066284,0.4593882811808084,R5-S11
377,192.95000000000002,-236.92898999316083,18.431116743374197,0.4643768390872814,R5-S11
378,204.3,-236.92898999316083,18.519296698310246,0.46659855626883967,R5-S11
379,215.65000000000003,-236.92898999316083,18.605569172418843,0.46877221396872876,R5-S11
380,227.00000000000003,-236.92898999316083,18.52833915336986,0.4668263833048592,R5-S11
381,238.35000000000002,-236.92898999316083,18.382115955592845,0.4631422513376882,R5-S11
382,249.70000000000005,-236.92898999316083,18.124134706724067,0.456642345848427,R5-S11
383,-255.375,-227.09960166020744,18.18818063427183,0.4582559998556773,R5-S08
384,-244.02500000000003,-227.09960166020744,18.56258755093805,0.46768928069886756,R5-S08
385,-232.675,-227.09960166020744,18.85561165293732,0.47507210009920187,R5-S08
386,-221.32500000000002,-227.09960166020744,19.02897519802241,0.47944004026259546,R5-S08
387,-209.97500000000002,-227.09960166020744,19.109742652438577,0.4814749975419143,R5-S08
388,-198.625,-227.09960166020744,19.05476886645402,0.4800899185299577,R5-S08
389,-187.275,-227.09960166020744,18.88846425174356,0.4758998299759023,R5-S08
390,-175.925,-227.09960166020744,18.653754053665967,0.4699862447383716,R5-S08
391,-164.57500000000002,-227.09960166020744,18.486916760080664,0.4657827351998152,R5-S08
392,-153.22500000000002,-227.09960166020744,18.326888268225876,0.46175077521355196,R4-S08
393,-141.875,-227.09960166020744,18.205101066442865,0.45868231459921555,R4-S08
394,-130.525,-227.09960166020744,18.160629233960115,0.4575618350708016,R4-S09
395,-119.17500000000003,-227.09960166020744,18.180465203537096,0.45806160754691605,R4-S09
396,-107.82500000000002,-227.09960166020744,18.23084315898985,0.4593308933985853,R4-S09
397,-96.47500000000001,-227.09960166020744,18.344524703749286,0.4621951298500702,R4-S09
398,-85.12500000000001,-227.09960166020744,18.494166053813196,0.46596538306407653,R4-S09
399,-73.77500000000002,-227.09960166020744,18.679649400645502,0.47063868482351984,R4-S09
400,-62.42500000000001,-227.09960166020744,18.926904268316576,0.47686833631435066,R4-S09
401,-51.075,-227.09960166020744,19.194355595501428,0.48360684292016703,R4-S09
402,-39.72500000000001,-227.09960166020744,19.417577999908627,0.48923099017154514,R4-S09
403,-28.375000000000004,-227.09960166020744,19.610998323328854,0.49410426614585173,R4-S09
404,-17.025000000000002,-227.09960166020744,19.726913263849294,0.49702477359156705,R4-S09
405,-5.675000000000001,-227.09960166020744,19.749288971066,0.4975885354262031,R4-S09
406,5.675000000000001,-227.09960166020744,19.687433762578024,0.49603007716245967,R4-S10
407,17.025000000000002,-227.09960166020744,19.627485915875212,0.4945196753810837,R4-S10
408,28.375000000000004,-227.09960166020744,19.51048062830971,0.4915716963544901,R4-S10
409,39.72500000000001,-227.09960166020744,19.272050708058448,0.48556439173742627,R4-S10
410,51.075,-227.09960166020744,19.05659419669051,0.4801359082058582,R4-S10
411,62.42500000000001,-227.09960166020744,18.860960226049254,0.47520685880698554,R4-S10
412,73.775,-227.09960166020744,18.6901682965699,0.4709037111758605,R4-S10
413,85.12500000000001,-227.09960166020744,18.459274063330117,0.46508627017712567,R4-S10
414,96.47500000000001,-227.09960166020744,18.316880303716825,0.46149862191274443,R4-S10
415,107.825,-227.09960166020744,18.236579659095565,0.4594754260291148,R4-S10
416,119.17500000000001,-227.09960166020744,18.199318649745045,0.4585366250880586,R4-S10
417,130.52500000000003,-227.09960166020744,18.22139848329511,0.459092932307763,R4-S10
418,141.87500000000003,-227.09960166020744,18.296600854920534,0.46098767586093564,R4-S11
419,153.22500000000002,-227.09960166020744,18.384728447517514,0.46320807375957457,R4-S11
420,164.57500000000005,-227.09960166020744,18.541689858794904,0.4671627578431571,R5-S11
421,175.92500000000004,-227.09960166020744,18.709847303458943,0.47139952893572545,R5-S11
422,187.27500000000003,-227.09960166020744,18.908913069240207,0.4764150433167097,R5-S11
423,198.62500000000003,-227.09960166020744,19.057227105472922,0.48015185450926995,R5-S11
424,209.97500000000002,-227.09960166020744,19.098029825819424,0.4811798897913687,R5-S11
425,221.32500000000005,-227.09960166020744,19.068552530685682,0.4804372015793823,R5-S11
426,232.67500000000004,-227.09960166020744,18.849555154482104,0.47491950502600416,R5-S11
427,244.02500000000003,-227.09960166020744,18.52329552620793,0.4666993077905753,R5-S11
428,255.37500000000006,-227.09960166020744,18.174032235966237,0.457899527235229,R5-S11
429,-272.40000000000003,-217.27021332725406,17.990349341436648,0.45327158834559456,R5-S08
430,-261.05,-217.27021332725406,18.15411730435607,0.4573977652898985,R5-S08
431,-249.70000000000005,-217.27021332725406,18.535129152214047,0.4669974591134807,R5-S08
432,-238.35000000000002,-217.27021332725406,18.916000117052835,0.4765936033523012,R5-S08
433,-227.00000000000003,-217.27021332725406,19.305519046192906,0.48640763532861947,R5-S08
434,-215.65000000000003,-217.27021332725406,19.53619876772857,0.4922196716484901,R5-S08
435,-204.3,-217.27021332725406,19.566926477665955,0.49299386439067666,R5-S08
436,-192.95000000000002,-217.27021332725406,19.511183402264123,0.49158940292930525,R5-S08
437,-181.60000000000002,-217.27021332725406,19.309188104023395,0.4865000782066867,R5-S08
438,-170.25000000000003,-217.27021332725406,19.12165309094833,0.4817750841760729,R4-S08
439,-158.90000000000003,-217.27021332725406,18.952279195512148,0.4775076642860204,R4-S08
440,-147.55,-217.27021332725406,18.808959286145253,0.47389668143475067,R4-S08
441,-136.20000000000002,-217.27021332725406,18.684391005013484,0.4707581507939906,R4-S08
442,-124.85000000000002,-217.27021332725406,18.629630114780124,0.4693784357465388,R4-S09
443,-113.50000000000001,-217.27021332725406,18.691595316127923,0.47093966530934556,R4-S09
444,-102.15,-217.27021332725406,18.790315377555487,0.4734269432490675,R4-S09
445,-90.80000000000001,-217.27021332725406,18.925254780366824,0.47682677703116216,R4-S09
446,-79.45000000000002,-217.27021332725406,19.090815951430173,0.48099813432678695,R4-S09
447,-68.10000000000001,-217.27021332725406,19.197855899784802,0.4836950340081835,R4-S09
448,-56.75000000000001,-217.27021332725406,19.345753915386272,0.4874213634514052,R4-S09
449,-45.400000000000006,-217.27021332725406,19.524567783983876,0.49192662595071496,R4-S09
450,-34.050000000000004,-217.27021332725406,19.69409827945175,0.49619799141979726,R4-S09
451,-22.700000000000003,-217.27021332725406,19.80283690359562,0.49893768968494884,R4-S09
452,-11.350000000000001,-217.27021332725406,19.860170579118112,0.5003822267351502,R4-S09
453,0.0,-217.27021332725406,19.86146042610669,0.5004147247696319,R4-S10
454,11.350000000000001,-217.27021332725406,19.785478726643984,0.4985003458464093,R4-S10
455,22.700000000000003,-217.27021332725406,19.77143494365917,0.49814650903651225,R4-S10
456,34.050000000000004,-217.27021332725406,19.603306723369485,0.4939104742597502,R4-S10
457,45.400000000000006,-217.27021332725406,19.446135658373855,0.4899505078955368,R4-S10
458,56.75000000000001,-217.27021332725406,19.252709718614348,0.4850770904160834,R4-S10
459,68.10000000000001,-217.27021332725406,19.18380393074688,0.48334099094852306,R4-S10
460,79.45000000000002,-217.27021332725406,19.08872608778732,0.4809454796620641,R4-S10
461,90.80000000000001,-217.27021332725406,18.973536534557454,0.4780432485401223,R4-S10
462,102.15,-217.27021332725406,18.82020888741039,0.474180118100539,R4-S10
463,113.50000000000001,-217.27021332725406,18.758961945263884,0.47263698526741965,R4-S10
464,124.85000000000002,-217.27021332725406,18.73878596527012,0.4721286461393329,R4-S10
465,136.20000000000002,-217.27021332725406,18.810841574888858,0.4739441061952345,R4-S11
466,147.55,-217.27021332725406,18.933783830427114,0.477041668693049,R4-S11
467,158.90000000000003,-217.27021332725406,19.018893647175435,0.4791860329346293,R4-S11
468,170.25000000000003,-217.27021332725406,19.181568150955727,0.4832846598880254,R4-S11
469,181.60000000000002,-217.27021332725406,19.363749456967472,0.4878747658595987,R5-S11
470,192.95000000000002,-217.27021332725406,19.552810346190284,0.49263820474150377,R5-S11
471,204.3,-217.27021332725406,19.609797416443847,0.4940740089806966,R5-S11
472,215.65000000000003,-217.27021332725406,19.50892646306641,0.49153253875198816,R5-S11
473,227.00000000000003,-217.27021332725406,19.256263585578516,0.485166631029945,R5-S11
474,238.35000000000002,-217.27021332725406,18.89205625886329,0.47599033154102516,R5-S11
475,249.70000000000005,-217.27021332725406,18.53051349575072,0.4668811664336287,R5-S11
476,261.05,-217.27021332725406,18.100111734002933,0.4560370807256975,R5-S11
477,272.40000000000003,-217.27021332725406,17.972115022111804,0.4528121698692821,R5-S11
478,-278.07500000000005,-207.44082499430067,17.52748329311094,0.44160955638979443,R5-S08
479,-266.725,-207.44082499430067,17.94422751816673,0.45210953686487104,R5-S08
480,-255.375,-207.44082499430067,18.413122318959726,0.46392346482639774,R5-S08
481,-244.02500000000003,-207.44082499430067,18.860129297498816,0.4751859233433816,R5-S08
482,-232.675,-207.44082499430067,19.295155556699893,0.48614652448223467,R5-S08
483,-221.32500000000002,-207.44082499430067,19.690051798771965,0.4960960392736701,R5-S08
484,-209.97500000000002,-207.44082499430067,19.891044010993998,0.5011600909799445,R5-S08
485,-198.625,-207.44082499430067,19.969990895300562,0.5031491785160132,R5-S08
486,-187.275,-207.44082499430067,19.901877058329923,0.5014330324598116,R4-S08
487,-175.925,-207.44082499430067,19.755827500435533,0.49775327539520114,R4-S08
488,-164.57500000000002,-207.44082499430067,19.57263085684099,0.49313758772590055,R4-S08
489,-153.22500000000002,-207.44082499430067,19.39369020539217,0.4886291308992736,R4-S08
490,-141.875,-207.44082499430067,19.253697781260176,0.4851019849145925,R4-S08
491,-130.525,-207.44082499430067,19.1775793627299,0.48318416131846564,R4-S08
492,-119.17500000000003,-207.44082499430067,19.164380252492816,0.48285160626084195,R4-S09
493,-107.82500000000002,-207.44082499430067,19.17623176929033,0.4831502083469471,R4-S09
494,-96.47500000000001,-207.44082499430067,19.289382739785818,0.4860010768401567,R4-S09
495,-85.12500000000001,-207.44082499430067,19.429950093518794,0.48954270832750807,R4-S09
496,-73.77500000000002,-207.44082499430067,19.56903427763196,0.49304697096578387,R4-S09
497,-62.42500000000001,-207.44082499430067,19.57386784956711,0.49316875408332356,R4-S09
498,-51.075,-207.44082499430067,19.673200661022005,0.4956714704213153,R4-S09
499,-39.72500000000001,-207.44082499430067,19.761567121247207,0.49789788665273893,R4-S09
500,-28.375000000000004,-207.44082499430067,19.79534481866394,0.49874892463250037,R3-S09
501,-17.025000000000002,-207.44082499430067,19.86482348005358,0.500499457799284,R3-S09
502,-5.675000000000001,-207.44082499430067,19.903154869038172,0.5014652272370413,R3-S09
503,5.675000000000001,-207.44082499430067,19.865545181412752,0.5005176412550454,R3-S10
504,17.025000000000002,-207.44082499430067,19.857895205191003,0.5003248980899724,R3-S10
505,28.375000000000004,-207.44082499430067,19.787357455579148,0.49854768091658225,R3-S10
506,39.72500000000001,-207.44082499430067,19.677357016766216,0.49577619089861974,R4-S10
507,51.075,-207.44082499430067,19.573401685625118,0.49315700896006853,R4-S10
508,62.42500000000001,-207.44082499430067,19.516728625183177,0.49172911628075533,R4-S10
509,73.775,-207.44082499430067,19.572337666249954,0.49313020071176505,R4-S10
510,85.12500000000001,-207.44082499430067,19.458329571521162,0.4902577367478247,R4-S10
511,96.47500000000001,-207.44082499430067,19.349072297987576,0.48750497097474366,R4-S10
512,107.825,-207.44082499430067,19.291273692466692,0.4860487198908212,R4-S10
513,119.17500000000001,-207.44082499430067,19.292767441922237,0.4860863553016437,R4-S10
514,130.52500000000003,-207.44082499430067,19.33057369135882,0.48703889371022474,R4-S11
515,141.87500000000003,-207.44082499430067,19.398841450665753,0.4887589178802155,R4-S11
516,153.22500000000002,-207.44082499430067,19.492389646822378,0.49111588931273314,R4-S11
517,164.57500000000005,-207.44082499430067,19.638911193405498,0.4948075382566263,R4-S11
518,175.92500000000004,-207.44082499430067,19.77276961726457,0.4981801364894071,R4-S11
519,187.27500000000003,-207.44082499430067,19.92415714209938,0.5019943850365175,R4-S11
520,198.62500000000003,-207.44082499430067,20.05125721460768,0.505196704827606,R5-S11
521,209.97500000000002,-207.44082499430067,19.92950918650633,0.502129231204493,R5-S11
522,221.32500000000005,-207.44082499430067,19.60306345661928,0.49390434508992903,R5-S11
523,232.67500000000004,-207.44082499430067,19.269711429881518,0.4855054530078488,R5-S11
524,244.02500000000003,-207.44082499430067,18.799980491411926,0.4736704583374131,R5-S11
525,255.37500000000006,-207.44082499430067,18.341082120937767,0.4621083930697346,R5-S11
526,266.725,-207.44082499430067,17.873302090839744,0.45032255204937627,R5-S11
527,278.07500000000005,-207.44082499430067,17.47928062530837,0.4403950774832041,R5-S11
528,-283.75000000000006,-197.61143666134728,17.257838115212156,0.4348157751376205,R5-S08
529,-272.40000000000003,-197.61143666134728,17.63072459830643,0.4442107482566498,R5-S08
530,-261.05,-197.61143666134728,18.147076167605906,0.45722036199561367,R5-S08
531,-249.70000000000005,-197.61143666134728,18.6494010009793,0.46987656842981357,R5-S08
532,-238.35000000000002,-197.61143666134728,19.12150992700275,0.4817714771227703,R5-S08
533,-227.00000000000003,-197.61143666134728,19.59370858762646,0.4936686467026067,R5-S08
534,-215.65000000000003,-197.61143666134728,19.97791285090953,0.5033487742733568,R5-S08
535,-204.3,-197.61143666134728,20.207651893526315,0.5091371099401943,R5-S08
536,-192.95000000000002,-197.61143666134728,20.283974542048433,0.5110600791647376,R4-S08
537,-181.60000000000002,-197.61143666134728,20.23506313334445,0.5098277433445314,R4-S08
538,-170.25000000000003,-197.61143666134728,20.121323358294543,0.5069620397655465,R4-S08
539,-158.90000000000003,-197.61143666134728,19.93162563416791,0.5021825556605672,R4-S08
540,-147.55,-197.61143666134728,19.778078654252433,0.49831389907413537,R4-S08
541,-136.20000000000002,-197.61143666134728,19.65602947615184,0.49523883789750167,R4-S08
542,-124.85000000000002,-197.61143666134728,19.609343029829695,0.4940625605903174,R4-S08
543,-113.50000000000001,-197.61143666134728,19.570142447424946,0.49307489159548873,R4-S09
544,-102.15,-197.61143666134728,19.632008483487215,0.49463362266281724,R4-S09
545,-90.80000000000001,-197.61143666134728,19.721488294934538,0.496888090071417,R4-S09
546,-79.45000000000002,-197.61143666134728,19.87878772841764,0.5008512907134705,R4-S09
547,-68.10000000000001,-197.61143666134728,19.903394690712357,0.5014712696072653,R3-S09
548,-56.75000000000001,-197.61143666134728,19.868808262218167,0.500599855435076,R3-S09
549,-45.400000000000006,-197.61143666134728,19.796349497470256,0.49877423777954794,R3-S09
550,-34.050000000000004,-197.61143666134728,19.84556695886499,0.5000142846778783,R3-S09
551,-22.700000000000003,-197.61143666134728,19.818350474136466,0.4993285581793013,R3-S09
552,-11.350000000000001,-197.61143666134728,19.835421656392192,0.49975867111091443,R3-S09
553,0.0,-197.61143666134728,19.938277711670732,0.5023501565046796,R3-S10
554,11.350000000000001,-197.61143666134728,19.84512039019912,0.5000030332627645,R3-S10
555,22.700000000000003,-197.61143666134728,19.874204721898877,0.5007358206575682,R3-S10
556,34.050000000000004,-197.61143666134728,19.783960519159344,0.4984620942091042,R3-S10
557,45.400000000000006,-197.61143666134728,19.759734703902453,0.49785171841527975,R3-S10
558,56.75000000000001,-197.61143666134728,19.774154060550202,0.49821501790249945,R3-S10
559,68.10000000000001,-197.61143666134728,19.82655490722593,0.4995352710311396,R3-S10
560,79.45000000000002,-197.61143666134728,19.835540269901134,0.49976165960950203,R4-S10
561,90.80000000000001,-197.61143666134728,19.75869878861528,0.4978256182568728,R4-S10
562,102.15,-197.61143666134728,19.697591629932855,0.49628600730493466,R4-S10
563,113.50000000000001,-197.61143666134728,19.679012017563682,0.4958178890794579,R4-S10
564,124.85000000000002,-197.61143666134728,19.755152475618743,0.49773626796721454,R4-S11
565,136.20000000000002,-197.61143666134728,19.8436478848424,0.49996593310260523,R4-S11
566,147.55,-197.61143666134728,19.922421674352545,0.5019506594697039,R4-S11
567,158.90000000000003,-197.61143666134728,20.078527772548306,0.5058837937149989,R4-S11
568,170.25000000000003,-197.61143666134728,20.174932492900986,0.5083127360267319,R4-S11
569,181.60000000000002,-197.61143666134728,20.283139152018816,0.5110390312929911,R4-S11
570,192.95000000000002,-197.61143666134728,20.378279533793894,0.513436118261373,R4-S11
571,204.3,-197.61143666134728,20.24682898789342,0.5101241871477304,R5-S11
572,215.65000000000003,-197.61143666134728,19.924014675190886,0.5019907955452478,R5-S11
573,227.00000000000003,-197.61143666134728,19.507674304715547,0.4915009902926568,R5-S11
574,238.35000000000002,-197.61143666134728,19.081442267834873,0.4807619619006015,R5-S11
575,249.70000000000005,-197.61143666134728,18.600616686591714,0.46864743478437176,R5-S11
576,261.05,-197.61143666134728,18.117317156334266,0.4564705758713597,R5-S11
577,272.40000000000003,-197.61143666134728,17.679501080671383,0.4454396845722193,R5-S11
578,283.75000000000006,-197.61143666134728,17.28750848387559,0.435563327888022,R5-S11
579,-289.425,-187.78204832839393,17.038044452669094,0.42927801594026443,R5-S08
580,-278.07500000000005,-187.78204832839393,17.388176610491186,0.4380996878430634,R5-S08
581,-266.725,-187.78204832839393,17.807894889649518,0.44867460039429374,R5-S08
582,-255.375,-187.78204832839393,18.31120186509633,0.4613555521566221,R5-S08
583,-244.02500000000003,-187.78204832839393,18.814703998659706,0.47404142097908053,R5-S08
584,-232.675,-187.78204832839393,19.294565068460123,0.4861316469755637,R5-S08
585,-221.32500000000002,-187.78204832839393,19.800184022778943,0.4988708496542944,R5-S08
586,-209.97500000000002,-187.78204832839393,20.16744361555302,0.5081240517901996,R5-S08
587,-198.625,-187.78204832839393,20.458097714674476,0.5154471583440282,R4-S08
588,-187.275,-187.78204832839393,20.511043106086728,0.5167811314206785,R4-S08
589,-175.925,-187.78204832839393,20.473251540172893,0.5158289629673191,R4-S08
590,-164.57500000000002,-187.78204832839393,20.39375837362223,0.5138261117062795,R4-S08
591,-153.22500000000002,-187.78204832839393,20.2898504773937,0.5112081249028395,R4-S08
592,-141.875,-187.78204832839393,20.151463007853263,0.507721416171662,R4-S08
593,-130.525,-187.78204832839393,20.032506600979797,0.504724278180393,R4-S08
594,-119.17500000000003,-187.78204832839393,19.988492145411826,0.5036153223837699,R4-S08
595,-107.82500000000002,-187.78204832839393,19.980864508120906,0.5034231420539407,R4-S09
596,-96.47500000000001,-187.78204832839393,20.027699441678298,0.5046031605361123,R4-S09
597,-85.12500000000001,-187.78204832839393,20.07869034978733,0.5058878898913411,R3-S09
598,-73.77500000000002,-187.78204832839393,20.1087047122338,0.5066441096556765,R3-S09
599,-62.42500000000001,-187.78204832839393,20.018357582489816,0.5043677899342358,R3-S09
600,-51.075,-187.78204832839393,19.85537328210168,0.5002613575737386,R3-S09
601,-39.72500000000001,-187.78204832839393,19.78688601549677,0.498535802859581,R3-S09
602,-28.375000000000004,-187.78204832839393,19.729540730123553,0.4970909732961339,R3-S09
603,-17.025000000000002,-187.78204832839393,19.697937579163973,0.4962947235868978,R3-S09
604,-5.675000000000001,-187.78204832839393,19.682039611003294,0.4958941700933055,R3-S09
605,5.675000000000001,-187.78204832839393,19.73126567414681,0.4971344337149613,R3-S10
606,17.025000000000002,-187.78204832839393,19.748179784180167,0.49756058917057616,R3-S10
607,28.375000000000004,-187.78204832839393,19.74452053217179,0.4974683933527788,R3-S10
608,39.72500000000001,-187.78204832839393,19.7822397257227,0.4984187383653994,R3-S10
609,51.075,-187.78204832839393,19.796822665313226,0.49878615936793214,R3-S10
610,62.42500000000001,-187.78204832839393,19.89825323698829,0.5013417293269914,R3-S10
611,73.775,-187.78204832839393,19.9735966620334,0.5032400267582112,R3-S10
612,85.12500000000001,-187.78204832839393,20.031146365455292,0.5046900066882161,R3-S10
613,96.47500000000001,-187.78204832839393,20.015086955807227,0.504285385633843,R4-S10
614,107.825,-187.78204832839393,19.937762713758417,0.5023371809966848,R4-S10
615,119.17500000000001,-187.78204832839393,20.032379295404954,0.5047210706829165,R4-S11
616,130.52500000000003,-187.78204832839393,20.166193805390193,0.508092562494084,R4-S11
617,141.87500000000003,-187.78204832839393,20.29806941214984,0.5114152031279879,R4-S11
618,153.22500000000002,-187.78204832839393,20.43805333001468,0.5149421347950285,R4-S11
619,164.57500000000005,-187.78204832839393,20.537918374984283,0.5174582608965554,R4-S11
620,175.92500000000004,-187.78204832839393,20.604949525750904,0.5191471283887857,R4-S11
621,187.27500000000003,-187.78204832839393,20.558736044010868,0.5179827675487747,R4-S11
622,198.62500000000003,-187.78204832839393,20.449152587086033,0.5152217834992702,R4-S11
623,209.97500000000002,-187.78204832839393,20.153070260557556,0.507761911326721,R5-S11
624,221.32500000000005,-187.78204832839393,19.697500757474653,0.4962837177494244,R5-S11
625,232.67500000000004,-187.78204832839393,19.255013752566178,0.48513514115813,R5-S11
626,244.02500000000003,-187.78204832839393,18.770815966499043,0.4729356504534907,R5-S11
627,255.37500000000006,-187.78204832839393,18.26304154939048,0.46014214032225953,R5-S11
628,266.725,-187.78204832839393,17.83052207486712,0.44924469828337416,R5-S11
629,278.07500000000005,-187.78204832839393,17.425554800896062,0.4390414411916368,R5-S11
630,289.42500000000007,-187.78204832839393,17.070043506269347,0.43008424052076966,R5-S11
631,-295.1,-177.95265999544054,16.82151583555898,0.42382252042224694,R5-S08
632,-283.75000000000006,-177.95265999544054,17.11990464125016,0.43134050494457443,R5-S08
633,-272.40000000000003,-177.95265999544054,17.534336542786093,0.44178222581975546,R5-S08
634,-261.05,-177.95265999544054,18.020048099654883,0.45401985637830394,R5-S08
635,-249.70000000000005,-177.95265999544054,18.47389993550937,0.4654547728775352,R5-S08
636,-238.35000000000002,-177.95265999544054,18.960769343853975,0.47772157580886815,R5-S08
637,-227.00000000000003,-177.95265999544054,19.466080711377586,0.49045302875730884,R5-S08
638,-215.65000000000003,-177.95265999544054,19.92345396657286,0.5019766683439875,R4-S08
639,-204.3,-177.95265999544054,20.285015907934866,0.511086316652428,R4-S08
640,-192.95000000000002,-177.95265999544054,20.554437499241597,0.517874464581547,R4-S08
641,-181.60000000000002,-177.95265999544054,20.645471539467014,0.5201680911934244,R4-S08
642,-170.25000000000003,-177.95265999544054,20.675894533478417,0.520934606537627,R4-S08
643,-158.90000000000003,-177.95265999544054,20.639989842395565,0.5200299783924305,R4-S08
644,-147.55,-177.95265999544054,20.550829441637998,0.5177835586202569,R4-S08
645,-136.20000000000002,-177.95265999544054,20.461686202875725,0.5155375712490735,R4-S08
646,-124.85000000000002,-177.95265999544054,20.344950754603794,0.5125963908945275,R4-S08
647,-113.50000000000001,-177.95265999544054,20.307466694146918,0.5116519701221194,R4-S08
648,-102.15,-177.95265999544054,20.254757846057867,0.5103239568167767,R3-S09
649,-90.80000000000001,-177.95265999544054,20.241495218929565,0.5099898014343553,R3-S09
650,-79.45000000000002,-177.95265999544054,20.266003529738555,0.5106072947779934,R3-S09
651,-68.10000000000001,-177.95265999544054,20.10789451293891,0.5066236964711239,R3-S09
652,-56.75000000000001,-177.95265999544054,19.82163315587793,0.49941126621007637,R3-S09
653,-45.400000000000006,-177.95265999544054,19.643274584224518,0.4949174750371509,R3-S09
654,-34.050000000000004,-177.95265999544054,19.573847662719192,0.49316824547037524,R3-S09
655,-22.700000000000003,-177.95265999544054,19.503512402342977,0.49139613006659055,R3-S09
656,-11.350000000000001,-177.95265999544054,19.422226820230442,0.48934811842354353,R3-S09
657,0.0,-177.95265999544054,19.53603917475818,0.4922156506615818,R3-S10
658,11.350000000000001,-177.95265999544054,19.451756187721784,0.4900921186122899,R3-S10
659,22.700000000000003,-177.95265999544054,19.51726695007483,0.4917426795181363,R3-S10
660,34.050000000000004,-177.95265999544054,19.60001729087964,0.49382759614209226,R3-S10
661,45.400000000000006,-177.95265999544054,19.697684861650018,0.4962883563025956,R3-S10
662,56.75000000000001,-177.95265999544054,19.810019664161196,0.4991186612285512,R3-S10
663,68.10000000000001,-177.95265999544054,19.95909132030676,0.5028745608542898,R3-S10
664,79.45000000000002,-177.95265999544054,20.095934263852698,0.5063223548463769,R3-S10
665,90.80000000000001,-177.95265999544054,20.142704292146828,0.5075007380233517,R3-S10
666,102.15,-177.95265999544054,20.174471794089197,0.5083011285988712,R3-S10
667,113.50000000000001,-177.95265999544054,20.278379757923652,0.5109191171056602,R4-S11
668,124.85000000000002,-177.95265999544054,20.436484597242153,0.5149026101597922,R4-S11
669,136.20000000000002,-177.95265999544054,20.593191710409286,0.5188508871355325,R4-S11
670,147.55,-177.95265999544054,20.687304675965684,0.521222088081776,R4-S11
671,158.90000000000003,-177.95265999544054,20.770486588593812,0.523317878271449,R4-S11
672,170.25000000000003,-177.95265999544054,20.822290560404006,0.5246230929807006,R4-S11
673,181.60000000000002,-177.95265999544054,20.731946943775792,0.5223468617731366,R4-S11
674,192.95000000000002,-177.95265999544054,20.588025323331014,0.5187207186528349,R4-S11
675,204.3,-177.95265999544054,20.317678865026956,0.5119092684562095,R4-S11
676,215.65000000000003,-177.95265999544054,19.89776528333383,0.5013294352061938,R4-S11
677,227.00000000000003,-177.95265999544054,19.428425153559928,0.4895042870637422,R5-S11
678,238.35000000000002,-177.95265999544054,18.93639035748953,0.47710734082866035,R5-S11
679,249.70000000000005,-177.95265999544054,18.431370168221363,0.4643832241930301,R5-S11
680,261.05,-177.95265999544054,17.95423068998781,0.45236156941264327,R5-S11
681,272.40000000000003,-177.95265999544054,17.54598012084446,0.44207558883457954,R5-S11
682,283.75000000000006,-177.95265999544054,17.13687649711286,0.4317681153215636,R5-S11
683,295.1,-177.95265999544054,16.8142458538336,0.4236393513185589,R5-S11
684,-300.77500000000003,-168.12327166248716,16.558204862032344,0.4171883311169651,R5-S07
685,-289.425,-168.12327166248716,16.859027170969238,0.4247676283942867,R5-S08
686,-278.07500000000005,-168.12327166248716,17.260424896580183,0.43488094977526287,R5-S08
687,-266.725,-168.12327166248716,17.689556958809273,0.4456930450695206,R5-S08
688,-255.375,-168.12327166248716,18.14668484191095,0.4572105024416969,R5-S08
689,-244.02500000000003,-168.12327166248716,18.600618747528294,0.4686474867102115,R5-S08
690,-232.675,-168.12327166248716,19.074196199034233,0.4805793952893483,R5-S08
691,-221.32500000000002,-168.12327166248716,19.520580470735077,0.49182616454358974,R4-S08
692,-209.97500000000002,-168.12327166248716,19.968436666528618,0.5031100193128903,R4-S08
693,-198.625,-168.12327166248716,20.36320978185313,0.5130564318935029,R4-S08
694,-187.275,-168.12327166248716,20.609641467761705,0.5192653431030916,R4-S08
695,-175.925,-168.12327166248716,20.75825891473,0.5230097988090199,R4-S08
696,-164.57500000000002,-168.12327166248716,20.841468848661147,0.5251062950028004,R4-S08
697,-153.22500000000002,-168.12327166248716,20.8927095281193,0.5263973174129328,R4-S08
698,-141.875,-168.12327166248716,20.811580298773915,0.5243532451190203,R4-S08
699,-130.525,-168.12327166248716,20.669155094194274,0.5207648045904327,R4-S08
700,-119.17500000000003,-168.12327166248716,20.5328762530977,0.5173312233080801,R3-S08
701,-107.82500000000002,-168.12327166248716,20.472832838781084,0.5158184136755124,R3-S08
702,-96.47500000000001,-168.12327166248716,20.432892386066435,0.514812103453425,R3-S09
703,-85.12500000000001,-168.12327166248716,20.336806024211924,0.5123911822678742,R3-S09
704,-73.77500000000002,-168.12327166248716,20.18794316839411,0.5086405434213683,R3-S09
705,-62.42500000000001,-168.12327166248716,19.86815476387293,0.5005833903722079,R3-S09
706,-51.075,-168.12327166248716,19.535791989778655,0.4922094227709412,R3-S09
707,-39.72500000000001,-168.12327166248716,19.349974850632055,0.48752771102625486,R3-S09
708,-28.375000000000004,-168.12327166248716,19.19499104201875,0.48362285316247794,R3-S09
709,-17.025000000000002,-168.12327166248716,19.050821946670144,0.47999047484681645,R3-S09
710,-5.675000000000001,-168.12327166248716,18.99738151078506,0.4786440289943326,R3-S09
711,5.675000000000001,-168.12327166248716,19.03062031107075,0.4794814893189909,R3-S10
712,17.025000000000002,-168.12327166248716,19.10913592429228,0.48145971086652256,R3-S10
713,28.375000000000004,-168.12327166248716,19.26843587970355,0.48547331518527465,R3-S10
714,39.72500000000001,-168.12327166248716,19.333259303680144,0.48710655841975675,R3-S10
715,51.075,-168.12327166248716,19.559935955585384,0.4928177363463186,R3-S10
716,62.42500000000001,-168.12327166248716,19.82961479869612,0.4996123658023714,R3-S10
717,73.775,-168.12327166248716,20.031710474653234,0.5047042195679827,R3-S10
718,85.12500000000001,-168.12327166248716,20.14608348051687,0.5075858775640432,R3-S10
719,96.47500000000001,-168.12327166248716,20.286706056209724,0.511128900383213,R3-S10
720,107.825,-168.12327166248716,20.357542678290464,0.512913647727147,R3-S11
721,119.17500000000001,-168.12327166248716,20.545332645793067,0.5176450654016898,R3-S11
722,130.52500000000003,-168.12327166248716,20.733714178140065,0.5223913877082406,R4-S11
723,141.87500000000003,-168.12327166248716,20.910729846773975,0.5268513440860161,R4-S11
724,153.22500000000002,-168.12327166248716,20.9933607308238,0.5289332509655782,R4-S11
725,164.57500000000005,-168.12327166248716,20.965174179110868,0.5282230833739195,R4-S11
726,175.92500000000004,-168.12327166248716,20.876438791212603,0.525987371912638,R4-S11
727,187.27500000000003,-168.12327166248716,20.65795102234392,0.5204825150502373,R4-S11
728,198.62500000000003,-168.12327166248716,20.36871468809835,0.5131951294557408,R4-S11
729,209.97500000000002,-168.12327166248716,20.015529191148485,0.5042965278697024,R4-S11
730,221.32500000000005,-168.12327166248716,19.56232065322301,0.4928778194311669,R4-S11
731,232.67500000000004,-168.12327166248716,19.036472812067657,0.479628944622516,R5-S11
732,244.02500000000003,-168.12327166248716,18.541347666864997,0.4671541362273872,R5-S11
733,255.37500000000006,-168.12327166248716,18.08127723140672,0.45556254047384026,R5-S11
734,266.725,-168.12327166248716,17.642465410261945,0.4445065611051133,R5-S11
735,278.07500000000005,-168.12327166248716,17.189621777471988,0.43309704654754316,R5-S11
736,289.42500000000007,-168.12327166248716,16.806126176161158,0.42343477390176765,R5-S11
737,300.77500000000003,-168.12327166248716,16.5367409094886,0.41664754118137065,R5-S12
738,-306.45000000000005,-158.2938833295338,16.281802296936778,0.41022429571521235,R5-S07
739,-295.1,-158.2938833295338,16.595600178651484,0.418130515965016,R5-S07
740,-283.75000000000006,-158.2938833295338,16.98235020225217,0.42787478463724293,R5-S07
741,-272.40000000000003,-158.2938833295338,17.38964406888347,0.43813666084362485,R5-S08
742,-261.05,-158.2938833295338,17.791433097663024,0.4482598412109606,R5-S08
743,-249.70000000000005,-158.2938833295338,18.26431096276342,0.4601741235264153,R5-S08
744,-238.35000000000002,-158.2938833295338,18.73614068042826,0.4720619974912638,R5-S08
745,-227.00000000000003,-158.2938833295338,19.15597055941313,0.482639721829507,R4-S08
746,-215.65000000000003,-158.2938833295338,19.633323859329654,0.49466676390349346,R4-S08
747,-204.3,-158.2938833295338,20.061886887967166,0.5054645222465902,R4-S08
748,-192.95000000000002,-158.2938833295338,20.417664659135152,0.5144284368640755,R4-S08
749,-181.60000000000002,-158.2938833295338,20.632598688856547,0.5198437563329944,R4-S08
750,-170.25000000000003,-158.2938833295338,20.827019665569026,0.5247422440304618,R4-S08
751,-158.90000000000003,-158.2938833295338,21.038809202279378,0.5300783371700524,R4-S08
752,-147.55,-158.2938833295338,20.978237219912998,0.5285522101263038,R4-S08
753,-136.20000000000002,-158.2938833295338,20.933583877380727,0.5274271574044023,R3-S08
754,-124.85000000000002,-158.2938833295338,20.844661239157286,0.5251867281218767,R3-S08
755,-113.50000000000001,-158.2938833295338,20.723726408239177,0.5221397432159027,R3-S08
756,-102.15,-158.2938833295338,20.594864518627308,0.5188930339790201,R3-S08
757,-90.80000000000001,-158.2938833295338,20.439321871859324,0.5149740960407994,R3-S09
758,-79.45000000000002,-158.2938833295338,20.192915350058907,0.5087658188475411,R3-S09
759,-68.10000000000001,-158.2938833295338,19.892034096309946,0.5011850364401599,R3-S09
760,-56.75000000000001,-158.2938833295338,19.456866101731375,0.49022086424115335,R3-S09
761,-45.400000000000006,-158.2938833295338,19.12329125045774,0.48181635803622425,R3-S09
762,-34.050000000000004,-158.2938833295338,18.849513451413717,0.47491845430621615,R3-S09
763,-22.700000000000003,-158.2938833295338,18.60654806143598,0.4687968773352477,R3-S09
764,22.700000000000003,-158.2938833295338,18.64692648030635,0.46981422222994085,R3-S10
765,34.050000000000004,-158.2938833295338,18.873590529687007,0.4755250826325777,R3-S10
766,45.400000000000006,-158.2938833295338,19.132917661399283,0.482058897994439,R3-S10
767,56.75000000000001,-158.2938833295338,19.398719075437928,0.48875583460413025,R3-S10
768,68.10000000000001,-158.2938833295338,19.786808318514943,0.498533845263667,R3-S10
769,79.45000000000002,-158.2938833295338,19.988996530496898,0.5036280304987881,R3-S10
770,90.80000000000001,-158.2938833295338,20.231442239123723,0.5097365139612932,R3-S10
771,102.15,-158.2938833295338,20.3988131939983,0.5139534692365407,R3-S11
772,113.50000000000001,-158.2938833295338,20.54289401701427,0.5175836235075402,R3-S11
773,124.85000000000002,-158.2938833295338,20.785104092574713,0.5236861701328978,R3-S11
774,136.20000000000002,-158.2938833295338,20.95164868274204,0.5278823049317722,R3-S11
775,147.55,-158.2938833295338,21.110447000725706,0.5318832703634595,R4-S11
776,158.90000000000003,-158.2938833295338,21.086086563669515,0.531269502737957,R4-S11
777,170.25000000000003,-158.2938833295338,20.922838838636444,0.5271564333241735,R4-S11
778,181.60000000000002,-158.2938833295338,20.71676661729747,0.5219643894506796,R4-S11
779,192.95000000000002,-158.2938833295338,20.441536045995722,0.5150298827411369,R4-S11
780,204.3,-158.2938833295338,20.06454142079604,0.505531403900127,R4-S11
781,215.65000000000003,-158.2938833295338,19.634375373961046,0.4946932570914852,R4-S11
782,227.00000000000003,-158.2938833295338,19.12825394910409,0.4819413945352504,R4-S11
783,238.35000000000002,-158.2938833295338,18.6637973168128,0.47023928739765186,R5-S11
784,249.70000000000005,-158.2938833295338,18.153762828292408,0.4573888341721443,R5-S11
785,261.05,-158.2938833295338,17.6996142250069,0.4459464405393525,R5-S11
786,272.40000000000003,-158.2938833295338,17.26537174212213,0.4350055868511497,R5-S11
787,283.75000000000006,-158.2938833295338,16.888525279965965,0.4255108410170311,R5-S12
788,295.1,-158.2938833295338,16.492797012789662,0.4155403631340303,R5-S12
789,306.45000000000005,-158.2938833295338,16.133703017196154,0.40649289536901373,R5-S12
790,-312.12500000000006,-148.4644949965804,15.81615813066861,0.3984922683463999,R5-S07
791,-300.77500000000003,-148.4644949965804,16.128742769748218,0.40636792062857696,R5-S07
792,-289.425,-148.4644949965804,16.556105952492757,0.41713544853849227,R5-S07
793,-278.07500000000005,-148.4644949965804,16.98150966544034,0.42785360709096343,R5-S07
794,-266.725,-148.4644949965804,17.43246648378889,0.439215582861902,R5-S07
795,-255.375,-148.4644949965804,17.88407343020091,0.45059393878057225,R5-S08
796,-244.02500000000003,-148.4644949965804,18.34465939335783,0.46219852339022,R5-S08
797,-232.675,-148.4644949965804,18.75943333877301,0.4726488621509955,R4-S08
798,-221.32500000000002,-148.4644949965804,19.2714495137994,0.4855492444897808,R4-S08
799,-209.97500000000002,-148.4644949965804,19.713817930554878,0.49669483322133734,R4-S08
800,-198.625,-148.4644949965804,20.14047472898413,0.5074445635924447,R4-S08
801,-187.275,-148.4644949965804,20.472365600451624,0.5158066414827822,R4-S08
802,-175.925,-148.4644949965804,20.731990402596644,0.5223479567295702,R4-S08
803,-164.57500000000002,-148.4644949965804,20.954184983594168,0.5279462076995255,R4-S08
804,-153.22500000000002,-148.4644949965804,21.002472631557435,0.5291628277036391,R4-S08
805,-141.875,-148.4644949965804,21.076274820490507,0.5310222932852232,R3-S08
806,-130.525,-148.4644949965804,21.037425154683003,0.5300434657264551,R3-S08
807,-119.17500000000003,-148.4644949965804,20.91658444009788,0.5269988521062706,R3-S08
808,-107.82500000000002,-148.4644949965804,20.777732479625385,0.5235004404037639,R3-S08
809,-96.47500000000001,-148.4644949965804,20.485121459131044,0.5161280287007066,R3-S08
810,-85.12500000000001,-148.4644949965804,20.169114914375786,0.5081661606040763,R3-S09
811,-73.77500000000002,-148.4644949965804,19.773680445017977,0.4982030850344666,R3-S09
812,-62.42500000000001,-148.4644949965804,19.32293819598253,0.48684651539386575,R3-S09
813,-51.075,-148.4644949965804,18.82364185115055,0.47426661252583907,R3-S09
814,51.075,-148.4644949965804,18.89226811470978,0.47599566930485715,R3-S10
815,62.42500000000001,-148.4644949965804,19.405344775255326,0.4889227708555134,R3-S10
816,73.775,-148.4644949965804,19.710229889299466,0.49660443157721007,R3-S10
817,85.12500000000001,-148.4644949965804,20.111880933311664,0.5067241353820021,R3-S10
818,96.47500000000001,-148.4644949965804,20.328522496297758,0.5121824766011025,R3-S11
819,107.825,-148.4644949965804,20.57269149440846,0.5183343787958796,R3-S11
820,119.17500000000001,-148.4644949965804,20.71623028315853,0.5219508763708373,R3-S11
821,130.52500000000003,-148.4644949965804,20.928405430195998,0.5272966850641471,R3-S11
822,141.87500000000003,-148.4644949965804,21.111163337737135,0.5319013186630672,R3-S11
823,153.22500000000002,-148.4644949965804,21.161814976245456,0.5331775000313796,R4-S11
824,164.57500000000005,-148.4644949965804,21.042490365101667,0.5301710850365752,R4-S11
825,175.92500000000004,-148.4644949965804,20.835219982685622,0.52494885317928,R4-S11
826,187.27500000000003,-148.4644949965804,20.49155306546912,0.5162900747157753,R4-S11
827,198.62500000000003,-148.4644949965804,20.144020272574302,0.507533894496707,R4-S11
828,209.97500000000002,-148.4644949965804,19.695958572989944,0.4962448620052896,R4-S11
829,221.32500000000005,-148.4644949965804,19.21498042738778,0.484126490989866,R4-S11
830,232.67500000000004,-148.4644949965804,18.73304573565049,0.4719840195427183,R4-S11
831,244.02500000000003,-148.4644949965804,18.251237786951933,0.4598447414198018,R5-S11
832,255.37500000000006,-148.4644949965804,17.74484836240875,0.44708612654091084,R5-S11
833,266.725,-148.4644949965804,17.269488669354992,0.43510931391672947,R5-S12
834,278.07500000000005,-148.4644949965804,16.855376340270517,0.42467564475360337,R5-S12
835,289.42500000000007,-148.4644949965804,16.43096708577804,0.41398254184374,R5-S12
836,300.77500000000003,-148.4644949965804,16.058035556215554,0.40458643376708375,R5-S12
837,312.12500000000006,-148.4644949965804,15.703848932827327,0.39566260853684376,R5-S12
838,-317.80000000000007,-138.63510666362703,15.208013329948855,0.38316989997351614,R5-S07
839,-306.45000000000005,-138.63510666362703,15.667392811764456,0.3947440869681143,R5-S07
840,-295.1,-138.63510666362703,16.066447046431957,0.4047983634777515,R5-S07
841,-283.75000000000006,-138.63510666362703,16.45729789439714,0.41464595349955,R5-S07
842,-272.40000000000003,-138.63510666362703,16.944711455178382,0.4269264664947942,R5-S07
843,-261.05,-138.63510666362703,17.367648332637884,0.4375824724776489,R5-S07
844,-249.70000000000005,-138.63510666362703,17.889537079559332,0.4507315968646846,R5-S07
845,-238.35000000000002,-138.63510666362703,18.34981261217393,0.4623283600950852,R4-S08
846,-227.00000000000003,-138.63510666362703,18.89109107672402,0.475966013522903,R4-S08
847,-215.65000000000003,-138.63510666362703,19.340214211020076,0.48728178914134734,R4-S08
848,-204.3,-138.63510666362703,19.80324920614666,0.4989480777562777,R4-S08
849,-192.95000000000002,-138.63510666362703,20.196176328232596,0.5088479800512118,R4-S08
850,-181.60000000000002,-138.63510666362703,20.603364779093432,0.519107200279502,R4-S08
851,-170.25000000000003,-138.63510666362703,20.893332025539088,0.526413001399322,R4-S08
852,-158.90000000000003,-138.63510666362703,21.066094100497857,0.5307657873645215,R4-S08
853,-147.55,-138.63510666362703,21.17943459179434,0.5336214308842112,R3-S08
854,-136.20000000000002,-138.63510666362703,21.170773574367207,0.5334032142697709,R3-S08
855,-124.85000000000002,-138.63510666362703,21.110605067896174,0.531887252907437,R3-S08
856,-113.50000000000001,-138.63510666362703,20.88141331338775,0.5261127063085853,R3-S08
857,-102.15,-138.63510666362703,20.60193301433546,0.5190711265894549,R3-S08
858,-90.80000000000001,-138.63510666362703,20.231988827404283,0.5097502853969333,R3-S08
859,-79.45000000000002,-138.63510666362703,19.7189781294179,0.4968248457903225,R3-S09
860,-68.10000000000001,-138.63510666362703,19.26337303410287,0.48534575545736636,R3-S09
861,68.10000000000001,-138.63510666362703,19.24541448769016,0.48489328515218344,R3-S10
862,79.45000000000002,-138.63510666362703,19.76619591473119,0.4980145103232852,R3-S10
863,90.80000000000001,-138.63510666362703,20.190506959603677,0.5087051388159153,R3-S11
864,102.15,-138.63510666362703,20.4878828222628,0.5161976019718519,R3-S11
865,113.50000000000001,-138.63510666362703,20.699580322454178,0.5215313762271147,R3-S11
866,124.85000000000002,-138.63510666362703,20.908721951705072,0.5268007546410953,R3-S11
867,136.20000000000002,-138.63510666362703,21.037172733504462,0.5300371059084017,R3-S11
868,147.55,-138.63510666362703,21.173813852211893,0.5334798148705441,R3-S11
869,158.90000000000003,-138.63510666362703,21.15134125393464,0.532913611840127,R4-S11
870,170.25000000000003,-138.63510666362703,20.978317056661858,0.5285542216342116,R4-S11
871,181.60000000000002,-138.63510666362703,20.625846770289474,0.519673639966981,R4-S11
872,192.95000000000002,-138.63510666362703,20.206978129006696,0.5091201342657268,R4-S11
873,204.3,-138.63510666362703,19.73161890203324,0.4971433333845614,R4-S11
874,215.65000000000003,-138.63510666362703,19.228153465954925,0.48445838916490114,R4-S11
875,227.00000000000003,-138.63510666362703,18.708607543813276,0.47136829286503595,R4-S11
876,238.35000000000002,-138.63510666362703,18.205899079669575,0.45870242075257184,R4-S11
877,249.70000000000005,-138.63510666362703,17.710758453002658,0.446227222297875,R5-S12
878,261.05,-138.63510666362703,17.28311080084781,0.4354525271062688,R5-S12
879,272.40000000000003,-138.63510666362703,16.794221807317207,0.4231348401944371,R5-S12
880,283.75000000000006,-138.63510666362703,16.3498471906367,0.4119387047275561,R5-S12
881,295.1,-138.63510666362703,15.911242816808429,0.4008879520485873,R5-S12
882,306.45000000000005,-138.63510666362703,15.481464270982997,0.39005956842990674,R5-S12
883,317.80000000000007,-138.63510666362703,15.113453544222088,0.38078744127543684,R5-S12
884,-323.475,-128.80571833067364,14.49162377489284,0.3651202765153147,R5-S07
885,-312.12500000000006,-128.80571833067364,14.879476344220892,0.37489232411743245,R5-S07
886,-300.77500000000003,-128.80571833067364,15.385476012502295,0.3876411189846887,R5-S07
887,-289.425,-128.80571833067364,15.824416411933592,0.3987003379171981,R5-S07
888,-278.07500000000005,-128.80571833067364,16.316638007683775,0.4111019906193947,R5-S07
889,-266.725,-128.80571833067364,16.787568182495875,0.4229672003652274,R5-S07
890,-255.375,-128.80571833067364,17.276578219795464,0.43528793700668844,R5-S07
891,-244.02500000000003,-128.80571833067364,17.783068959038403,0.44804910453611496,R4-S07
892,-232.675,-128.80571833067364,18.337605071812707,0.46202078790155476,R4-S07
893,-221.32500000000002,-128.80571833067364,18.879743898302745,0.4756801183749747,R4-S08
894,-209.97500000000002,-128.80571833067364,19.36805705233858,0.4879832968591228,R4-S08
895,-198.625,-128.80571833067364,19.934452108047605,0.5022537694141498,R4-S08
896,-187.275,-128.80571833067364,20.373894178983704,0.513325628092308,R4-S08
897,-175.925,-128.80571833067364,20.769781915765485,0.5233001238540057,R4-S08
898,-164.57500000000002,-128.80571833067364,21.058618113215264,0.5305774278965801,R3-S08
899,-153.22500000000002,-128.80571833067364,21.292381514859926,0.5364671583487006,R3-S08
900,-141.875,-128.80571833067364,21.39097277523781,0.5389511911120638,R3-S08
901,-130.525,-128.80571833067364,21.27630956626842,0.5360622213723463,R3-S08
902,-119.17500000000003,-128.80571833067364,21.08901097239854,0.5313431839858539,R3-S08
903,-107.82500000000002,-128.80571833067364,20.78921421389834,0.5237897257218025,R3-S08
904,-96.47500000000001,-128.80571833067364,20.344804523135693,0.5125927065541873,R3-S08
905,-85.12500000000001,-128.80571833067364,19.84204049726342,0.4999254345493429,R3-S08
906,-73.77500000000002,-128.80571833067364,19.19847663577105,0.4837106736147909,R3-S09
907,73.775,-128.80571833067364,19.201571140898107,0.4837886404862209,R3-S10
908,85.12500000000001,-128.80571833067364,19.825944620372102,0.4995198946931747,R3-S11
909,96.47500000000001,-128.80571833067364,20.318477085837806,0.5119293798397029,R3-S11
910,107.825,-128.80571833067364,20.687244022211434,0.521220559894468,R3-S11
911,119.17500000000001,-128.80571833067364,20.914705502598196,0.5269515117812597,R3-S11
912,130.52500000000003,-128.80571833067364,21.092394599861123,0.5314284353706507,R3-S11
913,141.87500000000003,-128.80571833067364,21.251167529167844,0.5354287611279377,R3-S11
914,153.22500000000002,-128.80571833067364,21.1944907296764,0.5340007742422878,R3-S11
915,164.57500000000005,-128.80571833067364,21.058592187179617,0.5305767746832859,R3-S11
916,175.92500000000004,-128.80571833067364,20.798604361333023,0.524026312958756,R4-S11
917,187.27500000000003,-128.80571833067364,20.309733538193676,0.511709083854716,R4-S11
918,198.62500000000003,-128.80571833067364,19.752499292645556,0.4976694203236472,R4-S11
919,209.97500000000002,-128.80571833067364,19.243097125559938,0.4848348986031731,R4-S11
920,221.32500000000005,-128.80571833067364,18.680438439323535,0.4706585648607593,R4-S11
921,232.67500000000004,-128.80571833067364,18.204907982210724,0.45867744979114955,R4-S12
922,244.02500000000003,-128.80571833067364,17.69282269469734,0.44577532614505777,R4-S12
923,255.37500000000006,-128.80571833067364,17.153858143247874,0.43219597236704144,R5-S12
924,266.725,-128.80571833067364,16.609891911625425,0.41849059994017196,R5-S12
925,278.07500000000005,-128.80571833067364,16.109088257598323,0.405872720020114,R5-S12
926,289.42500000000007,-128.80571833067364,15.676589719181301,0.3949758054719401,R5-S12
927,300.77500000000003,-128.80571833067364,15.246924458036327,0.3841502760906104,R5-S12
928,312.12500000000006,-128.80571833067364,14.812541790723765,0.37320589041884017,R5-S12
929,323.4750000000001,-128.80571833067364,14.370019064964325,0.3620564138313007,R5-S12
930,-329.15000000000003,-118.97632999772027,13.717949863004753,0.34562735860430216,R5-S07
931,-317.80000000000007,-118.97632999772027,14.126747339395306,0.3559271186544547,R5-S07
932,-306.45000000000005,-118.97632999772027,14.585147272944859,0.367476625672584,R5-S07
933,-295.1,-118.97632999772027,15.042889563380763,0.3790095631993138,R5-S07
934,-283.75000000000006,-118.97632999772027,15.536279914934838,0.3914406630117117,R5-S07
935,-272.40000000000003,-118.97632999772027,16.065817800837127,0.4047825094693154,R5-S07
936,-261.05,-118.97632999772027,16.60225821036607,0.4182982668270615,R5-S07
937,-249.70000000000005,-118.97632999772027,17.188523702050507,0.43306938024818614,R4-S07
938,-238.35000000000002,-118.97632999772027,17.684058776640576,0.4455545169221612,R4-S07
939,-227.00000000000003,-118.97632999772027,18.272939081952632,0.4603915112610893,R4-S07
940,-215.65000000000003,-118.97632999772027,18.85173991194122,0.4749745505654125,R4-S07
941,-204.3,-118.97632999772027,19.420221036009416,0.4892975821619909,R4-S08
942,-192.95000000000002,-118.97632999772027,19.999229865681645,0.5038858620731077,R4-S08
943,-181.60000000000002,-118.97632999772027,20.520068646661574,0.5170085322918009,R4-S08
944,-170.25000000000003,-118.97632999772027,20.98895312852464,0.528822200265171,R3-S08
945,-158.90000000000003,-118.97632999772027,21.283278816521868,0.5362378134674193,R3-S08
946,-147.55,-118.97632999772027,21.54057071488539,0.5427203505892011,R3-S08
947,-136.20000000000002,-118.97632999772027,21.52686736072496,0.542375090973166,R3-S08
948,-124.85000000000002,-118.97632999772027,21.379878298577808,0.5386716628515447,R3-S08
949,-113.50000000000001,-118.97632999772027,21.02443264215548,0.5297161159525191,R3-S08
950,-102.15,-118.97632999772027,20.450307536374588,0.5152508827506825,R3-S08
951,-90.80000000000001,-118.97632999772027,19.84730550630605,0.5000580878383989,R3-S08
952,90.80000000000001,-118.97632999772027,19.90886492173392,0.5016090935181133,R3-S11
953,102.15,-118.97632999772027,20.483034282051527,0.5160754417246542,R3-S11
954,113.50000000000001,-118.97632999772027,20.94996934407561,0.5278399935519176,R3-S11
955,124.85000000000002,-118.97632999772027,21.201015158252027,0.5341651589380707,R3-S11
956,136.20000000000002,-118.97632999772027,21.337248853460675,0.5375976027578906,R3-S11
957,147.55,-118.97632999772027,21.384751579184094,0.5387944464395086,R3-S11
958,158.90000000000003,-118.97632999772027,21.187156525176693,0.5338159870288912,R3-S11
959,170.25000000000003,-118.97632999772027,20.909936457940372,0.5268313544454617,R3-S11
960,181.60000000000002,-118.97632999772027,20.43561997472158,0.5148808257677395,R4-S11
961,192.95000000000002,-118.97632999772027,19.865565279103397,0.5005181476216527,R4-S11
962,204.3,-118.97632999772027,19.27905777082697,0.48574093652877226,R4-S11
963,215.65000000000003,-118.97632999772027,18.698343120722345,0.47110967802273485,R4-S12
964,227.00000000000003,-118.97632999772027,18.113690574280774,0.45637920318167735,R4-S12
965,238.35000000000002,-118.97632999772027,17.559722291632138,0.4424218264457581,R4-S12
966,249.70000000000005,-118.97632999772027,16.97728425281131,0.42774714670726405,R4-S12
967,261.05,-118.97632999772027,16.466599400699078,0.4148803073998256,R5-S12
968,272.40000000000003,-118.97632999772027,15.9408318746344,0.4016334561510305,R5-S12
969,283.75000000000006,-118.97632999772027,15.429582142004753,0.3887523845302281,R5-S12
970,295.1,-118.97632999772027,14.967352838991014,0.377106395540212,R5-S12
971,306.45000000000005,-118.97632999772027,14.459411466392346,0.3643086789214499,R5-S12
972,317.80000000000007,-118.97632999772027,13.992015099063304,0.35253250438557077,R5-S12
973,329.15000000000003,-118.97632999772027,13.524128508805289,0.34074397855392513,R5-S12
974,-323.475,-109.1469416647669,13.434634901954265,0.338489163566497,R5-S07
975,-312.12500000000006,-109.1469416647669,13.864251388592802,0.3493134640612951,R5-S07
976,-300.77500000000003,-109.1469416647669,14.319005499950762,0.3607711136293969,R5-S07
977,-289.425,-109.1469416647669,14.78440914905658,0.3724970811049781,R5-S07
978,-278.07500000000005,-109.1469416647669,15.353470962391365,0.38683474332051815,R5-S07
979,-266.725,-109.1469416647669,15.872136927684192,0.399902668875893,R5-S07
980,-255.375,-109.1469416647669,16.466977216066883,0.4148898265574927,R4-S07
981,-244.02500000000003,-109.1469416647669,17.047233182267682,0.42950952840180606,R4-S07
982,-232.675,-109.1469416647669,17.62317785535153,0.4440206060809153,R4-S07
983,-221.32500000000002,-109.1469416647669,18.182505590088752,0.45811301562329937,R4-S07
984,-209.97500000000002,-109.1469416647669,18.7967809435177,0.4735898448858075,R4-S07
985,-198.625,-109.1469416647669,19.521343679815125,0.4918453937973073,R4-S07
986,-187.275,-109.1469416647669,20.17876353589568,0.5084092601636604,R4-S08
987,-175.925,-109.1469416647669,20.795866341154596,0.5239573278194658,R3-S08
988,-164.57500000000002,-109.1469416647669,21.23808811457318,0.5350992218335395,R3-S08
989,-153.22500000000002,-109.1469416647669,21.592598792296176,0.5440312116980645,R3-S08
990,-141.875,-109.1469416647669,21.657260665975507,0.5456603846302723,R3-S08
991,-130.525,-109.1469416647669,21.66192212228362,0.5457778312492724,R3-S08
992,-119.17500000000003,-109.1469416647669,21.32568766212287,0.5373063154981828,R3-S08
993,-107.82500000000002,-109.1469416647669,20.669549995283173,0.5207747542273412,R3-S08
994,-96.47500000000001,-109.1469416647669,20.008979925371623,0.5041315173940948,R3-S08
995,96.47500000000001,-109.1469416647669,20.189308379083545,0.5086749402641357,R3-S11
996,107.825,-109.1469416647669,20.721742016994586,0.5220897459560239,R3-S11
997,119.17500000000001,-109.1469416647669,21.230484607430906,0.5349076494691587,R3-S11
998,130.52500000000003,-109.1469416647669,21.422894628722688,0.539755470615336,R3-S11
999,141.87500000000003,-109.1469416647669,21.527243623862628,0.5423845710219861,R3-S11
1000,153.22500000000002,-109.1469416647669,21.401049928410334,0.5392050876394642,R3-S11
1001,164.57500000000005,-109.1469416647669,21.091810359687003,0.5314137152856387,R3-S11
1002,175.92500000000004,-109.1469416647669,20.664237013237894,0.5206408922458527,R3-S11
1003,187.27500000000003,-109.1469416647669,20.07952076918136,0.5059088125266153,R4-S11
1004,198.62500000000003,-109.1469416647669,19.379568616407486,0.48827333374672427,R4-S12
1005,209.97500000000002,-109.1469416647669,18.718131881727135,0.4716082610664433,R4-S12
1006,221.32500000000005,-109.1469416647669,18.109242688092483,0.4562671375180772,R4-S12
1007,232.67500000000004,-109.1469416647669,17.51407258397944,0.441271670042314,R4-S12
1008,244.02500000000003,-109.1469416647669,16.925810494239595,0.426450251807498,R4-S12
1009,255.37500000000006,-109.1469416647669,16.35986665714739,0.41219114782432326,R4-S12
1010,266.725,-109.1469416647669,15.757745637043998,0.39702055019007304,R5-S12
1011,278.07500000000005,-109.1469416647669,15.189633355486995,0.3827068116776769,R5-S12
1012,289.42500000000007,-109.1469416647669,14.677904872975368,0.3698136778275477,R5-S12
1013,300.77500000000003,-109.1469416647669,14.154930937438134,0.35663721182761743,R5-S12
1014,312.12500000000006,-109.1469416647669,13.7247923362701,0.34579975651978084,R5-S12
1015,323.4750000000001,-109.1469416647669,13.246200087114035,0.3337414987935005,R5-S12
1016,-329.15000000000003,-99.31755333181351,12.752074042225491,0.32129186299383955,R5-S07
1017,-317.80000000000007,-99.31755333181351,13.188566647176494,0.33228940909993687,R5-S07
1018,-306.45000000000005,-99.31755333181351,13.673520104526588,0.34450793914151145,R5-S07
1019,-295.1,-99.31755333181351,14.159877403153391,0.3567618393336707,R5-S07
1020,-283.75000000000006,-99.31755333181351,14.625606222833072,0.36849599956747475,R5-S07
1021,-272.40000000000003,-99.31755333181351,15.168300982734817,0.38216933692957467,R5-S07
1022,-261.05,-99.31755333181351,15.72948237343451,0.39630844982198316,R4-S07
1023,-249.70000000000005,-99.31755333181351,16.348379518320343,0.4119017263371213,R4-S07
1024,-238.35000000000002,-99.31755333181351,16.95955305451684,0.4273004044977788,R4-S07
1025,-227.00000000000003,-99.31755333181351,17.62255380712416,0.4440048830215208,R4-S07
1026,-215.65000000000003,-99.31755333181351,18.24054048394971,0.45957522005416257,R4-S07
1027,-204.3,-99.31755333181351,18.924690206532237,0.4768125524447528,R4-S07
1028,-192.95000000000002,-99.31755333181351,19.639530395171125,0.49482313920814125,R4-S07
1029,-181.60000000000002,-99.31755333181351,20.42496119553075,0.5146122750196712,R3-S07
1030,-170.25000000000003,-99.31755333181351,21.0774113577927,0.5310509286417914,R3-S08
1031,-158.90000000000003,-99.31755333181351,21.52459588071397,0.5423178604362301,R3-S08
1032,-147.55,-99.31755333181351,21.722969241193955,0.5473159294833448,R3-S08
1033,-136.20000000000002,-99.31755333181351,21.809445901687443,0.5494947317129616,R3-S08
1034,-124.85000000000002,-99.31755333181351,21.56392138834124,0.5433086769549317,R3-S08
1035,-113.50000000000001,-99.31755333181351,21.015764569236094,0.5294977215730938,R3-S08
1036,-102.15,-99.31755333181351,20.311559641068005,0.5117550929974303,R3-S08
1037,102.15,-99.31755333181351,20.40285333196778,0.5140552615764117,R3-S11
1038,113.50000000000001,-99.31755333181351,21.01248470719496,0.529415084585411,R3-S11
1039,124.85000000000002,-99.31755333181351,21.41190396856023,0.5394785580388066,R3-S11
1040,136.20000000000002,-99.31755333181351,21.570874636050988,0.5434838658617029,R3-S11
1041,147.55,-99.31755333181351,21.572151852775868,0.5435160456733653,R3-S11
1042,158.90000000000003,-99.31755333181351,21.36599145548857,0.5383217801836374,R3-S11
1043,170.25000000000003,-99.31755333181351,20.902386268514515,0.5266411254349841,R3-S11
1044,181.60000000000002,-99.31755333181351,20.300687885217453,0.5114811762463455,R3-S12
1045,192.95000000000002,-99.31755333181351,19.59032595944937,0.4935834204950711,R4-S12
1046,204.3,-99.31755333181351,18.867888146147312,0.47538140957791164,R4-S12
1047,215.65000000000003,-99.31755333181351,18.17626812124411,0.45795586095349233,R4-S12
1048,227.00000000000003,-99.31755333181351,17.524623489724235,0.4415375028905073,R4-S12
1049,238.35000000000002,-99.31755333181351,16.880311974550875,0.42530390462461265,R4-S12
1050,249.70000000000005,-99.31755333181351,16.247104164683545,0.4093500671374035,R4-S12
1051,261.05,-99.31755333181351,15.628095511466944,0.3937539811405126,R4-S12
1052,272.40000000000003,-99.31755333181351,15.035153902732496,0.37881466119255475,R5-S12
1053,283.75000000000006,-99.31755333181351,14.4879524818961,0.36502777732164526,R5-S12
1054,295.1,-99.31755333181351,13.95628348356498,0.35163223692529555,R5-S12
1055,306.45000000000005,-99.31755333181351,13.474124704187869,0.33948411953106244,R5-S12
1056,317.80000000000007,-99.31755333181351,13.038349712728499,0.32850465388582767,R5-S12
1057,329.15000000000003,-99.31755333181351,12.593205910208777,0.3172891385792083,R5-S12
1058,-334.82500000000005,-89.48816499886013,12.157941297423152,0.30632253205903637,R5-S07
1059,-323.475,-89.48816499886013,12.577148744264763,0.3168845740555496,R5-S07
1060,-312.12500000000006,-89.48816499886013,13.01906693277934,0.3280188191680358,R5-S07
1061,-300.77500000000003,-89.48816499886013,13.51252903604487,0.34045172678369545,R5-S07
1062,-289.425,-89.48816499886013,14.034615677862988,0.3536058371847566,R5-S07
1063,-278.07500000000005,-89.48816499886013,14.583690555310588,0.36743992328824865,R5-S07
1064,-266.725,-89.48816499886013,15.10534472266798,0.3805831373814054,R5-S07
1065,-255.375,-89.48816499886013,15.719311932979057,0.3960522028969276,R4-S07
1066,-244.02500000000003,-89.48816499886013,16.35699442489675,0.41211878117653694,R4-S07
1067,-232.675,-89.48816499886013,17.001245660456135,0.4283508606816865,R4-S07
1068,-221.32500000000002,-89.48816499886013,17.695800551199163,0.44585035402366247,R4-S07
1069,-209.97500000000002,-89.48816499886013,18.400204771108726,0.46359800380722416,R4-S07
1070,-198.625,-89.48816499886013,19.187979069689217,0.4834461846734497,R4-S07
1071,-187.275,-89.48816499886013,19.967201612541288,0.5030789018025016,R3-S07
1072,-175.925,-89.48816499886013,20.77303722931926,0.5233821423360863,R3-S07
1073,-164.57500000000002,-89.48816499886013,21.356701522516065,0.538087717876444,R3-S07
1074,-153.22500000000002,-89.48816499886013,21.744955818002072,0.5478698870748822,R3-S08
1075,-141.875,-89.48816499886013,21.949957686544423,0.5530349631278515,R3-S08
1076,-130.525,-89.48816499886013,21.845323491818437,0.5503986770425406,R3-S08
1077,-119.17500000000003,-89.48816499886013,21.419104487823212,0.5396599770174657,R3-S08
1078,-107.82500000000002,-89.48816499886013,20.661374640390747,0.5205687740083332,R3-S08
1079,-96.47500000000001,-89.48816499886013,20.291161488592124,0.5112411561751606,R2-S08
1080,96.47500000000001,-89.48816499886013,20.309497739790114,0.5117031428518547,R2-S11
1081,107.825,-89.48816499886013,20.707660309779147,0.5217349536351511,R3-S11
1082,119.17500000000001,-89.48816499886013,21.312499127383074,0.5369740268929976,R3-S11
1083,130.52500000000003,-89.48816499886013,21.66640257249994,0.5458907173721326,R3-S11
1084,141.87500000000003,-89.48816499886013,21.75359265975291,0.548087494576793,R3-S11
1085,153.22500000000002,-89.48816499886013,21.61610495601423,0.5446234556818904,R3-S11
1086,164.57500000000005,-89.48816499886013,21.233997458755614,0.534996156683185,R3-S12
1087,175.92500000000004,-89.48816499886013,20.614553891227526,0.5193891129057074,R3-S12
1088,187.27500000000003,-89.48816499886013,19.857511926504554,0.5003152412825537,R3-S12
1089,198.62500000000003,-89.48816499886013,19.051771005970203,0.48001438664575974,R4-S12
1090,209.97500000000002,-89.48816499886013,18.32005933112483,0.46157871834529685,R4-S12
1091,221.32500000000005,-89.48816499886013,17.597254543748388,0.4433674614197125,R4-S12
1092,232.67500000000004,-89.48816499886013,16.904278701666815,0.42590775262451036,R4-S12
1093,244.02500000000003,-89.48816499886013,16.255594673000704,0.40956398772992453,R4-S12
1094,255.37500000000006,-89.48816499886013,15.62056486628689,0.39356424455245376,R4-S12
1095,266.725,-89.48816499886013,14.981140236508576,0.3774537726507578,R5-S12
1096,278.07500000000005,-89.48816499886013,14.374922167401555,0.362179948788147,R5-S12
1097,289.42500000000007,-89.48816499886013,13.81626922316916,0.34810454077019803,R5-S12
1098,300.77500000000003,-89.48816499886013,13.341911857358419,0.33615298204480776,R5-S12
1099,312.12500000000006,-89.48816499886013,12.86219498234741,0.3240663890740088,R5-S12
1100,323.4750000000001,-89.48816499886013,12.415549975894134,0.31281305053903086,R5-S12
1101,334.82500000000005,-89.48816499886013,11.982772008926363,0.30190909571494995,R5-S12
1102,-340.50000000000006,-79.65877666590676,11.813625571218779,0.297647406682257,R5-S07
1103,-329.15000000000003,-79.65877666590676,12.156019076697415,0.30627410120174897,R5-S07
1104,-317.80000000000007,-79.65877666590676,12.622264060605122,0.3180212663291792,R5-S07
1105,-306.45000000000005,-79.65877666590676,13.09305428041651,0.32988294987192013,R5-S07
1106,-295.1,-79.65877666590676,13.59930868621375,0.34263816291795796,R5-S07
1107,-283.75000000000006,-79.65877666590676,14.1188368828705,0.35572781261956415,R5-S07
1108,-272.40000000000003,-79.65877666590676,14.696282295113376,0.3702767018169155,R5-S07
1109,-261.05,-79.65877666590676,15.237487424077308,0.38391250753533157,R4-S07
1110,-249.70000000000005,-79.65877666590676,15.867976008623492,0.3997978334246282,R4-S07
1111,-238.35000000000002,-79.65877666590676,16.525411704789732,0.4163620988861107,R4-S07
1112,-227.00000000000003,-79.65877666590676,17.22546734878995,0.43400018515469774,R4-S07
1113,-215.65000000000003,-79.65877666590676,17.940239777731133,0.45200906469466196,R4-S07
1114,-204.3,-79.65877666590676,18.68558389638196,0.4707882060060963,R4-S07
1115,-192.95000000000002,-79.65877666590676,19.481273449234926,0.49083581378772806,R3-S07
1116,-181.60000000000002,-79.65877666590676,20.34617883314435,0.5126273326566982,R3-S07
1117,-170.25000000000003,-79.65877666590676,21.16711880929905,0.5333111315016138,R3-S07
1118,-158.90000000000003,-79.65877666590676,21.72915041614007,0.5474716658135568,R3-S07
1119,-147.55,-79.65877666590676,22.112118713269457,0.5571206528916467,R3-S07
1120,-136.20000000000002,-79.65877666590676,22.063012902544077,0.5558834190613272,R3-S08
1121,-124.85000000000002,-79.65877666590676,21.77142746947341,0.5485368473034369,R3-S08
1122,-113.50000000000001,-79.65877666590676,21.078858426428333,0.5310873879170657,R2-S08
1123,-102.15,-79.65877666590676,20.429427070172302,0.5147247939070875,R2-S08
1124,102.15,-79.65877666590676,20.433364318238528,0.5148239939087561,R2-S11
1125,113.50000000000001,-79.65877666590676,21.16256839384948,0.5331964825862807,R2-S11
1126,124.85000000000002,-79.65877666590676,21.65185053990791,0.5455240750795645,R3-S11
1127,136.20000000000002,-79.65877666590676,21.878703417070795,0.5512396930478911,R3-S11
1128,147.55,-79.65877666590676,21.904559760128066,0.5518911504189485,R3-S12
1129,158.90000000000003,-79.65877666590676,21.597549564903627,0.5441559477174006,R3-S12
1130,170.25000000000003,-79.65877666590676,21.026950944779927,0.5297795652501871,R3-S12
1131,181.60000000000002,-79.65877666590676,20.24419402065143,0.5100577984543067,R3-S12
1132,192.95000000000002,-79.65877666590676,19.43272309899448,0.489612574930574,R3-S12
1133,204.3,-79.65877666590676,18.600638678862527,0.46864798888542525,R4-S12
1134,215.65000000000003,-79.65877666590676,17.846783635168766,0.44965441257668853,R4-S12
1135,227.00000000000003,-79.65877666590676,17.125675460949644,0.431485902266305,R4-S12
1136,238.35000000000002,-79.65877666590676,16.441453659476622,0.41424675382909104,R4-S12
1137,249.70000000000005,-79.65877666590676,15.776668175951654,0.39749730853997617,R4-S12
1138,261.05,-79.65877666590676,15.100765847288335,0.38046777141064086,R4-S12
1139,272.40000000000003,-79.65877666590676,14.495870865842267,0.36522728309000424,R5-S12
1140,283.75000000000006,-79.65877666590676,13.934914808372993,0.3510938475276642,R5-S12
1141,295.1,-79.65877666590676,13.431462501413828,0.33840923409961776,R5-S12
1142,306.45000000000005,-79.65877666590676,12.949397164203335,0.32626347100537506,R5-S12
1143,317.80000000000007,-79.65877666590676,12.457674596090891,0.3138743914359005,R5-S12
1144,329.15000000000003,-79.65877666590676,11.989927918137173,0.30208939073159924,R5-S12
1145,340.50000000000006,-79.65877666590676,11.641334122421695,0.2933064782671125,R5-S12
1146,-334.82500000000005,-69.82938833295339,12.072518311583396,0.30417027743974295,R5-S07
1147,-323.475,-69.82938833295339,12.502481098921796,0.31500330307185176,R5-S07
1148,-312.12500000000006,-69.82938833295339,12.975813140760957,0.32692902848982003,R5-S07
1149,-300.77500000000003,-69.82938833295339,13.471460066819422,0.33941698329099074,R5-S07
1150,-289.425,-69.82938833295339,13.965148204332502,0.35185558589903004,R5-S07
1151,-278.07500000000005,-69.82938833295339,14.480553987470376,0.3648413703066358,R5-S07
1152,-266.725,-69.82938833295339,15.066632553671575,0.3796077740909946,R4-S07
1153,-255.375,-69.82938833295339,15.68305606245588,0.3951387266932698,R4-S07
1154,-244.02500000000003,-69.82938833295339,16.321843922144435,0.4112331550048989,R4-S07
1155,-232.675,-69.82938833295339,16.99979249256859,0.4283142477341545,R4-S07
1156,-221.32500000000002,-69.82938833295339,17.6710937898351,0.44522786066603937,R4-S07
1157,-209.97500000000002,-69.82938833295339,18.41152633500509,0.46388325359045324,R4-S07
1158,-198.625,-69.82938833295339,19.18542313969299,0.48338178734424264,R4-S07
1159,-187.275,-69.82938833295339,20.005738844770104,0.5040498575149939,R3-S07
1160,-175.925,-69.82938833295339,20.84647472615419,0.5252324194042377,R3-S07
1161,-164.57500000000002,-69.82938833295339,21.578006806078513,0.543663562763379,R3-S07
1162,-153.22500000000002,-69.82938833295339,22.102088956131627,0.5568679505198193,R3-S07
1163,-141.875,-69.82938833295339,22.309312970166545,0.5620890141135436,R3-S07
1164,-130.525,-69.82938833295339,22.135642465985164,0.5577133400348996,R3-S07
1165,-119.17500000000003,-69.82938833295339,21.555589005770358,0.5430987403822212,R2-S08
1166,-107.82500000000002,-69.82938833295339,20.79703284883262,0.5239867182875441,R2-S08
1167,107.825,-69.82938833295339,20.846369383135272,0.5252297652591401,R2-S11
1168,119.17500000000001,-69.82938833295339,21.5446256118026,0.542822514784646,R2-S11
1169,130.52500000000003,-69.82938833295339,22.00935031639793,0.5545313760745259,R3-S12
1170,141.87500000000003,-69.82938833295339,22.15471431606089,0.5581938603189944,R3-S12
1171,153.22500000000002,-69.82938833295339,22.003378987992694,0.5543809268831619,R3-S12
1172,164.57500000000005,-69.82938833295339,21.498855022781136,0.5416693127432889,R3-S12
1173,175.92500000000004,-69.82938833295339,20.745282893624783,0.5226828645408109,R3-S12
1174,187.27500000000003,-69.82938833295339,19.90735654031912,0.5015710894512251,R3-S12
1175,198.62500000000003,-69.82938833295339,19.082936796497755,0.480799616943758,R4-S12
1176,209.97500000000002,-69.82938833295339,18.310142973887416,0.4613288731138175,R4-S12
1177,221.32500000000005,-69.82938833295339,17.583519218212153,0.4430213962764463,R4-S12
1178,232.67500000000004,-69.82938833295339,16.863107518891162,0.4248704338344964,R4-S12
1179,244.02500000000003,-69.82938833295339,16.17912174313741,0.4076372321274228,R4-S12
1180,255.37500000000006,-69.82938833295339,15.528602256680214,0.391247222390532,R4-S12
1181,266.725,-69.82938833295339,14.888397710507395,0.37511710028993184,R4-S12
1182,278.07500000000005,-69.82938833295339,14.310604978662898,0.3605594602837717,R5-S12
1183,289.42500000000007,-69.82938833295339,13.744747119539042,0.3463025225381467,R5-S12
1184,300.77500000000003,-69.82938833295339,13.2769004813973,0.3345150033105896,R5-S12
1185,312.12500000000006,-69.82938833295339,12.782380490914202,0.32205544194795166,R5-S12
1186,323.4750000000001,-69.82938833295339,12.337412753833556,0.31084436265642623,R5-S12
1187,334.82500000000005,-69.82938833295339,11.904421552511696,0.29993503533665145,R5-S12
1188,-340.50000000000006,-60.0,12.322125037312658,0.31045918461357164,R5-S07
1189,-329.15000000000003,-60.0,12.682792199459003,0.31954628872408675,R5-S07
1190,-317.80000000000007,-60.0,13.118029045058607,0.3305121956426961,R5-S07
1191,-306.45000000000005,-60.0,13.602079555030258,0.3427079756873333,R5-S07
1192,-295.1,-60.0,14.109157378018555,0.3554839349462977,R5-S07
1193,-283.75000000000006,-60.0,14.605883628888705,0.3679990836202748,R5-S07
1194,-272.40000000000003,-60.0,15.116002322914337,0.38085165842565727,R4-S07
1195,-261.05,-60.0,15.737596785606192,0.3965128945730963,R4-S07
1196,-249.70000000000005,-60.0,16.36060237999397,0.4122096845551517,R4-S07
1197,-238.35000000000002,-60.0,16.98213541637752,0.42786937305058004,R4-S07
1198,-227.00000000000003,-60.0,17.638534169270553,0.44440751245327675,R4-S07
1199,-215.65000000000003,-60.0,18.34882278287643,0.46230342108532196,R4-S07
1200,-204.3,-60.0,19.095922733840776,0.4811268010541894,R4-S07
1201,-192.95000000000002,-60.0,19.87362982160901,0.5007213358933992,R3-S07
1202,-181.60000000000002,-60.0,20.664267399909207,0.520641657846037,R3-S07
1203,-170.25000000000003,-60.0,21.478926131373733,0.5411671990771916,R3-S07
1204,-158.90000000000003,-60.0,22.133970465005003,0.5576712135299825,R3-S07
1205,-147.55,-60.0,22.537958066225187,0.5678497875088231,R3-S07
1206,-136.20000000000002,-60.0,22.48736751460043,0.5665751452406256,R3-S07
1207,-124.85000000000002,-60.0,22.095187807312865,0.5566940742583236,R2-S07
1208,-113.50000000000001,-60.0,21.36778382665556,0.5383669394471041,R2-S07
1209,-102.15,-60.0,20.995728553011848,0.5289929088690312,R2-S08
1210,102.15,-60.0,21.01804303748052,0.5295551281804113,R2-S11
1211,113.50000000000001,-60.0,21.438030038425048,0.5401368112477967,R2-S12
1212,124.85000000000002,-60.0,22.010351428346425,0.5545565993536514,R2-S12
1213,136.20000000000002,-60.0,22.315125356456555,0.5622354587164665,R3-S12
1214,147.55,-60.0,22.389960588424355,0.564120952089301,R3-S12
1215,158.90000000000003,-60.0,22.0264878416778,0.5549631605360997,R3-S12
1216,170.25000000000003,-60.0,21.385977596636938,0.5388253362720317,R3-S12
1217,181.60000000000002,-60.0,20.59102708741479,0.5187963488892615,R3-S12
1218,192.95000000000002,-60.0,19.830153833692,0.49962594693101536,R3-S12
1219,204.3,-60.0,19.04887481759923,0.4799414164172142,R4-S12
1220,215.65000000000003,-60.0,18.33671928696494,0.4619984703190965,R4-S12
1221,227.00000000000003,-60.0,17.604949070258378,0.44356132704102746,R4-S12
1222,238.35000000000002,-60.0,16.962656263536577,0.42737859066607653,R4-S12
1223,249.70000000000005,-60.0,16.24025274347201,0.40917744377606474,R4-S12
1224,261.05,-60.0,15.606585637812,0.3932120342104308,R4-S12
1225,272.40000000000003,-60.0,15.02595005742709,0.3785827678868,R4-S12
1226,283.75000000000006,-60.0,14.482410729183735,0.3648881514029664,R5-S12
1227,295.1,-60.0,13.97317473358416,0.3520578164168345,R5-S12
1228,306.45000000000005,-60.0,13.497163325111165,0.340064583651075,R5-S12
1229,317.80000000000007,-60.0,13.016644197512058,0.32795777771509343,R5-S12
1230,329.15000000000003,-60.0,12.549892973245631,0.316197857728537,R5-S12
1231,340.50000000000006,-60.0,12.204939061342401,0.30750665309504666,R5-S12
1232,-346.175,-50.17061166704662,12.728665126999507,0.32070206921137584,R5-S07
1233,-334.82500000000005,-50.17061166704662,13.00157480832654,0.32757810048693725,R5-S07
1234,-323.475,-50.17061166704662,13.482021753007983,0.3396830877553032,R5-S07
1235,-312.12500000000006,-50.17061166704662,13.928418082282274,0.3509301608032823,R5-S07
1236,-300.77500000000003,-50.17061166704662,14.419080421272893,0.3632925276208842,R5-S07
1237,-289.425,-50.17061166704662,14.918126388954247,0.375866122170679,R5-S07
1238,-278.07500000000005,-50.17061166704662,15.43460350530368,0.38887889910062184,R5-S07
1239,-266.725,-50.17061166704662,15.96116372799195,0.4021457225495578,R4-S07
1240,-255.375,-50.17061166704662,16.605082724484614,0.41836943120394593,R4-S07
1241,-244.02500000000003,-50.17061166704662,17.187059573470368,0.43303249114311837,R4-S07
1242,-232.675,-50.17061166704662,17.7973016822185,0.44840770174397837,R4-S07
1243,-221.32500000000002,-50.17061166704662,18.475745504266037,0.4655012724682801,R4-S07
1244,-209.97500000000002,-50.17061166704662,19.165711404384343,0.4828851449832286,R4-S07
1245,-198.625,-50.17061166704662,19.884414251087584,0.5009930524335496,R3-S07
1246,-187.275,-50.17061166704662,20.592685019065083,0.5188381209137084,R3-S07
1247,-175.925,-50.17061166704662,21.33691280163707,0.5375891358437156,R3-S07
1248,-164.57500000000002,-50.17061166704662,21.99671025140127,0.554212906308926,R3-S07
1249,-153.22500000000002,-50.17061166704662,22.566846464512423,0.5685776383097109,R3-S07
1250,-141.875,-50.17061166704662,22.774953673996365,0.5738209542453103,R3-S07
1251,-130.525,-50.17061166704662,22.59557640858502,0.5693014968149414,R2-S07
1252,-119.17500000000003,-50.17061166704662,21.964068589039183,0.5533904910314735,R2-S07
1253,-107.82500000000002,-50.17061166704662,21.26156284633433,0.5356906738809355,R2-S07
1254,107.825,-50.17061166704662,21.359072598737466,0.5381474577661242,R2-S12
1255,119.17500000000001,-50.17061166704662,21.987510535077632,0.553981117033954,R2-S12
1256,130.52500000000003,-50.17061166704662,22.443208768123416,0.5654625539965588,R2-S12
1257,141.87500000000003,-50.17061166704662,22.56979276810145,0.5686518712043702,R3-S12
1258,153.22500000000002,-50.17061166704662,22.467486808754966,0.5660742456224481,R3-S12
1259,164.57500000000005,-50.17061166704662,21.96205544224798,0.5533397692680267,R3-S12
1260,175.92500000000004,-50.17061166704662,21.298262776299975,0.536615338279163,R3-S12
1261,187.27500000000003,-50.17061166704662,20.553142940744976,0.5178418478393796,R3-S12
1262,198.62500000000003,-50.17061166704662,19.870835194878307,0.5006509245371203,R3-S12
1263,209.97500000000002,-50.17061166704662,19.147137932942833,0.48241718148004115,R4-S12
1264,221.32500000000005,-50.17061166704662,18.464802281603628,0.46522555509205415,R4-S12
1265,232.67500000000004,-50.17061166704662,17.750071205867137,0.44721771745697,R4-S12
1266,244.02500000000003,-50.17061166704662,17.089867563085622,0.4305837128517416,R4-S12
1267,255.37500000000006,-50.17061166704662,16.47596702825938,0.41511632724261477,R4-S12
1268,266.725,-50.17061166704662,15.85648036392095,0.39950819762965356,R4-S12
1269,278.07500000000005,-50.17061166704662,15.323969130269719,0.3860914368926611,R5-S12
1270,289.42500000000007,-50.17061166704662,14.78719395194102,0.3725672449468637,R5-S12
1271,300.77500000000003,-50.17061166704662,14.29894976315042,0.3602658040602273,R5-S12
1272,312.12500000000006,-50.17061166704662,13.772822566700489,0.3470098908213779,R5-S12
1273,323.4750000000001,-50.17061166704662,13.30705714333348,0.3352748083480343,R5-S12
1274,334.82500000000005,-50.17061166704662,12.878890753763141,0.3244870434306662,R5-S12
1275,346.17500000000007,-50.17061166704662,12.588804415088134,0.31717824175077186,R5-S12
1276,-340.50000000000006,-40.34122333409324,13.35654358706864,0.3365216323272522,R5-S07
1277,-329.15000000000003,-40.34122333409324,13.837270127506708,0.3486336640843212,R5-S07
1278,-317.80000000000007,-40.34122333409324,14.298254904991595,0.3602482969259661,R5-S07
1279,-306.45000000000005,-40.34122333409324,14.776838397004427,0.372306334013717,R5-S07
1280,-295.1,-40.34122333409324,15.257344967146068,0.3844128235612514,R5-S07
1281,-283.75000000000006,-40.34122333409324,15.781008437235982,0.3976066625657844,R5-S07
1282,-272.40000000000003,-40.34122333409324,16.28688650263863,0.4103523936164936,R4-S07
1283,-261.05,-40.34122333409324,16.852807262164546,0.42461091615430957,R4-S07
1284,-249.70000000000005,-40.34122333409324,17.477639549063145,0.44035373013512585,R4-S07
1285,-238.35000000000002,-40.34122333409324,18.059348582183226,0.4550100423830493,R4-S07
1286,-227.00000000000003,-40.34122333409324,18.678470966879356,0.4706089938745114,R4-S07
1287,-215.65000000000003,-40.34122333409324,19.305439308735465,0.48640562632238515,R4-S07
1288,-204.3,-40.34122333409324,19.930584218049766,0.5021563169072756,R3-S07
1289,-192.95000000000002,-40.34122333409324,20.56925717729184,0.5182478502719032,R3-S07
1290,-181.60000000000002,-40.34122333409324,21.270281408994418,0.5359103403626712,R3-S07
1291,-170.25000000000003,-40.34122333409324,21.92345853954309,0.5523673101421792,R3-S07
1292,-158.90000000000003,-40.34122333409324,22.489212902294835,0.5666216402694592,R3-S07
1293,-147.55,-40.34122333409324,22.883077289028627,0.5765451571939689,R3-S07
1294,-136.20000000000002,-40.34122333409324,22.939391087017583,0.5779639981611888,R3-S07
1295,-124.85000000000002,-40.34122333409324,22.629280000768546,0.5701506676938409,R2-S07
1296,-113.50000000000001,-40.34122333409324,21.951597824364818,0.553076286832069,R2-S07
1297,-102.15,-40.34122333409324,21.569083347300772,0.543438733870012,R2-S07
1298,102.15,-40.34122333409324,21.647465208075946,0.5454135854894419,R2-S12
1299,113.50000000000001,-40.34122333409324,22.00285709095437,0.5543677775498709,R2-S12
1300,124.85000000000002,-40.34122333409324,22.51007243227585,0.567147201619447,R2-S12
1301,136.20000000000002,-40.34122333409324,22.736486121337006,0.5728517541279166,R3-S12
1302,147.55,-40.34122333409324,22.719022567517165,0.5724117552914378,R3-S12
1303,158.90000000000003,-40.34122333409324,22.431033896627603,0.5651558049036938,R3-S12
1304,170.25000000000003,-40.34122333409324,21.89726114824731,0.5517072599709577,R3-S12
1305,181.60000000000002,-40.34122333409324,21.261141801698493,0.5356800655504785,R3-S12
1306,192.95000000000002,-40.34122333409324,20.56552898515896,0.5181539174895178,R3-S12
1307,204.3,-40.34122333409324,19.960430060564082,0.5029082907675506,R3-S12
1308,215.65000000000003,-40.34122333409324,19.329115396785376,0.48700215159449173,R4-S12
1309,227.00000000000003,-40.34122333409324,18.6368867435358,0.4695612684186395,R4-S12
1310,238.35000000000002,-40.34122333409324,17.979835362808256,0.45300668588582155,R4-S12
1311,249.70000000000005,-40.34122333409324,17.3358167508471,0.436780467393477,R4-S12
1312,261.05,-40.34122333409324,16.78489649271973,0.42289988643788695,R4-S12
1313,272.40000000000003,-40.34122333409324,16.18097733946661,0.4076839843654979,R4-S12
1314,283.75000000000006,-40.34122333409324,15.667809683657236,0.3947545901652113,R5-S12
1315,295.1,-40.34122333409324,15.090160145696103,0.3802005579666441,R5-S12
1316,306.45000000000005,-40.34122333409324,14.594331339219774,0.36770802064045793,R5-S12
1317,317.80000000000007,-40.34122333409324,14.12536650446266,0.35589232815476596,R5-S12
1318,329.15000000000003,-40.34122333409324,13.69618603412836,0.34507901320555207,R5-S12
1319,340.50000000000006,-40.34122333409324,13.275856196951455,0.33448869228902633,R5-S12
1320,-346.175,-30.511835001139865,13.962008632488452,0.3517764835597998,R5-S07
1321,-334.82500000000005,-30.511835001139865,14.263870482229425,0.35938197234138136,R5-S07
1322,-323.475,-30.511835001139865,14.66953431884616,0.36960277951237497,R5-S07
1323,-312.12500000000006,-30.511835001139865,15.169530687952937,0.3822003196763149,R5-S07
1324,-300.77500000000003,-30.511835001139865,15.662765226145574,0.39462749373004724,R5-S07
1325,-289.425,-30.511835001139865,16.143499449187743,0.4067397190523493,R5-S07
1326,-278.07500000000005,-30.511835001139865,16.679624669842546,0.4202475351434252,R4-S07
1327,-266.725,-30.511835001139865,17.201831783146822,0.43340468085529915,R4-S07
1328,-255.375,-30.511835001139865,17.759848505045877,0.44746405908404835,R4-S07
1329,-244.02500000000003,-30.511835001139865,18.338826524671248,0.46205156272792264,R4-S07
1330,-232.675,-30.511835001139865,18.891733743707547,0.4759822056867611,R4-S07
1331,-221.32500000000002,-30.511835001139865,19.5259636052568,0.49196179403519275,R4-S07
1332,-209.97500000000002,-30.511835001139865,20.127225126396745,0.5071107363667611,R4-S07
1333,-198.625,-30.511835001139865,20.697957481867707,0.52149048833126,R3-S07
1334,-187.275,-30.511835001139865,21.276824610104693,0.5360751980374072,R3-S07
1335,-175.925,-30.511835001139865,21.82567970497287,0.5499037466609441,R3-S07
1336,-164.57500000000002,-30.511835001139865,22.420590426368552,0.5648926789208504,R3-S07
1337,-153.22500000000002,-30.511835001139865,22.887565199288815,0.5766582312745986,R3-S07
1338,-141.875,-30.511835001139865,23.087536634800397,0.5816965642428924,R3-S07
1339,-130.525,-30.511835001139865,23.028159810257634,0.5802005495151835,R2-S07
1340,-119.17500000000003,-30.511835001139865,22.667566378219806,0.571115303054165,R2-S07
1341,-107.82500000000002,-30.511835001139865,21.955145171864192,0.5531656631862987,R2-S07
1342,-96.47500000000001,-30.511835001139865,21.625851302590366,0.5448690174499966,R2-S07
1343,96.47500000000001,-30.511835001139865,21.736566424623337,0.5476585140998573,R2-S12
1344,107.825,-30.511835001139865,22.004287576825934,0.5544038190180381,R2-S12
1345,119.17500000000001,-30.511835001139865,22.542569499441182,0.5679659737828466,R2-S12
1346,130.52500000000003,-30.511835001139865,22.89013118145376,0.5767228818708431,R2-S12
1347,141.87500000000003,-30.511835001139865,22.91322660237402,0.577304777081734,R3-S12
1348,153.22500000000002,-30.511835001139865,22.714326294535983,0.5722934314571928,R3-S12
1349,164.57500000000005,-30.511835001139865,22.3894506126093,0.5641081031143689,R3-S12
1350,175.92500000000004,-30.511835001139865,21.918348838760416,0.552238569885624,R3-S12
1351,187.27500000000003,-30.511835001139865,21.315203025721193,0.5370421523235372,R3-S12
1352,198.62500000000003,-30.511835001139865,20.7460311458891,0.522701716953618,R3-S12
1353,209.97500000000002,-30.511835001139865,20.154525471507093,0.5077985757497379,R4-S12
1354,221.32500000000005,-30.511835001139865,19.55056742114775,0.4925816936545163,R4-S12
1355,232.67500000000004,-30.511835001139865,18.92038152323699,0.47670399403469366,R4-S12
1356,244.02500000000003,-30.511835001139865,18.274310872185723,0.4604260738771913,R4-S12
1357,255.37500000000006,-30.511835001139865,17.694901238249084,0.44582769559710467,R4-S12
1358,266.725,-30.511835001139865,17.072432450945822,0.43014443061087987,R4-S12
1359,278.07500000000005,-30.511835001139865,16.56415752227147,0.41733830995896876,R4-S12
1360,289.42500000000007,-30.511835001139865,15.986732508025145,0.40278993469451113,R5-S12
1361,300.77500000000003,-30.511835001139865,15.464332555863189,0.3896279303568453,R5-S12
1362,312.12500000000006,-30.511835001139865,15.009406808995125,0.37816595638687645,R5-S12
1363,323.4750000000001,-30.511835001139865,14.553501646750453,0.3666793057886232,R5-S12
1364,334.82500000000005,-30.511835001139865,14.099251677302313,0.35523435820867505,R5-S12
1365,346.17500000000007,-30.511835001139865,13.839546364165468,0.34869101446625017,R5-S12
1366,-340.50000000000006,-20.682446668186486,14.661351530940735,0.3693966120166474,R5-S07
1367,-329.15000000000003,-20.682446668186486,15.093717427463824,0.38029018461738034,R5-S07
1368,-317.80000000000007,-20.682446668186486,15.563769628895956,0.3921332735927427,R5-S07
1369,-306.45000000000005,-20.682446668186486,16.01602029229728,0.40352784813044296,R5-S07
1370,-295.1,-20.682446668186486,16.524722332832575,0.41634472997814503,R5-S07
1371,-283.75000000000006,-20.682446668186486,17.002592935337503,0.4283848056270472,R5-S07
1372,-272.40000000000003,-20.682446668186486,17.588065131064923,0.4431359317476675,R4-S07
1373,-261.05,-20.682446668186486,18.092090036013868,0.4558349719328261,R4-S07
1374,-249.70000000000005,-20.682446668186486,18.60614102731672,0.46878662200344473,R4-S07
1375,-238.35000000000002,-20.682446668186486,19.1935779213117,0.4835872492142026,R4-S07
1376,-227.00000000000003,-20.682446668186486,19.779197531020884,0.4983420894689062,R4-S07
1377,-215.65000000000003,-20.682446668186486,20.344933151671523,0.5125959473840142,R4-S07
1378,-204.3,-20.682446668186486,20.88385061824368,0.5261741148461497,R3-S07
1379,-192.95000000000002,-20.682446668186486,21.356931218302364,0.5380935051222566,R3-S07
1380,-181.60000000000002,-20.682446668186486,21.911017537290192,0.5520538558148197,R3-S07
1381,-170.25000000000003,-20.682446668186486,22.405534952298712,0.5645133522876975,R3-S07
1382,-158.90000000000003,-20.682446668186486,22.837658222748267,0.5754008118606265,R3-S07
1383,-147.55,-20.682446668186486,23.154102894283966,0.5833737186768447,R3-S07
1384,-136.20000000000002,-20.682446668186486,23.258766079055274,0.5860107351739803,R2-S07
1385,-124.85000000000002,-20.682446668186486,23.166518472984208,0.5836865324511012,R2-S07
1386,-113.50000000000001,-20.682446668186486,22.7170882577969,0.5723630198487503,R2-S07
1387,-102.15,-20.682446668186486,22.090255047320717,0.5565697920715726,R2-S07
1388,102.15,-20.682446668186486,22.152421598986656,0.5581360947086585,R2-S12
1389,113.50000000000001,-20.682446668186486,22.699607215089006,0.5719225803751324,R2-S12
1390,124.85000000000002,-20.682446668186486,23.074313069037533,0.5813633930218578,R2-S12
1391,136.20000000000002,-20.682446668186486,23.143294298721006,0.5831013932658354,R2-S12
1392,147.55,-20.682446668186486,22.95724085283716,0.5784137277106869,R3-S12
1393,158.90000000000003,-20.682446668186486,22.78811654710694,0.5741525962989907,R3-S12
1394,170.25000000000003,-20.682446668186486,22.517083766666165,0.5673238540354287,R3-S12
1395,181.60000000000002,-20.682446668186486,22.0445640224577,0.5554185946701361,R3-S12
1396,192.95000000000002,-20.682446668186486,21.50865156135587,0.5419161391120149,R3-S12
1397,204.3,-20.682446668186486,20.993527336055283,0.5289374486282511,R3-S12
1398,215.65000000000003,-20.682446668186486,20.41269534543844,0.5143032336971136,R4-S12
1399,227.00000000000003,-20.682446668186486,19.804222547355288,0.49897260134430055,R4-S12
1400,238.35000000000002,-20.682446668186486,19.199020897307253,0.48372438642749443,R4-S12
1401,249.70000000000005,-20.682446668186486,18.63960931289088,0.46962986427036735,R4-S12
1402,261.05,-20.682446668186486,18.028878287768254,0.454242335292725,R4-S12
1403,272.40000000000003,-20.682446668186486,17.467885901852018,0.44010798442559884,R4-S12
1404,283.75000000000006,-20.682446668186486,16.911496287456618,0.4260896015988062,R5-S12
1405,295.1,-20.682446668186486,16.41885297051534,0.4136773235201648,R5-S12
1406,306.45000000000005,-20.682446668186486,15.914534283270028,0.40097088141269915,R5-S12
1407,317.80000000000007,-20.682446668186486,15.45037119698777,0.38927617024408595,R5-S12
1408,329.15000000000003,-20.682446668186486,14.984748746694684,0.37754469001498325,R5-S12
1409,340.50000000000006,-20.682446668186486,14.522293607938174,0.3658930110339676,R5-S12
1410,-346.175,-10.853058335233108,15.26898496772752,0.38470609644060266,R5-S07
1411,-334.82500000000005,-10.853058335233108,15.477661343322103,0.38996375266621575,R5-S07
1412,-323.475,-10.853058335233108,15.93945165569322,0.40159868117140896,R5-S07
1413,-312.12500000000006,-10.853058335233108,16.440968256673127,0.41423452397765503,R5-S07
1414,-300.77500000000003,-10.853058335233108,16.905375021780074,0.4259353746984146,R5-S07
1415,-289.425,-10.853058335233108,17.41142963910412,0.43868555402126785,R5-S07
1416,-278.07500000000005,-10.853058335233108,17.903888630699072,0.4510931879742775,R4-S07
1417,-266.725,-10.853058335233108,18.430311952798778,0.46435656217684,R4-S07
1418,-255.375,-10.853058335233108,18.918257499559054,0.4766504786988928,R4-S07
1419,-244.02500000000003,-10.853058335233108,19.48243611521892,0.49086510746331374,R4-S07
1420,-232.675,-10.853058335233108,20.051282083672263,0.5051973314102359,R4-S07
1421,-221.32500000000002,-10.853058335233108,20.65290523857583,0.5203553851996934,R4-S07
1422,-209.97500000000002,-10.853058335233108,21.14942476559017,0.5328653254116948,R4-S07
1423,-198.625,-10.853058335233108,21.6332541858801,0.5450555350435904,R3-S07
1424,-187.275,-10.853058335233108,22.13499264694096,0.5576969676729897,R3-S07
1425,-175.925,-10.853058335233108,22.578292528992733,0.5688660249179324,R3-S07
1426,-164.57500000000002,-10.853058335233108,22.915550341474933,0.5773633243001999,R3-S07
1427,-153.22500000000002,-10.853058335233108,23.257934107933554,0.5859897734425185,R3-S07
1428,-141.875,-10.853058335233108,23.464360661278842,0.5911907448042036,R3-S07
1429,-130.525,-10.853058335233108,23.45001382154477,0.590829272399717,R2-S07
1430,-119.17500000000003,-10.853058335233108,23.33233849481821,0.5878644115600457,R2-S07
1431,-107.82500000000002,-10.853058335233108,22.87189408404257,0.5762633933999136,R2-S07
1432,-96.47500000000001,-10.853058335233108,22.530935058853437,0.5676728409890007,R2-S07
1433,96.47500000000001,-10.853058335233108,22.622456109174173,0.5699787379484549,R2-S12
1434,107.825,-10.853058335233108,22.86342063177148,0.5760499025389639,R2-S12
1435,119.17500000000001,-10.853058335233108,23.25110949404277,0.5858178254986841,R2-S12
1436,130.52500000000003,-10.853058335233108,23.377897058496263,0.5890122715670513,R2-S12
1437,141.87500000000003,-10.853058335233108,23.28045203778857,0.5865571186139726,R3-S12
1438,153.22500000000002,-10.853058335233108,23.194868059908213,0.5844008077578285,R3-S12
1439,164.57500000000005,-10.853058335233108,22.988898924730314,0.5792113611673045,R3-S12
1440,175.92500000000004,-10.853058335233108,22.759850525232373,0.5734404264356859,R3-S12
1441,187.27500000000003,-10.853058335233108,22.322289328371646,0.562415956875073,R3-S12
1442,198.62500000000003,-10.853058335233108,21.76641346475914,0.548410518134521,R3-S12
1443,209.97500000000002,-10.853058335233108,21.266914988327848,0.5358255225076304,R4-S12
1444,221.32500000000005,-10.853058335233108,20.714360205413527,0.5219037592696782,R4-S12
1445,232.67500000000004,-10.853058335233108,20.126338666676283,0.5070884017807076,R4-S12
1446,244.02500000000003,-10.853058335233108,19.562047212327098,0.4928709300157999,R4-S12
1447,255.37500000000006,-10.853058335233108,18.96357460392935,0.4777922550750655,R4-S12
1448,266.725,-10.853058335233108,18.426316647335693,0.46425589940377154,R4-S12
1449,278.07500000000005,-10.853058335233108,17.88503848906717,0.45061825369279845,R4-S12
1450,289.42500000000007,-10.853058335233108,17.347258898923787,0.437068755326878,R5-S12
1451,300.77500000000003,-10.853058335233108,16.81982340027557,0.4237798790696793,R5-S12
1452,312.12500000000006,-10.853058335233108,16.3494975593237,0.4119298956745705,R5-S12
1453,323.4750000000001,-10.853058335233108,15.871003169680176,0.3998741035444741,R5-S12
1454,334.82500000000005,-10.853058335233108,15.429595388870794,0.38875271828850577,R5-S12
1455,346.17500000000007,-10.853058335233108,15.189508544778054,0.38270366703900366,R5-S12
1456,-340.50000000000006,-1.0236700022797294,15.892409335131669,0.4004134375190645,R5-S07
1457,-329.15000000000003,-1.0236700022797294,16.33729666806351,0.41162249100689113,R5-S07
1458,-317.80000000000007,-1.0236700022797294,16.76257670612652,0.4223375335380832,R5-S07
1459,-306.45000000000005,-1.0236700022797294,17.24567015153125,0.4345092000889708,R5-S07
1460,-295.1,-1.0236700022797294,17.72247620091211,0.4465224540416253,R5-S07
1461,-283.75000000000006,-1.0236700022797294,18.231381914768345,0.45934446749227376,R5-S07
1462,-272.40000000000003,-1.0236700022797294,18.70437791150958,0.47126172616552237,R4-S07
1463,-261.05,-1.0236700022797294,19.251796648340168,0.4850540853701227,R4-S07
1464,-249.70000000000005,-1.0236700022797294,19.79598184226905,0.49876497460995345,R4-S07
1465,-238.35000000000002,-1.0236700022797294,20.35027130288,0.5127304435091963,R4-S07
1466,-227.00000000000003,-1.0236700022797294,20.87955817526703,0.5260659656151935,R4-S07
1467,-215.65000000000003,-1.0236700022797294,21.449386463686814,0.5404229393723058,R4-S07
1468,-204.3,-1.0236700022797294,21.98043944034778,0.5538029589404833,R3-S07
1469,-192.95000000000002,-1.0236700022797294,22.375188000728308,0.563748752852817,R3-S07
1470,-181.60000000000002,-1.0236700022797294,22.80813810682665,0.5746570447676153,R3-S07
1471,-170.25000000000003,-1.0236700022797294,23.172546421421462,0.5838384081990794,R3-S07
1472,-158.90000000000003,-1.0236700022797294,23.4689312402196,0.5913059017440061,R3-S07
1473,-147.55,-1.0236700022797294,23.73142899154825,0.597919601701896,R3-S07
1474,-136.20000000000002,-1.0236700022797294,23.754562867758935,0.598502465803954,R2-S07
1475,-124.85000000000002,-1.0236700022797294,23.696452923001114,0.5970383704459843,R2-S07
1476,-113.50000000000001,-1.0236700022797294,23.601281685669452,0.5946405060637302,R2-S07
1477,-102.15,-1.0236700022797294,23.066147394618163,0.5811576567049173,R2-S07
1478,-90.80000000000001,-1.0236700022797294,22.78639188619796,0.5741091430133022,R2-S07
1479,90.80000000000001,-1.0236700022797294,22.898866727469358,0.5769429762526923,R2-S12
1480,102.15,-1.0236700022797294,23.05893549334831,0.5809759509535982,R2-S12
1481,113.50000000000001,-1.0236700022797294,23.42647255285329,0.5902361439368429,R2-S12
1482,124.85000000000002,-1.0236700022797294,23.517580531778446,0.5925316334537276,R2-S12
1483,136.20000000000002,-1.0236700022797294,23.541947691482,0.5931455704581003,R2-S12
1484,147.55,-1.0236700022797294,23.562643070297163,0.5936669959762451,R3-S12
1485,158.90000000000003,-1.0236700022797294,23.509168549668264,0.5923196913496666,R3-S12
1486,170.25000000000003,-1.0236700022797294,23.31514896604643,0.587431316856801,R3-S12
1487,181.60000000000002,-1.0236700022797294,23.021958602809292,0.5800443084608036,R3-S12
1488,192.95000000000002,-1.0236700022797294,22.60277715619226,0.5694829215467943,R3-S12
1489,204.3,-1.0236700022797294,22.129993822057234,0.5575710209639011,R3-S12
1490,215.65000000000003,-1.0236700022797294,21.585273220551443,0.5438466419892024,R4-S12
1491,227.00000000000003,-1.0236700022797294,21.003870757891942,0.5291980538647504,R4-S12
1492,238.35000000000002,-1.0236700022797294,20.436594193079898,0.5149053714557797,R4-S12
1493,249.70000000000005,-1.0236700022797294,19.824911316313216,0.4994938603253519,R4-S12
1494,261.05,-1.0236700022797294,19.24279988672459,0.48482740959245635,R4-S12
1495,272.40000000000003,-1.0236700022797294,18.734042845711958,0.4720091419932466,R4-S12
1496,283.75000000000006,-1.0236700022797294,18.18971937604566,0.45829476885980497,R5-S12
1497,295.1,-1.0236700022797294,17.676736504168012,0.44537003033933015,R5-S12
1498,306.45000000000005,-1.0236700022797294,17.22829380728843,0.43407139852074655,R5-S12
1499,317.80000000000007,-1.0236700022797294,16.726520504476532,0.42142908804425633,R5-S12
1500,329.15000000000003,-1.0236700022797294,16.271051815044164,0.4099534344934282,R5-S12
1501,340.50000000000006,-1.0236700022797294,15.831830335494953,0.3988871336733422,R5-S12
1502,-346.175,8.805718330673642,16.449227971461333,0.41444262966644835,R5-S06
1503,-334.82500000000005,8.805718330673642,16.641610943789182,0.41928976930685774,R5-S06
1504,-323.475,8.805718330673642,17.05102543325184,0.42960507516381563,R5-S06
1505,-312.12500000000006,8.805718330673642,17.454126210847143,0.4397613053879351,R5-S06
1506,-300.77500000000003,8.805718330673642,17.916511337548958,0.45141122039679915,R5-S06
1507,-289.425,8.805718330673642,18.401507719038126,0.4636308319233592,R5-S06
1508,-278.07500000000005,8.805718330673642,18.9331709119546,0.47702622605075845,R4-S06
1509,-266.725,8.805718330673642,19.486213130621096,0.4909602703608238,R4-S06
1510,-255.375,8.805718330673642,20.06026730192192,0.5054237163497587,R4-S06
1511,-244.02500000000003,8.805718330673642,20.6351294438181,0.5199075193705746,R4-S06
1512,-232.675,8.805718330673642,21.277719568199046,0.5360977467422284,R4-S06
1513,-221.32500000000002,8.805718330673642,21.833887659846432,0.55011054824506,R4-S06
1514,-209.97500000000002,8.805718330673642,22.285952838524047,0.5615004494463101,R4-S06
1515,-198.625,8.805718330673642,22.7606801031934,0.573461327870834,R3-S06
1516,-187.275,8.805718330673642,23.12549396650305,0.5826529092089456,R3-S06
1517,-175.925,8.805718330673642,23.522612510373587,0.5926584154793043,R3-S06
1518,-164.57500000000002,8.805718330673642,23.77502684542068,0.5990180611091126,R3-S06
1519,-153.22500000000002,8.805718330673642,23.941768160041995,0.603219152432401,R3-S06
1520,-141.875,8.805718330673642,24.0140996000936,0.6050415621086823,R3-S06
1521,-130.525,8.805718330673642,23.997647295741498,0.6046270419687957,R2-S06
1522,-119.17500000000003,8.805718330673642,23.9447166620444,0.6032934407166641,R2-S06
1523,-107.82500000000002,8.805718330673642,23.82989236349806,0.6004004122826421,R2-S06
1524,-96.47500000000001,8.805718330673642,23.383619194687537,0.5891564422949745,R2-S06
1525,-85.12500000000001,8.805718330673642,23.066824740021314,0.5811747226006883,R2-S06
1526,-73.77500000000002,8.805718330673642,22.90781393061057,0.5771684033915487,R2-S06
1527,73.775,8.805718330673642,22.865061308175267,0.576091239812932,R2-S01
1528,85.12500000000001,8.805718330673642,23.171030767698483,0.5838002209044717,R2-S01
1529,96.47500000000001,8.805718330673642,23.391202567887703,0.5893475073793828,R2-S01
1530,107.825,8.805718330673642,23.685696760652117,0.5967673661036059,R2-S01
1531,119.17500000000001,8.805718330673642,23.742262195505514,0.598192547127879,R2-S01
1532,130.52500000000003,8.805718330673642,23.72449358550676,0.5977448623206542,R2-S01
1533,141.87500000000003,8.805718330673642,23.854093585472373,0.6010101684422368,R3-S01
1534,153.22500000000002,8.805718330673642,23.956361342028334,0.603586831494793,R3-S01
1535,164.57500000000005,8.805718330673642,23.891009572984878,0.6019402764672431,R3-S01
1536,175.92500000000004,8.805718330673642,23.657263425244004,0.5960509807317713,R3-S01
1537,187.27500000000003,8.805718330673642,23.30338576249825,0.5871349398462649,R3-S01
1538,198.62500000000003,8.805718330673642,22.920549752953832,0.5774892857887083,R3-S01
1539,209.97500000000002,8.805718330673642,22.431698721336883,0.565172555337286,R4-S01
1540,221.32500000000005,8.805718330673642,21.92150156609998,0.5523180036810275,R4-S01
1541,232.67500000000004,8.805718330673642,21.35248820726328,0.5379815622893244,R4-S01
1542,244.02500000000003,8.805718330673642,20.742038188137794,0.5226011133317661,R4-S01
1543,255.37500000000006,8.805718330673642,20.12028461603928,0.5069358683809343,R4-S01
1544,266.725,8.805718330673642,19.52634152590702,0.49197131584547804,R4-S01
1545,278.07500000000005,8.805718330673642,18.970108675815528,0.47795688273659687,R4-S01
1546,289.42500000000007,8.805718330673642,18.403942630015496,0.46369218014652297,R5-S01
1547,300.77500000000003,8.805718330673642,17.9170199045496,0.4514240338762812,R5-S01
1548,312.12500000000006,8.805718330673642,17.44368035671479,0.43949811934277627,R5-S01
1549,323.4750000000001,8.805718330673642,16.935028231281922,0.42668249511922207,R5-S01
1550,334.82500000000005,8.805718330673642,16.536265434371202,0.4166355614605997,R5-S01
1551,346.17500000000007,8.805718330673642,16.40166429043857,0.41324425020001443,R5-S01
1552,-340.50000000000006,18.635106663627028,16.797101148071924,0.42320738594285523,R5-S06
1553,-329.15000000000003,18.635106663627028,17.2091983696717,0.4335902839423457,R5-S06
1554,-317.80000000000007,18.635106663627028,17.65969968466945,0.44494078318643115,R5-S06
1555,-306.45000000000005,18.635106663627028,18.11036795937935,0.456295489024423,R5-S06
1556,-295.1,18.635106663627028,18.588128369727237,0.46833278835291603,R5-S06
1557,-283.75000000000006,18.635106663627028,19.124342814944743,0.48184285248034125,R5-S06
1558,-272.40000000000003,18.635106663627028,19.729495307367195,0.49708982885782804,R4-S06
1559,-261.05,18.635106663627028,20.349569880776954,0.5127127709946323,R4-S06
1560,-249.70000000000005,18.635106663627028,20.948440981251895,0.5278014860481708,R4-S06
1561,-238.35000000000002,18.635106663627028,21.622413811702593,0.5447824089620206,R4-S06
1562,-227.00000000000003,18.635106663627028,22.20950692758921,0.5595743745928247,R4-S06
1563,-215.65000000000003,18.635106663627028,22.635694702257467,0.5703122877867843,R4-S06
1564,-204.3,18.635106663627028,23.083535953291126,0.5815957660189248,R3-S06
1565,-192.95000000000002,18.635106663627028,23.561586396432997,0.5936403728000251,R3-S06
1566,-181.60000000000002,18.635106663627028,23.814558435612586,0.6000140699322899,R3-S06
1567,-170.25000000000003,18.635106663627028,24.074048947522762,0.6065520017012538,R3-S06
1568,-158.90000000000003,18.635106663627028,24.162441881854313,0.6087790849547572,R3-S06
1569,-147.55,18.635106663627028,24.150939011763057,0.6084892671142116,R3-S06
1570,-136.20000000000002,18.635106663627028,24.188819916372918,0.6094436864795394,R2-S06
1571,-124.85000000000002,18.635106663627028,24.187372595701337,0.6094072208541531,R2-S06
1572,-113.50000000000001,18.635106663627028,24.31152295533576,0.6125352218527529,R2-S06
1573,-102.15,18.635106663627028,24.100801124758572,0.6072260298503042,R2-S06
1574,-90.80000000000001,18.635106663627028,23.73323289606621,0.5979650515511769,R2-S06
1575,-79.45000000000002,18.635106663627028,23.279573828799112,0.5865349919072591,R2-S06
1576,-68.10000000000001,18.635106663627028,23.134425681987718,0.5828779461322177,R2-S06
1577,68.10000000000001,18.635106663627028,23.069904285821657,0.5812523125679431,R2-S01
1578,79.45000000000002,18.635106663627028,23.299593390166198,0.5870393900268631,R2-S01
1579,90.80000000000001,18.635106663627028,23.711613534172745,0.5974203460360984,R2-S01
1580,102.15,18.635106663627028,23.95901500774503,0.6036536913012102,R2-S01
1581,113.50000000000001,18.635106663627028,23.9811580912128,0.6042115921192442,R2-S01
1582,124.85000000000002,18.635106663627028,23.984745881365402,0.6043019874367701,R2-S01
1583,136.20000000000002,18.635106663627028,24.106511679871268,0.6073699087899035,R2-S01
1584,147.55,18.635106663627028,24.222348841981688,0.6102884565881,R3-S01
1585,158.90000000000003,18.635106663627028,24.281098291290192,0.6117686644315997,R3-S01
1586,170.25000000000003,18.635106663627028,24.202801422527248,0.6097959542082956,R3-S01
1587,181.60000000000002,18.635106663627028,23.94777019603658,0.6033703753095636,R3-S01
1588,192.95000000000002,18.635106663627028,23.56863343536248,0.5938179248012718,R3-S01
1589,204.3,18.635106663627028,23.204438043405613,0.5846419260117313,R3-S01
1590,215.65000000000003,18.635106663627028,22.784348839480376,0.5740576679133378,R4-S01
1591,227.00000000000003,18.635106663627028,22.228176037387726,0.5600447477295976,R4-S01
1592,238.35000000000002,18.635106663627028,21.635068579032513,0.5451012491567779,R4-S01
1593,249.70000000000005,18.635106663627028,20.977224545601892,0.528526695530408,R4-S01
1594,261.05,18.635106663627028,20.38974941583344,0.5137251049592704,R4-S01
1595,272.40000000000003,18.635106663627028,19.746270940231387,0.49751249534470615,R4-S01
1596,283.75000000000006,18.635106663627028,19.145083013309993,0.48236540723885096,R5-S01
1597,295.1,18.635106663627028,18.600244402819158,0.4686380549967034,R5-S01
1598,306.45000000000005,18.635106663627028,18.07359446992595,0.45536897127553416,R5-S01
1599,317.80000000000007,18.635106663627028,17.577792534984383,0.44287711098474136,R5-S01
1600,329.15000000000003,18.635106663627028,17.137612342590156,0.43178665514210524,R5-S01
1601,340.50000000000006,18.635106663627028,16.69712802282464,0.4206885367302756,R5-S01
1602,-346.175,28.464494996580413,17.16818872631082,0.43255703518041877,R5-S06
1603,-334.82500000000005,28.464494996580413,17.309999241468255,0.436129988447172,R5-S06
1604,-323.475,28.464494996580413,17.782341202742934,0.44803076852463936,R5-S06
1605,-312.12500000000006,28.464494996580413,18.240648936077907,0.4595779525340869,R5-S06
1606,-300.77500000000003,28.464494996580413,18.76548135432454,0.4728012434952013,R5-S06
1607,-289.425,28.464494996580413,19.36406093508191,0.4878826136327012,R5-S06
1608,-278.07500000000005,28.464494996580413,19.93126224753588,0.5021734000386969,R4-S06
1609,-266.725,28.464494996580413,20.61647911987273,0.5194376195483177,R4-S06
1610,-255.375,28.464494996580413,21.24437695340383,0.5352576707836693,R4-S06
1611,-244.02500000000003,28.464494996580413,21.873811221605198,0.5511164328950667,R4-S06
1612,-232.675,28.464494996580413,22.499647562303718,0.5668845442757299,R4-S06
1613,-221.32500000000002,28.464494996580413,22.981159795674973,0.579016371773116,R4-S06
1614,-209.97500000000002,28.464494996580413,23.406317293495473,0.5897283268706343,R4-S06
1615,-198.625,28.464494996580413,23.81590268481592,0.600047938644896,R3-S06
1616,-187.275,28.464494996580413,24.087212939025445,0.6068836719331179,R3-S06
1617,-175.925,28.464494996580413,24.22608085425935,0.6103824856200392,R3-S06
1618,-164.57500000000002,28.464494996580413,24.28290503069996,0.6118141857067262,R3-S06
1619,-153.22500000000002,28.464494996580413,24.29368128607277,0.6120856962981297,R3-S06
1620,-141.875,28.464494996580413,24.339023003416198,0.613228092804641,R3-S06
1621,-130.525,28.464494996580413,24.38542140615825,0.6143971127779857,R2-S06
1622,-119.17500000000003,28.464494996580413,24.45567727171545,0.6161672278084014,R2-S06
1623,-107.82500000000002,28.464494996580413,24.550443454083556,0.6185548867242014,R2-S06
1624,-96.47500000000001,28.464494996580413,24.44569705321815,0.6159157735756652,R2-S06
1625,-85.12500000000001,28.464494996580413,24.19255766492746,0.6095378600384848,R2-S06
1626,-73.77500000000002,28.464494996580413,23.791060285103462,0.5994220278433727,R2-S06
1627,-62.42500000000001,28.464494996580413,23.684916163586983,0.5967476987550261,R1-S06
1628,-51.075,28.464494996580413,23.425762668824685,0.5902182582218364,R1-S06
1629,51.075,28.464494996580413,23.42213748659701,0.590126920801134,R1-S01
1630,62.42500000000001,28.464494996580413,23.625719211841567,0.5952562159698052,R1-S01
1631,73.775,28.464494996580413,23.801778025750206,0.5996920641408467,R2-S01
1632,85.12500000000001,28.464494996580413,24.09799662806964,0.6071553698178292,R2-S01
1633,96.47500000000001,28.464494996580413,24.257913360176985,0.6111845139878304,R2-S01
1634,107.825,28.464494996580413,24.240018526533966,0.6107336489426548,R2-S01
1635,119.17500000000001,28.464494996580413,24.273619380815745,0.6115802313130699,R2-S01
1636,130.52500000000003,28.464494996580413,24.288953545469596,0.6119665796288636,R2-S01
1637,141.87500000000003,28.464494996580413,24.31526592518924,0.6126295269636998,R3-S01
1638,153.22500000000002,28.464494996580413,24.431158763977965,0.6155494775504653,R3-S01
1639,164.57500000000005,28.464494996580413,24.461136975739983,0.6163047864887877,R3-S01
1640,175.92500000000004,28.464494996580413,24.282337864180555,0.6117998957969402,R3-S01
1641,187.27500000000003,28.464494996580413,24.188898677533036,0.6094456708877056,R3-S01
1642,198.62500000000003,28.464494996580413,23.863072335574962,0.601236390415091,R3-S01
1643,209.97500000000002,28.464494996580413,23.53255680967798,0.5929089647185181,R4-S01
1644,221.32500000000005,28.464494996580413,23.021808746284712,0.5800405327862109,R4-S01
1645,232.67500000000004,28.464494996580413,22.451663728665455,0.5656755789535263,R4-S01
1646,244.02500000000003,28.464494996580413,21.854764393078227,0.5506365430354807,R4-S01
1647,255.37500000000006,28.464494996580413,21.22160779736954,0.5346839959024827,R4-S01
1648,266.725,28.464494996580413,20.537958881489697,0.5174592814686243,R4-S01
1649,278.07500000000005,28.464494996580413,19.889361563024988,0.5011177012603928,R4-S01
1650,289.42500000000007,28.464494996580413,19.269541442896223,0.48550117014099836,R5-S01
1651,300.77500000000003,28.464494996580413,18.675653377007517,0.4705380039558458,R5-S01
1652,312.12500000000006,28.464494996580413,18.144292631258285,0.4571502300644567,R5-S01
1653,323.4750000000001,28.464494996580413,17.65972731148627,0.4449414792513548,R5-S01
1654,334.82500000000005,28.464494996580413,17.21302850060468,0.4336867850996392,R5-S01
1655,346.17500000000007,28.464494996580413,17.064716195125936,0.429950017513881,R5-S01
1656,-340.50000000000006,38.293883329533784,17.29696801362432,0.4358016632306455,R5-S06
1657,-329.15000000000003,38.293883329533784,17.833327758550432,0.44931538822248507,R5-S06
1658,-317.80000000000007,38.293883329533784,18.358139100501987,0.46253814816079586,R5-S06
1659,-306.45000000000005,38.293883329533784,18.84654313764763,0.4748436164688241,R5-S06
1660,-295.1,38.293883329533784,19.397708145946517,0.488730363969426,R5-S06
1661,-283.75000000000006,38.293883329533784,20.005971695039268,0.5040557242388327,R5-S06
1662,-272.40000000000003,38.293883329533784,20.68954799694595,0.5212786091445188,R4-S06
1663,-261.05,38.293883329533784,21.3075649346482,0.5368497086079165,R4-S06
1664,-249.70000000000005,38.293883329533784,21.96462455377542,0.5534044987093832,R4-S06
1665,-238.35000000000002,38.293883329533784,22.558778243792194,0.5683743573643788,R4-S06
1666,-227.00000000000003,38.293883329533784,23.192718423161633,0.5843466470940195,R4-S06
1667,-215.65000000000003,38.293883329533784,23.63977213872456,0.5956102831626243,R4-S06
1668,-204.3,38.293883329533784,23.959566050609453,0.6036675749712637,R3-S06
1669,-192.95000000000002,38.293883329533784,24.199929321490938,0.6097235908664888,R3-S06
1670,-181.60000000000002,38.293883329533784,24.29467113834165,0.6121106358866629,R3-S06
1671,-170.25000000000003,38.293883329533784,24.296086798884442,0.6121463038267685,R3-S06
1672,-158.90000000000003,38.293883329533784,24.319880438967207,0.6127457908532933,R3-S06
1673,-147.55,38.293883329533784,24.345249830814513,0.613384979360406,R3-S06
1674,-136.20000000000002,38.293883329533784,24.339258370907725,0.61323402295056,R3-S06
1675,-124.85000000000002,38.293883329533784,24.452842194557583,0.61609579729296,R2-S06
1676,-113.50000000000001,38.293883329533784,24.575158117602978,0.6191775791787095,R2-S06
1677,-102.15,38.293883329533784,24.726097596849463,0.6229805390992559,R2-S06
1678,-90.80000000000001,38.293883329533784,24.808744877012128,0.625062859083198,R2-S06
1679,-79.45000000000002,38.293883329533784,24.686649085068115,0.6219866234585063,R2-S06
1680,-68.10000000000001,38.293883329533784,24.331535439370757,0.6130394416571116,R2-S06
1681,-56.75000000000001,38.293883329533784,23.984411508347584,0.6042935628205489,R1-S05
1682,-45.400000000000006,38.293883329533784,23.935953117597307,0.6030726409069617,R1-S05
1683,-34.050000000000004,38.293883329533784,23.77152913649689,0.5989299354118642,R1-S05
1684,-22.700000000000003,38.293883329533784,23.650293512633258,0.5958753719484319,R1-S05
1685,22.700000000000003,38.293883329533784,23.632627618129334,0.5954302750851432,R1-S02
1686,34.050000000000004,38.293883329533784,23.79394646525381,0.5994947459121646,R1-S02
1687,45.400000000000006,38.293883329533784,23.90299422256953,0.6022422328689728,R1-S02
1688,56.75000000000001,38.293883329533784,23.96029012473479,0.6036858182094934,R1-S02
1689,68.10000000000001,38.293883329533784,24.189599405384254,0.6094633259104121,R2-S01
1690,79.45000000000002,38.293883329533784,24.556671347843423,0.6187118001472266,R2-S01
1691,90.80000000000001,38.293883329533784,24.557052059883823,0.6187213922873224,R2-S01
1692,102.15,38.293883329533784,24.47902153714078,0.616755392722116,R2-S01
1693,113.50000000000001,38.293883329533784,24.40250764110829,0.6148276049661953,R2-S01
1694,124.85000000000002,38.293883329533784,24.340529723887048,0.6132660550236092,R2-S01
1695,136.20000000000002,38.293883329533784,24.30180660304573,0.6122904157985823,R3-S01
1696,147.55,38.293883329533784,24.392112998498806,0.6145657092088387,R3-S01
1697,158.90000000000003,38.293883329533784,24.410984694974015,0.61504118657027,R3-S01
1698,170.25000000000003,38.293883329533784,24.368349841401688,0.6139669902091632,R3-S01
1699,181.60000000000002,38.293883329533784,24.320585235943682,0.6127635483986819,R3-S01
1700,192.95000000000002,38.293883329533784,24.24155088877937,0.6107722572128841,R3-S01
1701,204.3,38.293883329533784,24.07854105574014,0.6066651815505201,R3-S01
1702,215.65000000000003,38.293883329533784,23.747420098635864,0.598322501855275,R4-S01
1703,227.00000000000003,38.293883329533784,23.22612242593041,0.5851882697387355,R4-S01
1704,238.35000000000002,38.293883329533784,22.603365801637583,0.5694977526237739,R4-S01
1705,249.70000000000005,38.293883329533784,21.91107696047845,0.5520553529976934,R4-S01
1706,261.05,38.293883329533784,21.234958894881785,0.5350203803195209,R4-S01
1707,272.40000000000003,38.293883329533784,20.542985521293375,0.5175859289819444,R4-S01
1708,283.75000000000006,38.293883329533784,19.845620635736566,0.5000156370807903,R5-S01
1709,295.1,38.293883329533784,19.255090960060116,0.48513708642126774,R5-S01
1710,306.45000000000005,38.293883329533784,18.69370774974241,0.4709928886304462,R5-S01
1711,317.80000000000007,38.293883329533784,18.15429912617153,0.457402346338411,R5-S01
1712,329.15000000000003,38.293883329533784,17.697695733696417,0.44589810364566435,R5-S01
1713,340.50000000000006,38.293883329533784,17.20814317007381,0.43356369791065286,R5-S01
1714,-346.175,48.123271662487156,17.586541238412465,0.4430975368710624,R5-S06
1715,-334.82500000000005,48.123271662487156,17.733601079904535,0.44680274829691446,R5-S06
1716,-323.475,48.123271662487156,18.279540236129684,0.46055782907860127,R5-S06
1717,-312.12500000000006,48.123271662487156,18.802780327505175,0.4737410009449528,R5-S06
1718,-300.77500000000003,48.123271662487156,19.376658414015136,0.4882000104312204,R5-S06
1719,-289.425,48.123271662487156,19.995389178169805,0.5037890949400304,R5-S06
1720,-278.07500000000005,48.123271662487156,20.58639815213782,0.5186797216462037,R5-S06
1721,-266.725,48.123271662487156,21.19538827897478,0.5340233882331766,R4-S06
1722,-255.375,48.123271662487156,21.83615505231937,0.5501676757953986,R4-S06
1723,-244.02500000000003,48.123271662487156,22.54073586459885,0.5679197748702155,R4-S06
1724,-232.675,48.123271662487156,23.182571289132355,0.5840909873805078,R4-S06
1725,-221.32500000000002,48.123271662487156,23.713787338921524,0.5974751156190861,R4-S06
1726,-209.97500000000002,48.123271662487156,24.008164436431468,0.6048920240975427,R4-S06
1727,-198.625,48.123271662487156,24.188734485265098,0.6094415340202847,R3-S06
1728,-187.275,48.123271662487156,24.264607305913277,0.6113531697131085,R3-S06
1729,-175.925,48.123271662487156,24.180293014318924,0.6092288489372367,R3-S06
1730,-164.57500000000002,48.123271662487156,24.140223035241917,0.6082192752643466,R3-S06
1731,-153.22500000000002,48.123271662487156,24.152082289494302,0.6085180722976645,R3-S06
1732,-141.875,48.123271662487156,24.150937151151524,0.6084892202356141,R3-S06
1733,-130.525,48.123271662487156,24.24458338011888,0.6108486616306092,R2-S06
1734,-119.17500000000003,48.123271662487156,24.38735601679517,0.6144458558023475,R2-S06
1735,-107.82500000000002,48.123271662487156,24.667733680416017,0.6215100448580504,R2-S06
1736,-96.47500000000001,48.123271662487156,24.876896144133227,0.6267799482018954,R2-S06
1737,-85.12500000000001,48.123271662487156,25.02056665943376,0.6303997646619743,R2-S06
1738,-73.77500000000002,48.123271662487156,25.018326771979137,0.630343330107814,R2-S05
1739,-62.42500000000001,48.123271662487156,24.83934426068389,0.6258338186113351,R2-S05
1740,-51.075,48.123271662487156,24.584208728482686,0.6194056117027636,R2-S05
1741,-39.72500000000001,48.123271662487156,24.32015521822111,0.612752713988942,R1-S05
1742,-28.375000000000004,48.123271662487156,24.147551038575777,0.6084039062377369,R1-S05
1743,-17.025000000000002,48.123271662487156,24.187924468449175,0.6094211254333378,R1-S04
1744,-5.675000000000001,48.123271662487156,24.264668902352124,0.6113547216516031,R1-S04
1745,5.675000000000001,48.123271662487156,24.239220780106752,0.610713549511382,R1-S03
1746,17.025000000000002,48.123271662487156,24.155471582886506,0.6086034664370498,R1-S03
1747,28.375000000000004,48.123271662487156,24.104756815302796,0.6073256945150617,R1-S02
1748,39.72500000000001,48.123271662487156,24.33110450140304,0.613028584061553,R1-S02
1749,51.075,48.123271662487156,24.521922940943355,0.6178363048864539,R2-S02
1750,62.42500000000001,48.123271662487156,24.75090327114096,0.6236055245941285,R2-S02
1751,73.775,48.123271662487156,24.9242728707072,0.6279736173017687,R2-S02
1752,85.12500000000001,48.123271662487156,24.804838252475676,0.624964430649425,R2-S01
1753,96.47500000000001,48.123271662487156,24.717425418747283,0.6227620412886693,R2-S01
1754,107.825,48.123271662487156,24.56575513713317,0.6189406686100573,R2-S01
1755,119.17500000000001,48.123271662487156,24.32447712603278,0.6128616055941744,R2-S01
1756,130.52500000000003,48.123271662487156,24.13611132868438,0.6081156797350562,R2-S01
1757,141.87500000000003,48.123271662487156,24.175671396269163,0.6091124060536448,R3-S01
1758,153.22500000000002,48.123271662487156,24.18794380900705,0.6094216127237856,R3-S01
1759,164.57500000000005,48.123271662487156,24.271004999420274,0.6115143612854693,R3-S01
1760,175.92500000000004,48.123271662487156,24.263523024428004,0.6113258509556061,R3-S01
1761,187.27500000000003,48.123271662487156,24.276849552855246,0.6116616163480788,R3-S01
1762,198.62500000000003,48.123271662487156,24.256806468616922,0.6111566255635406,R3-S01
1763,209.97500000000002,48.123271662487156,24.018712553280597,0.6051577866787755,R4-S01
1764,221.32500000000005,48.123271662487156,23.68725025607927,0.5968065068299137,R4-S01
1765,232.67500000000004,48.123271662487156,23.190662349564953,0.5842948437784065,R4-S01
1766,244.02500000000003,48.123271662487156,22.540076819074763,0.5679031700447157,R4-S01
1767,255.37500000000006,48.123271662487156,21.82753718555564,0.549950546373284,R4-S01
1768,266.725,48.123271662487156,21.139305292873683,0.5326103626322419,R4-S01
1769,278.07500000000005,48.123271662487156,20.434787381758888,0.5148598483688307,R5-S01
1770,289.42500000000007,48.123271662487156,19.776359098177654,0.4982705744060886,R5-S01
1771,300.77500000000003,48.123271662487156,19.19432714035081,0.4836061259851553,R5-S01
1772,312.12500000000006,48.123271662487156,18.602394996779747,0.4686922397777714,R5-S01
1773,323.4750000000001,48.123271662487156,18.111524394881297,0.4563246257213731,R5-S01
1774,334.82500000000005,48.123271662487156,17.614945880359244,0.44381319930358387,R5-S01
1775,346.17500000000007,48.123271662487156,17.401602909535953,0.4384379669825133,R5-S01
1776,-340.50000000000006,57.95265999544054,17.70086769365771,0.44597802201203607,R5-S06
1777,-329.15000000000003,57.95265999544054,18.15498036119953,0.45741951023430416,R5-S06
1778,-317.80000000000007,57.95265999544054,18.656387846015626,0.47005260383007375,R5-S06
1779,-306.45000000000005,57.95265999544054,19.220597956144108,0.4842680261059236,R5-S06
1780,-295.1,57.95265999544054,19.78325122480364,0.4984442233510617,R5-S06
1781,-283.75000000000006,57.95265999544054,20.33961530863824,0.5124619629286531,R5-S06
1782,-272.40000000000003,57.95265999544054,20.973542562586005,0.5284339269988916,R4-S06
1783,-261.05,57.95265999544054,21.610395118724302,0.5444795948280248,R4-S06
1784,-249.70000000000005,57.95265999544054,22.354970847958665,0.5632393763658016,R4-S06
1785,-238.35000000000002,57.95265999544054,22.96513290218911,0.5786125699720109,R4-S06
1786,-227.00000000000003,57.95265999544054,23.509242594111598,0.5923215569189115,R4-S06
1787,-215.65000000000003,57.95265999544054,23.80406591051554,0.5997497079998877,R4-S06
1788,-204.3,57.95265999544054,24.015991186502,0.6050892211262787,R4-S06
1789,-192.95000000000002,57.95265999544054,24.026742515504818,0.6053601036912275,R3-S06
1790,-181.60000000000002,57.95265999544054,23.942617460344405,0.6032405507771329,R3-S06
1791,-170.25000000000003,57.95265999544054,23.883213915171247,0.601743862816106,R3-S06
1792,-158.90000000000003,57.95265999544054,23.829761897800957,0.6003971251650531,R3-S06
1793,-147.55,57.95265999544054,23.844419951953828,0.6007664386987611,R3-S06
1794,-136.20000000000002,57.95265999544054,23.94970533350893,0.6034191316076828,R3-S06
1795,-124.85000000000002,57.95265999544054,24.11063292510463,0.6074737446486427,R2-S06
1796,-113.50000000000001,57.95265999544054,24.36293393820491,0.6138305351021646,R2-S06
1797,-102.15,57.95265999544054,24.7292708819945,0.6230604908539809,R2-S06
1798,-90.80000000000001,57.95265999544054,24.982257242771563,0.6294345488226648,R2-S05
1799,-79.45000000000002,57.95265999544054,25.274002299406956,0.6367851423382958,R2-S05
1800,-68.10000000000001,57.95265999544054,25.332850528122194,0.6382678389549558,R2-S05
1801,-56.75000000000001,57.95265999544054,25.249760495413657,0.6361743637040478,R2-S05
1802,-45.400000000000006,57.95265999544054,25.13780911554082,0.6333537192124167,R2-S05
1803,-34.050000000000004,57.95265999544054,24.960735191609444,0.6288922950770836,R1-S05
1804,-22.700000000000003,57.95265999544054,24.82040186549862,0.6253565599772896,R1-S04
1805,-11.350000000000001,57.95265999544054,24.71599788056786,0.6227260740883814,R1-S04
1806,0.0,57.95265999544054,24.658606213058356,0.6212800759147986,R1-S04
1807,11.350000000000001,57.95265999544054,24.657642256448998,0.6212557887742253,R1-S03
1808,22.700000000000003,57.95265999544054,24.818197584680753,0.6253010225417172,R1-S03
1809,34.050000000000004,57.95265999544054,24.910968498088785,0.6276384101307328,R1-S02
1810,45.400000000000006,57.95265999544054,25.0962331743189,0.63230620242678,R2-S02
1811,56.75000000000001,57.95265999544054,25.182093644542373,0.6344694795803067,R2-S02
1812,68.10000000000001,57.95265999544054,25.19329990776225,0.6347518243326342,R2-S02
1813,79.45000000000002,57.95265999544054,25.038079934867092,0.6308410162475963,R2-S02
1814,90.80000000000001,57.95265999544054,24.866707042146135,0.6265232310946368,R2-S02
1815,102.15,57.95265999544054,24.5596477818516,0.6187867921857294,R2-S01
1816,113.50000000000001,57.95265999544054,24.27327097620229,0.6115714531671024,R2-S01
1817,124.85000000000002,57.95265999544054,23.944919951158983,0.6032985626394302,R2-S01
1818,136.20000000000002,57.95265999544054,23.834302961894124,0.6005115384704995,R3-S01
1819,147.55,57.95265999544054,23.83103366963553,0.6004291677912706,R3-S01
1820,158.90000000000003,57.95265999544054,23.836409270280843,0.6005646074648738,R3-S01
1821,170.25000000000003,57.95265999544054,23.92816614212936,0.60287644600981,R3-S01
1822,181.60000000000002,57.95265999544054,24.0738615924834,0.6065472812417083,R3-S01
1823,192.95000000000002,57.95265999544054,24.103476658825606,0.6072934406355658,R3-S01
1824,204.3,57.95265999544054,24.039278901298587,0.6056759612320128,R4-S01
1825,215.65000000000003,57.95265999544054,23.80281521224528,0.5997181963276715,R4-S01
1826,227.00000000000003,57.95265999544054,23.371019508137366,0.5888389898749652,R4-S01
1827,238.35000000000002,57.95265999544054,22.906363060022933,0.5771318483250928,R4-S01
1828,249.70000000000005,57.95265999544054,22.268396893053218,0.5610581227778589,R4-S01
1829,261.05,57.95265999544054,21.567760335864193,0.543405400248531,R4-S01
1830,272.40000000000003,57.95265999544054,20.81688643586412,0.5244869346400636,R4-S01
1831,283.75000000000006,57.95265999544054,20.1631322494641,0.5080154257864474,R5-S01
1832,295.1,57.95265999544054,19.537703314658444,0.49225757910452117,R5-S01
1833,306.45000000000005,57.95265999544054,18.989637472527825,0.47844891591150984,R5-S01
1834,317.80000000000007,57.95265999544054,18.379849523435066,0.4630851479827429,R5-S01
1835,329.15000000000003,57.95265999544054,17.907071039315962,0.451173369597278,R5-S01
1836,340.50000000000006,57.95265999544054,17.46685426060252,0.4400819919526964,R5-S01
1837,-334.82500000000005,67.78204832839393,17.98003207129499,0.45301164200793625,R5-S06
1838,-323.475,67.78204832839393,18.38611582597031,0.4632430291249764,R5-S06
1839,-312.12500000000006,67.78204832839393,18.88793161047319,0.4758864099388559,R5-S06
1840,-300.77500000000003,67.78204832839393,19.39214824328412,0.48859028075797734,R5-S06
1841,-289.425,67.78204832839393,19.983622291692065,0.5034926251371142,R5-S06
1842,-278.07500000000005,67.78204832839393,20.583752762594795,0.5186130703601611,R5-S06
1843,-266.725,67.78204832839393,21.288519377908774,0.5363698507913524,R4-S06
1844,-255.375,67.78204832839393,21.92439298758194,0.5523908538065493,R4-S06
1845,-244.02500000000003,67.78204832839393,22.575046462718795,0.5687842394235021,R4-S06
1846,-232.675,67.78204832839393,23.077142489156614,0.5814346810067175,R4-S06
1847,-221.32500000000002,67.78204832839393,23.46968536006636,0.5913249019920979,R4-S06
1848,-209.97500000000002,67.78204832839393,23.69592135664896,0.5970249774917854,R4-S06
1849,-198.625,67.78204832839393,23.69136296134281,0.5969101275218648,R3-S06
1850,-187.275,67.78204832839393,23.66409202674851,0.5962230291445832,R3-S06
1851,-175.925,67.78204832839393,23.619544858296113,0.5951006515065789,R3-S06
1852,-164.57500000000002,67.78204832839393,23.477004359276386,0.5915093061042174,R3-S06
1853,-153.22500000000002,67.78204832839393,23.46180052859496,0.5911262415871746,R3-S06
1854,-141.875,67.78204832839393,23.46181950111659,0.5911267196048524,R3-S06
1855,-130.525,67.78204832839393,23.635649578636894,0.5955064141757848,R3-S06
1856,-119.17500000000003,67.78204832839393,23.872497367031215,0.6014738565641526,R2-S06
1857,-107.82500000000002,67.78204832839393,24.166119482684746,0.6088717430759574,R2-S05
1858,-96.47500000000001,67.78204832839393,24.558498063734234,0.6187578247350526,R2-S05
1859,-85.12500000000001,67.78204832839393,24.941783868539225,0.628414811502626,R2-S05
1860,-73.77500000000002,67.78204832839393,25.30675870364151,0.6376104485674354,R2-S05
1861,-62.42500000000001,67.78204832839393,25.481439817438893,0.6420115852214385,R2-S05
1862,-51.075,67.78204832839393,25.502512057171586,0.6425425058496242,R2-S05
1863,-39.72500000000001,67.78204832839393,25.5174128255552,0.6429179346322802,R2-S05
1864,-28.375000000000004,67.78204832839393,25.42977482219675,0.6407098720634102,R2-S04
1865,-17.025000000000002,67.78204832839393,25.370616099643563,0.639219352472753,R1-S04
1866,-5.675000000000001,67.78204832839393,25.33094557737237,0.6382198432192585,R1-S04
1867,5.675000000000001,67.78204832839393,25.291168118173914,0.6372176396617263,R1-S03
1868,17.025000000000002,67.78204832839393,25.310444503850714,0.6377033132741425,R1-S03
1869,28.375000000000004,67.78204832839393,25.366495536279693,0.6391155337938951,R2-S03
1870,39.72500000000001,67.78204832839393,25.44510685320411,0.6410961666214188,R2-S02
1871,51.075,67.78204832839393,25.443564931484826,0.6410573174977281,R2-S02
1872,62.42500000000001,67.78204832839393,25.39444450289592,0.6398197153664883,R2-S02
1873,73.775,67.78204832839393,25.20806210020596,0.6351237616579986,R2-S02
1874,85.12500000000001,67.78204832839393,24.843095997314116,0.6259283446035303,R2-S02
1875,96.47500000000001,67.78204832839393,24.412017255690042,0.6150672022093737,R2-S02
1876,107.825,67.78204832839393,23.97873853772161,0.6041506308319882,R2-S02
1877,119.17500000000001,67.78204832839393,23.671514091025067,0.5964100300081902,R2-S01
1878,130.52500000000003,67.78204832839393,23.433201360824373,0.5904056780253055,R3-S01
1879,141.87500000000003,67.78204832839393,23.315619042260238,0.5874431605507745,R3-S01
1880,153.22500000000002,67.78204832839393,23.317197202378853,0.5874829227104775,R3-S01
1881,164.57500000000005,67.78204832839393,23.462126865224974,0.5911344637244892,R3-S01
1882,175.92500000000004,67.78204832839393,23.519994976052832,0.5925924660129209,R3-S01
1883,187.27500000000003,67.78204832839393,23.69213794938372,0.5969296535496025,R3-S01
1884,198.62500000000003,67.78204832839393,23.75700150215374,0.5985639078396005,R3-S01
1885,209.97500000000002,67.78204832839393,23.584048832702486,0.594206319795981,R4-S01
1886,221.32500000000005,67.78204832839393,23.33153180185107,0.587844086718344,R4-S01
1887,232.67500000000004,67.78204832839393,22.93003989677222,0.5777283924608774,R4-S01
1888,244.02500000000003,67.78204832839393,22.49123117187872,0.5666724911030164,R4-S01
1889,255.37500000000006,67.78204832839393,21.866866974235474,0.5509414707542322,R4-S01
1890,266.725,67.78204832839393,21.144927526455053,0.5327520162876053,R4-S01
1891,278.07500000000005,67.78204832839393,20.442299797639034,0.5150491256648787,R5-S01
1892,289.42500000000007,67.78204832839393,19.844357531306496,0.4999838128321113,R5-S01
1893,300.77500000000003,67.78204832839393,19.210468815842056,0.484012819749107,R5-S01
1894,312.12500000000006,67.78204832839393,18.619389596466334,0.4691204231913917,R5-S01
1895,323.4750000000001,67.78204832839393,18.178188736275,0.4580042513548753,R5-S01
1896,334.82500000000005,67.78204832839393,17.669240814847395,0.44518117447335337,R5-S01
1897,-340.50000000000006,77.61143666134728,17.76933556084789,0.4477030879528317,R5-S06
1898,-329.15000000000003,77.61143666134728,17.984907365204275,0.4531344763215993,R5-S06
1899,-317.80000000000007,77.61143666134728,18.451552352187733,0.4648917196318401,R5-S06
1900,-306.45000000000005,77.61143666134728,18.96792552010662,0.4779018775537067,R5-S06
1901,-295.1,77.61143666134728,19.570190177856958,0.4930760941762902,R5-S06
1902,-283.75000000000006,77.61143666134728,20.2401736509613,0.5099565041814387,R5-S06
1903,-272.40000000000003,77.61143666134728,20.84510299417794,0.525197858255932,R5-S06
1904,-261.05,77.61143666134728,21.39312890982661,0.5390055154907184,R4-S06
1905,-249.70000000000005,77.61143666134728,22.006191676702354,0.554451793315756,R4-S06
1906,-238.35000000000002,77.61143666134728,22.51798065980223,0.5673464514941353,R4-S06
1907,-227.00000000000003,77.61143666134728,22.87447895622478,0.5763285199351167,R4-S06
1908,-215.65000000000003,77.61143666134728,23.164044295270436,0.5836241948921753,R4-S06
1909,-204.3,77.61143666134728,23.25478473942172,0.5859104242736639,R4-S06
1910,-192.95000000000002,77.61143666134728,23.208818742146345,0.5847522988699004,R3-S06
1911,-181.60000000000002,77.61143666134728,23.181001866095603,0.5840514453538826,R3-S06
1912,-170.25000000000003,77.61143666134728,23.087363021477334,0.581692190009507,R3-S06
1913,-158.90000000000003,77.61143666134728,22.95949667739241,0.5784705638042935,R3-S06
1914,-147.55,77.61143666134728,22.975907350729045,0.5788840350397845,R3-S06
1915,-136.20000000000002,77.61143666134728,23.01657329370032,0.5799086241799022,R3-S06
1916,-124.85000000000002,77.61143666134728,23.155967756784815,0.5834207043785542,R3-S05
1917,-113.50000000000001,77.61143666134728,23.384739183092307,0.589184660697715,R2-S05
1918,-102.15,77.61143666134728,23.717838430507594,0.597577183938211,R2-S05
1919,-90.80000000000001,77.61143666134728,24.205007260652266,0.6098515308806316,R2-S05
1920,-79.45000000000002,77.61143666134728,24.722667068683748,0.6228941060388952,R2-S05
1921,-68.10000000000001,77.61143666134728,25.17794603933392,0.6343649795750548,R2-S05
1922,-56.75000000000001,77.61143666134728,25.456970288417352,0.6413950689951462,R2-S05
1923,-45.400000000000006,77.61143666134728,25.55997285857369,0.6439902458698336,R2-S05
1924,-34.050000000000004,77.61143666134728,25.522210618973055,0.6430388163006565,R2-S04
1925,-22.700000000000003,77.61143666134728,25.56594772297595,0.6441407841515735,R2-S04
1926,-11.350000000000001,77.61143666134728,25.581481619550797,0.6445321647657042,R2-S04
1927,0.0,77.61143666134728,25.547690410299964,0.643680786351725,R2-S04
1928,11.350000000000001,77.61143666134728,25.55993883646236,0.6439893886737809,R2-S03
1929,22.700000000000003,77.61143666134728,25.53771723648654,0.6434295096116538,R2-S03
1930,34.050000000000004,77.61143666134728,25.47111990359638,0.6417515722750411,R2-S03
1931,45.400000000000006,77.61143666134728,25.45012511800632,0.6412226031243718,R2-S02
1932,56.75000000000001,77.61143666134728,25.424468533206312,0.6405761787152007,R2-S02
1933,68.10000000000001,77.61143666134728,25.12076135176867,0.6329241963156632,R2-S02
1934,79.45000000000002,77.61143666134728,24.6394124094111,0.6207964829783599,R2-S02
1935,90.80000000000001,77.61143666134728,24.107644582694384,0.6073984525748144,R2-S02
1936,102.15,77.61143666134728,23.632649788618924,0.5954308336764658,R2-S02
1937,113.50000000000001,77.61143666134728,23.26204249810985,0.5860932854147103,R2-S02
1938,124.85000000000002,77.61143666134728,22.990782243805615,0.5792588118872667,R3-S02
1939,136.20000000000002,77.61143666134728,22.805193075061148,0.5745828439168845,R3-S01
1940,147.55,77.61143666134728,22.794818050349825,0.5743214424376374,R3-S01
1941,158.90000000000003,77.61143666134728,22.864127490344103,0.5760677120268104,R3-S01
1942,170.25000000000003,77.61143666134728,22.96133598205495,0.5785169055695377,R3-S01
1943,181.60000000000002,77.61143666134728,23.070499862641572,0.5812673182827305,R3-S01
1944,192.95000000000002,77.61143666134728,23.190085640747885,0.5842803134479185,R3-S01
1945,204.3,77.61143666134728,23.145662028245173,0.5831610488345975,R4-S01
1946,215.65000000000003,77.61143666134728,23.04027150891714,0.580505706951805,R4-S01
1947,227.00000000000003,77.61143666134728,22.76613622347005,0.5735987962577488,R4-S01
1948,238.35000000000002,77.61143666134728,22.384316507860788,0.5639787479934691,R4-S01
1949,249.70000000000005,77.61143666134728,21.92443567962564,0.5523919294438306,R4-S01
1950,261.05,77.61143666134728,21.338249791691073,0.537622821660143,R4-S01
1951,272.40000000000003,77.61143666134728,20.74096473659022,0.5225740674373954,R5-S01
1952,283.75000000000006,77.61143666134728,20.046632021864475,0.5050801718786716,R5-S01
1953,295.1,77.61143666134728,19.405643357982715,0.488930293725944,R5-S01
1954,306.45000000000005,77.61143666134728,18.812347667201696,0.4739820525875963,R5-S01
1955,317.80000000000007,77.61143666134728,18.29847639931294,0.4610349306957153,R5-S01
1956,329.15000000000003,77.61143666134728,17.812621515873975,0.44879368898649474,R5-S01
1957,340.50000000000006,77.61143666134728,17.547302036638172,0.44210889485105,R5-S01
1958,-334.82500000000005,87.44082499430067,17.598997876547934,0.4434113851486,R5-S06
1959,-323.475,87.44082499430067,18.032845387169377,0.4543422874066359,R5-S06
1960,-312.12500000000006,87.44082499430067,18.55768826776903,0.46756584196948936,R5-S06
1961,-300.77500000000003,87.44082499430067,19.105638770603793,0.4813715991585738,R5-S06
1962,-289.425,87.44082499430067,19.730802621353206,0.49712276697790897,R5-S06
1963,-278.07500000000005,87.44082499430067,20.31982356729477,0.5119633047945268,R5-S06
1964,-266.725,87.44082499430067,20.861803371230522,0.5256186286528225,R5-S06
1965,-255.375,87.44082499430067,21.3904126869522,0.538937079540242,R4-S06
1966,-244.02500000000003,87.44082499430067,21.803684246268247,0.5493495652876857,R4-S06
1967,-232.675,87.44082499430067,22.195671224950154,0.5592257804220245,R4-S06
1968,-221.32500000000002,87.44082499430067,22.435577933305396,0.5652702931041924,R4-S06
1969,-209.97500000000002,87.44082499430067,22.58529219995795,0.5690423834708479,R4-S06
1970,-198.625,87.44082499430067,22.666529448137414,0.5710891773277252,R4-S06
1971,-187.275,87.44082499430067,22.607286597324073,0.5695965381034033,R3-S06
1972,-175.925,87.44082499430067,22.568738583326237,0.5686253107414018,R3-S06
1973,-164.57500000000002,87.44082499430067,22.530955454835624,0.567673354871142,R3-S06
1974,-153.22500000000002,87.44082499430067,22.38259004890455,0.5639352494055064,R3-S06
1975,-141.875,87.44082499430067,22.30683272199141,0.5620265236077453,R3-S05
1976,-130.525,87.44082499430067,22.301657782984595,0.5618961396569563,R3-S05
1977,-119.17500000000003,87.44082499430067,22.414668475038944,0.5647434737979075,R3-S05
1978,-107.82500000000002,87.44082499430067,22.68587468378254,0.571576585633221,R2-S05
1979,-96.47500000000001,87.44082499430067,23.17020152207496,0.5837793278426546,R2-S05
1980,-85.12500000000001,87.44082499430067,23.73015267579143,0.5978874445903611,R2-S05
1981,-73.77500000000002,87.44082499430067,24.432253450355617,0.6155770584619707,R2-S05
1982,-62.42500000000001,87.44082499430067,24.977754640203692,0.6293211045654747,R2-S05
1983,-51.075,87.44082499430067,25.23786760438046,0.6358747191831813,R2-S05
1984,-39.72500000000001,87.44082499430067,25.418090526650204,0.6404154831607509,R2-S04
1985,-28.375000000000004,87.44082499430067,25.517919983084067,0.6429307125997498,R2-S04
1986,-17.025000000000002,87.44082499430067,25.615914473315275,0.6453997095821435,R2-S04
1987,-5.675000000000001,87.44082499430067,25.610786914945734,0.6452705193989855,R2-S04
1988,5.675000000000001,87.44082499430067,25.55176332746176,0.6437834045719769,R2-S03
1989,17.025000000000002,87.44082499430067,25.578650890468875,0.6444608438011811,R2-S03
1990,28.375000000000004,87.44082499430067,25.46706073002626,0.6416493003282001,R2-S03
1991,39.72500000000001,87.44082499430067,25.316103486870446,0.6378458928412811,R2-S03
1992,51.075,87.44082499430067,25.216645037945476,0.6353400110341516,R2-S02
1993,62.42500000000001,87.44082499430067,24.950062203396328,0.6286233863289576,R2-S02
1994,73.775,87.44082499430067,24.436943018401852,0.6156952133636143,R2-S02
1995,85.12500000000001,87.44082499430067,23.75643528342009,0.5985496418095261,R2-S02
1996,96.47500000000001,87.44082499430067,23.122668231453847,0.5825817140703917,R2-S02
1997,107.825,87.44082499430067,22.671685563375313,0.5712190870087003,R2-S02
1998,119.17500000000001,87.44082499430067,22.388704132718562,0.5640892953569807,R3-S02
1999,130.52500000000003,87.44082499430067,22.22583578582316,0.5599857844752624,R3-S02
2000,141.87500000000003,87.44082499430067,22.19498253013667,0.5592084285748721,R3-S02
2001,153.22500000000002,87.44082499430067,22.253800196591275,0.5606903551673287,R3-S01
2002,164.57500000000005,87.44082499430067,22.317712695021587,0.5623006473928341,R3-S01
2003,175.92500000000004,87.44082499430067,22.453826452731338,0.5657300693557908,R3-S01
2004,187.27500000000003,87.44082499430067,22.52553619389607,0.5675368151649299,R3-S01
2005,198.62500000000003,87.44082499430067,22.514630970812696,0.5672620551981027,R4-S01
2006,209.97500000000002,87.44082499430067,22.482402256997613,0.5664500442680175,R4-S01
2007,221.32500000000005,87.44082499430067,22.313511510982853,0.5621947974548464,R4-S01
2008,232.67500000000004,87.44082499430067,22.144906528233,0.5579467505223734,R4-S01
2009,244.02500000000003,87.44082499430067,21.768106431018634,0.5484531728651709,R4-S01
2010,255.37500000000006,87.44082499430067,21.28552718409198,0.536294461680322,R4-S01
2011,266.725,87.44082499430067,20.771898682751043,0.5233534563555314,R5-S01
2012,278.07500000000005,87.44082499430067,20.252237795884273,0.5102604634891478,R5-S01
2013,289.42500000000007,87.44082499430067,19.613653272369547,0.49417115828595487,R5-S01
2014,300.77500000000003,87.44082499430067,18.98426884636463,0.47831365196181985,R5-S01
2015,312.12500000000006,87.44082499430067,18.40401893506659,0.46369410267237565,R5-S01
2016,323.4750000000001,87.44082499430067,17.83614390335326,0.4493863417322565,R5-S01
2017,334.82500000000005,87.44082499430067,17.397555990396086,0.438336003789269,R5-S01
2018,-329.15000000000003,97.27021332725406,17.62114117774168,0.44396929145229735,R5-S06
2019,-317.80000000000007,97.27021332725406,18.15150740781099,0.4573320082592842,R5-S06
2020,-306.45000000000005,97.27021332725406,18.708363618143814,0.47136214709357055,R5-S06
2021,-295.1,97.27021332725406,19.244625742339274,0.4848734125053987,R5-S06
2022,-283.75000000000006,97.27021332725406,19.798340916942795,0.49882441211748035,R5-S06
2023,-272.40000000000003,97.27021332725406,20.335707481220354,0.5123635041879656,R5-S06
2024,-261.05,97.27021332725406,20.74056705997721,0.5225640478704261,R4-S06
2025,-249.70000000000005,97.27021332725406,21.091285296603427,0.531400486183004,R4-S06
2026,-238.35000000000002,97.27021332725406,21.424815782116273,0.539803874580909,R4-S06
2027,-227.00000000000003,97.27021332725406,21.677029628154216,0.5461584688373449,R4-S06
2028,-215.65000000000003,97.27021332725406,21.880482515872778,0.5512845179106268,R4-S06
2029,-204.3,97.27021332725406,21.99333301259848,0.5541278158880948,R4-S06
2030,-192.95000000000002,97.27021332725406,22.02968295943441,0.5550436623692218,R4-S06
2031,-181.60000000000002,97.27021332725406,22.006015320540968,0.554447349975837,R3-S06
2032,-170.25000000000003,97.27021332725406,21.930866826384968,0.5525539638796918,R3-S06
2033,-158.90000000000003,97.27021332725406,21.789810269980677,0.5490000068022343,R3-S05
2034,-147.55,97.27021332725406,21.64549005433204,0.5453638209708249,R3-S05
2035,-136.20000000000002,97.27021332725406,21.546665748315355,0.5428739165612335,R3-S05
2036,-124.85000000000002,97.27021332725406,21.55043047894199,0.5429687699405894,R3-S05
2037,-113.50000000000001,97.27021332725406,21.73861344188724,0.5477100892387815,R3-S05
2038,-102.15,97.27021332725406,22.071790589265674,0.5561045751893594,R3-S05
2039,-90.80000000000001,97.27021332725406,22.687086573865017,0.5716071195229282,R2-S05
2040,-79.45000000000002,97.27021332725406,23.41882044905256,0.5900433471668572,R2-S05
2041,-68.10000000000001,97.27021332725406,24.17865453094958,0.609187566917349,R2-S05
2042,-56.75000000000001,97.27021332725406,24.718709645783715,0.622794397726977,R2-S05
2043,-45.400000000000006,97.27021332725406,25.098168942420322,0.6323549746137648,R2-S04
2044,-34.050000000000004,97.27021332725406,25.361566523576506,0.638991346021076,R2-S04
2045,-22.700000000000003,97.27021332725406,25.57367882535731,0.6443355713115977,R2-S04
2046,-11.350000000000001,97.27021332725406,25.745185791603614,0.6486567344823284,R2-S04
2047,0.0,97.27021332725406,25.85961784389471,0.651539880168675,R2-S04
2048,11.350000000000001,97.27021332725406,25.707441529439375,0.6477057578593948,R2-S03
2049,22.700000000000003,97.27021332725406,25.565092222879777,0.6441192296014053,R2-S03
2050,34.050000000000004,97.27021332725406,25.354894180058057,0.6388232345693641,R2-S03
2051,45.400000000000006,97.27021332725406,25.090502654065908,0.6321618204602144,R2-S03
2052,56.75000000000001,97.27021332725406,24.713070984962577,0.6226523301829826,R2-S02
2053,68.10000000000001,97.27021332725406,24.148035793537186,0.608416119766621,R2-S02
2054,79.45000000000002,97.27021332725406,23.4511681120078,0.5908583550518468,R2-S02
2055,90.80000000000001,97.27021332725406,22.657292450389303,0.5708564487374478,R2-S02
2056,102.15,97.27021332725406,22.01340594835373,0.5546335587894615,R3-S02
2057,113.50000000000001,97.27021332725406,21.68734392942522,0.5464183403735254,R3-S02
2058,124.85000000000002,97.27021332725406,21.494966819583937,0.5415713484400085,R3-S02
2059,136.20000000000002,97.27021332725406,21.4519856652862,0.5404884269409475,R3-S02
2060,147.55,97.27021332725406,21.575419384785626,0.5435983720026613,R3-S02
2061,158.90000000000003,97.27021332725406,21.613049349839912,0.5445464688798164,R3-S02
2062,170.25000000000003,97.27021332725406,21.789434051063367,0.5489905278675578,R3-S01
2063,181.60000000000002,97.27021332725406,21.894367496551112,0.551634353654601,R3-S01
2064,192.95000000000002,97.27021332725406,21.887067108050424,0.5514504184442032,R4-S01
2065,204.3,97.27021332725406,21.824349401348258,0.5498702293108657,R4-S01
2066,215.65000000000003,97.27021332725406,21.706843769309174,0.5469096439735242,R4-S01
2067,227.00000000000003,97.27021332725406,21.571749047540074,0.5435058968893947,R4-S01
2068,238.35000000000002,97.27021332725406,21.39833379885045,0.5391366540400718,R4-S01
2069,249.70000000000005,97.27021332725406,21.05114915293639,0.5303892454758475,R4-S01
2070,261.05,97.27021332725406,20.6037011853131,0.5191156761227791,R4-S01
2071,272.40000000000003,97.27021332725406,20.196843247591957,0.5088647832600645,R5-S01
2072,283.75000000000006,97.27021332725406,19.69854810413117,0.4963101059241918,R5-S01
2073,295.1,97.27021332725406,19.14125240969641,0.48226889417224517,R5-S01
2074,306.45000000000005,97.27021332725406,18.52915303438133,0.4668468892512303,R5-S01
2075,317.80000000000007,97.27021332725406,17.9357216694072,0.4518952297658655,R5-S01
2076,329.15000000000003,97.27021332725406,17.420386190341038,0.4389112166878569,R5-S01
2077,-323.475,107.09960166020744,17.7625231414732,0.44753144725304106,R5-S06
2078,-312.12500000000006,107.09960166020744,18.229069561345085,0.4592862071389541,R5-S06
2079,-300.77500000000003,107.09960166020744,18.73787346586441,0.4721056554765536,R5-S06
2080,-289.425,107.09960166020744,19.207885959207267,0.48394774399615187,R5-S06
2081,-278.07500000000005,107.09960166020744,19.666815676373954,0.4955105990520019,R5-S06
2082,-266.725,107.09960166020744,20.072777253091104,0.5057389078632175,R5-S06
2083,-255.375,107.09960166020744,20.396614008979988,0.5138980601909798,R4-S06
2084,-244.02500000000003,107.09960166020744,20.66304183710736,0.5206107794685655,R4-S06
2085,-232.675,107.09960166020744,20.915704953383432,0.5269766932069396,R4-S06
2086,-221.32500000000002,107.09960166020744,21.112840022302017,0.5319435631721345,R4-S06
2087,-209.97500000000002,107.09960166020744,21.24155662917617,0.5351866119721888,R4-S06
2088,-198.625,107.09960166020744,21.370114166031726,0.5384256529612428,R4-S06
2089,-187.275,107.09960166020744,21.438084089915854,0.5401381730893388,R4-S06
2090,-175.925,107.09960166020744,21.340944109170785,0.5376907056984325,R3-S05
2091,-164.57500000000002,107.09960166020744,21.12317383337303,0.532203926262863,R3-S05
2092,-153.22500000000002,107.09960166020744,20.999584437139628,0.5290900588848483,R3-S05
2093,-141.875,107.09960166020744,20.793483122026736,0.5238972819860603,R3-S05
2094,-130.525,107.09960166020744,20.728144750283352,0.5222510645070132,R3-S05
2095,-119.17500000000003,107.09960166020744,20.830234700874417,0.5248232476914694,R3-S05
2096,-107.82500000000002,107.09960166020744,21.06612623165516,0.5307665969174896,R3-S05
2097,-96.47500000000001,107.09960166020744,21.61720804835626,0.5446512483838817,R3-S05
2098,-85.12500000000001,107.09960166020744,22.366320454263075,0.5635253326848848,R2-S05
2099,-73.77500000000002,107.09960166020744,23.234700550822424,0.5854043978539286,R2-S05
2100,-62.42500000000001,107.09960166020744,23.959640453944143,0.6036694495828708,R2-S05
2101,-51.075,107.09960166020744,24.550148367652124,0.6185474519438681,R2-S04
2102,-39.72500000000001,107.09960166020744,25.02602299862525,0.6305372385645063,R2-S04
2103,-28.375000000000004,107.09960166020744,25.39664997258513,0.6398752827559872,R2-S04
2104,-17.025000000000002,107.09960166020744,25.70301576619067,0.6475942495890822,R2-S04
2105,-5.675000000000001,107.09960166020744,25.911007188199072,0.6528346482287496,R2-S04
2106,5.675000000000001,107.09960166020744,25.95376854086121,0.6539120317677302,R2-S03
2107,17.025000000000002,107.09960166020744,25.78096356600053,0.6495581649282068,R2-S03
2108,28.375000000000004,107.09960166020744,25.471537759095774,0.6417621002543658,R2-S03
2109,39.72500000000001,107.09960166020744,25.066021078651257,0.631545000721876,R2-S03
2110,51.075,107.09960166020744,24.647243909456215,0.6209937996839561,R2-S03
2111,62.42500000000001,107.09960166020744,24.034920215342435,0.6055661429917469,R2-S02
2112,73.775,107.09960166020744,23.260562158208923,0.586055987861147,R2-S02
2113,85.12500000000001,107.09960166020744,22.39620463884742,0.5642782725837092,R2-S02
2114,96.47500000000001,107.09960166020744,21.584712834533494,0.5438325229159359,R3-S02
2115,107.825,107.09960166020744,20.986755861355785,0.5287668395403322,R3-S02
2116,119.17500000000001,107.09960166020744,20.720770136601214,0.522065259173626,R3-S02
2117,130.52500000000003,107.09960166020744,20.65745494122567,0.5204700161558496,R3-S02
2118,141.87500000000003,107.09960166020744,20.715747312050635,0.5219387077866121,R3-S02
2119,153.22500000000002,107.09960166020744,20.83931951326163,0.52505214193151,R3-S02
2120,164.57500000000005,107.09960166020744,21.019068196824854,0.5295809573400064,R3-S02
2121,175.92500000000004,107.09960166020744,21.201686420971146,0.5341820715790161,R3-S02
2122,187.27500000000003,107.09960166020744,21.185299731660397,0.5337692046273721,R4-S01
2123,198.62500000000003,107.09960166020744,21.247218750312932,0.5353292706050121,R4-S01
2124,209.97500000000002,107.09960166020744,21.140687767113672,0.5326451944347108,R4-S01
2125,221.32500000000005,107.09960166020744,21.04771050383725,0.5303026078064311,R4-S01
2126,232.67500000000004,107.09960166020744,20.89636368629709,0.5264893848903273,R4-S01
2127,244.02500000000003,107.09960166020744,20.65188067113755,0.5203295709533271,R4-S01
2128,255.37500000000006,107.09960166020744,20.347163528889485,0.5126521423252579,R4-S01
2129,266.725,107.09960166020744,20.018115766431446,0.5043616973149773,R5-S01
2130,278.07500000000005,107.09960166020744,19.58886988372421,0.4935467342838048,R5-S01
2131,289.42500000000007,107.09960166020744,19.181296030792613,0.4832778037488691,R5-S01
2132,300.77500000000003,107.09960166020744,18.603417026368593,0.4687179900823531,R5-S01
2133,312.12500000000006,107.09960166020744,18.066468482177203,0.4551894301379996,R5-S01
2134,323.4750000000001,107.09960166020744,17.517037587100646,0.44134637407660987,R5-S01
2135,-329.15000000000003,116.92898999316083,17.382498112952014,0.43795661660246954,R5-S06
2136,-317.80000000000007,116.92898999316083,17.768591762998213,0.4476843477701742,R5-S06
2137,-306.45000000000005,116.92898999316083,18.237706882307364,0.45950382671472323,R5-S06
2138,-295.1,116.92898999316083,18.649679823978282,0.46988359344868436,R5-S06
2139,-283.75000000000006,116.92898999316083,19.08919038297894,0.4809571777016614,R5-S06
2140,-272.40000000000003,116.92898999316083,19.433419038806218,0.48963010931736506,R5-S06
2141,-261.05,116.92898999316083,19.724942742373877,0.4969751257841743,R5-S06
2142,-249.70000000000005,116.92898999316083,19.934949664272697,0.5022663054742428,R4-S06
2143,-238.35000000000002,116.92898999316083,20.222887993090282,0.5095209874802289,R4-S06
2144,-227.00000000000003,116.92898999316083,20.438716365795205,0.5149588401560898,R4-S06
2145,-215.65000000000003,116.92898999316083,20.555507579652538,0.5179014255392426,R4-S06
2146,-204.3,116.92898999316083,20.770758656711262,0.5233247330993012,R4-S06
2147,-192.95000000000002,116.92898999316083,20.763726294780234,0.5231475508888949,R4-S05
2148,-181.60000000000002,116.92898999316083,20.655527279490727,0.5204214482109027,R4-S05
2149,-170.25000000000003,116.92898999316083,20.48141630762624,0.5160346764330119,R3-S05
2150,-158.90000000000003,116.92898999316083,20.275644651067253,0.5108502053682856,R3-S05
2151,-147.55,116.92898999316083,20.08262904669496,0.5059871263969504,R3-S05
2152,-136.20000000000002,116.92898999316083,19.96477997873409,0.503017888101136,R3-S05
2153,-124.85000000000002,116.92898999316083,19.99697195734005,0.5038289734779554,R3-S05
2154,-113.50000000000001,116.92898999316083,20.19965030967866,0.5089355079284117,R3-S05
2155,-102.15,116.92898999316083,20.681199382282653,0.521068263599966,R3-S05
2156,-90.80000000000001,116.92898999316083,21.429101290152943,0.5399118490842264,R3-S05
2157,-79.45000000000002,116.92898999316083,22.318665030174895,0.5623246417277625,R3-S05
2158,-68.10000000000001,116.92898999316083,23.148748017609037,0.5832388011491317,R2-S05
2159,-56.75000000000001,116.92898999316083,23.834980239123183,0.6005286026486063,R2-S04
2160,-45.400000000000006,116.92898999316083,24.46314302815778,0.6163553295076287,R2-S04
2161,-34.050000000000004,116.92898999316083,25.002580036309624,0.6299465869566547,R2-S04
2162,-22.700000000000003,116.92898999316083,25.605634840240334,0.6451407115202906,R2-S04
2163,-11.350000000000001,116.92898999316083,25.96268320444174,0.6541366390637878,R2-S04
2164,0.0,116.92898999316083,26.097847736982562,0.6575421450486915,R2-S04
2165,11.350000000000001,116.92898999316083,26.045578903049464,0.6562252180158595,R2-S03
2166,22.700000000000003,116.92898999316083,25.656344111837118,0.6464183449694412,R2-S03
2167,34.050000000000004,116.92898999316083,25.181103096185193,0.6344445224536456,R2-S03
2168,45.400000000000006,116.92898999316083,24.621042763883455,0.6203336549227376,R2-S03
2169,56.75000000000001,116.92898999316083,23.923366586882135,0.602755519951679,R2-S03
2170,68.10000000000001,116.92898999316083,23.1888682926806,0.5842496420428471,R2-S02
2171,79.45000000000002,116.92898999316083,22.381041365449672,0.5638962299181072,R3-S02
2172,90.80000000000001,116.92898999316083,21.488922061303953,0.5414190491636168,R3-S02
2173,102.15,116.92898999316083,20.623963211391843,0.5196261832046319,R3-S02
2174,113.50000000000001,116.92898999316083,20.05091576110649,0.5051881018167421,R3-S02
2175,124.85000000000002,116.92898999316083,19.876474581715858,0.5007930103732895,R3-S02
2176,136.20000000000002,116.92898999316083,19.814928359743377,0.4992423371061572,R3-S02
2177,147.55,116.92898999316083,19.96578314333597,0.5030431630974042,R3-S02
2178,158.90000000000003,116.92898999316083,20.149982077393272,0.5076841037388076,R3-S02
2179,170.25000000000003,116.92898999316083,20.349414365124954,0.5127088527368343,R3-S02
2180,181.60000000000002,116.92898999316083,20.44114201280344,0.5150199549711121,R4-S02
2181,192.95000000000002,116.92898999316083,20.527239228226353,0.5171891969822715,R4-S02
2182,204.3,116.92898999316083,20.580289226994335,0.5185258056687916,R4-S01
2183,215.65000000000003,116.92898999316083,20.52883584348316,0.5172294241240404,R4-S01
2184,227.00000000000003,116.92898999316083,20.402017682054044,0.5140342071568165,R4-S01
2185,238.35000000000002,116.92898999316083,20.20747818414632,0.5091327332866294,R4-S01
2186,249.70000000000005,116.92898999316083,19.92839155428811,0.502101072166493,R4-S01
2187,261.05,116.92898999316083,19.731128529965016,0.4971309783311922,R5-S01
2188,272.40000000000003,116.92898999316083,19.387937272636844,0.4884841842438106,R5-S01
2189,283.75000000000006,116.92898999316083,19.03060145515124,0.47948101423913425,R5-S01
2190,295.1,116.92898999316083,18.578138925914576,0.46808110168593037,R5-S01
2191,306.45000000000005,116.92898999316083,18.190725777840793,0.4583201254180094,R5-S01
2192,317.80000000000007,116.92898999316083,17.56819816663922,0.4426353783481789,R5-S01
2193,329.15000000000003,116.92898999316083,17.181148915726542,0.4328835705650427,R5-S01
2194,-323.475,126.75837832611418,17.318169364349643,0.4363358368442843,R5-S06
2195,-312.12500000000006,126.75837832611418,17.75354690554068,0.4473052886253636,R5-S06
2196,-300.77500000000003,126.75837832611418,18.146804654184923,0.4572135211434851,R5-S06
2197,-289.425,126.75837832611418,18.497104854937348,0.46603942693215794,R5-S06
2198,-278.07500000000005,126.75837832611418,18.84812127359692,0.47488337801957475,R5-S06
2199,-266.725,126.75837832611418,19.101697499086388,0.4812722977849934,R5-S06
2200,-255.375,126.75837832611418,19.326802719933827,0.4869438830923111,R5-S06
2201,-244.02500000000003,126.75837832611418,19.550568728899698,0.49258172660367094,R4-S06
2202,-232.675,126.75837832611418,19.80449450221128,0.4989794533185004,R4-S06
2203,-221.32500000000002,126.75837832611418,20.016309315642058,0.5043161833117172,R4-S06
2204,-209.97500000000002,126.75837832611418,20.138597771893835,0.5073972731643698,R4-S05
2205,-198.625,126.75837832611418,20.113964070545443,0.5067766205730775,R4-S05
2206,-187.275,126.75837832611418,20.05312390317493,0.5052437365375393,R4-S05
2207,-175.925,126.75837832611418,19.830185302477307,0.49962673979534666,R4-S05
2208,-164.57500000000002,126.75837832611418,19.638780187692923,0.49480423753320546,R3-S05
2209,-153.22500000000002,126.75837832611418,19.351854478187917,0.4875750687374129,R3-S05
2210,-141.875,126.75837832611418,19.213775004960386,0.48409612005443153,R3-S05
2211,-130.525,126.75837832611418,19.162425312265036,0.48280235102708585,R3-S05
2212,-119.17500000000003,126.75837832611418,19.309976080262444,0.4865199314754962,R3-S05
2213,-107.82500000000002,126.75837832611418,19.83076397237967,0.49964131953589497,R3-S05
2214,-96.47500000000001,126.75837832611418,20.574263526123016,0.5183739865488288,R3-S05
2215,-85.12500000000001,126.75837832611418,21.510346716364253,0.5419588489887693,R3-S05
2216,-73.77500000000002,126.75837832611418,22.347243045647723,0.5630446723519205,R3-S05
2217,-62.42500000000001,126.75837832611418,23.14809041028036,0.5832222325593439,R3-S04
2218,-51.075,126.75837832611418,23.852502128966645,0.6009700712765594,R2-S04
2219,-39.72500000000001,126.75837832611418,24.512622950540262,0.6176019891796488,R2-S04
2220,-28.375000000000004,126.75837832611418,25.267433058205444,0.6366196285766048,R2-S04
2221,-17.025000000000002,126.75837832611418,25.82713169841835,0.6507213831801045,R2-S04
2222,-5.675000000000001,126.75837832611418,26.133220350965683,0.6584333673712695,R2-S04
2223,5.675000000000001,126.75837832611418,26.114391231336185,0.6579589627446759,R2-S03
2224,17.025000000000002,126.75837832611418,25.838706629603088,0.6510130166188736,R2-S03
2225,28.375000000000004,126.75837832611418,25.301639819026793,0.6374814769218139,R2-S03
2226,39.72500000000001,126.75837832611418,24.661809259137485,0.6213607775040939,R2-S03
2227,51.075,126.75837832611418,23.975687040116185,0.6040737475463892,R2-S03
2228,62.42500000000001,126.75837832611418,23.268177524441835,0.5862478590184388,R3-S03
2229,73.775,126.75837832611418,22.396068850662115,0.5642748513646287,R3-S02
2230,85.12500000000001,126.75837832611418,21.555697214738142,0.543101466735655,R3-S02
2231,96.47500000000001,126.75837832611418,20.591991417581152,0.518820645441702,R3-S02
2232,107.825,126.75837832611418,19.751874266754356,0.49765367263175503,R3-S02
2233,119.17500000000001,126.75837832611418,19.190232568360965,0.4835029621658092,R3-S02
2234,130.52500000000003,126.75837832611418,19.02387672129305,0.47931158279901864,R3-S02
2235,141.87500000000003,126.75837832611418,19.069414304470975,0.4804589141967996,R3-S02
2236,153.22500000000002,126.75837832611418,19.256625337690284,0.4851757454696469,R3-S02
2237,164.57500000000005,126.75837832611418,19.461201780639108,0.4903301028127767,R3-S02
2238,175.92500000000004,126.75837832611418,19.632767608047253,0.49465274900597767,R4-S02
2239,187.27500000000003,126.75837832611418,19.789330843897545,0.4985974009548387,R4-S02
2240,198.62500000000003,126.75837832611418,19.88609562045814,0.5010354149775293,R4-S02
2241,209.97500000000002,126.75837832611418,19.913318854230962,0.5017213115200545,R4-S02
2242,221.32500000000005,126.75837832611418,19.87051368158894,0.5006428239251434,R4-S01
2243,232.67500000000004,126.75837832611418,19.823573991023586,0.49946016606257465,R4-S01
2244,244.02500000000003,126.75837832611418,19.605924234182332,0.49397642313384565,R4-S01
2245,255.37500000000006,126.75837832611418,19.40515706220066,0.48891804137567807,R5-S01
2246,266.725,126.75837832611418,19.15035339710187,0.4824981959461293,R5-S01
2247,278.07500000000005,126.75837832611418,18.8063820649337,0.47383174766776776,R5-S01
2248,289.42500000000007,126.75837832611418,18.48576942578188,0.46575382781007507,R5-S01
2249,300.77500000000003,126.75837832611418,18.09951643251433,0.45602208194795496,R5-S01
2250,312.12500000000006,126.75837832611418,17.685779576290184,0.44559787292240327,R5-S01
2251,323.4750000000001,126.75837832611418,17.225515875351544,0.4340014077941936,R5-S01
2252,-317.80000000000007,136.58776665906757,17.294604472526547,0.43574211319038925,R5-S06
2253,-306.45000000000005,136.58776665906757,17.650901990443327,0.44471912296405464,R5-S06
2254,-295.1,136.58776665906757,17.961232877090644,0.45253799136030853,R5-S06
2255,-283.75000000000006,136.58776665906757,18.245276803058424,0.4596945528611344,R5-S06
2256,-272.40000000000003,136.58776665906757,18.50231485814137,0.46617069433462766,R5-S06
2257,-261.05,136.58776665906757,18.77218745547179,0.47297020547925905,R5-S06
2258,-249.70000000000005,136.58776665906757,18.993874907559363,0.47855567920280584,R5-S06
2259,-238.35000000000002,136.58776665906757,19.23223699446143,0.4845612747407768,R4-S06
2260,-227.00000000000003,136.58776665906757,19.508838781183837,0.49153032958387094,R4-S05
2261,-215.65000000000003,136.58776665906757,19.603888618876738,0.493925135270263,R4-S05
2262,-204.3,136.58776665906757,19.569957028484648,0.4930702199164689,R4-S05
2263,-192.95000000000002,136.58776665906757,19.464247468974236,0.4904068397322811,R4-S05
2264,-181.60000000000002,136.58776665906757,19.238057680574855,0.4847079284599359,R4-S05
2265,-170.25000000000003,136.58776665906757,18.95287410132555,0.47752265309462205,R4-S05
2266,-158.90000000000003,136.58776665906757,18.66308332508597,0.47022129818810715,R3-S05
2267,-147.55,136.58776665906757,18.433660491162723,0.46444092948255794,R3-S05
2268,-136.20000000000002,136.58776665906757,18.386897728522328,0.46326272936564195,R3-S05
2269,-124.85000000000002,136.58776665906757,18.463481670771355,0.46519228195443074,R3-S05
2270,-113.50000000000001,136.58776665906757,18.977704792136667,0.4781482688872932,R3-S05
2271,-102.15,136.58776665906757,19.70602538667512,0.496498498026584,R3-S05
2272,-90.80000000000001,136.58776665906757,20.700469280887322,0.521553773768892,R3-S05
2273,-79.45000000000002,136.58776665906757,21.62506448984511,0.5448491934957196,R3-S05
2274,-68.10000000000001,136.58776665906757,22.49636066660526,0.5668017300731988,R3-S04
2275,-56.75000000000001,136.58776665906757,23.194422676394936,0.5843895862029462,R3-S04
2276,-45.400000000000006,136.58776665906757,23.92956205411635,0.6029116163798526,R3-S04
2277,-34.050000000000004,136.58776665906757,24.771863442030863,0.6241336216183135,R3-S04
2278,-22.700000000000003,136.58776665906757,25.50508269495094,0.6426072737452996,R2-S04
2279,-11.350000000000001,136.58776665906757,25.960930848177306,0.6540924879863267,R2-S04
2280,0.0,136.58776665906757,26.13734703370436,0.6585373402293867,R2-S04
2281,11.350000000000001,136.58776665906757,25.947670419713234,0.6537583879998295,R2-S03
2282,22.700000000000003,136.58776665906757,25.48550992037419,0.6421141325365128,R2-S03
2283,34.050000000000004,136.58776665906757,24.89760219333458,0.6273016425632296,R3-S03
2284,45.400000000000006,136.58776665906757,24.15345386169001,0.6085526294202573,R3-S03
2285,56.75000000000001,136.58776665906757,23.39971854329585,0.5895620696219666,R3-S03
2286,68.10000000000001,136.58776665906757,22.5283153926751,0.5676068378099043,R3-S03
2287,79.45000000000002,136.58776665906757,21.691142549171275,0.5465140475981677,R3-S02
2288,90.80000000000001,136.58776665906757,20.75927731216721,0.5230354576005848,R3-S02
2289,102.15,136.58776665906757,19.74840522249217,0.49756626914820284,R3-S02
2290,113.50000000000001,136.58776665906757,18.912515736989985,0.47650581347921356,R3-S02
2291,124.85000000000002,136.58776665906757,18.350073264713,0.4623349273044344,R3-S02
2292,136.20000000000002,136.58776665906757,18.254033606511552,0.45991518282971916,R3-S02
2293,147.55,136.58776665906757,18.30980584663551,0.4613203791039433,R3-S02
2294,158.90000000000003,136.58776665906757,18.522100357823586,0.4666691952084552,R3-S02
2295,170.25000000000003,136.58776665906757,18.758881106399333,0.4726349485109432,R4-S02
2296,181.60000000000002,136.58776665906757,19.035907968045123,0.4796147132286501,R4-S02
2297,192.95000000000002,136.58776665906757,19.164360793187065,0.4828511159785101,R4-S02
2298,204.3,136.58776665906757,19.296465831335922,0.4861795371966723,R4-S02
2299,215.65000000000003,136.58776665906757,19.39741703517151,0.488723029356803,R4-S02
2300,227.00000000000003,136.58776665906757,19.40299926728592,0.48886367516467427,R4-S02
2301,238.35000000000002,136.58776665906757,19.2215948585927,0.4842931433255908,R4-S01
2302,249.70000000000005,136.58776665906757,18.97135191928695,0.4779882065831935,R5-S01
2303,261.05,136.58776665906757,18.813013897914075,0.4739988384458069,R5-S01
2304,272.40000000000003,136.58776665906757,18.56086391859562,0.4676458533281839,R5-S01
2305,283.75000000000006,136.58776665906757,18.26681834391831,0.46023729765478233,R5-S01
2306,295.1,136.58776665906757,17.951018184304633,0.4522806294861334,R5-S01
2307,306.45000000000005,136.58776665906757,17.632056923279514,0.4442443165351352,R5-S01
2308,317.80000000000007,136.58776665906757,17.235271818400648,0.4342472113479629,R5-S01
2309,-312.12500000000006,146.41715499202095,17.17914887772495,0.4328331790810015,R5-S06
2310,-300.77500000000003,146.41715499202095,17.498646329052427,0.4408830014878415,R5-S06
2311,-289.425,146.41715499202095,17.755601653855024,0.4473570585501392,R5-S06
2312,-278.07500000000005,146.41715499202095,18.047482651470283,0.45471107713454983,R5-S06
2313,-266.725,146.41715499202095,18.270052627129566,0.46031878627184597,R5-S06
2314,-255.375,146.41715499202095,18.50723045145729,0.46629454400245124,R5-S06
2315,-244.02500000000003,146.41715499202095,18.786139429328735,0.47332172913400694,R5-S05
2316,-232.675,146.41715499202095,18.97003330115175,0.47795498365209754,R4-S05
2317,-221.32500000000002,146.41715499202095,19.034438256572383,0.4795776834611334,R4-S05
2318,-209.97500000000002,146.41715499202095,18.983109803468963,0.47828444957089855,R4-S05
2319,-198.625,146.41715499202095,18.899224054898912,0.47617092604935535,R4-S05
2320,-187.275,146.41715499202095,18.65642040104013,0.47005342406248757,R4-S05
2321,-175.925,146.41715499202095,18.34799341438474,0.462282524927809,R4-S05
2322,-164.57500000000002,146.41715499202095,18.004897374801903,0.4536381298765912,R4-S05
2323,-153.22500000000002,146.41715499202095,17.718957276477344,0.44643379381399206,R4-S05
2324,-141.875,146.41715499202095,17.60941192103582,0.44367376974139133,R3-S05
2325,-130.525,146.41715499202095,17.70383308031224,0.44605273570955506,R3-S05
2326,-119.17500000000003,146.41715499202095,18.166728852864285,0.4577155165750639,R3-S05
2327,-107.82500000000002,146.41715499202095,18.901756484383597,0.4762347312769866,R3-S05
2328,-96.47500000000001,146.41715499202095,19.889361239337813,0.5011176931050092,R3-S05
2329,-85.12500000000001,146.41715499202095,20.88507009728897,0.526204839941773,R3-S05
2330,-73.77500000000002,146.41715499202095,21.742439206981015,0.5478064803976068,R3-S04
2331,-62.42500000000001,146.41715499202095,22.616580675666125,0.5698307048542738,R3-S04
2332,-51.075,146.41715499202095,23.405025179170533,0.589695771710016,R3-S04
2333,-39.72500000000001,146.41715499202095,24.197085338862795,0.6096519359753791,R3-S04
2334,-28.375000000000004,146.41715499202095,25.028708989520485,0.6306049128123076,R3-S04
2335,-17.025000000000002,146.41715499202095,25.71219756941085,0.6478255875386962,R3-S04
2336,-5.675000000000001,146.41715499202095,26.107397745868173,0.6577827600369911,R3-S04
2337,5.675000000000001,146.41715499202095,26.1015336455293,0.6576350124849912,R3-S03
2338,17.025000000000002,146.41715499202095,25.741045977477633,0.6485524307754506,R3-S03
2339,28.375000000000004,146.41715499202095,25.103704074255628,0.632494433717703,R3-S03
2340,39.72500000000001,146.41715499202095,24.311902330287207,0.6125447803045404,R3-S03
2341,51.075,146.41715499202095,23.592880828860594,0.5944288442645652,R3-S03
2342,62.42500000000001,146.41715499202095,22.694601222678994,0.5717964530783319,R3-S03
2343,73.775,146.41715499202095,21.87170186699429,0.5510632871502719,R3-S03
2344,85.12500000000001,146.41715499202095,20.92242345889221,0.5271459677221519,R3-S02
2345,96.47500000000001,146.41715499202095,19.98050831373733,0.503414167642664,R3-S02
2346,107.825,146.41715499202095,18.926073646458438,0.47684740857794,R3-S02
2347,119.17500000000001,146.41715499202095,18.112893756150292,0.4563591271390852,R3-S02
2348,130.52500000000003,146.41715499202095,17.61258082110087,0.44375361101287153,R3-S02
2349,141.87500000000003,146.41715499202095,17.475037951856486,0.4402881822085283,R3-S02
2350,153.22500000000002,146.41715499202095,17.585939177997403,0.4430823678003881,R4-S02
2351,164.57500000000005,146.41715499202095,17.834822088841232,0.44935303826760475,R4-S02
2352,175.92500000000004,146.41715499202095,18.185730633277934,0.45819427143557406,R4-S02
2353,187.27500000000003,146.41715499202095,18.459856438427778,0.46510094327104506,R4-S02
2354,198.62500000000003,146.41715499202095,18.649088586192025,0.46986869705699236,R4-S02
2355,209.97500000000002,146.41715499202095,18.819963755582606,0.47417394193959705,R4-S02
2356,221.32500000000005,146.41715499202095,18.88454772293684,0.47580115200143214,R4-S02
2357,232.67500000000004,146.41715499202095,18.875303173412917,0.4755682331421748,R4-S02
2358,244.02500000000003,146.41715499202095,18.63691144903464,0.46956189088018746,R5-S02
2359,255.37500000000006,146.41715499202095,18.524034173949868,0.4667179182149123,R5-S01
2360,266.725,146.41715499202095,18.31606182410011,0.46147800010330337,R5-S01
2361,278.07500000000005,146.41715499202095,18.147048563530273,0.4572196665036602,R5-S01
2362,289.42500000000007,146.41715499202095,17.773958088653792,0.4478195537579691,R5-S01
2363,300.77500000000003,146.41715499202095,17.447071733094536,0.43958356596358117,R5-S01
2364,312.12500000000006,146.41715499202095,17.199378622861627,0.43334287283601985,R5-S01
2365,-306.45000000000005,156.2465433249743,17.109169125629254,0.43107002080194645,R5-S06
2366,-295.1,156.2465433249743,17.376315683374763,0.4378008486614957,R5-S06
2367,-283.75000000000006,156.2465433249743,17.633148107013646,0.44427180919661496,R5-S06
2368,-272.40000000000003,156.2465433249743,17.867730874575933,0.45018218378876124,R5-S06
2369,-261.05,156.2465433249743,18.099583496744845,0.4560237716489001,R5-S05
2370,-249.70000000000005,156.2465433249743,18.394668229582344,0.46345850918574816,R5-S05
2371,-238.35000000000002,156.2465433249743,18.497290600086796,0.4660441068301032,R5-S05
2372,-227.00000000000003,156.2465433249743,18.53475112443728,0.46698793460411386,R4-S05
2373,-215.65000000000003,156.2465433249743,18.490147048064756,0.46586412315607856,R4-S05
2374,-204.3,156.2465433249743,18.340391541279686,0.4620909937334262,R4-S05
2375,-192.95000000000002,156.2465433249743,18.071320496055222,0.45531167790514543,R4-S05
2376,-181.60000000000002,156.2465433249743,17.71424631188239,0.44631509982067,R4-S05
2377,-170.25000000000003,156.2465433249743,17.34891211897286,0.4371104086412915,R4-S05
2378,-158.90000000000003,156.2465433249743,17.041286327810575,0.429359695838009,R4-S05
2379,-147.55,156.2465433249743,16.895785446635028,0.4256937628277911,R4-S05
2380,-136.20000000000002,156.2465433249743,16.928088927213334,0.42650765752616115,R3-S05
2381,-124.85000000000002,156.2465433249743,17.37927032291445,0.43787529158262667,R3-S05
2382,-113.50000000000001,156.2465433249743,18.128551101207957,0.45675361807024334,R3-S05
2383,-102.15,156.2465433249743,19.135613509309234,0.48212682059232137,R3-S05
2384,-90.80000000000001,156.2465433249743,20.183250037513165,0.5085222987531662,R3-S05
2385,-79.45000000000002,156.2465433249743,21.036413515881446,0.530017977220495,R3-S04
2386,-68.10000000000001,156.2465433249743,21.965079448721816,0.5534159599073273,R3-S04
2387,-56.75000000000001,156.2465433249743,22.796837330694824,0.574372318737587,R3-S04
2388,-45.400000000000006,156.2465433249743,23.59406679773704,0.5944587250626616,R3-S04
2389,-34.050000000000004,156.2465433249743,24.510190199008644,0.6175406953642893,R3-S04
2390,-22.700000000000003,156.2465433249743,25.294522600078025,0.6373021567165036,R3-S04
2391,-11.350000000000001,156.2465433249743,25.940459245008842,0.6535767005545187,R3-S04
2392,0.0,156.2465433249743,26.117624655705043,0.6580404297229792,R3-S04
2393,11.350000000000001,156.2465433249743,25.9017788146339,0.6526021369270321,R3-S03
2394,22.700000000000003,156.2465433249743,25.377035843321323,0.6393810996049717,R3-S03
2395,34.050000000000004,156.2465433249743,24.598834554087386,0.619774113229715,R3-S03
2396,45.400000000000006,156.2465433249743,23.736001723640914,0.5980348128909275,R3-S03
2397,56.75000000000001,156.2465433249743,22.954353022410775,0.5783409680627558,R3-S03
2398,68.10000000000001,156.2465433249743,22.028916241712658,0.5550243447143527,R3-S03
2399,79.45000000000002,156.2465433249743,21.1281609989102,0.5323295792116453,R3-S03
2400,90.80000000000001,156.2465433249743,20.220702705940887,0.5094659285951345,R3-S02
2401,102.15,156.2465433249743,19.21901701893834,0.4842281939767786,R3-S02
2402,113.50000000000001,156.2465433249743,18.189611852519942,0.45829205977626464,R3-S02
2403,124.85000000000002,156.2465433249743,17.32057203648014,0.4363963728012129,R3-S02
2404,136.20000000000002,156.2465433249743,16.85796772468032,0.4247409353660953,R3-S02
2405,147.55,156.2465433249743,16.771555153850056,0.42256374789241763,R4-S02
2406,158.90000000000003,156.2465433249743,16.885849991574506,0.4254434364216303,R4-S02
2407,170.25000000000003,156.2465433249743,17.274570070536463,0.4352373411573813,R4-S02
2408,181.60000000000002,156.2465433249743,17.617865432926585,0.44388675819920853,R4-S02
2409,192.95000000000002,156.2465433249743,17.971465642431625,0.4527958085772644,R4-S02
2410,204.3,156.2465433249743,18.19708969490299,0.45848046598395037,R4-S02
2411,215.65000000000003,156.2465433249743,18.414008113246354,0.4639457826466706,R4-S02
2412,227.00000000000003,156.2465433249743,18.444958257607407,0.4647255796827263,R4-S02
2413,238.35000000000002,156.2465433249743,18.375319165276228,0.4629710044161307,R5-S02
2414,249.70000000000005,156.2465433249743,18.255972612545698,0.4599640365972713,R5-S02
2415,261.05,156.2465433249743,18.0591330593704,0.45500461222903504,R5-S02
2416,272.40000000000003,156.2465433249743,17.85638958810562,0.44989643709008875,R5-S01
2417,283.75000000000006,156.2465433249743,17.622434116554572,0.44400186738610664,R5-S01
2418,295.1,156.2465433249743,17.34149103874341,0.43692343257101063,R5-S01
2419,306.45000000000005,156.2465433249743,17.028873485809992,0.4290469510156209,R5-S01
2420,-300.77500000000003,166.0759316579277,17.022903851242795,0.42889654450095227,R5-S06
2421,-289.425,166.0759316579277,17.27945025975631,0.4353602988096828,R5-S06
2422,-278.07500000000005,166.0759316579277,17.508093483863696,0.44112102504065753,R5-S05
2423,-266.725,166.0759316579277,17.758693598666344,0.44743496091374013,R5-S05
2424,-255.375,166.0759316579277,17.968625802869045,0.45272425807178246,R5-S05
2425,-244.02500000000003,166.0759316579277,18.050456469338016,0.4547860032587054,R5-S05
2426,-232.675,166.0759316579277,18.076406244633144,0.4554398146795955,R5-S05
2427,-221.32500000000002,166.0759316579277,18.017676294956072,0.45396009813444377,R4-S05
2428,-209.97500000000002,166.0759316579277,17.82970089584186,0.44922400846162414,R4-S05
2429,-198.625,166.0759316579277,17.52131127994638,0.44145405089308093,R4-S05
2430,-187.275,166.0759316579277,17.152393568627257,0.43215907202386644,R4-S05
2431,-175.925,166.0759316579277,16.779359287027933,0.4227603750825884,R4-S05
2432,-164.57500000000002,166.0759316579277,16.45082769004816,0.41448293499743416,R4-S05
2433,-153.22500000000002,166.0759316579277,16.239315551125998,0.40915383096815316,R4-S05
2434,-141.875,166.0759316579277,16.24080257670868,0.40919129696922857,R4-S05
2435,-130.525,166.0759316579277,16.610048450369973,0.41849454397505603,R4-S05
2436,-119.17500000000003,166.0759316579277,17.381032738370912,0.43791969610407944,R3-S05
2437,-107.82500000000002,166.0759316579277,18.399171373576916,0.46357196708432646,R3-S05
2438,-96.47500000000001,166.0759316579277,19.487724630934252,0.4909983530091775,R3-S05
2439,-85.12500000000001,166.0759316579277,20.369163236056142,0.5132064307396358,R3-S04
2440,-73.77500000000002,166.0759316579277,21.339995353286394,0.5376668015441268,R3-S04
2441,-62.42500000000001,166.0759316579277,22.167875394061234,0.5585254571443999,R3-S04
2442,-51.075,166.0759316579277,23.033947427571036,0.5803463700572193,R3-S04
2443,-39.72500000000001,166.0759316579277,23.96148826885168,0.6037160057659784,R3-S04
2444,-28.375000000000004,166.0759316579277,24.87094194343901,0.6266299305477201,R3-S04
2445,-17.025000000000002,166.0759316579277,25.620622783596954,0.6455183366993438,R3-S04
2446,-5.675000000000001,166.0759316579277,26.022993092825214,0.6556561625806303,R3-S04
2447,5.675000000000001,166.0759316579277,26.02245449106029,0.6556425923673543,R3-S03
2448,17.025000000000002,166.0759316579277,25.586585491970922,0.6446607581751304,R3-S03
2449,28.375000000000004,166.0759316579277,24.89253656146699,0.6271740126345928,R3-S03
2450,39.72500000000001,166.0759316579277,24.011665276366003,0.6049802286814312,R3-S03
2451,51.075,166.0759316579277,23.21455320532366,0.5848967801794825,R3-S03
2452,62.42500000000001,166.0759316579277,22.300700986594087,0.5618720329199821,R3-S03
2453,73.775,166.0759316579277,21.402731129681836,0.539247445948144,R3-S03
2454,85.12500000000001,166.0759316579277,20.48827640539152,0.5162075184024066,R3-S03
2455,96.47500000000001,166.0759316579277,19.530770898886562,0.4920829150639094,R3-S02
2456,107.825,166.0759316579277,18.463229256680062,0.4651859223149424,R3-S02
2457,119.17500000000001,166.0759316579277,17.419705380367898,0.4388940635013328,R3-S02
2458,130.52500000000003,166.0759316579277,16.62810409568431,0.4189494607126307,R4-S02
2459,141.87500000000003,166.0759316579277,16.15822711159828,0.4071107863844364,R4-S02
2460,153.22500000000002,166.0759316579277,16.073473718067582,0.404975402319667,R4-S02
2461,164.57500000000005,166.0759316579277,16.285930817116604,0.41032831486814325,R4-S02
2462,175.92500000000004,166.0759316579277,16.69634213440499,0.4206687360646256,R4-S02
2463,187.27500000000003,166.0759316579277,17.059506710455107,0.42981876317599166,R4-S02
2464,198.62500000000003,166.0759316579277,17.482624928357563,0.44047933807905176,R4-S02
2465,209.97500000000002,166.0759316579277,17.738077045046346,0.4469155214171415,R4-S02
2466,221.32500000000005,166.0759316579277,17.87644248791943,0.45040167518063573,R4-S02
2467,232.67500000000004,166.0759316579277,17.913771126240604,0.4513421800514136,R5-S02
2468,244.02500000000003,166.0759316579277,17.929933243490083,0.45174938885084615,R5-S02
2469,255.37500000000006,166.0759316579277,17.87099379491149,0.4502643939257116,R5-S02
2470,266.725,166.0759316579277,17.611080936129635,0.4437158210161158,R5-S02
2471,278.07500000000005,166.0759316579277,17.43690526470024,0.4393274191156523,R5-S02
2472,289.42500000000007,166.0759316579277,17.192652149226266,0.4331733975617603,R5-S01
2473,300.77500000000003,166.0759316579277,16.962064738116954,0.42736368702738614,R5-S01
2474,-295.1,175.90531999088108,16.904077387287536,0.4259026804557203,R5-S05
2475,-283.75000000000006,175.90531999088108,17.16231361362002,0.4324090101693127,R5-S05
2476,-272.40000000000003,175.90531999088108,17.423545074238753,0.43899080559936393,R5-S05
2477,-261.05,175.90531999088108,17.610141551720154,0.44369215297858794,R5-S05
2478,-249.70000000000005,175.90531999088108,17.658924536070355,0.44492125311338765,R5-S05
2479,-238.35000000000002,175.90531999088108,17.61584264781522,0.4438357935957476,R5-S05
2480,-227.00000000000003,175.90531999088108,17.546179910475892,0.4420806225869462,R5-S05
2481,-215.65000000000003,175.90531999088108,17.3119199087703,0.43617838016554045,R4-S05
2482,-204.3,175.90531999088108,17.045700945946844,0.42947092330427933,R4-S05
2483,-192.95000000000002,175.90531999088108,16.604072375336777,0.41834397519115085,R4-S05
2484,-181.60000000000002,175.90531999088108,16.210333673548227,0.40842362493192813,R4-S05
2485,-170.25000000000003,175.90531999088108,15.854604789675268,0.3994609420427127,R4-S05
2486,-158.90000000000003,175.90531999088108,15.585110285002042,0.39267095704212757,R4-S05
2487,-147.55,175.90531999088108,15.585174286781246,0.3926725695838057,R4-S05
2488,-136.20000000000002,175.90531999088108,15.947329221508996,0.40179715851622566,R4-S05
2489,-124.85000000000002,175.90531999088108,16.724175650977774,0.42137000884297743,R4-S05
2490,-113.50000000000001,175.90531999088108,17.682345227426634,0.44551134359855465,R3-S05
2491,-102.15,175.90531999088108,18.7300276270977,0.47190797750309155,R3-S05
2492,-90.80000000000001,175.90531999088108,19.704289258936367,0.4964547558311002,R3-S04
2493,-79.45000000000002,175.90531999088108,20.621946792654597,0.5195753790036431,R3-S04
2494,-68.10000000000001,175.90531999088108,21.470731658798897,0.5409607371831419,R3-S04
2495,-56.75000000000001,175.90531999088108,22.375035278901137,0.5637449049861712,R3-S04
2496,-45.400000000000006,175.90531999088108,23.273298073099948,0.5863768725900718,R3-S04
2497,-34.050000000000004,175.90531999088108,24.207198548302713,0.6099067409499298,R3-S04
2498,-22.700000000000003,175.90531999088108,25.08890942902844,0.6321216787359144,R3-S04
2499,-11.350000000000001,175.90531999088108,25.709726633258406,0.6477633316517614,R3-S04
2500,0.0,175.90531999088108,25.888658132107135,0.6522715578762192,R3-S04
2501,11.350000000000001,175.90531999088108,25.722131340286705,0.6480758715113809,R3-S03
2502,22.700000000000003,175.90531999088108,25.130033742047583,0.6331578166300726,R3-S03
2503,34.050000000000004,175.90531999088108,24.30966244922488,0.6124883459114356,R3-S03
2504,45.400000000000006,175.90531999088108,23.389463367734756,0.5893036877736144,R3-S03
2505,56.75000000000001,175.90531999088108,22.561373467866698,0.5684397447182338,R3-S03
2506,68.10000000000001,175.90531999088108,21.64851716009877,0.5454400896976259,R3-S03
2507,79.45000000000002,175.90531999088108,20.78208580808785,0.5236101236605657,R3-S03
2508,90.80000000000001,175.90531999088108,19.824848067308498,0.49949226675002517,R3-S03
2509,102.15,175.90531999088108,18.822055842316765,0.47422665261569075,R3-S02
2510,113.50000000000001,175.90531999088108,17.76619908260126,0.447624063557603,R3-S02
2511,124.85000000000002,175.90531999088108,16.760859530601138,0.42229426884860516,R4-S02
2512,136.20000000000002,175.90531999088108,15.945872029594062,0.40176044418226414,R4-S02
2513,147.55,175.90531999088108,15.494297862791312,0.39038291415448,R4-S02
2514,158.90000000000003,175.90531999088108,15.458447485196903,0.389479654451925,R4-S02
2515,170.25000000000003,175.90531999088108,15.678822758257962,0.39503206747941455,R4-S02
2516,181.60000000000002,175.90531999088108,16.09354752591039,0.4054811671935095,R4-S02
2517,192.95000000000002,175.90531999088108,16.51117362212169,0.4160033666445374,R4-S02
2518,204.3,175.90531999088108,16.97517232911761,0.4276939362337518,R4-S02
2519,215.65000000000003,175.90531999088108,17.227321212580563,0.4340468937410069,R4-S02
2520,227.00000000000003,175.90531999088108,17.412981498729593,0.43872465353312157,R5-S02
2521,238.35000000000002,175.90531999088108,17.499359514590903,0.4409009703852584,R5-S02
2522,249.70000000000005,175.90531999088108,17.543222997710064,0.44200612239128406,R5-S02
2523,261.05,175.90531999088108,17.45553649816187,0.4397968379481449,R5-S02
2524,272.40000000000003,175.90531999088108,17.29217103872621,0.4356808021850897,R5-S02
2525,283.75000000000006,175.90531999088108,17.082165634229476,0.43038966072636625,R5-S02
2526,295.1,175.90531999088108,16.85722013634146,0.4247220996810648,R5-S02
2527,-289.425,185.73470832383447,16.781071777709332,0.4228035217361888,R5-S05
2528,-278.07500000000005,185.73470832383447,17.06900690383303,0.4300581230494591,R5-S05
2529,-266.725,185.73470832383447,17.207653220429002,0.4335513535003528,R5-S05
2530,-255.375,185.73470832383447,17.23015424970641,0.43411827285730437,R5-S05
2531,-244.02500000000003,185.73470832383447,17.229071737678844,0.4340909986817547,R5-S05
2532,-232.675,185.73470832383447,17.08025477879036,0.4303415162204676,R5-S05
2533,-221.32500000000002,185.73470832383447,16.82939763629254,0.42402110446693225,R5-S05
2534,-209.97500000000002,185.73470832383447,16.476014568991395,0.41511752504387495,R5-S05
2535,-198.625,185.73470832383447,16.077494760795506,0.4050767135498994,R4-S05
2536,-187.275,185.73470832383447,15.646334897183898,0.39421352726590825,R4-S05
2537,-175.925,185.73470832383447,15.2959380425761,0.38538518625790125,R4-S05
2538,-164.57500000000002,185.73470832383447,14.986510971711605,0.37758908973826166,R4-S05
2539,-153.22500000000002,185.73470832383447,15.006381075017256,0.378089722222657,R4-S05
2540,-141.875,185.73470832383447,15.351846184593708,0.3867938066161176,R4-S05
2541,-130.525,185.73470832383447,16.048504361094835,0.4043462927965441,R4-S05
2542,-119.17500000000003,185.73470832383447,17.032324003706645,0.42913388772251565,R4-S05
2543,-107.82500000000002,185.73470832383447,18.065587327811475,0.4551672292217555,R4-S05
2544,-96.47500000000001,185.73470832383447,19.07024470690871,0.4804798364048554,R3-S04
2545,-85.12500000000001,185.73470832383447,20.021062840736285,0.5044359496280243,R3-S04
2546,-73.77500000000002,185.73470832383447,20.826584586664126,0.5247312821029007,R3-S04
2547,-62.42500000000001,185.73470832383447,21.628648830341547,0.5449395018982501,R3-S04
2548,-51.075,185.73470832383447,22.524946362614013,0.5675219542104816,R3-S04
2549,-39.72500000000001,185.73470832383447,23.501385126836144,0.59212358596211,R3-S04
2550,-28.375000000000004,185.73470832383447,24.367958803586756,0.6139571379084595,R3-S04
2551,-17.025000000000002,185.73470832383447,25.16188028502289,0.6339601986652278,R3-S04
2552,-5.675000000000001,185.73470832383447,25.610208592214196,0.6452559484054975,R3-S04
2553,5.675000000000001,185.73470832383447,25.634494208948325,0.6458678309132861,R3-S03
2554,17.025000000000002,185.73470832383447,25.20634499239876,0.635080498674698,R3-S03
2555,28.375000000000004,185.73470832383447,24.484739250501896,0.6168994520156689,R3-S03
2556,39.72500000000001,185.73470832383447,23.55059836766507,0.5933635265221736,R3-S03
2557,51.075,185.73470832383447,22.739685648734064,0.5729323670630906,R3-S03
2558,62.42500000000001,185.73470832383447,21.933743863757634,0.5526264515937928,R3-S03
2559,73.775,185.73470832383447,21.033314312152065,0.5299398919665423,R3-S03
2560,85.12500000000001,185.73470832383447,20.142788134738606,0.5075028504595265,R3-S03
2561,96.47500000000001,185.73470832383447,19.165719117016003,0.482885339305014,R3-S03
2562,107.825,185.73470832383447,18.145569020323375,0.4571823890230127,R4-S02
2563,119.17500000000001,185.73470832383447,17.124017706784024,0.43144413471363124,R4-S02
2564,130.52500000000003,185.73470832383447,16.111807233752735,0.405941225340205,R4-S02
2565,141.87500000000003,185.73470832383447,15.341891839057386,0.3865430042594454,R4-S02
2566,153.22500000000002,185.73470832383447,14.914340358966042,0.3757707321483004,R4-S02
2567,164.57500000000005,185.73470832383447,14.867015765723888,0.37457837656144843,R4-S02
2568,175.92500000000004,185.73470832383447,15.15579519332619,0.38185425027276876,R4-S02
2569,187.27500000000003,185.73470832383447,15.5428016868507,0.3916049807722525,R4-S02
2570,198.62500000000003,185.73470832383447,16.006385008274528,0.4032850846126109,R4-S02
2571,209.97500000000002,185.73470832383447,16.485906379989984,0.41536675182640426,R5-S02
2572,221.32500000000005,185.73470832383447,16.81313716574219,0.4236114176301888,R5-S02
2573,232.67500000000004,185.73470832383447,16.998615304352363,0.42828458816710413,R5-S02
2574,244.02500000000003,185.73470832383447,17.135549145635352,0.4317346723516088,R5-S02
2575,255.37500000000006,185.73470832383447,17.167845030017755,0.432548375661823,R5-S02
2576,266.725,185.73470832383447,17.10638525560071,0.43099988046361076,R5-S02
2577,278.07500000000005,185.73470832383447,16.98298196624851,0.42789070209746816,R5-S02
2578,289.42500000000007,185.73470832383447,16.742840598435755,0.42184027710848465,R5-S02
2579,-283.75000000000006,195.56409665678785,16.69880553253009,0.4207308020289769,R5-S05
2580,-272.40000000000003,195.56409665678785,16.760370124644663,0.4222819381366758,R5-S05
2581,-261.05,195.56409665678785,16.83181937271364,0.424082120753682,R5-S05
2582,-249.70000000000005,195.56409665678785,16.760558578274296,0.4222866862754925,R5-S05
2583,-238.35000000000002,195.56409665678785,16.650975942246987,0.41952572290871726,R5-S05
2584,-227.00000000000003,195.56409665678785,16.404718267533408,0.413321195957002,R5-S05
2585,-215.65000000000003,195.56409665678785,16.077439374648566,0.4050753180813446,R5-S05
2586,-204.3,195.56409665678785,15.545068416340035,0.3916620916185446,R5-S05
2587,-192.95000000000002,195.56409665678785,15.142214523926144,0.3815120817315733,R4-S05
2588,-181.60000000000002,195.56409665678785,14.760410951831929,0.37189244020740564,R4-S05
2589,-170.25000000000003,195.56409665678785,14.446035975812256,0.3639716799146449,R4-S05
2590,-158.90000000000003,195.56409665678785,14.459958201560184,0.36432245405795377,R4-S05
2591,-147.55,195.56409665678785,14.776767305167512,0.37230454283616815,R4-S05
2592,-136.20000000000002,195.56409665678785,15.482015668703538,0.39007346104065355,R4-S05
2593,-124.85000000000002,195.56409665678785,16.398477909503605,0.4131639684934141,R4-S05
2594,-113.50000000000001,195.56409665678785,17.415443772694346,0.43878669117395686,R4-S05
2595,-102.15,195.56409665678785,18.45150553138732,0.46489053996944624,R4-S04
2596,-90.80000000000001,195.56409665678785,19.376670198177536,0.4882003073362947,R4-S04
2597,-79.45000000000002,195.56409665678785,20.201446143804194,0.5089807544420306,R4-S04
2598,-68.10000000000001,195.56409665678785,20.942773082394233,0.527658681844148,R3-S04
2599,-56.75000000000001,195.56409665678785,21.828281166834802,0.5499692911774957,R3-S04
2600,-45.400000000000006,195.56409665678785,22.751634265833907,0.5732334156168786,R3-S04
2601,-34.050000000000004,195.56409665678785,23.572055596503358,0.5939041470522388,R3-S04
2602,-22.700000000000003,195.56409665678785,24.35877692871379,0.6137257981535347,R3-S04
2603,-11.350000000000001,195.56409665678785,24.93780290936786,0.6283145101881548,R3-S04
2604,0.0,195.56409665678785,25.11569359752873,0.6327965129132963,R3-S04
2605,11.350000000000001,195.56409665678785,24.928610388315597,0.6280829021999395,R3-S03
2606,22.700000000000003,195.56409665678785,24.44196401814164,0.6158217187740398,R3-S03
2607,34.050000000000004,195.56409665678785,23.627521919983113,0.5953016356760674,R3-S03
2608,45.400000000000006,195.56409665678785,22.80964966046192,0.5746951287594336,R3-S03
2609,56.75000000000001,195.56409665678785,22.029349775335866,0.5550352677081347,R3-S03
2610,68.10000000000001,195.56409665678785,21.20628304356582,0.5342978846955359,R3-S03
2611,79.45000000000002,195.56409665678785,20.368194944624065,0.5131820343820627,R4-S03
2612,90.80000000000001,195.56409665678785,19.49226696561137,0.491112798327321,R4-S03
2613,102.15,195.56409665678785,18.508244051555234,0.46632008192379026,R4-S03
2614,113.50000000000001,195.56409665678785,17.494050482126752,0.44076720791450624,R4-S02
2615,124.85000000000002,195.56409665678785,16.446699571528143,0.41437892596442794,R4-S02
2616,136.20000000000002,195.56409665678785,15.462266668419419,0.38957587977877095,R4-S02
2617,147.55,195.56409665678785,14.714543380422814,0.37073679466925713,R4-S02
2618,158.90000000000003,195.56409665678785,14.327488071928663,0.3609848342637607,R4-S02
2619,170.25000000000003,195.56409665678785,14.29955058483876,0.3602809419208557,R4-S02
2620,181.60000000000002,195.56409665678785,14.598054184001356,0.36780181869491957,R4-S02
2621,192.95000000000002,195.56409665678785,15.045415605659194,0.37907320749960177,R4-S02
2622,204.3,195.56409665678785,15.481684838023552,0.39006512567456675,R5-S02
2623,215.65000000000003,195.56409665678785,15.990156345151213,0.40287619917236617,R5-S02
2624,227.00000000000003,195.56409665678785,16.3552231913946,0.41207415448210133,R5-S02
2625,238.35000000000002,195.56409665678785,16.60991348114556,0.4184911433899109,R5-S02
2626,249.70000000000005,195.56409665678785,16.73931044724995,0.421751334019903,R5-S02
2627,261.05,195.56409665678785,16.760206100697562,0.4222778055101427,R5-S02
2628,272.40000000000003,195.56409665678785,16.726038553376434,0.4214169451593962,R5-S02
2629,283.75000000000006,195.56409665678785,16.66234624371185,0.4198122006478168,R5-S02
2630,-278.07500000000005,205.39348498974124,16.375523474243632,0.4125856254533543,R5-S05
2631,-266.725,205.39348498974124,16.370051212781213,0.4124477503850142,R5-S05
2632,-255.375,205.39348498974124,16.35689897586513,0.4121163763130544,R5-S05
2633,-244.02500000000003,205.39348498974124,16.223459339252113,0.40875432953520063,R5-S05
2634,-232.675,205.39348498974124,15.999802064574176,0.40311922561285407,R5-S05
2635,-221.32500000000002,205.39348498974124,15.541310304917888,0.39156740501178855,R5-S05
2636,-209.97500000000002,205.39348498974124,15.091245354284283,0.38022790008274837,R5-S05
2637,-198.625,205.39348498974124,14.61057972389758,0.3681174029704606,R5-S05
2638,-187.275,205.39348498974124,14.225516396763636,0.3584156310598044,R4-S05
2639,-175.925,205.39348498974124,13.861252976698967,0.34923791828417655,R4-S05
2640,-164.57500000000002,205.39348498974124,13.876628053783973,0.34962529739944503,R4-S05
2641,-153.22500000000002,205.39348498974124,14.181855071336603,0.357315572470058,R4-S05
2642,-141.875,205.39348498974124,14.86883179491948,0.37462413189517463,R4-S05
2643,-130.525,205.39348498974124,15.826813127611047,0.39876072379972405,R4-S05
2644,-119.17500000000003,205.39348498974124,16.882565699204875,0.42536068781065445,R4-S05
2645,-107.82500000000002,205.39348498974124,17.859578315401905,0.4499767779138802,R4-S04
2646,-96.47500000000001,205.39348498974124,18.772218765563828,0.47297099434527157,R4-S04
2647,-85.12500000000001,205.39348498974124,19.599280912302284,0.49380904288995425,R4-S04
2648,-73.77500000000002,205.39348498974124,20.31110332352449,0.5117435959567773,R4-S04
2649,-62.42500000000001,205.39348498974124,21.098507166690517,0.531582443101298,R4-S04
2650,-51.075,205.39348498974124,21.898998928451643,0.5517510438007469,R4-S04
2651,-39.72500000000001,205.39348498974124,22.67363194567651,0.571268126623243,R3-S04
2652,-28.375000000000004,205.39348498974124,23.479445051393586,0.5915707999847213,R3-S04
2653,-17.025000000000002,205.39348498974124,24.143516470886663,0.6083022542425464,R3-S04
2654,-5.675000000000001,205.39348498974124,24.532874682803246,0.6181122369061035,R3-S04
2655,5.675000000000001,205.39348498974124,24.599339330634198,0.6197868312077147,R3-S03
2656,17.025000000000002,205.39348498974124,24.231679874429656,0.6105235544073988,R3-S03
2657,28.375000000000004,205.39348498974124,23.67268999293205,0.5964396571663404,R3-S03
2658,39.72500000000001,205.39348498974124,22.80974976499,0.5746976509193752,R3-S03
2659,51.075,205.39348498974124,22.040949864384885,0.555327535005918,R4-S03
2660,62.42500000000001,205.39348498974124,21.27765282365721,0.5360960650959237,R4-S03
2661,73.775,205.39348498974124,20.492147580417654,0.5163050536764338,R4-S03
2662,85.12500000000001,205.39348498974124,19.761813925705983,0.4979041049560591,R4-S03
2663,96.47500000000001,205.39348498974124,18.885254467226627,0.4758189586098924,R4-S03
2664,107.825,205.39348498974124,17.899829309435887,0.4509909123062708,R4-S03
2665,119.17500000000001,205.39348498974124,16.925540480307436,0.42644344873538514,R4-S02
2666,130.52500000000003,205.39348498974124,15.829588326713026,0.398830645671782,R4-S02
2667,141.87500000000003,205.39348498974124,14.900202839946163,0.3754145336343201,R4-S02
2668,153.22500000000002,205.39348498974124,14.179237590941373,0.3572496243623425,R4-S02
2669,164.57500000000005,205.39348498974124,13.851771573170323,0.3489990318259089,R4-S02
2670,175.92500000000004,205.39348498974124,13.776879443491886,0.3471121049002743,R4-S02
2671,187.27500000000003,205.39348498974124,14.071736190264009,0.35454109826817864,R4-S02
2672,198.62500000000003,205.39348498974124,14.54086055284037,0.3663608100992787,R5-S02
2673,209.97500000000002,205.39348498974124,14.989947850390973,0.37767568280148583,R5-S02
2674,221.32500000000005,205.39348498974124,15.416878425219412,0.38843231104105347,R5-S02
2675,232.67500000000004,205.39348498974124,15.925837774246936,0.40125567584396415,R5-S02
2676,244.02500000000003,205.39348498974124,16.167094379557295,0.40733419953533123,R5-S02
2677,255.37500000000006,205.39348498974124,16.34850107085639,0.4119047888852706,R5-S02
2678,266.725,205.39348498974124,16.35825499317363,0.4121505415261686,R5-S02
2679,278.07500000000005,205.39348498974124,16.34576097251067,0.41183575138600836,R5-S02
2680,-272.40000000000003,215.22287332269457,15.94909557666665,0.4018416622994873,R5-S05
2681,-261.05,215.22287332269457,15.858394615106258,0.39955642769227157,R5-S05
2682,-249.70000000000005,215.22287332269457,15.778436217450201,0.3975418548110406,R5-S05
2683,-238.35000000000002,215.22287332269457,15.559688489300186,0.39203044820610194,R5-S05
2684,-227.00000000000003,215.22287332269457,15.120596138830514,0.38096740082717345,R5-S05
2685,-215.65000000000003,215.22287332269457,14.638215326770496,0.3688136892610354,R5-S05
2686,-204.3,215.22287332269457,14.113804200055027,0.35560101285097073,R5-S05
2687,-192.95000000000002,215.22287332269457,13.695371486630577,0.3450584904668828,R5-S05
2688,-181.60000000000002,215.22287332269457,13.349668498148265,0.33634841265175774,R5-S05
2689,-170.25000000000003,215.22287332269457,13.338362619914959,0.33606355807293925,R4-S05
2690,-158.90000000000003,215.22287332269457,13.629503669411852,0.34339893346968636,R4-S05
2691,-147.55,215.22287332269457,14.328604564566248,0.3610129645897266,R4-S05
2692,-136.20000000000002,215.22287332269457,15.24478210931499,0.3840962990505163,R4-S05
2693,-124.85000000000002,215.22287332269457,16.301958364151183,0.4107321331355803,R4-S05
2694,-113.50000000000001,215.22287332269457,17.268475276415465,0.43508378121480135,R4-S04
2695,-102.15,215.22287332269457,18.186379168684308,0.45821061145589087,R4-S04
2696,-90.80000000000001,215.22287332269457,19.076110604537654,0.48062762924005176,R4-S04
2697,-79.45000000000002,215.22287332269457,19.692819865179,0.49616578143560097,R4-S04
2698,-68.10000000000001,215.22287332269457,20.391866242945333,0.513778438975695,R4-S04
2699,-56.75000000000001,215.22287332269457,21.07276746834873,0.5309339246245586,R4-S04
2700,-45.400000000000006,215.22287332269457,21.833348248340357,0.5500969576301425,R4-S04
2701,-34.050000000000004,215.22287332269457,22.626023997592373,0.5700686318365425,R4-S04
2702,-22.700000000000003,215.22287332269457,23.319845226180238,0.587549640367353,R4-S04
2703,-11.350000000000001,215.22287332269457,23.80456092391569,0.5997621799928368,R4-S04
2704,0.0,215.22287332269457,24.0028366869855,0.6047577900475057,R4-S04
2705,11.350000000000001,215.22287332269457,23.866640728835574,0.6013262970228161,R4-S03
2706,22.700000000000003,215.22287332269457,23.38584430658048,0.5892125045749681,R4-S03
2707,34.050000000000004,215.22287332269457,22.77090230194527,0.5737188788597952,R4-S03
2708,45.400000000000006,215.22287332269457,21.979800466079272,0.5537868598155523,R4-S03
2709,56.75000000000001,215.22287332269457,21.29564483057923,0.5365493784474485,R4-S03
2710,68.10000000000001,215.22287332269457,20.588989787677317,0.5187450185859742,R4-S03
2711,79.45000000000002,215.22287332269457,19.91662613162379,0.5018046392447415,R4-S03
2712,90.80000000000001,215.22287332269457,19.15946677575369,0.4827278099207279,R4-S03
2713,102.15,215.22287332269457,18.279538960293788,0.46055779693357995,R4-S03
2714,113.50000000000001,215.22287332269457,17.392449444667427,0.4382073430251305,R4-S03
2715,124.85000000000002,215.22287332269457,16.348201718172817,0.4118972466155913,R4-S02
2716,136.20000000000002,215.22287332269457,15.28131899973555,0.38501685562447846,R4-S02
2717,147.55,215.22287332269457,14.314493026017736,0.3606574206605628,R4-S02
2718,158.90000000000003,215.22287332269457,13.567119996455565,0.3418271604045242,R4-S02
2719,170.25000000000003,215.22287332269457,13.255472652923332,0.3339751235304443,R4-S02
2720,181.60000000000002,215.22287332269457,13.262951319950753,0.33416355051526214,R5-S02
2721,192.95000000000002,215.22287332269457,13.612900809823824,0.3429806200509908,R5-S02
2722,204.3,215.22287332269457,14.079079942756222,0.3547261260457602,R5-S02
2723,215.65000000000003,215.22287332269457,14.520373201061707,0.36584462587709016,R5-S02
2724,227.00000000000003,215.22287332269457,14.994015365789505,0.37777816492289,R5-S02
2725,238.35000000000002,215.22287332269457,15.41473694740463,0.3883783559436793,R5-S02
2726,249.70000000000005,215.22287332269457,15.72821677840494,0.39627656282199397,R5-S02
2727,261.05,215.22287332269457,15.891405014173941,0.40038813338810636,R5-S02
2728,272.40000000000003,215.22287332269457,15.94015643997273,0.4016164383968942,R5-S02
2729,-266.725,225.05226165564795,15.49488521960687,0.39039771276409346,R5-S05
2730,-255.375,225.05226165564795,15.337757174550605,0.3864388302985791,R5-S05
2731,-244.02500000000003,225.05226165564795,15.06961572364583,0.37968293584393625,R5-S05
2732,-232.675,225.05226165564795,14.654560459284824,0.3692255091782521,R5-S05
2733,-221.32500000000002,225.05226165564795,14.156280409984081,0.35667121214371583,R5-S05
2734,-209.97500000000002,225.05226165564795,13.643782748631308,0.3437586986301665,R5-S05
2735,-198.625,225.05226165564795,13.225729307166404,0.333225732102958,R5-S05
2736,-187.275,225.05226165564795,12.887153197762832,0.3246952178826614,R5-S05
2737,-175.925,225.05226165564795,12.79507316149606,0.3223752371251212,R5-S05
2738,-164.57500000000002,225.05226165564795,13.132613861846231,0.330879663941704,R4-S05
2739,-153.22500000000002,225.05226165564795,13.753867967273695,0.34653232469825385,R4-S05
2740,-141.875,225.05226165564795,14.724493415648423,0.3709874884265161,R4-S05
2741,-130.525,225.05226165564795,15.710041130338793,0.3958186225834919,R4-S05
2742,-119.17500000000003,225.05226165564795,16.708100095277622,0.420964980984571,R4-S04
2743,-107.82500000000002,225.05226165564795,17.648058451903758,0.4446474792618735,R4-S04
2744,-96.47500000000001,225.05226165564795,18.535132939039134,0.46699755452353575,R4-S04
2745,-85.12500000000001,225.05226165564795,19.13751924395461,0.48217483607847345,R4-S04
2746,-73.77500000000002,225.05226165564795,19.736014810429758,0.49725408945401256,R4-S04
2747,-62.42500000000001,225.05226165564795,20.455283845195982,0.5153762621616524,R4-S04
2748,-51.075,225.05226165564795,21.09139735384822,0.5314033094947901,R4-S04
2749,-39.72500000000001,225.05226165564795,21.759478936311858,0.5482358008644963,R4-S04
2750,-28.375000000000004,225.05226165564795,22.418775785883255,0.5648469585760457,R4-S04
2751,-17.025000000000002,225.05226165564795,22.996315913054943,0.5793982341409661,R4-S04
2752,-5.675000000000001,225.05226165564795,23.272417237562998,0.5863546797068027,R4-S04
2753,5.675000000000001,225.05226165564795,23.34539730926561,0.5881934318283097,R4-S03
2754,17.025000000000002,225.05226165564795,23.01936572675181,0.5799789802658557,R4-S03
2755,28.375000000000004,225.05226165564795,22.51244197594022,0.5672069028959491,R4-S03
2756,39.72500000000001,225.05226165564795,21.82790886334586,0.5499599108930678,R4-S03
2757,51.075,225.05226165564795,21.173013437641508,0.5334596482147017,R4-S03
2758,62.42500000000001,225.05226165564795,20.60060472287436,0.5190376599363659,R4-S03
2759,73.775,225.05226165564795,19.96992679099484,0.5031475633911525,R4-S03
2760,85.12500000000001,225.05226165564795,19.32809037014401,0.4869763257783828,R4-S03
2761,96.47500000000001,225.05226165564795,18.584689267076424,0.4682461392561458,R4-S03
2762,107.825,225.05226165564795,17.774650895184333,0.44783700920091546,R4-S03
2763,119.17500000000001,225.05226165564795,16.807939134858714,0.4234804518734874,R4-S03
2764,130.52500000000003,225.05226165564795,15.742047641310174,0.3966250350544262,R4-S02
2765,141.87500000000003,225.05226165564795,14.705285649757982,0.3705035437076841,R4-S02
2766,153.22500000000002,225.05226165564795,13.764476788028757,0.3467996167303794,R4-S02
2767,164.57500000000005,225.05226165564795,13.054456191604775,0.3289104608617983,R4-S02
2768,175.92500000000004,225.05226165564795,12.736298239731624,0.32089438749638766,R5-S02
2769,187.27500000000003,225.05226165564795,12.760488025828089,0.32150385552602895,R5-S02
2770,198.62500000000003,225.05226165564795,13.111070088080169,0.33033686288939706,R5-S02
2771,209.97500000000002,225.05226165564795,13.593045730988898,0.34248036611209115,R5-S02
2772,221.32500000000005,225.05226165564795,14.049666233240837,0.3539850398901698,R5-S02
2773,232.67500000000004,225.05226165564795,14.498279633113876,0.36528797261561796,R5-S02
2774,244.02500000000003,225.05226165564795,14.945288463310671,0.37655047778560524,R5-S02
2775,255.37500000000006,225.05226165564795,15.289398869119212,0.3852204300609527,R5-S02
2776,266.725,225.05226165564795,15.452107127641202,0.38931990747395323,R5-S02
2777,-249.70000000000005,234.88164998860134,14.667483696863044,0.36955111355160103,R5-S05
2778,-238.35000000000002,234.88164998860134,14.228620962953688,0.35849385142236556,R5-S05
2779,-227.00000000000003,234.88164998860134,13.713846198208708,0.3455239656893099,R5-S05
2780,-215.65000000000003,234.88164998860134,13.183509546509164,0.3321619941171369,R5-S05
2781,-204.3,234.88164998860134,12.754814600618891,0.32136091208412426,R5-S05
2782,-192.95000000000002,234.88164998860134,12.460238234856245,0.31393898298957534,R5-S05
2783,-181.60000000000002,234.88164998860134,12.345192298679814,0.31104037033710796,R5-S05
2784,-170.25000000000003,234.88164998860134,12.653801981029826,0.3188158725379145,R5-S05
2785,-158.90000000000003,234.88164998860134,13.263376774794347,0.3341742699620647,R5-S05
2786,-147.55,234.88164998860134,14.198764610776307,0.35774161276836247,R4-S05
2787,-136.20000000000002,234.88164998860134,15.163586750578471,0.38205056060918297,R4-S05
2788,-124.85000000000002,234.88164998860134,16.18728693372489,0.4078429562540915,R4-S04
2789,-113.50000000000001,234.88164998860134,17.142826483587815,0.43191802679737507,R4-S04
2790,-102.15,234.88164998860134,18.009919701745126,0.45376466872625665,R4-S04
2791,-90.80000000000001,234.88164998860134,18.675769032846723,0.47054091793516567,R4-S04
2792,-79.45000000000002,234.88164998860134,19.225831925500685,0.484399897341917,R4-S04
2793,-68.10000000000001,234.88164998860134,19.794693048078535,0.49873250310099615,R4-S04
2794,-56.75000000000001,234.88164998860134,20.403031138454995,0.5140597414576719,R4-S04
2795,-45.400000000000006,234.88164998860134,21.0225362831506,0.5296683366880978,R4-S04
2796,-34.050000000000004,234.88164998860134,21.609342222197228,0.5444530668228075,R4-S04
2797,-22.700000000000003,234.88164998860134,22.144230760600312,0.5579297243789446,R4-S04
2798,-11.350000000000001,234.88164998860134,22.529475868631774,0.5676360763071749,R4-S04
2799,0.0,234.88164998860134,22.721845752523837,0.5724828861809987,R4-S04
2800,11.350000000000001,234.88164998860134,22.615447108195017,0.5698021443233817,R4-S03
2801,22.700000000000003,234.88164998860134,22.158118873490746,0.5582796390398274,R4-S03
2802,34.050000000000004,234.88164998860134,21.656529092422275,0.5456419524419823,R4-S03
2803,45.400000000000006,234.88164998860134,20.990776643796888,0.5288681442125697,R4-S03
2804,56.75000000000001,234.88164998860134,20.48232225518343,0.5160575020202427,R4-S03
2805,68.10000000000001,234.88164998860134,19.91733171222614,0.5018224165337904,R4-S03
2806,79.45000000000002,234.88164998860134,19.46114053258221,0.4903285596518572,R4-S03
2807,90.80000000000001,234.88164998860134,18.800760241089517,0.4736901043358407,R4-S03
2808,102.15,234.88164998860134,18.088537881415576,0.4557454744624736,R4-S03
2809,113.50000000000001,234.88164998860134,17.238071126731775,0.43431774065839696,R4-S03
2810,124.85000000000002,234.88164998860134,16.236798760750833,0.4090904197720039,R4-S03
2811,136.20000000000002,234.88164998860134,15.184848136707217,0.3825862468306177,R4-S02
2812,147.55,234.88164998860134,14.185474453237763,0.35740676375000663,R4-S02
2813,158.90000000000003,234.88164998860134,13.275111629362833,0.33446993271259345,R5-S02
2814,170.25000000000003,234.88164998860134,12.588338780842188,0.31716650997334817,R5-S02
2815,181.60000000000002,234.88164998860134,12.286393380728253,0.3095589161181218,R5-S02
2816,192.95000000000002,234.88164998860134,12.302280950679933,0.30995920762610063,R5-S02
2817,204.3,234.88164998860134,12.640409615280895,0.3184784483567875,R5-S02
2818,215.65000000000003,234.88164998860134,13.097713230696131,0.3300003333508726,R5-S02
2819,227.00000000000003,234.88164998860134,13.56892200493374,0.3418725624825835,R5-S02
2820,238.35000000000002,234.88164998860134,14.060436430547432,0.3542563978470001,R5-S02
2821,249.70000000000005,234.88164998860134,14.459622022711113,0.3643139839433387,R5-S02
2822,-244.02500000000003,244.71103832155472,13.794250292481761,0.34754976801415377,R5-S05
2823,-232.675,244.71103832155472,13.301745728404873,0.3351409858504629,R5-S05
2824,-221.32500000000002,244.71103832155472,12.760129722719633,0.3214948279848736,R5-S05
2825,-209.97500000000002,244.71103832155472,12.317284804487675,0.3103372336731589,R5-S05
2826,-198.625,244.71103832155472,11.997467084507974,0.3022793420133025,R5-S05
2827,-187.275,244.71103832155472,11.90733339330657,0.30000839993213835,R5-S05
2828,-175.925,244.71103832155472,12.17707023259147,0.30680449061706905,R5-S05
2829,-164.57500000000002,244.71103832155472,12.826097219838026,0.3231568964433869,R5-S05
2830,-153.22500000000002,244.71103832155472,13.691154590912467,0.34495224466899643,R5-S05
2831,-141.875,244.71103832155472,14.648046269316257,0.3690613824468697,R5-S05
2832,-130.525,244.71103832155472,15.659197730606794,0.39453760974066,R4-S04
2833,-119.17500000000003,244.71103832155472,16.636935068967556,0.41917195940961344,R4-S04
2834,-107.82500000000002,244.71103832155472,17.48937117589108,0.4406493115618816,R4-S04
2835,-96.47500000000001,244.71103832155472,18.217280530355197,0.45898917939922396,R4-S04
2836,-85.12500000000001,244.71103832155472,18.651807212693672,0.46993719356748986,R4-S04
2837,-73.77500000000002,244.71103832155472,19.25138493627126,0.48504371217614667,R4-S04
2838,-62.42500000000001,244.71103832155472,19.721990894826877,0.49690075320803423,R4-S04
2839,-51.075,244.71103832155472,20.331442995172242,0.5122560593391847,R4-S04
2840,-39.72500000000001,244.71103832155472,20.891574489923887,0.5263687198267546,R4-S04
2841,-28.375000000000004,244.71103832155472,21.447051586832327,0.540364111535206,R4-S04
2842,-17.025000000000002,244.71103832155472,21.785485885046064,0.5488910527852372,R4-S04
2843,-5.675000000000001,244.71103832155472,22.004255327894455,0.5544030064977188,R4-S04
2844,5.675000000000001,244.71103832155472,22.01313010639484,0.5546266088786808,R4-S03
2845,17.025000000000002,244.71103832155472,21.775485915421328,0.548639100917645,R4-S03
2846,28.375000000000004,244.71103832155472,21.314389823322422,0.5370216634749918,R4-S03
2847,39.72500000000001,244.71103832155472,20.706938534351433,0.5217167683132132,R4-S03
2848,51.075,244.71103832155472,20.224796275085094,0.5095690671475207,R4-S03
2849,62.42500000000001,244.71103832155472,19.803258809133943,0.4989483197060707,R4-S03
2850,73.775,244.71103832155472,19.3421156765904,0.4873296970670295,R4-S03
2851,85.12500000000001,244.71103832155472,18.85821496626545,0.47513769126393174,R4-S03
2852,96.47500000000001,244.71103832155472,18.29743133946429,0.46100860013767425,R4-S03
2853,107.825,244.71103832155472,17.572294769446092,0.44273859333449467,R4-S03
2854,119.17500000000001,244.71103832155472,16.669153535057333,0.41998371214556146,R4-S03
2855,130.52500000000003,244.71103832155472,15.675300190959534,0.3949433154688721,R4-S03
2856,141.87500000000003,244.71103832155472,14.711374624027881,0.37065695701758333,R5-S02
2857,153.22500000000002,244.71103832155472,13.67237736901062,0.3444791476193152,R5-S02
2858,164.57500000000005,244.71103832155472,12.808767316448701,0.3227202649646939,R5-S02
2859,175.92500000000004,244.71103832155472,12.115856781102478,0.30526220158988354,R5-S02
2860,187.27500000000003,244.71103832155472,11.808883265430833,0.2975279230393256,R5-S02
2861,198.62500000000003,244.71103832155472,11.844454626569354,0.29842415284881213,R5-S02
2862,209.97500000000002,244.71103832155472,12.179389272530473,0.3068629194389134,R5-S02
2863,221.32500000000005,244.71103832155472,12.66571713480619,0.3191160779744568,R5-S02
2864,232.67500000000004,244.71103832155472,13.129909990655568,0.33081153919515166,R5-S02
2865,244.02500000000003,244.71103832155472,13.58542208473095,0.34228828633738856,R5-S02
2866,-238.35000000000002,254.5404266545081,12.844152655925948,0.32361180790944694,R5-S05
2867,-227.00000000000003,254.5404266545081,12.354403123619312,0.3112724394965813,R5-S05
2868,-215.65000000000003,254.5404266545081,11.906242298119338,0.29998090950162104,R5-S05
2869,-204.3,254.5404266545081,11.598246119242182,0.2922208646823427,R5-S05
2870,-192.95000000000002,254.5404266545081,11.482837624489687,0.28931311727109316,R5-S05
2871,-181.60000000000002,254.5404266545081,11.746225662655341,0.29594924824024543,R5-S05
2872,-170.25000000000003,254.5404266545081,12.338137873208568,0.3108626322299967,R5-S05
2873,-158.90000000000003,254.5404266545081,13.231323973339059,0.33336669119020057,R5-S05
2874,-147.55,254.5404266545081,14.191741174977144,0.3575646554541987,R5-S05
2875,-136.20000000000002,254.5404266545081,15.160874425258827,0.38198222285862504,R5-S04
2876,-124.85000000000002,254.5404266545081,16.11698053183111,0.4060715679473699,R5-S04
2877,-113.50000000000001,254.5404266545081,16.992345186972745,0.42812661090886234,R4-S04
2878,-102.15,254.5404266545081,17.71046617097086,0.44621985817512877,R4-S04
2879,-90.80000000000001,254.5404266545081,18.196187356224804,0.4584577313233763,R4-S04
2880,-79.45000000000002,254.5404266545081,18.701709785236087,0.4711945020215694,R4-S04
2881,-68.10000000000001,254.5404266545081,19.197856000675504,0.4836950365501513,R4-S04
2882,-56.75000000000001,254.5404266545081,19.678214350349176,0.4957977916439702,R4-S04
2883,-45.400000000000006,254.5404266545081,20.174417994334267,0.5082997730998807,R4-S04
2884,-34.050000000000004,254.5404266545081,20.655685772787766,0.5204254414912514,R4-S04
2885,-22.700000000000003,254.5404266545081,21.01193192678601,0.5294011571374656,R4-S04
2886,-11.350000000000001,254.5404266545081,21.271400758528287,0.5359385426688911,R4-S04
2887,0.0,254.5404266545081,21.376616975863097,0.5385894929670723,R4-S04
2888,11.350000000000001,254.5404266545081,21.315100203481983,0.5370395616901482,R4-S03
2889,22.700000000000003,254.5404266545081,20.946237321627024,0.5277459642637194,R4-S03
2890,34.050000000000004,254.5404266545081,20.517616781042463,0.5169467568919744,R4-S03
2891,45.400000000000006,254.5404266545081,20.01288785911389,0.5042299788136531,R4-S03
2892,56.75000000000001,254.5404266545081,19.613751928993917,0.4941736439655812,R4-S03
2893,68.10000000000001,254.5404266545081,19.213823846699654,0.48409735063491194,R4-S03
2894,79.45000000000002,254.5404266545081,18.754560009792286,0.4725260773442249,R4-S03
2895,90.80000000000001,254.5404266545081,18.357649834316884,0.4625258209704431,R4-S03
2896,102.15,254.5404266545081,17.773507370345836,0.4478081977915303,R4-S03
2897,113.50000000000001,254.5404266545081,17.0904581130661,0.43059859191398586,R4-S03
2898,124.85000000000002,254.5404266545081,16.162815162014176,0.407226383522655,R5-S03
2899,136.20000000000002,254.5404266545081,15.15032791322074,0.381716500711029,R5-S03
2900,147.55,254.5404266545081,14.15933155283507,0.35674808649118345,R5-S02
2901,158.90000000000003,254.5404266545081,13.191745435011642,0.33236949949638805,R5-S02
2902,170.25000000000003,254.5404266545081,12.351023873429673,0.31118729839832887,R5-S02
2903,181.60000000000002,254.5404266545081,11.699407037921379,0.29476964066317407,R5-S02
2904,192.95000000000002,254.5404266545081,11.411734539568046,0.28752165632572557,R5-S02
2905,204.3,254.5404266545081,11.412044137188243,0.2875294567192805,R5-S02
2906,215.65000000000003,254.5404266545081,11.78858745467811,0.29701656474371657,R5-S02
2907,227.00000000000003,254.5404266545081,12.26468374658395,0.3090119361699156,R5-S02
2908,238.35000000000002,254.5404266545081,12.694320494995889,0.3198367471654293,R5-S02
2909,-221.32500000000002,264.3698149874615,11.52965215879523,0.2904926217887435,R5-S05
2910,-209.97500000000002,264.3698149874615,11.249596048222806,0.28343653434675753,R5-S05
2911,-198.625,264.3698149874615,11.132520835732315,0.2804867935432682,R5-S05
2912,-187.275,264.3698149874615,11.36133930132683,0.2862519350296505,R5-S05
2913,-175.925,264.3698149874615,11.940429766499351,0.30084227176869116,R5-S05
2914,-164.57500000000002,264.3698149874615,12.796905991287712,0.32242141575428857,R5-S05
2915,-153.22500000000002,264.3698149874615,13.761227791557952,0.3467177574088675,R5-S05
2916,-141.875,264.3698149874615,14.687413058344145,0.3700532390613289,R5-S04
2917,-130.525,264.3698149874615,15.597596299125996,0.3929855454554295,R5-S04
2918,-119.17500000000003,264.3698149874615,16.535192134165733,0.4166085193793332,R5-S04
2919,-107.82500000000002,264.3698149874615,17.283302004636823,0.4354573445360752,R5-S04
2920,-96.47500000000001,264.3698149874615,17.835966223380524,0.449381865038562,R5-S04
2921,-85.12500000000001,264.3698149874615,18.212484807127346,0.4588683498898299,R4-S04
2922,-73.77500000000002,264.3698149874615,18.67236223591231,0.4704550827894258,R4-S04
2923,-62.42500000000001,264.3698149874615,19.098954612675197,0.48120319003968753,R4-S04
2924,-51.075,264.3698149874615,19.471609101865212,0.4905923180112173,R4-S04
2925,-39.72500000000001,264.3698149874615,19.934372629570486,0.5022517669329929,R4-S04
2926,-28.375000000000004,264.3698149874615,20.288419485235718,0.5111720706786526,R4-S04
2927,-17.025000000000002,264.3698149874615,20.578031354550465,0.5184689179780919,R4-S04
2928,-5.675000000000001,264.3698149874615,20.69023695299805,0.521295967573647,R4-S04
2929,5.675000000000001,264.3698149874615,20.729129028311153,0.5222758636510747,R4-S03
2930,17.025000000000002,264.3698149874615,20.542349895178774,0.5175699142146327,R4-S03
2931,28.375000000000004,264.3698149874615,20.17848121153622,0.5084021469270905,R4-S03
2932,39.72500000000001,264.3698149874615,19.699704895635826,0.4963392515907238,R4-S03
2933,51.075,264.3698149874615,19.353807474374246,0.4876242749905328,R4-S03
2934,62.42500000000001,264.3698149874615,19.064712683606484,0.4803404556212266,R4-S03
2935,73.775,264.3698149874615,18.667906423518364,0.4703428174229873,R4-S03
2936,85.12500000000001,264.3698149874615,18.279976464727714,0.4605688199729835,R4-S03
2937,96.47500000000001,264.3698149874615,17.878944827170542,0.45046472227690965,R5-S03
2938,107.825,264.3698149874615,17.33996095209126,0.4368848816349524,R5-S03
2939,119.17500000000001,264.3698149874615,16.58928518727632,0.4179714080946415,R5-S03
2940,130.52500000000003,264.3698149874615,15.627978378831715,0.3937510299529281,R5-S03
2941,141.87500000000003,264.3698149874615,14.673432486828606,0.36970099488104324,R5-S03
2942,153.22500000000002,264.3698149874615,13.707776798982007,0.345371045577778,R5-S02
2943,164.57500000000005,264.3698149874615,12.756378953359784,0.3214003263633103,R5-S02
2944,175.92500000000004,264.3698149874615,11.896544631138699,0.2997365742287402,R5-S02
2945,187.27500000000003,264.3698149874615,11.297950449684924,0.2846548362228502,R5-S02
2946,198.62500000000003,264.3698149874615,10.99519623246825,0.2770268640077665,R5-S02
2947,209.97500000000002,264.3698149874615,11.043076656858693,0.2782332239067446,R5-S02
2948,221.32500000000005,264.3698149874615,11.402433710769717,0.28728731949533176,R5-S02
2949,-215.65000000000003,274.1992033204149,10.863244218727363,0.27370229827985293,R5-S05
2950,-204.3,274.1992033204149,10.763693471134957,0.271194090983496,R5-S05
2951,-192.95000000000002,274.1992033204149,10.980763662504016,0.276663231607559,R5-S05
2952,-181.60000000000002,274.1992033204149,11.549349282055214,0.2909888959953443,R5-S05
2953,-170.25000000000003,274.1992033204149,12.36580328021393,0.3115596694435357,R5-S05
2954,-158.90000000000003,274.1992033204149,13.339581734318228,0.33609427398131086,R5-S05
2955,-147.55,274.1992033204149,14.250074835309059,0.3590343873849599,R5-S04
2956,-136.20000000000002,274.1992033204149,15.161332135251989,0.38199375498241345,R5-S04
2957,-124.85000000000002,274.1992033204149,16.06581802356571,0.4047825150810207,R5-S04
2958,-113.50000000000001,274.1992033204149,16.926507708246334,0.4264678182979676,R5-S04
2959,-102.15,274.1992033204149,17.387462586495996,0.4380816978205089,R5-S04
2960,-90.80000000000001,274.1992033204149,17.75159104961848,0.4472560103204455,R5-S04
2961,-79.45000000000002,274.1992033204149,18.14271008214483,0.4571103573228731,R5-S04
2962,-68.10000000000001,274.1992033204149,18.52414095745368,0.466720608653406,R5-S04
2963,-56.75000000000001,274.1992033204149,18.877943412939633,0.4756347546722004,R5-S04
2964,-45.400000000000006,274.1992033204149,19.2863567240781,0.48592483557767957,R4-S04
2965,-34.050000000000004,274.1992033204149,19.673488712803866,0.4956787279618006,R4-S04
2966,-22.700000000000003,274.1992033204149,19.868740968106255,0.5005981599422086,R4-S04
2967,-11.350000000000001,274.1992033204149,20.121260425614665,0.5069604541601075,R4-S04
2968,0.0,274.1992033204149,20.10784650918677,0.50662248700395,R4-S04
2969,11.350000000000001,274.1992033204149,20.07741896745662,0.505855857078776,R4-S03
2970,22.700000000000003,274.1992033204149,19.786060901622538,0.4985150138982751,R4-S03
2971,34.050000000000004,274.1992033204149,19.460390794906836,0.4903096698137273,R4-S03
2972,45.400000000000006,274.1992033204149,19.086025688135287,0.4808774423818415,R4-S03
2973,56.75000000000001,274.1992033204149,18.746351155698683,0.4723192531040233,R5-S03
2974,68.10000000000001,274.1992033204149,18.478249287834668,0.46556435595451423,R5-S03
2975,79.45000000000002,274.1992033204149,18.127708099374384,0.4567323784170921,R5-S03
2976,90.80000000000001,274.1992033204149,17.81853563451722,0.4489426967628426,R5-S03
2977,102.15,274.1992033204149,17.44085204812348,0.4394268593631515,R5-S03
2978,113.50000000000001,274.1992033204149,16.891469204803684,0.4255850139784249,R5-S03
2979,124.85000000000002,274.1992033204149,16.08767536188128,0.40533321647471104,R5-S03
2980,136.20000000000002,274.1992033204149,15.196686838648104,0.38288452604303613,R5-S03
2981,147.55,274.1992033204149,14.210425372111175,0.3580354087203622,R5-S03
2982,158.90000000000003,274.1992033204149,13.281209716749297,0.3346235756298639,R5-S02
2983,170.25000000000003,274.1992033204149,12.324503474287038,0.310519109959361,R5-S02
2984,181.60000000000002,274.1992033204149,11.544089341678234,0.29085637041265394,R5-S02
2985,192.95000000000002,274.1992033204149,10.913155910911266,0.2749598365057008,R5-S02
2986,204.3,274.1992033204149,10.616780409028243,0.2674925777029036,R5-S02
2987,215.65000000000003,274.1992033204149,10.681312890284792,0.2691184905589517,R5-S02
2988,-198.625,284.02859165336827,10.566453162423489,0.2662245694740108,R5-S05
2989,-187.275,284.02859165336827,11.140503832941652,0.2806879272598048,R5-S05
2990,-175.925,284.02859165336827,11.956021886820507,0.30123511934543984,R5-S05
2991,-164.57500000000002,284.02859165336827,12.869263258079759,0.32424447614209523,R5-S05
2992,-153.22500000000002,284.02859165336827,13.779425192368771,0.3471762457134989,R5-S04
2993,-141.875,284.02859165336827,14.736509150657286,0.37129022803369327,R5-S04
2994,-130.525,284.02859165336827,15.582250406009432,0.39259890163792976,R5-S04
2995,-119.17500000000003,284.02859165336827,16.381181648818952,0.4127281846515231,R5-S04
2996,-107.82500000000002,284.02859165336827,17.013302107571274,0.4286546260411004,R5-S04
2997,-96.47500000000001,284.02859165336827,17.362618920897713,0.43745575512465895,R5-S04
2998,-85.12500000000001,284.02859165336827,17.715161026147292,0.44633814628740975,R5-S04
2999,-73.77500000000002,284.02859165336827,18.097851867044202,0.4559801427826708,R5-S04
3000,-62.42500000000001,284.02859165336827,18.354671270984642,0.4624507752830598,R5-S04
3001,-51.075,284.02859165336827,18.698499213911454,0.4711136108317323,R5-S04
3002,-39.72500000000001,284.02859165336827,19.021401048631034,0.4792492075744781,R5-S04
3003,-28.375000000000004,284.02859165336827,19.246506030640134,0.4849207868642009,R5-S04
3004,-17.025000000000002,284.02859165336827,19.493849540913505,0.49115267172873533,R5-S04
3005,-5.675000000000001,284.02859165336827,19.5591516218851,0.4927979748522323,R5-S04
3006,5.675000000000001,284.02859165336827,19.549957339383518,0.4925663224838377,R5-S03
3007,17.025000000000002,284.02859165336827,19.417441023128948,0.48922753900551647,R5-S03
3008,28.375000000000004,284.02859165336827,19.04774288033002,0.4799128969596881,R5-S03
3009,39.72500000000001,284.02859165336827,18.80766470591527,0.47386406414500554,R5-S03
3010,51.075,284.02859165336827,18.515623136514463,0.466505999912181,R5-S03
3011,62.42500000000001,284.02859165336827,18.262041094622614,0.4601169336009729,R5-S03
3012,73.775,284.02859165336827,18.077041792750382,0.45545582748174307,R5-S03
3013,85.12500000000001,284.02859165336827,17.7386438549872,0.44692980234283697,R5-S03
3014,96.47500000000001,284.02859165336827,17.404939395385046,0.4385220306219463,R5-S03
3015,107.825,284.02859165336827,17.01349427837987,0.42865946783521974,R5-S03
3016,119.17500000000001,284.02859165336827,16.412122324386843,0.41350774311884214,R5-S03
3017,130.52500000000003,284.02859165336827,15.651667103965442,0.39434787361968865,R5-S03
3018,141.87500000000003,284.02859165336827,14.76765462147868,0.372074946371345,R5-S03
3019,153.22500000000002,284.02859165336827,13.798759325313249,0.34766337428352856,R5-S03
3020,164.57500000000005,284.02859165336827,12.839320530965619,0.32349006124881885,R5-S02
3021,175.92500000000004,284.02859165336827,11.929019066072737,0.30055477616711357,R5-S02
3022,187.27500000000003,284.02859165336827,11.142259860872375,0.2807321708458648,R5-S02
3023,198.62500000000003,284.02859165336827,10.54963762768327,0.26580089764886045,R5-S02
3024,-181.60000000000002,293.85797998632165,11.567573948864917,0.2914480712739964,R5-S05
3025,-170.25000000000003,293.85797998632165,12.451224086111269,0.31371186913860594,R5-S05
3026,-158.90000000000003,293.85797998632165,13.390881511619659,0.33738678537716454,R5-S04
3027,-147.55,293.85797998632165,14.240187221346892,0.3587852663478683,R5-S04
3028,-136.20000000000002,293.85797998632165,15.13381885799814,0.38130055071801816,R5-S04
3029,-124.85000000000002,293.85797998632165,15.970768761682082,0.4023877239022949,R5-S04
3030,-113.50000000000001,293.85797998632165,16.600942673354457,0.4182651215256855,R5-S04
3031,-102.15,293.85797998632165,17.037166616259285,0.4292558986207933,R5-S04
3032,-90.80000000000001,293.85797998632165,17.311868146341684,0.4361770759975229,R5-S04
3033,-79.45000000000002,293.85797998632165,17.67950230990964,0.44543971554320083,R5-S04
3034,-68.10000000000001,293.85797998632165,17.93788200006216,0.4519496598655117,R5-S04
3035,-56.75000000000001,293.85797998632165,18.16916235271848,0.4577768292446077,R5-S04
3036,-45.400000000000006,293.85797998632165,18.494119641941296,0.4659642137047442,R5-S04
3037,-34.050000000000004,293.85797998632165,18.65969961067354,0.4701360446125861,R5-S04
3038,-22.700000000000003,293.85797998632165,18.863931123955773,0.47528171136194947,R5-S04
3039,-11.350000000000001,293.85797998632165,18.974407260086497,0.4780651866990803,R5-S04
3040,0.0,293.85797998632165,18.995136143346503,0.47858745637053424,R5-S04
3041,11.350000000000001,293.85797998632165,18.89848631569705,0.47615233851592464,R5-S03
3042,22.700000000000003,293.85797998632165,18.69423176862899,0.47100609142426275,R5-S03
3043,34.050000000000004,293.85797998632165,18.45084033557194,0.464873780185738,R5-S03
3044,45.400000000000006,293.85797998632165,18.32664458932271,0.46174463565942836,R5-S03
3045,56.75000000000001,293.85797998632165,18.016456100800518,0.45392935502142906,R5-S03
3046,68.10000000000001,293.85797998632165,17.848870425965544,0.44970698982024554,R5-S03
3047,79.45000000000002,293.85797998632165,17.618568871673947,0.443904481523657,R5-S03
3048,90.80000000000001,293.85797998632165,17.33683262920231,0.4368060627161076,R5-S03
3049,102.15,293.85797998632165,17.00693157155492,0.4284941187088667,R5-S03
3050,113.50000000000001,293.85797998632165,16.602177132414102,0.4182962240467146,R5-S03
3051,124.85000000000002,293.85797998632165,16.04965703657021,0.4043753347586347,R5-S03
3052,136.20000000000002,293.85797998632165,15.226468924262532,0.38363489353143193,R5-S03
3053,147.55,293.85797998632165,14.294349832312356,0.36014990759164417,R5-S03
3054,158.90000000000003,293.85797998632165,13.349162184609371,0.3363356559488378,R5-S03
3055,170.25000000000003,293.85797998632165,12.404719299224656,0.3125401687887291,R5-S02
3056,181.60000000000002,293.85797998632165,11.554060118099347,0.2911075867497946,R5-S02
3057,-164.57500000000002,303.687368319275,12.979205075295841,0.3270144891734906,R5-S04
3058,-153.22500000000002,303.687368319275,13.829893095839221,0.3484477978291565,R5-S04
3059,-141.875,303.687368319275,14.69131295972774,0.3701514981034956,R5-S04
3060,-130.525,303.687368319275,15.49995964550183,0.3905255642605652,R5-S04
3061,-119.17500000000003,303.687368319275,16.226782425669548,0.40883805557242503,R5-S04
3062,-107.82500000000002,303.687368319275,16.71857012363446,0.42122877610568055,R5-S04
3063,-96.47500000000001,303.687368319275,16.981727286838677,0.4278590901193922,R5-S04
3064,-85.12500000000001,303.687368319275,17.23455099550891,0.43422905002541984,R5-S04
3065,-73.77500000000002,303.687368319275,17.469440174658644,0.44014714473818706,R5-S04
3066,-62.42500000000001,303.687368319275,17.68484066197962,0.4455742167291414,R5-S04
3067,-51.075,303.687368319275,17.886589502701103,0.45065733188967255,R5-S04
3068,-39.72500000000001,303.687368319275,18.078972849327872,0.45550448096064183,R5-S04
3069,-28.375000000000004,303.687368319275,18.306003610880435,0.46122458077300166,R5-S04
3070,-17.025000000000002,303.687368319275,18.437578565063095,0.4645396463860694,R5-S04
3071,-5.675000000000001,303.687368319275,18.481851081417382,0.4656551040921487,R5-S04
3072,5.675000000000001,303.687368319275,18.407539726422623,0.46378280993758186,R5-S03
3073,17.025000000000002,303.687368319275,18.323671065206725,0.46166971693642544,R5-S03
3074,28.375000000000004,303.687368319275,18.12422731972337,0.4566446792573286,R5-S03
3075,39.72500000000001,303.687368319275,17.937182120462236,0.45193202621472,R5-S03
3076,51.075,303.687368319275,17.845743094760188,0.44962819588713,R5-S03
3077,62.42500000000001,303.687368319275,17.56510960074109,0.4425575611171854,R5-S03
3078,73.775,303.687368319275,17.43931590250746,0.43938815576990325,R5-S03
3079,85.12500000000001,303.687368319275,17.215516791029454,0.43374947823203464,R5-S03
3080,96.47500000000001,303.687368319275,16.98376435624285,0.4279104146193714,R5-S03
3081,107.825,303.687368319275,16.580666473665058,0.4177542573359803,R5-S03
3082,119.17500000000001,303.687368319275,16.238250051535253,0.4091269854254284,R5-S03
3083,130.52500000000003,303.687368319275,15.579820786650375,0.39253768673848266,R5-S03
3084,141.87500000000003,303.687368319275,14.779885899192545,0.37238311663372503,R5-S03
3085,153.22500000000002,303.687368319275,13.859116346518928,0.34918408532423606,R5-S03
3086,164.57500000000005,303.687368319275,12.903746405782204,0.3251132881275436,R5-S03
3087,-147.55,313.51675665222837,14.186218781050075,0.35742551728521227,R5-S04
3088,-136.20000000000002,313.51675665222837,14.95889737811006,0.3768933579770738,R5-S04
3089,-124.85000000000002,313.51675665222837,15.785793539966342,0.39772722448894793,R5-S04
3090,-113.50000000000001,313.51675665222837,16.253553444969643,0.40951255845224604,R5-S04
3091,-102.15,313.51675665222837,16.59922523698279,0.4182218502641167,R5-S04
3092,-90.80000000000001,313.51675665222837,16.898929832920878,0.42577298646815015,R5-S04
3093,-79.45000000000002,313.51675665222837,17.114073926463156,0.4311935985503441,R5-S04
3094,-68.10000000000001,313.51675665222837,17.236030243509166,0.43426632006825816,R5-S04
3095,-56.75000000000001,313.51675665222837,17.39666108919323,0.4383134565178441,R5-S04
3096,-45.400000000000006,313.51675665222837,17.556507343260552,0.44234082497507066,R5-S04
3097,-34.050000000000004,313.51675665222837,17.79958310524078,0.44846518279770176,R5-S04
3098,-22.700000000000003,313.51675665222837,17.906055638326187,0.45114778630199515,R5-S04
3099,-11.350000000000001,313.51675665222837,18.01817229668627,0.45397259502862863,R5-S04
3100,0.0,313.51675665222837,17.982095157008665,0.4530636219956832,R5-S04
3101,11.350000000000001,313.51675665222837,17.94474635119939,0.4521226089997327,R5-S03
3102,22.700000000000003,313.51675665222837,17.79340850693308,0.4483096121676261,R5-S03
3103,34.050000000000004,313.51675665222837,17.63884473048121,0.44441533712474707,R5-S03
3104,45.400000000000006,313.51675665222837,17.483483284641633,0.44050096459162597,R5-S03
3105,56.75000000000001,313.51675665222837,17.35364306651084,0.4372296061101245,R5-S03
3106,68.10000000000001,313.51675665222837,17.162827820958675,0.43242196575859604,R5-S03
3107,79.45000000000002,313.51675665222837,17.03272052953449,0.4291438782951497,R5-S03
3108,90.80000000000001,313.51675665222837,16.857368566429844,0.42472583941622183,R5-S03
3109,102.15,313.51675665222837,16.52389353567413,0.4163238482155236,R5-S03
3110,113.50000000000001,313.51675665222837,16.1536112120244,0.40699448757935003,R5-S03
3111,124.85000000000002,313.51675665222837,15.782705274502533,0.3976494148274763,R5-S03
3112,136.20000000000002,313.51675665222837,15.116711976308032,0.38086953832975645,R5-S03
3113,147.55,313.51675665222837,14.278929140467497,0.3597613792004912,R5-S03
3114,-130.525,323.34614498518175,15.233312761784232,0.38380732581970856,R5-S04
3115,-119.17500000000003,323.34614498518175,15.8082846176627,0.3982938931131948,R5-S04
3116,-107.82500000000002,323.34614498518175,16.20213751224422,0.4082171204899023,R5-S04
3117,-96.47500000000001,323.34614498518175,16.423866376563694,0.4138036376055353,R5-S04
3118,-85.12500000000001,323.34614498518175,16.710955899140966,0.421036933714814,R5-S04
3119,-73.77500000000002,323.34614498518175,16.838848680872015,0.42425922602348237,R5-S04
3120,-62.42500000000001,323.34614498518175,16.918638481447758,0.4262695510568848,R5-S04
3121,-51.075,323.34614498518175,17.051939679249568,0.42962810983244065,R5-S04
3122,-39.72500000000001,323.34614498518175,17.280536928580734,0.43538767771682374,R5-S04
3123,-28.375000000000004,323.34614498518175,17.45213052378151,0.439711023526871,R5-S04
3124,-17.025000000000002,323.34614498518175,17.49674399781909,0.44083507175155184,R5-S04
3125,-5.675000000000001,323.34614498518175,17.579162969900928,0.4429116394532862,R5-S04
3126,5.675000000000001,323.34614498518175,17.51510808780542,0.44129775983384784,R5-S03
3127,17.025000000000002,323.34614498518175,17.39961810167205,0.43838795922580126,R5-S03
3128,28.375000000000004,323.34614498518175,17.27228851549687,0.435179856777447,R5-S03
3129,39.72500000000001,323.34614498518175,17.195943603863377,0.43325632662795105,R5-S03
3130,51.075,323.34614498518175,17.032507648540015,0.42913851470244435,R5-S03
3131,62.42500000000001,323.34614498518175,16.827934704385658,0.4239842455123623,R5-S03
3132,73.775,323.34614498518175,16.7409225883701,0.42179195233988664,R5-S03
3133,85.12500000000001,323.34614498518175,16.58546107518209,0.41787505858357493,R5-S03
3134,96.47500000000001,323.34614498518175,16.391726224590666,0.4129938580143781,R5-S03
3135,107.825,323.34614498518175,16.084663512437555,0.405257332134985,R5-S03
3136,119.17500000000001,323.34614498518175,15.745929460222168,0.3967228385039599,R5-S03
3137,130.52500000000003,323.34614498518175,15.329914651424602,0.38624123586355763,R5-S03
3138,-102.15,333.17553331813514,16.03984968245944,0.40412823588963065,R5-S04
3139,-90.80000000000001,333.17553331813514,16.21879977280781,0.4086369305318168,R5-S04
3140,-79.45000000000002,333.17553331813514,16.438308847944665,0.4141675194745444,R5-S04
3141,-68.10000000000001,333.17553331813514,16.547220763085406,0.41691158385198807,R5-S04
3142,-56.75000000000001,333.17553331813514,16.646128081197443,0.4194035797731782,R5-S04
3143,-45.400000000000006,333.17553331813514,16.731867499305494,0.421563806986785,R5-S04
3144,-34.050000000000004,333.17553331813514,16.910423694976746,0.42606257734887243,R5-S04
3145,-22.700000000000003,333.17553331813514,17.02571770555293,0.4289674403011572,R5-S04
3146,-11.350000000000001,333.17553331813514,17.159738007106764,0.43234411708507847,R5-S04
3147,0.0,333.17553331813514,17.14063841880642,0.4318628979291112,R5-S04
3148,11.350000000000001,333.17553331813514,17.09334335043592,0.4306712862291741,R5-S03
3149,22.700000000000003,333.17553331813514,16.92610183342246,0.42645759217491713,R5-S03
3150,34.050000000000004,333.17553331813514,16.765998815867796,0.4224237544940236,R5-S03
3151,45.400000000000006,333.17553331813514,16.682155824859947,0.4203113082605177,R5-S03
3152,56.75000000000001,333.17553331813514,16.629367469090745,0.41898129173824,R5-S03
3153,68.10000000000001,333.17553331813514,16.42377849996827,0.4138014235315765,R5-S03
3154,79.45000000000002,333.17553331813514,16.278779776704603,0.41014814252216186,R5-S03
3155,90.80000000000001,333.17553331813514,16.133095905694773,0.4064775990348898,R5-S03
3156,102.15,333.17553331813514,15.914980315269357,0.40098211930635824,R5-S03
3157,-62.42500000000001,343.0049216510885,16.225900512723445,0.40881583554354867,R5-S04
3158,-51.075,343.0049216510885,16.35098804759403,0.4119674489189728,R5-S04
3159,-39.72500000000001,343.0049216510885,16.535380986846434,0.41661327757234656,R5-S04
3160,-28.375000000000004,343.0049216510885,16.597358561936588,0.4181748188948498,R5-S04
3161,-17.025000000000002,343.0049216510885,16.69320447779454,0.4205896819802102,R5-S04
3162,-5.675000000000001,343.0049216510885,16.72738076022217,0.4214507624142649,R5-S04
3163,5.675000000000001,343.0049216510885,16.651393059354376,0.4195362322840609,R5-S03
3164,17.025000000000002,343.0049216510885,16.515277091542494,0.4161067546369991,R5-S03
3165,28.375000000000004,343.0049216510885,16.43081896609129,0.41397880992923386,R5-S03
3166,39.72500000000001,343.0049216510885,16.397786590881807,0.4131465505387203,R5-S03
3167,51.075,343.0049216510885,16.295778533112834,0.41057643066547833,R5-S03
3168,62.42500000000001,343.0049216510885,16.164270067337025,0.40726304024532695,R5-S03
