heliostat_id,x_m,y_m,annual_avg_power_kw,annual_unit_area_power_kw_m2
1,-198.625,284.02859165336827,10.530257877134403,0.2653126197312775
2,198.62500000000003,284.02859165336827,10.523441866384832,0.26514088854585116
3,204.3,274.1992033204149,10.603813560714908,0.26716587454560115
4,-204.3,274.1992033204149,10.74291945400777,0.27067068415237516
5,-215.65000000000003,274.1992033204149,10.74237669324454,0.2706570091520418
6,-192.95000000000002,274.1992033204149,10.97331045335799,0.27647544604076574
7,215.65000000000003,274.1992033204149,10.73430946474529,0.27045375320597864
8,192.95000000000002,274.1992033204149,10.92971555405122,0.27537706107460874
9,198.62500000000003,264.3698149874615,11.019732504169129,0.2776450618334374
10,-198.625,264.3698149874615,11.13575965202621,0.28056839637254244
11,-209.97500000000002,264.3698149874615,11.216144938995575,0.2825937248424181
12,209.97500000000002,264.3698149874615,11.09210355930226,0.279468469622128
13,-187.275,284.02859165336827,11.107230036023665,0.27984958518578146
14,187.27500000000003,284.02859165336827,11.106204413076107,0.27982374434558094
15,-187.275,264.3698149874615,11.404129879815278,0.2873300549210199
16,-221.32500000000002,264.3698149874615,11.375886238471674,0.2866184489410853
17,192.95000000000002,254.5404266545081,11.357149128301604,0.2861463625170472
18,-192.95000000000002,254.5404266545081,11.482978667468853,0.28931667088608853
19,187.27500000000003,264.3698149874615,11.378566939860775,0.2866859899183869
20,-204.3,254.5404266545081,11.550867577985917,0.29102714986107125
21,204.3,254.5404266545081,11.407747112527243,0.28742119205158084
22,181.60000000000002,274.1992033204149,11.524845822943862,0.29037152489150575
23,181.60000000000002,254.5404266545081,11.648778242045998,0.29349403482101283
24,-181.60000000000002,274.1992033204149,11.558164043450695,0.2912109862295464
25,221.32500000000005,264.3698149874615,11.410037685579514,0.28747890364271894
26,-215.65000000000003,254.5404266545081,11.782840928821063,0.2968717795117426
27,-181.60000000000002,254.5404266545081,11.75950538292599,0.29628383428888866
28,181.60000000000002,293.85797998632165,11.487369232097492,0.28942729231790104
29,-340.50000000000006,-79.65877666590676,11.746146498706787,0.29594725368371855
30,-187.275,244.71103832155472,11.895046645261264,0.2996988320801528
31,340.50000000000006,-79.65877666590676,11.636285016136554,0.29317926470487665
32,-181.60000000000002,293.85797998632165,11.586828355357337,0.29193319111507526
33,187.27500000000003,244.71103832155472,11.800243788892157,0.29731024915324156
34,-198.625,244.71103832155472,11.980996674019728,0.3018643656845485
35,175.92500000000004,264.3698149874615,11.921201096572545,0.30035780036715914
36,198.62500000000003,244.71103832155472,11.842793224779,0.2983822933932729
37,-175.925,264.3698149874615,11.953952973572768,0.3011829925314379
38,215.65000000000003,254.5404266545081,11.79202719693421,0.2971032299555105
39,-334.82500000000005,-69.82938833295339,12.020496566912747,0.3028595758859347
40,-209.97500000000002,244.71103832155472,12.228682045018811,0.3081048638200759
41,-227.00000000000003,254.5404266545081,12.172930744285798,0.30670019511931973
42,334.82500000000005,-89.48816499886013,11.883261614934067,0.29940190513817255
43,175.92500000000004,244.71103832155472,12.116940365073363,0.3052895027733274
44,175.92500000000004,284.02859165336827,11.901535736841856,0.299862326451042
45,329.15000000000003,-79.65877666590676,11.948683495923042,0.3010502266546496
46,334.82500000000005,-69.82938833295339,11.935663839711975,0.3007221929884599
47,-329.15000000000003,-79.65877666590676,12.0758644917637,0.3042545853304031
48,-334.82500000000005,-89.48816499886013,12.052051908154885,0.30365462101675195
49,-175.925,284.02859165336827,11.985758283646442,0.3019843356927801
50,-175.925,244.71103832155472,12.22128813742338,0.30791857237146336
51,181.60000000000002,234.88164998860134,12.281203565560393,0.3094281573585385
52,-181.60000000000002,234.88164998860134,12.410861759191434,0.3126949296848434
53,-340.50000000000006,-60.0,12.253573384209236,0.3087320076646318
54,209.97500000000002,244.71103832155472,12.124230019528344,0.3054731675366174
55,-192.95000000000002,234.88164998860134,12.485623069807147,0.31457856058974926
56,170.25000000000003,254.5404266545081,12.354713035613354,0.3112802478108681
57,192.95000000000002,234.88164998860134,12.300681025513072,0.3099188970902764
58,-170.25000000000003,254.5404266545081,12.361398865291982,0.31144869904993655
59,170.25000000000003,274.1992033204149,12.362525793780026,0.31147709230990245
60,170.25000000000003,293.85797998632165,12.289468471049505,0.3096363938284078
61,-221.32500000000002,244.71103832155472,12.597477913496066,0.31739677282680945
62,323.4750000000001,-69.82938833295339,12.328450224361339,0.3106185493666248
63,-323.475,-69.82938833295339,12.44261976586744,0.31349508102462686
64,323.4750000000001,-89.48816499886013,12.32533862261183,0.3105401517412908
65,-204.3,234.88164998860134,12.656444183927654,0.3188824435355922
66,340.50000000000006,-60.0,12.287815919135022,0.3095947573478212
67,317.80000000000007,-79.65877666590676,12.406408493487417,0.3125827284829281
68,-323.475,-89.48816499886013,12.484729492291443,0.31455604666897063
69,170.25000000000003,234.88164998860134,12.636357788376689,0.31837636151112847
70,-170.25000000000003,274.1992033204149,12.435295070500258,0.31331053339632803
71,227.00000000000003,254.5404266545081,12.228257121137485,0.30809415775100746
72,-170.25000000000003,234.88164998860134,12.717537565746689,0.3204217073758299
73,-317.80000000000007,-79.65877666590676,12.525547252417628,0.3155844608822784
74,-329.15000000000003,-99.31755333181351,12.59678290917308,0.31737926200990374
75,-329.15000000000003,-60.0,12.624639804939035,0.31808112383318304
76,-170.25000000000003,293.85797998632165,12.453932245501393,0.31378010192747274
77,329.15000000000003,-99.31755333181351,12.478980722801388,0.3144112049080723
78,-238.35000000000002,254.5404266545081,12.676908983472597,0.31939805954831435
79,-175.925,225.05226165564795,12.86017513440582,0.3240154984733137
80,175.92500000000004,225.05226165564795,12.742020451775241,0.32103856013543064
81,-187.275,225.05226165564795,12.925590627609084,0.32566365904784794
82,187.27500000000003,225.05226165564795,12.767541355922821,0.32168156603484055
83,164.57500000000005,264.3698149874615,12.759225463366572,0.32147204493239034
84,164.57500000000005,244.71103832155472,12.838612018286229,0.32347221008531696
85,204.3,234.88164998860134,12.593847089072165,0.3173052932494877
86,-164.57500000000002,244.71103832155472,12.851204502666956,0.3237894810447709
87,329.15000000000003,-60.0,12.601119601997024,0.3174885261274131
88,238.35000000000002,254.5404266545081,12.60748813140953,0.31764898290273447
89,312.12500000000006,-69.82938833295339,12.753555222194116,0.3213291817131297
90,164.57500000000005,303.687368319275,12.700189268308797,0.3199846124542403
91,164.57500000000005,284.02859165336827,12.77806907516722,0.3219468146930517
92,346.17500000000007,-50.17061166704662,12.653265550819823,0.3188023570375365
93,-346.175,-50.17061166704662,12.674861944565837,0.31934648386409265
94,221.32500000000005,244.71103832155472,12.686739878484783,0.3196457515365277
95,-215.65000000000003,234.88164998860134,13.069304381285487,0.3292845649101912
96,312.12500000000006,-89.48816499886013,12.815407099430523,0.3228875560451127
97,164.57500000000005,225.05226165564795,13.075613386854092,0.32944352196659343
98,-312.12500000000006,-69.82938833295339,12.933313860803048,0.3258582479416238
99,-312.12500000000006,-89.48816499886013,12.942741788174486,0.3260957870540309
100,-198.625,225.05226165564795,13.128283805598608,0.33077056703448243
101,306.45000000000005,-79.65877666590676,12.907597136959359,0.3252103083134129
102,-164.57500000000002,264.3698149874615,12.849506763522504,0.3237467060600278
103,-306.45000000000005,-79.65877666590676,13.064372422291939,0.3291603029048108
104,-164.57500000000002,225.05226165564795,13.159927371940757,0.3315678350199234
105,-164.57500000000002,284.02859165336827,12.867216537266494,0.32419290847232285
106,-334.82500000000005,-50.17061166704662,12.969065373375631,0.3267590167139237
107,334.82500000000005,-50.17061166704662,12.960672933691379,0.32654756698642934
108,-170.25000000000003,215.22287332269457,13.34116672528915,0.3361342082461363
109,317.80000000000007,-99.31755333181351,12.965426061408424,0.32666732329071363
110,-317.80000000000007,-99.31755333181351,13.074186048443945,0.3294075597995451
111,198.62500000000003,225.05226165564795,13.03820544318271,0.3285010189766367
112,-317.80000000000007,-60.0,13.051161734856986,0.3288274561566386
113,181.60000000000002,215.22287332269457,13.215677446299926,0.33297247282186765
114,-232.675,244.71103832155472,13.166132308887269,0.33172417003999166
115,-181.60000000000002,215.22287332269457,13.393985652593441,0.3374649950262898
116,317.80000000000007,-60.0,13.005358445036139,0.32767343021003126
117,170.25000000000003,215.22287332269457,13.238922179198232,0.33355812998735784
118,-164.57500000000002,303.687368319275,12.997422658331775,0.3274734859745975
119,158.90000000000003,254.5404266545081,13.23646537382578,0.3334962301291454
120,215.65000000000003,234.88164998860134,13.04080199427058,0.3285664397649428
121,158.90000000000003,274.1992033204149,13.239702610758341,0.333577793165995
122,-158.90000000000003,234.88164998860134,13.32325773987876,0.3356829866434558
123,158.90000000000003,293.85797998632165,13.180291524937543,0.3320809152163654
124,232.67500000000004,244.71103832155472,13.13000732983778,0.33081399168147596
125,158.90000000000003,234.88164998860134,13.367865987716264,0.33680690319264966
126,-119.17500000000003,-325.39348498974124,13.296132515256827,0.3349995594672922
127,119.17500000000001,-325.39348498974124,13.313509960139665,0.3354373887664315
128,300.77500000000003,-89.48816499886013,13.275296376441531,0.3344745874638834
129,300.77500000000003,-69.82938833295339,13.30384929812943,0.33519398584352306
130,323.4750000000001,-109.1469416647669,13.14424112978418,0.33117261601874987
131,-209.97500000000002,225.05226165564795,13.524512577588695,0.34075365526804474
132,-158.90000000000003,254.5404266545081,13.233559380017887,0.33342301285003495
133,-300.77500000000003,-69.82938833295339,13.466610472598374,0.33929479648773936
134,-300.77500000000003,-89.48816499886013,13.380128007736454,0.33711584801553174
135,-340.50000000000006,-40.34122333409324,13.35517223243984,0.33648708068631494
136,-158.90000000000003,215.22287332269457,13.59909559261143,0.34263279396854196
137,323.4750000000001,-50.17061166704662,13.327056993836019,0.3357787098472164
138,-158.90000000000003,274.1992033204149,13.323392167021273,0.3356863735707048
139,295.1,-79.65877666590676,13.377206269160926,0.33704223404285527
140,-192.95000000000002,215.22287332269457,13.645907229660718,0.34381222548905815
141,-323.475,-50.17061166704662,13.412097807154431,0.3379213355292122
142,158.90000000000003,215.22287332269457,13.567473263438822,0.34183606105917924
143,-323.475,-109.1469416647669,13.307238670745386,0.3352793819789717
144,-295.1,-79.65877666590676,13.517532192430592,0.3405777826261172
145,306.45000000000005,-99.31755333181351,13.429581343189486,0.3383618378228644
146,-124.85000000000002,-315.56409665678785,13.509007507280796,0.3403630009392995
147,192.95000000000002,215.22287332269457,13.508980848819753,0.3403623292723546
148,-158.90000000000003,293.85797998632165,13.407734864557709,0.3378114100417664
149,340.50000000000006,-40.34122333409324,13.370232963450146,0.33686653976946707
150,-227.00000000000003,234.88164998860134,13.63498591583146,0.34353706011165186
151,-136.20000000000002,-315.56409665678785,13.562662963009117,0.3417148642733464
152,209.97500000000002,225.05226165564795,13.494345517174061,0.3399935882381976
153,-306.45000000000005,-60.0,13.545507467612833,0.341282627049958
154,124.85000000000002,-315.56409665678785,13.508548363985259,0.3403514327030804
155,306.45000000000005,-60.0,13.478418445393428,0.3395923014712378
156,-147.55,-315.56409665678785,13.585675425294117,0.3422946693195797
157,-306.45000000000005,-99.31755333181351,13.541881576845459,0.34119127177741143
158,153.22500000000002,244.71103832155472,13.705241447346806,0.3453071667257951
159,-164.57500000000002,205.39348498974124,13.842738811504788,0.3487714490175054
160,-153.22500000000002,225.05226165564795,13.769738993690245,0.34693219938750935
161,153.22500000000002,264.3698149874615,13.68702229818941,0.34484813046584556
162,175.92500000000004,205.39348498974124,13.684622368292395,0.3447876636002115
163,-175.925,205.39348498974124,13.850546614464497,0.3489681686687956
164,136.20000000000002,-315.56409665678785,13.520185734879167,0.3406446393267616
165,-113.50000000000001,-315.56409665678785,13.687261100157661,0.34485414714430995
166,329.15000000000003,-118.97632999772027,13.50353325870066,0.34022507580500533
167,244.02500000000003,244.71103832155472,13.469115967646974,0.3393579230951619
168,153.22500000000002,284.02859165336827,13.685470752714265,0.3448090388690921
169,164.57500000000005,205.39348498974124,13.76123473008887,0.34671793222698083
170,147.55,-315.56409665678785,13.58532929129939,0.34228594838244875
171,-244.02500000000003,244.71103832155472,13.7040454856564,0.34527703415611993
172,113.50000000000001,-315.56409665678785,13.738050918116908,0.3461338099802698
173,227.00000000000003,234.88164998860134,13.576202897904796,0.34205600649797924
174,-153.22500000000002,244.71103832155472,13.714504378093363,0.3455405487047963
175,-107.82500000000002,-325.39348498974124,13.767854571186483,0.3468847208663765
176,289.42500000000007,-89.48816499886013,13.709824082308424,0.3454226274202173
177,-153.22500000000002,264.3698149874615,13.6879494944195,0.34487149141898465
178,312.12500000000006,-109.1469416647669,13.671524385091839,0.34445765646489895
179,-289.425,-69.82938833295339,13.895302540836514,0.35009580601754886
180,289.42500000000007,-69.82938833295339,13.770081873220251,0.34694083832754474
181,153.22500000000002,303.687368319275,13.691197560716002,0.34495332730451
182,-329.15000000000003,-118.97632999772027,13.645267048793588,0.3437960959635573
183,-329.15000000000003,-40.34122333409324,13.806070060202371,0.3478475701739071
184,312.12500000000006,-50.17061166704662,13.753062086373447,0.34651202031679135
185,153.22500000000002,225.05226165564795,13.890677838381079,0.34997928542154394
186,-204.3,215.22287332269457,14.025728097605356,0.3533819122601501
187,-130.525,-305.73470832383447,13.90612815981406,0.35036856033797076
188,107.825,-325.39348498974124,13.833801928370333,0.3485462818939363
189,-289.425,-89.48816499886013,13.89332700137786,0.35004603178074734
190,295.1,-99.31755333181351,13.850863910416933,0.34897616302385825
191,-153.22500000000002,284.02859165336827,13.764118743986916,0.34679059571647564
192,-141.875,-305.73470832383447,13.89012800483885,0.34996543222068155
193,329.15000000000003,-40.34122333409324,13.76286004580036,0.34675888248426207
194,-312.12500000000006,-50.17061166704662,13.89778732670128,0.3501584108516322
195,-312.12500000000006,-109.1469416647669,13.811763103140091,0.34799100788964704
196,283.75000000000006,-79.65877666590676,13.853611849975191,0.34904539808453494
197,-153.22500000000002,303.687368319275,13.779775491873343,0.3471850716017471
198,-187.275,205.39348498974124,14.133127326088502,0.3560878640989797
199,-153.22500000000002,-305.73470832383447,13.917532285519664,0.3506558902877215
200,153.22500000000002,205.39348498974124,14.10831054494108,0.35546259876394765
201,187.27500000000003,205.39348498974124,13.951641476904843,0.35151528034529717
202,130.52500000000003,-305.73470832383447,13.883322138621738,0.3497939566294215
203,141.87500000000003,-305.73470832383447,13.853671810097707,0.3490469087956086
204,-346.175,-30.511835001139865,13.914739880018823,0.35058553489591393
205,-283.75000000000006,-79.65877666590676,14.025130423796977,0.35336685371118615
206,-119.17500000000003,-305.73470832383447,13.959060554726022,0.35170220596437446
207,-153.22500000000002,205.39348498974124,14.166198734777925,0.3569211069482975
208,221.32500000000005,225.05226165564795,13.997345671566876,0.3526668095632874
209,204.3,215.22287332269457,13.977256560109875,0.35216065911085603
210,295.1,-60.0,13.962871477899512,0.3517982231771104
211,-221.32500000000002,225.05226165564795,14.095249170389572,0.3551335139931865
212,153.22500000000002,-305.73470832383447,13.912696249719103,0.350534045092444
213,-295.1,-99.31755333181351,14.010210997373427,0.35299095483430154
214,147.55,274.1992033204149,14.106250374228598,0.35541069222042326
215,-295.1,-60.0,14.099179688883815,0.35523254444151714
216,238.35000000000002,234.88164998860134,13.986427622987712,0.3523917264547169
217,119.17500000000001,-305.73470832383447,14.010004449249264,0.3529857507999311
218,147.55,254.5404266545081,14.14193209152819,0.3563097024824437
219,346.17500000000007,-30.511835001139865,13.886643620971716,0.34987764225174395
220,-107.82500000000002,-305.73470832383447,14.185824082057755,0.35741557274018027
221,-147.55,234.88164998860134,14.152536413743908,0.35657688117268604
222,317.80000000000007,-118.97632999772027,13.966018185162048,0.35187750529508816
223,300.77500000000003,-109.1469416647669,14.08172761733488,0.3547928349038771
224,170.25000000000003,195.56409665678785,14.263041063096633,0.3593610749079525
225,-147.55,215.22287332269457,14.275064521469423,0.3596640091073173
226,147.55,234.88164998860134,14.208702109948952,0.3579919906764664
227,-102.15,-315.56409665678785,14.194606520420287,0.35763684858705685
228,-238.35000000000002,234.88164998860134,14.180970154255668,0.35729327675121364
229,-170.25000000000003,195.56409665678785,14.431194897027359,0.36359775502714436
230,-317.80000000000007,-40.34122333409324,14.244111783242513,0.35888414671812835
231,158.90000000000003,195.56409665678785,14.313045634083737,0.3606209532397011
232,107.825,-305.73470832383447,14.253320385305756,0.3591161598716492
233,-334.82500000000005,-30.511835001139865,14.195072701253663,0.3576485941358948
234,102.15,-315.56409665678785,14.257616184897524,0.359224393673407
235,147.55,313.51675665222837,14.151990168526662,0.3565631183806164
236,-147.55,254.5404266545081,14.173027136425095,0.3570931503256512
237,-164.57500000000002,-305.73470832383447,14.18576682372966,0.35741413010152834
238,-278.07500000000005,-69.82938833295339,14.380322598286787,0.3623160140661826
239,-158.90000000000003,195.56409665678785,14.461289113560106,0.3643559867362083
240,147.55,215.22287332269457,14.359314313297041,0.3617867047945841
241,317.80000000000007,-40.34122333409324,14.168532891727521,0.35697991664720385
242,147.55,293.85797998632165,14.18570883966093,0.35741266917765
243,-147.55,313.51675665222837,14.082335828295939,0.3548081589391771
244,-317.80000000000007,-118.97632999772027,14.106017012385726,0.35540481260735013
245,-147.55,274.1992033204149,14.172747148338745,0.3570860959520974
246,164.57500000000005,-305.73470832383447,14.21899600035971,0.35825134795564906
247,300.77500000000003,-50.17061166704662,14.288739154878261,0.3600085450964541
248,-124.85000000000002,-295.9053199908811,14.345665028899,0.3614428074804485
249,278.07500000000005,-69.82938833295339,14.312714437288419,0.3606126086492421
250,-96.47500000000001,-325.39348498974124,14.246484340732506,0.35894392392876057
251,-300.77500000000003,-109.1469416647669,14.232967087048495,0.3586033531632274
252,-136.20000000000002,-295.9053199908811,14.365702572746777,0.3619476586733882
253,-147.55,293.85797998632165,14.236075551061775,0.35868167173247106
254,198.62500000000003,205.39348498974124,14.378743838795895,0.3622762368051372
255,278.07500000000005,-89.48816499886013,14.276952892819166,0.3597115871206643
256,-278.07500000000005,-89.48816499886013,14.44883253407833,0.3640421399364659
257,283.75000000000006,-99.31755333181351,14.336813075129959,0.36121978017460216
258,136.20000000000002,-295.9053199908811,14.288116566515612,0.3599928588187355
259,-147.55,-295.9053199908811,14.354459702439858,0.3616643915958644
260,124.85000000000002,-295.9053199908811,14.338280976165995,0.3612567643276895
261,-198.625,205.39348498974124,14.538802741101343,0.3663089629907116
262,96.47500000000001,-325.39348498974124,14.382321647541989,0.36236638063849813
263,-300.77500000000003,-50.17061166704662,14.400775406559646,0.36283132795564743
264,334.82500000000005,-30.511835001139865,14.1832831944569,0.3573515544080852
265,215.65000000000003,215.22287332269457,14.377885737378124,0.3622546167139865
266,272.40000000000003,-79.65877666590676,14.423492970654276,0.3634037029643305
267,-113.50000000000001,-295.9053199908811,14.479323005473676,0.3648103553911231
268,181.60000000000002,195.56409665678785,14.499527567597626,0.36531941465350537
269,-283.75000000000006,-60.0,14.552552884315398,0.36665540146927184
270,-283.75000000000006,-99.31755333181351,14.48872703619855,0.3650472924212283
271,147.55,-295.9053199908811,14.368224070075616,0.3620111884624746
272,-215.65000000000003,215.22287332269457,14.5508129380518,0.36661156306504916
273,-272.40000000000003,-79.65877666590676,14.569381205574118,0.36707939545412244
274,-158.90000000000003,-295.9053199908811,14.43101347296436,0.36359318400010987
275,283.75000000000006,-60.0,14.491176593613986,0.3651090096652554
276,141.87500000000003,264.3698149874615,14.592030192808442,0.3676500426507544
277,249.70000000000005,234.88164998860134,14.288607701063581,0.36000523308298266
278,158.90000000000003,-295.9053199908811,14.460763830677543,0.3643427520956801
279,-181.60000000000002,195.56409665678785,14.680569763952809,0.3698808204573648
280,323.4750000000001,-128.80571833067364,14.325745233830986,0.36094092299901703
281,113.50000000000001,-295.9053199908811,14.494582781186919,0.36519482945797227
282,232.67500000000004,225.05226165564795,14.43563013159532,0.36370950192983925
283,-232.675,225.05226165564795,14.575268848005113,0.36722773615533166
284,289.42500000000007,-109.1469416647669,14.556930352205123,0.36676569292529915
285,90.80000000000001,-335.22287332269457,14.5701591599997,0.36709899622070297
286,-90.80000000000001,-335.22287332269457,14.487701103774622,0.36502144378368917
287,-147.55,195.56409665678785,14.80309675952732,0.3729679203710587
288,-170.25000000000003,-295.9053199908811,14.497563359614988,0.3652699259162255
289,-102.15,-295.9053199908811,14.715984579124166,0.3707731060499916
290,147.55,195.56409665678785,14.713583497803597,0.370712610173938
291,-306.45000000000005,-118.97632999772027,14.521725017487707,0.36587868524786366
292,-96.47500000000001,-305.73470832383447,14.641554193449272,0.3688978128860991
293,306.45000000000005,-118.97632999772027,14.428776439449459,0.3635368213517123
294,-141.875,225.05226165564795,14.66532523352599,0.3694967304995211
295,-323.475,-128.80571833067364,14.441773879178319,0.3638642952677833
296,-249.70000000000005,234.88164998860134,14.525274064667203,0.36596810442598143
297,-340.50000000000006,-20.682446668186486,14.594629684991643,0.3677155375407318
298,-141.875,244.71103832155472,14.638196504847908,0.3688132150377402
299,-323.475,-30.511835001139865,14.62956064697596,0.36859563232491716
300,96.47500000000001,-305.73470832383447,14.699715265403144,0.3703631964072347
301,141.87500000000003,225.05226165564795,14.701995004742036,0.3704206350401118
302,-141.875,284.02859165336827,14.60167431674188,0.3678930288924636
303,102.15,-295.9053199908811,14.73701070448173,0.3713028648143545
304,170.25000000000003,-295.9053199908811,14.599627389296604,0.36784145601654333
305,-141.875,264.3698149874615,14.601916048252553,0.36789911938152065
306,306.45000000000005,-40.34122333409324,14.607352038526614,0.3680360805877202
307,-141.875,303.687368319275,14.590700644519409,0.3676165443315548
308,-306.45000000000005,-40.34122333409324,14.71623527129295,0.370779422305189
309,90.80000000000001,-315.56409665678785,14.741276778451981,0.37141034967125175
310,164.57500000000005,185.73470832383447,14.873546060139192,0.3747429090486065
311,340.50000000000006,-20.682446668186486,14.583813135809105,0.3674430117361831
312,141.87500000000003,284.02859165336827,14.721567066964067,0.3709137583009339
313,141.87500000000003,244.71103832155472,14.758121359957533,0.3718347533373024
314,-266.725,-69.82938833295339,14.919096113235236,0.3758905546292577
315,-90.80000000000001,-315.56409665678785,14.732607772668498,0.37119193178807003
316,323.4750000000001,-30.511835001139865,14.615148875647668,0.3682325239518183
317,-141.875,205.39348498974124,14.86719509049004,0.37458289469614614
318,-164.57500000000002,185.73470832383447,14.98753443616946,0.3776148761947458
319,-289.425,-109.1469416647669,14.703296489725439,0.3704534262969372
320,141.87500000000003,205.39348498974124,14.930622268024909,0.37618095913391053
321,141.87500000000003,303.687368319275,14.713678640814688,0.3707150073271527
322,-119.17500000000003,-286.0759316579277,14.904847284167372,0.3755315516293115
323,-130.525,-286.0759316579277,14.898333044568984,0.3753674236474927
324,-153.22500000000002,185.73470832383447,15.005198283938332,0.3780599214900059
325,153.22500000000002,185.73470832383447,14.910640637759014,0.3756775166983879
326,-141.875,-286.0759316579277,14.8364288984989,0.37380773238848325
327,289.42500000000007,-50.17061166704662,14.799967602239843,0.37288908042932334
328,209.97500000000002,205.39348498974124,14.819963880126075,0.373392891915497
329,-289.425,-50.17061166704662,14.893503689031965,0.37524574676321404
330,266.725,-69.82938833295339,14.872921061360831,0.3747271620398295
331,-266.725,-89.48816499886013,14.977880073234425,0.37737163197869555
332,-153.22500000000002,-286.0759316579277,14.859684385283744,0.37439366050097617
333,227.00000000000003,215.22287332269457,14.825253576630475,0.3735261672116522
334,119.17500000000001,-286.0759316579277,14.864631301015443,0.3745182993453123
335,266.725,-89.48816499886013,14.895762082270956,0.3753026475754839
336,141.87500000000003,-286.0759316579277,14.840867982016672,0.37391957626648203
337,130.52500000000003,-286.0759316579277,14.845351316799801,0.3740325350667625
338,192.95000000000002,195.56409665678785,14.908303520963115,0.3756186324253745
339,-107.82500000000002,-286.0759316579277,15.041170391679092,0.3789662482156486
340,153.22500000000002,-286.0759316579277,14.924490236780734,0.376026460992208
341,-192.95000000000002,195.56409665678785,15.083907612522403,0.3800430237471001
342,-85.12500000000001,-325.39348498974124,14.898813695961053,0.3753795337858668
343,272.40000000000003,-99.31755333181351,14.93225006628797,0.3762219719397322
344,85.12500000000001,-325.39348498974124,14.967282312526374,0.37710461860736644
345,-181.60000000000002,-295.9053199908811,14.902123894017826,0.37546293509745093
346,-164.57500000000002,-286.0759316579277,14.958878130534947,0.37689287302935115
347,-312.12500000000006,-128.80571833067364,14.846569146300993,0.37406321860168795
348,-272.40000000000003,-60.0,15.012771282899054,0.37825072519271996
349,-227.00000000000003,215.22287332269457,15.050674187216066,0.3792056988464617
350,-209.97500000000002,205.39348498974124,15.059721436876579,0.37943364668371327
351,175.92500000000004,185.73470832383447,15.090552421998606,0.3802104414713683
352,312.12500000000006,-128.80571833067364,14.79871601194839,0.37285754628239837
353,295.1,-118.97632999772027,14.874086927415922,0.374756536342049
354,-244.02500000000003,225.05226165564795,14.959697898912454,0.3769135273094597
355,-261.05,-79.65877666590676,15.141997801565916,0.3815066213546464
356,79.45000000000002,-335.22287332269457,15.126374468017003,0.38111298735240623
357,-272.40000000000003,-99.31755333181351,15.06827762387349,0.3796492220678632
358,-295.1,-118.97632999772027,14.916548325704003,0.3758263624516
359,-136.20000000000002,313.51675665222837,14.8242962344723,0.3735020467239179
360,107.825,-286.0759316579277,15.053493445708312,0.3792767308064579
361,-266.725,225.05226165564795,15.33903645531665,0.3864710621143021
362,90.80000000000001,-295.9053199908811,15.172703947408577,0.3822802707837888
363,244.02500000000003,225.05226165564795,14.818582754718186,0.37335809409720805
364,-329.15000000000003,-20.682446668186486,15.017694993135583,0.37837477936849545
365,-136.20000000000002,234.88164998860134,15.105985806577182,0.3805992896592891
366,272.40000000000003,-60.0,15.031812882488358,0.37873048330784476
367,164.57500000000005,-286.0759316579277,15.055754991455444,0.37933371104700037
368,-136.20000000000002,215.22287332269457,15.168890627215273,0.3821841931775075
369,-175.925,185.73470832383447,15.222147447885698,0.38352601279631393
370,85.12500000000001,-305.73470832383447,15.208254217040125,0.383175969187204
371,136.20000000000002,313.51675665222837,15.013487680785143,0.37826877502608075
372,-136.20000000000002,254.5404266545081,15.052144570084035,0.37924274552995807
373,-96.47500000000001,-286.0759316579277,15.275565897602004,0.38487190470148663
374,-136.20000000000002,274.1992033204149,15.038453452767076,0.37889779422441616
375,-312.12500000000006,-30.511835001139865,15.121914004805028,0.38100060480738296
376,-90.80000000000001,-295.9053199908811,15.204604213554903,0.3830840063883826
377,261.05,-79.65877666590676,15.088066928461338,0.38014781880729
378,136.20000000000002,274.1992033204149,15.16330148242509,0.3820433732029502
379,136.20000000000002,254.5404266545081,15.149384928270875,0.38169274195693814
380,-255.375,225.05226165564795,15.174490158467545,0.3823252748417119
381,-136.20000000000002,293.85797998632165,15.068578641222325,0.3796568062792221
382,-141.875,185.73470832383447,15.356742864970434,0.38691717976745865
383,136.20000000000002,234.88164998860134,15.189478336013917,0.3827029059212375
384,278.07500000000005,-109.1469416647669,15.15356079986331,0.3817979541411769
385,181.60000000000002,-295.9053199908811,15.058001887653951,0.3793903221883082
386,317.80000000000007,-138.63510666362703,15.081026785100148,0.3799704405417019
387,-79.45000000000002,-335.22287332269457,15.111976617069951,0.38075022970697786
388,295.1,-40.34122333409324,15.098541126986413,0.38041171899688625
389,136.20000000000002,293.85797998632165,15.175189262434154,0.38234288895021806
390,136.20000000000002,215.22287332269457,15.220500784018002,0.38348452466661637
391,96.47500000000001,-286.0759316579277,15.292357092093656,0.3852949632676658
392,141.87500000000003,185.73470832383447,15.26264879322234,0.3845464548556901
393,312.12500000000006,-30.511835001139865,15.083457011822585,0.3800316707438293
394,-295.1,-40.34122333409324,15.22162223395703,0.3835127798930973
395,-175.925,-286.0759316579277,15.141385244537284,0.38149118781902963
396,-317.80000000000007,-138.63510666362703,15.170287860397046,0.3822193968354005
397,102.15,333.17553331813514,15.926256451809628,0.40126622453539
398,329.15000000000003,-20.682446668186486,15.067607062907854,0.37963232710778166
399,-124.85000000000002,-276.2465433249743,15.39309804004607,0.3878331579754616
400,-85.12500000000001,-305.73470832383447,15.232621543821839,0.38378991040115495
401,-261.05,215.22287332269457,15.724334772626902,0.39617875466432106
402,-136.20000000000002,-276.2465433249743,15.361183686038608,0.3870290674234973
403,130.52500000000003,323.34614498518175,15.161843877779502,0.3820066484701311
404,79.45000000000002,-315.56409665678785,15.382822222318358,0.3875742560422867
405,119.17500000000001,323.34614498518175,15.627690704037281,0.3937437819107403
406,-346.175,-10.853058335233108,15.241575743456037,0.3840155138184943
407,204.3,195.56409665678785,15.317120568564418,0.38591888557733484
408,300.77500000000003,-128.80571833067364,15.170946093298804,0.3822359811866668
409,175.92500000000004,-286.0759316579277,15.25421238339554,0.38433389728887735
410,-255.375,-69.82938833295339,15.583874058263733,0.39263980998396913
411,136.20000000000002,-276.2465433249743,15.372755789102628,0.38732062960702013
412,-278.07500000000005,-50.17061166704662,15.411782345606154,0.3883039139734481
413,266.725,225.05226165564795,15.342735395639277,0.38656425788962656
414,221.32500000000005,205.39348498974124,15.226237149595201,0.38362905390766444
415,158.90000000000003,175.90531999088108,15.415787931640867,0.38840483576822543
416,-187.275,-286.0759316579277,15.295358298628397,0.3853705794564978
417,-113.50000000000001,-276.2465433249743,15.455165502952692,0.3893969640451674
418,278.07500000000005,-50.17061166704662,15.290295297617524,0.3852430158129888
419,255.37500000000006,225.05226165564795,15.151729017858512,0.3817518019112752
420,-158.90000000000003,175.90531999088108,15.537128469854672,0.3914620425763334
421,-272.40000000000003,215.22287332269457,15.903481284820115,0.4006923982066041
422,-147.55,-276.2465433249743,15.387245623206514,0.38768570479230324
423,-278.07500000000005,-109.1469416647669,15.275933487670628,0.3848811662300486
424,187.27500000000003,185.73470832383447,15.422463672397674,0.3885730328142523
425,-238.35000000000002,215.22287332269457,15.459288091845389,0.38950083375775735
426,-147.55,175.90531999088108,15.537488676610707,0.3914711180803907
427,-130.525,323.34614498518175,15.121009677971223,0.38097782005470454
428,-136.20000000000002,195.56409665678785,15.515347353826368,0.3909132616232393
429,-102.15,-276.2465433249743,15.55138909699422,0.391821342831802
430,-300.77500000000003,-128.80571833067364,15.29205267710576,0.3852872934518962
431,147.55,-276.2465433249743,15.407205093172028,0.3881885888932232
432,124.85000000000002,-276.2465433249743,15.412515870818448,0.3883223953343021
433,113.50000000000001,-276.2465433249743,15.412283523562815,0.38831654128402154
434,136.20000000000002,195.56409665678785,15.463807428045083,0.38961469962320694
435,73.775,-325.39348498974124,15.556572634708862,0.3919519434292986
436,346.17500000000007,-10.853058335233108,15.293501271571692,0.38532379117086657
437,-221.32500000000002,205.39348498974124,15.445809456539774,0.38916123599243574
438,-158.90000000000003,-276.2465433249743,15.453838559063085,0.38936353134449697
439,283.75000000000006,-118.97632999772027,15.334942021236323,0.38636790176962266
440,-249.70000000000005,215.22287332269457,15.612411447047664,0.3933588170080037
441,147.55,175.90531999088108,15.441975014112804,0.389064626205916
442,-130.525,303.687368319275,15.351866149741124,0.3867943096432634
443,-334.82500000000005,-10.853058335233108,15.396757155432947,0.3879253503510443
444,-130.525,284.02859165336827,15.427926720352627,0.388710675745846
445,90.80000000000001,333.17553331813514,16.221273422959165,0.4086992547986688
446,-79.45000000000002,-315.56409665678785,15.393080937483836,0.38783272707190314
447,187.27500000000003,-286.0759316579277,15.433472734692865,0.3888504090373612
448,107.825,323.34614498518175,16.095464647897913,0.40552946958674513
449,-283.75000000000006,-118.97632999772027,15.401773258850934,0.38805173239735286
450,238.35000000000002,215.22287332269457,15.291458863401097,0.3852723321592617
451,130.52500000000003,303.687368319275,15.491164873744712,0.3903039776705647
452,306.45000000000005,-138.63510666362703,15.433052862407129,0.3888398302445737
453,300.77500000000003,-30.511835001139865,15.47408915683813,0.3898737504872293
454,102.15,-276.2465433249743,15.580452471157669,0.3925536021959604
455,-317.80000000000007,-20.682446668186486,15.475512418251672,0.38990960993327467
456,130.52500000000003,264.3698149874615,15.597895998259913,0.3929930964540165
457,85.12500000000001,-286.0759316579277,15.696880428897654,0.3954870352455947
458,-204.3,195.56409665678785,15.552219672183377,0.3918422693923753
459,-261.05,-60.0,15.615188856589882,0.39342879457268537
460,-187.275,185.73470832383447,15.600107006366587,0.39304880338540155
461,62.42500000000001,343.0049216510885,16.24055939289373,0.40918516988898285
462,170.25000000000003,175.90531999088108,15.602841262787896,0.3931176936958402
463,158.90000000000003,-276.2465433249743,15.548410322193236,0.3917462918164081
464,-255.375,-89.48816499886013,15.626854380805145,0.39372271052671065
465,130.52500000000003,284.02859165336827,15.601740420324067,0.3930899576801226
466,-130.525,244.71103832155472,15.54444364846253,0.3916463504273754
467,-306.45000000000005,-138.63510666362703,15.609677796005172,0.39328994195024375
468,-130.525,264.3698149874615,15.480273668216624,0.39002957087973356
469,255.37500000000006,-69.82938833295339,15.575761530010979,0.39243541269868937
470,-249.70000000000005,-79.65877666590676,15.760042409406898,0.39707841797447463
471,272.40000000000003,215.22287332269457,15.855606080061996,0.3994861698176366
472,-85.12500000000001,-286.0759316579277,15.733058175409145,0.39639854309420874
473,-170.25000000000003,-276.2465433249743,15.592774564530233,0.39286406058277235
474,255.37500000000006,-89.48816499886013,15.58682133124616,0.3927140673027503
475,-130.525,225.05226165564795,15.573550634655538,0.39237970860810123
476,79.45000000000002,-295.9053199908811,15.761566531190386,0.3971168186240964
477,261.05,-99.31755333181351,15.616173924521346,0.39345361361857767
478,-130.525,205.39348498974124,15.732254812917107,0.39637830216470415
479,-261.05,-99.31755333181351,15.683075583323346,0.39513921852666534
480,68.10000000000001,-335.22287332269457,15.746790744012786,0.3967445387758324
481,266.725,-109.1469416647669,15.717460796778921,0.3960055630329786
482,-300.77500000000003,-30.511835001139865,15.632551880491395,0.3938662605314033
483,130.52500000000003,244.71103832155472,15.702378619879054,0.39562556361499257
484,124.85000000000002,313.51675665222837,15.698271168506537,0.3955220752962091
485,317.80000000000007,-20.682446668186486,15.54658211879536,0.39170022975045
486,-73.77500000000002,-325.39348498974124,15.584100960915775,0.3926455268560286
487,289.42500000000007,-128.80571833067364,15.570022884815582,0.39229082602206056
488,261.05,-60.0,15.673494049668422,0.3948978092635027
489,-170.25000000000003,175.90531999088108,15.820160220413607,0.39859310205123727
490,90.80000000000001,-276.2465433249743,15.82565397242538,0.39873151857962663
491,-90.80000000000001,-276.2465433249743,15.838922843433462,0.39906583127824297
492,249.70000000000005,215.22287332269457,15.596303877763908,0.39295298255892946
493,-312.12500000000006,-148.4644949965804,15.800465088795308,0.39809687802457316
494,312.12500000000006,-148.4644949965804,15.65108582272038,0.3943332280856735
495,334.82500000000005,-10.853058335233108,15.545114895622572,0.3916632626763057
496,113.50000000000001,313.51675665222837,16.106255794270492,0.4058013553608086
497,130.52500000000003,205.39348498974124,15.77928597551929,0.3975632646893245
498,130.52500000000003,225.05226165564795,15.73229297212399,0.39637926359596853
499,-283.75000000000006,-40.34122333409324,15.718608219972023,0.39603447266243447
500,73.775,-305.73470832383447,15.816629611434879,0.3985041474284424
501,170.25000000000003,-276.2465433249743,15.70914528263113,0.39579605146462915
502,261.05,215.22287332269457,15.807119670353446,0.39826454195901856
503,-102.15,333.17553331813514,16.103785751756774,0.40573912198933676
504,283.75000000000006,-40.34122333409324,15.67521886881249,0.394941266535966
505,-278.07500000000005,205.39348498974124,16.354918294873897,0.4120664725339859
506,-79.45000000000002,-295.9053199908811,15.73977864014357,0.39656786697262714
507,-181.60000000000002,-276.2465433249743,15.755449341804873,0.39696269442693055
508,295.1,-138.63510666362703,15.848721868766056,0.39931272030148796
509,-136.20000000000002,175.90531999088108,15.921481191461648,0.40114591059364196
510,249.70000000000005,-79.65877666590676,15.784854276051876,0.39770355948732367
511,-119.17500000000003,323.34614498518175,15.77407516368989,0.39743197691332555
512,-119.17500000000003,-266.417154992021,15.918855852145791,0.40107976447835203
513,-141.875,-266.417154992021,15.899350059062353,0.4005883108859248
514,-289.425,-128.80571833067364,15.684821376519201,0.39518320424588566
515,-198.625,-286.0759316579277,15.811458734268305,0.39837386581678774
516,-68.10000000000001,-335.22287332269457,15.729189437020516,0.39630106921190517
517,-130.525,-266.417154992021,15.88947842485551,0.40033959246297585
518,-232.675,205.39348498974124,15.880910346009548,0.400123717460558
519,136.20000000000002,175.90531999088108,15.862872924647437,0.399669259880258
520,-266.725,205.39348498974124,16.30844841010677,0.4108956515521988
521,-323.475,-10.853058335233108,15.817637165256272,0.3985295330122518
522,-255.375,205.39348498974124,16.315574254375683,0.4110751890747212
523,-124.85000000000002,313.51675665222837,15.72819177030273,0.3962759327362744
524,96.47500000000001,323.34614498518175,16.440918097604488,0.41423326020671425
525,-107.82500000000002,323.34614498518175,16.180113340367146,0.40766221568070415
526,68.10000000000001,333.17553331813514,16.505613666186417,0.41586328209086465
527,-244.02500000000003,205.39348498974124,16.15665986314648,0.40707129914705165
528,79.45000000000002,333.17553331813514,16.432501196809326,0.41402119417509015
529,-107.82500000000002,-266.417154992021,15.992013783698686,0.4029229978256157
530,-340.50000000000006,-1.0236700022797294,15.81286004969806,0.39840917232799344
531,-266.725,-50.17061166704662,15.887908502520311,0.40030003785639484
532,-153.22500000000002,-266.417154992021,15.97654542471973,0.4025332684484689
533,-192.95000000000002,-276.2465433249743,15.93051718223983,0.4013735747603888
534,68.10000000000001,-315.56409665678785,16.01784857131947,0.4035739121017755
535,-90.80000000000001,333.17553331813514,16.400437969517256,0.4132133527215232
536,181.60000000000002,-276.2465433249743,15.893871052433756,0.40045026587134686
537,130.52500000000003,-266.417154992021,15.914911185269498,0.4009803775578105
538,266.725,-50.17061166704662,15.84916532491714,0.3993238932959723
539,272.40000000000003,-118.97632999772027,15.88231087432598,0.40015900414023636
540,51.075,343.0049216510885,16.387922358693007,0.41289801861156483
541,232.67500000000004,205.39348498974124,15.735253489633081,0.3964538546140862
542,-266.725,-109.1469416647669,15.808052013522229,0.39828803259063317
543,119.17500000000001,-266.417154992021,15.90361891882849,0.4006958659316828
544,-141.875,166.0759316579277,16.15785689838821,0.4071014587651351
545,141.87500000000003,-266.417154992021,15.948338167668615,0.4018225791803632
546,198.62500000000003,185.73470832383447,15.901191130285632,0.40063469716013184
547,-124.85000000000002,274.1992033204149,15.876116153185857,0.4000029265100997
548,266.725,205.39348498974124,16.2524060239278,0.40948364887699173
549,-62.42500000000001,343.0049216510885,16.384675259857403,0.4128162071014715
550,215.65000000000003,195.56409665678785,15.802219879802479,0.39814109044601864
551,-295.1,-138.63510666362703,15.993454211365027,0.40295928977992007
552,-96.47500000000001,-266.417154992021,16.13169035661924,0.406442185855864
553,102.15,313.51675665222837,16.572567267520686,0.41755019570472884
554,124.85000000000002,293.85797998632165,16.018549451564688,0.40359157096408893
555,340.50000000000006,-1.0236700022797294,15.943629167027298,0.4017039346693701
556,153.22500000000002,-266.417154992021,16.044656464423234,0.40424934402678847
557,-124.85000000000002,293.85797998632165,15.827562078030978,0.39877959380274575
558,-73.77500000000002,-305.73470832383447,15.918451160858934,0.4010695681748283
559,-215.65000000000003,195.56409665678785,16.011487414393205,0.4034136410781861
560,306.45000000000005,-158.2938833295338,16.122140456286,0.40620157360257
561,181.60000000000002,175.90531999088108,15.991139349048819,0.40290096621438193
562,130.52500000000003,185.73470832383447,16.068252699727957,0.4048438573879556
563,-153.22500000000002,166.0759316579277,16.15712703235696,0.407083069598311
564,124.85000000000002,274.1992033204149,16.05896254558661,0.404609789508355
565,153.22500000000002,166.0759316579277,16.018272948904226,0.40358460440675803
566,107.825,-266.417154992021,15.98655356184788,0.4027854260984601
567,-306.45000000000005,-20.682446668186486,15.945404254598056,0.40174865846807906
568,-130.525,185.73470832383447,16.102965148910513,0.40571844668456825
569,198.62500000000003,-286.0759316579277,15.92811311838428,0.40131300373858103
570,85.12500000000001,323.34614498518175,16.7107823924082,0.42103256216699925
571,300.77500000000003,-148.4644949965804,16.034373205368507,0.4039902546074202
572,-244.02500000000003,-69.82938833295339,16.25748839993048,0.40961170067852054
573,-300.77500000000003,-148.4644949965804,16.135144457503017,0.40652921283706267
574,96.47500000000001,-266.417154992021,16.132896666569867,0.40647257915268
575,-124.85000000000002,254.5404266545081,15.970163711127972,0.40237247949428
576,323.4750000000001,-10.853058335233108,15.95756445669773,0.40205503796164604
577,107.825,303.687368319275,16.58150128210147,0.4177752905543329
578,62.42500000000001,-325.39348498974124,16.195551623652367,0.40805118729282863
579,278.07500000000005,205.39348498974124,16.336412287340103,0.4116002088017159
580,-272.40000000000003,-118.97632999772027,15.95237775394115,0.40192435762008444
581,-306.45000000000005,-158.2938833295338,16.31733392373437,0.41111952440751753
582,278.07500000000005,-128.80571833067364,16.05507380577212,0.4045118116848607
583,-124.85000000000002,234.88164998860134,16.040088861474263,0.4041342620678827
584,192.95000000000002,-276.2465433249743,16.067920998445487,0.40483550008680996
585,-51.075,343.0049216510885,16.49061334550546,0.41548534506186596
586,-113.50000000000001,313.51675665222837,16.27892243512032,0.4101517368385065
587,119.17500000000001,303.687368319275,16.198434213512087,0.4081238149033028
588,-181.60000000000002,175.90531999088108,16.162397508509507,0.40721586063264065
589,-164.57500000000002,-266.417154992021,16.071548618268157,0.40492689892336
590,244.02500000000003,205.39348498974124,16.029725174634976,0.40387314624930654
591,-204.3,-276.2465433249743,16.134157697496626,0.4065043511588971
592,164.57500000000005,166.0759316579277,16.142453933721008,0.40671337701489063
593,141.87500000000003,166.0759316579277,16.137959858649303,0.40660014761021174
594,255.37500000000006,205.39348498974124,16.206040034495174,0.4083154455655121
595,-79.45000000000002,-276.2465433249743,16.27719643634266,0.4101082498448642
596,56.75000000000001,333.17553331813514,16.76508274356475,0.42240067381115526
597,-68.10000000000001,-315.56409665678785,16.079663307083873,0.40513135064459244
598,73.775,-286.0759316579277,16.286749932992425,0.41034895270829996
599,306.45000000000005,-20.682446668186486,15.990088321566585,0.4028744853002415
600,289.42500000000007,-30.511835001139865,16.053819342434362,0.4044802051507776
601,-249.70000000000005,-60.0,16.27419309035238,0.41003257975188667
602,-283.75000000000006,195.56409665678785,16.771642905157893,0.4225659588097227
603,-198.625,185.73470832383447,16.08890299209366,0.4053641469411354
604,79.45000000000002,-276.2465433249743,16.277299429616203,0.4101108447875083
605,-62.42500000000001,-325.39348498974124,16.151487738085756,0.40694098609437535
606,-102.15,313.51675665222837,16.55493941899516,0.41710605741988316
607,164.57500000000005,-266.417154992021,16.198243383449164,0.4081190068896237
608,-68.10000000000001,333.17553331813514,16.71981064841289,0.42126003145409147
609,124.85000000000002,254.5404266545081,16.156424882955854,0.4070653787592808
610,-238.35000000000002,195.56409665678785,16.56599121052164,0.41738451021722456
611,-272.40000000000003,195.56409665678785,16.777553011030538,0.4227148654832587
612,-249.70000000000005,195.56409665678785,16.767949336857548,0.42247289838391405
613,249.70000000000005,-99.31755333181351,16.240157700427112,0.40917504914152464
614,-227.00000000000003,195.56409665678785,16.287488107208045,0.4103675512020168
615,244.02500000000003,-89.48816499886013,16.196425468628753,0.40807320404708375
616,-96.47500000000001,323.34614498518175,16.498023505980598,0.41567204600606195
617,56.75000000000001,-335.22287332269457,16.342117930358622,0.4117439639798091
618,-289.425,-30.511835001139865,16.128234060531337,0.4063551035659193
619,-175.925,-266.417154992021,16.254465628991227,0.4095355411688392
620,28.375000000000004,343.0049216510885,16.52777793399928,0.41642171665405087
621,272.40000000000003,-40.34122333409324,16.15147354976592,0.40694062861592145
622,68.10000000000001,-295.9053199908811,16.317836381687478,0.4111321839679385
623,244.02500000000003,-69.82938833295339,16.210533620771532,0.4084286626548635
624,-244.02500000000003,-89.48816499886013,16.314056055783333,0.41103693766145966
625,-85.12500000000001,-266.417154992021,16.418300616263913,0.41366340680937047
626,17.025000000000002,343.0049216510885,16.626097038896877,0.4188988923884323
627,-124.85000000000002,215.22287332269457,16.202499208144847,0.40822623351334963
628,-73.77500000000002,-286.0759316579277,16.309023912175743,0.4109101514783508
629,-119.17500000000003,303.687368319275,16.17501415274187,0.40753374030591766
630,-56.75000000000001,333.17553331813514,16.797519774577843,0.42321793334789226
631,124.85000000000002,234.88164998860134,16.19483972850303,0.40803325090710585
632,119.17500000000001,284.02859165336827,16.369459678822857,0.41243284653118817
633,255.37500000000006,-109.1469416647669,16.367224346635957,0.41237652674819747
634,-329.15000000000003,-1.0236700022797294,16.217707802027505,0.40860941804050155
635,-272.40000000000003,-40.34122333409324,16.231291542774976,0.40895166396510396
636,-238.35000000000002,-79.65877666590676,16.412943799544863,0.41352844040173503
637,-261.05,195.56409665678785,16.798936314603132,0.42325362344679096
638,39.72500000000001,343.0049216510885,16.469854657387632,0.4149623244491719
639,-164.57500000000002,166.0759316579277,16.363329807007325,0.4122784027968588
640,283.75000000000006,-138.63510666362703,16.318584891074536,0.4111510428590208
641,85.12500000000001,-266.417154992021,16.42264853198379,0.41377295369069766
642,-113.50000000000001,-256.5877666590676,16.464414467976727,0.41482525744461396
643,-136.20000000000002,-256.5877666590676,16.393099669946352,0.41302846233172974
644,-124.85000000000002,-256.5877666590676,16.382545182510267,0.4127625392418813
645,51.075,-345.05226165564795,16.41678045594673,0.41362510596993524
646,249.70000000000005,-60.0,16.250791023106952,0.4094429585060961
647,289.42500000000007,-148.4644949965804,16.37424837142238,0.4125534989020504
648,295.1,-158.2938833295338,16.446526240138,0.4143745588344167
649,-249.70000000000005,-99.31755333181351,16.306138701654987,0.4108374578396318
650,-56.75000000000001,-335.22287332269457,16.304915760831364,0.410806645523592
651,113.50000000000001,293.85797998632165,16.540009149758685,0.41672988535547206
652,-124.85000000000002,195.56409665678785,16.353199773772356,0.41202317394236226
653,73.775,323.34614498518175,16.865713540154786,0.4249360932263741
654,-278.07500000000005,-128.80571833067364,16.250171447757435,0.4094273481420367
655,62.42500000000001,-305.73470832383447,16.448584588005534,0.4144264194508827
656,329.15000000000003,-1.0236700022797294,16.39351601168603,0.4130389521714798
657,-289.425,185.73470832383447,16.84040645464772,0.42429847454390834
658,124.85000000000002,215.22287332269457,16.33466295924879,0.4115561340198738
659,-79.45000000000002,333.17553331813514,16.681306751920815,0.42028991564426343
660,-119.17500000000003,284.02859165336827,16.2405438282047,0.40918477773254475
661,124.85000000000002,195.56409665678785,16.335628571319113,0.41158046287022204
662,-346.175,8.805718330673642,16.41423296153662,0.41356092117754145
663,62.42500000000001,323.34614498518175,16.908356989042268,0.4260105061487092
664,-295.1,175.90531999088108,16.948136278143753,0.42701275581113013
665,-85.12500000000001,323.34614498518175,16.87593133007503,0.42519353313366165
666,261.05,195.56409665678785,16.70185584051636,0.42080765534180803
667,-130.525,166.0759316579277,16.579292436415493,0.41771963810570656
668,227.00000000000003,195.56409665678785,16.15972933661665,0.4071486353392958
669,175.92500000000004,-266.417154992021,16.360050235967115,0.4121957731410208
670,-187.275,-266.417154992021,16.426654482455344,0.4138738846675572
671,-283.75000000000006,-138.63510666362703,16.430853416109574,0.41397967790651485
672,238.35000000000002,-79.65877666590676,16.409143527681536,0.41343269155156304
673,204.3,-276.2465433249743,16.309375146485674,0.4109190009192662
674,-312.12500000000006,-10.853058335233108,16.29786710302843,0.4106290527344024
675,124.85000000000002,-256.5877666590676,16.427265422066828,0.4138892774519231
676,261.05,-118.97632999772027,16.45571895900955,0.414606171806741
677,-119.17500000000003,264.3698149874615,16.26925463551631,0.4099081540820437
678,238.35000000000002,195.56409665678785,16.405169892425896,0.4133325747650768
679,283.75000000000006,195.56409665678785,16.715442987302364,0.4211499870824481
680,272.40000000000003,195.56409665678785,16.749060223977306,0.42199698221157234
681,-68.10000000000001,-295.9053199908811,16.401751951546387,0.4132464588447062
682,-147.55,-256.5877666590676,16.45927671541649,0.41469581041613734
683,-51.075,-345.05226165564795,16.449997876580735,0.4144620276286404
684,-102.15,-256.5877666590676,16.5661836776691,0.4173893594776795
685,209.97500000000002,185.73470832383447,16.31287674161183,0.41100722453040645
686,-45.400000000000006,333.17553331813514,16.801485630505272,0.42331785413215606
687,192.95000000000002,175.90531999088108,16.366595009960673,0.4123606704449653
688,-300.77500000000003,-168.12327166248716,16.569891852614887,0.4174827879217659
689,90.80000000000001,313.51675665222837,16.979677907712112,0.42780745547271637
690,102.15,-256.5877666590676,16.549896172639652,0.41697899150011725
691,266.725,-128.80571833067364,16.557117522387696,0.417160935308332
692,-255.375,-50.17061166704662,16.499261194433885,0.4157032298925141
693,300.77500000000003,166.0759316579277,17.010825483808805,0.4285922268533335
694,-107.82500000000002,303.687368319275,16.69993781395565,0.42075933015761274
695,300.77500000000003,-168.12327166248716,16.508203683838815,0.41592853826754383
696,-39.72500000000001,343.0049216510885,16.60184058106766,0.4182877445469302
697,-295.1,-158.2938833295338,16.621015138605568,0.4187708525725767
698,136.20000000000002,-256.5877666590676,16.512015652892455,0.41602458183150554
699,102.15,293.85797998632165,17.067308335715147,0.43001532717851215
700,34.050000000000004,333.17553331813514,16.821296372824463,0.42381699100086834
701,312.12500000000006,-10.853058335233108,16.434462067138487,0.41407059881931185
702,56.75000000000001,-315.56409665678785,16.60812743336805,0.4184461434459071
703,-289.425,-148.4644949965804,16.536602029367167,0.4166440420601453
704,113.50000000000001,-256.5877666590676,16.47030122586731,0.4149735758595946
705,295.1,175.90531999088108,16.97748628889574,0.42775223705960547
706,-255.375,-109.1469416647669,16.425236730369846,0.4138381640304824
707,249.70000000000005,195.56409665678785,16.66239978366115,0.41981354960093603
708,45.400000000000006,333.17553331813514,16.74586064886745,0.4219163680742618
709,346.17500000000007,8.805718330673642,16.5323847947658,0.41653778772400607
710,187.27500000000003,-266.417154992021,16.52072509061662,0.4162440184080781
711,-209.97500000000002,185.73470832383447,16.473765317749095,0.4150608545666187
712,-113.50000000000001,293.85797998632165,16.53366120807073,0.4165699472932913
713,-334.82500000000005,8.805718330673642,16.593119957674432,0.4180680261444805
714,175.92500000000004,166.0759316579277,16.582453485859723,0.41779928157872825
715,147.55,-256.5877666590676,16.56067139032453,0.4172504759467002
716,96.47500000000001,303.687368319275,17.129843734559415,0.43159092301737
717,-119.17500000000003,244.71103832155472,16.456507989732398,0.41462605164354743
718,-62.42500000000001,-305.73470832383447,16.54840780401667,0.41694149166078787
719,-295.1,-20.682446668186486,16.437727984728973,0.4141528844728892
720,5.675000000000001,343.0049216510885,16.70966461992981,0.4210043995951074
721,130.52500000000003,166.0759316579277,16.613634854804946,0.41858490437906143
722,-119.17500000000003,225.05226165564795,16.540158492480156,0.41673364808466007
723,-198.625,-266.417154992021,16.624401623139338,0.4188561759420342
724,-158.90000000000003,-256.5877666590676,16.54416437925372,0.4168345774566319
725,-90.80000000000001,313.51675665222837,16.958958436797676,0.42728542294778726
726,-300.77500000000003,166.0759316579277,16.97289507185805,0.42763656013751705
727,-56.75000000000001,-315.56409665678785,16.59975692428668,0.4182352462657264
728,-62.42500000000001,323.34614498518175,17.123272531468086,0.43142535982534863
729,295.1,-20.682446668186486,16.479562949432488,0.41520692742334314
730,-90.80000000000001,-256.5877666590676,16.73296349405428,0.4215914208630457
731,22.700000000000003,333.17553331813514,16.953348736270673,0.4271440850660286
732,51.075,323.34614498518175,17.077464167645946,0.4302712060379427
733,255.37500000000006,-50.17061166704662,16.469361380415606,0.41494989620598655
734,-51.075,323.34614498518175,17.15747638715671,0.4322871349749738
735,334.82500000000005,8.805718330673642,16.658542363424612,0.41971636088245434
736,-232.675,185.73470832383447,16.960394311824494,0.4273216001971402
737,119.17500000000001,264.3698149874615,16.60818930038366,0.41844770220165434
738,-261.05,-118.97632999772027,16.54592471187251,0.41687892950044114
739,-192.95000000000002,175.90531999088108,16.54096851109985,0.41675405671705346
740,-124.85000000000002,175.90531999088108,16.67965692777335,0.42024834789048504
741,147.55,156.2465433249743,16.690997021140912,0.42053406452861963
742,289.42500000000007,185.73470832383447,16.8861163386037,0.4254501471051575
743,51.075,-325.39348498974124,16.774109968676925,0.4226281171246391
744,278.07500000000005,-30.511835001139865,16.585315075688833,0.4178713800879021
745,-147.55,156.2465433249743,16.796391005608637,0.423189493716519
746,-136.20000000000002,156.2465433249743,16.8609786087692,0.4248167953834518
747,-28.375000000000004,343.0049216510885,16.740986469994375,0.42179356185422967
748,-317.80000000000007,-1.0236700022797294,16.606833372128495,0.41841353923226243
749,90.80000000000001,-256.5877666590676,16.71495173265492,0.42113760979226306
750,-255.375,185.73470832383447,17.18733035497674,0.4330393135544657
751,-170.25000000000003,-256.5877666590676,16.717222780488584,0.42119482944037756
752,-96.47500000000001,303.687368319275,16.955393784438154,0.42719561059305
753,-221.32500000000002,185.73470832383447,16.760439366534563,0.4222836827043226
754,39.72500000000001,-345.05226165564795,16.749038056245993,0.4219964236897454
755,-51.075,-325.39348498974124,16.7353000076866,0.4216502899391938
756,158.90000000000003,-256.5877666590676,16.69807782646872,0.42071246728316253
757,-266.725,-128.80571833067364,16.705666263018095,0.4209036599399873
758,-73.77500000000002,323.34614498518175,17.048259760964378,0.42953539332235774
759,-278.07500000000005,-30.511835001139865,16.589525716271282,0.4179774682859986
760,124.85000000000002,175.90531999088108,16.725992361649496,0.4214157813466741
761,107.825,284.02859165336827,17.03723441339133,0.42925760678738556
762,45.400000000000006,-335.22287332269457,16.8122469633145,0.42358898874564127
763,-278.07500000000005,185.73470832383447,17.14321585967329,0.43192783723036765
764,-261.05,-40.34122333409324,16.77468847048203,0.42264269262993276
765,272.40000000000003,-138.63510666362703,16.741635431593593,0.42180991261258743
766,-175.925,166.0759316579277,16.730151603854146,0.4215205745491093
767,79.45000000000002,313.51675665222837,17.22127580584426,0.4338945781265876
768,56.75000000000001,-295.9053199908811,16.887882637019963,0.42549464945880483
769,85.12500000000001,303.687368319275,17.31527864904714,0.43626300451113986
770,340.50000000000006,18.635106663627028,16.823839889342686,0.4238810755692287
771,62.42500000000001,-286.0759316579277,16.846326751025813,0.4244476379699122
772,73.775,-266.417154992021,16.85040813673149,0.4245504695573568
773,68.10000000000001,-276.2465433249743,16.841468310433232,0.42432522828000085
774,-119.17500000000003,-246.75837832611418,16.91845273625927,0.4262648711579559
775,278.07500000000005,-148.4644949965804,16.840940023537797,0.42431191795257744
776,295.1,-177.95265999544054,16.827038455389765,0.4239616642829369
777,-289.425,166.0759316579277,17.232034593579794,0.434165648616271
778,-39.72500000000001,-345.05226165564795,16.768510192537864,0.42248702929044757
779,-340.50000000000006,18.635106663627028,16.824301719765423,0.4238927115083251
780,119.17500000000001,244.71103832155472,16.741940275382916,0.42181759323212187
781,-283.75000000000006,175.90531999088108,17.194039081590983,0.4332083416878555
782,232.67500000000004,-89.48816499886013,16.842340693628216,0.4243472082042887
783,283.75000000000006,-158.2938833295338,16.849707241233375,0.42453281031074264
784,-45.400000000000006,-335.22287332269457,16.807600255675712,0.423471913723248
785,-295.1,-177.95265999544054,16.844497901671545,0.42440155962891274
786,-73.77500000000002,-266.417154992021,16.877044048758805,0.4252215683738676
787,-238.35000000000002,-60.0,16.88641733267029,0.42545773072991416
788,-306.45000000000005,156.2465433249743,17.003105633188937,0.42839772318440256
789,-266.725,185.73470832383447,17.262546218006154,0.434934397027114
790,158.90000000000003,156.2465433249743,16.779234120024494,0.42275722146698147
791,238.35000000000002,-99.31755333181351,16.850001140591726,0.4245402151824572
792,306.45000000000005,156.2465433249743,17.09537579677103,0.43072249424971104
793,11.350000000000001,333.17553331813514,17.1633485580491,0.43243508586669444
794,113.50000000000001,274.1992033204149,16.895067071997513,0.4256756631896577
795,-232.675,-69.82938833295339,16.934350080281902,0.42666540892622584
796,170.25000000000003,-256.5877666590676,16.85546183215452,0.4246777987441301
797,-5.675000000000001,343.0049216510885,16.808753018818557,0.42350095789414355
798,295.1,156.2465433249743,17.277882609359327,0.43532080144518337
799,-209.97500000000002,-266.417154992021,16.88524219029624,0.4254281227083961
800,68.10000000000001,313.51675665222837,17.2417186210985,0.4344096402393172
801,-107.82500000000002,284.02859165336827,16.830620783040825,0.4240519219712982
802,136.20000000000002,156.2465433249743,16.83093895441554,0.42405993838285566
803,-119.17500000000003,205.39348498974124,16.76282783188104,0.42234386071758734
804,261.05,-40.34122333409324,16.752659132539318,0.42208765766035067
805,317.80000000000007,-1.0236700022797294,16.85155864550559,0.4245794569288383
806,289.42500000000007,166.0759316579277,17.282904447170317,0.43544732797103347
807,289.42500000000007,-168.12327166248716,16.83718452267903,0.4242172971196531
808,-130.525,-246.75837832611418,16.903984850351023,0.4259003489632407
809,-79.45000000000002,-256.5877666590676,16.98760992461567,0.4280073047270262
810,-289.425,-168.12327166248716,16.89776117787958,0.4257435418966889
811,-181.60000000000002,-256.5877666590676,16.896879965794508,0.4257213395261907
812,198.62500000000003,-266.417154992021,16.70944050109195,0.42099875286197913
813,-323.475,8.805718330673642,16.892802469186044,0.4256186059255743
814,-68.10000000000001,-276.2465433249743,16.909225491425033,0.4260323882949114
815,249.70000000000005,-118.97632999772027,16.945515828320374,0.42694673288789053
816,-244.02500000000003,185.73470832383447,17.269592567730975,0.4351119316636678
817,28.375000000000004,-345.05226165564795,16.97967886424212,0.4278074795727418
818,-102.15,293.85797998632165,16.994832412908917,0.42818927722118716
819,-79.45000000000002,313.51675665222837,17.321049592114708,0.43640840494116173
820,-158.90000000000003,156.2465433249743,16.94051634321545,0.426820769544355
821,-300.77500000000003,-10.853058335233108,16.785970195738248,0.42292693866813424
822,300.77500000000003,-10.853058335233108,16.888407606003256,0.42550787619055824
823,-113.50000000000001,254.5404266545081,16.732996634533606,0.42159225584614785
824,221.32500000000005,185.73470832383447,16.61560578210504,0.4186345624113137
825,232.67500000000004,-69.82938833295339,16.893955349865514,0.42564765305783614
826,-113.50000000000001,274.1992033204149,16.732256667480748,0.42157361218142475
827,-238.35000000000002,-99.31755333181351,16.890025103801204,0.42554862947344935
828,244.02500000000003,-109.1469416647669,16.925597546014977,0.4264448865209115
829,51.075,-305.73470832383447,17.04307297448691,0.42940471087142634
830,244.02500000000003,185.73470832383447,17.035595131098358,0.4292163046384066
831,-272.40000000000003,-138.63510666362703,16.92413107318369,0.4264079383518189
832,-283.75000000000006,-158.2938833295338,17.017099438196954,0.4287503007860155
833,56.75000000000001,313.51675665222837,17.433070958019673,0.4392308127492989
834,-34.050000000000004,333.17553331813514,16.999168112195054,0.4282985163062498
835,278.07500000000005,185.73470832383447,17.066858184892393,0.43000398551001245
836,119.17500000000001,225.05226165564795,16.821330089009148,0.4238178404890186
837,-317.80000000000007,136.58776665906757,17.268444558443385,0.43508300726740706
838,255.37500000000006,-128.80571833067364,17.067074040345442,0.4300094240449847
839,232.67500000000004,185.73470832383447,16.899498639253284,0.4257873176934564
840,-62.42500000000001,-286.0759316579277,16.94436028045511,0.42691761855518046
841,-312.12500000000006,146.41715499202095,17.155096536645114,0.43222717401474214
842,90.80000000000001,293.85797998632165,17.461925851177515,0.43995781937963
843,-232.675,-89.48816499886013,16.974939787710227,0.4276880772917669
844,-141.875,-246.75837832611418,16.96478072606591,0.4274321170588539
845,283.75000000000006,175.90531999088108,17.25129559766806,0.4346509346855143
846,79.45000000000002,-256.5877666590676,17.036518150485996,0.4292395603549004
847,-107.82500000000002,-246.75837832611418,17.06380402307891,0.42992703509898994
848,119.17500000000001,205.39348498974124,16.886529214978598,0.4254605496341295
849,-278.07500000000005,-148.4644949965804,17.00743001673368,0.42850667716638147
850,-85.12500000000001,303.687368319275,17.366048741540276,0.4375421703587875
851,266.725,185.73470832383447,17.17645138653215,0.4327652150801751
852,-51.075,-305.73470832383447,17.049345460302334,0.4295627478030319
853,-56.75000000000001,313.51675665222837,17.568205481745117,0.442635562654198
854,45.400000000000006,-315.56409665678785,17.113274839179006,0.43117346533582784
855,96.47500000000001,284.02859165336827,17.530851963847933,0.441694430935952
856,-56.75000000000001,-295.9053199908811,17.005212435673336,0.4284508046276981
857,34.050000000000004,-335.22287332269457,17.10132678473054,0.43087243095818945
858,283.75000000000006,-20.682446668186486,16.932934879024614,0.4266297525579394
859,-28.375000000000004,-345.05226165564795,16.989415445701937,0.4280527953061713
860,-17.025000000000002,343.0049216510885,16.86007048566908,0.4247939149828441
861,119.17500000000001,-246.75837832611418,17.001691476105297,0.42836209312434614
862,119.17500000000001,185.73470832383447,17.03497891473415,0.4292007789048665
863,238.35000000000002,-60.0,16.968713103331453,0.42753119433941683
864,-227.00000000000003,-79.65877666590676,17.183838747688704,0.4329513415895365
865,-329.15000000000003,18.635106663627028,17.18651302595238,0.4330187207345019
866,227.00000000000003,-79.65877666590676,17.082766856669146,0.4304048086840299
867,209.97500000000002,-266.417154992021,16.938189400334156,0.4267621416057989
868,-323.475,126.75837832611418,17.278684152191925,0.43534099652788927
869,-96.47500000000001,-246.75837832611418,17.156763809714462,0.4322691813987015
870,-119.17500000000003,185.73470832383447,16.97839413025155,0.42777511036159116
871,-283.75000000000006,-20.682446668186486,16.9289681231457,0.42652980909916105
872,261.05,-138.63510666362703,17.204933121798625,0.4334828198991843
873,-68.10000000000001,313.51675665222837,17.4556697944158,0.43980019638235834
874,181.60000000000002,-256.5877666590676,16.997793406515534,0.42826388023470735
875,39.72500000000001,-325.39348498974124,17.12000995521618,0.4313431583576765
876,-113.50000000000001,234.88164998860134,16.938199173724342,0.42676238784893783
877,289.42500000000007,-187.78204832839393,17.09836517762122,0.43079781248730714
878,130.52500000000003,-246.75837832611418,17.062632756901294,0.4298975247392617
879,204.3,175.90531999088108,16.815059246130375,0.42365984495163456
880,283.75000000000006,156.2465433249743,17.57145143873523,0.44271734539519353
881,-278.07500000000005,166.0759316579277,17.559939648203486,0.44242730280180115
882,-204.3,175.90531999088108,17.013033948229957,0.42864786969589214
883,-90.80000000000001,293.85797998632165,17.305934219141655,0.4360275691393715
884,255.37500000000006,185.73470832383447,17.18452825955855,0.43296871402263926
885,-45.400000000000006,-315.56409665678785,17.160646779923937,0.4323670138554784
886,-192.95000000000002,-256.5877666590676,17.156225275136382,0.43225561287821573
887,187.27500000000003,166.0759316579277,16.91321166020815,0.42613282086692245
888,-244.02500000000003,-50.17061166704662,17.096803411301394,0.4307584633736809
889,-289.425,-187.78204832839393,16.982315898748553,0.4278739203514375
890,102.15,274.1992033204149,17.470300899980757,0.4401688309392985
891,107.825,-246.75837832611418,17.058423549949733,0.42979147266187284
892,0.0,333.17553331813514,17.20273574569018,0.4334274564295838
893,-153.22500000000002,-246.75837832611418,17.03721931039575,0.4292572262634354
894,-39.72500000000001,323.34614498518175,17.41544094884822,0.4387866200264102
895,141.87500000000003,-246.75837832611418,17.123982331520274,0.4314432434245471
896,323.4750000000001,8.805718330673642,17.10928325762359,0.43107289638759366
897,-244.02500000000003,-109.1469416647669,16.99024654502993,0.42807373507256063
898,-346.175,28.464494996580413,17.236486516083964,0.4342778159759125
899,278.07500000000005,166.0759316579277,17.519633515179066,0.44141177916802893
900,39.72500000000001,323.34614498518175,17.194349900702644,0.4332161728572095
901,283.75000000000006,-177.95265999544054,17.146871073847976,0.432019931313882
902,266.725,-148.4644949965804,17.241660842025873,0.4344081844803697
903,-227.00000000000003,175.90531999088108,17.502080993164437,0.440969538754458
904,28.375000000000004,323.34614498518175,17.34138953842558,0.4369208752437788
905,272.40000000000003,-158.2938833295338,17.206007642437715,0.4335098927295973
906,-17.025000000000002,-345.05226165564795,17.185404019897252,0.4329907790349522
907,329.15000000000003,116.92898999316083,17.25826411285622,0.43482650826042385
908,-272.40000000000003,175.90531999088108,17.499954176112222,0.4409159530388567
909,73.775,303.687368319275,17.619466245744174,0.44392709109962647
910,-295.1,156.2465433249743,17.302831894689103,0.43594940525797693
911,-22.700000000000003,333.17553331813514,17.206386439030762,0.43351943660949266
912,340.50000000000006,38.293883329533784,17.313046713855517,0.4362067703163396
913,312.12500000000006,146.41715499202095,17.338428925023912,0.4368462818096224
914,-306.45000000000005,-1.0236700022797294,17.09800177821911,0.4307886565436914
915,-39.72500000000001,-325.39348498974124,17.172830924255305,0.4326739965798767
916,-283.75000000000006,-197.61143666134728,17.11833845892235,0.43130104456846435
917,17.025000000000002,-345.05226165564795,17.23592654504913,0.4342637073582547
918,-96.47500000000001,284.02859165336827,17.31008159962738,0.4361320634826753
919,-113.50000000000001,215.22287332269457,17.11316862233026,0.4311707891743578
920,153.22500000000002,-246.75837832611418,17.16961240963508,0.43259290525661576
921,170.25000000000003,156.2465433249743,17.173162188556205,0.4326823428711566
922,-102.15,274.1992033204149,17.22622390622968,0.43401924681858606
923,-34.050000000000004,-335.22287332269457,17.158201603060977,0.4323054069806243
924,-249.70000000000005,-118.97632999772027,17.119111099642527,0.4313205114548382
925,17.025000000000002,323.34614498518175,17.499825807978095,0.4409127187699193
926,329.15000000000003,18.635106663627028,17.26867249498343,0.43508875018854704
927,96.47500000000001,-246.75837832611418,17.21365142285855,0.433702479789835
928,-283.75000000000006,-177.95265999544054,17.180078262799086,0.43285659518264263
929,-45.400000000000006,313.51675665222837,17.659559005876925,0.4449372387472141
930,283.75000000000006,-197.61143666134728,17.266624727588727,0.43503715614987976
931,-266.725,-30.511835001139865,17.135735582714737,0.431739369682911
932,56.75000000000001,-276.2465433249743,17.351508909437683,0.437175835460763
933,-255.375,-128.80571833067364,17.259048088814907,0.4348462607411164
934,-164.57500000000002,-246.75837832611418,17.205559111884078,0.4334985918842046
935,266.725,-30.511835001139865,17.096330179143443,0.4307465401648638
936,-187.275,166.0759316579277,17.12916250316655,0.43157375921306507
937,113.50000000000001,254.5404266545081,17.17726731370214,0.43278577258004886
938,-215.65000000000003,175.90531999088108,17.2455618754345,0.4345064720442051
939,-283.75000000000006,156.2465433249743,17.56649324385597,0.4425924223697649
940,51.075,-286.0759316579277,17.360717115833065,0.43740783864532795
941,22.700000000000003,-335.22287332269457,17.33547421387923,0.4367718370843848
942,45.400000000000006,-295.9053199908811,17.40664836102641,0.4385650884612348
943,-249.70000000000005,175.90531999088108,17.7160113336492,0.44635957000879817
944,-261.05,175.90531999088108,17.672956520703714,0.4452747926607134
945,107.825,264.3698149874615,17.368935278889506,0.43761489742729925
946,62.42500000000001,-266.417154992021,17.362216272955838,0.43744561030375
947,346.17500000000007,28.464494996580413,17.272876082498453,0.4351946606827527
948,-300.77500000000003,146.41715499202095,17.392671748124304,0.43821294401925687
949,306.45000000000005,-1.0236700022797294,17.301183981938824,0.43590788566235383
950,-85.12500000000001,-246.75837832611418,17.335499621892865,0.43677247724597795
951,-306.45000000000005,136.58776665906757,17.52913417023771,0.4416511506736637
952,79.45000000000002,293.85797998632165,17.7471210018694,0.4471433862904863
953,5.675000000000001,-345.05226165564795,17.324857608443864,0.43650434891518936
954,278.07500000000005,-168.12327166248716,17.24690273942796,0.4345402554655571
955,300.77500000000003,146.41715499202095,17.50639670950794,0.44107827436401964
956,62.42500000000001,303.687368319275,17.68640548829369,0.4456136429401283
957,244.02500000000003,-50.17061166704662,17.10229591499661,0.43089684845040593
958,-124.85000000000002,156.2465433249743,17.395016607565445,0.4382720233702556
959,-5.675000000000001,-345.05226165564795,17.3089353933871,0.4361031845146662
960,-119.17500000000003,166.0759316579277,17.341734160118563,0.4369295580780691
961,-221.32500000000002,-266.417154992021,17.33642066569074,0.4367956831869675
962,192.95000000000002,-256.5877666590676,17.191610333013443,0.43314714872797794
963,-312.12500000000006,8.805718330673642,17.33786706751166,0.43683212566166946
964,-107.82500000000002,264.3698149874615,17.10035801716565,0.4308480226043248
965,334.82500000000005,28.464494996580413,17.36497391652857,0.4375150898596264
966,272.40000000000003,175.90531999088108,17.36962838164508,0.4376323603337133
967,-278.07500000000005,-168.12327166248716,17.300726356051754,0.4358963556576406
968,-238.35000000000002,175.90531999088108,17.664687111009645,0.4450664427062143
969,68.10000000000001,-256.5877666590676,17.442612568786156,0.43947121614477597
970,164.57500000000005,-246.75837832611418,17.34981962576315,0.4371332735138108
971,-261.05,-138.63510666362703,17.351863134330536,0.4371847602502025
972,-22.700000000000003,-335.22287332269457,17.365592227227346,0.4375306683604774
973,-249.70000000000005,-40.34122333409324,17.377704891198317,0.43783585011837534
974,-204.3,-256.5877666590676,17.3794281597256,0.43787926832264046
975,45.400000000000006,313.51675665222837,17.48797978745725,0.44061425516395186
976,-266.725,-148.4644949965804,17.4587034649166,0.43987663050936254
977,261.05,175.90531999088108,17.512037897840607,0.4412204055893325
978,-334.82500000000005,87.44082499430067,17.58035273706093,0.44294161595013687
979,-329.15000000000003,116.92898999316083,17.368698395372792,0.4376089290847265
980,-170.25000000000003,156.2465433249743,17.270187856030116,0.4351269301090984
981,215.65000000000003,175.90531999088108,17.12255157608253,0.4314071951645888
982,-334.82500000000005,28.464494996580413,17.3927792312539,0.43821565208500635
983,278.07500000000005,-187.78204832839393,17.432261062523093,0.43921040721902477
984,39.72500000000001,-305.73470832383447,17.443021371384017,0.4394815160338629
985,-113.50000000000001,-236.92898999316083,17.497484675312162,0.4408537333160031
986,113.50000000000001,234.88164998860134,17.243906937366738,0.43446477544385836
987,-68.10000000000001,-256.5877666590676,17.471822023570414,0.4402071560486373
988,238.35000000000002,175.90531999088108,17.409091352391748,0.43862664027190096
989,-124.85000000000002,-236.92898999316083,17.454064481547768,0.4397597501019846
990,85.12500000000001,-246.75837832611418,17.41618898150898,0.43880546690624794
991,-272.40000000000003,-158.2938833295338,17.39345590321729,0.43823270101328526
992,289.42500000000007,-10.853058335233108,17.357066584662846,0.4373158625513441
993,289.42500000000007,146.41715499202095,17.700713071248433,0.4459741262597237
994,-278.07500000000005,-207.44082499430067,17.404033061554433,0.43849919530245485
995,-62.42500000000001,303.687368319275,17.896702305439167,0.450912126617263
996,28.375000000000004,-325.39348498974124,17.443720778727105,0.4394991377860193
997,-278.07500000000005,-187.78204832839393,17.31055345776719,0.4361439520727435
998,238.35000000000002,-118.97632999772027,17.443122585848094,0.4394840661589341
999,-289.425,-10.853058335233108,17.287136446708057,0.4355539543136321
1000,34.050000000000004,-315.56409665678785,17.4443176560352,0.4395141762669489
1001,5.675000000000001,323.34614498518175,17.5518749000206,0.44222410934796175
1002,-175.925,-246.75837832611418,17.429780929890384,0.43914791962434835
1003,221.32500000000005,-266.417154992021,17.35114134059211,0.4371665744669214
1004,-340.50000000000006,77.61143666134728,17.82923239211436,0.44921220438685716
1005,323.4750000000001,107.09960166020744,17.52067683787875,0.4414380659581444
1006,317.80000000000007,136.58776665906757,17.344945695362476,0.43701047355410627
1007,-11.350000000000001,333.17553331813514,17.250544676696116,0.43463201503391574
1008,-45.400000000000006,-295.9053199908811,17.4747362970571,0.4402805819364349
1009,-340.50000000000006,38.293883329533784,17.457162349106014,0.4398378016907537
1010,278.07500000000005,-207.44082499430067,17.491737307873123,0.44070892688014923
1011,323.4750000000001,126.75837832611418,17.286132555749372,0.4355286610166131
1012,85.12500000000001,284.02859165336827,17.841236886586895,0.4495146607857621
1013,227.00000000000003,175.90531999088108,17.338754544146372,0.4368544858691452
1014,119.17500000000001,166.0759316579277,17.39250500559852,0.438208742897418
1015,340.50000000000006,77.61143666134728,17.547437298671344,0.44211230281358893
1016,221.32500000000005,-89.48816499886013,17.52594017574253,0.4415706771414092
1017,-221.32500000000002,-69.82938833295339,17.639986730889888,0.44444411012572155
1018,227.00000000000003,-99.31755333181351,17.49005363078784,0.4406665061926894
1019,-198.625,166.0759316579277,17.430053812390515,0.43915479497078647
1020,-113.50000000000001,195.56409665678785,17.27489946635536,0.4352456403717652
1021,-56.75000000000001,-276.2465433249743,17.483473843824587,0.4405007267277548
1022,-11.350000000000001,-335.22287332269457,17.497938713791278,0.44086517293502847
1023,-73.77500000000002,303.687368319275,17.723671287718005,0.4465525645683549
1024,204.3,-256.5877666590676,17.403189166885294,0.43847793315407646
1025,334.82500000000005,87.44082499430067,17.427974490252517,0.43910240590205385
1026,22.700000000000003,313.51675665222837,17.71618401723615,0.44636392081723736
1027,-51.075,303.687368319275,18.021987866494907,0.45406872931456055
1028,-227.00000000000003,-60.0,17.54393939703877,0.44202417226099194
1029,51.075,303.687368319275,17.868320342099878,0.45019703557822827
1030,11.350000000000001,-335.22287332269457,17.527940589073886,0.44162107808198253
1031,-28.375000000000004,-325.39348498974124,17.485203169315056,0.44054429753880214
1032,-62.42500000000001,-266.417154992021,17.46985320784427,0.44015755121804667
1033,141.87500000000003,146.41715499202095,17.491537069566718,0.44070388182329856
1034,-136.20000000000002,-236.92898999316083,17.492690479423956,0.44073294228833354
1035,-272.40000000000003,156.2465433249743,17.862801892169053,0.45005799677926567
1036,312.12500000000006,8.805718330673642,17.577144406864868,0.44286078122612416
1037,-51.075,-286.0759316579277,17.48816045276066,0.44061880707383877
1038,113.50000000000001,215.22287332269457,17.38548638414527,0.438031906881967
1039,124.85000000000002,156.2465433249743,17.421948784363327,0.4389505866556646
1040,232.67500000000004,-109.1469416647669,17.494349793856994,0.44077474915235565
1041,249.70000000000005,-40.34122333409324,17.368026368661173,0.437591997194789
1042,272.40000000000003,156.2465433249743,17.84688271860305,0.44965690900990307
1043,244.02500000000003,-128.80571833067364,17.58824280425553,0.4431404082704845
1044,-102.15,-236.92898999316083,17.64319621031074,0.4445249738047554
1045,-312.12500000000006,126.75837832611418,17.697567916734908,0.4458948832636661
1046,329.15000000000003,97.27021332725406,17.462256880201096,0.43996615974303593
1047,249.70000000000005,175.90531999088108,17.55626199850302,0.44233464344930773
1048,-28.375000000000004,323.34614498518175,17.662047009038332,0.44499992464193333
1049,0.0,-335.22287332269457,17.543162182547082,0.4420045901372407
1050,-39.72500000000001,-305.73470832383447,17.519594333537157,0.44141079197624483
1051,34.050000000000004,313.51675665222837,17.59177240906461,0.44322933759296074
1052,-215.65000000000003,-256.5877666590676,17.559865390792382,0.4424254318667771
1053,-266.725,166.0759316579277,17.81910142099465,0.4489569519021076
1054,-329.15000000000003,97.27021332725406,17.619325513129517,0.44392354530434663
1055,153.22500000000002,146.41715499202095,17.536187521179045,0.4418288617077109
1056,-107.82500000000002,244.71103832155472,17.259963326421186,0.4348693203935799
1057,113.50000000000001,195.56409665678785,17.43194691383442,0.4392024921601013
1058,-85.12500000000001,284.02859165336827,17.74222515029697,0.4470200340210877
1059,-79.45000000000002,293.85797998632165,17.849966496118533,0.44973460559633494
1060,-107.82500000000002,225.05226165564795,17.38762566593531,0.43808580664991964
1061,-334.82500000000005,67.78204832839393,18.042862880836168,0.4545946807970816
1062,-34.050000000000004,-315.56409665678785,17.533069454729144,0.4417503012025484
1063,255.37500000000006,-148.4644949965804,17.713910603805875,0.44630664156729344
1064,-346.175,48.123271662487156,17.762980765484414,0.4475429772104917
1065,-141.875,146.41715499202095,17.55827335052719,0.4423853199931265
1066,175.92500000000004,-246.75837832611418,17.491850909509598,0.44071178910329045
1067,272.40000000000003,-177.95265999544054,17.557584437903433,0.4423679626581868
1068,334.82500000000005,67.78204832839393,17.68680936847449,0.4456238188076213
1069,278.07500000000005,146.41715499202095,18.017351873028417,0.4539519242385593
1070,-289.425,146.41715499202095,17.638224808717318,0.4443997180326863
1071,249.70000000000005,-138.63510666362703,17.65626165673821,0.4448541611675034
1072,-272.40000000000003,-177.95265999544054,17.519120120817686,0.44139884406192204
1073,266.725,166.0759316579277,17.676989784607134,0.44537641180668014
1074,-317.80000000000007,18.635106663627028,17.638078361719767,0.4443960282620249
1075,221.32500000000005,-69.82938833295339,17.612339467709248,0.44374753005062356
1076,-17.025000000000002,-325.39348498974124,17.646298073998487,0.44460312607705943
1077,73.775,-246.75837832611418,17.671205870617282,0.4452306845708562
1078,-340.50000000000006,57.95265999544054,17.877221464086375,0.4504213016902589
1079,124.85000000000002,-236.92898999316083,17.64849406798238,0.44465845472366794
1080,-272.40000000000003,-20.682446668186486,17.48328660081694,0.4404960090908778
1081,17.025000000000002,-325.39348498974124,17.6819909968648,0.44550241866628376
1082,272.40000000000003,-20.682446668186486,17.495596696916845,0.44080616520324634
1083,-221.32500000000002,-89.48816499886013,17.626665933068143,0.44410848911736317
1084,-272.40000000000003,-197.61143666134728,17.55578609584257,0.442322652956477
1085,-147.55,-236.92898999316083,17.56877491019538,0.44264990955392747
1086,-295.1,136.58776665906757,17.751649511999616,0.4472574832955308
1087,-73.77500000000002,-246.75837832611418,17.65619936724954,0.44485259176743613
1088,-90.80000000000001,274.1992033204149,17.680897960846092,0.4454748793360064
1089,-300.77500000000003,126.75837832611418,17.954764052025936,0.452375007609623
1090,-187.275,-246.75837832611418,17.673648435381047,0.4452922256331834
1091,317.80000000000007,116.92898999316083,17.61442609201229,0.4438001030993271
1092,-227.00000000000003,-99.31755333181351,17.568234391171433,0.4426362910348056
1093,-227.00000000000003,-256.5877666590676,17.624848520871,0.4440626989385488
1094,340.50000000000006,57.95265999544054,17.567827212007295,0.4426260320485587
1095,90.80000000000001,274.1992033204149,17.99897943114824,0.4534890257280988
1096,272.40000000000003,-197.61143666134728,17.67627253608622,0.445358340541351
1097,215.65000000000003,-256.5877666590676,17.57029182598172,0.4426881286465538
1098,-317.80000000000007,116.92898999316083,17.70177602543146,0.4460009076702308
1099,-113.50000000000001,175.90531999088108,17.6072606797501,0.4436195686507962
1100,198.62500000000003,166.0759316579277,17.32722452469691,0.4365639839933714
1101,-34.050000000000004,313.51675665222837,17.913151286487132,0.4513265630256269
1102,-295.1,-1.0236700022797294,17.554578537820984,0.44229222821418457
1103,346.17500000000007,48.123271662487156,17.64048102780784,0.4444565640667131
1104,227.00000000000003,-256.5877666590676,17.61013828032165,0.4436920705548413
1105,-130.525,146.41715499202095,17.645036902712793,0.4445713505344619
1106,39.72500000000001,-286.0759316579277,17.78425923446155,0.4480790938387894
1107,68.10000000000001,293.85797998632165,17.95962735499129,0.4524975398082966
1108,96.47500000000001,264.3698149874615,17.96318352692449,0.4525871384964598
1109,-209.97500000000002,166.0759316579277,17.79585657747424,0.44837129194946435
1110,181.60000000000002,156.2465433249743,17.529292769840726,0.44165514663241945
1111,-238.35000000000002,-118.97632999772027,17.63200325981663,0.4442429644700588
1112,334.82500000000005,48.123271662487156,17.75165371646483,0.44725758922813885
1113,102.15,-236.92898999316083,17.680159618185456,0.445456276598273
1114,-5.675000000000001,323.34614498518175,17.68236282791128,0.44551178704739935
1115,306.45000000000005,136.58776665906757,17.71954859584322,0.4464486922611041
1116,34.050000000000004,-295.9053199908811,17.772884020788265,0.44779249233530527
1117,-90.80000000000001,-236.92898999316083,17.729801898553134,0.4467070269224776
1118,-232.675,-50.17061166704662,17.731574561274336,0.4467516896264635
1119,-329.15000000000003,77.61143666134728,17.980756857490068,0.4530299031869506
1120,266.725,-168.12327166248716,17.67202359928666,0.4452512874599814
1121,45.400000000000006,-276.2465433249743,17.788911184849944,0.4481963009536393
1122,317.80000000000007,18.635106663627028,17.72240474134362,0.44652065359898263
1123,-5.675000000000001,-325.39348498974124,17.744161756702912,0.4470688273293755
1124,28.375000000000004,-305.73470832383447,17.770124670791855,0.4477229697856351
1125,113.50000000000001,-236.92898999316083,17.639522055174016,0.44443240249871546
1126,261.05,-158.2938833295338,17.685305709303847,0.4455859337189178
1127,-266.725,-168.12327166248716,17.721192266609307,0.4464901049788186
1128,5.675000000000001,-325.39348498974124,17.76110927504408,0.44749582451610187
1129,-153.22500000000002,146.41715499202095,17.647232846147848,0.4446266779074792
1130,-232.675,-109.1469416647669,17.597228579795832,0.4433668072510918
1131,102.15,254.5404266545081,17.81867889190345,0.44894630617040693
1132,11.350000000000001,313.51675665222837,17.950900184969164,0.4522776564618081
1133,187.27500000000003,-246.75837832611418,17.66994707065585,0.4451989687743979
1134,-244.02500000000003,166.0759316579277,18.113379484348723,0.45637136518893234
1135,-158.90000000000003,-236.92898999316083,17.66475436442939,0.4450681371738319
1136,295.1,-1.0236700022797294,17.735718670577388,0.4468561015514585
1137,215.65000000000003,-79.65877666590676,17.797310520049123,0.4484079244154478
1138,130.52500000000003,146.41715499202095,17.62618665413438,0.4440964135584374
1139,136.20000000000002,-236.92898999316083,17.690025791175504,0.44570485742442695
1140,-323.475,28.464494996580413,17.764810739670747,0.44758908389193114
1141,-215.65000000000003,-79.65877666590676,17.90101670046408,0.4510208289358549
1142,147.55,-236.92898999316083,17.74904887227553,0.4471919594929587
1143,-255.375,-30.511835001139865,17.672771605218475,0.4452701336663763
1144,-221.32500000000002,166.0759316579277,18.040788737397243,0.4545424222070356
1145,295.1,136.58776665906757,17.946146096304606,0.4521578759461982
1146,22.700000000000003,-315.56409665678785,17.748955011613088,0.4471895946488559
1147,51.075,-266.417154992021,17.862446691809033,0.4500490474126741
1148,-244.02500000000003,-128.80571833067364,17.784004125741863,0.44807266630742915
1149,227.00000000000003,-60.0,17.652328147467962,0.4447550553657839
1150,-255.375,166.0759316579277,18.061712654209074,0.45506960580017825
1151,266.725,-187.78204832839393,17.818987758243438,0.4489540881391645
1152,255.37500000000006,166.0759316579277,17.892055244741496,0.4507950426994582
1153,-278.07500000000005,146.41715499202095,17.891687692072622,0.4507857821131928
1154,209.97500000000002,166.0759316579277,17.577794527807022,0.44287716119443243
1155,56.75000000000001,293.85797998632165,18.08184958324115,0.4555769610290036
1156,-323.475,107.09960166020744,17.661161466012626,0.44497761315224554
1157,329.15000000000003,38.293883329533784,17.845462093323466,0.44962111598194676
1158,-39.72500000000001,303.687368319275,18.107897173411192,0.45623323692142087
1159,-22.700000000000003,-315.56409665678785,17.750403341980213,0.4472260857137872
1160,-107.82500000000002,205.39348498974124,17.689705610576365,0.4456967903899311
1161,-102.15,254.5404266545081,17.575287830658155,0.4428140042997772
1162,266.725,-207.44082499430067,17.884856079612735,0.4506136578385673
1163,107.825,244.71103832155472,17.66463379095936,0.44506509929350874
1164,323.4750000000001,28.464494996580413,17.865840171230474,0.4501345470201682
1165,56.75000000000001,-256.5877666590676,17.916794129580957,0.45141834541650183
1166,113.50000000000001,175.90531999088108,17.69302258747293,0.44578036249616865
1167,-181.60000000000002,156.2465433249743,17.651461525111532,0.4447332205873402
1168,-96.47500000000001,264.3698149874615,17.743810680961005,0.4470599818836232
1169,-17.025000000000002,323.34614498518175,17.670589563897206,0.4452151565607762
1170,323.4750000000001,87.44082499430067,17.84070981558668,0.44950138109313886
1171,-255.375,-148.4644949965804,17.88446882297566,0.45060390080563517
1172,-56.75000000000001,293.85797998632165,18.264909162421883,0.4601891953243105
1173,-266.725,-187.78204832839393,17.72521706863642,0.44659151092558386
1174,-334.82500000000005,48.123271662487156,17.917616413034597,0.45143906306461573
1175,79.45000000000002,274.1992033204149,18.23043172624243,0.4593205272421877
1176,-329.15000000000003,38.293883329533784,17.945006260509942,0.4521291574832437
1177,312.12500000000006,126.75837832611418,17.703464197742786,0.4460434416160944
1178,329.15000000000003,77.61143666134728,17.824439896685615,0.4490914562027114
1179,-266.725,-207.44082499430067,17.875611399482597,0.450380735688652
1180,-232.675,166.0759316579277,18.12375364930573,0.4566327450064432
1181,-68.10000000000001,293.85797998632165,18.087418529658095,0.45571727210022916
1182,-51.075,-266.417154992021,17.917264247920716,0.45143019017184977
1183,90.80000000000001,-236.92898999316083,17.864230966966236,0.4500940026950425
1184,261.05,156.2465433249743,18.157515790970844,0.45748339105494695
1185,-261.05,-158.2938833295338,17.838141308214787,0.4494366668736404
1186,11.350000000000001,-315.56409665678785,17.93146681678718,0.4517880276338418
1187,-300.77500000000003,8.805718330673642,17.81193768642084,0.4487764597233772
1188,221.32500000000005,166.0759316579277,17.79832461668882,0.448433474847287
1189,-39.72500000000001,-286.0759316579277,17.910785110291137,0.4512669465933771
1190,0.0,313.51675665222837,17.934444435753413,0.4518630495276748
1191,164.57500000000005,146.41715499202095,17.818807161125527,0.4489495379472292
1192,-34.050000000000004,-295.9053199908811,17.895369684616682,0.4508785508847741
1193,-45.400000000000006,-276.2465433249743,17.930007691523922,0.4517512645886602
1194,73.775,284.02859165336827,18.273690185487574,0.46041043551241057
1195,-198.625,-246.75837832611418,17.903317595454226,0.4510788005909354
1196,278.07500000000005,-10.853058335233108,17.88628739176018,0.4506497201249731
1197,255.37500000000006,-30.511835001139865,17.74770832399142,0.44715818402598695
1198,-28.375000000000004,-305.73470832383447,17.859508138672336,0.4499750097927019
1199,0.0,-315.56409665678785,17.98061923209375,0.4530264356788549
1200,244.02500000000003,166.0759316579277,17.924301610825434,0.45160749838310493
1201,-73.77500000000002,284.02859165336827,18.15269562111622,0.45736194560635474
1202,-11.350000000000001,-315.56409665678785,17.95199948522378,0.4523053536211585
1203,317.80000000000007,97.27021332725406,17.91317044627904,0.45132704576162863
1204,198.62500000000003,-246.75837832611418,17.872424310135838,0.45030043613343007
1205,-249.70000000000005,-138.63510666362703,17.961965305008995,0.45255644507455267
1206,-329.15000000000003,57.95265999544054,18.27225765905218,0.4603743426317002
1207,-22.700000000000003,313.51675665222837,18.054602005354898,0.454890451130131
1208,158.90000000000003,-236.92898999316083,17.837996500713754,0.4494330184105254
1209,266.725,146.41715499202095,18.32668214500661,0.46174558188477227
1210,232.67500000000004,166.0759316579277,17.875716911554047,0.45038339409307254
1211,261.05,-177.95265999544054,17.99292745366794,0.4533365445620544
1212,300.77500000000003,8.805718330673642,18.04914756345012,0.45475302503023735
1213,-238.35000000000002,-40.34122333409324,17.953637540046337,0.4523466248436971
1214,107.825,225.05226165564795,17.754345456938108,0.44732540833807277
1215,-170.25000000000003,-236.92898999316083,17.909794641475955,0.4512419914707976
1216,39.72500000000001,303.687368319275,17.90979819911571,0.4512420811064679
1217,329.15000000000003,57.95265999544054,17.92730097307444,0.4516830681046723
1218,-56.75000000000001,-256.5877666590676,18.026899062309695,0.45419246818618536
1219,-261.05,156.2465433249743,18.19270856320304,0.45837008221725983
1220,232.67500000000004,-50.17061166704662,17.74457618218817,0.44707926888859084
1221,-278.07500000000005,-10.853058335233108,17.78966996434915,0.4482154186029013
1222,107.825,205.39348498974124,17.87846710767598,0.45045268600846516
1223,62.42500000000001,-246.75837832611418,18.03358376979155,0.4543608911512107
1224,-283.75000000000006,136.58776665906757,18.061993092486073,0.45507667151640396
1225,17.025000000000002,-305.73470832383447,18.02438651944676,0.45412916400722503
1226,-119.17500000000003,-227.09960166020744,18.04638020021397,0.45468330058488216
1227,-62.42500000000001,-246.75837832611418,18.104308320663932,0.4561428148315428
1228,-323.475,87.44082499430067,18.02404125290969,0.4541204649259181
1229,-306.45000000000005,116.92898999316083,18.103305645378274,0.45611755216372574
1230,312.12500000000006,107.09960166020744,18.0078517206128,0.4537125653971479
1231,-107.82500000000002,-227.09960166020744,18.070469214434432,0.4552902296405753
1232,17.025000000000002,303.687368319275,18.24479118414816,0.45968231756483147
1233,-45.400000000000006,293.85797998632165,18.53899854324293,0.46709494943922725
1234,-79.45000000000002,-236.92898999316083,18.00859083915006,0.45373118768329707
1235,-266.725,146.41715499202095,18.221536069536445,0.4590963988293385
1236,232.67500000000004,-246.75837832611418,18.01722592157457,0.4539487508585178
1237,-130.525,-227.09960166020744,18.053293032716407,0.45485747121986414
1238,192.95000000000002,156.2465433249743,17.78452503119706,0.4480857906575223
1239,28.375000000000004,-286.0759316579277,18.151525769800358,0.4573324708944409
1240,-272.40000000000003,-217.27021332725406,17.923928301920267,0.45159809276695057
1241,34.050000000000004,-276.2465433249743,18.198692544119584,0.45852085019197747
1242,79.45000000000002,-236.92898999316083,18.039782285776116,0.4545170643934522
1243,227.00000000000003,-118.97632999772027,17.979495376361815,0.45299811983778826
1244,283.75000000000006,136.58776665906757,18.222551963281877,0.45912199453972985
1245,22.700000000000003,-295.9053199908811,18.104143040572612,0.4561386505561253
1246,-17.025000000000002,-305.73470832383447,18.037122350072647,0.4544500466130675
1247,-323.475,67.78204832839393,18.38687165061188,0.46326207232582217
1248,221.32500000000005,-109.1469416647669,18.069507897715177,0.45526600901272807
1249,-289.425,126.75837832611418,18.247564165138165,0.4597521835509742
1250,-102.15,234.88164998860134,17.798537823825082,0.44843884665722056
1251,238.35000000000002,-138.63510666362703,18.178841269448593,0.4580206920999898
1252,255.37500000000006,-168.12327166248716,18.081803271474005,0.45557579419183686
1253,170.25000000000003,-236.92898999316083,18.001510448432587,0.45355279537497073
1254,-232.675,-246.75837832611418,18.037584698668574,0.45446169560767385
1255,261.05,-20.682446668186486,18.064239902911215,0.45513328049662927
1256,-113.50000000000001,156.2465433249743,18.110931554107843,0.4563096889419966
1257,261.05,-197.61143666134728,18.161536473955227,0.45758469322134615
1258,-79.45000000000002,274.1992033204149,18.178120188411317,0.4580025242734018
1259,272.40000000000003,-217.27021332725406,17.98007815583716,0.45301280312010983
1260,221.32500000000005,-246.75837832611418,18.03159845181806,0.4543108705421532
1261,323.4750000000001,67.78204832839393,18.165953409491983,0.4576959790751319
1262,5.675000000000001,-305.73470832383447,18.143960545844667,0.45714186308502563
1263,85.12500000000001,264.3698149874615,18.42138629803132,0.4641316779549337
1264,-261.05,-197.61143666134728,18.107378990705847,0.4562201811717271
1265,28.375000000000004,303.687368319275,18.039091122718673,0.45449965035824325
1266,-261.05,-177.95265999544054,17.985380046544492,0.45314638565241855
1267,-164.57500000000002,146.41715499202095,17.932460817023514,0.4518130717315071
1268,244.02500000000003,-148.4644949965804,18.199155630561336,0.45853251777680365
1269,-317.80000000000007,97.27021332725406,18.09781838234261,0.45597929912679797
1270,-96.47500000000001,-227.09960166020744,18.226040821992026,0.4592098972535154
1271,-209.97500000000002,-246.75837832611418,18.0867724797581,0.4557009947029
1272,-141.875,-227.09960166020744,18.109252298546544,0.4562673796559976
1273,-221.32500000000002,-246.75837832611418,18.053558145893685,0.45486415081616743
1274,-261.05,-20.682446668186486,18.017297749521937,0.45395056058256333
1275,-85.12500000000001,264.3698149874615,18.159393586105647,0.45753070259777395
1276,209.97500000000002,-246.75837832611418,18.023574841608525,0.4541087135703836
1277,-181.60000000000002,-236.92898999316083,18.15756022037069,0.4574845104653739
1278,232.67500000000004,-128.80571833067364,18.155799311529808,0.45744014390349735
1279,-62.42500000000001,284.02859165336827,18.41656356682659,0.46401016797245126
1280,215.65000000000003,-99.31755333181351,18.167568374956986,0.45773666855522765
1281,249.70000000000005,-236.92898999316083,18.13357998450592,0.45688032210899276
1282,62.42500000000001,284.02859165336827,18.380980137652994,0.4631136341056436
1283,-107.82500000000002,185.73470832383447,17.976486105086664,0.4529223004556983
1284,-306.45000000000005,18.635106663627028,18.098566220520826,0.4559981411065968
1285,-317.80000000000007,77.61143666134728,18.458193496991452,0.46505904502372014
1286,-102.15,215.22287332269457,17.95236696854063,0.4523146124600814
1287,119.17500000000001,-227.09960166020744,18.153845897789015,0.45739092712998275
1288,249.70000000000005,-158.2938833295338,18.168702951538094,0.45776525451091193
1289,244.02500000000003,-246.75837832611418,18.087633442370738,0.4557226868826087
1290,-119.17500000000003,146.41715499202095,18.157803564134294,0.457490641575568
1291,272.40000000000003,136.58776665906757,18.506680655383338,0.466280691745612
1292,45.400000000000006,293.85797998632165,18.37213714075004,0.46289083247039664
1293,11.350000000000001,-295.9053199908811,18.289500350342703,0.46080877677860177
1294,-255.375,-168.12327166248716,18.200902918705065,0.45857654116162927
1295,300.77500000000003,126.75837832611418,18.09193253944486,0.45583100376530256
1296,261.05,-217.27021332725406,18.14112992630701,0.45707054488049914
1297,-283.75000000000006,-1.0236700022797294,18.090534097040113,0.4557957696407184
1298,306.45000000000005,18.635106663627028,18.223664786961987,0.45915003242534613
1299,-192.95000000000002,156.2465433249743,18.06165372679268,0.4550681211084072
1300,-244.02500000000003,-30.511835001139865,18.205661130284827,0.4586964255551733
1301,-204.3,156.2465433249743,18.312255609360836,0.46138210152080716
1302,238.35000000000002,-40.34122333409324,18.015982975085407,0.4539174344944673
1303,-90.80000000000001,254.5404266545081,18.06983489888726,0.4552742478933551
1304,-261.05,-217.27021332725406,18.127127562091804,0.4567177516274075
1305,90.80000000000001,254.5404266545081,18.501590257003613,0.4661524378181813
1306,312.12500000000006,28.464494996580413,18.2755678688993,0.46045774424034525
1307,209.97500000000002,-89.48816499886013,18.270678242521882,0.460334548816374
1308,68.10000000000001,-236.92898999316083,18.265358250282816,0.4602005102112073
1309,39.72500000000001,-266.417154992021,18.298234865896845,0.4610288451977034
1310,-28.375000000000004,-286.0759316579277,18.22732093011947,0.45924214991482665
1311,283.75000000000006,-1.0236700022797294,18.21566444971695,0.45894846182204463
1312,-96.47500000000001,244.71103832155472,17.994795350743708,0.45338360672067796
1313,-11.350000000000001,313.51675665222837,18.09251478262755,0.4558456735355896
1314,-323.475,48.123271662487156,18.376042929718697,0.46298923985181906
1315,204.3,156.2465433249743,18.079029417049767,0.4555059061992887
1316,107.825,185.73470832383447,18.08215527229664,0.45558466294524164
1317,175.92500000000004,146.41715499202095,18.11821594241145,0.4564932210232162
1318,181.60000000000002,-236.92898999316083,18.195196108530435,0.45843275657673055
1319,136.20000000000002,136.58776665906757,18.23064191373057,0.45932582297129176
1320,-22.700000000000003,-295.9053199908811,18.195785233979986,0.4584475997475431
1321,-5.675000000000001,-305.73470832383447,18.193654192139615,0.4583939075872919
1322,45.400000000000006,-256.5877666590676,18.335433985366045,0.46196608680690465
1323,147.55,136.58776665906757,18.256556801201807,0.4599787553842733
1324,255.37500000000006,-187.78204832839393,18.273972321726692,0.46041754400923895
1325,-215.65000000000003,-60.0,18.292625314844233,0.4608875110819913
1326,113.50000000000001,156.2465433249743,18.179936878217486,0.45804829625138543
1327,-221.32500000000002,-109.1469416647669,18.10977165592061,0.4562804650017791
1328,317.80000000000007,38.293883329533784,18.302191988550167,0.4611285459448266
1329,107.825,-227.09960166020744,18.24654079793533,0.45972639954485595
1330,102.15,234.88164998860134,18.130208920209974,0.45679538725648716
1331,-227.00000000000003,-118.97632999772027,18.237449836780975,0.4594973503850082
1332,5.675000000000001,303.687368319275,18.35239215550706,0.4623933523685327
1333,-39.72500000000001,-266.417154992021,18.34482940072313,0.46220280677055
1334,130.52500000000003,-227.09960166020744,18.220670577847383,0.45907459253835686
1335,-249.70000000000005,156.2465433249743,18.504442909825755,0.46622431115711155
1336,-34.050000000000004,-276.2465433249743,18.350159318787036,0.4623370954594869
1337,-209.97500000000002,-69.82938833295339,18.358270941330254,0.4625414699251765
1338,-215.65000000000003,-99.31755333181351,18.188811334263008,0.4582718905080123
1339,-68.10000000000001,-236.92898999316083,18.337030833899977,0.46200631982615215
1340,96.47500000000001,-227.09960166020744,18.285657617409267,0.4607119581105888
1341,-255.375,-187.78204832839393,18.23339601240249,0.45939521321245885
1342,-153.22500000000002,-227.09960166020744,18.219027143092763,0.45903318576701346
1343,119.17500000000001,146.41715499202095,18.167167592599554,0.45772657073821
1344,-209.97500000000002,-89.48816499886013,18.290130818788253,0.46082466159708374
1345,255.37500000000006,-227.09960166020744,18.20327199272222,0.4586362306052462
1346,-249.70000000000005,-236.92898999316083,18.071623890565675,0.4553193220097172
1347,-232.675,-128.80571833067364,18.3753798986983,0.4629725346106903
1348,323.4750000000001,48.123271662487156,18.26567196054074,0.4602084142237526
1349,-317.80000000000007,57.95265999544054,18.665671971104615,0.4702865198061128
1350,-255.375,146.41715499202095,18.618997926143038,0.4691105549544731
1351,-255.375,-227.09960166020744,18.120416712386298,0.4565486700021743
1352,-51.075,284.02859165336827,18.733848459326936,0.4720042443770959
1353,-238.35000000000002,156.2465433249743,18.61756192418204,0.46907437450698014
1354,249.70000000000005,-177.95265999544054,18.404890994367143,0.46371607443605806
1355,306.45000000000005,116.92898999316083,18.113283444430685,0.45636894543791096
1356,-244.02500000000003,-246.75837832611418,18.141542715901284,0.45708094522301046
1357,209.97500000000002,-69.82938833295339,18.31836084787554,0.46153592461263643
1358,-221.32500000000002,-50.17061166704662,18.36967792608162,0.4628288719093379
1359,-85.12500000000001,-227.09960166020744,18.372477771911317,0.46289941476218993
1360,96.47500000000001,244.71103832155472,18.377499283044248,0.4630259330573003
1361,-238.35000000000002,-138.63510666362703,18.39689965559393,0.4635147305516234
1362,-312.12500000000006,28.464494996580413,18.282874701844484,0.46064184182021883
1363,-34.050000000000004,293.85797998632165,18.610302736685416,0.46889147736672754
1364,-28.375000000000004,303.687368319275,18.392984991071128,0.4634160995482774
1365,-192.95000000000002,-236.92898999316083,18.3438183362962,0.46217733273610984
1366,-124.85000000000002,136.58776665906757,18.37488149313968,0.46295997715141546
1367,204.3,-79.65877666590676,18.492012544738465,0.46591112483594016
1368,17.025000000000002,-286.0759316579277,18.440777060767005,0.464620233327463
1369,-215.65000000000003,156.2465433249743,18.526368734619492,0.4667767380856511
1370,-289.425,8.805718330673642,18.325804524307138,0.4617234700001799
1371,102.15,215.22287332269457,18.241310369417054,0.4595946175212158
1372,-312.12500000000006,107.09960166020744,18.155877066249317,0.45744210295412746
1373,68.10000000000001,274.1992033204149,18.667304758194472,0.47032765830673906
1374,-136.20000000000002,136.58776665906757,18.318942685041744,0.4615505841532312
1375,-45.400000000000006,-256.5877666590676,18.439560496838038,0.4645895816789629
1376,-11.350000000000001,-295.9053199908811,18.364178754533377,0.4626903188343003
1377,238.35000000000002,-236.92898999316083,18.358971472060478,0.46255911998136756
1378,-317.80000000000007,38.293883329533784,18.42701170754749,0.46427341162881053
1379,317.80000000000007,77.61143666134728,18.309599255787035,0.4613151739931226
1380,215.65000000000003,156.2465433249743,18.293370874880356,0.4609062956634003
1381,0.0,-295.9053199908811,18.42580832916604,0.4642430921936518
1382,-68.10000000000001,274.1992033204149,18.53457536821173,0.46698350637973624
1383,-204.3,-79.65877666590676,18.59629825338851,0.4685386307228146
1384,255.37500000000006,146.41715499202095,18.589840139811653,0.4683759168508857
1385,22.700000000000003,-276.2465433249743,18.510848113365753,0.466385691946731
1386,51.075,284.02859165336827,18.583481242981424,0.468215702771011
1387,-227.00000000000003,156.2465433249743,18.548920811815844,0.46734494360836093
1388,141.87500000000003,-227.09960166020744,18.292917796624703,0.4608948802374579
1389,124.85000000000002,136.58776665906757,18.338247678574533,0.4620369785481112
1390,255.37500000000006,-207.44082499430067,18.361604056200814,0.46262544863191774
1391,-164.57500000000002,-227.09960166020744,18.39205728468449,0.4633927257416098
1392,249.70000000000005,156.2465433249743,18.316837363229396,0.46149754001585785
1393,-255.375,-207.44082499430067,18.342240859360636,0.46213758778938363
1394,238.35000000000002,156.2465433249743,18.339434831876233,0.4620668891881137
1395,73.775,264.3698149874615,18.741810639728918,0.4722048536086903
1396,-249.70000000000005,-158.2938833295338,18.341981975961737,0.46213106515398683
1397,227.00000000000003,156.2465433249743,18.36946937300521,0.4628236173596677
1398,51.075,-246.75837832611418,18.447543724975255,0.4647907212137882
1399,312.12500000000006,87.44082499430067,18.38900345428169,0.46331578368056664
1400,317.80000000000007,57.95265999544054,18.49063170185762,0.4658763341359945
1401,28.375000000000004,-266.417154992021,18.601452897161415,0.46866850332984167
1402,244.02500000000003,-168.12327166248716,18.52560111591358,0.466757397730249
1403,-17.025000000000002,-286.0759316579277,18.465525384244536,0.46524377385347787
1404,85.12500000000001,-227.09960166020744,18.4290394689972,0.46432450161242633
1405,244.02500000000003,-30.511835001139865,18.305841406300672,0.46122049398590764
1406,306.45000000000005,97.27021332725406,18.532088379046478,0.46692084603291706
1407,-238.35000000000002,-236.92898999316083,18.37756509479645,0.4630275912017246
1408,-266.725,-10.853058335233108,18.31595179030237,0.4614752277727985
1409,215.65000000000003,-118.97632999772027,18.518553180783712,0.46657982314899754
1410,-272.40000000000003,136.58776665906757,18.412818691538657,0.4639158148535817
1411,-96.47500000000001,225.05226165564795,18.298612299810696,0.4610383547445376
1412,-107.82500000000002,166.0759316579277,18.355159859718704,0.46246308540485526
1413,-244.02500000000003,-148.4644949965804,18.41722278788467,0.4640267772205762
1414,249.70000000000005,-197.61143666134728,18.571238099586292,0.46790723354966723
1415,-175.925,146.41715499202095,18.269807911353254,0.4603126205934305
1416,261.05,136.58776665906757,18.78057372169498,0.4731814996647766
1417,-295.1,116.92898999316083,18.560161290753285,0.4676281504347011
1418,-113.50000000000001,-217.27021332725406,18.548033543443868,0.46732258864811965
1419,-39.72500000000001,284.02859165336827,18.892260912289608,0.4759954878379846
1420,-5.675000000000001,303.687368319275,18.437375842137772,0.4645345387285909
1421,-124.85000000000002,-217.27021332725406,18.538456702357177,0.4670812976154492
1422,221.32500000000005,-128.80571833067364,18.60227551530391,0.4686892294105293
1423,-102.15,195.56409665678785,18.30333689163243,0.46115739207942635
1424,289.42500000000007,126.75837832611418,18.474535409841717,0.46547078382065304
1425,5.675000000000001,-286.0759316579277,18.61599383072583,0.4690348659794868
1426,158.90000000000003,136.58776665906757,18.44747529496223,0.46478899710159316
1427,266.725,-10.853058335233108,18.41847668310952,0.46405836944090506
1428,56.75000000000001,-236.92898999316083,18.585698775669815,0.46827157409095027
1429,215.65000000000003,-60.0,18.37733350107003,0.46302175613681107
1430,227.00000000000003,-236.92898999316083,18.484813072442247,0.4657297322358843
1431,-147.55,136.58776665906757,18.39568115148812,0.4634840300198569
1432,-51.075,-246.75837832611418,18.579440406881048,0.4681138928415482
1433,-22.700000000000003,-158.2938833295338,18.572655724710984,0.4679429509879311
1434,-249.70000000000005,-20.682446668186486,18.50229085714231,0.46617008962313705
1435,204.3,-236.92898999316083,18.482218473542492,0.4656643606334717
1436,34.050000000000004,293.85797998632165,18.428235537462594,0.4643042463457444
1437,-227.00000000000003,-40.34122333409324,18.567757093853743,0.46781952869371995
1438,-249.70000000000005,-177.95265999544054,18.420933421561223,0.4641202676130316
1439,-312.12500000000006,87.44082499430067,18.581130108881183,0.4681564653283241
1440,192.95000000000002,-236.92898999316083,18.41806180187828,0.4640479163990497
1441,22.700000000000003,293.85797998632165,18.55185044074455,0.4674187563805631
1442,-73.77500000000002,-227.09960166020744,18.62858656953417,0.46935214334931147
1443,215.65000000000003,-236.92898999316083,18.55255954847394,0.4674366225365065
1444,153.22500000000002,-227.09960166020744,18.388641171510944,0.46330665587077213
1445,102.15,195.56409665678785,18.45199842687245,0.4649029586009688
1446,-249.70000000000005,-197.61143666134728,18.557740407566598,0.46756715564541695
1447,278.07500000000005,126.75837832611418,18.79750759712789,0.4736081531148373
1448,-249.70000000000005,-217.27021332725406,18.473514172318236,0.46544505347236675
1449,-102.15,-217.27021332725406,18.66985608205448,0.4703919395831313
1450,-136.20000000000002,-217.27021332725406,18.57898858418965,0.46810250904987777
1451,34.050000000000004,-256.5877666590676,18.686436016167455,0.47080967538844687
1452,289.42500000000007,8.805718330673642,18.563936699744996,0.4677232728582766
1453,-85.12500000000001,244.71103832155472,18.52210553733588,0.46666932570763114
1454,-175.925,-227.09960166020744,18.5791707334656,0.4681070983488435
1455,227.00000000000003,-138.63510666362703,18.649367991512136,0.4698757367475973
1456,249.70000000000005,-217.27021332725406,18.554187216067007,0.4674776320500632
1457,187.27500000000003,146.41715499202095,18.363345144746365,0.462669315816235
1458,-22.700000000000003,-276.2465433249743,18.613094763762888,0.46896182322405866
1459,-312.12500000000006,67.78204832839393,18.89778755439899,0.4761347330410429
1460,164.57500000000005,-227.09960166020744,18.505958413742082,0.4662624946773012
1461,-261.05,136.58776665906757,18.773857016355166,0.4730122705052952
1462,-5.675000000000001,-286.0759316579277,18.590183316578358,0.46838456327987804
1463,11.350000000000001,-276.2465433249743,18.763650623117545,0.47275511774042694
1464,79.45000000000002,254.5404266545081,18.8971091125767,0.47611763952070296
1465,-17.025000000000002,303.687368319275,18.473617125180404,0.4654476473968356
1466,244.02500000000003,-227.09960166020744,18.544829707819055,0.467241867166013
1467,-204.3,-236.92898999316083,18.545699700013092,0.4672637868484024
1468,22.700000000000003,-158.2938833295338,18.595406345457118,0.4685161588676523
1469,244.02500000000003,-187.78204832839393,18.741508730873353,0.4721972469355846
1470,-295.1,18.635106663627028,18.527171950258335,0.46679697531515085
1471,107.825,166.0759316579277,18.402137109382164,0.46364668957878974
1472,-28.375000000000004,-266.417154992021,18.68950372142484,0.4708869670301043
1473,-90.80000000000001,234.88164998860134,18.42382113023312,0.46419302419332625
1474,-56.75000000000001,274.1992033204149,18.885064787528645,0.47581417957996086
1475,56.75000000000001,274.1992033204149,18.874360158515962,0.4755444736335592
1476,73.775,-227.09960166020744,18.659022304022518,0.47011897969318517
1477,221.32500000000005,-50.17061166704662,18.462284620018536,0.4651621219455414
1478,96.47500000000001,225.05226165564795,18.616709642199318,0.4690529010380277
1479,238.35000000000002,-158.2938833295338,18.664960749040628,0.4702686003789526
1480,17.025000000000002,-266.417154992021,18.783636389781307,0.473258664393583
1481,-56.75000000000001,-236.92898999316083,18.725478075634207,0.4717933503561151
1482,-227.00000000000003,-236.92898999316083,18.524843438679138,0.466738307852838
1483,-215.65000000000003,-236.92898999316083,18.61433590227585,0.46899309403567274
1484,11.350000000000001,293.85797998632165,18.81838828886186,0.47413424764076245
1485,-244.02500000000003,146.41715499202095,18.852892632569475,0.4750035936651417
1486,-187.275,146.41715499202095,18.591127006716977,0.4684083398013852
1487,-147.55,-217.27021332725406,18.72105348521176,0.4716818716354689
1488,295.1,116.92898999316083,18.538334870409564,0.46707822802745186
1489,-232.675,-30.511835001139865,18.7521251576986,0.4724647306046511
1490,-300.77500000000003,107.09960166020744,18.651595521694954,0.46993185995704095
1491,-34.050000000000004,-256.5877666590676,18.762468971310224,0.4727253457120238
1492,39.72500000000001,-246.75837832611418,18.758394205956144,0.47262268092608073
1493,-278.07500000000005,126.75837832611418,18.688326355327018,0.47085730298128037
1494,-90.80000000000001,-217.27021332725406,18.795259463276338,0.47355151079053515
1495,85.12500000000001,244.71103832155472,18.94658616353952,0.47736422684654883
1496,-34.050000000000004,-158.2938833295338,18.804419755449445,0.47378230676365446
1497,-244.02500000000003,-227.09960166020744,18.491739022824877,0.46590423337931164
1498,-272.40000000000003,-1.0236700022797294,18.601574081769268,0.4686715566079433
1499,-73.77500000000002,264.3698149874615,18.79068461958423,0.47343624639919957
1500,-300.77500000000003,28.464494996580413,18.76268055619476,0.47273067664889795
1501,-51.075,-148.4644949965804,18.73978163724086,0.4721537323567866
1502,232.67500000000004,-148.4644949965804,18.710351827727383,0.47141224055750525
1503,209.97500000000002,-109.1469416647669,18.651483963471588,0.46992904921823103
1504,272.40000000000003,-1.0236700022797294,18.776285963691905,0.4730734684729631
1505,5.675000000000001,-168.12327166248716,19.077291110711272,0.48065737240391215
1506,-221.32500000000002,-128.80571833067364,18.871768071553756,0.4754791653200745
1507,-79.45000000000002,254.5404266545081,18.651115361639665,0.46991976219802634
1508,232.67500000000004,146.41715499202095,18.78866320675203,0.4733853163706735
1509,312.12500000000006,48.123271662487156,18.690052696196577,0.4709007985940181
1510,90.80000000000001,234.88164998860134,18.842873156954756,0.4747511503389961
1511,-244.02500000000003,-168.12327166248716,18.62682308124982,0.46930771179767755
1512,-17.025000000000002,-168.12327166248716,18.984184488651806,0.4783115265470347
1513,39.72500000000001,284.02859165336827,18.7346825448022,0.472025259380252
1514,175.92500000000004,-227.09960166020744,18.683127801037095,0.4707263240372158
1515,244.02500000000003,-207.44082499430067,18.793473546605817,0.47350651414980643
1516,300.77500000000003,28.464494996580413,18.798506720657464,0.47363332629522464
1517,300.77500000000003,107.09960166020744,18.60675832661568,0.46880217502181104
1518,198.62500000000003,146.41715499202095,18.589753773396193,0.4683737408263087
1519,295.1,18.635106663627028,18.732787504099257,0.47197751333079513
1520,-39.72500000000001,-246.75837832611418,18.892145080248422,0.4759925694192095
1521,-11.350000000000001,-276.2465433249743,18.75994215114248,0.4726616818126097
1522,-102.15,175.90531999088108,18.63429391499367,0.4694959414208534
1523,232.67500000000004,-227.09960166020744,18.78677090952401,0.4733376394437896
1524,-312.12500000000006,48.123271662487156,18.90133787716975,0.4762241843580184
1525,0.0,-276.2465433249743,18.82334790477123,0.4742592064694187
1526,22.700000000000003,-256.5877666590676,18.910910174040204,0.4764653608979644
1527,238.35000000000002,-177.95265999544054,18.903917316474846,0.4762891740104522
1528,-244.02500000000003,-187.78204832839393,18.753293488649216,0.4724941670105623
1529,204.3,-99.31755333181351,18.870029132155167,0.47543535228408085
1530,249.70000000000005,-20.682446668186486,18.65595519605578,0.47004170310042276
1531,312.12500000000006,67.78204832839393,18.702799949478496,0.4712219689966868
1532,-198.625,146.41715499202095,18.853216952978254,0.47501176500323145
1533,306.45000000000005,38.293883329533784,18.85841179242579,0.475142650350864
1534,-5.675000000000001,-168.12327166248716,19.017443600909427,0.4791494986371738
1535,-249.70000000000005,136.58776665906757,19.045461256160245,0.47985541083800065
1536,102.15,-217.27021332725406,18.81947483179764,0.4741616233761058
1537,-215.65000000000003,-118.97632999772027,18.81883375594849,0.4741454713012973
1538,124.85000000000002,-217.27021332725406,18.73881113189552,0.47212928021908596
1539,34.050000000000004,-158.2938833295338,18.82306749909704,0.47425214157462936
1540,-22.700000000000003,293.85797998632165,18.820095597315134,0.4741772637267608
1541,113.50000000000001,-217.27021332725406,18.750026638581453,0.4724118578629744
1542,-96.47500000000001,205.39348498974124,18.544696664894854,0.4672385151145088
1543,-283.75000000000006,116.92898999316083,18.958933321163123,0.4776753167337648
1544,209.97500000000002,146.41715499202095,18.71164958623163,0.47144493792470726
1545,-306.45000000000005,97.27021332725406,18.654725093931837,0.47001071035353587
1546,244.02500000000003,146.41715499202095,18.71025570919776,0.4714098188258443
1547,170.25000000000003,136.58776665906757,18.71359029740697,0.4714938346537408
1548,-232.675,-148.4644949965804,18.809728496441643,0.47391606189069396
1549,306.45000000000005,77.61143666134728,18.85752341942598,0.4751202675592336
1550,-158.90000000000003,136.58776665906757,18.626813797558647,0.4693074778926341
1551,-244.02500000000003,-207.44082499430067,18.8242396530492,0.4742816743020711
1552,17.025000000000002,-168.12327166248716,19.123889925651945,0.48183144181536774
1553,227.00000000000003,-40.34122333409324,18.673115339917832,0.4704740574431301
1554,-158.90000000000003,-217.27021332725406,18.837992278029642,0.47462817530938883
1555,-238.35000000000002,-158.2938833295338,18.79445726813351,0.4735312992727012
1556,45.400000000000006,274.1992033204149,19.08618106956558,0.48088135725788816
1557,5.675000000000001,-266.417154992021,18.994817666296814,0.47857943225741534
1558,232.67500000000004,-168.12327166248716,19.002510493475352,0.47877325506362695
1559,0.0,293.85797998632165,18.907098035187264,0.4763693130558646
1560,-255.375,-10.853058335233108,18.78287356967367,0.4732394449401277
1561,-45.400000000000006,274.1992033204149,19.247545588964183,0.4849469788098812
1562,-232.675,146.41715499202095,19.080905268199018,0.48074843205338924
1563,221.32500000000005,146.41715499202095,18.798956872312843,0.47364466798470256
1564,-306.45000000000005,77.61143666134728,18.96344262514373,0.4777889298348131
1565,-17.025000000000002,-266.417154992021,18.910452863514728,0.47645383883886944
1566,-227.00000000000003,-138.63510666362703,18.9254771449559,0.4768323795655304
1567,-306.45000000000005,57.95265999544054,19.182470603405562,0.48330739741510614
1568,-204.3,-99.31755333181351,18.843247148323258,0.4747605731499939
1569,102.15,175.90531999088108,18.710146778862086,0.4714070742973567
1570,-45.400000000000006,-158.2938833295338,19.079524222971745,0.480713636255272
1571,62.42500000000001,-227.09960166020744,18.879845604763663,0.4756826808960359
1572,-209.97500000000002,-109.1469416647669,18.750850491276445,0.47243261504853734
1573,28.375000000000004,-246.75837832611418,19.05300916900981,0.48004558248953916
1574,-28.375000000000004,-168.12327166248716,19.17471161882107,0.48311190775563295
1575,-232.675,-227.09960166020744,18.740624066649325,0.4721749575875365
1576,-79.45000000000002,-217.27021332725406,18.98057219960768,0.4782205139734865
1577,141.87500000000003,126.75837832611418,18.952914120356272,0.47752366138463775
1578,238.35000000000002,-217.27021332725406,18.84979364245071,0.4749255137931648
1579,130.52500000000003,126.75837832611418,18.94465882286129,0.47731566699071026
1580,-306.45000000000005,38.293883329533784,18.87500389156459,0.47556069265720813
1581,-187.275,-227.09960166020744,18.849280760294757,0.47491259159220856
1582,-221.32500000000002,146.41715499202095,19.107648244987388,0.48142222839474397
1583,-198.625,-69.82938833295339,19.052547426784837,0.4800339487726087
1584,-107.82500000000002,146.41715499202095,18.86020624294236,0.47518786200409074
1585,-113.50000000000001,136.58776665906757,18.96549014285811,0.4778405175827188
1586,249.70000000000005,136.58776665906757,18.983511816335515,0.4782945783909175
1587,45.400000000000006,-236.92898999316083,18.89143909096597,0.47597478183335784
1588,-62.42500000000001,-227.09960166020744,18.936315364353142,0.4771054513568441
1589,-5.675000000000001,-266.417154992021,18.965625015223345,0.4778439157274716
1590,-209.97500000000002,146.41715499202095,18.98261310402613,0.47827193509766014
1591,-45.400000000000006,-236.92898999316083,19.02020574999591,0.47921909171065535
1592,238.35000000000002,-197.61143666134728,19.029131300371642,0.47944397330238453
1593,90.80000000000001,-217.27021332725406,18.998076397971644,0.47866153685995577
1594,136.20000000000002,-217.27021332725406,18.803857272344942,0.4737681348537401
1595,198.62500000000003,-89.48816499886013,18.974565794107487,0.4780691810054797
1596,62.42500000000001,264.3698149874615,19.162941299609567,0.4828153514640859
1597,278.07500000000005,8.805718330673642,19.038402549563013,0.479677564866793
1598,187.27500000000003,-227.09960166020744,18.93239242694137,0.47700661191588234
1599,45.400000000000006,-158.2938833295338,19.0865995496361,0.4808919009734468
1600,300.77500000000003,87.44082499430067,18.95108365505618,0.4774775423294578
1601,107.825,146.41715499202095,18.92278853982501,0.47676463945137343
1602,11.350000000000001,-256.5877666590676,19.141607063343955,0.482277829764272
1603,-238.35000000000002,-217.27021332725406,18.86029575714894,0.47519011733809374
1604,198.62500000000003,-69.82938833295339,19.039986774193064,0.4797174798234584
1605,-238.35000000000002,-177.95265999544054,18.877202761046338,0.4756160937527422
1606,51.075,-148.4644949965804,18.907967661128094,0.476391223510408
1607,266.725,126.75837832611418,19.138278605282427,0.4821939683870604
1608,28.375000000000004,-168.12327166248716,19.23148198479813,0.4845422520735231
1609,-278.07500000000005,8.805718330673642,18.86927366360115,0.47541631805495466
1610,113.50000000000001,136.58776665906757,18.991639707625943,0.4784993627519764
1611,-22.700000000000003,-256.5877666590676,19.025143443749478,0.47934349820482436
1612,-107.82500000000002,-207.44082499430067,19.0805455264717,0.48073936826585284
1613,-209.97500000000002,-50.17061166704662,19.083276998206976,0.48080818841539374
1614,232.67500000000004,-187.78204832839393,19.21176633472579,0.4840455110790071
1615,-39.72500000000001,-168.12327166248716,19.27352385004276,0.48560150793758533
1616,-62.42500000000001,264.3698149874615,19.12378292480308,0.4818287459008083
1617,-266.725,126.75837832611418,19.00409579984203,0.4788131972749315
1618,-170.25000000000003,136.58776665906757,18.82594828976655,0.47432472385403257
1619,232.67500000000004,-30.511835001139865,18.89773309554532,0.47613336093588615
1620,221.32500000000005,-227.09960166020744,19.057865973091683,0.4801679509471324
1621,227.00000000000003,-158.2938833295338,19.105136905270143,0.4813589545293561
1622,209.97500000000002,-227.09960166020744,19.08084584600732,0.48074693489562415
1623,34.050000000000004,-236.92898999316083,19.10561537936014,0.48137100981003134
1624,96.47500000000001,205.39348498974124,18.920506325341552,0.4767071384565773
1625,0.0,-256.5877666590676,19.150186220143212,0.4824939838786398
1626,-198.625,-227.09960166020744,19.032015744656288,0.479516647635583
1627,-198.625,-89.48816499886013,19.017544972535035,0.47915205272197114
1628,-119.17500000000003,-207.44082499430067,19.092513714468875,0.4810409099135519
1629,-238.35000000000002,136.58776665906757,19.265095599108413,0.485389155936216
1630,204.3,-118.97632999772027,19.170163830469914,0.48299732503073606
1631,-90.80000000000001,215.22287332269457,18.86293291381944,0.47525656119474524
1632,147.55,-217.27021332725406,18.90617859329489,0.4763461474753059
1633,90.80000000000001,215.22287332269457,19.12401694139648,0.48183464201049336
1634,209.97500000000002,-128.80571833067364,19.17318252677928,0.4830733818790446
1635,-238.35000000000002,-20.682446668186486,19.0480567092676,0.47992080396239856
1636,158.90000000000003,-217.27021332725406,19.03350849024126,0.4795542577536221
1637,28.375000000000004,284.02859165336827,18.998995029066116,0.47868468201224784
1638,17.025000000000002,-246.75837832611418,19.21677422956254,0.4841716863079501
1639,-96.47500000000001,-207.44082499430067,19.132876383031792,0.48205785797510187
1640,255.37500000000006,-10.853058335233108,19.01419210117451,0.4790675762452635
1641,-28.375000000000004,-246.75837832611418,19.17388612891996,0.4830911093202308
1642,-204.3,-60.0,19.02072936297688,0.4792322842775732
1643,306.45000000000005,57.95265999544054,19.10127085334183,0.4812615483331275
1644,-68.10000000000001,-217.27021332725406,19.19140475919141,0.483532495822409
1645,-130.525,-207.44082499430067,19.134017935434027,0.4820866196884361
1646,-170.25000000000003,-217.27021332725406,19.022251906214183,0.47927064515530826
1647,-141.875,-207.44082499430067,19.190041397076847,0.4834981455549722
1648,-238.35000000000002,-197.61143666134728,19.054568442883543,0.4800848688053299
1649,295.1,97.27021332725406,19.075736216300527,0.4806181964298445
1650,283.75000000000006,116.92898999316083,19.029801722564848,0.4794608647660582
1651,11.350000000000001,-177.95265999544054,19.387826242888178,0.4884813868200599
1652,181.60000000000002,136.58776665906757,18.957156774912352,0.47763055618322886
1653,79.45000000000002,-217.27021332725406,19.07658787514862,0.4806396541987559
1654,198.62500000000003,-227.09960166020744,19.060763010495076,0.4802409425672733
1655,-300.77500000000003,67.78204832839393,19.30777108645974,0.4864643760760832
1656,51.075,-227.09960166020744,19.01176629891213,0.4790064575185722
1657,-232.675,-168.12327166248716,19.032060258573665,0.4795177691754514
1658,-68.10000000000001,-138.63510666362703,19.189686412414016,0.48348920162292813
1659,17.025000000000002,284.02859165336827,19.29752968299924,0.4862063412194316
1660,-130.525,126.75837832611418,19.123065265798203,0.4818106642932276
1661,255.37500000000006,126.75837832611418,19.369742136004056,0.4880257529857409
1662,-11.350000000000001,-177.95265999544054,19.384475848064085,0.4883969727403398
1663,-272.40000000000003,116.92898999316083,19.29071431689732,0.4860346262760726
1664,-209.97500000000002,-227.09960166020744,19.101819241406627,0.48127536511480545
1665,204.3,-60.0,19.038962396418988,0.4796916703557316
1666,-221.32500000000002,-227.09960166020744,18.964776536226804,0.47782253807575725
1667,-289.425,107.09960166020744,19.12717444714487,0.4819141961991653
1668,-181.60000000000002,136.58776665906757,19.080595869049986,0.48074063666036754
1669,-300.77500000000003,48.123271662487156,19.39016845308449,0.48854039942263777
1670,68.10000000000001,254.5404266545081,19.418568202671224,0.4892559385908598
1671,-51.075,264.3698149874615,19.446027059362923,0.48994777171486326
1672,-28.375000000000004,284.02859165336827,19.23684691635816,0.48467742293671356
1673,-73.77500000000002,-128.80571833067364,19.180187551954806,0.4832498753326986
1674,-51.075,-227.09960166020744,19.16500251955986,0.48286728444343313
1675,-11.350000000000001,293.85797998632165,18.919172738401485,0.47667353838250154
1676,-11.350000000000001,-256.5877666590676,19.176890744090556,0.48316681139054063
1677,68.10000000000001,-217.27021332725406,19.155896213349845,0.4826378486608679
1678,-283.75000000000006,18.635106663627028,19.081681866045965,0.4807679986406139
1679,22.700000000000003,-177.95265999544054,19.42028577152937,0.4892992131904604
1680,215.65000000000003,-138.63510666362703,19.17940130975487,0.48323006575346106
1681,39.72500000000001,-168.12327166248716,19.323319920881296,0.4868561330531947
1682,-22.700000000000003,-177.95265999544054,19.42964797836525,0.4895350964566705
1683,-68.10000000000001,254.5404266545081,19.18341862920459,0.4833312831747188
1684,-62.42500000000001,-148.4644949965804,19.307791175466036,0.48646488222388606
1685,192.95000000000002,136.58776665906757,19.097358423771862,0.48116297364000665
1686,-34.050000000000004,-236.92898999316083,19.312199930963402,0.48657596197942565
1687,-85.12500000000001,-207.44082499430067,19.298509719528933,0.48623103349783153
1688,-96.47500000000001,185.73470832383447,18.960621897385042,0.4777178608562621
1689,22.700000000000003,-236.92898999316083,19.312248776604246,0.4865771926582073
1690,-300.77500000000003,87.44082499430067,19.106851689205516,0.48140215896209415
1691,153.22500000000002,126.75837832611418,19.2025064581095,0.4838122060496221
1692,73.775,244.71103832155472,19.39781483884276,0.48873305212503804
1693,-215.65000000000003,-40.34122333409324,19.203500540108326,0.4838372522073149
1694,51.075,264.3698149874615,19.403777192111644,0.4888832751854786
1695,-261.05,-1.0236700022797294,19.14693908568494,0.482412171471024
1696,221.32500000000005,-148.4644949965804,19.205100737351916,0.48387756959818384
1697,232.67500000000004,-207.44082499430067,19.201377337625008,0.48378375756172864
1698,238.35000000000002,136.58776665906757,19.261275395554804,0.48529290490185956
1699,300.77500000000003,48.123271662487156,19.269057742819108,0.4854889831902018
1700,170.25000000000003,-217.27021332725406,19.17737378481138,0.4831789817286818
1701,119.17500000000001,126.75837832611418,19.166862277186613,0.4829141415264957
1702,-56.75000000000001,-158.2938833295338,19.403677126729704,0.48888075401183434
1703,-232.675,-187.78204832839393,19.21766546057604,0.4841941411079879
1704,0.0,-177.95265999544054,19.498623492608232,0.49127295269862015
1705,-85.12500000000001,225.05226165564795,18.959844295178943,0.4776982689639442
1706,-51.075,-168.12327166248716,19.491214769235057,0.4910862879625865
1707,-102.15,156.2465433249743,19.089618606658114,0.48096796691000543
1708,39.72500000000001,-227.09960166020744,19.257395850974916,0.485195158754722
1709,198.62500000000003,-109.1469416647669,19.296383992639512,0.4861774752491689
1710,261.05,-1.0236700022797294,19.28573990002471,0.48590929453325044
1711,-17.025000000000002,-246.75837832611418,19.316371235066732,0.48668105908457376
1712,-79.45000000000002,234.88164998860134,19.041953565223487,0.47976703364130735
1713,227.00000000000003,-177.95265999544054,19.363383477512485,0.4878655449108714
1714,5.675000000000001,-246.75837832611418,19.35048199177575,0.48754048858089577
1715,-255.375,126.75837832611418,19.274645840519895,0.4856297767830662
1716,-204.3,-118.97632999772027,19.397743859692014,0.4887312637866469
1717,-119.17500000000003,126.75837832611418,19.298629436505863,0.48623404979858564
1718,-34.050000000000004,-177.95265999544054,19.507111782986204,0.4914868174095794
1719,56.75000000000001,-158.2938833295338,19.40162491814651,0.48882904807625377
1720,283.75000000000006,18.635106663627028,19.25477427143132,0.4851291073678841
1721,-244.02500000000003,126.75837832611418,19.495182711120414,0.4911862613031095
1722,73.775,-128.80571833067364,19.17246331341346,0.4830552611089307
1723,289.42500000000007,107.09960166020744,19.1543300963445,0.48259838993057447
1724,-221.32500000000002,-30.511835001139865,19.394764257077256,0.488656191914267
1725,85.12500000000001,225.05226165564795,19.39060706796407,0.48855145044001186
1726,-227.00000000000003,-158.2938833295338,19.240975962679173,0.48478145534591016
1727,-73.77500000000002,244.71103832155472,19.21527361685136,0.4841338779755949
1728,227.00000000000003,-217.27021332725406,19.23698581142396,0.48468092243446614
1729,-22.700000000000003,-236.92898999316083,19.41650877398514,0.48920405074288587
1730,96.47500000000001,185.73470832383447,19.073607238152416,0.4805645562648631
1731,238.35000000000002,-20.682446668186486,19.196656330092132,0.4836648105339414
1732,-289.425,28.464494996580413,19.327218851613285,0.4869543676395386
1733,-56.75000000000001,-217.27021332725406,19.33880513056445,0.4872462869882703
1734,289.42500000000007,28.464494996580413,19.387829321981478,0.48848146439862633
1735,-192.95000000000002,136.58776665906757,19.37263766027125,0.48809870648201686
1736,244.02500000000003,126.75837832611418,19.495097127222277,0.49118410499426246
1737,204.3,136.58776665906757,19.259719834722226,0.4852537121371183
1738,34.050000000000004,-177.95265999544054,19.47291019900275,0.49062509949616406
1739,107.825,-207.44082499430067,19.26467697193013,0.4853786085142386
1740,-5.675000000000001,-246.75837832611418,19.37326119429517,0.4881144165859202
1741,56.75000000000001,-217.27021332725406,19.255997062090504,0.48515991590049146
1742,-153.22500000000002,-207.44082499430067,19.321492009975305,0.4868100783566467
1743,-192.95000000000002,-79.65877666590676,19.37162051574541,0.48807307925788385
1744,272.40000000000003,116.92898999316083,19.38252413184048,0.4883477987362177
1745,-73.77500000000002,-207.44082499430067,19.470768382914503,0.49057113587590084
1746,-181.60000000000002,-217.27021332725406,19.25469683303282,0.4851271562870451
1747,295.1,38.293883329533784,19.370410355130048,0.48804258894255603
1748,-209.97500000000002,-128.80571833067364,19.426391287945535,0.4894530432840901
1749,-141.875,126.75837832611418,19.181836647022397,0.4832914247171176
1750,68.10000000000001,-138.63510666362703,19.30323240956301,0.4863500229166795
1751,227.00000000000003,-197.61143666134728,19.446586991631957,0.48996187935580643
1752,-39.72500000000001,-227.09960166020744,19.41713153523105,0.4892197413764437
1753,209.97500000000002,-50.17061166704662,19.17056585223249,0.48300745407489265
1754,-221.32500000000002,-148.4644949965804,19.33343691855648,0.48711103347333035
1755,300.77500000000003,67.78204832839393,19.27048970762955,0.4855250619206236
1756,-232.675,-207.44082499430067,19.25705033521323,0.4851864533941353
1757,-295.1,38.293883329533784,19.432120924747814,0.4895974029918825
1758,-113.50000000000001,-197.61143666134728,19.490663264644844,0.4910723926592302
1759,215.65000000000003,-217.27021332725406,19.474185558214366,0.49065723250729065
1760,-34.050000000000004,274.1992033204149,19.5871443404425,0.4935032587665029
1761,11.350000000000001,-236.92898999316083,19.46179892543781,0.4903451480332026
1762,119.17500000000001,-207.44082499430067,19.29498617060902,0.48614225675507744
1763,192.95000000000002,-79.65877666590676,19.348326051933633,0.4874861691089351
1764,96.47500000000001,-207.44082499430067,19.35559819194254,0.4876693925911449
1765,79.45000000000002,234.88164998860134,19.52724620093931,0.4919941093711089
1766,221.32500000000005,-168.12327166248716,19.508834444533527,0.4915302203208246
1767,164.57500000000005,126.75837832611418,19.364676688112,0.4878981276924162
1768,181.60000000000002,-217.27021332725406,19.356567919558195,0.4876938251337414
1769,0.0,-236.92898999316083,19.487317366716425,0.4909880918799805
1770,5.675000000000001,-187.78204832839393,19.637736498572664,0.4947779415110271
1771,-62.42500000000001,-207.44082499430067,19.513038001083498,0.4916361300348576
1772,-227.00000000000003,136.58776665906757,19.57088466421317,0.49309359194288666
1773,62.42500000000001,-148.4644949965804,19.47629713440444,0.49071043422535754
1774,-204.3,136.58776665906757,19.51399364922278,0.4916602078413399
1775,-215.65000000000003,-138.63510666362703,19.411360427596414,0.48907433680011125
1776,-227.00000000000003,-217.27021332725406,19.18640359989876,0.4834064902972729
1777,-11.350000000000001,-236.92898999316083,19.486441570330584,0.4909660259594504
1778,-295.1,97.27021332725406,19.17631566251736,0.48315232205889047
1779,85.12500000000001,-207.44082499430067,19.427592743662853,0.4894833142772198
1780,34.050000000000004,274.1992033204149,19.36309877859415,0.4878583718466654
1781,-102.15,-197.61143666134728,19.497862159963404,0.491253770722182
1782,-45.400000000000006,-177.95265999544054,19.59911740791136,0.49380492335377585
1783,17.025000000000002,-187.78204832839393,19.600351632485104,0.4938360199668709
1784,51.075,-168.12327166248716,19.469468881470785,0.49053839459487997
1785,289.42500000000007,87.44082499430067,19.572250961987866,0.4931280161750533
1786,28.375000000000004,-227.09960166020744,19.496171853105785,0.4912111829958626
1787,-5.675000000000001,-187.78204832839393,19.594537892499588,0.4936895412572333
1788,-90.80000000000001,195.56409665678785,19.204402224741745,0.48385997038905887
1789,215.65000000000003,-158.2938833295338,19.59797127485066,0.4937760462295455
1790,-227.00000000000003,-177.95265999544054,19.411321585423316,0.48907335816133324
1791,-244.02500000000003,-10.853058335233108,19.3845449987225,0.48839871500938525
1792,102.15,156.2465433249743,19.188991791984943,0.48347170047833066
1793,-96.47500000000001,166.0759316579277,19.402071461984228,0.4888402988658158
1794,-278.07500000000005,107.09960166020744,19.54578635540738,0.4924612334443785
1795,-28.375000000000004,-227.09960166020744,19.58670364835277,0.4934921554132721
1796,28.375000000000004,-187.78204832839393,19.59687206348972,0.4937483513098947
1797,56.75000000000001,254.5404266545081,19.718978783404967,0.4968248622676989
1798,295.1,77.61143666134728,19.440876502124397,0.48981800206914583
1799,-124.85000000000002,-197.61143666134728,19.593391081080267,0.4936606470415789
1800,-45.400000000000006,-217.27021332725406,19.545690736217683,0.4924588242937184
1801,141.87500000000003,-207.44082499430067,19.42165869487736,0.4893338043556907
1802,45.400000000000006,-217.27021332725406,19.474304079097582,0.4906602186721487
1803,-85.12500000000001,205.39348498974124,19.34370442965418,0.48736972611877505
1804,-136.20000000000002,-197.61143666134728,19.606790986573262,0.4939982611885428
1805,130.52500000000003,-207.44082499430067,19.319567189557127,0.4867615819994237
1806,-39.72500000000001,264.3698149874615,19.808808388939074,0.4990881428304126
1807,-17.025000000000002,-187.78204832839393,19.622161415877667,0.4943855232017553
1808,215.65000000000003,-40.34122333409324,19.356705747993217,0.4876972977574507
1809,73.775,-207.44082499430067,19.53957277289558,0.4923046805970164
1810,-295.1,57.95265999544054,19.735329576390793,0.4972368248019852
1811,215.65000000000003,136.58776665906757,19.388542340843422,0.4884994290965841
1812,-215.65000000000003,136.58776665906757,19.657857195024555,0.4952848877557207
1813,192.95000000000002,-99.31755333181351,19.524607080955036,0.49192761604824986
1814,227.00000000000003,136.58776665906757,19.435369468170492,0.4896792508987275
1815,198.62500000000003,-128.80571833067364,19.665828016077015,0.49548571469077896
1816,-28.375000000000004,-187.78204832839393,19.659890334580066,0.4953361132421282
1817,-90.80000000000001,-197.61143666134728,19.594353386330564,0.493684892575726
1818,-73.77500000000002,-148.4644949965804,19.727576305130274,0.49704147909121377
1819,-79.45000000000002,-138.63510666362703,19.70931706827709,0.4965814328112142
1820,-17.025000000000002,284.02859165336827,19.441278724627427,0.48982813617101106
1821,45.400000000000006,-177.95265999544054,19.600321859156473,0.49383526982001696
1822,17.025000000000002,-227.09960166020744,19.621879370269742,0.4943784169884037
1823,-198.625,-109.1469416647669,19.43936913122059,0.489780023462348
1824,62.42500000000001,-207.44082499430067,19.509200812951992,0.49153945106958913
1825,-164.57500000000002,-207.44082499430067,19.487613708050304,0.49099555827791147
1826,-56.75000000000001,254.5404266545081,19.679596796355998,0.495832622735097
1827,295.1,57.95265999544054,19.628001110643787,0.49453265584892386
1828,-295.1,77.61143666134728,19.544674403474286,0.4924332175226578
1829,175.92500000000004,126.75837832611418,19.52042674387158,0.49182229135478917
1830,221.32500000000005,-187.78204832839393,19.66192238004154,0.49538731116254825
1831,5.675000000000001,-227.09960166020744,19.6319965678666,0.4946333224456186
1832,-17.025000000000002,-227.09960166020744,19.67555951215414,0.4957309022966526
1833,5.675000000000001,284.02859165336827,19.48707262722432,0.49098192560403936
1834,-192.95000000000002,-217.27021332725406,19.46893258509895,0.4905248824665899
1835,-62.42500000000001,-168.12327166248716,19.801035874324224,0.49889231227826214
1836,-266.725,8.805718330673642,19.43196800468457,0.48959355013062666
1837,-221.32500000000002,-168.12327166248716,19.52321867053071,0.4918926346820537
1838,204.3,-217.27021332725406,19.59715632682951,0.49375551339958457
1839,221.32500000000005,-207.44082499430067,19.56473631444892,0.49293868265177426
1840,-153.22500000000002,126.75837832611418,19.314904711716984,0.4866441096426552
1841,-56.75000000000001,-177.95265999544054,19.73939942279663,0.4973393656537322
1842,153.22500000000002,-207.44082499430067,19.536337567857938,0.4922231687542943
1843,-5.675000000000001,-227.09960166020744,19.65877884287356,0.4953081089159375
1844,-204.3,-217.27021332725406,19.563429320634146,0.492905752598492
1845,51.075,-207.44082499430067,19.561269348547523,0.49285133153306937
1846,34.050000000000004,-217.27021332725406,19.65165366269843,0.49512858812543287
1847,266.725,8.805718330673642,19.596907520563214,0.4937492446601969
1848,-68.10000000000001,-158.2938833295338,19.851916449242445,0.5001742617596988
1849,-34.050000000000004,-217.27021332725406,19.720458720699693,0.4968621496774929
1850,244.02500000000003,-10.853058335233108,19.558115485786402,0.49277186913042087
1851,192.95000000000002,-217.27021332725406,19.558658562856245,0.49278555210018254
1852,90.80000000000001,195.56409665678785,19.468072083000695,0.4905032018896623
1853,192.95000000000002,-118.97632999772027,19.713606923127333,0.4966895168336441
1854,22.700000000000003,274.1992033204149,19.585756557389303,0.4934682932070875
1855,261.05,116.92898999316083,19.688156577670313,0.49604828867902023
1856,-39.72500000000001,-187.78204832839393,19.702855170515956,0.4964186235957661
1857,-51.075,-207.44082499430067,19.664385848543276,0.49544937890005736
1858,-56.75000000000001,-197.61143666134728,19.76364344905992,0.4979502002786576
1859,39.72500000000001,-187.78204832839393,19.671456232220443,0.49562751907836844
1860,-261.05,116.92898999316083,19.668083428563925,0.49554254040221535
1861,73.775,-148.4644949965804,19.760322520117658,0.4978665285995883
1862,-227.00000000000003,-197.61143666134728,19.538515325305838,0.49227803792657693
1863,68.10000000000001,-158.2938833295338,19.73681747275222,0.4972743127425604
1864,-215.65000000000003,-217.27021332725406,19.449884959908776,0.4900449725348646
1865,-73.77500000000002,225.05226165564795,19.572001276076158,0.49312172527276793
1866,-90.80000000000001,-118.97632999772027,19.79022375639995,0.4986198981204321
1867,-192.95000000000002,-99.31755333181351,19.54967382261555,0.4925591792042215
1868,-227.00000000000003,-20.682446668186486,19.629642267112096,0.49457400521824385
1869,-102.15,136.58776665906757,19.704215210831954,0.49645289016961336
1870,-22.700000000000003,-217.27021332725406,19.75731497306173,0.49779075265965567
1871,-232.675,126.75837832611418,19.850620477476244,0.5001416094098323
1872,-5.675000000000001,284.02859165336827,19.481962803863095,0.4908531822590853
1873,-79.45000000000002,-197.61143666134728,19.77165141269239,0.49815196303079845
1874,-215.65000000000003,-158.2938833295338,19.659880259377516,0.4953358593947472
1875,-62.42500000000001,244.71103832155472,19.674450874925174,0.49570296988977514
1876,62.42500000000001,244.71103832155472,19.946561802884197,0.5025588763639254
1877,232.67500000000004,126.75837832611418,19.8270283651283,0.4995471999276468
1878,96.47500000000001,166.0759316579277,19.4620405250375,0.4903512351987277
1879,209.97500000000002,-148.4644949965804,19.710432024134118,0.49660952441758927
1880,-11.350000000000001,-217.27021332725406,19.83441174798735,0.4997332262027551
1881,-68.10000000000001,-197.61143666134728,19.790103087383407,0.4986168578327893
1882,164.57500000000005,-207.44082499430067,19.659445885433158,0.4953249152288526
1883,187.27500000000003,126.75837832611418,19.68525332422318,0.4959751404440207
1884,289.42500000000007,48.123271662487156,19.7735576894462,0.49819999217551525
1885,-85.12500000000001,-128.80571833067364,19.838764551284047,0.49984289622786715
1886,-147.55,-197.61143666134728,19.751300110065742,0.4976392066028154
1887,85.12500000000001,205.39348498974124,19.735362672518477,0.49723765866763614
1888,136.20000000000002,116.92898999316083,19.780750663380147,0.4983812210476228
1889,278.07500000000005,107.09960166020744,19.601226832182387,0.4938580708536757
1890,79.45000000000002,-138.63510666362703,19.827217293359585,0.499551960024177
1891,22.700000000000003,-217.27021332725406,19.788584301175575,0.49857859161440105
1892,-51.075,-187.78204832839393,19.801999419707027,0.4989165890578742
1893,-289.425,48.123271662487156,19.93009648105121,0.5021440282451803
1894,249.70000000000005,116.92898999316083,19.838946241488067,0.49984747396039475
1895,68.10000000000001,234.88164998860134,19.959122614730873,0.5028753493255448
1896,221.32500000000005,-30.511835001139865,19.588601091697853,0.4935399619979303
1897,51.075,-187.78204832839393,19.722972650441488,0.49692548879923126
1898,204.3,-138.63510666362703,19.72436207966475,0.4969604958343349
1899,283.75000000000006,97.27021332725406,19.700078571918137,0.49634866646304204
1900,11.350000000000001,-197.61143666134728,19.769441570427635,0.49809628547310747
1901,-11.350000000000001,-197.61143666134728,19.800894973577247,0.49888876224684425
1902,-119.17500000000003,-187.78204832839393,19.92537192119607,0.5020249917156985
1903,-79.45000000000002,215.22287332269457,19.524172891748343,0.4919166765368693
1904,187.27500000000003,-89.48816499886013,19.765542124015262,0.49799803789406055
1905,39.72500000000001,264.3698149874615,19.73579410050523,0.4972485286093533
1906,-164.57500000000002,126.75837832611418,19.509799410589903,0.4915545328946814
1907,-107.82500000000002,126.75837832611418,19.80636837982173,0.4990266661582699
1908,-289.425,87.44082499430067,19.663455305144115,0.4954259336141123
1909,0.0,-217.27021332725406,19.83107875204512,0.49964925049244446
1910,-45.400000000000006,-197.61143666134728,19.721058124310773,0.4968772518092914
1911,215.65000000000003,-177.95265999544054,19.881015175205764,0.5009074118217628
1912,-198.625,-50.17061166704662,19.759538908248818,0.4978467852922353
1913,-39.72500000000001,-207.44082499430067,19.722093541472933,0.49690333941730747
1914,-249.70000000000005,-1.0236700022797294,19.703707932139242,0.49644010914938885
1915,11.350000000000001,-217.27021332725406,19.794978465383867,0.49873969426515163
1916,-204.3,-40.34122333409324,19.827136379195306,0.4995499213705041
1917,39.72500000000001,-207.44082499430067,19.684332194973166,0.495951932350042
1918,-22.700000000000003,-197.61143666134728,19.783429437088856,0.4984487134565094
1919,73.775,225.05226165564795,19.984684251040623,0.503519381482505
1920,-62.42500000000001,-187.78204832839393,19.84240091175124,0.4999345152872573
1921,-221.32500000000002,-187.78204832839393,19.742255701519724,0.4974113303481916
1922,-28.375000000000004,-207.44082499430067,19.76222092409389,0.49791435938760115
1923,62.42500000000001,-168.12327166248716,19.732518356597502,0.4971659953791258
1924,272.40000000000003,18.635106663627028,19.81251738470756,0.49918159195534295
1925,-272.40000000000003,18.635106663627028,19.67294122886418,0.4956649339597929
1926,5.675000000000001,-207.44082499430067,19.813614017497407,0.4992092219072161
1927,-221.32500000000002,-207.44082499430067,19.6211445344973,0.4943599026076418
1928,-283.75000000000006,97.27021332725406,19.70311498520049,0.49642516969514966
1929,-90.80000000000001,175.90531999088108,19.608372638225926,0.4940381113183655
1930,-192.95000000000002,-60.0,19.7386016229814,0.49731926487733435
1931,-22.700000000000003,274.1992033204149,19.84575800126539,0.5000190980414561
1932,-96.47500000000001,146.41715499202095,19.764037530523655,0.49796012926489436
1933,102.15,136.58776665906757,19.779694159985834,0.49835460216643573
1934,-175.925,-207.44082499430067,19.705532050279967,0.4964860682862174
1935,56.75000000000001,-177.95265999544054,19.769188314931164,0.4980899046341941
1936,-68.10000000000001,-177.95265999544054,19.94135035287808,0.5024275725088959
1937,-107.82500000000002,-187.78204832839393,19.885463633111694,0.5010194918899394
1938,-34.050000000000004,-197.61143666134728,19.779450456098726,0.49834846198283517
1939,102.15,-197.61143666134728,19.71518692991707,0.4967293255207123
1940,-96.47500000000001,-109.1469416647669,19.99349104485251,0.5037412709713407
1941,175.92500000000004,-207.44082499430067,19.762125706378686,0.4979119603521967
1942,283.75000000000006,38.293883329533784,19.87153027754432,0.5006684373278992
1943,0.0,-197.61143666134728,19.931041272297115,0.5021678325093756
1944,34.050000000000004,-197.61143666134728,19.72680818487745,0.4970221260992051
1945,124.85000000000002,116.92898999316083,19.846728507792537,0.5000435502089327
1946,107.825,126.75837832611418,19.803232891428138,0.498947666702649
1947,-187.275,-89.48816499886013,19.82666303615011,0.4995379953678536
1948,-175.925,126.75837832611418,19.772354182364914,0.4981696694977303
1949,17.025000000000002,-207.44082499430067,19.850618910317102,0.5001415699248452
1950,-73.77500000000002,-168.12327166248716,20.07759827870128,0.5058603748727962
1951,11.350000000000001,274.1992033204149,19.9294288862092,0.5021272080173647
1952,-215.65000000000003,-177.95265999544054,19.87451454358852,0.5007436266966118
1953,85.12500000000001,-128.80571833067364,19.907211565546582,0.5015674367736604
1954,56.75000000000001,-197.61143666134728,19.740788938701332,0.4973743748727975
1955,113.50000000000001,-197.61143666134728,19.694200843384117,0.4962005755450773
1956,-130.525,-187.78204832839393,19.960171291163505,0.5029017710043715
1957,-17.025000000000002,-207.44082499430067,19.87337713450952,0.5007149693753974
1958,90.80000000000001,-197.61143666134728,19.756373737606175,0.49776703798453453
1959,45.400000000000006,-197.61143666134728,19.740257906858744,0.4973609953857079
1960,28.375000000000004,-207.44082499430067,19.790998160747982,0.4986394094418741
1961,-68.10000000000001,234.88164998860134,19.793018503031234,0.49869031249763757
1962,147.55,116.92898999316083,19.903532502266245,0.5014747418056499
1963,-5.675000000000001,-207.44082499430067,19.90068402076201,0.5014029735641726
1964,-278.07500000000005,28.464494996580413,19.909245425532635,0.501618680411505
1965,22.700000000000003,-197.61143666134728,19.804769004347843,0.4989863694721049
1966,238.35000000000002,116.92898999316083,20.100054207713544,0.506426157916693
1967,45.400000000000006,254.5404266545081,20.048386936589893,0.5051243874172309
1968,215.65000000000003,-197.61143666134728,19.897255583980275,0.501316593196782
1969,-192.95000000000002,-118.97632999772027,19.93620349649873,0.5022978961072999
1970,79.45000000000002,215.22287332269457,19.958788406608313,0.5028669288639032
1971,-187.275,-69.82938833295339,19.9168512347605,0.5018103107775385
1972,-266.725,107.09960166020744,19.954258051903405,0.5027527853843136
1973,-209.97500000000002,-148.4644949965804,19.833924933973805,0.49972096079551037
1974,-289.425,67.78204832839393,19.960122395908453,0.5029005390755469
1975,289.42500000000007,67.78204832839393,19.879459537869028,0.5008682171294792
1976,249.70000000000005,-1.0236700022797294,19.84833270391643,0.5000839683526438
1977,-79.45000000000002,-158.2938833295338,20.138308298818625,0.5073899798140243
1978,187.27500000000003,-69.82938833295339,19.914437111422522,0.5017494863044224
1979,-283.75000000000006,38.293883329533784,19.97852464306363,0.5033641885377584
1980,-209.97500000000002,-30.511835001139865,19.99201403446735,0.5037040573058037
1981,90.80000000000001,-118.97632999772027,19.961061611932898,0.5029242028705694
1982,-96.47500000000001,-187.78204832839393,19.937245118802146,0.5023241400554836
1983,209.97500000000002,-168.12327166248716,20.009370146193515,0.5041413491104438
1984,209.97500000000002,-207.44082499430067,19.91892730865853,0.5018626180060098
1985,68.10000000000001,-197.61143666134728,19.858636519715283,0.5003435757045926
1986,221.32500000000005,126.75837832611418,19.860233351647135,0.5003838083055464
1987,-85.12500000000001,-187.78204832839393,19.97211980044655,0.5032028168416869
1988,204.3,-158.2938833295338,20.04691239393406,0.5050872359267842
1989,-73.77500000000002,-187.78204832839393,19.97577270777943,0.5032948528037146
1990,-198.625,-128.80571833067364,19.987621091740202,0.5035933759571731
1991,-158.90000000000003,-197.61143666134728,19.91618328146693,0.5017934815184413
1992,-85.12500000000001,-148.4644949965804,20.196421431141673,0.5088541554835393
1993,278.07500000000005,28.464494996580413,20.012486094442703,0.5042198562469817
1994,124.85000000000002,-197.61143666134728,19.773167937121407,0.49819017226307405
1995,-249.70000000000005,116.92898999316083,19.847370766507375,0.5000597320863537
1996,79.45000000000002,-197.61143666134728,19.86494814101696,0.5005025986650784
1997,187.27500000000003,-109.1469416647669,19.990267734246288,0.5036600588119499
1998,-232.675,-10.853058335233108,19.939642300062204,0.5023845376684859
1999,-209.97500000000002,-207.44082499430067,19.825482433983932,0.49950824978543545
2000,192.95000000000002,-60.0,19.771913588928587,0.498158568630098
2001,-45.400000000000006,254.5404266545081,20.13514555352126,0.5073102936135364
2002,-187.275,126.75837832611418,19.961852555485244,0.5029441309016187
2003,198.62500000000003,-50.17061166704662,19.840410846035297,0.4998843750575787
2004,187.27500000000003,-207.44082499430067,19.95164188666495,0.5026868704123193
2005,-187.275,-207.44082499430067,19.86972816026446,0.5006230325085529
2006,227.00000000000003,-20.682446668186486,19.810191537235752,0.4991229916159172
2007,62.42500000000001,-187.78204832839393,19.853293826271624,0.5002089651365993
2008,198.62500000000003,126.75837832611418,19.88848840584576,0.5010957018353681
2009,51.075,244.71103832155472,20.225703499976827,0.5095919249175316
2010,-124.85000000000002,116.92898999316083,20.00571273685077,0.5040491997190922
2011,-187.275,-109.1469416647669,20.06457803117392,0.5055323263082369
2012,136.20000000000002,-197.61143666134728,19.889663845458678,0.5011253173458977
2013,-85.12500000000001,185.73470832383447,19.85441673093872,0.5002372570153368
2014,-204.3,-138.63510666362703,19.88395354989949,0.5009814449458174
2015,209.97500000000002,-187.78204832839393,20.1438700156765,0.5075301087346058
2016,-90.80000000000001,-138.63510666362703,20.279385890466845,0.5109444668799911
2017,147.55,-197.61143666134728,19.953427995529573,0.5027318718954289
2018,198.62500000000003,-148.4644949965804,20.125000559540453,0.5070546878191095
2019,209.97500000000002,126.75837832611418,19.91435068582148,0.501747308788649
2020,-136.20000000000002,116.92898999316083,19.96864294074836,0.5031152164461669
2021,-221.32500000000002,126.75837832611418,20.09321473011673,0.5062538354778718
2022,-283.75000000000006,57.95265999544054,20.213332486087044,0.509280233965408
2023,90.80000000000001,175.90531999088108,19.76995971065655,0.4981093401525964
2024,79.45000000000002,-158.2938833295338,19.956005331379373,0.5027968085507527
2025,-215.65000000000003,-197.61143666134728,19.930923077979998,0.5021648545724363
2026,-255.375,8.805718330673642,19.95937306042421,0.5028816593707284
2027,68.10000000000001,-177.95265999544054,19.95514250483496,0.5027750694087921
2028,-124.85000000000002,-177.95265999544054,20.21638423263773,0.5093571235232485
2029,-141.875,-187.78204832839393,20.12722066743852,0.5071106240221346
2030,-209.97500000000002,-168.12327166248716,19.99655768291738,0.5038185357248017
2031,-198.625,126.75837832611418,20.111919099779016,0.506725096996196
2032,198.62500000000003,-207.44082499430067,20.05029927609583,0.5051725693145839
2033,283.75000000000006,77.61143666134728,20.091570294805937,0.5062124034972522
2034,-79.45000000000002,-177.95265999544054,20.119953945693588,0.5069275370545122
2035,-85.12500000000001,-168.12327166248716,20.182001170149228,0.5084908332111169
2036,-102.15,-99.31755333181351,20.33041330760072,0.5122301160897132
2037,158.90000000000003,-197.61143666134728,20.084094069924515,0.5060240380429457
2038,181.60000000000002,-79.65877666590676,20.138683411711224,0.507399430882117
2039,-198.625,-207.44082499430067,19.942775456093717,0.5024634783596301
2040,232.67500000000004,-10.853058335233108,20.091689310905682,0.506215402139221
2041,85.12500000000001,-148.4644949965804,20.114249612420856,0.5067838148758089
2042,266.725,107.09960166020744,19.96710180070138,0.5030763870169156
2043,158.90000000000003,116.92898999316083,20.064800541819352,0.5055379325225334
2044,-90.80000000000001,156.2465433249743,20.049012754459703,0.5051401550632326
2045,-113.50000000000001,116.92898999316083,20.165117066425744,0.5080654337723796
2046,-79.45000000000002,195.56409665678785,19.99516696725127,0.5037834962774318
2047,-90.80000000000001,-158.2938833295338,20.286016608854286,0.5111115295755678
2048,73.775,-168.12327166248716,19.972334559940194,0.5032082277636734
2049,-90.80000000000001,-177.95265999544054,20.11379703534198,0.5067724120771475
2050,0.0,274.1992033204149,19.99785157499238,0.5038511356763009
2051,113.50000000000001,116.92898999316083,20.02409985629781,0.5045124680347143
2052,-102.15,-177.95265999544054,20.122150267078506,0.5069828739500758
2053,-209.97500000000002,126.75837832611418,20.209462686519576,0.5091827333464242
2054,-113.50000000000001,-177.95265999544054,20.21289723890559,0.5092692677980749
2055,192.95000000000002,-138.63510666362703,20.202727214062307,0.5090130313444774
2056,-238.35000000000002,116.92898999316083,20.14435878871964,0.5075424235001169
2057,255.37500000000006,8.805718330673642,20.14121987283138,0.5074633376878654
2058,96.47500000000001,-109.1469416647669,20.232123178092916,0.5097536703979068
2059,278.07500000000005,87.44082499430067,20.241491242636876,0.5099897012506142
2060,96.47500000000001,146.41715499202095,19.933657543151703,0.5022337501423961
2061,255.37500000000006,107.09960166020744,20.250274847009404,0.5102110064754196
2062,-181.60000000000002,-79.65877666590676,20.2470741713019,0.5101303646082616
2063,85.12500000000001,185.73470832383447,20.054328040226572,0.5052740750875931
2064,119.17500000000001,-187.78204832839393,19.999707717853315,0.5038979016843869
2065,-102.15,-118.97632999772027,20.48692199784952,0.5161733937477834
2066,-28.375000000000004,264.3698149874615,20.21796832082906,0.5093970350423044
2067,204.3,-40.34122333409324,20.007932706714804,0.5041051324443135
2068,-170.25000000000003,-197.61143666134728,20.08808860720609,0.5061246814614787
2069,90.80000000000001,-138.63510666362703,20.21888675650245,0.5094201752709109
2070,-96.47500000000001,-148.4644949965804,20.38196421599092,0.5135289547994689
2071,204.3,-177.95265999544054,20.33353463456605,0.5123087587444205
2072,170.25000000000003,116.92898999316083,20.16684472050324,0.508108962471737
2073,-255.375,107.09960166020744,20.292445526705443,0.5112735078535007
2074,28.375000000000004,264.3698149874615,20.135357166814654,0.5073156252661792
2075,-96.47500000000001,-89.48816499886013,20.247871292684803,0.5101504482913782
2076,73.775,-187.78204832839393,19.9959504379096,0.5038032360269489
2077,107.825,-187.78204832839393,19.97797996770411,0.5033504652986674
2078,-96.47500000000001,-128.80571833067364,20.416712919989873,0.5144044575457263
2079,-204.3,-197.61143666134728,20.16140156985245,0.5079718208579606
2080,-102.15,-79.65877666590676,20.368037007942895,0.5131780551257974
2081,-147.55,116.92898999316083,20.022931794144156,0.5044830384012133
2082,198.62500000000003,-168.12327166248716,20.351145639424942,0.5127524726486506
2083,-204.3,-158.2938833295338,20.12222943380993,0.5069848685767179
2084,283.75000000000006,57.95265999544054,20.180129658687505,0.5084436799870876
2085,181.60000000000002,-99.31755333181351,20.298906474218793,0.5114362931272057
2086,-215.65000000000003,-20.682446668186486,20.21820431591762,0.5094029810006959
2087,-96.47500000000001,-168.12327166248716,20.27510763521791,0.5108366751125702
2088,187.27500000000003,-128.80571833067364,20.274085339387476,0.5108109180999616
2089,170.25000000000003,-197.61143666134728,20.21029646329519,0.5092037405718113
2090,-209.97500000000002,-187.78204832839393,20.168893913253644,0.5081605924226164
2091,-283.75000000000006,77.61143666134728,20.222774795105867,0.5095181354272076
2092,-107.82500000000002,-168.12327166248716,20.298991975897067,0.5114384473645016
2093,181.60000000000002,-118.97632999772027,20.365395671025233,0.513111505946718
2094,96.47500000000001,-187.78204832839393,20.0595812685542,0.5054064315584329
2095,272.40000000000003,97.27021332725406,20.192784703677358,0.5087625271775601
2096,-51.075,244.71103832155472,20.304393531340956,0.5115745409760887
2097,-107.82500000000002,-109.1469416647669,20.684187288694684,0.5211435446887046
2098,130.52500000000003,-187.78204832839393,20.14060280949387,0.50744779061461
2099,227.00000000000003,116.92898999316083,20.364209810091392,0.5130816278682638
2100,278.07500000000005,48.123271662487156,20.389252342168415,0.5137125810574052
2101,-136.20000000000002,-177.95265999544054,20.385558771687723,0.5136195205766623
2102,-73.77500000000002,205.39348498974124,20.163205080992476,0.5080172607959808
2103,96.47500000000001,-128.80571833067364,20.312341473649955,0.5117747914751816
2104,209.97500000000002,-30.511835001139865,20.154299400793075,0.5077928798385759
2105,-204.3,-177.95265999544054,20.260161362642904,0.5104600998398313
2106,-153.22500000000002,-187.78204832839393,20.28512452817147,0.5110890533678879
2107,181.60000000000002,116.92898999316083,20.319431722970307,0.5119534321736031
2108,-227.00000000000003,116.92898999316083,20.395188849190856,0.5138621529148616
2109,85.12500000000001,-187.78204832839393,20.04837838307619,0.5051241719092011
2110,204.3,-197.61143666134728,20.248421894736353,0.5101643208550354
2111,192.95000000000002,-158.2938833295338,20.430079129315786,0.5147412227088886
2112,-278.07500000000005,48.123271662487156,20.45451369082852,0.5153568579195899
2113,85.12500000000001,-168.12327166248716,20.136856306789472,0.5073533964925542
2114,-181.60000000000002,-197.61143666134728,20.185869545298242,0.5085882979415027
2115,56.75000000000001,234.88164998860134,20.538675714271935,0.5174773422593081
2116,79.45000000000002,-177.95265999544054,20.131005896148917,0.5072059938561078
2117,-102.15,-158.2938833295338,20.44773727408515,0.5151861243155744
2118,-272.40000000000003,97.27021332725406,20.31368283231138,0.5118085873598232
2119,-107.82500000000002,-89.48816499886013,20.65294362648237,0.5203563523931058
2120,141.87500000000003,-187.78204832839393,20.27652112533667,0.5108722883682709
2121,-198.625,-148.4644949965804,20.249341106563477,0.5101874806390395
2122,-192.95000000000002,-138.63510666362703,20.28280919676498,0.5110307179834966
2123,181.60000000000002,-197.61143666134728,20.31598006262818,0.5118664666824939
2124,-11.350000000000001,274.1992033204149,20.0711039234519,0.505696747882386
2125,-119.17500000000003,-168.12327166248716,20.414614786179854,0.5143515945119641
2126,90.80000000000001,-177.95265999544054,20.147591937971654,0.5076238835467789
2127,-158.90000000000003,116.92898999316083,20.20734397740241,0.5091293519123812
2128,79.45000000000002,195.56409665678785,20.328735697951736,0.5121878482729084
2129,-68.10000000000001,215.22287332269457,20.304936068747143,0.5115882103488825
2130,-187.275,-128.80571833067364,20.398298525338298,0.5139405020241445
2131,-181.60000000000002,-118.97632999772027,20.44070369752147,0.5150089115021786
2132,-102.15,-138.63510666362703,20.52053120629617,0.5170201866035821
2133,102.15,-99.31755333181351,20.486414703772,0.5161606123399345
2134,-261.05,18.635106663627028,20.31334479810013,0.5118000704988694
2135,-181.60000000000002,-99.31755333181351,20.33401121164337,0.5123207662293618
2136,-238.35000000000002,-1.0236700022797294,20.27444497137356,0.5108199791225386
2137,-198.625,-168.12327166248716,20.364532521379385,0.5130897586641316
2138,-96.47500000000001,126.75837832611418,20.459392724661058,0.5154797864616039
2139,102.15,-118.97632999772027,20.494345537930453,0.5163604317946701
2140,-192.95000000000002,-197.61143666134728,20.23242007201272,0.5097611507183855
2141,96.47500000000001,-89.48816499886013,20.291758968423398,0.5112562098368203
2142,187.27500000000003,-148.4644949965804,20.514113517763487,0.5168584912512847
2143,-62.42500000000001,225.05226165564795,20.39208810025101,0.5137840287289244
2144,-85.12500000000001,166.0759316579277,20.24985172940785,0.5102003459160457
2145,-187.275,-50.17061166704662,20.450058339676083,0.5152446041742526
2146,-34.050000000000004,254.5404266545081,20.547008015624534,0.5176872767857026
2147,102.15,-177.95265999544054,20.247557800016374,0.5101425497610576
2148,90.80000000000001,-158.2938833295338,20.255756407514593,0.5103491158355906
2149,192.95000000000002,-197.61143666134728,20.402550372081354,0.5140476284223068
2150,90.80000000000001,156.2465433249743,20.192125389632942,0.5087459155866199
2151,96.47500000000001,-148.4644949965804,20.347441576566993,0.5126591478097
2152,-164.57500000000002,-187.78204832839393,20.360140223589603,0.5129790935648678
2153,17.025000000000002,264.3698149874615,20.420356256125626,0.5144962523589223
2154,-192.95000000000002,-40.34122333409324,20.480031245619145,0.5159997794310694
2155,192.95000000000002,116.92898999316083,20.48624160801148,0.5161562511466737
2156,-113.50000000000001,-158.2938833295338,20.556825975625696,0.5179346428729075
2157,62.42500000000001,225.05226165564795,20.622802578019105,0.5195969407412221
2158,272.40000000000003,38.293883329533784,20.564350360255844,0.518124221724763
2159,261.05,18.635106663627028,20.46251416790093,0.5155584320458788
2160,238.35000000000002,-1.0236700022797294,20.443326166582725,0.5150749853006482
2161,-215.65000000000003,116.92898999316083,20.57011459134183,0.5182694530446418
2162,215.65000000000003,-20.682446668186486,20.380399139972564,0.5134895222971168
2163,102.15,-79.65877666590676,20.491830398038424,0.516297062182878
2164,-56.75000000000001,234.88164998860134,20.458929684127952,0.5154681200334581
2165,73.775,205.39348498974124,20.46397584651983,0.5155952594235281
2166,-130.525,-168.12327166248716,20.564602500887414,0.5181305744743617
2167,96.47500000000001,-168.12327166248716,20.295903281044748,0.5113606268844734
2168,-221.32500000000002,-10.853058335233108,20.508381384770967,0.516714068651322
2169,68.10000000000001,215.22287332269457,20.559543999271458,0.5180031241942923
2170,198.62500000000003,-187.78204832839393,20.472143045026012,0.5158010341402371
2171,-272.40000000000003,38.293883329533784,20.651760079387035,0.5203265326124222
2172,-181.60000000000002,-60.0,20.52298468263505,0.5170820025859172
2173,153.22500000000002,-187.78204832839393,20.449511140114,0.5152308173372134
2174,181.60000000000002,-138.63510666362703,20.628318186417868,0.5197359079470363
2175,266.725,28.464494996580413,20.5337734928975,0.5173538295010708
2176,244.02500000000003,107.09960166020744,20.561609771642438,0.5180551718730774
2177,204.3,116.92898999316083,20.575466227401616,0.518404288924203
2178,-107.82500000000002,-148.4644949965804,20.60217091799707,0.5190771206348469
2179,130.52500000000003,107.09960166020744,20.546380585209747,0.5176714685112055
2180,113.50000000000001,-177.95265999544054,20.293756064040366,0.5113065271867061
2181,-147.55,-177.95265999544054,20.496843679926386,0.5164233731399946
2182,-192.95000000000002,-158.2938833295338,20.441030748533777,0.5150171516385431
2183,192.95000000000002,-177.95265999544054,20.635920703386436,0.5199274553637299
2184,-170.25000000000003,116.92898999316083,20.418412452715064,0.5144472777202083
2185,-198.625,-30.511835001139865,20.540718565441065,0.5175288124323776
2186,278.07500000000005,67.78204832839393,20.46932427124732,0.5157300143927267
2187,187.27500000000003,-168.12327166248716,20.657886064963584,0.5204808784319371
2188,-278.07500000000005,87.44082499430067,20.360371194352915,0.5129849129340619
2189,34.050000000000004,254.5404266545081,20.426162785352982,0.5146425493916096
2190,-175.925,-89.48816499886013,20.655387108745597,0.5204179165720735
2191,-79.45000000000002,175.90531999088108,20.457468577822496,0.5154313070753967
2192,107.825,-89.48816499886013,20.79998907303995,0.5240612011347934
2193,-187.275,-187.78204832839393,20.469395122666377,0.5157317995128843
2194,-198.625,-187.78204832839393,20.472481775227003,0.5158095685368356
2195,107.825,-168.12327166248716,20.3912200322675,0.5137621575275259
2196,-90.80000000000001,136.58776665906757,20.551420117813148,0.5177984408620093
2197,232.67500000000004,107.09960166020744,20.78726279266917,0.523740559150143
2198,-107.82500000000002,-69.82938833295339,20.748471644426285,0.5227632059568226
2199,164.57500000000005,-187.78204832839393,20.586435661454885,0.5186806667033229
2200,-175.925,-187.78204832839393,20.433256898407954,0.5148212874378422
2201,102.15,-138.63510666362703,20.505731912011402,0.5166473144875637
2202,-244.02500000000003,8.805718330673642,20.537535517601327,0.5174486147039892
2203,175.92500000000004,-109.1469416647669,20.610402669660218,0.5192845217853419
2204,-266.725,28.464494996580413,20.625224571680423,0.519657963509207
2205,-113.50000000000001,-138.63510666362703,20.736590142416315,0.5224638483853947
2206,-39.72500000000001,244.71103832155472,20.761117861101756,0.5230818307155898
2207,175.92500000000004,-89.48816499886013,20.61306589189755,0.5193516223708126
2208,175.92500000000004,-187.78204832839393,20.632726681121554,0.5198469811318104
2209,-278.07500000000005,67.78204832839393,20.548900149166816,0.5177349495884811
2210,215.65000000000003,116.92898999316083,20.57787998262837,0.5184651041226599
2211,187.27500000000003,-187.78204832839393,20.59174026668087,0.5188143176286437
2212,124.85000000000002,-177.95265999544054,20.439639129588496,0.5149820894328168
2213,-187.275,-148.4644949965804,20.550612995368628,0.517778105199512
2214,-102.15,116.92898999316083,20.559768684830328,0.5180087852061055
2215,141.87500000000003,107.09960166020744,20.580463969386557,0.5185302083493716
2216,153.22500000000002,107.09960166020744,20.6410651099645,0.5200570700419376
2217,-113.50000000000001,-99.31755333181351,21.03042080497089,0.5298669892912797
2218,-192.95000000000002,-177.95265999544054,20.57504336361937,0.5183936347598732
2219,39.72500000000001,244.71103832155472,20.73558218699536,0.5224384526831787
2220,107.825,-109.1469416647669,20.734648294393477,0.5224149230131891
2221,85.12500000000001,166.0759316579277,20.373735620749592,0.5133216331758527
2222,187.27500000000003,-50.17061166704662,20.471976944392964,0.5157968491910548
2223,-181.60000000000002,-138.63510666362703,20.63541023144201,0.5199145938886875
2224,119.17500000000001,107.09960166020744,20.629413617412062,0.5197635076193515
2225,181.60000000000002,-158.2938833295338,20.71547395046314,0.5219318203694416
2226,-175.925,-109.1469416647669,20.66958221518451,0.5207755660162386
2227,-175.925,-69.82938833295339,20.759628389286842,0.5230443030810492
2228,-107.82500000000002,-128.80571833067364,20.803628681544623,0.5241529020293431
2229,-244.02500000000003,107.09960166020744,20.53770036918787,0.5174527681831159
2230,-187.275,-168.12327166248716,20.618432768780394,0.5194868422469235
2231,96.47500000000001,126.75837832611418,20.581140943477383,0.5185472648898308
2232,-158.90000000000003,-177.95265999544054,20.60391282133691,0.5191210083481207
2233,-119.17500000000003,-148.4644949965804,20.752566559647644,0.522866378423977
2234,181.60000000000002,-60.0,20.546079881923102,0.5176638922127262
2235,272.40000000000003,77.61143666134728,20.687614213959467,0.5212298869730276
2236,-181.60000000000002,-158.2938833295338,20.667306777749094,0.5207182357709522
2237,261.05,97.27021332725406,20.578407251079454,0.5184783887901098
2238,136.20000000000002,-177.95265999544054,20.57926068650816,0.5184998913204374
2239,102.15,116.92898999316083,20.609666903317997,0.5192659839586293
2240,221.32500000000005,-10.853058335233108,20.658940868122674,0.52050745447525
2241,181.60000000000002,-177.95265999544054,20.757694943461093,0.5229955894044116
2242,-17.025000000000002,264.3698149874615,20.53377556554508,0.5173538817219724
2243,-261.05,97.27021332725406,20.675137597850394,0.5209155353451851
2244,147.55,-177.95265999544054,20.67150835892152,0.520824095714828
2245,102.15,-158.2938833295338,20.436894785750713,0.5149129449672641
2246,175.92500000000004,-69.82938833295339,20.68658025130173,0.5212038360116334
2247,175.92500000000004,-148.4644949965804,20.83255494689679,0.5248817069009017
2248,272.40000000000003,57.95265999544054,20.7412742980913,0.5225818669209197
2249,-119.17500000000003,107.09960166020744,20.764412700505062,0.523164845061856
2250,-181.60000000000002,116.92898999316083,20.627246398807085,0.5197089039759911
2251,175.92500000000004,-128.80571833067364,20.83792245842252,0.5250169427670073
2252,-192.95000000000002,116.92898999316083,20.713587420849517,0.5218842887591212
2253,-181.60000000000002,-177.95265999544054,20.64983408934695,0.5202780067862673
2254,-204.3,116.92898999316083,20.803303528924765,0.524144709723476
2255,5.675000000000001,264.3698149874615,20.637069610374443,0.519956402377789
2256,-175.925,-128.80571833067364,20.781064272874527,0.5235843858119055
2257,-124.85000000000002,-158.2938833295338,20.73264347414309,0.5223644110391306
2258,113.50000000000001,-158.2938833295338,20.5371689760762,0.5174393795937566
2259,-130.525,107.09960166020744,20.71958843071053,0.5220354857825783
2260,192.95000000000002,-40.34122333409324,20.53193431248933,0.5173074908664482
2261,-85.12500000000001,146.41715499202095,20.74640877729564,0.5227112314763326
2262,-170.25000000000003,-177.95265999544054,20.658273893254844,0.520490649867847
2263,-141.875,-168.12327166248716,20.748024320472744,0.5227519355120369
2264,175.92500000000004,-168.12327166248716,20.899499180297294,0.5265683844872082
2265,-170.25000000000003,-118.97632999772027,20.87165028331581,0.5258667241954097
2266,119.17500000000001,-168.12327166248716,20.546594354701746,0.5176768544898399
2267,-73.77500000000002,185.73470832383447,20.64652603437524,0.5201946594702757
2268,-124.85000000000002,-138.63510666362703,20.891003326579394,0.5263543292159082
2269,-68.10000000000001,195.56409665678785,20.750087150485857,0.5228039090573409
2270,164.57500000000005,107.09960166020744,20.83243172742657,0.524878602353907
2271,-204.3,-20.682446668186486,20.770812615122953,0.5233260925956904
2272,79.45000000000002,175.90531999088108,20.63010314331955,0.5197808804061363
2273,-175.925,-168.12327166248716,20.78749156557479,0.5237463231437337
2274,-119.17500000000003,-128.80571833067364,20.939392140789547,0.5275734981302481
2275,-136.20000000000002,-158.2938833295338,20.813060314222998,0.5243905344979339
2276,-113.50000000000001,-79.65877666590676,21.128719432169504,0.5323436490846436
2277,170.25000000000003,-177.95265999544054,20.85022841926629,0.5253269946905087
2278,-175.925,-148.4644949965804,20.796553132988812,0.5239746317205546
2279,-272.40000000000003,57.95265999544054,20.773604270979135,0.5233964291000034
2280,-130.525,-148.4644949965804,20.844768471413477,0.5251894298668047
2281,107.825,-128.80571833067364,20.714579643101594,0.5219092880600049
2282,-5.675000000000001,264.3698149874615,20.647625500696407,0.5202223608137165
2283,107.825,-69.82938833295339,20.9491742923953,0.5278199620155026
2284,266.725,87.44082499430067,20.72492467365431,0.5221699338285289
2285,-107.82500000000002,107.09960166020744,20.945417356105864,0.5277253050165247
2286,158.90000000000003,-177.95265999544054,20.840198032731617,0.5250742764608621
2287,-102.15,-60.0,20.974401276781805,0.528455562529146
2288,-227.00000000000003,-1.0236700022797294,20.758885608480693,0.5230255885230711
2289,170.25000000000003,-158.2938833295338,20.961522698630933,0.5281310833618276
2290,107.825,-148.4644949965804,20.64304483790675,0.5201069498086861
2291,90.80000000000001,136.58776665906757,20.727803655318198,0.5222424705295591
2292,170.25000000000003,-118.97632999772027,20.902705641358448,0.5266491721178748
2293,-170.25000000000003,-99.31755333181351,20.98884746227469,0.5288195379761828
2294,-22.700000000000003,254.5404266545081,20.93451563338165,0.5274506332421681
2295,-45.400000000000006,234.88164998860134,21.00466473394195,0.5292180583003767
2296,-113.50000000000001,-118.97632999772027,21.035671844175663,0.5299992906065927
2297,-170.25000000000003,-158.2938833295338,20.85014912282204,0.5253249967957178
2298,-147.55,-158.2938833295338,20.89965101332412,0.5265722099602953
2299,107.825,107.09960166020744,20.838945678216138,0.5250427230591116
2300,198.62500000000003,-30.511835001139865,20.73693495849522,0.5224725361172895
2301,22.700000000000003,254.5404266545081,20.86650431502453,0.5257370701694264
2302,244.02500000000003,8.805718330673642,20.79425207161142,0.5239166558733036
2303,-141.875,-148.4644949965804,20.96365186319549,0.5281847282236204
2304,170.25000000000003,-138.63510666362703,21.00329097455721,0.5291834460709803
2305,-153.22500000000002,-168.12327166248716,20.863679244485922,0.5256658917733918
2306,170.25000000000003,-99.31755333181351,20.893256618708502,0.5264111015043714
2307,45.400000000000006,234.88164998860134,21.005838463970797,0.5292476307374855
2308,-249.70000000000005,18.635106663627028,20.911548971016078,0.5268719821369634
2309,-136.20000000000002,-138.63510666362703,21.019003469990494,0.5295793265303728
2310,170.25000000000003,-79.65877666590676,20.997354931216503,0.5290338858961074
2311,-266.725,48.123271662487156,21.059348582165295,0.5305958322541017
2312,-153.22500000000002,-148.4644949965804,20.93609686797267,0.5274904728640128
2313,-164.57500000000002,-168.12327166248716,20.869148803054486,0.5258036987416097
2314,175.92500000000004,107.09960166020744,21.005259657243425,0.529233047549595
2315,221.32500000000005,107.09960166020744,21.014147883977525,0.5294569887623464
2316,-141.875,107.09960166020744,20.824333575799205,0.5246745672914892
2317,-170.25000000000003,-79.65877666590676,21.115966764487474,0.5320223422647387
2318,164.57500000000005,-168.12327166248716,21.015124079635218,0.529481584268965
2319,119.17500000000001,-148.4644949965804,20.713613571133273,0.5218849476224054
2320,-130.525,-128.80571833067364,21.098941915884044,0.5315933967216943
2321,-170.25000000000003,-138.63510666362703,20.95820087367482,0.5280473891074533
2322,113.50000000000001,-99.31755333181351,21.069513611944064,0.5308519428557336
2323,-209.97500000000002,-10.853058335233108,20.990099647386355,0.5288510871097596
2324,113.50000000000001,-79.65877666590676,21.230371056570277,0.5349047885253283
2325,-164.57500000000002,-109.1469416647669,21.102357687312228,0.5316794579821675
2326,-164.57500000000002,-128.80571833067364,21.022964562707944,0.529679127304307
2327,130.52500000000003,-168.12327166248716,20.74704851231474,0.522727349768575
2328,-164.57500000000002,-148.4644949965804,20.960916154256303,0.5281158013166113
2329,-221.32500000000002,107.09960166020744,21.035401674105398,0.5299924836005392
2330,-232.675,107.09960166020744,20.829098165777953,0.5247946123904751
2331,249.70000000000005,97.27021332725406,20.98965376911137,0.5288398530892258
2332,-266.725,87.44082499430067,20.802566019064276,0.5241261279683618
2333,204.3,-20.682446668186486,20.95027811104557,0.5278477730170212
2334,113.50000000000001,-138.63510666362703,20.769154687486644,0.5232843206723771
2335,164.57500000000005,-148.4644949965804,21.077192721422097,0.5310454200408692
2336,-147.55,-138.63510666362703,21.091720469327832,0.5314114504743722
2337,51.075,225.05226165564795,21.125216265180473,0.5322553858700044
2338,-272.40000000000003,77.61143666134728,20.814690312167816,0.5244316027253166
2339,-249.70000000000005,97.27021332725406,20.968636828539974,0.5283103257379687
2340,-158.90000000000003,-138.63510666362703,21.048605660071726,0.5303251615034449
2341,227.00000000000003,-1.0236700022797294,21.0274356893732,0.5297917785178433
2342,-158.90000000000003,-118.97632999772027,21.15570513098404,0.533023560871354
2343,-175.925,-50.17061166704662,21.166108558292514,0.5332856779615146
2344,102.15,-60.0,20.998241197512705,0.5290562156087858
2345,-181.60000000000002,-40.34122333409324,21.093486445638675,0.5314559447124887
2346,113.50000000000001,-118.97632999772027,20.939770853709767,0.5275830399019846
2347,141.87500000000003,-168.12327166248716,20.93278930857061,0.5274071380340289
2348,-124.85000000000002,-118.97632999772027,21.22705363833289,0.5348212052993926
2349,-113.50000000000001,-60.0,21.349547112255074,0.5379074606262302
2350,-56.75000000000001,215.22287332269457,21.030013415223564,0.529856724999334
2351,-107.82500000000002,-50.17061166704662,21.237045094286835,0.5350729426628077
2352,153.22500000000002,-168.12327166248716,21.06298989072923,0.530687575982092
2353,-119.17500000000003,-109.1469416647669,21.28036424462838,0.5361643800611837
2354,266.725,48.123271662487156,21.034344210553098,0.5299658405279188
2355,-158.90000000000003,-158.2938833295338,21.033721880069585,0.529950160747533
2356,73.775,185.73470832383447,20.966985779071745,0.528268727111911
2357,-51.075,225.05226165564795,21.136254024944403,0.5325334851333939
2358,158.90000000000003,-158.2938833295338,21.15067208464969,0.5328967519438067
2359,124.85000000000002,-158.2938833295338,20.824036905719627,0.5246670926107239
2360,249.70000000000005,18.635106663627028,21.02633191029197,0.5297639685132771
2361,-119.17500000000003,-89.48816499886013,21.442683587627677,0.5402540586451922
2362,85.12500000000001,146.41715499202095,20.857691669526915,0.525515033245828
2363,11.350000000000001,254.5404266545081,21.190656204723094,0.5339041623764952
2364,-153.22500000000002,107.09960166020744,20.927132699215246,0.5272646182719891
2365,-153.22500000000002,-128.80571833067364,21.18336623150602,0.5337204895819103
2366,-164.57500000000002,107.09960166020744,21.089109603209174,0.5313456690150964
2367,-79.45000000000002,156.2465433249743,20.90144281063001,0.5266173547651803
2368,209.97500000000002,107.09960166020744,21.15576335832941,0.5330250279246513
2369,261.05,38.293883329533784,21.19306709278569,0.5339649053359963
2370,-62.42500000000001,205.39348498974124,20.999616664426156,0.5290908708598175
2371,-255.375,28.464494996580413,21.25100804224299,0.5354247428128746
2372,187.27500000000003,107.09960166020744,21.125250739622473,0.5322562544626473
2373,-141.875,-128.80571833067364,21.261386278177657,0.5356862251997394
2374,164.57500000000005,-109.1469416647669,21.105094988907833,0.5317484250165743
2375,-261.05,38.293883329533784,21.294521984210665,0.5365210880375577
2376,164.57500000000005,-128.80571833067364,21.10297237369654,0.5316949451674614
2377,266.725,67.78204832839393,21.12173921641949,0.5321677807109975
2378,198.62500000000003,107.09960166020744,21.2031321436113,0.5342184969415797
2379,130.52500000000003,-148.4644949965804,20.961918296666344,0.5281410505584869
2380,238.35000000000002,97.27021332725406,21.287342954409468,0.5363402104915462
2381,-124.85000000000002,-99.31755333181351,21.459205425562963,0.5406703307020148
2382,-136.20000000000002,-118.97632999772027,21.298498537795346,0.5366212783521126
2383,158.90000000000003,-138.63510666362703,21.161113039412548,0.5331598145480612
2384,255.37500000000006,28.464494996580413,21.247365850247697,0.5353329768265985
2385,136.20000000000002,-158.2938833295338,21.02584757268789,0.529751765499821
2386,147.55,-158.2938833295338,21.12449650235774,0.5322372512561789
2387,-164.57500000000002,-89.48816499886013,21.27569415784548,0.536046715995099
2388,62.42500000000001,205.39348498974124,21.29902991420703,0.5366346665207112
2389,-73.77500000000002,166.0759316579277,21.1296688481334,0.5323675698698261
2390,124.85000000000002,-138.63510666362703,20.979949362427938,0.5285953480077586
2391,-158.90000000000003,-99.31755333181351,21.441119137452876,0.5402146419111332
2392,-209.97500000000002,107.09960166020744,21.2084710984238,0.5343530133137768
2393,68.10000000000001,195.56409665678785,21.152411054293307,0.5329405657418319
2394,-187.275,-30.511835001139865,21.15842513269462,0.5330920920306027
2395,-170.25000000000003,-60.0,21.340987063841123,0.5376917879526613
2396,119.17500000000001,-128.80571833067364,20.9917475405842,0.5288926062127539
2397,119.17500000000001,-89.48816499886013,21.328200612596692,0.5373696299470067
2398,158.90000000000003,-118.97632999772027,21.21402311646442,0.5344928978701039
2399,255.37500000000006,87.44082499430067,21.208966098128357,0.5343654849616618
2400,-192.95000000000002,-20.682446668186486,21.248594556213543,0.5353639343969147
2401,-232.675,8.805718330673642,21.20615980785279,0.5342947797392993
2402,153.22500000000002,-148.4644949965804,21.17176135214335,0.5334281015909134
2403,56.75000000000001,215.22287332269457,21.362150920326304,0.5382250168890478
2404,-266.725,67.78204832839393,21.16285808574191,0.5332037814497836
2405,261.05,77.61143666134728,21.29448353006531,0.5365201191752409
2406,-119.17500000000003,-69.82938833295339,21.64215264709209,0.5452797341167067
2407,0.0,254.5404266545081,21.323513660070308,0.5372515409440743
2408,-28.375000000000004,244.71103832155472,21.346806656013186,0.5378384141096797
2409,-147.55,-118.97632999772027,21.447122128685674,0.5403658888557741
2410,107.825,-50.17061166704662,21.402853923231593,0.5392505397639605
2411,-11.350000000000001,254.5404266545081,21.237947016772996,0.5350956668373141
2412,-90.80000000000001,116.92898999316083,21.266822559280264,0.5358231937334408
2413,147.55,97.27021332725406,21.32534444853619,0.5372976681415014
2414,-130.525,-109.1469416647669,21.486194667617845,0.5413503317615985
2415,-175.925,107.09960166020744,21.28014497792974,0.5361588555789807
2416,113.50000000000001,-60.0,21.528732790579074,0.5424220909694905
2417,79.45000000000002,156.2465433249743,21.08398740339272,0.5312166138420942
2418,209.97500000000002,-10.853058335233108,21.28548896549899,0.536293498752809
2419,28.375000000000004,244.71103832155472,21.18991115526898,0.5338853906593344
2420,181.60000000000002,-40.34122333409324,21.17033510542274,0.5333921669292704
2421,-153.22500000000002,-109.1469416647669,21.5086018119723,0.5419148856631973
2422,136.20000000000002,-138.63510666362703,21.136662065201087,0.5325437658150942
2423,-68.10000000000001,175.90531999088108,21.265665246591475,0.5357940349355373
2424,-141.875,-109.1469416647669,21.485054633890712,0.5413216083116834
2425,-238.35000000000002,97.27021332725406,21.300240005154592,0.5366651550807405
2426,175.92500000000004,-50.17061166704662,21.228596665596644,0.5348600822775673
2427,119.17500000000001,-69.82938833295339,21.561110020981232,0.54323784381409
2428,-102.15,-40.34122333409324,21.482650725765136,0.5412610412135334
2429,136.20000000000002,97.27021332725406,21.3188764197808,0.5371347044540389
2430,164.57500000000005,-89.48816499886013,21.201707058194362,0.5341825915392886
2431,124.85000000000002,97.27021332725406,21.297995300583175,0.5366085991580544
2432,158.90000000000003,97.27021332725406,21.443649855125482,0.5402784040092085
2433,-130.525,-89.48816499886013,21.70824819241109,0.5469450287833483
2434,141.87500000000003,-148.4644949965804,21.211226802722393,0.5344224440091306
2435,-198.625,107.09960166020744,21.384135732850577,0.5387789300289891
2436,170.25000000000003,-60.0,21.309143896746562,0.5368894909737103
2437,-164.57500000000002,-69.82938833295339,21.521403297855088,0.5422374224705238
2438,-215.65000000000003,-1.0236700022797294,21.33816804090463,0.5376207619275544
2439,-187.275,107.09960166020744,21.402737136477302,0.5392475972909374
2440,-34.050000000000004,234.88164998860134,21.49834008005506,0.5416563386257258
2441,119.17500000000001,-109.1469416647669,21.277036983973666,0.5360805488529521
2442,130.52500000000003,-128.80571833067364,21.191576739410316,0.5339273554903078
2443,187.27500000000003,-30.511835001139865,21.257103034750994,0.5355783077538674
2444,158.90000000000003,-99.31755333181351,21.37764324703668,0.5386153501394981
2445,-147.55,-99.31755333181351,21.584241811188434,0.5438206553587411
2446,-85.12500000000001,126.75837832611418,21.318025824385714,0.537113273479106
2447,215.65000000000003,97.27021332725406,21.622936666828778,0.5447955824345876
2448,227.00000000000003,97.27021332725406,21.533566069998766,0.5425438667170261
2449,147.55,-138.63510666362703,21.27852186225954,0.536117960752319
2450,-62.42500000000001,185.73470832383447,21.486240025837013,0.5413514745738729
2451,153.22500000000002,-128.80571833067364,21.321335612409655,0.5371966644598049
2452,232.67500000000004,8.805718330673642,21.404902052458212,0.5393021429190782
2453,141.87500000000003,-128.80571833067364,21.33747842243586,0.5376033868086637
2454,-96.47500000000001,107.09960166020744,21.414661633996904,0.5395480381455506
2455,124.85000000000002,-118.97632999772027,21.234695974975892,0.5350137559832676
2456,170.25000000000003,97.27021332725406,21.61923637461882,0.5447023525981058
2457,90.80000000000001,116.92898999316083,21.40470488233366,0.539297175165877
2458,96.47500000000001,107.09960166020744,21.38270089995845,0.5387427790364941
2459,-124.85000000000002,-79.65877666590676,21.8225686631402,0.5498253631428622
2460,-238.35000000000002,18.635106663627028,21.566712960108344,0.5433790113405983
2461,153.22500000000002,-109.1469416647669,21.473513393342337,0.5410308237173681
2462,-136.20000000000002,-99.31755333181351,21.66737263667357,0.5459151583943959
2463,113.50000000000001,97.27021332725406,21.490827266877105,0.541467051319655
2464,-198.625,-10.853058335233108,21.511846458378777,0.541996635383693
2465,-255.375,87.44082499430067,21.318191278313222,0.537117442134372
2466,-119.17500000000003,-50.17061166704662,21.997158278457967,0.5542241944685807
2467,73.775,166.0759316579277,21.36145908248699,0.5382075858525319
2468,-96.47500000000001,-30.511835001139865,21.587787178909583,0.5439099818319371
2469,192.95000000000002,-20.682446668186486,21.506632880756264,0.5418652779228084
2470,261.05,57.95265999544054,21.515504048915194,0.5420887893402669
2471,-153.22500000000002,-89.48816499886013,21.660168401733998,0.5457336457982866
2472,34.050000000000004,234.88164998860134,21.531494037734166,0.5424916613185732
2473,-124.85000000000002,97.27021332725406,21.4681343665441,0.5408952977209398
2474,-158.90000000000003,-79.65877666590676,21.66752531866846,0.5459190052574568
2475,-261.05,57.95265999544054,21.470110385141144,0.5409450840297593
2476,85.12500000000001,126.75837832611418,21.53550477000965,0.5425927127742416
2477,158.90000000000003,-79.65877666590676,21.59229376252908,0.5440235263927711
2478,-79.45000000000002,136.58776665906757,21.48185217836286,0.5412409216014831
2479,-175.925,-30.511835001139865,21.7230988303945,0.5473191945173721
2480,-141.875,-89.48816499886013,21.763712441879225,0.548342465151908
2481,204.3,97.27021332725406,21.73278449634012,0.5475632274210159
2482,-113.50000000000001,97.27021332725406,21.56944357814234,0.5434478099809106
2483,-136.20000000000002,97.27021332725406,21.531337840946286,0.5424877258993773
2484,124.85000000000002,-99.31755333181351,21.481019092282462,0.5412199317783437
2485,164.57500000000005,-69.82938833295339,21.52870360627993,0.5424213556633896
2486,-227.00000000000003,97.27021332725406,21.541625122816587,0.5427469166746431
2487,147.55,-118.97632999772027,21.459637221160882,0.5406812099057919
2488,215.65000000000003,-1.0236700022797294,21.612929342871908,0.5445434452726609
2489,-255.375,48.123271662487156,21.720170685324135,0.5472454191313715
2490,17.025000000000002,244.71103832155472,21.576320172249645,0.5436210675799861
2491,-147.55,97.27021332725406,21.588741924618056,0.5439340369014376
2492,-113.50000000000001,-40.34122333409324,21.947617327635353,0.5529759971689432
2493,-261.05,77.61143666134728,21.366227267935184,0.538327721540317
2494,-244.02500000000003,28.464494996580413,21.836293819456756,0.5501711720699611
2495,-107.82500000000002,-30.511835001139865,21.91145355274679,0.5520648413390473
2496,39.72500000000001,225.05226165564795,21.71929416848189,0.5472233350587526
2497,-170.25000000000003,-40.34122333409324,21.754241708106267,0.548103847520944
2498,-136.20000000000002,-79.65877666590676,21.9530225894045,0.553112184162371
2499,-73.77500000000002,146.41715499202095,21.60366910311683,0.5443101310938985
2500,238.35000000000002,18.635106663627028,21.66047336816067,0.5457413295077015
2501,102.15,-40.34122333409324,21.71981795465089,0.5472365319891884
2502,130.52500000000003,-109.1469416647669,21.466762479911054,0.5408607326760155
2503,136.20000000000002,-118.97632999772027,21.43815329633656,0.5401399167633298
2504,-181.60000000000002,-20.682446668186486,21.75410858121949,0.5481004933539807
2505,-164.57500000000002,-50.17061166704662,21.81350694226471,0.5495970506995392
2506,-56.75000000000001,195.56409665678785,21.74720514232668,0.5479265593934665
2507,119.17500000000001,-50.17061166704662,21.958625902900916,0.5532533611212124
2508,244.02500000000003,87.44082499430067,21.693985874543515,0.5465856859295418
2509,124.85000000000002,-79.65877666590676,21.703843602106797,0.5468340539709448
2510,-249.70000000000005,38.293883329533784,21.908727002344676,0.5519961451837914
2511,-124.85000000000002,-60.0,22.1290161096923,0.5575463872434443
2512,-158.90000000000003,97.27021332725406,21.76718054619217,0.5484298449531915
2513,68.10000000000001,175.90531999088108,21.589344414440077,0.5439492167911333
2514,-39.72500000000001,225.05226165564795,21.749353462569903,0.5479806868876267
2515,-244.02500000000003,87.44082499430067,21.692784452208674,0.5465554157774924
2516,244.02500000000003,28.464494996580413,21.85643001462607,0.5506785088089209
2517,255.37500000000006,48.123271662487156,21.792976231686765,0.5490797740409868
2518,249.70000000000005,38.293883329533784,21.86260984053277,0.5508342111497296
2519,255.37500000000006,67.78204832839393,21.769418295941872,0.5484862256473135
2520,153.22500000000002,-89.48816499886013,21.643989287388145,0.5453260087525358
2521,181.60000000000002,97.27021332725406,21.7519968986364,0.5480472889553137
2522,-147.55,-79.65877666590676,21.98761832556981,0.5539838328437846
2523,-221.32500000000002,8.805718330673642,21.751702083410688,0.5480398610080799
2524,113.50000000000001,-40.34122333409324,22.09626769453009,0.5567212823010858
2525,-17.025000000000002,244.71103832155472,21.753057335170432,0.5480740069329915
2526,147.55,-99.31755333181351,21.591306075076844,0.5439986413473632
2527,192.95000000000002,97.27021332725406,21.850330231375953,0.5505248231639193
2528,141.87500000000003,-109.1469416647669,21.613599987373522,0.5445603423374533
2529,136.20000000000002,-99.31755333181351,21.625494252597736,0.5448600214814244
2530,107.825,-30.511835001139865,22.114697284433163,0.5571856206710296
2531,-130.525,-69.82938833295339,22.124044450696378,0.5574211249860513
2532,79.45000000000002,136.58776665906757,21.65951472891713,0.5457171763395599
2533,-45.400000000000006,215.22287332269457,21.862454238654838,0.5508302907194467
2534,153.22500000000002,87.44082499430067,22.014111261708855,0.5546513293451463
2535,62.42500000000001,185.73470832383447,21.81480109307837,0.549629657170027
2536,96.47500000000001,-30.511835001139865,21.742962048800564,0.5478196535349097
2537,-68.10000000000001,156.2465433249743,21.77062026619255,0.5485165096042467
2538,-102.15,-20.682446668186486,22.063396739766226,0.5558930899412
2539,198.62500000000003,-10.853058335233108,21.78663945504759,0.5489201172851498
2540,-170.25000000000003,97.27021332725406,21.919224877440136,0.5522606419108123
2541,-204.3,-1.0236700022797294,21.85415777599929,0.5506212591584604
2542,-215.65000000000003,97.27021332725406,21.833211374631663,0.5500935090610145
2543,130.52500000000003,-89.48816499886013,21.73741186159325,0.5476798151069099
2544,-51.075,205.39348498974124,21.874686660641338,0.551138489812077
2545,-141.875,-69.82938833295339,22.166476593329357,0.5584902139916694
2546,141.87500000000003,87.44082499430067,21.956224149926562,0.5531928483226648
2547,221.32500000000005,8.805718330673642,21.903669100429525,0.5518687100133416
2548,45.400000000000006,215.22287332269457,21.910310984217656,0.5520360540241285
2549,56.75000000000001,195.56409665678785,21.96987986469027,0.5535369076515564
2550,-153.22500000000002,-69.82938833295339,22.014271417439844,0.554655364510956
2551,-102.15,97.27021332725406,21.951377761581057,0.5530707422922917
2552,249.70000000000005,77.61143666134728,21.862210394940753,0.5508241470128686
2553,-158.90000000000003,-60.0,22.03445326877138,0.5551638515689439
2554,141.87500000000003,-89.48816499886013,21.738143077229964,0.5476982382773989
2555,232.67500000000004,87.44082499430067,22.062180833065604,0.5558624548517411
2556,170.25000000000003,-40.34122333409324,21.869938289707964,0.5510188533562097
2557,-255.375,67.78204832839393,21.797035348467723,0.5491820445570099
2558,5.675000000000001,244.71103832155472,21.890596992145063,0.5515393548033526
2559,-136.20000000000002,-60.0,22.328287036573602,0.5625670707123609
2560,164.57500000000005,-50.17061166704662,21.919150223319384,0.5522587609805841
2561,124.85000000000002,-60.0,22.02258301476224,0.5548647773938584
2562,-204.3,97.27021332725406,21.978352116321435,0.5537503682620669
2563,102.15,97.27021332725406,21.846345144609472,0.5504244178536023
2564,-62.42500000000001,166.0759316579277,21.9441727133878,0.5528892092060419
2565,175.92500000000004,-30.511835001139865,21.88544605872743,0.5514095756797035
2566,51.075,205.39348498974124,22.033869917785747,0.55514915388727
2567,-181.60000000000002,97.27021332725406,22.017766900509727,0.5547434341272293
2568,130.52500000000003,87.44082499430067,22.003824024159396,0.5543921396865558
2569,73.775,146.41715499202095,21.881381282894353,0.5513071625823722
2570,-187.275,-10.853058335233108,22.0164254585088,0.5547096361428269
2571,-232.675,87.44082499430067,22.03225543632472,0.5551084766017819
2572,-192.95000000000002,97.27021332725406,22.029930938401108,0.5550499102645782
2573,158.90000000000003,-60.0,22.016581548289206,0.5547135688659413
2574,164.57500000000005,87.44082499430067,22.131861496253652,0.5576180775070207
2575,-22.700000000000003,234.88164998860134,22.016331579403495,0.5547072708340514
2576,102.15,-20.682446668186486,22.317430085199312,0.5622935269639535
2577,68.10000000000001,156.2465433249743,21.982828958924692,0.5538631634901662
2578,-249.70000000000005,77.61143666134728,21.87499640905688,0.5511462940049605
2579,-227.00000000000003,18.635106663627028,22.150085749247115,0.5580772423594638
2580,181.60000000000002,-20.682446668186486,22.047158138192408,0.5554839540990781
2581,-79.45000000000002,116.92898999316083,22.101809507349593,0.5568609097341798
2582,221.32500000000005,87.44082499430067,22.23177113036443,0.5601353270436994
2583,-56.75000000000001,175.90531999088108,22.140162671327122,0.5578272277986174
2584,209.97500000000002,87.44082499430067,22.38314131822025,0.5639491387810595
2585,-147.55,-60.0,22.355353778044513,0.5632490243901365
2586,-164.57500000000002,-30.511835001139865,22.30481872074887,0.5619757803161721
2587,227.00000000000003,18.635106663627028,22.199111212077245,0.5593124518034076
2588,147.55,-79.65877666590676,21.982220668882473,0.5538478374623954
2589,136.20000000000002,-79.65877666590676,21.953707590540848,0.5531294429463555
2590,-5.675000000000001,244.71103832155472,22.010688718561884,0.5545650974694353
2591,198.62500000000003,87.44082499430067,22.377647780543434,0.5638107276528959
2592,-170.25000000000003,-20.682446668186486,22.278082329108194,0.5613021498893473
2593,238.35000000000002,77.61143666134728,22.256774290004635,0.5607652882339289
2594,119.17500000000001,87.44082499430067,22.194264935751846,0.5591903485954106
2595,204.3,-1.0236700022797294,22.151741377671158,0.5581189563535187
2596,249.70000000000005,57.95265999544054,22.23428799702834,0.5601987401619637
2597,-119.17500000000003,-30.511835001139865,22.694866654519245,0.5718031407034327
2598,-85.12500000000001,107.09960166020744,22.15781538562865,0.5582719925832363
2599,-249.70000000000005,57.95265999544054,22.183800977312288,0.5589267064074651
2600,130.52500000000003,-69.82938833295339,22.05382392278241,0.555651900296861
2601,153.22500000000002,-69.82938833295339,22.055997453676113,0.5557066629799978
2602,-141.875,87.44082499430067,22.233451770774742,0.5601776712213339
2603,22.700000000000003,234.88164998860134,22.02121658454288,0.5548303498247136
2604,175.92500000000004,87.44082499430067,22.30779372948314,0.5620507364445236
2605,-124.85000000000002,-40.34122333409324,22.638805384621048,0.5703906622479478
2606,-130.525,-50.17061166704662,22.557062723311354,0.5683311343741838
2607,244.02500000000003,67.78204832839393,22.374430723363286,0.5637296730502214
2608,119.17500000000001,-30.511835001139865,22.519141543693284,0.5673757002694201
2609,-209.97500000000002,8.805718330673642,22.2497011756944,0.5605870792565987
2610,-158.90000000000003,-40.34122333409324,22.375607337650695,0.563759318156984
2611,-153.22500000000002,-50.17061166704662,22.436733207015315,0.5652994005294865
2612,-113.50000000000001,-20.682446668186486,22.806279112765363,0.5746102069227857
2613,-221.32500000000002,87.44082499430067,22.27360632154375,0.5611893757002708
2614,-192.95000000000002,-1.0236700022797294,22.295083423044993,0.5617304969273115
2615,-73.77500000000002,126.75837832611418,22.178420930880225,0.5587911547210942
2616,-238.35000000000002,38.293883329533784,22.455148478162783,0.5657633781346129
2617,-153.22500000000002,87.44082499430067,22.430050612244365,0.5651310307947686
2618,-130.525,87.44082499430067,22.228691073523535,0.5600577242006434
2619,-232.675,28.464494996580413,22.46196397201766,0.5659350962967413
2620,-96.47500000000001,-10.853058335233108,22.52853840786162,0.5676124567362465
2621,-141.875,-50.17061166704662,22.630491812297887,0.5701811996043812
2622,-28.375000000000004,225.05226165564795,22.34580773786713,0.5630085093944855
2623,85.12500000000001,107.09960166020744,22.22861699478367,0.5600558577672883
2624,62.42500000000001,166.0759316579277,22.274508388293484,0.561212103509536
2625,-51.075,185.73470832383447,22.35080291079006,0.5631343640914603
2626,-244.02500000000003,48.123271662487156,22.438685007549893,0.5653485766578457
2627,113.50000000000001,-20.682446668186486,22.735546675071564,0.5728280845319115
2628,-119.17500000000003,87.44082499430067,22.31845028304513,0.5623192311172873
2629,244.02500000000003,48.123271662487156,22.457144974657435,0.5658136803894542
2630,187.27500000000003,87.44082499430067,22.402290277005775,0.5644316018393998
2631,232.67500000000004,28.464494996580413,22.477905480033733,0.5663367467884539
2632,-107.82500000000002,-10.853058335233108,22.94418547971817,0.5780847941475982
2633,-68.10000000000001,136.58776665906757,22.334120708348735,0.5627140516086857
2634,79.45000000000002,116.92898999316083,22.33073300812791,0.5626286976096728
2635,209.97500000000002,8.805718330673642,22.425761641834498,0.5650229690560469
2636,187.27500000000003,-10.853058335233108,22.343665532136992,0.5629545359570923
2637,-90.80000000000001,97.27021332725406,22.490784697796165,0.566661242070954
2638,-175.925,-10.853058335233108,22.500271864920098,0.5669002737445226
2639,141.87500000000003,-69.82938833295339,22.19798140924905,0.5592839861236848
2640,11.350000000000001,234.88164998860134,22.388595177615294,0.564086550204467
2641,238.35000000000002,38.293883329533784,22.532849940699855,0.5677210869412914
2642,164.57500000000005,-30.511835001139865,22.390139692377687,0.5641254646605616
2643,-238.35000000000002,77.61143666134728,22.42128611537178,0.5649102069884551
2644,73.775,126.75837832611418,22.359551533547677,0.5633547879452678
2645,107.825,87.44082499430067,22.436496934657185,0.565293447585215
2646,-34.050000000000004,215.22287332269457,22.56756052802337,0.5685956293278753
2647,124.85000000000002,-40.34122333409324,22.523033052367722,0.5674737478550699
2648,-56.75000000000001,156.2465433249743,22.591834885000523,0.5692072281431223
2649,-136.20000000000002,-40.34122333409324,22.81971583975215,0.5749487487969803
2650,147.55,77.61143666134728,22.613057076109897,0.5697419268357243
2651,28.375000000000004,225.05226165564795,22.35760076088146,0.5633056377143225
2652,90.80000000000001,97.27021332725406,22.49063886762555,0.5666575678414096
2653,-62.42500000000001,146.41715499202095,22.401395249144006,0.5644090513767701
2654,136.20000000000002,77.61143666134728,22.60369354192484,0.5695060101266022
2655,-209.97500000000002,87.44082499430067,22.494696122208,0.5667597914388511
2656,107.825,-10.853058335233108,22.90190459163765,0.5770195160402533
2657,158.90000000000003,-40.34122333409324,22.434776861906077,0.5652501098993721
2658,147.55,-60.0,22.428512849436263,0.5650922864559401
2659,96.47500000000001,-10.853058335233108,22.725169164412875,0.5725666204185658
2660,153.22500000000002,-50.17061166704662,22.485785733438945,0.566535291847794
2661,136.20000000000002,-60.0,22.340469528633886,0.5628740118073542
2662,130.52500000000003,-50.17061166704662,22.468028270848123,0.566087887902447
2663,-164.57500000000002,87.44082499430067,22.582970940501284,0.5689838987276715
2664,56.75000000000001,175.90531999088108,22.533163936163877,0.5677289981396795
2665,-187.275,87.44082499430067,22.59607357204485,0.5693140229792102
2666,-45.400000000000006,195.56409665678785,22.678921927566172,0.5714014091097549
2667,-175.925,87.44082499430067,22.64590893523301,0.5705696380759137
2668,-147.55,-40.34122333409324,22.77822613897253,0.5739034048619938
2669,68.10000000000001,136.58776665906757,22.5425673204908,0.567965918883618
2670,-215.65000000000003,18.635106663627028,22.602187794695773,0.5694680724287169
2671,-198.625,87.44082499430067,22.58480209205828,0.5690300350732749
2672,227.00000000000003,77.61143666134728,22.68262512776051,0.5714947122136687
2673,-39.72500000000001,205.39348498974124,22.71158568228355,0.5722243810099156
2674,-107.82500000000002,87.44082499430067,22.611741642950797,0.5697087841509397
2675,-102.15,-1.0236700022797294,23.18939673600805,0.5842629563116163
2676,-227.00000000000003,77.61143666134728,22.74485333051731,0.5730625681662209
2677,34.050000000000004,215.22287332269457,22.584405373821475,0.5690200396528465
2678,192.95000000000002,-1.0236700022797294,22.61475040321926,0.5697845906580817
2679,-158.90000000000003,-20.682446668186486,22.76112044576345,0.5734724224178244
2680,-244.02500000000003,67.78204832839393,22.48623860133468,0.566546701973663
2681,-130.525,-30.511835001139865,23.008008351230952,0.5796928281993186
2682,170.25000000000003,77.61143666134728,22.844352846525844,0.5755694846693334
2683,-153.22500000000002,-30.511835001139865,22.7867818325829,0.5741189678151398
2684,-90.80000000000001,-1.0236700022797294,22.779999060094042,0.5739480740764435
2685,-11.350000000000001,234.88164998860134,22.46455114169412,0.5660002807179169
2686,215.65000000000003,18.635106663627028,22.766281226556515,0.5736024496486902
2687,-141.875,-30.511835001139865,22.989575621671825,0.5792284107249137
2688,-181.60000000000002,-1.0236700022797294,22.71810579228553,0.5723886568980986
2689,-198.625,8.805718330673642,22.71169573905035,0.572227153919132
2690,124.85000000000002,77.61143666134728,22.82875965460092,0.5751766100932456
2691,158.90000000000003,77.61143666134728,22.775857025065523,0.5738437144133415
2692,0.0,234.88164998860134,22.597120495940956,0.5693404005024176
2693,238.35000000000002,57.95265999544054,22.81092589153311,0.5747272837372918
2694,39.72500000000001,205.39348498974124,22.717733215705465,0.572379269733068
2695,102.15,-1.0236700022797294,23.1073629966354,0.582196094649418
2696,51.075,185.73470832383447,22.69130220071836,0.5717133333514327
2697,170.25000000000003,-20.682446668186486,22.536644264611937,0.5678166859312658
2698,62.42500000000001,146.41715499202095,22.717939874440567,0.5723844765543101
2699,-164.57500000000002,-10.853058335233108,22.83961439145496,0.5754500980462323
2700,-124.85000000000002,-20.682446668186486,23.160984744004626,0.5835471086924824
2701,204.3,77.61143666134728,22.98495234680082,0.5791119260972745
2702,45.400000000000006,195.56409665678785,22.730377329233416,0.5726978415024797
2703,-221.32500000000002,28.464494996580413,22.88331358667051,0.5765511107752711
2704,90.80000000000001,-1.0236700022797294,22.91977118165473,0.577469669479837
2705,-147.55,77.61143666134728,22.98771923355236,0.5791816385374745
2706,181.60000000000002,77.61143666134728,22.95478794516306,0.5783519260560106
2707,232.67500000000004,67.78204832839393,22.860237633928147,0.5759697060702481
2708,-147.55,-20.682446668186486,23.059691076750934,0.5809949880763652
2709,-85.12500000000001,8.805718330673642,23.057282135998108,0.5809342941798465
2710,-136.20000000000002,-20.682446668186486,23.1590889426497,0.5834993434781985
2711,192.95000000000002,77.61143666134728,23.032726054313414,0.5803155972364177
2712,141.87500000000003,-50.17061166704662,22.653204157640726,0.5707534431252388
2713,215.65000000000003,77.61143666134728,23.011126191340644,0.5797713830017799
2714,-119.17500000000003,-10.853058335233108,23.33374088660167,0.5878997451902663
2715,-73.77500000000002,8.805718330673642,22.87868640439968,0.5764345276996644
2716,-96.47500000000001,8.805718330673642,23.46216048703515,0.5911353108348488
2717,198.62500000000003,8.805718330673642,22.92618162573578,0.5776311823062681
2718,-238.35000000000002,57.95265999544054,22.820778833385194,0.5749755312014411
2719,175.92500000000004,-10.853058335233108,22.786509612890285,0.5741121091683116
2720,96.47500000000001,87.44082499430067,22.91725197797563,0.5774061974798598
2721,147.55,-40.34122333409324,22.791049177013907,0.5742264846816303
2722,56.75000000000001,156.2465433249743,22.93434216017777,0.5778367891201253
2723,-73.77500000000002,107.09960166020744,23.0520234831365,0.5808018010364451
2724,-68.10000000000001,116.92898999316083,22.937102533700052,0.5779063374577993
2725,-204.3,18.635106663627028,23.010354389873893,0.5797519372606171
2726,-51.075,166.0759316579277,22.89587460514499,0.5768675889429324
2727,-136.20000000000002,77.61143666134728,22.94911705951916,0.5782090465991222
2728,17.025000000000002,225.05226165564795,22.80796705617877,0.5746527351015059
2729,153.22500000000002,-30.511835001139865,22.777192558444565,0.5738773635284597
2730,-62.42500000000001,126.75837832611418,22.928207476859694,0.5776822241587225
2731,-232.675,67.78204832839393,22.942100677977077,0.5780322670188228
2732,-232.675,48.123271662487156,23.02928733904436,0.5802289578998328
2733,-68.10000000000001,18.635106663627028,23.112938270601305,0.5823365651449056
2734,-158.90000000000003,77.61143666134728,23.044729284701162,0.5806180217863735
2735,-96.47500000000001,87.44082499430067,23.04246580181031,0.5805609927389849
2736,221.32500000000005,28.464494996580413,23.031702572151996,0.5802898103338876
2737,-79.45000000000002,18.635106663627028,23.27443754677842,0.5864055819294135
2738,-124.85000000000002,77.61143666134728,23.072103655246984,0.5813077262596872
2739,-227.00000000000003,38.293883329533784,23.078623250880227,0.5814719891882144
2740,-153.22500000000002,-10.853058335233108,23.201624587460472,0.5845710402484372
2741,-187.275,8.805718330673642,23.10876960011821,0.5822315343945128
2742,136.20000000000002,-40.34122333409324,22.801693250820808,0.5744946649236787
2743,-17.025000000000002,225.05226165564795,22.916246302219722,0.5773808592144047
2744,113.50000000000001,77.61143666134728,23.133458162420983,0.582853569221995
2745,73.775,8.805718330673642,22.875658542541995,0.5763582399229528
2746,-56.75000000000001,136.58776665906757,23.026503820186715,0.5801588264093402
2747,-141.875,-10.853058335233108,23.323203494430448,0.5876342528201172
2748,-170.25000000000003,77.61143666134728,23.17888917090318,0.583998215442257
2749,-170.25000000000003,-1.0236700022797294,23.118029332599132,0.5824648357923692
2750,232.67500000000004,48.123271662487156,23.157739236866508,0.5834653372856263
2751,221.32500000000005,67.78204832839393,23.228800674981386,0.5852557489287323
2752,130.52500000000003,-30.511835001139865,22.924721299214013,0.5775943889950621
2753,158.90000000000003,-20.682446668186486,22.83663988080332,0.5753751544672039
2754,85.12500000000001,8.805718330673642,23.213745446444097,0.5848764284818367
2755,-130.525,-10.853058335233108,23.4369935772436,0.5905012239164426
2756,-215.65000000000003,77.61143666134728,23.027395968304738,0.580181304316068
2757,181.60000000000002,-1.0236700022797294,23.0430713442196,0.5805762495394206
2758,68.10000000000001,18.635106663627028,23.090827692462224,0.5817794833071863
2759,153.22500000000002,67.78204832839393,23.257859303830195,0.5859878887334391
2760,96.47500000000001,8.805718330673642,23.45632516950599,0.5909882884733181
2761,141.87500000000003,67.78204832839393,23.196787127632422,0.5844491591744123
2762,-181.60000000000002,77.61143666134728,23.1750573608651,0.5839016719794684
2763,124.85000000000002,-20.682446668186486,23.072801484379593,0.5813253082484151
2764,204.3,18.635106663627028,23.205979770831064,0.5846807702401376
2765,-113.50000000000001,-1.0236700022797294,23.623862647911725,0.5952094393527771
2766,-192.95000000000002,77.61143666134728,23.14282377011993,0.5830895381738456
2767,175.92500000000004,67.78204832839393,23.42186902391119,0.5901201568130812
2768,119.17500000000001,-10.853058335233108,23.25818573907837,0.5859961133554642
2769,227.00000000000003,57.95265999544054,23.286244702968524,0.5867030663383352
2770,141.87500000000003,-30.511835001139865,23.03872907720433,0.5804668449786932
2771,-158.90000000000003,-1.0236700022797294,23.402807886462696,0.5896399064364499
2772,-45.400000000000006,175.90531999088108,23.11691716096399,0.5824368143351976
2773,-136.20000000000002,-1.0236700022797294,23.564659501995553,0.5937178005037933
2774,73.775,107.09960166020744,23.16074227491568,0.5835409996199467
2775,51.075,166.0759316579277,23.199391923902233,0.5845147877022483
2776,-22.700000000000003,215.22287332269457,23.1594226833585,0.5835077521632276
2777,-113.50000000000001,77.61143666134728,23.272727689567056,0.586362501626784
2778,79.45000000000002,18.635106663627028,23.372462192433932,0.5888753386856622
2779,227.00000000000003,38.293883329533784,23.21421602145346,0.5848882847430955
2780,68.10000000000001,116.92898999316083,23.073822294255674,0.5813510278220124
2781,-90.80000000000001,18.635106663627028,23.870891457321477,0.601433395246195
2782,147.55,-20.682446668186486,23.07969912771807,0.5814990961884119
2783,187.27500000000003,8.805718330673642,23.322041489979316,0.5876049758120261
2784,-79.45000000000002,97.27021332725406,23.25402835986889,0.5858913670916829
2785,-51.075,146.41715499202095,23.26618110976058,0.5861975588249075
2786,164.57500000000005,67.78204832839393,23.36979249425327,0.5888080749370943
2787,-73.77500000000002,28.464494996580413,23.829720436790115,0.6003960805439686
2788,-28.375000000000004,205.39348498974124,23.315715851487507,0.5874455996847445
2789,-204.3,77.61143666134728,23.12817549788779,0.5827204710982058
2790,-51.075,28.464494996580413,23.336227732103954,0.5879624019174592
2791,5.675000000000001,225.05226165564795,23.15855892349718,0.5834859895061018
2792,209.97500000000002,67.78204832839393,23.471949653197893,0.5913819514537136
2793,56.75000000000001,136.58776665906757,23.314942885250844,0.587426124596897
2794,62.42500000000001,126.75837832611418,23.17663884466837,0.5839415178802815
2795,130.52500000000003,67.78204832839393,23.333149057954564,0.5878848339116797
2796,-209.97500000000002,28.464494996580413,23.290439517701255,0.5868087557999813
2797,22.700000000000003,215.22287332269457,23.246017377319298,0.5856895282771303
2798,-124.85000000000002,-1.0236700022797294,23.668781393397587,0.5963411789719725
2799,-107.82500000000002,8.805718330673642,23.84928570879868,0.6008890327235747
2800,-147.55,-1.0236700022797294,23.639996267428508,0.5956159301443313
2801,-62.42500000000001,28.464494996580413,23.631495470307737,0.5954017503226944
2802,-192.95000000000002,18.635106663627028,23.474952343645885,0.5914576050301307
2803,-5.675000000000001,225.05226165564795,23.199026591917352,0.5845055830667008
2804,164.57500000000005,-10.853058335233108,23.059004174958563,0.5809776814048517
2805,-221.32500000000002,67.78204832839393,23.355202177365474,0.5884404680616144
2806,-34.050000000000004,195.56409665678785,23.457232820089395,0.5910111569687426
2807,113.50000000000001,-1.0236700022797294,23.474898963582735,0.5914562601053851
2808,90.80000000000001,18.635106663627028,23.707200847327897,0.5973091672292239
2809,51.075,28.464494996580413,23.40794376538228,0.589769306258057
2810,-39.72500000000001,185.73470832383447,23.40888294644235,0.5897929691721429
2811,79.45000000000002,97.27021332725406,23.332063654703315,0.587857486890988
2812,-45.400000000000006,156.2465433249743,23.39599193771099,0.5894681768130761
2813,187.27500000000003,67.78204832839393,23.557109568086318,0.5935275779311242
2814,-175.925,8.805718330673642,23.53199972530022,0.5928949288309454
2815,-153.22500000000002,67.78204832839393,23.5000257014066,0.5920893348804888
2816,-130.525,67.78204832839393,23.59786350510857,0.5945543841045243
2817,-164.57500000000002,67.78204832839393,23.558289167612703,0.5935572982517688
2818,136.20000000000002,-20.682446668186486,23.285254287762776,0.5866781125664595
2819,-85.12500000000001,87.44082499430067,23.66229992082838,0.5961778765640812
2820,102.15,77.61143666134728,23.526757016848194,0.5927628374111412
2821,153.22500000000002,-10.853058335233108,23.263972398606832,0.5861419097658562
2822,209.97500000000002,28.464494996580413,23.495790554471217,0.5919826292383779
2823,141.87500000000003,-10.853058335233108,23.35482837277493,0.5884310499565364
2824,73.775,28.464494996580413,23.890509295957678,0.6019276718558246
2825,45.400000000000006,175.90531999088108,23.33702028510259,0.5879823704989315
2826,215.65000000000003,57.95265999544054,23.68838823533968,0.5968351785169987
2827,62.42500000000001,28.464494996580413,23.682966735728623,0.5966985824068689
2828,-102.15,77.61143666134728,23.68133740129988,0.5966575308969484
2829,-141.875,67.78204832839393,23.5586744719962,0.593567006097158
2830,-56.75000000000001,38.293883329533784,24.02197231661859,0.6052399172743409
2831,198.62500000000003,67.78204832839393,23.580819363475893,0.5941249524685285
2832,11.350000000000001,215.22287332269457,23.590049703332845,0.5943575133114851
2833,-209.97500000000002,67.78204832839393,23.536688374587534,0.5930130605842161
2834,-215.65000000000003,38.293883329533784,23.515746159697375,0.5924854159661722
2835,51.075,146.41715499202095,23.599204778715784,0.5945881778462027
2836,170.25000000000003,-1.0236700022797294,23.408455299072678,0.5897821944840685
2837,192.95000000000002,18.635106663627028,23.582376073007634,0.5941641741750475
2838,22.700000000000003,38.293883329533784,23.60768892979929,0.594801938266548
2839,-175.925,67.78204832839393,23.611275085929858,0.5948922924144585
2840,-102.15,18.635106663627028,24.140272178526885,0.6082205134423504
2841,-227.00000000000003,57.95265999544054,23.462954238787965,0.5911553096192483
2842,85.12500000000001,87.44082499430067,23.652240757540973,0.5959244332965729
2843,221.32500000000005,48.123271662487156,23.634751383098934,0.5954837839027195
2844,34.050000000000004,195.56409665678785,23.53195330520146,0.5928937592643351
2845,158.90000000000003,57.95265999544054,23.789849397647647,0.5993915192151082
2846,-141.875,8.805718330673642,23.892353257351562,0.601974130948641
2847,-153.22500000000002,8.805718330673642,23.822179463765202,0.6002060837431394
2848,-119.17500000000003,8.805718330673642,23.89222234003334,0.6019708324523392
2849,-221.32500000000002,48.123271662487156,23.594429974376553,0.5944678753937152
2850,39.72500000000001,185.73470832383447,23.436142515382322,0.5904797811887711
2851,-51.075,126.75837832611418,23.669268101460705,0.5963534417097683
2852,-198.625,67.78204832839393,23.59355581291922,0.5944458506656393
2853,130.52500000000003,-10.853058335233108,23.455607502806238,0.590970206671863
2854,-85.12500000000001,28.464494996580413,24.245629267898504,0.6108750130485892
2855,-56.75000000000001,116.92898999316083,23.67137679909858,0.5964065709019547
2856,-164.57500000000002,8.805718330673642,23.717925195254658,0.5975793699988576
2857,119.17500000000001,67.78204832839393,23.617618878352218,0.5950521259348002
2858,-130.525,8.805718330673642,23.868860504043262,0.6013822248436196
2859,34.050000000000004,38.293883329533784,23.79910649963142,0.5996247543368965
2860,-187.275,67.78204832839393,23.64482215049947,0.5957375195389133
2861,-22.700000000000003,38.293883329533784,23.662265086642893,0.5961769989076063
2862,-45.400000000000006,38.293883329533784,23.845197250633277,0.6007860229436452
2863,45.400000000000006,38.293883329533784,23.931440755472373,0.6029589507551618
2864,28.375000000000004,205.39348498974124,23.522099891007446,0.5926454998994066
2865,-34.050000000000004,38.293883329533784,23.764702128168846,0.5987579271395527
2866,170.25000000000003,57.95265999544054,23.837317072472633,0.6005874797801117
2867,175.92500000000004,8.805718330673642,23.689977962752348,0.5968752321177211
2868,147.55,57.95265999544054,23.78855853129615,0.5993589954975095
2869,-11.350000000000001,215.22287332269457,23.663769045356954,0.5962148915433851
2870,56.75000000000001,38.293883329533784,24.024941584117055,0.6053147287507447
2871,-68.10000000000001,38.293883329533784,24.388602855099496,0.6144772702217056
2872,-215.65000000000003,57.95265999544054,23.730989433646876,0.5979085269248394
2873,-119.17500000000003,67.78204832839393,23.770707408577813,0.59890923176059
2874,107.825,8.805718330673642,23.76161142102809,0.5986800559593876
2875,-45.400000000000006,136.58776665906757,23.802824204635343,0.5997184228933067
2876,-181.60000000000002,18.635106663627028,23.811102343287534,0.599926992776204
2877,215.65000000000003,38.293883329533784,23.716635203992986,0.5975468683293773
2878,-198.625,28.464494996580413,23.737879946651617,0.5980821352142005
2879,0.0,215.22287332269457,23.804986503357835,0.5997729025789327
2880,204.3,57.95265999544054,23.955515230714916,0.6035655134974783
2881,45.400000000000006,156.2465433249743,23.794279927684546,0.5995031475859044
2882,-62.42500000000001,107.09960166020744,23.837178927274223,0.6005839991754655
2883,-204.3,57.95265999544054,23.943502016552536,0.603262837403692
2884,198.62500000000003,28.464494996580413,23.8578350864585,0.6011044365446838
2885,-39.72500000000001,166.0759316579277,23.809854696331872,0.5998955579826625
2886,124.85000000000002,-1.0236700022797294,23.671963188553057,0.596421345138651
2887,-158.90000000000003,57.95265999544054,23.86735468347612,0.6013442852979622
2888,181.60000000000002,57.95265999544054,24.022320086497345,0.6052486794280006
2889,136.20000000000002,-1.0236700022797294,23.661772699828397,0.5961645930921743
2890,-113.50000000000001,18.635106663627028,24.24360915400966,0.610824115747283
2891,192.95000000000002,57.95265999544054,24.061692782688432,0.606240684874992
2892,-192.95000000000002,57.95265999544054,23.956558674069917,0.6035918033275364
2893,-147.55,57.95265999544054,23.915625378644627,0.6025604781719484
2894,-170.25000000000003,57.95265999544054,23.96873986272795,0.6038987115829668
2895,136.20000000000002,57.95265999544054,23.83098343272599,0.6004279020591079
2896,-124.85000000000002,18.635106663627028,24.091584656274605,0.606993818500242
2897,68.10000000000001,38.293883329533784,24.281594831645098,0.6117811748965759
2898,158.90000000000003,-1.0236700022797294,23.60797911507859,0.594809249561063
2899,-68.10000000000001,97.27021332725406,24.053441946200785,0.6060328028773189
2900,90.80000000000001,77.61143666134728,24.004941769989546,0.604810828168041
2901,85.12500000000001,28.464494996580413,24.091156990949035,0.606983043359764
2902,147.55,-1.0236700022797294,23.608563572687764,0.5948239751244083
2903,-90.80000000000001,77.61143666134728,24.18893769359192,0.6094466539075818
2904,56.75000000000001,116.92898999316083,23.820646948059295,0.6001674716064322
2905,-136.20000000000002,57.95265999544054,23.97720309108636,0.6041119448497445
2906,181.60000000000002,18.635106663627028,23.979610363822506,0.6041725967201438
2907,-181.60000000000002,57.95265999544054,23.946847991485402,0.603347140123089
2908,-39.72500000000001,48.123271662487156,24.405749051845362,0.6149092731631485
2909,107.825,67.78204832839393,23.935741520971483,0.6030673096742627
2910,51.075,126.75837832611418,23.971189896936767,0.6039604408399286
2911,-28.375000000000004,48.123271662487156,24.176184970247718,0.6091253456852537
2912,209.97500000000002,48.123271662487156,23.96250518473092,0.6037416272293
2913,-204.3,38.293883329533784,23.90324116102455,0.6022484545483636
2914,39.72500000000001,48.123271662487156,24.40074192613578,0.614783117312567
2915,28.375000000000004,48.123271662487156,24.1743532825928,0.6090791958325221
2916,-136.20000000000002,18.635106663627028,24.121341777639735,0.6077435570078039
2917,-147.55,18.635106663627028,24.100128820205953,0.6072090909600896
2918,-170.25000000000003,18.635106663627028,24.0526336610545,0.6060124379202444
2919,-107.82500000000002,67.78204832839393,24.10051877495195,0.6072189159725864
2920,-17.025000000000002,205.39348498974124,23.99330219938368,0.6045175661220379
2921,-187.275,28.464494996580413,24.01184859507808,0.6049848474446481
2922,-209.97500000000002,48.123271662487156,23.956986862615302,0.6036025916506753
2923,5.675000000000001,48.123271662487156,24.210491115869797,0.6099896980566842
2924,-198.625,48.123271662487156,24.144540494173405,0.6083280547788714
2925,-96.47500000000001,28.464494996580413,24.479713058082385,0.6167728157743105
2926,17.025000000000002,48.123271662487156,24.168453547532543,0.6089305504543348
2927,187.27500000000003,48.123271662487156,24.310594887839486,0.6125118389478329
2928,62.42500000000001,107.09960166020744,23.932714522555955,0.6029910436522035
2929,153.22500000000002,48.123271662487156,24.164498060271463,0.6088308909113496
2930,124.85000000000002,57.95265999544054,23.98560896477554,0.6043237330505301
2931,-124.85000000000002,57.95265999544054,24.12769611021645,0.6079036560901097
2932,-51.075,48.123271662487156,24.684317703376458,0.6219278836829544
2933,-175.925,48.123271662487156,24.165182488475857,0.6088481352601627
2934,130.52500000000003,8.805718330673642,23.89732087150473,0.6020992912951557
2935,-158.90000000000003,18.635106663627028,24.10643303249239,0.6073679272484855
2936,51.075,48.123271662487156,24.574948762102874,0.6191723044117631
2937,39.72500000000001,166.0759316579277,24.060621604477046,0.6062136962579251
2938,164.57500000000005,48.123271662487156,24.270052329411214,0.6114903585137621
2939,102.15,18.635106663627028,24.009806633983132,0.6049333996972319
2940,68.10000000000001,97.27021332725406,24.030998248130008,0.6054673279952131
2941,-28.375000000000004,185.73470832383447,24.165736107507673,0.6088620838374319
2942,119.17500000000001,8.805718330673642,23.90895685468257,0.6023924629549653
2943,-34.050000000000004,175.90531999088108,24.052498890431462,0.6060090423389132
2944,17.025000000000002,205.39348498974124,23.99410722098259,0.6045378488531769
2945,204.3,38.293883329533784,24.067957407980888,0.6063985237586518
2946,-22.700000000000003,195.56409665678785,24.173910433720778,0.6090680381385936
2947,164.57500000000005,8.805718330673642,23.93808044708041,0.6031262395333941
2948,-39.72500000000001,146.41715499202095,24.08631418511914,0.606861027591815
2949,175.92500000000004,48.123271662487156,24.202592524355694,0.6097906909638623
2950,-107.82500000000002,28.464494996580413,24.464667580964207,0.6163937410169869
2951,-17.025000000000002,48.123271662487156,24.207264794589513,0.6099084100425678
2952,-5.675000000000001,48.123271662487156,24.274804811339294,0.6116100985472234
2953,141.87500000000003,8.805718330673642,23.92445336777775,0.602782901682483
2954,-153.22500000000002,48.123271662487156,24.219598474152285,0.6102191603464925
2955,-192.95000000000002,38.293883329533784,24.170375314258383,0.6089789698729752
2956,-113.50000000000001,57.95265999544054,24.32251091024625,0.6128120662697468
2957,192.95000000000002,38.293883329533784,24.237799485027782,0.6106777396076539
2958,-187.275,48.123271662487156,24.312534902995143,0.6125607181404672
2959,187.27500000000003,28.464494996580413,24.192385485637065,0.6095335219359301
2960,198.62500000000003,48.123271662487156,24.27353340014872,0.6115780650075264
2961,-175.925,28.464494996580413,24.247472596339406,0.6109214561939886
2962,-164.57500000000002,48.123271662487156,24.1901932349528,0.6094782876027413
2963,141.87500000000003,48.123271662487156,24.157507542054127,0.6086547629643267
2964,-45.400000000000006,116.92898999316083,24.357040574341557,0.6136820502479606
2965,-130.525,28.464494996580413,24.3795984422182,0.614250401668385
2966,-119.17500000000003,28.464494996580413,24.392495840542217,0.6145753550149211
2967,-79.45000000000002,38.293883329533784,24.714730526055057,0.622694142757749
2968,-158.90000000000003,38.293883329533784,24.31388963922091,0.6125948510763646
2969,-73.77500000000002,87.44082499430067,24.330584898054152,0.6130154925183712
2970,181.60000000000002,38.293883329533784,24.336738030321545,0.6131705223059094
2971,45.400000000000006,136.58776665906757,24.1926614644585,0.6095404752949988
2972,34.050000000000004,175.90531999088108,24.232477064121937,0.6105436398115883
2973,-130.525,48.123271662487156,24.286783492234562,0.6119119045662526
2974,130.52500000000003,48.123271662487156,24.218766929696415,0.610198209364989
2975,-181.60000000000002,38.293883329533784,24.338893410148536,0.6132248276681416
2976,-141.875,48.123271662487156,24.25379928996509,0.6110808589056461
2977,-119.17500000000003,48.123271662487156,24.40097373561806,0.6147889578135062
2978,170.25000000000003,18.635106663627028,24.213977309537064,0.6100775336240127
2979,-170.25000000000003,38.293883329533784,24.32467787622027,0.6128666635480038
2980,153.22500000000002,8.805718330673642,24.09338066137241,0.6070390693215524
2981,-124.85000000000002,38.293883329533784,24.435140406961906,0.6156497960937745
2982,124.85000000000002,18.635106663627028,24.13962825399338,0.6082042895941895
2983,113.50000000000001,57.95265999544054,24.294515721311132,0.6121067201136592
2984,-164.57500000000002,28.464494996580413,24.31689076719922,0.6126704652859466
2985,-113.50000000000001,38.293883329533784,24.505295748783535,0.6174173784022055
2986,-136.20000000000002,38.293883329533784,24.323758459607408,0.612843498604369
2987,175.92500000000004,28.464494996580413,24.33365188917094,0.6130927661670683
2988,5.675000000000001,205.39348498974124,24.319728004011765,0.6127419502144562
2989,-39.72500000000001,126.75837832611418,24.385189947134815,0.6143912811069493
2990,-102.15,38.293883329533784,24.71108012477704,0.6226021699364335
2991,-153.22500000000002,28.464494996580413,24.317039640383754,0.6126742161850278
2992,113.50000000000001,18.635106663627028,24.173030545762824,0.6090458691298268
2993,-5.675000000000001,205.39348498974124,24.38928431116851,0.6144944396867854
2994,-34.050000000000004,156.2465433249743,24.409408347512695,0.6150014700809447
2995,-141.875,28.464494996580413,24.36792513645615,0.6139562896562397
2996,-90.80000000000001,38.293883329533784,24.758835027177376,0.623805367275822
2997,-51.075,107.09960166020744,24.461205476580943,0.6163065123855114
2998,-62.42500000000001,48.123271662487156,24.850508220317657,0.6261150975136724
2999,130.52500000000003,28.464494996580413,24.353197637778237,0.6135852264494391
3000,0.0,57.95265999544054,24.839022865194945,0.6258257209673708
3001,-22.700000000000003,57.95265999544054,24.940189578136636,0.6283746429361713
3002,-11.350000000000001,57.95265999544054,24.880681214334654,0.6268753140421934
3003,158.90000000000003,38.293883329533784,24.443149074137672,0.6158515765718738
3004,136.20000000000002,18.635106663627028,24.204737925158952,0.609844744901964
3005,170.25000000000003,38.293883329533784,24.453546668603206,0.6161135467020209
3006,124.85000000000002,38.293883329533784,24.384644526913846,0.614377539100878
3007,-96.47500000000001,67.78204832839393,24.55955842780878,0.6187845408870946
3008,22.700000000000003,195.56409665678785,24.289694513942358,0.6119852485246248
3009,96.47500000000001,67.78204832839393,24.413389524305103,0.6151017768784355
3010,96.47500000000001,28.464494996580413,24.31663322611155,0.6126639764704346
3011,-107.82500000000002,48.123271662487156,24.61497649325503,0.620180813637063
3012,119.17500000000001,48.123271662487156,24.322769854437265,0.612818590436817
3013,39.72500000000001,146.41715499202095,24.37323812627913,0.6140901518336894
3014,62.42500000000001,48.123271662487156,24.72417359497229,0.622932063365389
3015,164.57500000000005,28.464494996580413,24.483286902628624,0.6168628597286124
3016,147.55,38.293883329533784,24.406066066210013,0.6149172604235327
3017,119.17500000000001,28.464494996580413,24.353310983231168,0.6135880822179685
3018,136.20000000000002,38.293883329533784,24.408132366506244,0.6149693214035336
3019,11.350000000000001,57.95265999544054,24.85231756304689,0.6261606843801182
3020,73.775,87.44082499430067,24.317417059130346,0.612683725349719
3021,28.375000000000004,185.73470832383447,24.35344662410106,0.6135914997253984
3022,-34.050000000000004,57.95265999544054,25.068157736285222,0.6315988343735254
3023,-147.55,38.293883329533784,24.450546108645327,0.6160379468038631
3024,-102.15,57.95265999544054,24.684247198005814,0.6219261072815776
3025,158.90000000000003,18.635106663627028,24.391929273944292,0.6145610802203147
3026,-56.75000000000001,97.27021332725406,24.619926399685383,0.6203055278328391
3027,79.45000000000002,38.293883329533784,24.570675079565497,0.6190646278550138
3028,34.050000000000004,57.95265999544054,24.9263584585755,0.628026164237226
3029,107.825,28.464494996580413,24.39018317222077,0.6145170867276586
3030,22.700000000000003,57.95265999544054,24.90135374261677,0.6273961638351416
3031,-96.47500000000001,48.123271662487156,24.877918904392192,0.6268057169159031
3032,-79.45000000000002,77.61143666134728,24.6992072920946,0.6223030307909952
3033,34.050000000000004,156.2465433249743,24.628536519643877,0.6205224620721561
3034,-73.77500000000002,48.123271662487156,25.059880446523916,0.6313902858786575
3035,-85.12500000000001,48.123271662487156,24.965776140372103,0.6290193031083927
3036,-34.050000000000004,136.58776665906757,24.698800306515402,0.6222927766821719
3037,113.50000000000001,38.293883329533784,24.546524952104974,0.6184561590351467
3038,-28.375000000000004,166.0759316579277,24.735656778642447,0.6232213852013718
3039,141.87500000000003,28.464494996580413,24.483208348736838,0.6168608805426263
3040,147.55,18.635106663627028,24.45799876328484,0.6162257183997188
3041,102.15,57.95265999544054,24.68851035843399,0.6220335187310152
3042,45.400000000000006,116.92898999316083,24.607474766486185,0.6199918056559885
3043,-85.12500000000001,67.78204832839393,24.877660796328524,0.6267992138152816
3044,-90.80000000000001,57.95265999544054,24.966457846079738,0.6290364788631831
3045,79.45000000000002,77.61143666134728,24.575813790275298,0.619194099024321
3046,51.075,107.09960166020744,24.55496989908528,0.6186689316977899
3047,153.22500000000002,28.464494996580413,24.540126228642922,0.6182949415127973
3048,-22.700000000000003,175.90531999088108,24.88620572631029,0.627014505575971
3049,39.72500000000001,126.75837832611418,24.749606038133113,0.6235728404669467
3050,-45.400000000000006,57.95265999544054,25.164690840470147,0.634031011349714
3051,107.825,48.123271662487156,24.714214854997845,0.6226811502896913
3052,0.0,195.56409665678785,24.924977613500356,0.6279913734819944
3053,90.80000000000001,38.293883329533784,24.66801208577745,0.6215170593544331
3054,-11.350000000000001,195.56409665678785,24.812436330681184,0.6251558662303146
3055,11.350000000000001,195.56409665678785,24.76892966936646,0.6240597044435995
3056,102.15,38.293883329533784,24.66752296900884,0.6215047359286682
3057,-28.375000000000004,146.41715499202095,24.910712032964508,0.6276319484244018
3058,28.375000000000004,166.0759316579277,24.796863369387687,0.6247635013703121
3059,-45.400000000000006,97.27021332725406,25.05144766225253,0.631177819658668
3060,-62.42500000000001,87.44082499430067,24.927525145246662,0.6280555592150835
3061,85.12500000000001,67.78204832839393,24.853015038731524,0.6261782574636313
3062,-79.45000000000002,57.95265999544054,25.252662865823623,0.6362474896906934
3063,-17.025000000000002,185.73470832383447,24.96261717502347,0.6289397121447083
3064,-39.72500000000001,107.09960166020744,24.96043282755565,0.6288846769351386
3065,-34.050000000000004,116.92898999316083,24.98455438263899,0.6294924258664397
3066,-56.75000000000001,57.95265999544054,25.25062890569092,0.6361962435296277
3067,56.75000000000001,97.27021332725406,24.692064758621385,0.6221230727795763
3068,45.400000000000006,57.95265999544054,25.096830818591652,0.6323212602315861
3069,34.050000000000004,136.58776665906757,24.952219220669473,0.6286777329470767
3070,-68.10000000000001,57.95265999544054,25.24774590944477,0.6361236056801404
3071,22.700000000000003,175.90531999088108,24.9782931370209,0.6293346721345654
3072,85.12500000000001,48.123271662487156,24.908712484584665,0.6275815692765097
3073,90.80000000000001,57.95265999544054,24.979282964140655,0.6293596110894597
3074,96.47500000000001,48.123271662487156,24.93017637729799,0.6281223577046608
3075,73.775,48.123271662487156,24.985510240310823,0.6295165089521498
3076,-73.77500000000002,67.78204832839393,25.221525278071134,0.6354629699690384
3077,-51.075,87.44082499430067,25.207619503717936,0.6351126103229513
3078,17.025000000000002,185.73470832383447,24.997000604636476,0.6298060117066384
3079,-22.700000000000003,156.2465433249743,25.152027513159982,0.6337119554840006
3080,62.42500000000001,87.44082499430067,24.91055618254209,0.6276280217319751
3081,28.375000000000004,146.41715499202095,25.11484468927647,0.6327751244463712
3082,-68.10000000000001,77.61143666134728,25.156640628180906,0.6338281841315422
3083,68.10000000000001,77.61143666134728,25.062945967629176,0.6314675224900271
3084,-34.050000000000004,97.27021332725406,25.26176859577546,0.6364769109542823
3085,79.45000000000002,57.95265999544054,25.125605749449818,0.6330462521907236
3086,-28.375000000000004,126.75837832611418,25.28743929561817,0.6371236909956708
3087,28.375000000000004,67.78204832839393,25.394314903038655,0.6398164500639621
3088,56.75000000000001,57.95265999544054,25.231273042192708,0.6357085674525752
3089,68.10000000000001,57.95265999544054,25.194122742861264,0.6347725558795986
3090,-39.72500000000001,87.44082499430067,25.343727209712615,0.6385418798113534
3091,51.075,87.44082499430067,25.176052371830203,0.6343172681237139
3092,45.400000000000006,97.27021332725406,25.054472958321476,0.6312540427896568
3093,-28.375000000000004,67.78204832839393,25.460811931973893,0.6414918602160216
3094,39.72500000000001,87.44082499430067,25.244750005873343,0.6360481231008653
3095,-28.375000000000004,107.09960166020744,25.351689075737504,0.6387424811221342
3096,5.675000000000001,67.78204832839393,25.357726906145732,0.6388946058489728
3097,-62.42500000000001,67.78204832839393,25.48514963119806,0.6421050549558595
3098,-22.700000000000003,136.58776665906757,25.447914201278664,0.6411668984953053
3099,17.025000000000002,67.78204832839393,25.374514800981736,0.6393175812794593
3100,39.72500000000001,107.09960166020744,25.037989633216988,0.6308387410737463
3101,-56.75000000000001,77.61143666134728,25.41749774586398,0.6404005478927685
3102,5.675000000000001,185.73470832383447,25.415370097942997,0.6403469412432098
3103,-17.025000000000002,166.0759316579277,25.403052255775403,0.6400365899666265
3104,22.700000000000003,156.2465433249743,25.337330440762237,0.6383807115334401
3105,28.375000000000004,126.75837832611418,25.294366325614142,0.6372982193402404
3106,-5.675000000000001,67.78204832839393,25.45923503518083,0.6414521298861383
3107,34.050000000000004,116.92898999316083,25.177940083936598,0.6343648295272512
3108,73.775,67.78204832839393,25.2224873993654,0.6354872108683648
3109,56.75000000000001,77.61143666134728,25.36926213893852,0.6391852390763044
3110,62.42500000000001,67.78204832839393,25.422285588568165,0.6405211788502939
3111,-17.025000000000002,67.78204832839393,25.489820492490583,0.6422227385359179
3112,-5.675000000000001,185.73470832383447,25.530952299603083,0.6432590652457315
3113,28.375000000000004,87.44082499430067,25.474175569993506,0.6418285605944446
3114,-51.075,67.78204832839393,25.53273289405878,0.6433039277918564
3115,39.72500000000001,67.78204832839393,25.489591301219484,0.6422169640014987
3116,-28.375000000000004,87.44082499430067,25.516055988380913,0.6428837487624317
3117,17.025000000000002,166.0759316579277,25.4397711233382,0.6409617315026002
3118,-22.700000000000003,97.27021332725406,25.50826313968116,0.6426874058876584
3119,45.400000000000006,77.61143666134728,25.442829720162855,0.6410387936548969
3120,-39.72500000000001,67.78204832839393,25.59256898899484,0.6448115139580459
3121,-45.400000000000006,77.61143666134728,25.59262517805785,0.6448129296562825
3122,51.075,67.78204832839393,25.508327935199585,0.6426890384278051
3123,-34.050000000000004,77.61143666134728,25.48286411631116,0.6420474708065296
3124,34.050000000000004,77.61143666134728,25.50537980819578,0.6426147595917304
3125,-11.350000000000001,175.90531999088108,25.508971321896446,0.6427052487250302
3126,34.050000000000004,97.27021332725406,25.288652390847233,0.6371542552493634
3127,-22.700000000000003,77.61143666134728,25.561327776305745,0.6440243833788296
3128,22.700000000000003,77.61143666134728,25.579126135944293,0.6444728177360618
3129,17.025000000000002,87.44082499430067,25.5399726253083,0.6434863347268406
3130,0.0,175.90531999088108,25.711961817164013,0.6478196476987658
3131,-22.700000000000003,116.92898999316083,25.576794676665543,0.6444140760056827
3132,-17.025000000000002,146.41715499202095,25.561726034134665,0.6440344175896867
3133,11.350000000000001,175.90531999088108,25.49256091541163,0.6422917842129411
3134,11.350000000000001,77.61143666134728,25.601113746736864,0.6450268013791097
3135,-11.350000000000001,77.61143666134728,25.604757639605353,0.6451186102193337
3136,-17.025000000000002,87.44082499430067,25.648016178309696,0.646208520491552
3137,22.700000000000003,97.27021332725406,25.50905418469732,0.6427073364751151
3138,22.700000000000003,136.58776665906757,25.53389794072453,0.6433332814493457
3139,0.0,77.61143666134728,25.56522475559096,0.6441225687979583
3140,-11.350000000000001,97.27021332725406,25.73205372433652,0.6483258685899854
3141,5.675000000000001,166.0759316579277,25.84524349982275,0.6511777147851537
3142,-17.025000000000002,126.75837832611418,25.755604995352364,0.6489192490640555
3143,-17.025000000000002,107.09960166020744,25.68239615691482,0.6470747331044299
3144,-11.350000000000001,156.2465433249743,25.76981930095199,0.6492773822361299
3145,11.350000000000001,97.27021332725406,25.680048868964896,0.6470155925665129
3146,-5.675000000000001,87.44082499430067,25.590824242370314,0.6447675546074657
3147,17.025000000000002,146.41715499202095,25.722823274255507,0.6480933049699045
3148,28.375000000000004,107.09960166020744,25.44945972449295,0.6412058383596108
3149,-11.350000000000001,136.58776665906757,25.878470589025316,0.6520148800459894
3150,11.350000000000001,156.2465433249743,25.787620398143588,0.6497258855667319
3151,5.675000000000001,87.44082499430067,25.59766661593528,0.644939950010967
3152,-5.675000000000001,166.0759316579277,25.910987074228846,0.6528341414519739
3153,0.0,156.2465433249743,26.04747822041311,0.6562730718169089
3154,11.350000000000001,136.58776665906757,25.908038246310053,0.6527598449561616
3155,-5.675000000000001,146.41715499202095,26.02195146867795,0.6556299185859903
3156,-11.350000000000001,116.92898999316083,25.92116681474861,0.6530906226945984
3157,5.675000000000001,146.41715499202095,26.100852883135815,0.6576178604972491
3158,0.0,97.27021332725406,25.887408817443642,0.6522400810643397
3159,22.700000000000003,116.92898999316083,25.711575388463377,0.6478099115259103
3160,0.0,136.58776665906757,26.119135277792633,0.6580784902442085
3161,17.025000000000002,126.75837832611418,25.872929566639318,0.6518752725280755
3162,-5.675000000000001,126.75837832611418,26.07433238660811,0.6569496696046387
3163,17.025000000000002,107.09960166020744,25.8269641454292,0.6507171616384279
3164,-5.675000000000001,107.09960166020744,25.933764818212833,0.6534080327088142
3165,5.675000000000001,126.75837832611418,26.192788894480632,0.6599342125089602
3166,0.0,116.92898999316083,26.129477640768126,0.658339068802422
3167,5.675000000000001,107.09960166020744,26.013559099733254,0.6554184706407975
3168,11.350000000000001,116.92898999316083,26.10976720922215,0.6578424592900517
