date,year,target,data_scope,actual,predicted,template_weight,stl_weight
2019-01-01,2019,mean_flow_m3s,all_available,384.2291666666667,358.16436587772034,1.0,0.0
2019-01-02,2019,mean_flow_m3s,all_available,368.2291666666667,356.31440192830325,1.0,0.0
2019-01-03,2019,mean_flow_m3s,all_available,355.8125,355.0701589530577,1.0,0.0
2019-01-04,2019,mean_flow_m3s,all_available,347.3125,354.51780047928906,1.0,0.0
2019-01-05,2019,mean_flow_m3s,all_available,335.125,354.2755339481708,1.0,0.0
2019-01-06,2019,mean_flow_m3s,all_available,352.3541666666667,354.593042888522,1.0,0.0
2019-01-07,2019,mean_flow_m3s,all_available,342.3541666666667,355.451959926266,1.0,0.0
2019-01-08,2019,mean_flow_m3s,all_available,330.0833333333333,356.44023810258284,1.0,0.0
2019-01-09,2019,mean_flow_m3s,all_available,319.0,357.9724998805357,1.0,0.0
2019-01-10,2019,mean_flow_m3s,all_available,317.75,359.93639111035753,1.0,0.0
2019-01-11,2019,mean_flow_m3s,all_available,318.0,362.10308048156617,1.0,0.0
2019-01-12,2019,mean_flow_m3s,all_available,305.4166666666667,364.6198885054761,1.0,0.0
2019-01-13,2019,mean_flow_m3s,all_available,328.0625,367.08979175784697,1.0,0.0
2019-01-14,2019,mean_flow_m3s,all_available,339.5625,369.66731951832895,1.0,0.0
2019-01-15,2019,mean_flow_m3s,all_available,343.6666666666667,372.46224775917517,1.0,0.0
2019-01-16,2019,mean_flow_m3s,all_available,334.8541666666667,375.39475770883377,1.0,0.0
2019-01-17,2019,mean_flow_m3s,all_available,333.1666666666667,378.3938531314944,1.0,0.0
2019-01-18,2019,mean_flow_m3s,all_available,329.3333333333333,381.17200912270687,1.0,0.0
2019-01-19,2019,mean_flow_m3s,all_available,338.625,384.15131674246066,1.0,0.0
2019-01-20,2019,mean_flow_m3s,all_available,348.1458333333333,387.0940510030245,1.0,0.0
2019-01-21,2019,mean_flow_m3s,all_available,349.7083333333333,389.96156225570036,1.0,0.0
2019-01-22,2019,mean_flow_m3s,all_available,344.8125,392.7821289113091,1.0,0.0
2019-01-23,2019,mean_flow_m3s,all_available,344.4583333333333,395.48910199605314,1.0,0.0
2019-01-24,2019,mean_flow_m3s,all_available,323.3541666666667,398.47405710877564,1.0,0.0
2019-01-25,2019,mean_flow_m3s,all_available,309.3541666666667,401.61856356434697,1.0,0.0
2019-01-26,2019,mean_flow_m3s,all_available,310.0208333333333,404.5163152635789,1.0,0.0
2019-01-27,2019,mean_flow_m3s,all_available,305.0,407.54109199916866,1.0,0.0
2019-01-28,2019,mean_flow_m3s,all_available,299.6458333333333,410.6497522503356,1.0,0.0
2019-01-29,2019,mean_flow_m3s,all_available,297.0,413.6224112628506,1.0,0.0
2019-01-30,2019,mean_flow_m3s,all_available,297.9791666666667,416.25291114490324,1.0,0.0
2019-01-31,2019,mean_flow_m3s,all_available,471.5,418.91444064826015,1.0,0.0
2019-02-01,2019,mean_flow_m3s,all_available,669.9166666666666,421.4367567982462,1.0,0.0
2019-02-02,2019,mean_flow_m3s,all_available,681.6666666666666,423.925465660187,1.0,0.0
2019-02-03,2019,mean_flow_m3s,all_available,669.4375,426.5516772229858,1.0,0.0
2019-02-04,2019,mean_flow_m3s,all_available,625.8333333333334,428.6565023074871,1.0,0.0
2019-02-05,2019,mean_flow_m3s,all_available,594.9583333333334,430.5330098318938,1.0,0.0
2019-02-06,2019,mean_flow_m3s,all_available,589.5208333333334,432.37577971564485,1.0,0.0
2019-02-07,2019,mean_flow_m3s,all_available,639.6041666666666,433.95060539147477,1.0,0.0
2019-02-08,2019,mean_flow_m3s,all_available,600.8541666666666,435.2667108651188,1.0,0.0
2019-02-09,2019,mean_flow_m3s,all_available,622.625,435.7957098886562,1.0,0.0
2019-02-10,2019,mean_flow_m3s,all_available,672.375,436.92033968069927,1.0,0.0
2019-02-11,2019,mean_flow_m3s,all_available,779.125,437.85197702942963,1.0,0.0
2019-02-12,2019,mean_flow_m3s,all_available,733.3958333333334,438.49573109580103,1.0,0.0
2019-02-13,2019,mean_flow_m3s,all_available,739.75,439.4475456561071,1.0,0.0
2019-02-14,2019,mean_flow_m3s,all_available,736.125,440.51947680703944,1.0,0.0
2019-02-15,2019,mean_flow_m3s,all_available,695.1458333333334,441.6261112414478,1.0,0.0
2019-02-16,2019,mean_flow_m3s,all_available,789.4791666666666,442.9556220016532,1.0,0.0
2019-02-17,2019,mean_flow_m3s,all_available,801.4583333333334,444.84791607468156,1.0,0.0
2019-02-18,2019,mean_flow_m3s,all_available,952.6666666666666,447.3413009685682,1.0,0.0
2019-02-19,2019,mean_flow_m3s,all_available,1194.5833333333333,450.10684630803394,1.0,0.0
2019-02-20,2019,mean_flow_m3s,all_available,992.7291666666666,453.38446688295716,1.0,0.0
2019-02-21,2019,mean_flow_m3s,all_available,956.1041666666666,457.2664846093205,1.0,0.0
2019-02-22,2019,mean_flow_m3s,all_available,943.8333333333334,461.56021848626585,1.0,0.0
2019-02-23,2019,mean_flow_m3s,all_available,800.6041666666666,466.47444263301514,1.0,0.0
2019-02-24,2019,mean_flow_m3s,all_available,791.7291666666666,472.0243534282472,1.0,0.0
2019-02-25,2019,mean_flow_m3s,all_available,624.2291666666666,478.01254425212556,1.0,0.0
2019-02-26,2019,mean_flow_m3s,all_available,568.875,484.91738533927236,1.0,0.0
2019-02-27,2019,mean_flow_m3s,all_available,600.8333333333334,492.11570526878114,1.0,0.0
2019-02-28,2019,mean_flow_m3s,all_available,563.2708333333334,499.6349477094863,1.0,0.0
2019-03-01,2019,mean_flow_m3s,all_available,678.7291666666666,507.5424913365855,1.0,0.0
2019-03-02,2019,mean_flow_m3s,all_available,761.7083333333334,516.039184359562,1.0,0.0
2019-03-03,2019,mean_flow_m3s,all_available,764.625,524.5964429038779,1.0,0.0
2019-03-04,2019,mean_flow_m3s,all_available,941.1875,533.4671832823387,1.0,0.0
2019-03-05,2019,mean_flow_m3s,all_available,970.9583333333334,542.5675064140643,1.0,0.0
2019-03-06,2019,mean_flow_m3s,all_available,925.8125,552.0639704917551,1.0,0.0
2019-03-07,2019,mean_flow_m3s,all_available,865.5208333333334,562.3428788665107,1.0,0.0
2019-03-08,2019,mean_flow_m3s,all_available,843.1875,573.2371148812341,1.0,0.0
2019-03-09,2019,mean_flow_m3s,all_available,828.7708333333334,584.5239318191536,1.0,0.0
2019-03-10,2019,mean_flow_m3s,all_available,908.5625,596.5667992978872,1.0,0.0
2019-03-11,2019,mean_flow_m3s,all_available,1009.3333333333334,609.2719739917105,1.0,0.0
2019-03-12,2019,mean_flow_m3s,all_available,1033.3333333333333,622.8218769342649,1.0,0.0
2019-03-13,2019,mean_flow_m3s,all_available,1018.75,636.2169340892532,1.0,0.0
2019-03-14,2019,mean_flow_m3s,all_available,1003.0833333333334,650.0977146706346,1.0,0.0
2019-03-15,2019,mean_flow_m3s,all_available,1025.0,664.8386067086382,1.0,0.0
2019-03-16,2019,mean_flow_m3s,all_available,1005.7291666666666,679.8107901711218,1.0,0.0
2019-03-17,2019,mean_flow_m3s,all_available,998.1458333333334,695.3582681591978,1.0,0.0
2019-03-18,2019,mean_flow_m3s,all_available,982.0625,711.3771783060763,1.0,0.0
2019-03-19,2019,mean_flow_m3s,all_available,954.3333333333334,727.7709654559699,1.0,0.0
2019-03-20,2019,mean_flow_m3s,all_available,981.1041666666666,744.3081690082714,1.0,0.0
2019-03-21,2019,mean_flow_m3s,all_available,994.875,761.49603060297,1.0,0.0
2019-03-22,2019,mean_flow_m3s,all_available,1028.3333333333333,779.0033204826374,1.0,0.0
2019-03-23,2019,mean_flow_m3s,all_available,1051.4583333333333,796.620810682128,1.0,0.0
2019-03-24,2019,mean_flow_m3s,all_available,1104.5833333333333,814.4367731722392,1.0,0.0
2019-03-25,2019,mean_flow_m3s,all_available,1142.0833333333333,832.2747951396267,1.0,0.0
2019-03-26,2019,mean_flow_m3s,all_available,1162.7083333333333,849.9274725513351,1.0,0.0
2019-03-27,2019,mean_flow_m3s,all_available,1132.0833333333333,867.0805808209959,1.0,0.0
2019-03-28,2019,mean_flow_m3s,all_available,1136.6666666666667,884.0835141119695,1.0,0.0
2019-03-29,2019,mean_flow_m3s,all_available,1157.7083333333333,900.730288080553,1.0,0.0
2019-03-30,2019,mean_flow_m3s,all_available,1175.0,917.0983912367291,1.0,0.0
2019-03-31,2019,mean_flow_m3s,all_available,1171.0416666666667,933.0406297604421,1.0,0.0
2019-04-01,2019,mean_flow_m3s,all_available,1188.9583333333333,948.4234290260301,1.0,0.0
2019-04-02,2019,mean_flow_m3s,all_available,1207.2916666666667,963.080635340178,1.0,0.0
2019-04-03,2019,mean_flow_m3s,all_available,1200.4166666666667,976.9086032854613,1.0,0.0
2019-04-04,2019,mean_flow_m3s,all_available,1184.375,989.619137859815,1.0,0.0
2019-04-05,2019,mean_flow_m3s,all_available,1196.25,1001.0660051908083,1.0,0.0
2019-04-06,2019,mean_flow_m3s,all_available,1160.625,1010.592980679513,1.0,0.0
2019-04-07,2019,mean_flow_m3s,all_available,1135.625,1018.6598915389475,1.0,0.0
2019-04-08,2019,mean_flow_m3s,all_available,1131.0416666666667,1025.5484955783847,1.0,0.0
2019-04-09,2019,mean_flow_m3s,all_available,1129.5833333333333,1031.3437297838746,1.0,0.0
2019-04-10,2019,mean_flow_m3s,all_available,1160.625,1036.0022150166535,1.0,0.0
2019-04-11,2019,mean_flow_m3s,all_available,1176.6666666666667,1039.5537027103135,1.0,0.0
2019-04-12,2019,mean_flow_m3s,all_available,1156.6666666666667,1042.0284518124954,1.0,0.0
2019-04-13,2019,mean_flow_m3s,all_available,1157.2916666666667,1043.2049646777389,1.0,0.0
2019-04-14,2019,mean_flow_m3s,all_available,1165.625,1043.1299049456086,1.0,0.0
2019-04-15,2019,mean_flow_m3s,all_available,1153.5416666666667,1041.9738610818342,1.0,0.0
2019-04-16,2019,mean_flow_m3s,all_available,1143.3333333333333,1040.2344448797187,1.0,0.0
2019-04-17,2019,mean_flow_m3s,all_available,1124.5833333333333,1038.0103428233076,1.0,0.0
2019-04-18,2019,mean_flow_m3s,all_available,1094.7916666666667,1035.6827924232302,1.0,0.0
2019-04-19,2019,mean_flow_m3s,all_available,1081.6666666666667,1033.3110075196682,1.0,0.0
2019-04-20,2019,mean_flow_m3s,all_available,1096.6666666666667,1030.7966586098398,1.0,0.0
2019-04-21,2019,mean_flow_m3s,all_available,1097.9166666666667,1027.9286661675076,1.0,0.0
2019-04-22,2019,mean_flow_m3s,all_available,1103.5416666666667,1025.2752444382613,1.0,0.0
2019-04-23,2019,mean_flow_m3s,all_available,1145.2083333333333,1023.0848725792199,1.0,0.0
2019-04-24,2019,mean_flow_m3s,all_available,1223.75,1021.3451002373095,1.0,0.0
2019-04-25,2019,mean_flow_m3s,all_available,1206.0416666666667,1020.1735333920951,1.0,0.0
2019-04-26,2019,mean_flow_m3s,all_available,1205.625,1019.3297332095474,1.0,0.0
2019-04-27,2019,mean_flow_m3s,all_available,1246.25,1018.8801897304728,1.0,0.0
2019-04-28,2019,mean_flow_m3s,all_available,1175.2083333333333,1018.870902963693,1.0,0.0
2019-04-29,2019,mean_flow_m3s,all_available,1182.7083333333333,1019.0216309329237,1.0,0.0
2019-04-30,2019,mean_flow_m3s,all_available,1152.9166666666667,1019.3155076835217,1.0,0.0
2019-05-01,2019,mean_flow_m3s,all_available,1117.2916666666667,1020.0381955633774,1.0,0.0
2019-05-02,2019,mean_flow_m3s,all_available,1103.5416666666667,1021.4071862734361,1.0,0.0
2019-05-03,2019,mean_flow_m3s,all_available,1083.75,1023.096962604271,1.0,0.0
2019-05-04,2019,mean_flow_m3s,all_available,1133.5416666666667,1025.4036108462828,1.0,0.0
2019-05-05,2019,mean_flow_m3s,all_available,1164.1666666666667,1028.6062244321765,1.0,0.0
2019-05-06,2019,mean_flow_m3s,all_available,1190.0,1032.7077038734158,1.0,0.0
2019-05-07,2019,mean_flow_m3s,all_available,1220.0,1037.5988884161961,1.0,0.0
2019-05-08,2019,mean_flow_m3s,all_available,1215.625,1042.4031075130831,1.0,0.0
2019-05-09,2019,mean_flow_m3s,all_available,1195.625,1048.0424044962006,1.0,0.0
2019-05-10,2019,mean_flow_m3s,all_available,1128.125,1054.7081831962644,1.0,0.0
2019-05-11,2019,mean_flow_m3s,all_available,1105.4166666666667,1062.1624369671945,1.0,0.0
2019-05-12,2019,mean_flow_m3s,all_available,1190.2083333333333,1070.7860378919831,1.0,0.0
2019-05-13,2019,mean_flow_m3s,all_available,1220.8333333333333,1080.613481471399,1.0,0.0
2019-05-14,2019,mean_flow_m3s,all_available,1253.3333333333333,1092.012633683552,1.0,0.0
2019-05-15,2019,mean_flow_m3s,all_available,1255.625,1104.8788244387451,1.0,0.0
2019-05-16,2019,mean_flow_m3s,all_available,1256.0416666666667,1118.8748583470326,1.0,0.0
2019-05-17,2019,mean_flow_m3s,all_available,1215.8333333333333,1133.4395523162132,1.0,0.0
2019-05-18,2019,mean_flow_m3s,all_available,1222.7083333333333,1148.1576063667449,1.0,0.0
2019-05-19,2019,mean_flow_m3s,all_available,1238.9583333333333,1163.0901191742362,1.0,0.0
2019-05-20,2019,mean_flow_m3s,all_available,1221.875,1178.1263545012448,1.0,0.0
2019-05-21,2019,mean_flow_m3s,all_available,1174.7916666666667,1193.4527007373981,1.0,0.0
2019-05-22,2019,mean_flow_m3s,all_available,1150.0,1208.7258959866213,1.0,0.0
2019-05-23,2019,mean_flow_m3s,all_available,1143.75,1223.2202638725216,1.0,0.0
2019-05-24,2019,mean_flow_m3s,all_available,1133.3333333333333,1236.7585020979081,1.0,0.0
2019-05-25,2019,mean_flow_m3s,all_available,1148.9583333333333,1249.727569480761,1.0,0.0
2019-05-26,2019,mean_flow_m3s,all_available,1321.6666666666667,1261.8609089673437,1.0,0.0
2019-05-27,2019,mean_flow_m3s,all_available,1406.875,1272.8830831760822,1.0,0.0
2019-05-28,2019,mean_flow_m3s,all_available,1385.8333333333333,1282.6913077777506,1.0,0.0
2019-05-29,2019,mean_flow_m3s,all_available,1360.4166666666667,1290.725892851417,1.0,0.0
2019-05-30,2019,mean_flow_m3s,all_available,1292.5,1297.3717929348106,1.0,0.0
2019-05-31,2019,mean_flow_m3s,all_available,1316.0416666666667,1302.5716919206684,1.0,0.0
2019-06-01,2019,mean_flow_m3s,all_available,1293.9583333333333,1306.090621145049,1.0,0.0
2019-06-02,2019,mean_flow_m3s,all_available,1275.8333333333333,1307.9111236020226,1.0,0.0
2019-06-03,2019,mean_flow_m3s,all_available,1201.6666666666667,1308.5516429451418,1.0,0.0
2019-06-04,2019,mean_flow_m3s,all_available,1236.0416666666667,1308.0187626486893,1.0,0.0
2019-06-05,2019,mean_flow_m3s,all_available,1245.4166666666667,1306.6280332540468,1.0,0.0
2019-06-06,2019,mean_flow_m3s,all_available,1252.2916666666667,1304.5958362349127,1.0,0.0
2019-06-07,2019,mean_flow_m3s,all_available,1265.4166666666667,1302.3287359249482,1.0,0.0
2019-06-08,2019,mean_flow_m3s,all_available,1204.375,1300.4320763393605,1.0,0.0
2019-06-09,2019,mean_flow_m3s,all_available,1018.9583333333334,1298.088825662612,1.0,0.0
2019-06-10,2019,mean_flow_m3s,all_available,1201.875,1295.3257416781294,1.0,0.0
2019-06-11,2019,mean_flow_m3s,all_available,1326.25,1292.9746076426338,1.0,0.0
2019-06-12,2019,mean_flow_m3s,all_available,1211.25,1290.8053028890356,1.0,0.0
2019-06-13,2019,mean_flow_m3s,all_available,1241.0416666666667,1289.1084642856845,1.0,0.0
2019-06-14,2019,mean_flow_m3s,all_available,1199.5833333333333,1287.919805976823,1.0,0.0
2019-06-15,2019,mean_flow_m3s,all_available,1161.25,1287.3319457396892,1.0,0.0
2019-06-16,2019,mean_flow_m3s,all_available,1177.2916666666667,1285.8800895217557,1.0,0.0
2019-06-17,2019,mean_flow_m3s,all_available,1128.125,1284.0605976894078,1.0,0.0
2019-06-18,2019,mean_flow_m3s,all_available,1202.9166666666667,1282.1686409219458,1.0,0.0
2019-06-19,2019,mean_flow_m3s,all_available,1180.8333333333333,1280.57760563104,1.0,0.0
2019-06-20,2019,mean_flow_m3s,all_available,1225.8333333333333,1279.4620020592133,1.0,0.0
2019-06-21,2019,mean_flow_m3s,all_available,1186.4583333333333,1284.3670201946863,1.0,0.0
2019-06-22,2019,mean_flow_m3s,all_available,1273.5416666666667,1292.472505705729,1.0,0.0
2019-06-23,2019,mean_flow_m3s,all_available,1699.375,1302.233095207367,1.0,0.0
2019-06-24,2019,mean_flow_m3s,all_available,2576.25,1318.8525779342838,1.0,0.0
2019-06-25,2019,mean_flow_m3s,all_available,3318.75,1338.3326013264746,1.0,0.0
2019-06-26,2019,mean_flow_m3s,all_available,3522.5,1358.5478321882501,1.0,0.0
2019-06-27,2019,mean_flow_m3s,all_available,3398.75,1381.4903066176332,1.0,0.0
2019-06-28,2019,mean_flow_m3s,all_available,3391.25,1407.1541281395173,1.0,0.0
2019-06-29,2019,mean_flow_m3s,all_available,3522.083333333333,1435.8162359009616,1.0,0.0
2019-06-30,2019,mean_flow_m3s,all_available,3570.833333333333,1471.8930680927149,1.0,0.0
2019-07-01,2019,mean_flow_m3s,all_available,3587.5,1512.2117989392893,1.0,0.0
2019-07-02,2019,mean_flow_m3s,all_available,3524.1666666666665,1555.8772284934514,1.0,0.0
2019-07-03,2019,mean_flow_m3s,all_available,3538.958333333333,1605.1819021618217,1.0,0.0
2019-07-04,2019,mean_flow_m3s,all_available,3346.0416666666665,1658.5843319057756,1.0,0.0
2019-07-05,2019,mean_flow_m3s,all_available,3259.583333333333,1714.5567420282007,1.0,0.0
2019-07-06,2019,mean_flow_m3s,all_available,3182.083333333333,1773.0160019745247,1.0,0.0
2019-07-07,2019,mean_flow_m3s,all_available,3141.0416666666665,1832.372741332972,1.0,0.0
2019-07-08,2019,mean_flow_m3s,all_available,3149.583333333333,1891.3246163775618,1.0,0.0
2019-07-09,2019,mean_flow_m3s,all_available,3358.333333333333,1947.2392017648212,1.0,0.0
2019-07-10,2019,mean_flow_m3s,all_available,3445.4166666666665,1998.4737796481688,1.0,0.0
2019-07-11,2019,mean_flow_m3s,all_available,3580.625,2046.3042435351956,1.0,0.0
2019-07-12,2019,mean_flow_m3s,all_available,3375.0,2088.6089352572467,1.0,0.0
2019-07-13,2019,mean_flow_m3s,all_available,3005.625,2124.0534045713575,1.0,0.0
2019-07-14,2019,mean_flow_m3s,all_available,2585.208333333333,2151.5924483674125,1.0,0.0
2019-07-15,2019,mean_flow_m3s,all_available,2511.25,2170.6595339621654,1.0,0.0
2019-07-16,2019,mean_flow_m3s,all_available,2340.208333333333,2180.9371580947004,1.0,0.0
2019-07-17,2019,mean_flow_m3s,all_available,2165.4166666666665,2182.840540745546,1.0,0.0
2019-07-18,2019,mean_flow_m3s,all_available,2265.833333333333,2175.244211099054,1.0,0.0
2019-07-19,2019,mean_flow_m3s,all_available,2630.0,2158.0336188476526,1.0,0.0
2019-07-20,2019,mean_flow_m3s,all_available,2751.458333333333,2130.7179749908046,1.0,0.0
2019-07-21,2019,mean_flow_m3s,all_available,2784.1666666666665,2095.0986453383243,1.0,0.0
2019-07-22,2019,mean_flow_m3s,all_available,2698.5416666666665,2046.329511762426,1.0,0.0
2019-07-23,2019,mean_flow_m3s,all_available,2302.5,1991.2856981450502,1.0,0.0
2019-07-24,2019,mean_flow_m3s,all_available,2498.333333333333,1932.8446398608965,1.0,0.0
2019-07-25,2019,mean_flow_m3s,all_available,2727.708333333333,1867.2562435049024,1.0,0.0
2019-07-26,2019,mean_flow_m3s,all_available,2721.0416666666665,1800.6806635563776,1.0,0.0
2019-07-27,2019,mean_flow_m3s,all_available,3011.458333333333,1735.9869619447884,1.0,0.0
2019-07-28,2019,mean_flow_m3s,all_available,3201.875,1673.4048999963861,1.0,0.0
2019-07-29,2019,mean_flow_m3s,all_available,2729.7916666666665,1613.1841920862644,1.0,0.0
2019-07-30,2019,mean_flow_m3s,all_available,2395.833333333333,1559.0590177895745,1.0,0.0
2019-07-31,2019,mean_flow_m3s,all_available,2343.125,1508.0007482927801,1.0,0.0
2019-08-01,2019,mean_flow_m3s,all_available,2723.333333333333,1458.2300149833384,1.0,0.0
2019-08-02,2019,mean_flow_m3s,all_available,2702.708333333333,1414.920562852357,1.0,0.0
2019-08-03,2019,mean_flow_m3s,all_available,2173.958333333333,1376.4318115373956,1.0,0.0
2019-08-04,2019,mean_flow_m3s,all_available,1497.5,1345.08332240374,1.0,0.0
2019-08-05,2019,mean_flow_m3s,all_available,1474.1666666666667,1319.490407330585,1.0,0.0
2019-08-06,2019,mean_flow_m3s,all_available,1455.4166666666667,1297.9445703711933,1.0,0.0
2019-08-07,2019,mean_flow_m3s,all_available,2124.375,1280.8739851734967,1.0,0.0
2019-08-08,2019,mean_flow_m3s,all_available,3406.6666666666665,1267.6221084551723,1.0,0.0
2019-08-09,2019,mean_flow_m3s,all_available,4079.5833333333335,1262.0592664795724,1.0,0.0
2019-08-10,2019,mean_flow_m3s,all_available,4158.333333333333,1263.9841895770148,1.0,0.0
2019-08-11,2019,mean_flow_m3s,all_available,3548.75,1267.4608207683157,1.0,0.0
2019-08-12,2019,mean_flow_m3s,all_available,1466.6666666666667,1273.612593318595,1.0,0.0
2019-08-13,2019,mean_flow_m3s,all_available,987.875,1282.5175732901123,1.0,0.0
2019-08-14,2019,mean_flow_m3s,all_available,825.25,1293.889169693751,1.0,0.0
2019-08-15,2019,mean_flow_m3s,all_available,579.0625,1306.3869494078942,1.0,0.0
2019-08-16,2019,mean_flow_m3s,all_available,458.75,1318.3115264938695,1.0,0.0
2019-08-17,2019,mean_flow_m3s,all_available,433.4583333333333,1329.8709658396042,1.0,0.0
2019-08-18,2019,mean_flow_m3s,all_available,442.0,1341.12037387494,1.0,0.0
2019-08-19,2019,mean_flow_m3s,all_available,514.2291666666666,1351.1582722216442,1.0,0.0
2019-08-20,2019,mean_flow_m3s,all_available,497.625,1361.8603882770733,1.0,0.0
2019-08-21,2019,mean_flow_m3s,all_available,470.7291666666667,1370.5827250149005,1.0,0.0
2019-08-22,2019,mean_flow_m3s,all_available,445.4375,1379.7024564151882,1.0,0.0
2019-08-23,2019,mean_flow_m3s,all_available,433.2083333333333,1386.7347664650138,1.0,0.0
2019-08-24,2019,mean_flow_m3s,all_available,459.9375,1392.2172971187606,1.0,0.0
2019-08-25,2019,mean_flow_m3s,all_available,448.75,1395.5555883474508,1.0,0.0
2019-08-26,2019,mean_flow_m3s,all_available,435.0833333333333,1395.870627032067,1.0,0.0
2019-08-27,2019,mean_flow_m3s,all_available,480.3125,1392.6497428586333,1.0,0.0
2019-08-28,2019,mean_flow_m3s,all_available,461.6458333333333,1384.4669395846022,1.0,0.0
2019-08-29,2019,mean_flow_m3s,all_available,465.7708333333333,1372.1124123697525,1.0,0.0
2019-08-30,2019,mean_flow_m3s,all_available,445.8125,1354.0228072106206,1.0,0.0
2019-08-31,2019,mean_flow_m3s,all_available,450.1875,1331.6436574050872,1.0,0.0
2019-09-01,2019,mean_flow_m3s,all_available,553.8958333333334,1311.8513254541729,1.0,0.0
2019-09-02,2019,mean_flow_m3s,all_available,564.75,1293.4293484546743,1.0,0.0
2019-09-03,2019,mean_flow_m3s,all_available,776.5416666666666,1276.0266324209801,1.0,0.0
2019-09-04,2019,mean_flow_m3s,all_available,1216.4375,1259.6908897904725,1.0,0.0
2019-09-05,2019,mean_flow_m3s,all_available,1286.0416666666667,1247.432027467404,1.0,0.0
2019-09-06,2019,mean_flow_m3s,all_available,1082.9166666666667,1240.4266706693295,1.0,0.0
2019-09-07,2019,mean_flow_m3s,all_available,1057.9166666666667,1239.223349214805,1.0,0.0
2019-09-08,2019,mean_flow_m3s,all_available,961.375,1243.9215941084283,1.0,0.0
2019-09-09,2019,mean_flow_m3s,all_available,986.125,1252.1490077513376,1.0,0.0
2019-09-10,2019,mean_flow_m3s,all_available,994.4583333333334,1266.574633438677,1.0,0.0
2019-09-11,2019,mean_flow_m3s,all_available,1237.9166666666667,1290.8977667481988,1.0,0.0
2019-09-12,2019,mean_flow_m3s,all_available,1309.375,1323.6024844959657,1.0,0.0
2019-09-13,2019,mean_flow_m3s,all_available,1237.5,1363.9460715892762,1.0,0.0
2019-09-14,2019,mean_flow_m3s,all_available,1207.0833333333333,1411.1247981255692,1.0,0.0
2019-09-15,2019,mean_flow_m3s,all_available,1424.75,1465.3854504334342,1.0,0.0
2019-09-16,2019,mean_flow_m3s,all_available,2460.208333333333,1526.7387636679616,1.0,0.0
2019-09-17,2019,mean_flow_m3s,all_available,2888.125,1592.8901947636275,1.0,0.0
2019-09-18,2019,mean_flow_m3s,all_available,3460.833333333333,1661.779227070075,1.0,0.0
2019-09-19,2019,mean_flow_m3s,all_available,3875.4166666666665,1731.3515095676423,1.0,0.0
2019-09-20,2019,mean_flow_m3s,all_available,3742.2916666666665,1797.3758266887542,1.0,0.0
2019-09-21,2019,mean_flow_m3s,all_available,3725.4166666666665,1861.0003391703433,1.0,0.0
2019-09-22,2019,mean_flow_m3s,all_available,3754.5833333333335,1919.0066680059758,1.0,0.0
2019-09-23,2019,mean_flow_m3s,all_available,3823.75,1970.4069351483502,1.0,0.0
2019-09-24,2019,mean_flow_m3s,all_available,3199.7916666666665,2014.2710943390832,1.0,0.0
2019-09-25,2019,mean_flow_m3s,all_available,2247.9166666666665,2050.975033575403,1.0,0.0
2019-09-26,2019,mean_flow_m3s,all_available,1735.2083333333333,2080.9596297688704,1.0,0.0
2019-09-27,2019,mean_flow_m3s,all_available,1491.6666666666667,2103.21346076698,1.0,0.0
2019-09-28,2019,mean_flow_m3s,all_available,2090.0,2115.5483797917827,1.0,0.0
2019-09-29,2019,mean_flow_m3s,all_available,1999.7916666666667,2117.778015149289,1.0,0.0
2019-09-30,2019,mean_flow_m3s,all_available,2012.2916666666667,2110.0989051586075,1.0,0.0
2019-10-01,2019,mean_flow_m3s,all_available,1775.0,2092.3980418619126,1.0,0.0
2019-10-02,2019,mean_flow_m3s,all_available,1501.875,2065.633245920422,1.0,0.0
2019-10-03,2019,mean_flow_m3s,all_available,1419.375,2028.8377726888282,1.0,0.0
2019-10-04,2019,mean_flow_m3s,all_available,1377.9166666666667,1984.1519606982072,1.0,0.0
2019-10-05,2019,mean_flow_m3s,all_available,1444.5833333333333,1933.652594108365,1.0,0.0
2019-10-06,2019,mean_flow_m3s,all_available,1536.25,1877.8038537559225,1.0,0.0
2019-10-07,2019,mean_flow_m3s,all_available,1613.3333333333333,1817.6477178373545,1.0,0.0
2019-10-08,2019,mean_flow_m3s,all_available,1605.2083333333333,1755.5490784412154,1.0,0.0
2019-10-09,2019,mean_flow_m3s,all_available,1552.9166666666667,1693.1197935006544,1.0,0.0
2019-10-10,2019,mean_flow_m3s,all_available,1522.0833333333333,1630.2672025388288,1.0,0.0
2019-10-11,2019,mean_flow_m3s,all_available,1738.5416666666667,1567.1745399042736,1.0,0.0
2019-10-12,2019,mean_flow_m3s,all_available,1885.2083333333333,1505.0588503836154,1.0,0.0
2019-10-13,2019,mean_flow_m3s,all_available,1808.5416666666667,1445.679022538319,1.0,0.0
2019-10-14,2019,mean_flow_m3s,all_available,1765.0,1389.8327873944522,1.0,0.0
2019-10-15,2019,mean_flow_m3s,all_available,1810.4166666666667,1337.9925480603283,1.0,0.0
2019-10-16,2019,mean_flow_m3s,all_available,1940.4166666666667,1289.7811959283008,1.0,0.0
2019-10-17,2019,mean_flow_m3s,all_available,1963.9583333333333,1245.2729460130217,1.0,0.0
2019-10-18,2019,mean_flow_m3s,all_available,1883.75,1204.9390778949964,1.0,0.0
2019-10-19,2019,mean_flow_m3s,all_available,1809.7916666666667,1168.5678292123769,1.0,0.0
2019-10-20,2019,mean_flow_m3s,all_available,1684.5833333333333,1135.865425275275,1.0,0.0
2019-10-21,2019,mean_flow_m3s,all_available,1471.875,1107.2298118569283,1.0,0.0
2019-10-22,2019,mean_flow_m3s,all_available,1278.75,1081.2233536148965,1.0,0.0
2019-10-23,2019,mean_flow_m3s,all_available,956.6458333333334,1058.1330027262395,1.0,0.0
2019-10-24,2019,mean_flow_m3s,all_available,839.0833333333334,1037.7958195510048,1.0,0.0
2019-10-25,2019,mean_flow_m3s,all_available,817.8125,1018.528871984263,1.0,0.0
2019-10-26,2019,mean_flow_m3s,all_available,786.125,999.1884024632942,1.0,0.0
2019-10-27,2019,mean_flow_m3s,all_available,739.1041666666666,978.7544852978715,1.0,0.0
2019-10-28,2019,mean_flow_m3s,all_available,763.9375,958.1884297836756,1.0,0.0
2019-10-29,2019,mean_flow_m3s,all_available,753.3125,938.3319706262622,1.0,0.0
2019-10-30,2019,mean_flow_m3s,all_available,728.0,918.8150255426558,1.0,0.0
2019-10-31,2019,mean_flow_m3s,all_available,727.0416666666666,898.9157424948861,1.0,0.0
2019-11-01,2019,mean_flow_m3s,all_available,724.0416666666666,879.2625505113052,1.0,0.0
2019-11-02,2019,mean_flow_m3s,all_available,713.6041666666666,858.5081088970602,1.0,0.0
2019-11-03,2019,mean_flow_m3s,all_available,694.3541666666666,836.7965152301981,1.0,0.0
2019-11-04,2019,mean_flow_m3s,all_available,679.8333333333334,815.4206285547608,1.0,0.0
2019-11-05,2019,mean_flow_m3s,all_available,672.8333333333334,794.4251493517472,1.0,0.0
2019-11-06,2019,mean_flow_m3s,all_available,672.8333333333334,774.6745335604314,1.0,0.0
2019-11-07,2019,mean_flow_m3s,all_available,662.8541666666666,755.7699835721621,1.0,0.0
2019-11-08,2019,mean_flow_m3s,all_available,659.8333333333334,737.2460227731791,1.0,0.0
2019-11-09,2019,mean_flow_m3s,all_available,652.0833333333334,718.5519067481642,1.0,0.0
2019-11-10,2019,mean_flow_m3s,all_available,647.1666666666666,701.3528431683111,1.0,0.0
2019-11-11,2019,mean_flow_m3s,all_available,656.9166666666666,685.2890499568942,1.0,0.0
2019-11-12,2019,mean_flow_m3s,all_available,648.8333333333334,670.3750663595041,1.0,0.0
2019-11-13,2019,mean_flow_m3s,all_available,659.5833333333334,656.4926760425326,1.0,0.0
2019-11-14,2019,mean_flow_m3s,all_available,638.7916666666666,643.6900917302831,1.0,0.0
2019-11-15,2019,mean_flow_m3s,all_available,501.1875,631.9972917519599,1.0,0.0
2019-11-16,2019,mean_flow_m3s,all_available,523.1666666666666,621.1559234259196,1.0,0.0
2019-11-17,2019,mean_flow_m3s,all_available,519.1666666666666,611.3302342092605,1.0,0.0
2019-11-18,2019,mean_flow_m3s,all_available,474.5,602.1518858122607,1.0,0.0
2019-11-19,2019,mean_flow_m3s,all_available,489.3541666666667,594.2473496079368,1.0,0.0
2019-11-20,2019,mean_flow_m3s,all_available,462.25,587.7049905712902,1.0,0.0
2019-11-21,2019,mean_flow_m3s,all_available,453.6041666666667,582.0573715924776,1.0,0.0
2019-11-22,2019,mean_flow_m3s,all_available,422.0833333333333,577.5358825771509,1.0,0.0
2019-11-23,2019,mean_flow_m3s,all_available,424.4583333333333,573.8705804812159,1.0,0.0
2019-11-24,2019,mean_flow_m3s,all_available,410.8958333333333,571.5340990197377,1.0,0.0
2019-11-25,2019,mean_flow_m3s,all_available,440.7083333333333,569.7667297838124,1.0,0.0
2019-11-26,2019,mean_flow_m3s,all_available,394.6041666666667,568.1463109986594,1.0,0.0
2019-11-27,2019,mean_flow_m3s,all_available,410.0208333333333,567.019789243741,1.0,0.0
2019-11-28,2019,mean_flow_m3s,all_available,422.6875,566.346352615364,1.0,0.0
2019-11-29,2019,mean_flow_m3s,all_available,428.4791666666667,566.1309271926766,1.0,0.0
2019-11-30,2019,mean_flow_m3s,all_available,437.4583333333333,566.1779613502969,1.0,0.0
2019-12-01,2019,mean_flow_m3s,all_available,419.625,566.0049330219185,1.0,0.0
2019-12-02,2019,mean_flow_m3s,all_available,410.5416666666667,565.5150016236921,1.0,0.0
2019-12-03,2019,mean_flow_m3s,all_available,418.9375,564.7593033163818,1.0,0.0
2019-12-04,2019,mean_flow_m3s,all_available,454.7083333333333,563.1288825555492,1.0,0.0
2019-12-05,2019,mean_flow_m3s,all_available,458.1458333333333,560.7444598996422,1.0,0.0
2019-12-06,2019,mean_flow_m3s,all_available,458.125,557.6448833400843,1.0,0.0
2019-12-07,2019,mean_flow_m3s,all_available,435.3541666666667,553.3697734215999,1.0,0.0
2019-12-08,2019,mean_flow_m3s,all_available,413.5208333333333,548.0769298183874,1.0,0.0
2019-12-09,2019,mean_flow_m3s,all_available,390.25,541.5184300453677,1.0,0.0
2019-12-10,2019,mean_flow_m3s,all_available,394.3958333333333,534.5745175765173,1.0,0.0
2019-12-11,2019,mean_flow_m3s,all_available,380.5,526.2822501429357,1.0,0.0
2019-12-12,2019,mean_flow_m3s,all_available,410.625,517.0780777081794,1.0,0.0
2019-12-13,2019,mean_flow_m3s,all_available,419.5,507.17038880309576,1.0,0.0
2019-12-14,2019,mean_flow_m3s,all_available,439.6875,496.8451579174726,1.0,0.0
2019-12-15,2019,mean_flow_m3s,all_available,427.4791666666667,486.2020945239007,1.0,0.0
2019-12-16,2019,mean_flow_m3s,all_available,434.9791666666667,475.1265025576149,1.0,0.0
2019-12-17,2019,mean_flow_m3s,all_available,433.3958333333333,464.85050627952415,1.0,0.0
2019-12-18,2019,mean_flow_m3s,all_available,451.2291666666667,454.15954410658406,1.0,0.0
2019-12-19,2019,mean_flow_m3s,all_available,414.3125,443.92961962590863,1.0,0.0
2019-12-20,2019,mean_flow_m3s,all_available,394.0625,433.78620817109,1.0,0.0
2019-12-21,2019,mean_flow_m3s,all_available,381.8541666666667,424.20536336416313,1.0,0.0
2019-12-22,2019,mean_flow_m3s,all_available,361.3958333333333,415.2427594436552,1.0,0.0
2019-12-23,2019,mean_flow_m3s,all_available,347.2708333333333,406.6784851200427,1.0,0.0
2019-12-24,2019,mean_flow_m3s,all_available,387.6666666666667,398.887030325327,1.0,0.0
2019-12-25,2019,mean_flow_m3s,all_available,387.7083333333333,391.5499705748382,1.0,0.0
2019-12-26,2019,mean_flow_m3s,all_available,384.1666666666667,385.37064170000207,1.0,0.0
2019-12-27,2019,mean_flow_m3s,all_available,408.9166666666667,380.3204930246612,1.0,0.0
2019-12-28,2019,mean_flow_m3s,all_available,523.5,375.568540832293,1.0,0.0
2019-12-29,2019,mean_flow_m3s,all_available,440.2291666666667,371.11159975031126,1.0,0.0
2019-12-30,2019,mean_flow_m3s,all_available,466.3125,367.2225674900976,1.0,0.0
2019-12-31,2019,mean_flow_m3s,all_available,529.375,363.6087138384021,1.0,0.0
2020-01-01,2020,mean_flow_m3s,all_available,512.6875,381.72098304469023,1.0,0.0
2020-01-02,2020,mean_flow_m3s,all_available,480.2708333333333,378.1298104734105,1.0,0.0
2020-01-03,2020,mean_flow_m3s,all_available,411.2291666666667,374.856700006936,1.0,0.0
2020-01-04,2020,mean_flow_m3s,all_available,385.8125,371.9739149552428,1.0,0.0
2020-01-05,2020,mean_flow_m3s,all_available,388.4583333333333,369.3313340159256,1.0,0.0
2020-01-06,2020,mean_flow_m3s,all_available,382.875,367.11755791027724,1.0,0.0
2020-01-07,2020,mean_flow_m3s,all_available,386.4166666666667,365.327745794213,1.0,0.0
2020-01-08,2020,mean_flow_m3s,all_available,466.1666666666667,363.64691023473995,1.0,0.0
2020-01-09,2020,mean_flow_m3s,all_available,426.0416666666667,362.3987348787908,1.0,0.0
2020-01-10,2020,mean_flow_m3s,all_available,408.9375,361.56533656250775,1.0,0.0
2020-01-11,2020,mean_flow_m3s,all_available,365.2916666666667,360.9908398567493,1.0,0.0
2020-01-12,2020,mean_flow_m3s,all_available,356.2916666666667,360.4603205158626,1.0,0.0
2020-01-13,2020,mean_flow_m3s,all_available,358.0208333333333,360.4416907215758,1.0,0.0
2020-01-14,2020,mean_flow_m3s,all_available,359.5416666666667,360.5635810462548,1.0,0.0
2020-01-15,2020,mean_flow_m3s,all_available,365.2916666666667,360.75970985331696,1.0,0.0
2020-01-16,2020,mean_flow_m3s,all_available,356.3541666666667,362.46885070731884,1.0,0.0
2020-01-17,2020,mean_flow_m3s,all_available,349.9583333333333,365.0019445155423,1.0,0.0
2020-01-18,2020,mean_flow_m3s,all_available,348.9583333333333,367.97113474328995,1.0,0.0
2020-01-19,2020,mean_flow_m3s,all_available,339.4583333333333,371.5455255341731,1.0,0.0
2020-01-20,2020,mean_flow_m3s,all_available,340.7083333333333,375.5224527959751,1.0,0.0
2020-01-21,2020,mean_flow_m3s,all_available,335.5208333333333,379.9623896777391,1.0,0.0
2020-01-22,2020,mean_flow_m3s,all_available,330.6875,384.907887336688,1.0,0.0
2020-01-23,2020,mean_flow_m3s,all_available,324.0833333333333,390.68068054109375,1.0,0.0
2020-01-24,2020,mean_flow_m3s,all_available,327.7291666666667,397.2010320983826,1.0,0.0
2020-01-25,2020,mean_flow_m3s,all_available,339.3958333333333,404.60453423173175,1.0,0.0
2020-01-26,2020,mean_flow_m3s,all_available,335.4791666666667,412.76637681267806,1.0,0.0
2020-01-27,2020,mean_flow_m3s,all_available,357.0,422.1045291301848,1.0,0.0
2020-01-28,2020,mean_flow_m3s,all_available,381.9583333333333,432.0889114189616,1.0,0.0
2020-01-29,2020,mean_flow_m3s,all_available,372.4583333333333,442.57772547189165,1.0,0.0
2020-01-30,2020,mean_flow_m3s,all_available,365.5,453.38454470358795,1.0,0.0
2020-01-31,2020,mean_flow_m3s,all_available,367.3333333333333,464.44654468653806,1.0,0.0
2020-02-01,2020,mean_flow_m3s,all_available,351.7083333333333,476.07027935260857,1.0,0.0
2020-02-02,2020,mean_flow_m3s,all_available,339.7083333333333,487.9049272193206,1.0,0.0
2020-02-03,2020,mean_flow_m3s,all_available,334.9583333333333,500.47456228666437,1.0,0.0
2020-02-04,2020,mean_flow_m3s,all_available,336.125,513.8261299365046,1.0,0.0
2020-02-05,2020,mean_flow_m3s,all_available,326.7916666666667,526.5546431659723,1.0,0.0
2020-02-06,2020,mean_flow_m3s,all_available,330.1875,539.2049365125489,1.0,0.0
2020-02-07,2020,mean_flow_m3s,all_available,331.125,551.7026541927216,1.0,0.0
2020-02-08,2020,mean_flow_m3s,all_available,360.8541666666667,563.4693905939504,1.0,0.0
2020-02-09,2020,mean_flow_m3s,all_available,404.4166666666667,574.6470919022685,1.0,0.0
2020-02-10,2020,mean_flow_m3s,all_available,403.1666666666667,585.1828892481122,1.0,0.0
2020-02-11,2020,mean_flow_m3s,all_available,367.3333333333333,594.819793236934,1.0,0.0
2020-02-12,2020,mean_flow_m3s,all_available,338.6666666666667,603.7046848476555,1.0,0.0
2020-02-13,2020,mean_flow_m3s,all_available,324.3333333333333,611.7606716426994,1.0,0.0
2020-02-14,2020,mean_flow_m3s,all_available,313.1666666666667,619.3185565768104,1.0,0.0
2020-02-15,2020,mean_flow_m3s,all_available,349.9583333333333,626.1927982947036,1.0,0.0
2020-02-16,2020,mean_flow_m3s,all_available,373.0625,631.6340413335552,1.0,0.0
2020-02-17,2020,mean_flow_m3s,all_available,379.2708333333333,636.5006220856195,1.0,0.0
2020-02-18,2020,mean_flow_m3s,all_available,361.2291666666667,641.0901652214255,1.0,0.0
2020-02-19,2020,mean_flow_m3s,all_available,427.0,645.0470840507144,1.0,0.0
2020-02-20,2020,mean_flow_m3s,all_available,465.875,648.5079992277905,1.0,0.0
2020-02-21,2020,mean_flow_m3s,all_available,417.2083333333333,651.6150560641871,1.0,0.0
2020-02-22,2020,mean_flow_m3s,all_available,412.1666666666667,654.302136009554,1.0,0.0
2020-02-23,2020,mean_flow_m3s,all_available,442.3958333333333,657.0135180108675,1.0,0.0
2020-02-24,2020,mean_flow_m3s,all_available,386.4791666666667,660.4091511363845,1.0,0.0
2020-02-25,2020,mean_flow_m3s,all_available,458.4791666666667,664.171671446405,1.0,0.0
2020-02-26,2020,mean_flow_m3s,all_available,484.6666666666667,668.5431179979137,1.0,0.0
2020-02-27,2020,mean_flow_m3s,all_available,520.5,673.2352958378741,1.0,0.0
2020-02-28,2020,mean_flow_m3s,all_available,496.4791666666667,679.0627912842061,1.0,0.0
2020-02-29,2020,mean_flow_m3s,all_available,500.0,685.7905858944758,1.0,0.0
2020-03-01,2020,mean_flow_m3s,all_available,684.0,693.6059443070792,1.0,0.0
2020-03-02,2020,mean_flow_m3s,all_available,667.375,702.2911653690327,1.0,0.0
2020-03-03,2020,mean_flow_m3s,all_available,647.1041666666666,711.3978319476672,1.0,0.0
2020-03-04,2020,mean_flow_m3s,all_available,695.4166666666666,721.2876830021162,1.0,0.0
2020-03-05,2020,mean_flow_m3s,all_available,685.0,731.4582484502847,1.0,0.0
2020-03-06,2020,mean_flow_m3s,all_available,705.5,741.8717763105533,1.0,0.0
2020-03-07,2020,mean_flow_m3s,all_available,713.8333333333334,753.7772838359759,1.0,0.0
2020-03-08,2020,mean_flow_m3s,all_available,658.7708333333334,766.341623086324,1.0,0.0
2020-03-09,2020,mean_flow_m3s,all_available,657.8958333333334,779.4899934245931,1.0,0.0
2020-03-10,2020,mean_flow_m3s,all_available,670.7083333333334,793.4281689865891,1.0,0.0
2020-03-11,2020,mean_flow_m3s,all_available,631.3333333333334,807.4770997977024,1.0,0.0
2020-03-12,2020,mean_flow_m3s,all_available,631.25,821.6992194847516,1.0,0.0
2020-03-13,2020,mean_flow_m3s,all_available,626.625,836.0098311140077,1.0,0.0
2020-03-14,2020,mean_flow_m3s,all_available,613.8333333333334,850.3363880825686,1.0,0.0
2020-03-15,2020,mean_flow_m3s,all_available,614.6666666666666,864.5965455956075,1.0,0.0
2020-03-16,2020,mean_flow_m3s,all_available,614.5,878.6085671160566,1.0,0.0
2020-03-17,2020,mean_flow_m3s,all_available,630.8333333333334,892.5877264086597,1.0,0.0
2020-03-18,2020,mean_flow_m3s,all_available,610.1666666666666,906.7450849475223,1.0,0.0
2020-03-19,2020,mean_flow_m3s,all_available,628.9583333333334,920.4117320066294,1.0,0.0
2020-03-20,2020,mean_flow_m3s,all_available,588.1666666666666,934.5093700280091,1.0,0.0
2020-03-21,2020,mean_flow_m3s,all_available,614.8333333333334,948.9030819333692,1.0,0.0
2020-03-22,2020,mean_flow_m3s,all_available,636.6875,963.4461078823812,1.0,0.0
2020-03-23,2020,mean_flow_m3s,all_available,778.5625,978.0119376077532,1.0,0.0
2020-03-24,2020,mean_flow_m3s,all_available,870.125,992.4170548458145,1.0,0.0
2020-03-25,2020,mean_flow_m3s,all_available,929.7916666666666,1006.3270502766331,1.0,0.0
2020-03-26,2020,mean_flow_m3s,all_available,950.8958333333334,1019.4981409788784,1.0,0.0
2020-03-27,2020,mean_flow_m3s,all_available,954.9375,1032.2213240776744,1.0,0.0
2020-03-28,2020,mean_flow_m3s,all_available,1015.8541666666666,1044.5178244143704,1.0,0.0
2020-03-29,2020,mean_flow_m3s,all_available,970.5833333333334,1056.3855039854425,1.0,0.0
2020-03-30,2020,mean_flow_m3s,all_available,1012.5416666666666,1067.5108505681076,1.0,0.0
2020-03-31,2020,mean_flow_m3s,all_available,1028.9583333333333,1077.9414809846562,1.0,0.0
2020-04-01,2020,mean_flow_m3s,all_available,1001.3333333333334,1087.489898833707,1.0,0.0
2020-04-02,2020,mean_flow_m3s,all_available,1060.625,1096.0674533205697,1.0,0.0
2020-04-03,2020,mean_flow_m3s,all_available,969.5833333333334,1103.6058096640156,1.0,0.0
2020-04-04,2020,mean_flow_m3s,all_available,952.8541666666666,1109.970454472078,1.0,0.0
2020-04-05,2020,mean_flow_m3s,all_available,958.4791666666666,1114.8960510346658,1.0,0.0
2020-04-06,2020,mean_flow_m3s,all_available,879.5833333333334,1118.6201709807392,1.0,0.0
2020-04-07,2020,mean_flow_m3s,all_available,825.5625,1121.5303847105615,1.0,0.0
2020-04-08,2020,mean_flow_m3s,all_available,856.875,1123.8301990903888,1.0,0.0
2020-04-09,2020,mean_flow_m3s,all_available,828.125,1125.3410448325192,1.0,0.0
2020-04-10,2020,mean_flow_m3s,all_available,957.0416666666666,1126.2616217631758,1.0,0.0
2020-04-11,2020,mean_flow_m3s,all_available,1120.0,1126.988088355293,1.0,0.0
2020-04-12,2020,mean_flow_m3s,all_available,1218.125,1126.9293544466789,1.0,0.0
2020-04-13,2020,mean_flow_m3s,all_available,1264.375,1126.3499737830734,1.0,0.0
2020-04-14,2020,mean_flow_m3s,all_available,1283.125,1125.2598812265571,1.0,0.0
2020-04-15,2020,mean_flow_m3s,all_available,1279.5833333333333,1123.953444702909,1.0,0.0
2020-04-16,2020,mean_flow_m3s,all_available,1236.875,1122.4664178813703,1.0,0.0
2020-04-17,2020,mean_flow_m3s,all_available,1246.6666666666667,1120.9530326375473,1.0,0.0
2020-04-18,2020,mean_flow_m3s,all_available,1261.25,1119.7624082664815,1.0,0.0
2020-04-19,2020,mean_flow_m3s,all_available,1290.2083333333333,1118.8083434915047,1.0,0.0
2020-04-20,2020,mean_flow_m3s,all_available,1332.5,1117.8684852811923,1.0,0.0
2020-04-21,2020,mean_flow_m3s,all_available,1388.75,1117.3891011950955,1.0,0.0
2020-04-22,2020,mean_flow_m3s,all_available,1457.0833333333333,1117.2988475745901,1.0,0.0
2020-04-23,2020,mean_flow_m3s,all_available,1601.25,1117.4236232677163,1.0,0.0
2020-04-24,2020,mean_flow_m3s,all_available,1651.25,1117.5823623275562,1.0,0.0
2020-04-25,2020,mean_flow_m3s,all_available,1637.5,1117.6424690210301,1.0,0.0
2020-04-26,2020,mean_flow_m3s,all_available,1643.125,1118.083576478636,1.0,0.0
2020-04-27,2020,mean_flow_m3s,all_available,1612.9166666666667,1118.9050448578619,1.0,0.0
2020-04-28,2020,mean_flow_m3s,all_available,1593.75,1119.9288265361888,1.0,0.0
2020-04-29,2020,mean_flow_m3s,all_available,1442.9166666666667,1121.0543958206722,1.0,0.0
2020-04-30,2020,mean_flow_m3s,all_available,1330.8333333333333,1122.5120126805048,1.0,0.0
2020-05-01,2020,mean_flow_m3s,all_available,1265.4166666666667,1124.261388559363,1.0,0.0
2020-05-02,2020,mean_flow_m3s,all_available,1238.75,1126.3303937874284,1.0,0.0
2020-05-03,2020,mean_flow_m3s,all_available,1235.4166666666667,1128.949937050078,1.0,0.0
2020-05-04,2020,mean_flow_m3s,all_available,1203.75,1132.0896064709996,1.0,0.0
2020-05-05,2020,mean_flow_m3s,all_available,1217.9166666666667,1135.534660855089,1.0,0.0
2020-05-06,2020,mean_flow_m3s,all_available,1251.875,1139.3237080582867,1.0,0.0
2020-05-07,2020,mean_flow_m3s,all_available,1250.0,1143.0372188848876,1.0,0.0
2020-05-08,2020,mean_flow_m3s,all_available,1285.4166666666667,1146.9684943539814,1.0,0.0
2020-05-09,2020,mean_flow_m3s,all_available,1330.0,1151.179330628279,1.0,0.0
2020-05-10,2020,mean_flow_m3s,all_available,1304.375,1156.4869796306568,1.0,0.0
2020-05-11,2020,mean_flow_m3s,all_available,1277.7083333333333,1162.7992895894001,1.0,0.0
2020-05-12,2020,mean_flow_m3s,all_available,1250.4166666666667,1169.665392341949,1.0,0.0
2020-05-13,2020,mean_flow_m3s,all_available,1211.0416666666667,1177.602334570836,1.0,0.0
2020-05-14,2020,mean_flow_m3s,all_available,1132.2916666666667,1186.0763747578276,1.0,0.0
2020-05-15,2020,mean_flow_m3s,all_available,1167.2916666666667,1195.3488424885109,1.0,0.0
2020-05-16,2020,mean_flow_m3s,all_available,1130.0,1204.9979351680586,1.0,0.0
2020-05-17,2020,mean_flow_m3s,all_available,1145.4166666666667,1214.7425042361567,1.0,0.0
2020-05-18,2020,mean_flow_m3s,all_available,1146.25,1224.4034086507409,1.0,0.0
2020-05-19,2020,mean_flow_m3s,all_available,1115.0,1234.0642272215443,1.0,0.0
2020-05-20,2020,mean_flow_m3s,all_available,1117.5,1243.8488086439586,1.0,0.0
2020-05-21,2020,mean_flow_m3s,all_available,1111.875,1253.607110177777,1.0,0.0
2020-05-22,2020,mean_flow_m3s,all_available,1116.6666666666667,1262.9859533052677,1.0,0.0
2020-05-23,2020,mean_flow_m3s,all_available,1103.9583333333333,1271.697533123804,1.0,0.0
2020-05-24,2020,mean_flow_m3s,all_available,997.0416666666666,1279.3546822869107,1.0,0.0
2020-05-25,2020,mean_flow_m3s,all_available,948.375,1287.129906881877,1.0,0.0
2020-05-26,2020,mean_flow_m3s,all_available,922.25,1294.5713385368595,1.0,0.0
2020-05-27,2020,mean_flow_m3s,all_available,907.0208333333334,1300.4269746165444,1.0,0.0
2020-05-28,2020,mean_flow_m3s,all_available,894.125,1305.0806821953447,1.0,0.0
2020-05-29,2020,mean_flow_m3s,all_available,919.0208333333334,1308.4586556270272,1.0,0.0
2020-05-30,2020,mean_flow_m3s,all_available,907.0208333333334,1310.6002984173276,1.0,0.0
2020-05-31,2020,mean_flow_m3s,all_available,950.2083333333334,1311.562927908004,1.0,0.0
2020-06-01,2020,mean_flow_m3s,all_available,976.1458333333334,1311.2273648085604,1.0,0.0
2020-06-02,2020,mean_flow_m3s,all_available,980.25,1310.1421865582392,1.0,0.0
2020-06-03,2020,mean_flow_m3s,all_available,990.4166666666666,1308.0304961956879,1.0,0.0
2020-06-04,2020,mean_flow_m3s,all_available,961.6041666666666,1305.4689280373634,1.0,0.0
2020-06-05,2020,mean_flow_m3s,all_available,935.6458333333334,1302.4238968061802,1.0,0.0
2020-06-06,2020,mean_flow_m3s,all_available,852.5,1299.529595406988,1.0,0.0
2020-06-07,2020,mean_flow_m3s,all_available,827.7708333333334,1298.535628577028,1.0,0.0
2020-06-08,2020,mean_flow_m3s,all_available,809.6666666666666,1301.4297303517187,1.0,0.0
2020-06-09,2020,mean_flow_m3s,all_available,814.9791666666666,1308.8087904820388,1.0,0.0
2020-06-10,2020,mean_flow_m3s,all_available,829.3541666666666,1319.716626485449,1.0,0.0
2020-06-11,2020,mean_flow_m3s,all_available,824.7708333333334,1333.8943549937508,1.0,0.0
2020-06-12,2020,mean_flow_m3s,all_available,880.1041666666666,1352.7040890264752,1.0,0.0
2020-06-13,2020,mean_flow_m3s,all_available,905.8958333333334,1377.1247562301235,1.0,0.0
2020-06-14,2020,mean_flow_m3s,all_available,902.5208333333334,1407.4787918527027,1.0,0.0
2020-06-15,2020,mean_flow_m3s,all_available,1031.0,1442.8987042161755,1.0,0.0
2020-06-16,2020,mean_flow_m3s,all_available,1243.125,1483.6132210430208,1.0,0.0
2020-06-17,2020,mean_flow_m3s,all_available,1536.25,1529.9190576742049,1.0,0.0
2020-06-18,2020,mean_flow_m3s,all_available,1927.5,1581.076232791656,1.0,0.0
2020-06-19,2020,mean_flow_m3s,all_available,1945.8333333333333,1636.5059451997126,1.0,0.0
2020-06-20,2020,mean_flow_m3s,all_available,1789.1666666666667,1698.2697451538813,1.0,0.0
2020-06-21,2020,mean_flow_m3s,all_available,1778.125,1764.1078000291636,1.0,0.0
2020-06-22,2020,mean_flow_m3s,all_available,1791.25,1832.2857125480962,1.0,0.0
2020-06-23,2020,mean_flow_m3s,all_available,1831.0416666666667,1905.2009385191966,1.0,0.0
2020-06-24,2020,mean_flow_m3s,all_available,1855.4166666666667,1979.7075524078152,1.0,0.0
2020-06-25,2020,mean_flow_m3s,all_available,1866.0416666666667,2052.6209367717192,1.0,0.0
2020-06-26,2020,mean_flow_m3s,all_available,2552.083333333333,2123.0173525149385,1.0,0.0
2020-06-27,2020,mean_flow_m3s,all_available,3550.4166666666665,2189.936716187693,1.0,0.0
2020-06-28,2020,mean_flow_m3s,all_available,4133.333333333333,2251.5983614884535,1.0,0.0
2020-06-29,2020,mean_flow_m3s,all_available,4372.5,2310.711769449155,1.0,0.0
2020-06-30,2020,mean_flow_m3s,all_available,4708.75,2364.7213707276296,1.0,0.0
2020-07-01,2020,mean_flow_m3s,all_available,4711.041666666667,2412.518175848538,1.0,0.0
2020-07-02,2020,mean_flow_m3s,all_available,4551.875,2456.257934024413,1.0,0.0
2020-07-03,2020,mean_flow_m3s,all_available,4332.5,2496.002594536513,1.0,0.0
2020-07-04,2020,mean_flow_m3s,all_available,4164.791666666667,2531.0726719004015,1.0,0.0
2020-07-05,2020,mean_flow_m3s,all_available,4124.375,2561.471549481629,1.0,0.0
2020-07-06,2020,mean_flow_m3s,all_available,4224.166666666667,2586.893070704895,1.0,0.0
2020-07-07,2020,mean_flow_m3s,all_available,4201.25,2605.6576253657386,1.0,0.0
2020-07-08,2020,mean_flow_m3s,all_available,3676.4583333333335,2618.1583274792597,1.0,0.0
2020-07-09,2020,mean_flow_m3s,all_available,2949.1666666666665,2623.5989931246113,1.0,0.0
2020-07-10,2020,mean_flow_m3s,all_available,2681.6666666666665,2623.6904041574317,1.0,0.0
2020-07-11,2020,mean_flow_m3s,all_available,2594.375,2621.3339442645324,1.0,0.0
2020-07-12,2020,mean_flow_m3s,all_available,2322.083333333333,2617.4192180681166,1.0,0.0
2020-07-13,2020,mean_flow_m3s,all_available,1869.5833333333333,2609.069126215302,1.0,0.0
2020-07-14,2020,mean_flow_m3s,all_available,1730.4166666666667,2596.127450350943,1.0,0.0
2020-07-15,2020,mean_flow_m3s,all_available,1915.8333333333333,2579.9174845442867,1.0,0.0
2020-07-16,2020,mean_flow_m3s,all_available,2015.0,2562.6746489337443,1.0,0.0
2020-07-17,2020,mean_flow_m3s,all_available,1879.375,2543.0733783585674,1.0,0.0
2020-07-18,2020,mean_flow_m3s,all_available,1938.75,2518.840505460998,1.0,0.0
2020-07-19,2020,mean_flow_m3s,all_available,2031.25,2489.1910747155184,1.0,0.0
2020-07-20,2020,mean_flow_m3s,all_available,2013.125,2456.1645542734086,1.0,0.0
2020-07-21,2020,mean_flow_m3s,all_available,2035.0,2416.867507044773,1.0,0.0
2020-07-22,2020,mean_flow_m3s,all_available,2152.9166666666665,2376.7910753781525,1.0,0.0
2020-07-23,2020,mean_flow_m3s,all_available,2302.083333333333,2339.9190368894965,1.0,0.0
2020-07-24,2020,mean_flow_m3s,all_available,2443.5416666666665,2302.5555349586316,1.0,0.0
2020-07-25,2020,mean_flow_m3s,all_available,2834.375,2266.7180804303216,1.0,0.0
2020-07-26,2020,mean_flow_m3s,all_available,3031.25,2231.325320400315,1.0,0.0
2020-07-27,2020,mean_flow_m3s,all_available,2042.0833333333333,2191.384486365694,1.0,0.0
2020-07-28,2020,mean_flow_m3s,all_available,2134.1666666666665,2151.560251607168,1.0,0.0
2020-07-29,2020,mean_flow_m3s,all_available,2406.458333333333,2114.1536076268826,1.0,0.0
2020-07-30,2020,mean_flow_m3s,all_available,2621.0416666666665,2075.619649124722,1.0,0.0
2020-07-31,2020,mean_flow_m3s,all_available,2917.708333333333,2035.3796983466302,1.0,0.0
2020-08-01,2020,mean_flow_m3s,all_available,2635.833333333333,1995.8714275127775,1.0,0.0
2020-08-02,2020,mean_flow_m3s,all_available,2567.9166666666665,1955.1338613301516,1.0,0.0
2020-08-03,2020,mean_flow_m3s,all_available,2605.0,1913.5508383244041,1.0,0.0
2020-08-04,2020,mean_flow_m3s,all_available,2501.6666666666665,1870.8416885362371,1.0,0.0
2020-08-05,2020,mean_flow_m3s,all_available,2649.7916666666665,1826.1057787444981,1.0,0.0
2020-08-06,2020,mean_flow_m3s,all_available,2836.25,1779.6175854865464,1.0,0.0
2020-08-07,2020,mean_flow_m3s,all_available,2867.5,1731.7780162816814,1.0,0.0
2020-08-08,2020,mean_flow_m3s,all_available,2405.4166666666665,1682.5733061595727,1.0,0.0
2020-08-09,2020,mean_flow_m3s,all_available,1825.625,1632.130030197283,1.0,0.0
2020-08-10,2020,mean_flow_m3s,all_available,2035.4166666666667,1578.863615555579,1.0,0.0
2020-08-11,2020,mean_flow_m3s,all_available,2118.958333333333,1523.306642730355,1.0,0.0
2020-08-12,2020,mean_flow_m3s,all_available,2158.75,1466.6746495218288,1.0,0.0
2020-08-13,2020,mean_flow_m3s,all_available,2152.083333333333,1412.0052333652643,1.0,0.0
2020-08-14,2020,mean_flow_m3s,all_available,2473.125,1358.7884716564943,1.0,0.0
2020-08-15,2020,mean_flow_m3s,all_available,3024.7916666666665,1306.2851923195738,1.0,0.0
2020-08-16,2020,mean_flow_m3s,all_available,3249.375,1254.7832861122874,1.0,0.0
2020-08-17,2020,mean_flow_m3s,all_available,2457.2916666666665,1206.5810477737937,1.0,0.0
2020-08-18,2020,mean_flow_m3s,all_available,1881.4583333333333,1164.3622349164116,1.0,0.0
2020-08-19,2020,mean_flow_m3s,all_available,1910.2083333333333,1130.8530939437,1.0,0.0
2020-08-20,2020,mean_flow_m3s,all_available,2122.5,1101.8154129869438,1.0,0.0
2020-08-21,2020,mean_flow_m3s,all_available,2210.4166666666665,1077.890824625861,1.0,0.0
2020-08-22,2020,mean_flow_m3s,all_available,3094.583333333333,1056.5190613287568,1.0,0.0
2020-08-23,2020,mean_flow_m3s,all_available,4011.25,1036.3493957883295,1.0,0.0
2020-08-24,2020,mean_flow_m3s,all_available,4279.166666666667,1020.0167243793207,1.0,0.0
2020-08-25,2020,mean_flow_m3s,all_available,4213.333333333333,1008.7272284261969,1.0,0.0
2020-08-26,2020,mean_flow_m3s,all_available,4066.0416666666665,1004.5036349696582,1.0,0.0
2020-08-27,2020,mean_flow_m3s,all_available,4012.7083333333335,1009.3800026026577,1.0,0.0
2020-08-28,2020,mean_flow_m3s,all_available,3999.7916666666665,1016.1421577802824,1.0,0.0
2020-08-29,2020,mean_flow_m3s,all_available,4076.6666666666665,1022.4661092195938,1.0,0.0
2020-08-30,2020,mean_flow_m3s,all_available,4055.0,1029.865255187013,1.0,0.0
2020-08-31,2020,mean_flow_m3s,all_available,4013.75,1044.380969366947,1.0,0.0
2020-09-01,2020,mean_flow_m3s,all_available,4108.541666666667,1063.5860842249558,1.0,0.0
2020-09-02,2020,mean_flow_m3s,all_available,4029.375,1088.251596517213,1.0,0.0
2020-09-03,2020,mean_flow_m3s,all_available,3957.2916666666665,1118.3371482073037,1.0,0.0
2020-09-04,2020,mean_flow_m3s,all_available,3923.75,1154.1613208125236,1.0,0.0
2020-09-05,2020,mean_flow_m3s,all_available,3854.5833333333335,1196.8966172444386,1.0,0.0
2020-09-06,2020,mean_flow_m3s,all_available,3879.375,1247.1566163779555,1.0,0.0
2020-09-07,2020,mean_flow_m3s,all_available,3971.6666666666665,1305.2633904593613,1.0,0.0
2020-09-08,2020,mean_flow_m3s,all_available,4042.9166666666665,1367.2886060458516,1.0,0.0
2020-09-09,2020,mean_flow_m3s,all_available,3597.2916666666665,1432.5855432942062,1.0,0.0
2020-09-10,2020,mean_flow_m3s,all_available,2430.625,1503.2405730948935,1.0,0.0
2020-09-11,2020,mean_flow_m3s,all_available,1702.2916666666667,1578.010973558145,1.0,0.0
2020-09-12,2020,mean_flow_m3s,all_available,1505.2083333333333,1658.7398555106854,1.0,0.0
2020-09-13,2020,mean_flow_m3s,all_available,1628.3333333333333,1741.5962129734494,1.0,0.0
2020-09-14,2020,mean_flow_m3s,all_available,1700.625,1825.793704789179,1.0,0.0
2020-09-15,2020,mean_flow_m3s,all_available,1657.7083333333333,1908.9232480043247,1.0,0.0
2020-09-16,2020,mean_flow_m3s,all_available,1673.75,1987.8338644677128,1.0,0.0
2020-09-17,2020,mean_flow_m3s,all_available,1693.75,2061.0774286948376,1.0,0.0
2020-09-18,2020,mean_flow_m3s,all_available,1649.5833333333333,2126.0056056319177,1.0,0.0
2020-09-19,2020,mean_flow_m3s,all_available,1640.4166666666667,2179.5394796780993,1.0,0.0
2020-09-20,2020,mean_flow_m3s,all_available,1691.4583333333333,2223.330770376803,1.0,0.0
2020-09-21,2020,mean_flow_m3s,all_available,1719.1666666666667,2256.481133055305,1.0,0.0
2020-09-22,2020,mean_flow_m3s,all_available,1681.6666666666667,2277.729480944889,1.0,0.0
2020-09-23,2020,mean_flow_m3s,all_available,1664.1666666666667,2287.222730619626,1.0,0.0
2020-09-24,2020,mean_flow_m3s,all_available,1573.9583333333333,2285.6490329756516,1.0,0.0
2020-09-25,2020,mean_flow_m3s,all_available,1562.7083333333333,2275.4155196371285,1.0,0.0
2020-09-26,2020,mean_flow_m3s,all_available,1553.125,2256.6201544985756,1.0,0.0
2020-09-27,2020,mean_flow_m3s,all_available,1572.0833333333333,2229.621433812749,1.0,0.0
2020-09-28,2020,mean_flow_m3s,all_available,1556.0416666666667,2196.2955681703584,1.0,0.0
2020-09-29,2020,mean_flow_m3s,all_available,1547.0833333333333,2158.1951848985286,1.0,0.0
2020-09-30,2020,mean_flow_m3s,all_available,1518.3333333333333,2116.0751193293822,1.0,0.0
2020-10-01,2020,mean_flow_m3s,all_available,1507.0833333333333,2068.8523141743044,1.0,0.0
2020-10-02,2020,mean_flow_m3s,all_available,1468.5416666666667,2019.0807466332344,1.0,0.0
2020-10-03,2020,mean_flow_m3s,all_available,1475.8333333333333,1968.0346457259732,1.0,0.0
2020-10-04,2020,mean_flow_m3s,all_available,1955.8333333333333,1917.4726562948913,1.0,0.0
2020-10-05,2020,mean_flow_m3s,all_available,2445.833333333333,1868.9198888637638,1.0,0.0
2020-10-06,2020,mean_flow_m3s,all_available,2501.875,1821.8504719588605,1.0,0.0
2020-10-07,2020,mean_flow_m3s,all_available,2446.875,1776.0005677537881,1.0,0.0
2020-10-08,2020,mean_flow_m3s,all_available,2425.625,1731.8500783389914,1.0,0.0
2020-10-09,2020,mean_flow_m3s,all_available,2352.2916666666665,1690.9720436757657,1.0,0.0
2020-10-10,2020,mean_flow_m3s,all_available,2365.833333333333,1653.087192195552,1.0,0.0
2020-10-11,2020,mean_flow_m3s,all_available,2377.083333333333,1615.9617004070803,1.0,0.0
2020-10-12,2020,mean_flow_m3s,all_available,2368.75,1579.0156290507266,1.0,0.0
2020-10-13,2020,mean_flow_m3s,all_available,1833.75,1539.4667733848516,1.0,0.0
2020-10-14,2020,mean_flow_m3s,all_available,1567.2916666666667,1499.8073305736555,1.0,0.0
2020-10-15,2020,mean_flow_m3s,all_available,1470.625,1459.326965148405,1.0,0.0
2020-10-16,2020,mean_flow_m3s,all_available,1435.625,1418.7467604678877,1.0,0.0
2020-10-17,2020,mean_flow_m3s,all_available,1439.1666666666667,1378.258823878949,1.0,0.0
2020-10-18,2020,mean_flow_m3s,all_available,1307.2916666666667,1337.168392724142,1.0,0.0
2020-10-19,2020,mean_flow_m3s,all_available,1210.2083333333333,1295.54541876133,1.0,0.0
2020-10-20,2020,mean_flow_m3s,all_available,1123.3333333333333,1253.7508622846817,1.0,0.0
2020-10-21,2020,mean_flow_m3s,all_available,1101.6666666666667,1211.6474004509882,1.0,0.0
2020-10-22,2020,mean_flow_m3s,all_available,1067.9166666666667,1170.0516485954945,1.0,0.0
2020-10-23,2020,mean_flow_m3s,all_available,970.9583333333334,1129.8044692615904,1.0,0.0
2020-10-24,2020,mean_flow_m3s,all_available,889.7083333333334,1090.7282553409923,1.0,0.0
2020-10-25,2020,mean_flow_m3s,all_available,885.9583333333334,1052.6562826597976,1.0,0.0
2020-10-26,2020,mean_flow_m3s,all_available,877.7708333333334,1014.8038826238834,1.0,0.0
2020-10-27,2020,mean_flow_m3s,all_available,853.7291666666666,978.3180366281532,1.0,0.0
2020-10-28,2020,mean_flow_m3s,all_available,841.3958333333334,944.6915685552727,1.0,0.0
2020-10-29,2020,mean_flow_m3s,all_available,878.1458333333334,913.5759532913742,1.0,0.0
2020-10-30,2020,mean_flow_m3s,all_available,800.6666666666666,883.8621233295105,1.0,0.0
2020-10-31,2020,mean_flow_m3s,all_available,819.5,856.0815719483795,1.0,0.0
2020-11-01,2020,mean_flow_m3s,all_available,807.2916666666666,829.7777199251167,1.0,0.0
2020-11-02,2020,mean_flow_m3s,all_available,810.4375,804.9895957552459,1.0,0.0
2020-11-03,2020,mean_flow_m3s,all_available,774.4375,782.2323735808386,1.0,0.0
2020-11-04,2020,mean_flow_m3s,all_available,730.6875,761.2413728826143,1.0,0.0
2020-11-05,2020,mean_flow_m3s,all_available,730.8125,742.4361450851951,1.0,0.0
2020-11-06,2020,mean_flow_m3s,all_available,716.25,725.1045158819807,1.0,0.0
2020-11-07,2020,mean_flow_m3s,all_available,671.2291666666666,709.2151443149324,1.0,0.0
2020-11-08,2020,mean_flow_m3s,all_available,603.2083333333334,693.4738405787546,1.0,0.0
2020-11-09,2020,mean_flow_m3s,all_available,632.8541666666666,678.4565093564171,1.0,0.0
2020-11-10,2020,mean_flow_m3s,all_available,671.1041666666666,663.7397931559757,1.0,0.0
2020-11-11,2020,mean_flow_m3s,all_available,655.0625,649.5728725171142,1.0,0.0
2020-11-12,2020,mean_flow_m3s,all_available,650.7291666666666,635.6880651521519,1.0,0.0
2020-11-13,2020,mean_flow_m3s,all_available,645.7083333333334,622.2819765566754,1.0,0.0
2020-11-14,2020,mean_flow_m3s,all_available,642.6041666666666,609.491832701068,1.0,0.0
2020-11-15,2020,mean_flow_m3s,all_available,646.8125,597.0779687407177,1.0,0.0
2020-11-16,2020,mean_flow_m3s,all_available,646.7083333333334,585.2287681603027,1.0,0.0
2020-11-17,2020,mean_flow_m3s,all_available,647.25,573.925105872865,1.0,0.0
2020-11-18,2020,mean_flow_m3s,all_available,730.8958333333334,563.6928703028598,1.0,0.0
2020-11-19,2020,mean_flow_m3s,all_available,645.625,554.5348192636698,1.0,0.0
2020-11-20,2020,mean_flow_m3s,all_available,675.2291666666666,546.2516933022065,1.0,0.0
2020-11-21,2020,mean_flow_m3s,all_available,677.875,538.9064144905232,1.0,0.0
2020-11-22,2020,mean_flow_m3s,all_available,1318.8958333333333,532.4237467405542,1.0,0.0
2020-11-23,2020,mean_flow_m3s,all_available,1412.2916666666667,527.0065841314259,1.0,0.0
2020-11-24,2020,mean_flow_m3s,all_available,753.8333333333334,522.3813416892975,1.0,0.0
2020-11-25,2020,mean_flow_m3s,all_available,527.7916666666666,518.244562261589,1.0,0.0
2020-11-26,2020,mean_flow_m3s,all_available,504.0416666666667,514.852480713909,1.0,0.0
2020-11-27,2020,mean_flow_m3s,all_available,499.7916666666667,512.1558723351563,1.0,0.0
2020-11-28,2020,mean_flow_m3s,all_available,525.5,510.1041452980634,1.0,0.0
2020-11-29,2020,mean_flow_m3s,all_available,537.3125,508.55156711563393,1.0,0.0
2020-11-30,2020,mean_flow_m3s,all_available,1141.3125,507.6139464824708,1.0,0.0
2020-12-01,2020,mean_flow_m3s,all_available,883.4583333333334,506.58432645754493,1.0,0.0
2020-12-02,2020,mean_flow_m3s,all_available,671.6458333333334,505.6423780821367,1.0,0.0
2020-12-03,2020,mean_flow_m3s,all_available,638.125,504.39099253323957,1.0,0.0
2020-12-04,2020,mean_flow_m3s,all_available,579.5208333333334,502.6883492471912,1.0,0.0
2020-12-05,2020,mean_flow_m3s,all_available,637.0208333333334,500.6923749062248,1.0,0.0
2020-12-06,2020,mean_flow_m3s,all_available,614.6666666666666,498.0391906807588,1.0,0.0
2020-12-07,2020,mean_flow_m3s,all_available,607.6458333333334,494.86195110138055,1.0,0.0
2020-12-08,2020,mean_flow_m3s,all_available,559.5,491.1009902354677,1.0,0.0
2020-12-09,2020,mean_flow_m3s,all_available,472.7083333333333,487.1199676424818,1.0,0.0
2020-12-10,2020,mean_flow_m3s,all_available,563.8958333333334,482.2867291098099,1.0,0.0
2020-12-11,2020,mean_flow_m3s,all_available,552.0833333333334,477.1800817739029,1.0,0.0
2020-12-12,2020,mean_flow_m3s,all_available,477.8125,472.06523145435773,1.0,0.0
2020-12-13,2020,mean_flow_m3s,all_available,371.3958333333333,466.4627591876855,1.0,0.0
2020-12-14,2020,mean_flow_m3s,all_available,304.5416666666667,460.82685301544154,1.0,0.0
2020-12-15,2020,mean_flow_m3s,all_available,286.6041666666667,455.2918681284262,1.0,0.0
2020-12-16,2020,mean_flow_m3s,all_available,407.875,449.95197175608286,1.0,0.0
2020-12-17,2020,mean_flow_m3s,all_available,676.75,444.3915832563016,1.0,0.0
2020-12-18,2020,mean_flow_m3s,all_available,665.3125,439.0282056416863,1.0,0.0
2020-12-19,2020,mean_flow_m3s,all_available,671.5208333333334,433.6001095544028,1.0,0.0
2020-12-20,2020,mean_flow_m3s,all_available,544.9791666666666,428.4650266642193,1.0,0.0
2020-12-21,2020,mean_flow_m3s,all_available,550.375,423.6177201787557,1.0,0.0
2020-12-22,2020,mean_flow_m3s,all_available,558.7708333333334,419.0948949594958,1.0,0.0
2020-12-23,2020,mean_flow_m3s,all_available,522.5625,414.9336884359762,1.0,0.0
2020-12-24,2020,mean_flow_m3s,all_available,527.1666666666666,410.90754754806204,1.0,0.0
2020-12-25,2020,mean_flow_m3s,all_available,490.0625,407.21512103914785,1.0,0.0
2020-12-26,2020,mean_flow_m3s,all_available,496.3333333333333,403.89463399894953,1.0,0.0
2020-12-27,2020,mean_flow_m3s,all_available,583.0416666666666,400.3545643785393,1.0,0.0
2020-12-28,2020,mean_flow_m3s,all_available,502.9791666666667,396.60681160248726,1.0,0.0
2020-12-29,2020,mean_flow_m3s,all_available,576.3125,392.87263087400777,1.0,0.0
2020-12-30,2020,mean_flow_m3s,all_available,749.3125,389.1018682322001,1.0,0.0
2020-12-31,2020,mean_flow_m3s,all_available,646.5208333333334,385.4159367439416,1.0,0.0
2021-01-01,2021,mean_flow_m3s,all_available,553.1666666666666,443.2970802233556,1.0,0.0
2021-01-02,2021,mean_flow_m3s,all_available,584.4375,436.2861518235565,1.0,0.0
2021-01-03,2021,mean_flow_m3s,all_available,528.3125,429.4174312570028,1.0,0.0
2021-01-04,2021,mean_flow_m3s,all_available,533.1875,422.69819338889886,1.0,0.0
2021-01-05,2021,mean_flow_m3s,all_available,446.6458333333333,416.4907379392742,1.0,0.0
2021-01-06,2021,mean_flow_m3s,all_available,439.6666666666667,410.4985563964806,1.0,0.0
2021-01-07,2021,mean_flow_m3s,all_available,398.625,404.78513136121416,1.0,0.0
2021-01-08,2021,mean_flow_m3s,all_available,384.25,399.35075972514846,1.0,0.0
2021-01-09,2021,mean_flow_m3s,all_available,395.625,394.32184415008203,1.0,0.0
2021-01-10,2021,mean_flow_m3s,all_available,415.0208333333333,389.87472962286824,1.0,0.0
2021-01-11,2021,mean_flow_m3s,all_available,427.9375,385.7698809591517,1.0,0.0
2021-01-12,2021,mean_flow_m3s,all_available,425.5,381.7892646615441,1.0,0.0
2021-01-13,2021,mean_flow_m3s,all_available,429.9166666666667,378.736740727536,1.0,0.0
2021-01-14,2021,mean_flow_m3s,all_available,422.5833333333333,375.85142027510346,1.0,0.0
2021-01-15,2021,mean_flow_m3s,all_available,409.0416666666667,372.8926043902063,1.0,0.0
2021-01-16,2021,mean_flow_m3s,all_available,380.7916666666667,371.49314507050985,1.0,0.0
2021-01-17,2021,mean_flow_m3s,all_available,351.5,371.2497521144422,1.0,0.0
2021-01-18,2021,mean_flow_m3s,all_available,340.5416666666667,371.52234035947964,1.0,0.0
2021-01-19,2021,mean_flow_m3s,all_available,337.625,372.49095643730607,1.0,0.0
2021-01-20,2021,mean_flow_m3s,all_available,332.0208333333333,373.89400046557876,1.0,0.0
2021-01-21,2021,mean_flow_m3s,all_available,332.1458333333333,375.64168940989094,1.0,0.0
2021-01-22,2021,mean_flow_m3s,all_available,322.5208333333333,377.81340613447253,1.0,0.0
2021-01-23,2021,mean_flow_m3s,all_available,318.8125,380.5481421690447,1.0,0.0
2021-01-24,2021,mean_flow_m3s,all_available,305.875,383.6902652033683,1.0,0.0
2021-01-25,2021,mean_flow_m3s,all_available,280.8541666666667,387.7390164331876,1.0,0.0
2021-01-26,2021,mean_flow_m3s,all_available,272.4791666666667,392.4013726831238,1.0,0.0
2021-01-27,2021,mean_flow_m3s,all_available,268.0625,397.84057080399896,1.0,0.0
2021-01-28,2021,mean_flow_m3s,all_available,260.4166666666667,403.6197499503045,1.0,0.0
2021-01-29,2021,mean_flow_m3s,all_available,252.375,409.63973046944756,1.0,0.0
2021-01-30,2021,mean_flow_m3s,all_available,252.0,415.7847044508802,1.0,0.0
2021-01-31,2021,mean_flow_m3s,all_available,248.3125,422.1514219397007,1.0,0.0
2021-02-01,2021,mean_flow_m3s,all_available,239.375,428.9332413631688,1.0,0.0
2021-02-02,2021,mean_flow_m3s,all_available,237.66666666666663,435.8800603032844,1.0,0.0
2021-02-03,2021,mean_flow_m3s,all_available,237.20833333333331,443.1955803115196,1.0,0.0
2021-02-04,2021,mean_flow_m3s,all_available,232.83333333333331,451.2019927014432,1.0,0.0
2021-02-05,2021,mean_flow_m3s,all_available,229.66666666666663,459.0475992328741,1.0,0.0
2021-02-06,2021,mean_flow_m3s,all_available,225.60416666666663,466.8138841550543,1.0,0.0
2021-02-07,2021,mean_flow_m3s,all_available,238.0,474.5781003293993,1.0,0.0
2021-02-08,2021,mean_flow_m3s,all_available,277.75,482.14374661366554,1.0,0.0
2021-02-09,2021,mean_flow_m3s,all_available,291.2291666666667,489.30604068797794,1.0,0.0
2021-02-10,2021,mean_flow_m3s,all_available,319.5,496.41162661676594,1.0,0.0
2021-02-11,2021,mean_flow_m3s,all_available,315.8333333333333,503.2767752189575,1.0,0.0
2021-02-12,2021,mean_flow_m3s,all_available,321.6666666666667,509.97985739827845,1.0,0.0
2021-02-13,2021,mean_flow_m3s,all_available,288.1666666666667,516.319370461714,1.0,0.0
2021-02-14,2021,mean_flow_m3s,all_available,285.5833333333333,522.6624337396611,1.0,0.0
2021-02-15,2021,mean_flow_m3s,all_available,363.3333333333333,529.5030310934363,1.0,0.0
2021-02-16,2021,mean_flow_m3s,all_available,442.9791666666667,535.8758191709039,1.0,0.0
2021-02-17,2021,mean_flow_m3s,all_available,448.1875,542.301303516582,1.0,0.0
2021-02-18,2021,mean_flow_m3s,all_available,484.625,549.1514495065138,1.0,0.0
2021-02-19,2021,mean_flow_m3s,all_available,736.0416666666666,556.0466030227952,1.0,0.0
2021-02-20,2021,mean_flow_m3s,all_available,687.1041666666666,563.1435073124014,1.0,0.0
2021-02-21,2021,mean_flow_m3s,all_available,606.1875,570.5208174908313,1.0,0.0
2021-02-22,2021,mean_flow_m3s,all_available,606.1041666666666,577.8768440546237,1.0,0.0
2021-02-23,2021,mean_flow_m3s,all_available,588.625,585.5754159138614,1.0,0.0
2021-02-24,2021,mean_flow_m3s,all_available,598.9791666666666,593.9109788292405,1.0,0.0
2021-02-25,2021,mean_flow_m3s,all_available,704.0625,602.4579600230497,1.0,0.0
2021-02-26,2021,mean_flow_m3s,all_available,751.5,611.5150453100822,1.0,0.0
2021-02-27,2021,mean_flow_m3s,all_available,785.25,620.8912984426088,1.0,0.0
2021-02-28,2021,mean_flow_m3s,all_available,795.0,630.8653250822618,1.0,0.0
2021-03-01,2021,mean_flow_m3s,all_available,856.9375,641.1773446489127,1.0,0.0
2021-03-02,2021,mean_flow_m3s,all_available,888.1041666666666,651.8119460827966,1.0,0.0
2021-03-03,2021,mean_flow_m3s,all_available,892.5208333333334,662.4776579304166,1.0,0.0
2021-03-04,2021,mean_flow_m3s,all_available,943.9791666666666,672.7900838135256,1.0,0.0
2021-03-05,2021,mean_flow_m3s,all_available,1099.1666666666667,683.0591912679133,1.0,0.0
2021-03-06,2021,mean_flow_m3s,all_available,998.625,692.8270609486851,1.0,0.0
2021-03-07,2021,mean_flow_m3s,all_available,1005.9166666666666,702.0011478216886,1.0,0.0
2021-03-08,2021,mean_flow_m3s,all_available,1010.3541666666666,711.3974788403506,1.0,0.0
2021-03-09,2021,mean_flow_m3s,all_available,964.4791666666666,721.2348038793965,1.0,0.0
2021-03-10,2021,mean_flow_m3s,all_available,938.2083333333334,731.320145696228,1.0,0.0
2021-03-11,2021,mean_flow_m3s,all_available,928.9375,741.7360506037232,1.0,0.0
2021-03-12,2021,mean_flow_m3s,all_available,971.0625,752.3819893052612,1.0,0.0
2021-03-13,2021,mean_flow_m3s,all_available,1192.0833333333333,763.0142798725085,1.0,0.0
2021-03-14,2021,mean_flow_m3s,all_available,1385.4166666666667,774.0916328487922,1.0,0.0
2021-03-15,2021,mean_flow_m3s,all_available,1471.875,785.3871254467081,1.0,0.0
2021-03-16,2021,mean_flow_m3s,all_available,1309.7916666666667,797.4036403375865,1.0,0.0
2021-03-17,2021,mean_flow_m3s,all_available,1117.7083333333333,809.9875915082921,1.0,0.0
2021-03-18,2021,mean_flow_m3s,all_available,1475.4166666666667,822.725108040954,1.0,0.0
2021-03-19,2021,mean_flow_m3s,all_available,1590.0,836.6822531916367,1.0,0.0
2021-03-20,2021,mean_flow_m3s,all_available,1137.2916666666667,850.9907076915924,1.0,0.0
2021-03-21,2021,mean_flow_m3s,all_available,1103.125,866.0887891312318,1.0,0.0
2021-03-22,2021,mean_flow_m3s,all_available,997.6875,882.0432294571589,1.0,0.0
2021-03-23,2021,mean_flow_m3s,all_available,939.2291666666666,898.2587144082031,1.0,0.0
2021-03-24,2021,mean_flow_m3s,all_available,909.25,914.5523312226444,1.0,0.0
2021-03-25,2021,mean_flow_m3s,all_available,890.625,931.0320600556482,1.0,0.0
2021-03-26,2021,mean_flow_m3s,all_available,862.3958333333334,946.9433973956826,1.0,0.0
2021-03-27,2021,mean_flow_m3s,all_available,885.4375,962.4265662846728,1.0,0.0
2021-03-28,2021,mean_flow_m3s,all_available,854.3333333333334,977.8480197792264,1.0,0.0
2021-03-29,2021,mean_flow_m3s,all_available,866.8333333333334,992.89202602051,1.0,0.0
2021-03-30,2021,mean_flow_m3s,all_available,852.0416666666666,1007.4186245982015,1.0,0.0
2021-03-31,2021,mean_flow_m3s,all_available,858.8125,1021.206254520276,1.0,0.0
2021-04-01,2021,mean_flow_m3s,all_available,858.4791666666666,1034.2139433905447,1.0,0.0
2021-04-02,2021,mean_flow_m3s,all_available,855.875,1046.2750914000867,1.0,0.0
2021-04-03,2021,mean_flow_m3s,all_available,912.7083333333334,1057.5336485800735,1.0,0.0
2021-04-04,2021,mean_flow_m3s,all_available,900.0625,1068.193210550871,1.0,0.0
2021-04-05,2021,mean_flow_m3s,all_available,872.5,1078.2388992524147,1.0,0.0
2021-04-06,2021,mean_flow_m3s,all_available,874.4791666666666,1087.8750773923023,1.0,0.0
2021-04-07,2021,mean_flow_m3s,all_available,858.5833333333334,1097.2208749365586,1.0,0.0
2021-04-08,2021,mean_flow_m3s,all_available,847.5,1106.7065281952844,1.0,0.0
2021-04-09,2021,mean_flow_m3s,all_available,833.5625,1116.5328031615325,1.0,0.0
2021-04-10,2021,mean_flow_m3s,all_available,826.8333333333334,1126.672413892518,1.0,0.0
2021-04-11,2021,mean_flow_m3s,all_available,810.4166666666666,1137.2086563083192,1.0,0.0
2021-04-12,2021,mean_flow_m3s,all_available,804.0208333333334,1148.516323470323,1.0,0.0
2021-04-13,2021,mean_flow_m3s,all_available,824.9375,1160.1217880184577,1.0,0.0
2021-04-14,2021,mean_flow_m3s,all_available,811.3333333333334,1171.9307458128328,1.0,0.0
2021-04-15,2021,mean_flow_m3s,all_available,819.0833333333334,1183.6641055804382,1.0,0.0
2021-04-16,2021,mean_flow_m3s,all_available,794.8333333333334,1195.0556021937978,1.0,0.0
2021-04-17,2021,mean_flow_m3s,all_available,788.8333333333334,1206.0789908759543,1.0,0.0
2021-04-18,2021,mean_flow_m3s,all_available,793.9583333333334,1216.793599637495,1.0,0.0
2021-04-19,2021,mean_flow_m3s,all_available,791.875,1226.9722366160825,1.0,0.0
2021-04-20,2021,mean_flow_m3s,all_available,796.1875,1236.669145772454,1.0,0.0
2021-04-21,2021,mean_flow_m3s,all_available,808.9166666666666,1245.410113249433,1.0,0.0
2021-04-22,2021,mean_flow_m3s,all_available,832.0833333333334,1253.271317202383,1.0,0.0
2021-04-23,2021,mean_flow_m3s,all_available,915.2708333333334,1260.1939030833025,1.0,0.0
2021-04-24,2021,mean_flow_m3s,all_available,1057.9166666666667,1265.9789196043987,1.0,0.0
2021-04-25,2021,mean_flow_m3s,all_available,1157.9166666666667,1270.2800618921156,1.0,0.0
2021-04-26,2021,mean_flow_m3s,all_available,1221.0416666666667,1273.012707561583,1.0,0.0
2021-04-27,2021,mean_flow_m3s,all_available,1300.4166666666667,1274.0525343159306,1.0,0.0
2021-04-28,2021,mean_flow_m3s,all_available,1429.7916666666667,1273.4777361022384,1.0,0.0
2021-04-29,2021,mean_flow_m3s,all_available,1476.25,1271.5259773249522,1.0,0.0
2021-04-30,2021,mean_flow_m3s,all_available,1480.2083333333333,1268.3070858763995,1.0,0.0
2021-05-01,2021,mean_flow_m3s,all_available,1439.7916666666667,1264.5153329534085,1.0,0.0
2021-05-02,2021,mean_flow_m3s,all_available,1397.5,1260.1386432990912,1.0,0.0
2021-05-03,2021,mean_flow_m3s,all_available,1446.4583333333333,1255.6023280014356,1.0,0.0
2021-05-04,2021,mean_flow_m3s,all_available,1489.1666666666667,1250.9981373007602,1.0,0.0
2021-05-05,2021,mean_flow_m3s,all_available,1504.375,1246.3523587551524,1.0,0.0
2021-05-06,2021,mean_flow_m3s,all_available,1515.625,1241.73775031826,1.0,0.0
2021-05-07,2021,mean_flow_m3s,all_available,1534.1666666666667,1237.2410085451693,1.0,0.0
2021-05-08,2021,mean_flow_m3s,all_available,1545.4166666666667,1232.7231298956838,1.0,0.0
2021-05-09,2021,mean_flow_m3s,all_available,1534.1666666666667,1228.3463818766265,1.0,0.0
2021-05-10,2021,mean_flow_m3s,all_available,1464.7916666666667,1223.6781301104277,1.0,0.0
2021-05-11,2021,mean_flow_m3s,all_available,1478.5416666666667,1219.606169731452,1.0,0.0
2021-05-12,2021,mean_flow_m3s,all_available,1506.25,1216.2517076822824,1.0,0.0
2021-05-13,2021,mean_flow_m3s,all_available,1517.0833333333333,1213.242648693136,1.0,0.0
2021-05-14,2021,mean_flow_m3s,all_available,1531.0416666666667,1210.8959643699293,1.0,0.0
2021-05-15,2021,mean_flow_m3s,all_available,1543.9583333333333,1208.920073726598,1.0,0.0
2021-05-16,2021,mean_flow_m3s,all_available,1554.7916666666667,1207.6492141823558,1.0,0.0
2021-05-17,2021,mean_flow_m3s,all_available,1592.0833333333333,1206.802773723169,1.0,0.0
2021-05-18,2021,mean_flow_m3s,all_available,1605.2083333333333,1206.0276419209029,1.0,0.0
2021-05-19,2021,mean_flow_m3s,all_available,1581.0416666666667,1205.0837818759148,1.0,0.0
2021-05-20,2021,mean_flow_m3s,all_available,1566.0416666666667,1204.042914112698,1.0,0.0
2021-05-21,2021,mean_flow_m3s,all_available,1558.75,1203.0125935345425,1.0,0.0
2021-05-22,2021,mean_flow_m3s,all_available,1556.0416666666667,1201.8446459649642,1.0,0.0
2021-05-23,2021,mean_flow_m3s,all_available,1540.625,1200.1716932357222,1.0,0.0
2021-05-24,2021,mean_flow_m3s,all_available,1562.2916666666667,1198.1492769184556,1.0,0.0
2021-05-25,2021,mean_flow_m3s,all_available,1523.5416666666667,1195.5180446921509,1.0,0.0
2021-05-26,2021,mean_flow_m3s,all_available,1582.5,1193.0493608173656,1.0,0.0
2021-05-27,2021,mean_flow_m3s,all_available,1589.1666666666667,1190.7642602089027,1.0,0.0
2021-05-28,2021,mean_flow_m3s,all_available,1557.0833333333333,1187.9027361653125,1.0,0.0
2021-05-29,2021,mean_flow_m3s,all_available,1566.875,1184.8753956916385,1.0,0.0
2021-05-30,2021,mean_flow_m3s,all_available,1514.375,1181.611253924957,1.0,0.0
2021-05-31,2021,mean_flow_m3s,all_available,1538.9583333333333,1178.144114336608,1.0,0.0
2021-06-01,2021,mean_flow_m3s,all_available,1500.2083333333333,1174.6200769640557,1.0,0.0
2021-06-02,2021,mean_flow_m3s,all_available,1511.0416666666667,1171.6174023269543,1.0,0.0
2021-06-03,2021,mean_flow_m3s,all_available,1529.1666666666667,1169.8100577184553,1.0,0.0
2021-06-04,2021,mean_flow_m3s,all_available,1488.5416666666667,1169.8006514007297,1.0,0.0
2021-06-05,2021,mean_flow_m3s,all_available,1599.5833333333333,1171.250819044757,1.0,0.0
2021-06-06,2021,mean_flow_m3s,all_available,1552.9166666666667,1173.6606777240088,1.0,0.0
2021-06-07,2021,mean_flow_m3s,all_available,1468.9583333333333,1177.959507773726,1.0,0.0
2021-06-08,2021,mean_flow_m3s,all_available,1408.5416666666667,1185.330614240517,1.0,0.0
2021-06-09,2021,mean_flow_m3s,all_available,1376.6666666666667,1197.1634874875294,1.0,0.0
2021-06-10,2021,mean_flow_m3s,all_available,1368.3333333333333,1214.079889688284,1.0,0.0
2021-06-11,2021,mean_flow_m3s,all_available,1359.7916666666667,1235.2986775079503,1.0,0.0
2021-06-12,2021,mean_flow_m3s,all_available,1422.5,1262.8525764480546,1.0,0.0
2021-06-13,2021,mean_flow_m3s,all_available,1562.7083333333333,1299.0980147776581,1.0,0.0
2021-06-14,2021,mean_flow_m3s,all_available,1753.5416666666667,1344.0809016926298,1.0,0.0
2021-06-15,2021,mean_flow_m3s,all_available,1898.75,1397.3335565229147,1.0,0.0
2021-06-16,2021,mean_flow_m3s,all_available,1958.75,1459.1461787624105,1.0,0.0
2021-06-17,2021,mean_flow_m3s,all_available,1995.2083333333333,1528.7644957844445,1.0,0.0
2021-06-18,2021,mean_flow_m3s,all_available,2097.5,1605.9467073977235,1.0,0.0
2021-06-19,2021,mean_flow_m3s,all_available,2201.0416666666665,1689.9619543280573,1.0,0.0
2021-06-20,2021,mean_flow_m3s,all_available,2235.208333333333,1780.2744802463724,1.0,0.0
2021-06-21,2021,mean_flow_m3s,all_available,2300.4166666666665,1878.116216742408,1.0,0.0
2021-06-22,2021,mean_flow_m3s,all_available,2513.5416666666665,1982.152420550458,1.0,0.0
2021-06-23,2021,mean_flow_m3s,all_available,2984.375,2090.6056763888896,1.0,0.0
2021-06-24,2021,mean_flow_m3s,all_available,3527.083333333333,2202.1643699301803,1.0,0.0
2021-06-25,2021,mean_flow_m3s,all_available,3861.25,2312.961780801776,1.0,0.0
2021-06-26,2021,mean_flow_m3s,all_available,4047.0833333333335,2420.9325858107204,1.0,0.0
2021-06-27,2021,mean_flow_m3s,all_available,4082.0833333333335,2524.637363864522,1.0,0.0
2021-06-28,2021,mean_flow_m3s,all_available,4133.541666666667,2621.545574997309,1.0,0.0
2021-06-29,2021,mean_flow_m3s,all_available,4199.583333333333,2708.2897509487584,1.0,0.0
2021-06-30,2021,mean_flow_m3s,all_available,4208.958333333333,2785.870341364826,1.0,0.0
2021-07-01,2021,mean_flow_m3s,all_available,4147.083333333333,2852.71967851517,1.0,0.0
2021-07-02,2021,mean_flow_m3s,all_available,4077.2916666666665,2906.775760221264,1.0,0.0
2021-07-03,2021,mean_flow_m3s,all_available,4025.625,2947.7699638888594,1.0,0.0
2021-07-04,2021,mean_flow_m3s,all_available,3926.25,2975.886581470185,1.0,0.0
2021-07-05,2021,mean_flow_m3s,all_available,3301.6666666666665,2990.8497304271878,1.0,0.0
2021-07-06,2021,mean_flow_m3s,all_available,2678.125,2993.936515426208,1.0,0.0
2021-07-07,2021,mean_flow_m3s,all_available,2646.875,2986.2065087226592,1.0,0.0
2021-07-08,2021,mean_flow_m3s,all_available,2293.5416666666665,2967.5368538858,1.0,0.0
2021-07-09,2021,mean_flow_m3s,all_available,1862.2916666666667,2939.5438151178405,1.0,0.0
2021-07-10,2021,mean_flow_m3s,all_available,988.375,2903.279049858372,1.0,0.0
2021-07-11,2021,mean_flow_m3s,all_available,751.3333333333334,2862.3311412866797,1.0,0.0
2021-07-12,2021,mean_flow_m3s,all_available,720.6041666666666,2819.7137991259056,1.0,0.0
2021-07-13,2021,mean_flow_m3s,all_available,694.0208333333334,2771.919042918634,1.0,0.0
2021-07-14,2021,mean_flow_m3s,all_available,844.0833333333334,2721.1651124909035,1.0,0.0
2021-07-15,2021,mean_flow_m3s,all_available,1057.7083333333333,2670.8219302671487,1.0,0.0
2021-07-16,2021,mean_flow_m3s,all_available,1033.2708333333333,2623.6430549885813,1.0,0.0
2021-07-17,2021,mean_flow_m3s,all_available,945.8958333333334,2581.68171939287,1.0,0.0
2021-07-18,2021,mean_flow_m3s,all_available,841.8125,2543.767347872491,1.0,0.0
2021-07-19,2021,mean_flow_m3s,all_available,683.75,2509.454906842088,1.0,0.0
2021-07-20,2021,mean_flow_m3s,all_available,658.9583333333334,2478.3758438134228,1.0,0.0
2021-07-21,2021,mean_flow_m3s,all_available,1484.9583333333333,2450.5446466673347,1.0,0.0
2021-07-22,2021,mean_flow_m3s,all_available,3713.75,2424.135087120293,1.0,0.0
2021-07-23,2021,mean_flow_m3s,all_available,2578.333333333333,2401.5439240616147,1.0,0.0
2021-07-24,2021,mean_flow_m3s,all_available,2179.1666666666665,2384.4426711736933,1.0,0.0
2021-07-25,2021,mean_flow_m3s,all_available,2167.5,2369.753223734493,1.0,0.0
2021-07-26,2021,mean_flow_m3s,all_available,2169.1666666666665,2357.3311539663537,1.0,0.0
2021-07-27,2021,mean_flow_m3s,all_available,2025.2083333333333,2346.4370876703338,1.0,0.0
2021-07-28,2021,mean_flow_m3s,all_available,1640.625,2332.845360504893,1.0,0.0
2021-07-29,2021,mean_flow_m3s,all_available,1265.8333333333333,2319.1315269633383,1.0,0.0
2021-07-30,2021,mean_flow_m3s,all_available,1014.8125,2306.427611231111,1.0,0.0
2021-07-31,2021,mean_flow_m3s,all_available,944.4166666666666,2292.5023730215,1.0,0.0
2021-08-01,2021,mean_flow_m3s,all_available,864.0,2277.1043804252795,1.0,0.0
2021-08-02,2021,mean_flow_m3s,all_available,803.4791666666666,2261.434721501522,1.0,0.0
2021-08-03,2021,mean_flow_m3s,all_available,776.25,2241.990454114589,1.0,0.0
2021-08-04,2021,mean_flow_m3s,all_available,763.0833333333334,2218.6138045051566,1.0,0.0
2021-08-05,2021,mean_flow_m3s,all_available,743.9166666666666,2192.7892019773344,1.0,0.0
2021-08-06,2021,mean_flow_m3s,all_available,727.9791666666666,2165.123973088142,1.0,0.0
2021-08-07,2021,mean_flow_m3s,all_available,722.0,2135.563286257194,1.0,0.0
2021-08-08,2021,mean_flow_m3s,all_available,726.25,2107.080266629692,1.0,0.0
2021-08-09,2021,mean_flow_m3s,all_available,702.6041666666666,2080.8443049733896,1.0,0.0
2021-08-10,2021,mean_flow_m3s,all_available,687.2916666666666,2056.0713766361314,1.0,0.0
2021-08-11,2021,mean_flow_m3s,all_available,676.6458333333334,2030.9071980412677,1.0,0.0
2021-08-12,2021,mean_flow_m3s,all_available,618.1458333333334,2006.5511703310374,1.0,0.0
2021-08-13,2021,mean_flow_m3s,all_available,541.6458333333334,1987.4505215461797,1.0,0.0
2021-08-14,2021,mean_flow_m3s,all_available,531.9166666666666,1972.2087062115631,1.0,0.0
2021-08-15,2021,mean_flow_m3s,all_available,599.6875,1960.7428927232424,1.0,0.0
2021-08-16,2021,mean_flow_m3s,all_available,614.3333333333334,1952.8872396710128,1.0,0.0
2021-08-17,2021,mean_flow_m3s,all_available,554.0625,1948.6657693453965,1.0,0.0
2021-08-18,2021,mean_flow_m3s,all_available,518.7916666666666,1951.3457778058334,1.0,0.0
2021-08-19,2021,mean_flow_m3s,all_available,505.6666666666667,1960.8552766598787,1.0,0.0
2021-08-20,2021,mean_flow_m3s,all_available,534.3333333333334,1977.9415992893291,1.0,0.0
2021-08-21,2021,mean_flow_m3s,all_available,503.2083333333333,2000.1054175266315,1.0,0.0
2021-08-22,2021,mean_flow_m3s,all_available,506.2916666666667,2026.1528173623635,1.0,0.0
2021-08-23,2021,mean_flow_m3s,all_available,517.5416666666666,2054.1368457386425,1.0,0.0
2021-08-24,2021,mean_flow_m3s,all_available,554.2916666666666,2083.246642148649,1.0,0.0
2021-08-25,2021,mean_flow_m3s,all_available,593.2291666666666,2115.441627115547,1.0,0.0
2021-08-26,2021,mean_flow_m3s,all_available,722.8125,2148.9121014203456,1.0,0.0
2021-08-27,2021,mean_flow_m3s,all_available,753.2291666666666,2178.821076131262,1.0,0.0
2021-08-28,2021,mean_flow_m3s,all_available,611.5,2206.583919297955,1.0,0.0
2021-08-29,2021,mean_flow_m3s,all_available,536.4583333333334,2228.7077236376626,1.0,0.0
2021-08-30,2021,mean_flow_m3s,all_available,582.0,2244.232870388908,1.0,0.0
2021-08-31,2021,mean_flow_m3s,all_available,755.5833333333334,2252.526113079977,1.0,0.0
2021-09-01,2021,mean_flow_m3s,all_available,1134.75,2255.9088049024367,1.0,0.0
2021-09-02,2021,mean_flow_m3s,all_available,1694.5833333333333,2254.156246478965,1.0,0.0
2021-09-03,2021,mean_flow_m3s,all_available,1935.0,2250.421346813755,1.0,0.0
2021-09-04,2021,mean_flow_m3s,all_available,2207.2916666666665,2243.4927035309993,1.0,0.0
2021-09-05,2021,mean_flow_m3s,all_available,2123.333333333333,2232.11712183878,1.0,0.0
2021-09-06,2021,mean_flow_m3s,all_available,1661.4583333333333,2217.4141283402464,1.0,0.0
2021-09-07,2021,mean_flow_m3s,all_available,1411.0416666666667,2201.0476556325275,1.0,0.0
2021-09-08,2021,mean_flow_m3s,all_available,1161.6666666666667,2182.001283212791,1.0,0.0
2021-09-09,2021,mean_flow_m3s,all_available,1130.0,2159.7025833123084,1.0,0.0
2021-09-10,2021,mean_flow_m3s,all_available,1010.9583333333334,2136.8747248952604,1.0,0.0
2021-09-11,2021,mean_flow_m3s,all_available,892.125,2116.9038753375503,1.0,0.0
2021-09-12,2021,mean_flow_m3s,all_available,822.9791666666666,2100.201238145376,1.0,0.0
2021-09-13,2021,mean_flow_m3s,all_available,715.3125,2088.491353571689,1.0,0.0
2021-09-14,2021,mean_flow_m3s,all_available,666.0,2080.2503734963307,1.0,0.0
2021-09-15,2021,mean_flow_m3s,all_available,632.5,2075.5756313395977,1.0,0.0
2021-09-16,2021,mean_flow_m3s,all_available,546.4791666666666,2073.957557522289,1.0,0.0
2021-09-17,2021,mean_flow_m3s,all_available,523.4791666666666,2074.1191505913857,1.0,0.0
2021-09-18,2021,mean_flow_m3s,all_available,604.0625,2075.0124271336076,1.0,0.0
2021-09-19,2021,mean_flow_m3s,all_available,1096.9166666666667,2075.8598678328185,1.0,0.0
2021-09-20,2021,mean_flow_m3s,all_available,1782.5,2076.3848288474487,1.0,0.0
2021-09-21,2021,mean_flow_m3s,all_available,2730.833333333333,2077.6839430952523,1.0,0.0
2021-09-22,2021,mean_flow_m3s,all_available,3604.1666666666665,2078.126124137241,1.0,0.0
2021-09-23,2021,mean_flow_m3s,all_available,3389.583333333333,2076.2186623939397,1.0,0.0
2021-09-24,2021,mean_flow_m3s,all_available,3053.958333333333,2071.763591679201,1.0,0.0
2021-09-25,2021,mean_flow_m3s,all_available,2624.7916666666665,2064.8488782635623,1.0,0.0
2021-09-26,2021,mean_flow_m3s,all_available,2546.0416666666665,2058.2035185397776,1.0,0.0
2021-09-27,2021,mean_flow_m3s,all_available,2549.375,2053.192277305799,1.0,0.0
2021-09-28,2021,mean_flow_m3s,all_available,3077.083333333333,2047.8361999806384,1.0,0.0
2021-09-29,2021,mean_flow_m3s,all_available,4285.833333333333,2039.4521304471757,1.0,0.0
2021-09-30,2021,mean_flow_m3s,all_available,4818.333333333333,2028.3092563273428,1.0,0.0
2021-10-01,2021,mean_flow_m3s,all_available,4755.833333333333,2015.177694700301,1.0,0.0
2021-10-02,2021,mean_flow_m3s,all_available,4913.125,1999.5661939574372,1.0,0.0
2021-10-03,2021,mean_flow_m3s,all_available,4919.166666666667,1982.3896958025757,1.0,0.0
2021-10-04,2021,mean_flow_m3s,all_available,4964.583333333333,1963.4119095006374,1.0,0.0
2021-10-05,2021,mean_flow_m3s,all_available,4959.791666666667,1943.270032045022,1.0,0.0
2021-10-06,2021,mean_flow_m3s,all_available,4919.166666666667,1922.1013722573987,1.0,0.0
2021-10-07,2021,mean_flow_m3s,all_available,4881.666666666667,1899.072744997104,1.0,0.0
2021-10-08,2021,mean_flow_m3s,all_available,4845.208333333333,1873.6209144616664,1.0,0.0
2021-10-09,2021,mean_flow_m3s,all_available,4840.0,1845.6088159893188,1.0,0.0
2021-10-10,2021,mean_flow_m3s,all_available,4818.75,1815.586444819852,1.0,0.0
2021-10-11,2021,mean_flow_m3s,all_available,4832.5,1783.6788371381033,1.0,0.0
2021-10-12,2021,mean_flow_m3s,all_available,4831.875,1748.4068673832826,1.0,0.0
2021-10-13,2021,mean_flow_m3s,all_available,4829.583333333333,1709.6006192406685,1.0,0.0
2021-10-14,2021,mean_flow_m3s,all_available,4800.625,1665.991230935874,1.0,0.0
2021-10-15,2021,mean_flow_m3s,all_available,4799.375,1619.724568344408,1.0,0.0
2021-10-16,2021,mean_flow_m3s,all_available,4792.291666666667,1570.5727472194371,1.0,0.0
2021-10-17,2021,mean_flow_m3s,all_available,4803.958333333333,1519.858209220315,1.0,0.0
2021-10-18,2021,mean_flow_m3s,all_available,4762.5,1468.160427397286,1.0,0.0
2021-10-19,2021,mean_flow_m3s,all_available,4731.041666666667,1415.807702617479,1.0,0.0
2021-10-20,2021,mean_flow_m3s,all_available,4777.083333333333,1363.1406313083787,1.0,0.0
2021-10-21,2021,mean_flow_m3s,all_available,4784.375,1309.598140593084,1.0,0.0
2021-10-22,2021,mean_flow_m3s,all_available,4379.791666666667,1255.9354216371225,1.0,0.0
2021-10-23,2021,mean_flow_m3s,all_available,3192.5,1204.2881552555953,1.0,0.0
2021-10-24,2021,mean_flow_m3s,all_available,2416.6666666666665,1155.464537338519,1.0,0.0
2021-10-25,2021,mean_flow_m3s,all_available,1989.1666666666667,1109.1686014623274,1.0,0.0
2021-10-26,2021,mean_flow_m3s,all_available,1868.9583333333333,1065.6892606280064,1.0,0.0
2021-10-27,2021,mean_flow_m3s,all_available,1816.4583333333333,1024.3055960680383,1.0,0.0
2021-10-28,2021,mean_flow_m3s,all_available,1767.5,985.4481164872889,1.0,0.0
2021-10-29,2021,mean_flow_m3s,all_available,1738.125,949.9335926752273,1.0,0.0
2021-10-30,2021,mean_flow_m3s,all_available,1833.5416666666667,918.7889767584326,1.0,0.0
2021-10-31,2021,mean_flow_m3s,all_available,2199.7916666666665,890.1980023008098,1.0,0.0
2021-11-01,2021,mean_flow_m3s,all_available,2383.125,863.8014884123643,1.0,0.0
2021-11-02,2021,mean_flow_m3s,all_available,2222.9166666666665,839.0748147590616,1.0,0.0
2021-11-03,2021,mean_flow_m3s,all_available,1647.5,815.8960681870172,1.0,0.0
2021-11-04,2021,mean_flow_m3s,all_available,1743.125,795.1743114732475,1.0,0.0
2021-11-05,2021,mean_flow_m3s,all_available,2026.6666666666667,776.0658644502357,1.0,0.0
2021-11-06,2021,mean_flow_m3s,all_available,2150.208333333333,759.037924109255,1.0,0.0
2021-11-07,2021,mean_flow_m3s,all_available,2321.25,743.408496752816,1.0,0.0
2021-11-08,2021,mean_flow_m3s,all_available,2381.6666666666665,731.387948195174,1.0,0.0
2021-11-09,2021,mean_flow_m3s,all_available,2300.625,721.1781610857602,1.0,0.0
2021-11-10,2021,mean_flow_m3s,all_available,2227.9166666666665,710.6627616862459,1.0,0.0
2021-11-11,2021,mean_flow_m3s,all_available,2166.25,700.3315121370963,1.0,0.0
2021-11-12,2021,mean_flow_m3s,all_available,2108.75,690.8330131564493,1.0,0.0
2021-11-13,2021,mean_flow_m3s,all_available,2136.25,682.0545051469517,1.0,0.0
2021-11-14,2021,mean_flow_m3s,all_available,2162.708333333333,674.081357455958,1.0,0.0
2021-11-15,2021,mean_flow_m3s,all_available,2005.625,666.7257907370644,1.0,0.0
2021-11-16,2021,mean_flow_m3s,all_available,1720.0,662.0816181843787,1.0,0.0
2021-11-17,2021,mean_flow_m3s,all_available,1558.9583333333333,657.4573172327222,1.0,0.0
2021-11-18,2021,mean_flow_m3s,all_available,1619.7916666666667,652.7953750503596,1.0,0.0
2021-11-19,2021,mean_flow_m3s,all_available,1577.7083333333333,648.6518445916264,1.0,0.0
2021-11-20,2021,mean_flow_m3s,all_available,1452.2916666666667,644.8878944391296,1.0,0.0
2021-11-21,2021,mean_flow_m3s,all_available,1436.0416666666667,641.6047182202716,1.0,0.0
2021-11-22,2021,mean_flow_m3s,all_available,1388.125,638.3704277767091,1.0,0.0
2021-11-23,2021,mean_flow_m3s,all_available,1349.7916666666667,635.1419158762834,1.0,0.0
2021-11-24,2021,mean_flow_m3s,all_available,1364.375,631.9090605919234,1.0,0.0
2021-11-25,2021,mean_flow_m3s,all_available,1330.0,628.3487954216943,1.0,0.0
2021-11-26,2021,mean_flow_m3s,all_available,1372.0833333333333,624.5190522168244,1.0,0.0
2021-11-27,2021,mean_flow_m3s,all_available,1402.9166666666667,620.3235687807988,1.0,0.0
2021-11-28,2021,mean_flow_m3s,all_available,1399.1666666666667,615.7287934501076,1.0,0.0
2021-11-29,2021,mean_flow_m3s,all_available,1352.9166666666667,610.5414779669791,1.0,0.0
2021-11-30,2021,mean_flow_m3s,all_available,1336.875,604.7670303871668,1.0,0.0
2021-12-01,2021,mean_flow_m3s,all_available,1338.125,598.610015318105,1.0,0.0
2021-12-02,2021,mean_flow_m3s,all_available,1305.4166666666667,592.146526147407,1.0,0.0
2021-12-03,2021,mean_flow_m3s,all_available,1135.4166666666667,586.1568780416137,1.0,0.0
2021-12-04,2021,mean_flow_m3s,all_available,1038.0,579.7898180071772,1.0,0.0
2021-12-05,2021,mean_flow_m3s,all_available,947.1666666666666,572.9203009948918,1.0,0.0
2021-12-06,2021,mean_flow_m3s,all_available,986.4375,565.8112056293985,1.0,0.0
2021-12-07,2021,mean_flow_m3s,all_available,933.0833333333334,558.349076360285,1.0,0.0
2021-12-08,2021,mean_flow_m3s,all_available,861.0416666666666,550.8292627534648,1.0,0.0
2021-12-09,2021,mean_flow_m3s,all_available,841.3541666666666,541.5258891739052,1.0,0.0
2021-12-10,2021,mean_flow_m3s,all_available,811.25,532.6968599996012,1.0,0.0
2021-12-11,2021,mean_flow_m3s,all_available,865.4375,525.8541578486959,1.0,0.0
2021-12-12,2021,mean_flow_m3s,all_available,917.3125,519.8543598703894,1.0,0.0
2021-12-13,2021,mean_flow_m3s,all_available,910.2916666666666,514.511149893149,1.0,0.0
2021-12-14,2021,mean_flow_m3s,all_available,867.6041666666666,509.06899333263436,1.0,0.0
2021-12-15,2021,mean_flow_m3s,all_available,851.5416666666666,504.201631566109,1.0,0.0
2021-12-16,2021,mean_flow_m3s,all_available,909.8125,500.459375648341,1.0,0.0
2021-12-17,2021,mean_flow_m3s,all_available,985.2291666666666,495.76359656153613,1.0,0.0
2021-12-18,2021,mean_flow_m3s,all_available,1064.375,492.0029365723842,1.0,0.0
2021-12-19,2021,mean_flow_m3s,all_available,1061.6666666666667,489.3489634365156,1.0,0.0
2021-12-20,2021,mean_flow_m3s,all_available,1059.375,486.7774850706798,1.0,0.0
2021-12-21,2021,mean_flow_m3s,all_available,1040.625,484.52369783918084,1.0,0.0
2021-12-22,2021,mean_flow_m3s,all_available,1051.6666666666667,482.21184631351184,1.0,0.0
2021-12-23,2021,mean_flow_m3s,all_available,1050.625,479.9892823993388,1.0,0.0
2021-12-24,2021,mean_flow_m3s,all_available,1169.1666666666667,477.7489315184944,1.0,0.0
2021-12-25,2021,mean_flow_m3s,all_available,1157.9166666666667,475.65150935492704,1.0,0.0
2021-12-26,2021,mean_flow_m3s,all_available,1176.0416666666667,473.47160588539913,1.0,0.0
2021-12-27,2021,mean_flow_m3s,all_available,1173.5416666666667,470.7051269654568,1.0,0.0
2021-12-28,2021,mean_flow_m3s,all_available,1119.5833333333333,467.23720268548243,1.0,0.0
2021-12-29,2021,mean_flow_m3s,all_available,1108.75,463.3012149679807,1.0,0.0
2021-12-30,2021,mean_flow_m3s,all_available,1092.9166666666667,459.0889190938556,1.0,0.0
2021-12-31,2021,mean_flow_m3s,all_available,1091.6666666666667,454.4293048773393,1.0,0.0
2019-01-01,2019,mean_flow_m3s,exclude_2016_2017,384.2291666666667,368.81157235521175,1.0,0.0
2019-01-02,2019,mean_flow_m3s,exclude_2016_2017,368.2291666666667,368.64845708845934,1.0,0.0
2019-01-03,2019,mean_flow_m3s,exclude_2016_2017,355.8125,368.94447047107104,1.0,0.0
2019-01-04,2019,mean_flow_m3s,exclude_2016_2017,347.3125,369.8953646879747,1.0,0.0
2019-01-05,2019,mean_flow_m3s,exclude_2016_2017,335.125,370.9082794224851,1.0,0.0
2019-01-06,2019,mean_flow_m3s,exclude_2016_2017,352.3541666666667,372.36997850421125,1.0,0.0
2019-01-07,2019,mean_flow_m3s,exclude_2016_2017,342.3541666666667,374.3639726060749,1.0,0.0
2019-01-08,2019,mean_flow_m3s,exclude_2016_2017,330.0833333333333,376.4606806327843,1.0,0.0
2019-01-09,2019,mean_flow_m3s,exclude_2016_2017,319.0,379.21282620833233,1.0,0.0
2019-01-10,2019,mean_flow_m3s,exclude_2016_2017,317.75,382.4902184681171,1.0,0.0
2019-01-11,2019,mean_flow_m3s,exclude_2016_2017,318.0,386.0166586534061,1.0,0.0
2019-01-12,2019,mean_flow_m3s,exclude_2016_2017,305.4166666666667,390.07380267284077,1.0,0.0
2019-01-13,2019,mean_flow_m3s,exclude_2016_2017,328.0625,394.1377996541401,1.0,0.0
2019-01-14,2019,mean_flow_m3s,exclude_2016_2017,339.5625,398.4498009477884,1.0,0.0
2019-01-15,2019,mean_flow_m3s,exclude_2016_2017,343.6666666666667,403.12335396284266,1.0,0.0
2019-01-16,2019,mean_flow_m3s,exclude_2016_2017,334.8541666666667,407.81620230989887,1.0,0.0
2019-01-17,2019,mean_flow_m3s,exclude_2016_2017,333.1666666666667,412.97407661181126,1.0,0.0
2019-01-18,2019,mean_flow_m3s,exclude_2016_2017,329.3333333333333,417.7984075988719,1.0,0.0
2019-01-19,2019,mean_flow_m3s,exclude_2016_2017,338.625,422.96190816994647,1.0,0.0
2019-01-20,2019,mean_flow_m3s,exclude_2016_2017,348.1458333333333,428.1473899265195,1.0,0.0
2019-01-21,2019,mean_flow_m3s,exclude_2016_2017,349.7083333333333,433.28634607080727,1.0,0.0
2019-01-22,2019,mean_flow_m3s,exclude_2016_2017,344.8125,438.36417310660204,1.0,0.0
2019-01-23,2019,mean_flow_m3s,exclude_2016_2017,344.4583333333333,443.2845444870908,1.0,0.0
2019-01-24,2019,mean_flow_m3s,exclude_2016_2017,323.3541666666667,448.59297389905055,1.0,0.0
2019-01-25,2019,mean_flow_m3s,exclude_2016_2017,309.3541666666667,454.0456995016362,1.0,0.0
2019-01-26,2019,mean_flow_m3s,exclude_2016_2017,310.0208333333333,458.99529771417434,1.0,0.0
2019-01-27,2019,mean_flow_m3s,exclude_2016_2017,305.0,463.97687045595137,1.0,0.0
2019-01-28,2019,mean_flow_m3s,exclude_2016_2017,299.6458333333333,468.97098163594694,1.0,0.0
2019-01-29,2019,mean_flow_m3s,exclude_2016_2017,297.0,473.66676288623853,1.0,0.0
2019-01-30,2019,mean_flow_m3s,exclude_2016_2017,297.9791666666667,477.73748859813224,1.0,0.0
2019-01-31,2019,mean_flow_m3s,exclude_2016_2017,471.5,481.67757554338044,1.0,0.0
2019-02-01,2019,mean_flow_m3s,exclude_2016_2017,669.9166666666666,485.18685720138086,1.0,0.0
2019-02-02,2019,mean_flow_m3s,exclude_2016_2017,681.6666666666666,488.3662100551037,1.0,0.0
2019-02-03,2019,mean_flow_m3s,exclude_2016_2017,669.4375,491.55084355556045,1.0,0.0
2019-02-04,2019,mean_flow_m3s,exclude_2016_2017,625.8333333333334,493.8133370257664,1.0,0.0
2019-02-05,2019,mean_flow_m3s,exclude_2016_2017,594.9583333333334,495.6208677240331,1.0,0.0
2019-02-06,2019,mean_flow_m3s,exclude_2016_2017,589.5208333333334,497.10269416422267,1.0,0.0
2019-02-07,2019,mean_flow_m3s,exclude_2016_2017,639.6041666666666,497.86818618284474,1.0,0.0
2019-02-08,2019,mean_flow_m3s,exclude_2016_2017,600.8541666666666,497.95931070853374,1.0,0.0
2019-02-09,2019,mean_flow_m3s,exclude_2016_2017,622.625,496.6859199681612,1.0,0.0
2019-02-10,2019,mean_flow_m3s,exclude_2016_2017,672.375,496.06193597352296,1.0,0.0
2019-02-11,2019,mean_flow_m3s,exclude_2016_2017,779.125,494.93201736368724,1.0,0.0
2019-02-12,2019,mean_flow_m3s,exclude_2016_2017,733.3958333333334,493.2376668553368,1.0,0.0
2019-02-13,2019,mean_flow_m3s,exclude_2016_2017,739.75,491.76987056647476,1.0,0.0
2019-02-14,2019,mean_flow_m3s,exclude_2016_2017,736.125,490.3491917037618,1.0,0.0
2019-02-15,2019,mean_flow_m3s,exclude_2016_2017,695.1458333333334,488.8028506539261,1.0,0.0
2019-02-16,2019,mean_flow_m3s,exclude_2016_2017,789.4791666666666,487.32072024012695,1.0,0.0
2019-02-17,2019,mean_flow_m3s,exclude_2016_2017,801.4583333333334,486.4829575755349,1.0,0.0
2019-02-18,2019,mean_flow_m3s,exclude_2016_2017,952.6666666666666,486.5326037720243,1.0,0.0
2019-02-19,2019,mean_flow_m3s,exclude_2016_2017,1194.5833333333333,486.8130610596439,1.0,0.0
2019-02-20,2019,mean_flow_m3s,exclude_2016_2017,992.7291666666666,487.37974810235755,1.0,0.0
2019-02-21,2019,mean_flow_m3s,exclude_2016_2017,956.1041666666666,488.6079125430969,1.0,0.0
2019-02-22,2019,mean_flow_m3s,exclude_2016_2017,943.8333333333334,490.273189544486,1.0,0.0
2019-02-23,2019,mean_flow_m3s,exclude_2016_2017,800.6041666666666,492.71604578668143,1.0,0.0
2019-02-24,2019,mean_flow_m3s,exclude_2016_2017,791.7291666666666,495.88545867859506,1.0,0.0
2019-02-25,2019,mean_flow_m3s,exclude_2016_2017,624.2291666666666,499.597854457628,1.0,0.0
2019-02-26,2019,mean_flow_m3s,exclude_2016_2017,568.875,504.36072313806613,1.0,0.0
2019-02-27,2019,mean_flow_m3s,exclude_2016_2017,600.8333333333334,509.34505752776545,1.0,0.0
2019-02-28,2019,mean_flow_m3s,exclude_2016_2017,563.2708333333334,514.629566778757,1.0,0.0
2019-03-01,2019,mean_flow_m3s,exclude_2016_2017,678.7291666666666,520.2816669277161,1.0,0.0
2019-03-02,2019,mean_flow_m3s,exclude_2016_2017,761.7083333333334,526.5458239698947,1.0,0.0
2019-03-03,2019,mean_flow_m3s,exclude_2016_2017,764.625,532.7800136806816,1.0,0.0
2019-03-04,2019,mean_flow_m3s,exclude_2016_2017,941.1875,539.4004004895475,1.0,0.0
2019-03-05,2019,mean_flow_m3s,exclude_2016_2017,970.9583333333334,546.31029855271,1.0,0.0
2019-03-06,2019,mean_flow_m3s,exclude_2016_2017,925.8125,553.7318299918775,1.0,0.0
2019-03-07,2019,mean_flow_m3s,exclude_2016_2017,865.5208333333334,562.2860966934974,1.0,0.0
2019-03-08,2019,mean_flow_m3s,exclude_2016_2017,843.1875,571.6696219807034,1.0,0.0
2019-03-09,2019,mean_flow_m3s,exclude_2016_2017,828.7708333333334,581.7074344424826,1.0,0.0
2019-03-10,2019,mean_flow_m3s,exclude_2016_2017,908.5625,593.023383329574,1.0,0.0
2019-03-11,2019,mean_flow_m3s,exclude_2016_2017,1009.3333333333334,605.5190972817056,1.0,0.0
2019-03-12,2019,mean_flow_m3s,exclude_2016_2017,1033.3333333333333,619.4688934860251,1.0,0.0
2019-03-13,2019,mean_flow_m3s,exclude_2016_2017,1018.75,633.405022231456,1.0,0.0
2019-03-14,2019,mean_flow_m3s,exclude_2016_2017,1003.0833333333334,648.4352459163349,1.0,0.0
2019-03-15,2019,mean_flow_m3s,exclude_2016_2017,1025.0,664.8843420704155,1.0,0.0
2019-03-16,2019,mean_flow_m3s,exclude_2016_2017,1005.7291666666666,682.0430286692057,1.0,0.0
2019-03-17,2019,mean_flow_m3s,exclude_2016_2017,998.1458333333334,700.1789059267794,1.0,0.0
2019-03-18,2019,mean_flow_m3s,exclude_2016_2017,982.0625,719.294667982632,1.0,0.0
2019-03-19,2019,mean_flow_m3s,exclude_2016_2017,954.3333333333334,739.2549182644284,1.0,0.0
2019-03-20,2019,mean_flow_m3s,exclude_2016_2017,981.1041666666666,759.6589517424596,1.0,0.0
2019-03-21,2019,mean_flow_m3s,exclude_2016_2017,994.875,781.0181001443049,1.0,0.0
2019-03-22,2019,mean_flow_m3s,exclude_2016_2017,1028.3333333333333,803.0482157202451,1.0,0.0
2019-03-23,2019,mean_flow_m3s,exclude_2016_2017,1051.4583333333333,825.630645816356,1.0,0.0
2019-03-24,2019,mean_flow_m3s,exclude_2016_2017,1104.5833333333333,848.5188046582903,1.0,0.0
2019-03-25,2019,mean_flow_m3s,exclude_2016_2017,1142.0833333333333,871.4409065533986,1.0,0.0
2019-03-26,2019,mean_flow_m3s,exclude_2016_2017,1162.7083333333333,893.9671433385546,1.0,0.0
2019-03-27,2019,mean_flow_m3s,exclude_2016_2017,1132.0833333333333,915.8131754631377,1.0,0.0
2019-03-28,2019,mean_flow_m3s,exclude_2016_2017,1136.6666666666667,937.2968889074883,1.0,0.0
2019-03-29,2019,mean_flow_m3s,exclude_2016_2017,1157.7083333333333,958.2647731745728,1.0,0.0
2019-03-30,2019,mean_flow_m3s,exclude_2016_2017,1175.0,978.8001934909688,1.0,0.0
2019-03-31,2019,mean_flow_m3s,exclude_2016_2017,1171.0416666666667,998.6335605828576,1.0,0.0
2019-04-01,2019,mean_flow_m3s,exclude_2016_2017,1188.9583333333333,1017.632471862867,1.0,0.0
2019-04-02,2019,mean_flow_m3s,exclude_2016_2017,1207.2916666666667,1035.525653526898,1.0,0.0
2019-04-03,2019,mean_flow_m3s,exclude_2016_2017,1200.4166666666667,1052.206242985199,1.0,0.0
2019-04-04,2019,mean_flow_m3s,exclude_2016_2017,1184.375,1067.3169245061215,1.0,0.0
2019-04-05,2019,mean_flow_m3s,exclude_2016_2017,1196.25,1080.6268729153796,1.0,0.0
2019-04-06,2019,mean_flow_m3s,exclude_2016_2017,1160.625,1091.2739842276358,1.0,0.0
2019-04-07,2019,mean_flow_m3s,exclude_2016_2017,1135.625,1099.8649490012867,1.0,0.0
2019-04-08,2019,mean_flow_m3s,exclude_2016_2017,1131.0416666666667,1106.9069272640481,1.0,0.0
2019-04-09,2019,mean_flow_m3s,exclude_2016_2017,1129.5833333333333,1112.5633206571715,1.0,0.0
2019-04-10,2019,mean_flow_m3s,exclude_2016_2017,1160.625,1116.7530474801179,1.0,0.0
2019-04-11,2019,mean_flow_m3s,exclude_2016_2017,1176.6666666666667,1119.3676598656648,1.0,0.0
2019-04-12,2019,mean_flow_m3s,exclude_2016_2017,1156.6666666666667,1120.5815770770419,1.0,0.0
2019-04-13,2019,mean_flow_m3s,exclude_2016_2017,1157.2916666666667,1120.271957873803,1.0,0.0
2019-04-14,2019,mean_flow_m3s,exclude_2016_2017,1165.625,1118.473411908494,1.0,0.0
2019-04-15,2019,mean_flow_m3s,exclude_2016_2017,1153.5416666666667,1115.5351006638305,1.0,0.0
2019-04-16,2019,mean_flow_m3s,exclude_2016_2017,1143.3333333333333,1112.1550189287564,1.0,0.0
2019-04-17,2019,mean_flow_m3s,exclude_2016_2017,1124.5833333333333,1108.6462140715694,1.0,0.0
2019-04-18,2019,mean_flow_m3s,exclude_2016_2017,1094.7916666666667,1105.3960617518912,1.0,0.0
2019-04-19,2019,mean_flow_m3s,exclude_2016_2017,1081.6666666666667,1102.4032710088034,1.0,0.0
2019-04-20,2019,mean_flow_m3s,exclude_2016_2017,1096.6666666666667,1099.6176016468187,1.0,0.0
2019-04-21,2019,mean_flow_m3s,exclude_2016_2017,1097.9166666666667,1096.8662488117611,1.0,0.0
2019-04-22,2019,mean_flow_m3s,exclude_2016_2017,1103.5416666666667,1094.7646646334983,1.0,0.0
2019-04-23,2019,mean_flow_m3s,exclude_2016_2017,1145.2083333333333,1093.6818797300355,1.0,0.0
2019-04-24,2019,mean_flow_m3s,exclude_2016_2017,1223.75,1093.6640823494024,1.0,0.0
2019-04-25,2019,mean_flow_m3s,exclude_2016_2017,1206.0416666666667,1094.7949956406355,1.0,0.0
2019-04-26,2019,mean_flow_m3s,exclude_2016_2017,1205.625,1096.8388844659326,1.0,0.0
2019-04-27,2019,mean_flow_m3s,exclude_2016_2017,1246.25,1099.734726968639,1.0,0.0
2019-04-28,2019,mean_flow_m3s,exclude_2016_2017,1175.2083333333333,1103.5287474633426,1.0,0.0
2019-04-29,2019,mean_flow_m3s,exclude_2016_2017,1182.7083333333333,1107.8246462460793,1.0,0.0
2019-04-30,2019,mean_flow_m3s,exclude_2016_2017,1152.9166666666667,1112.3793448871895,1.0,0.0
2019-05-01,2019,mean_flow_m3s,exclude_2016_2017,1117.2916666666667,1117.537068325246,1.0,0.0
2019-05-02,2019,mean_flow_m3s,exclude_2016_2017,1103.5416666666667,1123.6554883298888,1.0,0.0
2019-05-03,2019,mean_flow_m3s,exclude_2016_2017,1083.75,1130.2988454139836,1.0,0.0
2019-05-04,2019,mean_flow_m3s,exclude_2016_2017,1133.5416666666667,1137.7408467273033,1.0,0.0
2019-05-05,2019,mean_flow_m3s,exclude_2016_2017,1164.1666666666667,1146.3158539661579,1.0,0.0
2019-05-06,2019,mean_flow_m3s,exclude_2016_2017,1190.0,1156.0404870576579,1.0,0.0
2019-05-07,2019,mean_flow_m3s,exclude_2016_2017,1220.0,1166.749988207592,1.0,0.0
2019-05-08,2019,mean_flow_m3s,exclude_2016_2017,1215.625,1177.2721528341422,1.0,0.0
2019-05-09,2019,mean_flow_m3s,exclude_2016_2017,1195.625,1188.77030628943,1.0,0.0
2019-05-10,2019,mean_flow_m3s,exclude_2016_2017,1128.125,1201.5951257359372,1.0,0.0
2019-05-11,2019,mean_flow_m3s,exclude_2016_2017,1105.4166666666667,1215.352582368942,1.0,0.0
2019-05-12,2019,mean_flow_m3s,exclude_2016_2017,1190.2083333333333,1230.7656104636815,1.0,0.0
2019-05-13,2019,mean_flow_m3s,exclude_2016_2017,1220.8333333333333,1247.7878498078032,1.0,0.0
2019-05-14,2019,mean_flow_m3s,exclude_2016_2017,1253.3333333333333,1266.8326945468086,1.0,0.0
2019-05-15,2019,mean_flow_m3s,exclude_2016_2017,1255.625,1287.7507449904633,1.0,0.0
2019-05-16,2019,mean_flow_m3s,exclude_2016_2017,1256.0416666666667,1310.207033744441,1.0,0.0
2019-05-17,2019,mean_flow_m3s,exclude_2016_2017,1215.8333333333333,1333.369877809927,1.0,0.0
2019-05-18,2019,mean_flow_m3s,exclude_2016_2017,1222.7083333333333,1356.6723847354813,1.0,0.0
2019-05-19,2019,mean_flow_m3s,exclude_2016_2017,1238.9583333333333,1380.2943672063082,1.0,0.0
2019-05-20,2019,mean_flow_m3s,exclude_2016_2017,1221.875,1404.0841148033905,1.0,0.0
2019-05-21,2019,mean_flow_m3s,exclude_2016_2017,1174.7916666666667,1428.201169869531,1.0,0.0
2019-05-22,2019,mean_flow_m3s,exclude_2016_2017,1150.0,1452.1702768009511,1.0,0.0
2019-05-23,2019,mean_flow_m3s,exclude_2016_2017,1143.75,1475.0111576169174,1.0,0.0
2019-05-24,2019,mean_flow_m3s,exclude_2016_2017,1133.3333333333333,1496.4297468058328,1.0,0.0
2019-05-25,2019,mean_flow_m3s,exclude_2016_2017,1148.9583333333333,1516.9379226699439,1.0,0.0
2019-05-26,2019,mean_flow_m3s,exclude_2016_2017,1321.6666666666667,1536.1481987190036,1.0,0.0
2019-05-27,2019,mean_flow_m3s,exclude_2016_2017,1406.875,1553.5843037325087,1.0,0.0
2019-05-28,2019,mean_flow_m3s,exclude_2016_2017,1385.8333333333333,1569.1581853696089,1.0,0.0
2019-05-29,2019,mean_flow_m3s,exclude_2016_2017,1360.4166666666667,1582.1316998478012,1.0,0.0
2019-05-30,2019,mean_flow_m3s,exclude_2016_2017,1292.5,1593.0613525628441,1.0,0.0
2019-05-31,2019,mean_flow_m3s,exclude_2016_2017,1316.0416666666667,1601.8018816257031,1.0,0.0
2019-06-01,2019,mean_flow_m3s,exclude_2016_2017,1293.9583333333333,1608.0273396338187,1.0,0.0
2019-06-02,2019,mean_flow_m3s,exclude_2016_2017,1275.8333333333333,1611.5780101665052,1.0,0.0
2019-06-03,2019,mean_flow_m3s,exclude_2016_2017,1201.6666666666667,1613.2606072572687,1.0,0.0
2019-06-04,2019,mean_flow_m3s,exclude_2016_2017,1236.0416666666667,1613.0363750846168,1.0,0.0
2019-06-05,2019,mean_flow_m3s,exclude_2016_2017,1245.4166666666667,1611.2766123714198,1.0,0.0
2019-06-06,2019,mean_flow_m3s,exclude_2016_2017,1252.2916666666667,1608.2273822510956,1.0,0.0
2019-06-07,2019,mean_flow_m3s,exclude_2016_2017,1265.4166666666667,1604.2565307525144,1.0,0.0
2019-06-08,2019,mean_flow_m3s,exclude_2016_2017,1204.375,1600.1842517386867,1.0,0.0
2019-06-09,2019,mean_flow_m3s,exclude_2016_2017,1018.9583333333334,1594.9761265328386,1.0,0.0
2019-06-10,2019,mean_flow_m3s,exclude_2016_2017,1201.875,1588.6299309215158,1.0,0.0
2019-06-11,2019,mean_flow_m3s,exclude_2016_2017,1326.25,1582.328099702722,1.0,0.0
2019-06-12,2019,mean_flow_m3s,exclude_2016_2017,1211.25,1575.6720365284255,1.0,0.0
2019-06-13,2019,mean_flow_m3s,exclude_2016_2017,1241.0416666666667,1569.0028637715682,1.0,0.0
2019-06-14,2019,mean_flow_m3s,exclude_2016_2017,1199.5833333333333,1562.4938783135217,1.0,0.0
2019-06-15,2019,mean_flow_m3s,exclude_2016_2017,1161.25,1556.20090132116,1.0,0.0
2019-06-16,2019,mean_flow_m3s,exclude_2016_2017,1177.2916666666667,1548.2168680822108,1.0,0.0
2019-06-17,2019,mean_flow_m3s,exclude_2016_2017,1128.125,1539.3565675235918,1.0,0.0
2019-06-18,2019,mean_flow_m3s,exclude_2016_2017,1202.9166666666667,1530.2842753646764,1.0,0.0
2019-06-19,2019,mean_flow_m3s,exclude_2016_2017,1180.8333333333333,1521.6585684882912,1.0,0.0
2019-06-20,2019,mean_flow_m3s,exclude_2016_2017,1225.8333333333333,1513.8670422885803,1.0,0.0
2019-06-21,2019,mean_flow_m3s,exclude_2016_2017,1186.4583333333333,1514.645038624716,1.0,0.0
2019-06-22,2019,mean_flow_m3s,exclude_2016_2017,1273.5416666666667,1520.024176899067,1.0,0.0
2019-06-23,2019,mean_flow_m3s,exclude_2016_2017,1699.375,1528.343430358296,1.0,0.0
2019-06-24,2019,mean_flow_m3s,exclude_2016_2017,2576.25,1546.7423749237269,1.0,0.0
2019-06-25,2019,mean_flow_m3s,exclude_2016_2017,3318.75,1569.7603691695876,1.0,0.0
2019-06-26,2019,mean_flow_m3s,exclude_2016_2017,3522.5,1594.7676252303822,1.0,0.0
2019-06-27,2019,mean_flow_m3s,exclude_2016_2017,3398.75,1624.5397325532422,1.0,0.0
2019-06-28,2019,mean_flow_m3s,exclude_2016_2017,3391.25,1659.1757800287057,1.0,0.0
2019-06-29,2019,mean_flow_m3s,exclude_2016_2017,3522.083333333333,1699.027516793807,1.0,0.0
2019-06-30,2019,mean_flow_m3s,exclude_2016_2017,3570.833333333333,1750.2597447965275,1.0,0.0
2019-07-01,2019,mean_flow_m3s,exclude_2016_2017,3587.5,1808.3588304816742,1.0,0.0
2019-07-02,2019,mean_flow_m3s,exclude_2016_2017,3524.1666666666665,1871.9849322335765,1.0,0.0
2019-07-03,2019,mean_flow_m3s,exclude_2016_2017,3538.958333333333,1944.221775602624,1.0,0.0
2019-07-04,2019,mean_flow_m3s,exclude_2016_2017,3346.0416666666665,2022.6493113209906,1.0,0.0
2019-07-05,2019,mean_flow_m3s,exclude_2016_2017,3259.583333333333,2105.268328284463,1.0,0.0
2019-07-06,2019,mean_flow_m3s,exclude_2016_2017,3182.083333333333,2191.6613142132665,1.0,0.0
2019-07-07,2019,mean_flow_m3s,exclude_2016_2017,3141.0416666666665,2279.688959102944,1.0,0.0
2019-07-08,2019,mean_flow_m3s,exclude_2016_2017,3149.583333333333,2367.390047035363,1.0,0.0
2019-07-09,2019,mean_flow_m3s,exclude_2016_2017,3358.333333333333,2450.658041707865,1.0,0.0
2019-07-10,2019,mean_flow_m3s,exclude_2016_2017,3445.4166666666665,2526.787696520718,1.0,0.0
2019-07-11,2019,mean_flow_m3s,exclude_2016_2017,3580.625,2597.474067090427,1.0,0.0
2019-07-12,2019,mean_flow_m3s,exclude_2016_2017,3375.0,2659.5887352986,1.0,0.0
2019-07-13,2019,mean_flow_m3s,exclude_2016_2017,3005.625,2711.339459844713,1.0,0.0
2019-07-14,2019,mean_flow_m3s,exclude_2016_2017,2585.208333333333,2751.3035412870368,1.0,0.0
2019-07-15,2019,mean_flow_m3s,exclude_2016_2017,2511.25,2778.5015140410383,1.0,0.0
2019-07-16,2019,mean_flow_m3s,exclude_2016_2017,2340.208333333333,2792.678613026723,1.0,0.0
2019-07-17,2019,mean_flow_m3s,exclude_2016_2017,2165.4166666666665,2794.098215283285,1.0,0.0
2019-07-18,2019,mean_flow_m3s,exclude_2016_2017,2265.833333333333,2781.1830312873294,1.0,0.0
2019-07-19,2019,mean_flow_m3s,exclude_2016_2017,2630.0,2753.5845869142104,1.0,0.0
2019-07-20,2019,mean_flow_m3s,exclude_2016_2017,2751.458333333333,2710.7334081330805,1.0,0.0
2019-07-21,2019,mean_flow_m3s,exclude_2016_2017,2784.1666666666665,2655.0717746833516,1.0,0.0
2019-07-22,2019,mean_flow_m3s,exclude_2016_2017,2698.5416666666665,2580.525943646423,1.0,0.0
2019-07-23,2019,mean_flow_m3s,exclude_2016_2017,2302.5,2497.4493536524656,1.0,0.0
2019-07-24,2019,mean_flow_m3s,exclude_2016_2017,2498.333333333333,2409.5672750846543,1.0,0.0
2019-07-25,2019,mean_flow_m3s,exclude_2016_2017,2727.708333333333,2311.920263277927,1.0,0.0
2019-07-26,2019,mean_flow_m3s,exclude_2016_2017,2721.0416666666665,2213.201988084829,1.0,0.0
2019-07-27,2019,mean_flow_m3s,exclude_2016_2017,3011.458333333333,2117.3323532108043,1.0,0.0
2019-07-28,2019,mean_flow_m3s,exclude_2016_2017,3201.875,2025.0266048937094,1.0,0.0
2019-07-29,2019,mean_flow_m3s,exclude_2016_2017,2729.7916666666665,1936.982346182819,1.0,0.0
2019-07-30,2019,mean_flow_m3s,exclude_2016_2017,2395.833333333333,1858.6585457457395,1.0,0.0
2019-07-31,2019,mean_flow_m3s,exclude_2016_2017,2343.125,1785.9035002322746,1.0,0.0
2019-08-01,2019,mean_flow_m3s,exclude_2016_2017,2723.333333333333,1716.331683005611,1.0,0.0
2019-08-02,2019,mean_flow_m3s,exclude_2016_2017,2702.708333333333,1657.237794343629,1.0,0.0
2019-08-03,2019,mean_flow_m3s,exclude_2016_2017,2173.958333333333,1606.3608126246322,1.0,0.0
2019-08-04,2019,mean_flow_m3s,exclude_2016_2017,1497.5,1566.929931460515,1.0,0.0
2019-08-05,2019,mean_flow_m3s,exclude_2016_2017,1474.1666666666667,1536.8524766264213,1.0,0.0
2019-08-06,2019,mean_flow_m3s,exclude_2016_2017,1455.4166666666667,1513.8705803321345,1.0,0.0
2019-08-07,2019,mean_flow_m3s,exclude_2016_2017,2124.375,1498.1299740392444,1.0,0.0
2019-08-08,2019,mean_flow_m3s,exclude_2016_2017,3406.6666666666665,1488.6588149615375,1.0,0.0
2019-08-09,2019,mean_flow_m3s,exclude_2016_2017,4079.5833333333335,1490.9139309291636,1.0,0.0
2019-08-10,2019,mean_flow_m3s,exclude_2016_2017,4158.333333333333,1504.4911170010653,1.0,0.0
2019-08-11,2019,mean_flow_m3s,exclude_2016_2017,3548.75,1520.6142574732476,1.0,0.0
2019-08-12,2019,mean_flow_m3s,exclude_2016_2017,1466.6666666666667,1540.6664562338858,1.0,0.0
2019-08-13,2019,mean_flow_m3s,exclude_2016_2017,987.875,1564.4221371937374,1.0,0.0
2019-08-14,2019,mean_flow_m3s,exclude_2016_2017,825.25,1591.312053821647,1.0,0.0
2019-08-15,2019,mean_flow_m3s,exclude_2016_2017,579.0625,1619.411424236144,1.0,0.0
2019-08-16,2019,mean_flow_m3s,exclude_2016_2017,458.75,1646.1092629906182,1.0,0.0
2019-08-17,2019,mean_flow_m3s,exclude_2016_2017,433.4583333333333,1671.7849160661583,1.0,0.0
2019-08-18,2019,mean_flow_m3s,exclude_2016_2017,442.0,1696.5096029328877,1.0,0.0
2019-08-19,2019,mean_flow_m3s,exclude_2016_2017,514.2291666666666,1719.0506365499778,1.0,0.0
2019-08-20,2019,mean_flow_m3s,exclude_2016_2017,497.625,1741.9529994737775,1.0,0.0
2019-08-21,2019,mean_flow_m3s,exclude_2016_2017,470.7291666666667,1761.6643727605115,1.0,0.0
2019-08-22,2019,mean_flow_m3s,exclude_2016_2017,445.4375,1781.0466194390149,1.0,0.0
2019-08-23,2019,mean_flow_m3s,exclude_2016_2017,433.2083333333333,1796.3109659580546,1.0,0.0
2019-08-24,2019,mean_flow_m3s,exclude_2016_2017,459.9375,1808.6462145950104,1.0,0.0
2019-08-25,2019,mean_flow_m3s,exclude_2016_2017,448.75,1817.4743716016653,1.0,0.0
2019-08-26,2019,mean_flow_m3s,exclude_2016_2017,435.0833333333333,1821.5624384614252,1.0,0.0
2019-08-27,2019,mean_flow_m3s,exclude_2016_2017,480.3125,1820.3524401195775,1.0,0.0
2019-08-28,2019,mean_flow_m3s,exclude_2016_2017,461.6458333333333,1811.841378716354,1.0,0.0
2019-08-29,2019,mean_flow_m3s,exclude_2016_2017,465.7708333333333,1796.9425895466172,1.0,0.0
2019-08-30,2019,mean_flow_m3s,exclude_2016_2017,445.8125,1773.6243116068167,1.0,0.0
2019-08-31,2019,mean_flow_m3s,exclude_2016_2017,450.1875,1743.999537784046,1.0,0.0
2019-09-01,2019,mean_flow_m3s,exclude_2016_2017,553.8958333333334,1717.8760306502688,1.0,0.0
2019-09-02,2019,mean_flow_m3s,exclude_2016_2017,564.75,1693.5244739090656,1.0,0.0
2019-09-03,2019,mean_flow_m3s,exclude_2016_2017,776.5416666666666,1670.5384247781358,1.0,0.0
2019-09-04,2019,mean_flow_m3s,exclude_2016_2017,1216.4375,1648.9573436969858,1.0,0.0
2019-09-05,2019,mean_flow_m3s,exclude_2016_2017,1286.0416666666667,1632.9251647845074,1.0,0.0
2019-09-06,2019,mean_flow_m3s,exclude_2016_2017,1082.9166666666667,1624.1619858472557,1.0,0.0
2019-09-07,2019,mean_flow_m3s,exclude_2016_2017,1057.9166666666667,1623.5674455779172,1.0,0.0
2019-09-08,2019,mean_flow_m3s,exclude_2016_2017,961.375,1631.2720411493854,1.0,0.0
2019-09-09,2019,mean_flow_m3s,exclude_2016_2017,986.125,1643.9216928363812,1.0,0.0
2019-09-10,2019,mean_flow_m3s,exclude_2016_2017,994.4583333333334,1665.3051205656443,1.0,0.0
2019-09-11,2019,mean_flow_m3s,exclude_2016_2017,1237.9166666666667,1700.694226479723,1.0,0.0
2019-09-12,2019,mean_flow_m3s,exclude_2016_2017,1309.375,1747.9305533112786,1.0,0.0
2019-09-13,2019,mean_flow_m3s,exclude_2016_2017,1237.5,1805.977745166571,1.0,0.0
2019-09-14,2019,mean_flow_m3s,exclude_2016_2017,1207.0833333333333,1873.6219888150003,1.0,0.0
2019-09-15,2019,mean_flow_m3s,exclude_2016_2017,1424.75,1951.1860544202007,1.0,0.0
2019-09-16,2019,mean_flow_m3s,exclude_2016_2017,2460.208333333333,2038.6708273751829,1.0,0.0
2019-09-17,2019,mean_flow_m3s,exclude_2016_2017,2888.125,2132.893633956478,1.0,0.0
2019-09-18,2019,mean_flow_m3s,exclude_2016_2017,3460.833333333333,2230.8321618228442,1.0,0.0
2019-09-19,2019,mean_flow_m3s,exclude_2016_2017,3875.4166666666665,2329.6391348191382,1.0,0.0
2019-09-20,2019,mean_flow_m3s,exclude_2016_2017,3742.2916666666665,2423.3242069426947,1.0,0.0
2019-09-21,2019,mean_flow_m3s,exclude_2016_2017,3725.4166666666665,2513.4691538772836,1.0,0.0
2019-09-22,2019,mean_flow_m3s,exclude_2016_2017,3754.5833333333335,2595.48196467368,1.0,0.0
2019-09-23,2019,mean_flow_m3s,exclude_2016_2017,3823.75,2667.98458763817,1.0,0.0
2019-09-24,2019,mean_flow_m3s,exclude_2016_2017,3199.7916666666665,2729.5432146151165,1.0,0.0
2019-09-25,2019,mean_flow_m3s,exclude_2016_2017,2247.9166666666665,2780.5264114091215,1.0,0.0
2019-09-26,2019,mean_flow_m3s,exclude_2016_2017,1735.2083333333333,2821.598122276611,1.0,0.0
2019-09-27,2019,mean_flow_m3s,exclude_2016_2017,1491.6666666666667,2851.602594160802,1.0,0.0
2019-09-28,2019,mean_flow_m3s,exclude_2016_2017,2090.0,2867.287220995934,1.0,0.0
2019-09-29,2019,mean_flow_m3s,exclude_2016_2017,1999.7916666666667,2868.408416182579,1.0,0.0
2019-09-30,2019,mean_flow_m3s,exclude_2016_2017,2012.2916666666667,2855.2263164313963,1.0,0.0
2019-10-01,2019,mean_flow_m3s,exclude_2016_2017,1775.0,2827.624776557705,1.0,0.0
2019-10-02,2019,mean_flow_m3s,exclude_2016_2017,1501.875,2786.9265647720226,1.0,0.0
2019-10-03,2019,mean_flow_m3s,exclude_2016_2017,1419.375,2731.6458716370025,1.0,0.0
2019-10-04,2019,mean_flow_m3s,exclude_2016_2017,1377.9166666666667,2664.925789987785,1.0,0.0
2019-10-05,2019,mean_flow_m3s,exclude_2016_2017,1444.5833333333333,2589.9356631436026,1.0,0.0
2019-10-06,2019,mean_flow_m3s,exclude_2016_2017,1536.25,2507.3427653707463,1.0,0.0
2019-10-07,2019,mean_flow_m3s,exclude_2016_2017,1613.3333333333333,2418.606678104882,1.0,0.0
2019-10-08,2019,mean_flow_m3s,exclude_2016_2017,1605.2083333333333,2327.073607617074,1.0,0.0
2019-10-09,2019,mean_flow_m3s,exclude_2016_2017,1552.9166666666667,2235.0315916948975,1.0,0.0
2019-10-10,2019,mean_flow_m3s,exclude_2016_2017,1522.0833333333333,2142.5095502830172,1.0,0.0
2019-10-11,2019,mean_flow_m3s,exclude_2016_2017,1738.5416666666667,2049.7927085480164,1.0,0.0
2019-10-12,2019,mean_flow_m3s,exclude_2016_2017,1885.2083333333333,1958.534872172578,1.0,0.0
2019-10-13,2019,mean_flow_m3s,exclude_2016_2017,1808.5416666666667,1871.074330718415,1.0,0.0
2019-10-14,2019,mean_flow_m3s,exclude_2016_2017,1765.0,1788.532411740651,1.0,0.0
2019-10-15,2019,mean_flow_m3s,exclude_2016_2017,1810.4166666666667,1711.6540529447095,1.0,0.0
2019-10-16,2019,mean_flow_m3s,exclude_2016_2017,1940.4166666666667,1640.0808790439849,1.0,0.0
2019-10-17,2019,mean_flow_m3s,exclude_2016_2017,1963.9583333333333,1573.9954709716358,1.0,0.0
2019-10-18,2019,mean_flow_m3s,exclude_2016_2017,1883.75,1513.9571962554164,1.0,0.0
2019-10-19,2019,mean_flow_m3s,exclude_2016_2017,1809.7916666666667,1459.5079310429321,1.0,0.0
2019-10-20,2019,mean_flow_m3s,exclude_2016_2017,1684.5833333333333,1410.199181909494,1.0,0.0
2019-10-21,2019,mean_flow_m3s,exclude_2016_2017,1471.875,1366.5863722247707,1.0,0.0
2019-10-22,2019,mean_flow_m3s,exclude_2016_2017,1278.75,1326.5928431400876,1.0,0.0
2019-10-23,2019,mean_flow_m3s,exclude_2016_2017,956.6458333333334,1290.7279448141219,1.0,0.0
2019-10-24,2019,mean_flow_m3s,exclude_2016_2017,839.0833333333334,1258.8583636154817,1.0,0.0
2019-10-25,2019,mean_flow_m3s,exclude_2016_2017,817.8125,1228.674269159944,1.0,0.0
2019-10-26,2019,mean_flow_m3s,exclude_2016_2017,786.125,1198.5840335143635,1.0,0.0
2019-10-27,2019,mean_flow_m3s,exclude_2016_2017,739.1041666666666,1167.1575499601026,1.0,0.0
2019-10-28,2019,mean_flow_m3s,exclude_2016_2017,763.9375,1135.3209989270792,1.0,0.0
2019-10-29,2019,mean_flow_m3s,exclude_2016_2017,753.3125,1104.7916725355335,1.0,0.0
2019-10-30,2019,mean_flow_m3s,exclude_2016_2017,728.0,1074.921329170888,1.0,0.0
2019-10-31,2019,mean_flow_m3s,exclude_2016_2017,727.0416666666666,1044.6943017096767,1.0,0.0
2019-11-01,2019,mean_flow_m3s,exclude_2016_2017,724.0416666666666,1014.9948405361729,1.0,0.0
2019-11-02,2019,mean_flow_m3s,exclude_2016_2017,713.6041666666666,984.1428489327831,1.0,0.0
2019-11-03,2019,mean_flow_m3s,exclude_2016_2017,694.3541666666666,952.2352253627266,1.0,0.0
2019-11-04,2019,mean_flow_m3s,exclude_2016_2017,679.8333333333334,921.029022927958,1.0,0.0
2019-11-05,2019,mean_flow_m3s,exclude_2016_2017,672.8333333333334,890.636198384004,1.0,0.0
2019-11-06,2019,mean_flow_m3s,exclude_2016_2017,672.8333333333334,862.0656592358678,1.0,0.0
2019-11-07,2019,mean_flow_m3s,exclude_2016_2017,662.8541666666666,835.0515387169379,1.0,0.0
2019-11-08,2019,mean_flow_m3s,exclude_2016_2017,659.8333333333334,808.6590881826609,1.0,0.0
2019-11-09,2019,mean_flow_m3s,exclude_2016_2017,652.0833333333334,782.0952839245779,1.0,0.0
2019-11-10,2019,mean_flow_m3s,exclude_2016_2017,647.1666666666666,757.6289200777192,1.0,0.0
2019-11-11,2019,mean_flow_m3s,exclude_2016_2017,656.9166666666666,734.6649292097817,1.0,0.0
2019-11-12,2019,mean_flow_m3s,exclude_2016_2017,648.8333333333334,713.2017206796677,1.0,0.0
2019-11-13,2019,mean_flow_m3s,exclude_2016_2017,659.5833333333334,693.1656942213867,1.0,0.0
2019-11-14,2019,mean_flow_m3s,exclude_2016_2017,638.7916666666666,674.5737311980535,1.0,0.0
2019-11-15,2019,mean_flow_m3s,exclude_2016_2017,501.1875,657.4280792506938,1.0,0.0
2019-11-16,2019,mean_flow_m3s,exclude_2016_2017,523.1666666666666,641.0684472974995,1.0,0.0
2019-11-17,2019,mean_flow_m3s,exclude_2016_2017,519.1666666666666,625.7303987733293,1.0,0.0
2019-11-18,2019,mean_flow_m3s,exclude_2016_2017,474.5,611.0364447403939,1.0,0.0
2019-11-19,2019,mean_flow_m3s,exclude_2016_2017,489.3541666666667,597.8420016200266,1.0,0.0
2019-11-20,2019,mean_flow_m3s,exclude_2016_2017,462.25,586.3909186926272,1.0,0.0
2019-11-21,2019,mean_flow_m3s,exclude_2016_2017,453.6041666666667,575.8566178739353,1.0,0.0
2019-11-22,2019,mean_flow_m3s,exclude_2016_2017,422.0833333333333,566.6768778551294,1.0,0.0
2019-11-23,2019,mean_flow_m3s,exclude_2016_2017,424.4583333333333,558.4492977844407,1.0,0.0
2019-11-24,2019,mean_flow_m3s,exclude_2016_2017,410.8958333333333,551.7516967870662,1.0,0.0
2019-11-25,2019,mean_flow_m3s,exclude_2016_2017,440.7083333333333,545.9052115285559,1.0,0.0
2019-11-26,2019,mean_flow_m3s,exclude_2016_2017,394.6041666666667,540.9525730799136,1.0,0.0
2019-11-27,2019,mean_flow_m3s,exclude_2016_2017,410.0208333333333,536.7845269047059,1.0,0.0
2019-11-28,2019,mean_flow_m3s,exclude_2016_2017,422.6875,533.6410035675607,1.0,0.0
2019-11-29,2019,mean_flow_m3s,exclude_2016_2017,428.4791666666667,531.4869540436472,1.0,0.0
2019-11-30,2019,mean_flow_m3s,exclude_2016_2017,437.4583333333333,530.0443379328673,1.0,0.0
2019-12-01,2019,mean_flow_m3s,exclude_2016_2017,419.625,528.9022909400755,1.0,0.0
2019-12-02,2019,mean_flow_m3s,exclude_2016_2017,410.5416666666667,527.862402330678,1.0,0.0
2019-12-03,2019,mean_flow_m3s,exclude_2016_2017,418.9375,526.9314205700828,1.0,0.0
2019-12-04,2019,mean_flow_m3s,exclude_2016_2017,454.7083333333333,525.583108166023,1.0,0.0
2019-12-05,2019,mean_flow_m3s,exclude_2016_2017,458.1458333333333,523.7208275768022,1.0,0.0
2019-12-06,2019,mean_flow_m3s,exclude_2016_2017,458.125,521.4043377408531,1.0,0.0
2019-12-07,2019,mean_flow_m3s,exclude_2016_2017,435.3541666666667,518.2677061813736,1.0,0.0
2019-12-08,2019,mean_flow_m3s,exclude_2016_2017,413.5208333333333,514.2442873049677,1.0,0.0
2019-12-09,2019,mean_flow_m3s,exclude_2016_2017,390.25,509.08865077703064,1.0,0.0
2019-12-10,2019,mean_flow_m3s,exclude_2016_2017,394.3958333333333,503.98079311176883,1.0,0.0
2019-12-11,2019,mean_flow_m3s,exclude_2016_2017,380.5,497.42207138105806,1.0,0.0
2019-12-12,2019,mean_flow_m3s,exclude_2016_2017,410.625,489.97501743532854,1.0,0.0
2019-12-13,2019,mean_flow_m3s,exclude_2016_2017,419.5,481.85003399043376,1.0,0.0
2019-12-14,2019,mean_flow_m3s,exclude_2016_2017,439.6875,473.30848918929,1.0,0.0
2019-12-15,2019,mean_flow_m3s,exclude_2016_2017,427.4791666666667,464.299930032819,1.0,0.0
2019-12-16,2019,mean_flow_m3s,exclude_2016_2017,434.9791666666667,454.5589655871006,1.0,0.0
2019-12-17,2019,mean_flow_m3s,exclude_2016_2017,433.3958333333333,445.7429353858764,1.0,0.0
2019-12-18,2019,mean_flow_m3s,exclude_2016_2017,451.2291666666667,436.47501291534394,1.0,0.0
2019-12-19,2019,mean_flow_m3s,exclude_2016_2017,414.3125,427.7582120703469,1.0,0.0
2019-12-20,2019,mean_flow_m3s,exclude_2016_2017,394.0625,419.2475475529013,1.0,0.0
2019-12-21,2019,mean_flow_m3s,exclude_2016_2017,381.8541666666667,411.4433943133807,1.0,0.0
2019-12-22,2019,mean_flow_m3s,exclude_2016_2017,361.3958333333333,404.48497437747506,1.0,0.0
2019-12-23,2019,mean_flow_m3s,exclude_2016_2017,347.2708333333333,397.9135647882858,1.0,0.0
2019-12-24,2019,mean_flow_m3s,exclude_2016_2017,387.6666666666667,392.2221519709177,1.0,0.0
2019-12-25,2019,mean_flow_m3s,exclude_2016_2017,387.7083333333333,386.9550373916027,1.0,0.0
2019-12-26,2019,mean_flow_m3s,exclude_2016_2017,384.1666666666667,382.8925574730879,1.0,0.0
2019-12-27,2019,mean_flow_m3s,exclude_2016_2017,408.9166666666667,379.7233910880448,1.0,0.0
2019-12-28,2019,mean_flow_m3s,exclude_2016_2017,523.5,377.02570080281464,1.0,0.0
2019-12-29,2019,mean_flow_m3s,exclude_2016_2017,440.2291666666667,374.53738149878035,1.0,0.0
2019-12-30,2019,mean_flow_m3s,exclude_2016_2017,466.3125,372.46021209113604,1.0,0.0
2019-12-31,2019,mean_flow_m3s,exclude_2016_2017,529.375,370.721300188167,1.0,0.0
2020-01-01,2020,mean_flow_m3s,exclude_2016_2017,512.6875,377.05281697451557,1.0,0.0
2020-01-02,2020,mean_flow_m3s,exclude_2016_2017,480.2708333333333,373.95172236894354,1.0,0.0
2020-01-03,2020,mean_flow_m3s,exclude_2016_2017,411.2291666666667,371.0505791610755,1.0,0.0
2020-01-04,2020,mean_flow_m3s,exclude_2016_2017,385.8125,368.4609191300935,1.0,0.0
2020-01-05,2020,mean_flow_m3s,exclude_2016_2017,388.4583333333333,365.9941395247936,1.0,0.0
2020-01-06,2020,mean_flow_m3s,exclude_2016_2017,382.875,363.8769456709453,1.0,0.0
2020-01-07,2020,mean_flow_m3s,exclude_2016_2017,386.4166666666667,362.14766651710545,1.0,0.0
2020-01-08,2020,mean_flow_m3s,exclude_2016_2017,466.1666666666667,360.5115755024004,1.0,0.0
2020-01-09,2020,mean_flow_m3s,exclude_2016_2017,426.0416666666667,359.3209182988908,1.0,0.0
2020-01-10,2020,mean_flow_m3s,exclude_2016_2017,408.9375,358.56714940967726,1.0,0.0
2020-01-11,2020,mean_flow_m3s,exclude_2016_2017,365.2916666666667,358.09291056819757,1.0,0.0
2020-01-12,2020,mean_flow_m3s,exclude_2016_2017,356.2916666666667,357.6831755667174,1.0,0.0
2020-01-13,2020,mean_flow_m3s,exclude_2016_2017,358.0208333333333,357.88324392983066,1.0,0.0
2020-01-14,2020,mean_flow_m3s,exclude_2016_2017,359.5416666666667,358.2807985292139,1.0,0.0
2020-01-15,2020,mean_flow_m3s,exclude_2016_2017,365.2916666666667,358.78392437413896,1.0,0.0
2020-01-16,2020,mean_flow_m3s,exclude_2016_2017,356.3541666666667,360.9353888042178,1.0,0.0
2020-01-17,2020,mean_flow_m3s,exclude_2016_2017,349.9583333333333,364.15868753566417,1.0,0.0
2020-01-18,2020,mean_flow_m3s,exclude_2016_2017,348.9583333333333,367.8671822196628,1.0,0.0
2020-01-19,2020,mean_flow_m3s,exclude_2016_2017,339.4583333333333,372.2815499150948,1.0,0.0
2020-01-20,2020,mean_flow_m3s,exclude_2016_2017,340.7083333333333,377.1803545406177,1.0,0.0
2020-01-21,2020,mean_flow_m3s,exclude_2016_2017,335.5208333333333,382.6265749923226,1.0,0.0
2020-01-22,2020,mean_flow_m3s,exclude_2016_2017,330.6875,388.64675183895093,1.0,0.0
2020-01-23,2020,mean_flow_m3s,exclude_2016_2017,324.0833333333333,395.60405158650696,1.0,0.0
2020-01-24,2020,mean_flow_m3s,exclude_2016_2017,327.7291666666667,403.40455274437693,1.0,0.0
2020-01-25,2020,mean_flow_m3s,exclude_2016_2017,339.3958333333333,412.1716497533082,1.0,0.0
2020-01-26,2020,mean_flow_m3s,exclude_2016_2017,335.4791666666667,421.7359168893737,1.0,0.0
2020-01-27,2020,mean_flow_m3s,exclude_2016_2017,357.0,432.5722184772895,1.0,0.0
2020-01-28,2020,mean_flow_m3s,exclude_2016_2017,381.9583333333333,444.0974645465899,1.0,0.0
2020-01-29,2020,mean_flow_m3s,exclude_2016_2017,372.4583333333333,456.1515754564941,1.0,0.0
2020-01-30,2020,mean_flow_m3s,exclude_2016_2017,365.5,468.5100532187449,1.0,0.0
2020-01-31,2020,mean_flow_m3s,exclude_2016_2017,367.3333333333333,481.0882212710865,1.0,0.0
2020-02-01,2020,mean_flow_m3s,exclude_2016_2017,351.7083333333333,494.20956537636374,1.0,0.0
2020-02-02,2020,mean_flow_m3s,exclude_2016_2017,339.7083333333333,507.4580189694994,1.0,0.0
2020-02-03,2020,mean_flow_m3s,exclude_2016_2017,334.9583333333333,521.4629410435642,1.0,0.0
2020-02-04,2020,mean_flow_m3s,exclude_2016_2017,336.125,536.2799592764554,1.0,0.0
2020-02-05,2020,mean_flow_m3s,exclude_2016_2017,326.7916666666667,550.3403969503196,1.0,0.0
2020-02-06,2020,mean_flow_m3s,exclude_2016_2017,330.1875,564.2026561033222,1.0,0.0
2020-02-07,2020,mean_flow_m3s,exclude_2016_2017,331.125,577.7594634551157,1.0,0.0
2020-02-08,2020,mean_flow_m3s,exclude_2016_2017,360.8541666666667,590.3680107520895,1.0,0.0
2020-02-09,2020,mean_flow_m3s,exclude_2016_2017,404.4166666666667,602.2120308570754,1.0,0.0
2020-02-10,2020,mean_flow_m3s,exclude_2016_2017,403.1666666666667,613.253123916801,1.0,0.0
2020-02-11,2020,mean_flow_m3s,exclude_2016_2017,367.3333333333333,623.1857561262988,1.0,0.0
2020-02-12,2020,mean_flow_m3s,exclude_2016_2017,338.6666666666667,632.2060591160988,1.0,0.0
2020-02-13,2020,mean_flow_m3s,exclude_2016_2017,324.3333333333333,640.205889880173,1.0,0.0
2020-02-14,2020,mean_flow_m3s,exclude_2016_2017,313.1666666666667,647.5937279065257,1.0,0.0
2020-02-15,2020,mean_flow_m3s,exclude_2016_2017,349.9583333333333,654.1392931062098,1.0,0.0
2020-02-16,2020,mean_flow_m3s,exclude_2016_2017,373.0625,658.9646870757487,1.0,0.0
2020-02-17,2020,mean_flow_m3s,exclude_2016_2017,379.2708333333333,663.0795983139478,1.0,0.0
2020-02-18,2020,mean_flow_m3s,exclude_2016_2017,361.2291666666667,666.8951755350572,1.0,0.0
2020-02-19,2020,mean_flow_m3s,exclude_2016_2017,427.0,669.9340542119185,1.0,0.0
2020-02-20,2020,mean_flow_m3s,exclude_2016_2017,465.875,672.2384025889077,1.0,0.0
2020-02-21,2020,mean_flow_m3s,exclude_2016_2017,417.2083333333333,674.0654830185497,1.0,0.0
2020-02-22,2020,mean_flow_m3s,exclude_2016_2017,412.1666666666667,675.359743915988,1.0,0.0
2020-02-23,2020,mean_flow_m3s,exclude_2016_2017,442.3958333333333,676.6412923816596,1.0,0.0
2020-02-24,2020,mean_flow_m3s,exclude_2016_2017,386.4791666666667,678.6279289736622,1.0,0.0
2020-02-25,2020,mean_flow_m3s,exclude_2016_2017,458.4791666666667,680.9986747070444,1.0,0.0
2020-02-26,2020,mean_flow_m3s,exclude_2016_2017,484.6666666666667,683.9599837908216,1.0,0.0
2020-02-27,2020,mean_flow_m3s,exclude_2016_2017,520.5,687.2072853634638,1.0,0.0
2020-02-28,2020,mean_flow_m3s,exclude_2016_2017,496.4791666666667,691.6776486792942,1.0,0.0
2020-02-29,2020,mean_flow_m3s,exclude_2016_2017,500.0,697.094167407324,1.0,0.0
2020-03-01,2020,mean_flow_m3s,exclude_2016_2017,684.0,703.6527833470659,1.0,0.0
2020-03-02,2020,mean_flow_m3s,exclude_2016_2017,667.375,711.1495534040977,1.0,0.0
2020-03-03,2020,mean_flow_m3s,exclude_2016_2017,647.1041666666666,719.1000720252746,1.0,0.0
2020-03-04,2020,mean_flow_m3s,exclude_2016_2017,695.4166666666666,727.9222630641826,1.0,0.0
2020-03-05,2020,mean_flow_m3s,exclude_2016_2017,685.0,737.0422974299962,1.0,0.0
2020-03-06,2020,mean_flow_m3s,exclude_2016_2017,705.5,746.446532806994,1.0,0.0
2020-03-07,2020,mean_flow_m3s,exclude_2016_2017,713.8333333333334,757.5213875763842,1.0,0.0
2020-03-08,2020,mean_flow_m3s,exclude_2016_2017,658.7708333333334,769.3800711658406,1.0,0.0
2020-03-09,2020,mean_flow_m3s,exclude_2016_2017,657.8958333333334,781.9808973386196,1.0,0.0
2020-03-10,2020,mean_flow_m3s,exclude_2016_2017,670.7083333333334,795.5702260074062,1.0,0.0
2020-03-11,2020,mean_flow_m3s,exclude_2016_2017,631.3333333333334,809.3862347873519,1.0,0.0
2020-03-12,2020,mean_flow_m3s,exclude_2016_2017,631.25,823.4793754162192,1.0,0.0
2020-03-13,2020,mean_flow_m3s,exclude_2016_2017,626.625,837.8327675265217,1.0,0.0
2020-03-14,2020,mean_flow_m3s,exclude_2016_2017,613.8333333333334,852.2830958763583,1.0,0.0
2020-03-15,2020,mean_flow_m3s,exclude_2016_2017,614.6666666666666,866.8090461756973,1.0,0.0
2020-03-16,2020,mean_flow_m3s,exclude_2016_2017,614.5,881.1182302945411,1.0,0.0
2020-03-17,2020,mean_flow_m3s,exclude_2016_2017,630.8333333333334,895.5133139361658,1.0,0.0
2020-03-18,2020,mean_flow_m3s,exclude_2016_2017,610.1666666666666,910.2335935790103,1.0,0.0
2020-03-19,2020,mean_flow_m3s,exclude_2016_2017,628.9583333333334,924.493800938786,1.0,0.0
2020-03-20,2020,mean_flow_m3s,exclude_2016_2017,588.1666666666666,939.2544971933837,1.0,0.0
2020-03-21,2020,mean_flow_m3s,exclude_2016_2017,614.8333333333334,954.4362344952515,1.0,0.0
2020-03-22,2020,mean_flow_m3s,exclude_2016_2017,636.6875,969.9432426826136,1.0,0.0
2020-03-23,2020,mean_flow_m3s,exclude_2016_2017,778.5625,985.4856915673431,1.0,0.0
2020-03-24,2020,mean_flow_m3s,exclude_2016_2017,870.125,1000.8474214584164,1.0,0.0
2020-03-25,2020,mean_flow_m3s,exclude_2016_2017,929.7916666666666,1015.5965577302743,1.0,0.0
2020-03-26,2020,mean_flow_m3s,exclude_2016_2017,950.8958333333334,1029.5209275628818,1.0,0.0
2020-03-27,2020,mean_flow_m3s,exclude_2016_2017,954.9375,1042.8796717359764,1.0,0.0
2020-03-28,2020,mean_flow_m3s,exclude_2016_2017,1015.8541666666666,1055.7514456595964,1.0,0.0
2020-03-29,2020,mean_flow_m3s,exclude_2016_2017,970.5833333333334,1068.1233861158144,1.0,0.0
2020-03-30,2020,mean_flow_m3s,exclude_2016_2017,1012.5416666666666,1079.6168178236458,1.0,0.0
2020-03-31,2020,mean_flow_m3s,exclude_2016_2017,1028.9583333333333,1090.3080656442914,1.0,0.0
2020-04-01,2020,mean_flow_m3s,exclude_2016_2017,1001.3333333333334,1099.9709299816711,1.0,0.0
2020-04-02,2020,mean_flow_m3s,exclude_2016_2017,1060.625,1108.5209447878146,1.0,0.0
2020-04-03,2020,mean_flow_m3s,exclude_2016_2017,969.5833333333334,1115.9010066676005,1.0,0.0
2020-04-04,2020,mean_flow_m3s,exclude_2016_2017,952.8541666666666,1121.949666336696,1.0,0.0
2020-04-05,2020,mean_flow_m3s,exclude_2016_2017,958.4791666666666,1126.3936349098756,1.0,0.0
2020-04-06,2020,mean_flow_m3s,exclude_2016_2017,879.5833333333334,1129.4838518506895,1.0,0.0
2020-04-07,2020,mean_flow_m3s,exclude_2016_2017,825.5625,1131.7012554627895,1.0,0.0
2020-04-08,2020,mean_flow_m3s,exclude_2016_2017,856.875,1133.2930102398388,1.0,0.0
2020-04-09,2020,mean_flow_m3s,exclude_2016_2017,828.125,1134.0494040428237,1.0,0.0
2020-04-10,2020,mean_flow_m3s,exclude_2016_2017,957.0416666666666,1134.1357193148208,1.0,0.0
2020-04-11,2020,mean_flow_m3s,exclude_2016_2017,1120.0,1134.0519654284315,1.0,0.0
2020-04-12,2020,mean_flow_m3s,exclude_2016_2017,1218.125,1133.2050166385134,1.0,0.0
2020-04-13,2020,mean_flow_m3s,exclude_2016_2017,1264.375,1131.8816549517041,1.0,0.0
2020-04-14,2020,mean_flow_m3s,exclude_2016_2017,1283.125,1130.1355136937323,1.0,0.0
2020-04-15,2020,mean_flow_m3s,exclude_2016_2017,1279.5833333333333,1128.296677105919,1.0,0.0
2020-04-16,2020,mean_flow_m3s,exclude_2016_2017,1236.875,1126.473954603023,1.0,0.0
2020-04-17,2020,mean_flow_m3s,exclude_2016_2017,1246.6666666666667,1124.7814129273163,1.0,0.0
2020-04-18,2020,mean_flow_m3s,exclude_2016_2017,1261.25,1123.5802881774482,1.0,0.0
2020-04-19,2020,mean_flow_m3s,exclude_2016_2017,1290.2083333333333,1122.8082642481002,1.0,0.0
2020-04-20,2020,mean_flow_m3s,exclude_2016_2017,1332.5,1122.26372749927,1.0,0.0
2020-04-21,2020,mean_flow_m3s,exclude_2016_2017,1388.75,1122.3764805099647,1.0,0.0
2020-04-22,2020,mean_flow_m3s,exclude_2016_2017,1457.0833333333333,1123.0724877930695,1.0,0.0
2020-04-23,2020,mean_flow_m3s,exclude_2016_2017,1601.25,1124.1800300878817,1.0,0.0
2020-04-24,2020,mean_flow_m3s,exclude_2016_2017,1651.25,1125.4615595223443,1.0,0.0
2020-04-25,2020,mean_flow_m3s,exclude_2016_2017,1637.5,1126.80856706358,1.0,0.0
2020-04-26,2020,mean_flow_m3s,exclude_2016_2017,1643.125,1128.7022565143159,1.0,0.0
2020-04-27,2020,mean_flow_m3s,exclude_2016_2017,1612.9166666666667,1131.1344149288718,1.0,0.0
2020-04-28,2020,mean_flow_m3s,exclude_2016_2017,1593.75,1133.9040061781386,1.0,0.0
2020-04-29,2020,mean_flow_m3s,exclude_2016_2017,1442.9166666666667,1136.8108018646171,1.0,0.0
2020-04-30,2020,mean_flow_m3s,exclude_2016_2017,1330.8333333333333,1140.0913025425357,1.0,0.0
2020-05-01,2020,mean_flow_m3s,exclude_2016_2017,1265.4166666666667,1143.7194519201153,1.0,0.0
2020-05-02,2020,mean_flow_m3s,exclude_2016_2017,1238.75,1147.7368750180367,1.0,0.0
2020-05-03,2020,mean_flow_m3s,exclude_2016_2017,1235.4166666666667,1152.3471342688708,1.0,0.0
2020-05-04,2020,mean_flow_m3s,exclude_2016_2017,1203.75,1157.491674615516,1.0,0.0
2020-05-05,2020,mean_flow_m3s,exclude_2016_2017,1217.9166666666667,1162.9325479136935,1.0,0.0
2020-05-06,2020,mean_flow_m3s,exclude_2016_2017,1251.875,1168.7094558259948,1.0,0.0
2020-05-07,2020,mean_flow_m3s,exclude_2016_2017,1250.0,1174.375628179033,1.0,0.0
2020-05-08,2020,mean_flow_m3s,exclude_2016_2017,1285.4166666666667,1180.206170272831,1.0,0.0
2020-05-09,2020,mean_flow_m3s,exclude_2016_2017,1330.0,1186.3023257506804,1.0,0.0
2020-05-10,2020,mean_flow_m3s,exclude_2016_2017,1304.375,1193.5660734002333,1.0,0.0
2020-05-11,2020,mean_flow_m3s,exclude_2016_2017,1277.7083333333333,1201.9654820566325,1.0,0.0
2020-05-12,2020,mean_flow_m3s,exclude_2016_2017,1250.4166666666667,1210.9529865355917,1.0,0.0
2020-05-13,2020,mean_flow_m3s,exclude_2016_2017,1211.0416666666667,1221.0707746325093,1.0,0.0
2020-05-14,2020,mean_flow_m3s,exclude_2016_2017,1132.2916666666667,1231.7147333709406,1.0,0.0
2020-05-15,2020,mean_flow_m3s,exclude_2016_2017,1167.2916666666667,1243.2368712200696,1.0,0.0
2020-05-16,2020,mean_flow_m3s,exclude_2016_2017,1130.0,1255.1457580623178,1.0,0.0
2020-05-17,2020,mean_flow_m3s,exclude_2016_2017,1145.4166666666667,1267.131963857311,1.0,0.0
2020-05-18,2020,mean_flow_m3s,exclude_2016_2017,1146.25,1279.0296697644078,1.0,0.0
2020-05-19,2020,mean_flow_m3s,exclude_2016_2017,1115.0,1290.9354750237533,1.0,0.0
2020-05-20,2020,mean_flow_m3s,exclude_2016_2017,1117.5,1302.948157672277,1.0,0.0
2020-05-21,2020,mean_flow_m3s,exclude_2016_2017,1111.875,1314.9024472219592,1.0,0.0
2020-05-22,2020,mean_flow_m3s,exclude_2016_2017,1116.6666666666667,1326.41790611731,1.0,0.0
2020-05-23,2020,mean_flow_m3s,exclude_2016_2017,1103.9583333333333,1337.1521192042105,1.0,0.0
2020-05-24,2020,mean_flow_m3s,exclude_2016_2017,997.0416666666666,1346.6527454523562,1.0,0.0
2020-05-25,2020,mean_flow_m3s,exclude_2016_2017,948.375,1356.242137086287,1.0,0.0
2020-05-26,2020,mean_flow_m3s,exclude_2016_2017,922.25,1365.3752885865051,1.0,0.0
2020-05-27,2020,mean_flow_m3s,exclude_2016_2017,907.0208333333334,1372.6588498747692,1.0,0.0
2020-05-28,2020,mean_flow_m3s,exclude_2016_2017,894.125,1378.5487493139517,1.0,0.0
2020-05-29,2020,mean_flow_m3s,exclude_2016_2017,919.0208333333334,1382.9658183832087,1.0,0.0
2020-05-30,2020,mean_flow_m3s,exclude_2016_2017,907.0208333333334,1385.92934723297,1.0,0.0
2020-05-31,2020,mean_flow_m3s,exclude_2016_2017,950.2083333333334,1387.5069559103038,1.0,0.0
2020-06-01,2020,mean_flow_m3s,exclude_2016_2017,976.1458333333334,1387.5105584352423,1.0,0.0
2020-06-02,2020,mean_flow_m3s,exclude_2016_2017,980.25,1386.5890319041066,1.0,0.0
2020-06-03,2020,mean_flow_m3s,exclude_2016_2017,990.4166666666666,1384.4102035937078,1.0,0.0
2020-06-04,2020,mean_flow_m3s,exclude_2016_2017,961.6041666666666,1381.5963117584818,1.0,0.0
2020-06-05,2020,mean_flow_m3s,exclude_2016_2017,935.6458333333334,1378.0854416068846,1.0,0.0
2020-06-06,2020,mean_flow_m3s,exclude_2016_2017,852.5,1374.512646794876,1.0,0.0
2020-06-07,2020,mean_flow_m3s,exclude_2016_2017,827.7708333333334,1372.8419452143748,1.0,0.0
2020-06-08,2020,mean_flow_m3s,exclude_2016_2017,809.6666666666666,1375.3703682796672,1.0,0.0
2020-06-09,2020,mean_flow_m3s,exclude_2016_2017,814.9791666666666,1382.7571883488226,1.0,0.0
2020-06-10,2020,mean_flow_m3s,exclude_2016_2017,829.3541666666666,1393.92230836506,1.0,0.0
2020-06-11,2020,mean_flow_m3s,exclude_2016_2017,824.7708333333334,1408.5443109981793,1.0,0.0
2020-06-12,2020,mean_flow_m3s,exclude_2016_2017,880.1041666666666,1428.1358896391707,1.0,0.0
2020-06-13,2020,mean_flow_m3s,exclude_2016_2017,905.8958333333334,1453.8527089358686,1.0,0.0
2020-06-14,2020,mean_flow_m3s,exclude_2016_2017,902.5208333333334,1486.0296804376012,1.0,0.0
2020-06-15,2020,mean_flow_m3s,exclude_2016_2017,1031.0,1523.75231333607,1.0,0.0
2020-06-16,2020,mean_flow_m3s,exclude_2016_2017,1243.125,1567.3232573528999,1.0,0.0
2020-06-17,2020,mean_flow_m3s,exclude_2016_2017,1536.25,1617.17521000735,1.0,0.0
2020-06-18,2020,mean_flow_m3s,exclude_2016_2017,1927.5,1672.5222828347223,1.0,0.0
2020-06-19,2020,mean_flow_m3s,exclude_2016_2017,1945.8333333333333,1732.7651884080062,1.0,0.0
2020-06-20,2020,mean_flow_m3s,exclude_2016_2017,1789.1666666666667,1800.186834053844,1.0,0.0
2020-06-21,2020,mean_flow_m3s,exclude_2016_2017,1778.125,1872.242472036145,1.0,0.0
2020-06-22,2020,mean_flow_m3s,exclude_2016_2017,1791.25,1947.1792963002354,1.0,0.0
2020-06-23,2020,mean_flow_m3s,exclude_2016_2017,1831.0416666666667,2027.6159663406477,1.0,0.0
2020-06-24,2020,mean_flow_m3s,exclude_2016_2017,1855.4166666666667,2110.0756069014874,1.0,0.0
2020-06-25,2020,mean_flow_m3s,exclude_2016_2017,1866.0416666666667,2191.107168192278,1.0,0.0
2020-06-26,2020,mean_flow_m3s,exclude_2016_2017,2552.083333333333,2269.647018628935,1.0,0.0
2020-06-27,2020,mean_flow_m3s,exclude_2016_2017,3550.4166666666665,2344.6516581398323,1.0,0.0
2020-06-28,2020,mean_flow_m3s,exclude_2016_2017,4133.333333333333,2414.0909472622006,1.0,0.0
2020-06-29,2020,mean_flow_m3s,exclude_2016_2017,4372.5,2480.992178749569,1.0,0.0
2020-06-30,2020,mean_flow_m3s,exclude_2016_2017,4708.75,2542.4581756540765,1.0,0.0
2020-07-01,2020,mean_flow_m3s,exclude_2016_2017,4711.041666666667,2597.206529194784,1.0,0.0
2020-07-02,2020,mean_flow_m3s,exclude_2016_2017,4551.875,2647.6102204250537,1.0,0.0
2020-07-03,2020,mean_flow_m3s,exclude_2016_2017,4332.5,2693.6464107005563,1.0,0.0
2020-07-04,2020,mean_flow_m3s,exclude_2016_2017,4164.791666666667,2734.6121181324565,1.0,0.0
2020-07-05,2020,mean_flow_m3s,exclude_2016_2017,4124.375,2770.392854721872,1.0,0.0
2020-07-06,2020,mean_flow_m3s,exclude_2016_2017,4224.166666666667,2800.687052804451,1.0,0.0
2020-07-07,2020,mean_flow_m3s,exclude_2016_2017,4201.25,2823.5493890475045,1.0,0.0
2020-07-08,2020,mean_flow_m3s,exclude_2016_2017,3676.4583333333335,2839.2761944634517,1.0,0.0
2020-07-09,2020,mean_flow_m3s,exclude_2016_2017,2949.1666666666665,2846.8180729303886,1.0,0.0
2020-07-10,2020,mean_flow_m3s,exclude_2016_2017,2681.6666666666665,2848.065328024288,1.0,0.0
2020-07-11,2020,mean_flow_m3s,exclude_2016_2017,2594.375,2846.2516731734063,1.0,0.0
2020-07-12,2020,mean_flow_m3s,exclude_2016_2017,2322.083333333333,2842.4224109027336,1.0,0.0
2020-07-13,2020,mean_flow_m3s,exclude_2016_2017,1869.5833333333333,2833.346501399693,1.0,0.0
2020-07-14,2020,mean_flow_m3s,exclude_2016_2017,1730.4166666666667,2818.77755865737,1.0,0.0
2020-07-15,2020,mean_flow_m3s,exclude_2016_2017,1915.8333333333333,2800.289388175847,1.0,0.0
2020-07-16,2020,mean_flow_m3s,exclude_2016_2017,2015.0,2780.282052116288,1.0,0.0
2020-07-17,2020,mean_flow_m3s,exclude_2016_2017,1879.375,2757.2632803901947,1.0,0.0
2020-07-18,2020,mean_flow_m3s,exclude_2016_2017,1938.75,2728.588490124416,1.0,0.0
2020-07-19,2020,mean_flow_m3s,exclude_2016_2017,2031.25,2693.4196306199065,1.0,0.0
2020-07-20,2020,mean_flow_m3s,exclude_2016_2017,2013.125,2654.0197525782546,1.0,0.0
2020-07-21,2020,mean_flow_m3s,exclude_2016_2017,2035.0,2607.429860436884,1.0,0.0
2020-07-22,2020,mean_flow_m3s,exclude_2016_2017,2152.9166666666665,2560.1014209156674,1.0,0.0
2020-07-23,2020,mean_flow_m3s,exclude_2016_2017,2302.083333333333,2516.4010516326343,1.0,0.0
2020-07-24,2020,mean_flow_m3s,exclude_2016_2017,2443.5416666666665,2472.2888281181413,1.0,0.0
2020-07-25,2020,mean_flow_m3s,exclude_2016_2017,2834.375,2430.0320954270474,1.0,0.0
2020-07-26,2020,mean_flow_m3s,exclude_2016_2017,3031.25,2388.34999554458,1.0,0.0
2020-07-27,2020,mean_flow_m3s,exclude_2016_2017,2042.0833333333333,2341.7491885209092,1.0,0.0
2020-07-28,2020,mean_flow_m3s,exclude_2016_2017,2134.1666666666665,2295.6414135636487,1.0,0.0
2020-07-29,2020,mean_flow_m3s,exclude_2016_2017,2406.458333333333,2252.6950192788568,1.0,0.0
2020-07-30,2020,mean_flow_m3s,exclude_2016_2017,2621.0416666666665,2208.956027836298,1.0,0.0
2020-07-31,2020,mean_flow_m3s,exclude_2016_2017,2917.708333333333,2163.8237370247525,1.0,0.0
2020-08-01,2020,mean_flow_m3s,exclude_2016_2017,2635.833333333333,2120.04034510872,1.0,0.0
2020-08-02,2020,mean_flow_m3s,exclude_2016_2017,2567.9166666666665,2075.413177424515,1.0,0.0
2020-08-03,2020,mean_flow_m3s,exclude_2016_2017,2605.0,2030.3533790509,1.0,0.0
2020-08-04,2020,mean_flow_m3s,exclude_2016_2017,2501.6666666666665,1984.4920965386937,1.0,0.0
2020-08-05,2020,mean_flow_m3s,exclude_2016_2017,2649.7916666666665,1936.875217861582,1.0,0.0
2020-08-06,2020,mean_flow_m3s,exclude_2016_2017,2836.25,1887.6311549260604,1.0,0.0
2020-08-07,2020,mean_flow_m3s,exclude_2016_2017,2867.5,1837.1970403016253,1.0,0.0
2020-08-08,2020,mean_flow_m3s,exclude_2016_2017,2405.4166666666665,1785.5460570811251,1.0,0.0
2020-08-09,2020,mean_flow_m3s,exclude_2016_2017,1825.625,1732.77441012858,1.0,0.0
2020-08-10,2020,mean_flow_m3s,exclude_2016_2017,2035.4166666666667,1676.9465003488597,1.0,0.0
2020-08-11,2020,mean_flow_m3s,exclude_2016_2017,2118.958333333333,1618.5821577073855,1.0,0.0
2020-08-12,2020,mean_flow_m3s,exclude_2016_2017,2158.75,1558.9235023389272,1.0,0.0
2020-08-13,2020,mean_flow_m3s,exclude_2016_2017,2152.083333333333,1501.3418818040113,1.0,0.0
2020-08-14,2020,mean_flow_m3s,exclude_2016_2017,2473.125,1445.2506626603408,1.0,0.0
2020-08-15,2020,mean_flow_m3s,exclude_2016_2017,3024.7916666666665,1389.7338529521835,1.0,0.0
2020-08-16,2020,mean_flow_m3s,exclude_2016_2017,3249.375,1335.1504201839798,1.0,0.0
2020-08-17,2020,mean_flow_m3s,exclude_2016_2017,2457.2916666666665,1284.097171743278,1.0,0.0
2020-08-18,2020,mean_flow_m3s,exclude_2016_2017,1881.4583333333333,1239.627363970952,1.0,0.0
2020-08-19,2020,mean_flow_m3s,exclude_2016_2017,1910.2083333333333,1204.779778220542,1.0,0.0
2020-08-20,2020,mean_flow_m3s,exclude_2016_2017,2122.5,1174.8376800466356,1.0,0.0
2020-08-21,2020,mean_flow_m3s,exclude_2016_2017,2210.4166666666665,1150.326544236053,1.0,0.0
2020-08-22,2020,mean_flow_m3s,exclude_2016_2017,3094.583333333333,1128.2450888145347,1.0,0.0
2020-08-23,2020,mean_flow_m3s,exclude_2016_2017,4011.25,1107.2340522794486,1.0,0.0
2020-08-24,2020,mean_flow_m3s,exclude_2016_2017,4279.166666666667,1090.3781063820957,1.0,0.0
2020-08-25,2020,mean_flow_m3s,exclude_2016_2017,4213.333333333333,1079.0465777200727,1.0,0.0
2020-08-26,2020,mean_flow_m3s,exclude_2016_2017,4066.0416666666665,1075.593873892056,1.0,0.0
2020-08-27,2020,mean_flow_m3s,exclude_2016_2017,4012.7083333333335,1082.3277690480502,1.0,0.0
2020-08-28,2020,mean_flow_m3s,exclude_2016_2017,3999.7916666666665,1091.0069949045433,1.0,0.0
2020-08-29,2020,mean_flow_m3s,exclude_2016_2017,4076.6666666666665,1099.0755807558287,1.0,0.0
2020-08-30,2020,mean_flow_m3s,exclude_2016_2017,4055.0,1108.2706550902833,1.0,0.0
2020-08-31,2020,mean_flow_m3s,exclude_2016_2017,4013.75,1125.449914431956,1.0,0.0
2020-09-01,2020,mean_flow_m3s,exclude_2016_2017,4108.541666666667,1147.8659970794042,1.0,0.0
2020-09-02,2020,mean_flow_m3s,exclude_2016_2017,4029.375,1176.426938006368,1.0,0.0
2020-09-03,2020,mean_flow_m3s,exclude_2016_2017,3957.2916666666665,1211.0759719257978,1.0,0.0
2020-09-04,2020,mean_flow_m3s,exclude_2016_2017,3923.75,1252.125298127366,1.0,0.0
2020-09-05,2020,mean_flow_m3s,exclude_2016_2017,3854.5833333333335,1300.9218199080722,1.0,0.0
2020-09-06,2020,mean_flow_m3s,exclude_2016_2017,3879.375,1358.2077868459592,1.0,0.0
2020-09-07,2020,mean_flow_m3s,exclude_2016_2017,3971.6666666666665,1424.3433128732909,1.0,0.0
2020-09-08,2020,mean_flow_m3s,exclude_2016_2017,4042.9166666666665,1494.888453214782,1.0,0.0
2020-09-09,2020,mean_flow_m3s,exclude_2016_2017,3597.2916666666665,1569.11407378324,1.0,0.0
2020-09-10,2020,mean_flow_m3s,exclude_2016_2017,2430.625,1649.3914400472984,1.0,0.0
2020-09-11,2020,mean_flow_m3s,exclude_2016_2017,1702.2916666666667,1734.3110123895767,1.0,0.0
2020-09-12,2020,mean_flow_m3s,exclude_2016_2017,1505.2083333333333,1825.9638972217315,1.0,0.0
2020-09-13,2020,mean_flow_m3s,exclude_2016_2017,1628.3333333333333,1919.9874790362421,1.0,0.0
2020-09-14,2020,mean_flow_m3s,exclude_2016_2017,1700.625,2015.4816968326859,1.0,0.0
2020-09-15,2020,mean_flow_m3s,exclude_2016_2017,1657.7083333333333,2109.7160606560674,1.0,0.0
2020-09-16,2020,mean_flow_m3s,exclude_2016_2017,1673.75,2199.1539737286475,1.0,0.0
2020-09-17,2020,mean_flow_m3s,exclude_2016_2017,1693.75,2282.117244636347,1.0,0.0
2020-09-18,2020,mean_flow_m3s,exclude_2016_2017,1649.5833333333333,2355.6358172359087,1.0,0.0
2020-09-19,2020,mean_flow_m3s,exclude_2016_2017,1640.4166666666667,2416.2297806051465,1.0,0.0
2020-09-20,2020,mean_flow_m3s,exclude_2016_2017,1691.4583333333333,2465.7493827097483,1.0,0.0
2020-09-21,2020,mean_flow_m3s,exclude_2016_2017,1719.1666666666667,2503.1664235270387,1.0,0.0
2020-09-22,2020,mean_flow_m3s,exclude_2016_2017,1681.6666666666667,2527.063232642584,1.0,0.0
2020-09-23,2020,mean_flow_m3s,exclude_2016_2017,1664.1666666666667,2537.5603150413003,1.0,0.0
2020-09-24,2020,mean_flow_m3s,exclude_2016_2017,1573.9583333333333,2535.371202660428,1.0,0.0
2020-09-25,2020,mean_flow_m3s,exclude_2016_2017,1562.7083333333333,2523.2339575877368,1.0,0.0
2020-09-26,2020,mean_flow_m3s,exclude_2016_2017,1553.125,2501.3690198968534,1.0,0.0
2020-09-27,2020,mean_flow_m3s,exclude_2016_2017,1572.0833333333333,2470.1221023749304,1.0,0.0
2020-09-28,2020,mean_flow_m3s,exclude_2016_2017,1556.0416666666667,2431.623438128037,1.0,0.0
2020-09-29,2020,mean_flow_m3s,exclude_2016_2017,1547.0833333333333,2387.621882968419,1.0,0.0
2020-09-30,2020,mean_flow_m3s,exclude_2016_2017,1518.3333333333333,2338.9885836203057,1.0,0.0
2020-10-01,2020,mean_flow_m3s,exclude_2016_2017,1507.0833333333333,2284.484820330258,1.0,0.0
2020-10-02,2020,mean_flow_m3s,exclude_2016_2017,1468.5416666666667,2226.9536477725237,1.0,0.0
2020-10-03,2020,mean_flow_m3s,exclude_2016_2017,1475.8333333333333,2167.8795893685115,1.0,0.0
2020-10-04,2020,mean_flow_m3s,exclude_2016_2017,1955.8333333333333,2109.340998357243,1.0,0.0
2020-10-05,2020,mean_flow_m3s,exclude_2016_2017,2445.833333333333,2053.066587944287,1.0,0.0
2020-10-06,2020,mean_flow_m3s,exclude_2016_2017,2501.875,1998.4547766491248,1.0,0.0
2020-10-07,2020,mean_flow_m3s,exclude_2016_2017,2446.875,1945.2049760445802,1.0,0.0
2020-10-08,2020,mean_flow_m3s,exclude_2016_2017,2425.625,1893.861404961475,1.0,0.0
2020-10-09,2020,mean_flow_m3s,exclude_2016_2017,2352.2916666666665,1846.266538817917,1.0,0.0
2020-10-10,2020,mean_flow_m3s,exclude_2016_2017,2365.833333333333,1802.1145824328578,1.0,0.0
2020-10-11,2020,mean_flow_m3s,exclude_2016_2017,2377.083333333333,1758.850870715634,1.0,0.0
2020-10-12,2020,mean_flow_m3s,exclude_2016_2017,2368.75,1715.7584434909145,1.0,0.0
2020-10-13,2020,mean_flow_m3s,exclude_2016_2017,1833.75,1669.686779786366,1.0,0.0
2020-10-14,2020,mean_flow_m3s,exclude_2016_2017,1567.2916666666667,1623.4844920023097,1.0,0.0
2020-10-15,2020,mean_flow_m3s,exclude_2016_2017,1470.625,1576.4176620081034,1.0,0.0
2020-10-16,2020,mean_flow_m3s,exclude_2016_2017,1435.625,1529.332438600007,1.0,0.0
2020-10-17,2020,mean_flow_m3s,exclude_2016_2017,1439.1666666666667,1482.4032477989379,1.0,0.0
2020-10-18,2020,mean_flow_m3s,exclude_2016_2017,1307.2916666666667,1434.781891334176,1.0,0.0
2020-10-19,2020,mean_flow_m3s,exclude_2016_2017,1210.2083333333333,1386.534803334805,1.0,0.0
2020-10-20,2020,mean_flow_m3s,exclude_2016_2017,1123.3333333333333,1338.066868421886,1.0,0.0
2020-10-21,2020,mean_flow_m3s,exclude_2016_2017,1101.6666666666667,1289.207315985395,1.0,0.0
2020-10-22,2020,mean_flow_m3s,exclude_2016_2017,1067.9166666666667,1240.9203209457712,1.0,0.0
2020-10-23,2020,mean_flow_m3s,exclude_2016_2017,970.9583333333334,1194.1954924714757,1.0,0.0
2020-10-24,2020,mean_flow_m3s,exclude_2016_2017,889.7083333333334,1148.8616915128239,1.0,0.0
2020-10-25,2020,mean_flow_m3s,exclude_2016_2017,885.9583333333334,1104.7419453755085,1.0,0.0
2020-10-26,2020,mean_flow_m3s,exclude_2016_2017,877.7708333333334,1060.9548249863053,1.0,0.0
2020-10-27,2020,mean_flow_m3s,exclude_2016_2017,853.7291666666666,1018.625413227747,1.0,0.0
2020-10-28,2020,mean_flow_m3s,exclude_2016_2017,841.3958333333334,979.6491882755963,1.0,0.0
2020-10-29,2020,mean_flow_m3s,exclude_2016_2017,878.1458333333334,943.5830969590628,1.0,0.0
2020-10-30,2020,mean_flow_m3s,exclude_2016_2017,800.6666666666666,909.1756300894531,1.0,0.0
2020-10-31,2020,mean_flow_m3s,exclude_2016_2017,819.5,877.025412615822,1.0,0.0
2020-11-01,2020,mean_flow_m3s,exclude_2016_2017,807.2916666666666,846.7066092630577,1.0,0.0
2020-11-02,2020,mean_flow_m3s,exclude_2016_2017,810.4375,818.2209924345092,1.0,0.0
2020-11-03,2020,mean_flow_m3s,exclude_2016_2017,774.4375,792.1215370903991,1.0,0.0
2020-11-04,2020,mean_flow_m3s,exclude_2016_2017,730.6875,768.1280601022087,1.0,0.0
2020-11-05,2020,mean_flow_m3s,exclude_2016_2017,730.8125,746.6297236808388,1.0,0.0
2020-11-06,2020,mean_flow_m3s,exclude_2016_2017,716.25,726.9391863825842,1.0,0.0
2020-11-07,2020,mean_flow_m3s,exclude_2016_2017,671.2291666666666,708.9124174929815,1.0,0.0
2020-11-08,2020,mean_flow_m3s,exclude_2016_2017,603.2083333333334,691.0806804687676,1.0,0.0
2020-11-09,2020,mean_flow_m3s,exclude_2016_2017,632.8541666666666,674.0593320364459,1.0,0.0
2020-11-10,2020,mean_flow_m3s,exclude_2016_2017,671.1041666666666,657.3359078849809,1.0,0.0
2020-11-11,2020,mean_flow_m3s,exclude_2016_2017,655.0625,641.1834847940703,1.0,0.0
2020-11-12,2020,mean_flow_m3s,exclude_2016_2017,650.7291666666666,625.3363844343043,1.0,0.0
2020-11-13,2020,mean_flow_m3s,exclude_2016_2017,645.7083333333334,609.9966691956595,1.0,0.0
2020-11-14,2020,mean_flow_m3s,exclude_2016_2017,642.6041666666666,595.3036646103401,1.0,0.0
2020-11-15,2020,mean_flow_m3s,exclude_2016_2017,646.8125,580.870173706213,1.0,0.0
2020-11-16,2020,mean_flow_m3s,exclude_2016_2017,646.7083333333334,566.9103680474047,1.0,0.0
2020-11-17,2020,mean_flow_m3s,exclude_2016_2017,647.25,553.459681408854,1.0,0.0
2020-11-18,2020,mean_flow_m3s,exclude_2016_2017,730.8958333333334,541.1001113751656,1.0,0.0
2020-11-19,2020,mean_flow_m3s,exclude_2016_2017,645.625,529.8816035039205,1.0,0.0
2020-11-20,2020,mean_flow_m3s,exclude_2016_2017,675.2291666666666,519.5140012840101,1.0,0.0
2020-11-21,2020,mean_flow_m3s,exclude_2016_2017,677.875,510.11183527703685,1.0,0.0
2020-11-22,2020,mean_flow_m3s,exclude_2016_2017,1318.8958333333333,501.5821849173094,1.0,0.0
2020-11-23,2020,mean_flow_m3s,exclude_2016_2017,1412.2916666666667,494.1182035065135,1.0,0.0
2020-11-24,2020,mean_flow_m3s,exclude_2016_2017,753.8333333333334,487.56751505166653,1.0,0.0
2020-11-25,2020,mean_flow_m3s,exclude_2016_2017,527.7916666666666,481.83996728303487,1.0,0.0
2020-11-26,2020,mean_flow_m3s,exclude_2016_2017,504.0416666666667,476.98812284673005,1.0,0.0
2020-11-27,2020,mean_flow_m3s,exclude_2016_2017,499.7916666666667,473.0738617083912,1.0,0.0
2020-11-28,2020,mean_flow_m3s,exclude_2016_2017,525.5,470.0233680333254,1.0,0.0
2020-11-29,2020,mean_flow_m3s,exclude_2016_2017,537.3125,467.6714573851008,1.0,0.0
2020-11-30,2020,mean_flow_m3s,exclude_2016_2017,1141.3125,466.25689468481556,1.0,0.0
2020-12-01,2020,mean_flow_m3s,exclude_2016_2017,883.4583333333334,464.955919143617,1.0,0.0
2020-12-02,2020,mean_flow_m3s,exclude_2016_2017,671.6458333333334,463.94580310626617,1.0,0.0
2020-12-03,2020,mean_flow_m3s,exclude_2016_2017,638.125,462.91036210523066,1.0,0.0
2020-12-04,2020,mean_flow_m3s,exclude_2016_2017,579.5208333333334,461.58349082205405,1.0,0.0
2020-12-05,2020,mean_flow_m3s,exclude_2016_2017,637.0208333333334,460.1456705759005,1.0,0.0
2020-12-06,2020,mean_flow_m3s,exclude_2016_2017,614.6666666666666,458.29845702289464,1.0,0.0
2020-12-07,2020,mean_flow_m3s,exclude_2016_2017,607.6458333333334,456.0778538238309,1.0,0.0
2020-12-08,2020,mean_flow_m3s,exclude_2016_2017,559.5,453.45820012650915,1.0,0.0
2020-12-09,2020,mean_flow_m3s,exclude_2016_2017,472.7083333333333,450.82415085262875,1.0,0.0
2020-12-10,2020,mean_flow_m3s,exclude_2016_2017,563.8958333333334,447.407840271628,1.0,0.0
2020-12-11,2020,mean_flow_m3s,exclude_2016_2017,552.0833333333334,443.84181469740963,1.0,0.0
2020-12-12,2020,mean_flow_m3s,exclude_2016_2017,477.8125,440.3925059067467,1.0,0.0
2020-12-13,2020,mean_flow_m3s,exclude_2016_2017,371.3958333333333,436.4608350389576,1.0,0.0
2020-12-14,2020,mean_flow_m3s,exclude_2016_2017,304.5416666666667,432.4848112851481,1.0,0.0
2020-12-15,2020,mean_flow_m3s,exclude_2016_2017,286.6041666666667,428.5758014548912,1.0,0.0
2020-12-16,2020,mean_flow_m3s,exclude_2016_2017,407.875,424.7970103205206,1.0,0.0
2020-12-17,2020,mean_flow_m3s,exclude_2016_2017,676.75,420.83203688696443,1.0,0.0
2020-12-18,2020,mean_flow_m3s,exclude_2016_2017,665.3125,417.05079640677064,1.0,0.0
2020-12-19,2020,mean_flow_m3s,exclude_2016_2017,671.5208333333334,413.23106350435984,1.0,0.0
2020-12-20,2020,mean_flow_m3s,exclude_2016_2017,544.9791666666666,409.7088436175284,1.0,0.0
2020-12-21,2020,mean_flow_m3s,exclude_2016_2017,550.375,406.5021366406743,1.0,0.0
2020-12-22,2020,mean_flow_m3s,exclude_2016_2017,558.7708333333334,403.5949580174709,1.0,0.0
2020-12-23,2020,mean_flow_m3s,exclude_2016_2017,522.5625,401.013733191621,1.0,0.0
2020-12-24,2020,mean_flow_m3s,exclude_2016_2017,527.1666666666666,398.50032037338053,1.0,0.0
2020-12-25,2020,mean_flow_m3s,exclude_2016_2017,490.0625,396.19187778861016,1.0,0.0
2020-12-26,2020,mean_flow_m3s,exclude_2016_2017,496.3333333333333,394.02372601029424,1.0,0.0
2020-12-27,2020,mean_flow_m3s,exclude_2016_2017,583.0416666666666,391.62490956263616,1.0,0.0
2020-12-28,2020,mean_flow_m3s,exclude_2016_2017,502.9791666666667,388.9063014795934,1.0,0.0
2020-12-29,2020,mean_flow_m3s,exclude_2016_2017,576.3125,386.04409529826455,1.0,0.0
2020-12-30,2020,mean_flow_m3s,exclude_2016_2017,749.3125,383.11699409646906,1.0,0.0
2020-12-31,2020,mean_flow_m3s,exclude_2016_2017,646.5208333333334,380.1456244094707,1.0,0.0
2021-01-01,2021,mean_flow_m3s,exclude_2016_2017,553.1666666666666,457.8215380853526,1.0,0.0
2021-01-02,2021,mean_flow_m3s,exclude_2016_2017,584.4375,450.63370287295106,1.0,0.0
2021-01-03,2021,mean_flow_m3s,exclude_2016_2017,528.3125,443.52051238710794,1.0,0.0
2021-01-04,2021,mean_flow_m3s,exclude_2016_2017,533.1875,436.5050872576028,1.0,0.0
2021-01-05,2021,mean_flow_m3s,exclude_2016_2017,446.6458333333333,429.9754923969833,1.0,0.0
2021-01-06,2021,mean_flow_m3s,exclude_2016_2017,439.6666666666667,423.6110124772358,1.0,0.0
2021-01-07,2021,mean_flow_m3s,exclude_2016_2017,398.625,417.5040907853024,1.0,0.0
2021-01-08,2021,mean_flow_m3s,exclude_2016_2017,384.25,411.68788329170235,1.0,0.0
2021-01-09,2021,mean_flow_m3s,exclude_2016_2017,395.625,406.29291785335465,1.0,0.0
2021-01-10,2021,mean_flow_m3s,exclude_2016_2017,415.0208333333333,401.51926477823366,1.0,0.0
2021-01-11,2021,mean_flow_m3s,exclude_2016_2017,427.9375,397.11334478548474,1.0,0.0
2021-01-12,2021,mean_flow_m3s,exclude_2016_2017,425.5,392.8503588799952,1.0,0.0
2021-01-13,2021,mean_flow_m3s,exclude_2016_2017,429.9166666666667,389.6239500545714,1.0,0.0
2021-01-14,2021,mean_flow_m3s,exclude_2016_2017,422.5833333333333,386.60087698759526,1.0,0.0
2021-01-15,2021,mean_flow_m3s,exclude_2016_2017,409.0416666666667,383.50694530914734,1.0,0.0
2021-01-16,2021,mean_flow_m3s,exclude_2016_2017,380.7916666666667,382.1205898242844,1.0,0.0
2021-01-17,2021,mean_flow_m3s,exclude_2016_2017,351.5,382.04969474209315,1.0,0.0
2021-01-18,2021,mean_flow_m3s,exclude_2016_2017,340.5416666666667,382.54259540504677,1.0,0.0
2021-01-19,2021,mean_flow_m3s,exclude_2016_2017,337.625,383.81375634839094,1.0,0.0
2021-01-20,2021,mean_flow_m3s,exclude_2016_2017,332.0208333333333,385.5793751270412,1.0,0.0
2021-01-21,2021,mean_flow_m3s,exclude_2016_2017,332.1458333333333,387.73759389615645,1.0,0.0
2021-01-22,2021,mean_flow_m3s,exclude_2016_2017,322.5208333333333,390.3639527699032,1.0,0.0
2021-01-23,2021,mean_flow_m3s,exclude_2016_2017,318.8125,393.61111232354205,1.0,0.0
2021-01-24,2021,mean_flow_m3s,exclude_2016_2017,305.875,397.30562576609645,1.0,0.0
2021-01-25,2021,mean_flow_m3s,exclude_2016_2017,280.8541666666667,401.98079431312044,1.0,0.0
2021-01-26,2021,mean_flow_m3s,exclude_2016_2017,272.4791666666667,407.29837056148796,1.0,0.0
2021-01-27,2021,mean_flow_m3s,exclude_2016_2017,268.0625,413.4392842098251,1.0,0.0
2021-01-28,2021,mean_flow_m3s,exclude_2016_2017,260.4166666666667,419.93149899171385,1.0,0.0
2021-01-29,2021,mean_flow_m3s,exclude_2016_2017,252.375,426.6659591535842,1.0,0.0
2021-01-30,2021,mean_flow_m3s,exclude_2016_2017,252.0,433.5076242846706,1.0,0.0
2021-01-31,2021,mean_flow_m3s,exclude_2016_2017,248.3125,440.55554661098665,1.0,0.0
2021-02-01,2021,mean_flow_m3s,exclude_2016_2017,239.375,448.0098699094464,1.0,0.0
2021-02-02,2021,mean_flow_m3s,exclude_2016_2017,237.66666666666663,455.5845633140774,1.0,0.0
2021-02-03,2021,mean_flow_m3s,exclude_2016_2017,237.20833333333331,463.524097405003,1.0,0.0
2021-02-04,2021,mean_flow_m3s,exclude_2016_2017,232.83333333333331,472.1846814406258,1.0,0.0
2021-02-05,2021,mean_flow_m3s,exclude_2016_2017,229.66666666666663,480.63963113760536,1.0,0.0
2021-02-06,2021,mean_flow_m3s,exclude_2016_2017,225.60416666666663,488.94684731906193,1.0,0.0
2021-02-07,2021,mean_flow_m3s,exclude_2016_2017,238.0,497.1786524350555,1.0,0.0
2021-02-08,2021,mean_flow_m3s,exclude_2016_2017,277.75,505.1249252407148,1.0,0.0
2021-02-09,2021,mean_flow_m3s,exclude_2016_2017,291.2291666666667,512.572905580616,1.0,0.0
2021-02-10,2021,mean_flow_m3s,exclude_2016_2017,319.5,519.9161166155061,1.0,0.0
2021-02-11,2021,mean_flow_m3s,exclude_2016_2017,315.8333333333333,526.9440448113138,1.0,0.0
2021-02-12,2021,mean_flow_m3s,exclude_2016_2017,321.6666666666667,533.759508013042,1.0,0.0
2021-02-13,2021,mean_flow_m3s,exclude_2016_2017,288.1666666666667,540.1289460730306,1.0,0.0
2021-02-14,2021,mean_flow_m3s,exclude_2016_2017,285.5833333333333,546.475542169817,1.0,0.0
2021-02-15,2021,mean_flow_m3s,exclude_2016_2017,363.3333333333333,553.3320632707504,1.0,0.0
2021-02-16,2021,mean_flow_m3s,exclude_2016_2017,442.9791666666667,559.6187215460417,1.0,0.0
2021-02-17,2021,mean_flow_m3s,exclude_2016_2017,448.1875,565.930113833835,1.0,0.0
2021-02-18,2021,mean_flow_m3s,exclude_2016_2017,484.625,572.7168829273484,1.0,0.0
2021-02-19,2021,mean_flow_m3s,exclude_2016_2017,736.0416666666666,579.5195571619987,1.0,0.0
2021-02-20,2021,mean_flow_m3s,exclude_2016_2017,687.1041666666666,586.4489126948047,1.0,0.0
2021-02-21,2021,mean_flow_m3s,exclude_2016_2017,606.1875,593.6446730783937,1.0,0.0
2021-02-22,2021,mean_flow_m3s,exclude_2016_2017,606.1041666666666,600.7851842739226,1.0,0.0
2021-02-23,2021,mean_flow_m3s,exclude_2016_2017,588.625,608.2808028979679,1.0,0.0
2021-02-24,2021,mean_flow_m3s,exclude_2016_2017,598.9791666666666,616.4400251653159,1.0,0.0
2021-02-25,2021,mean_flow_m3s,exclude_2016_2017,704.0625,624.8150873533745,1.0,0.0
2021-02-26,2021,mean_flow_m3s,exclude_2016_2017,751.5,633.697876362832,1.0,0.0
2021-02-27,2021,mean_flow_m3s,exclude_2016_2017,785.25,642.889897502961,1.0,0.0
2021-02-28,2021,mean_flow_m3s,exclude_2016_2017,795.0,652.7066194750408,1.0,0.0
2021-03-01,2021,mean_flow_m3s,exclude_2016_2017,856.9375,662.8558548848753,1.0,0.0
2021-03-02,2021,mean_flow_m3s,exclude_2016_2017,888.1041666666666,673.3118993628008,1.0,0.0
2021-03-03,2021,mean_flow_m3s,exclude_2016_2017,892.5208333333334,683.7770424028345,1.0,0.0
2021-03-04,2021,mean_flow_m3s,exclude_2016_2017,943.9791666666666,693.8405024467122,1.0,0.0
2021-03-05,2021,mean_flow_m3s,exclude_2016_2017,1099.1666666666667,703.8484635404774,1.0,0.0
2021-03-06,2021,mean_flow_m3s,exclude_2016_2017,998.625,713.2936081531014,1.0,0.0
2021-03-07,2021,mean_flow_m3s,exclude_2016_2017,1005.9166666666666,722.090012493022,1.0,0.0
2021-03-08,2021,mean_flow_m3s,exclude_2016_2017,1010.3541666666666,731.1218598134118,1.0,0.0
2021-03-09,2021,mean_flow_m3s,exclude_2016_2017,964.4791666666666,740.6606271907928,1.0,0.0
2021-03-10,2021,mean_flow_m3s,exclude_2016_2017,938.2083333333334,750.5174171067346,1.0,0.0
2021-03-11,2021,mean_flow_m3s,exclude_2016_2017,928.9375,760.7906284241852,1.0,0.0
2021-03-12,2021,mean_flow_m3s,exclude_2016_2017,971.0625,771.3729798833675,1.0,0.0
2021-03-13,2021,mean_flow_m3s,exclude_2016_2017,1192.0833333333333,781.9850155436948,1.0,0.0
2021-03-14,2021,mean_flow_m3s,exclude_2016_2017,1385.4166666666667,793.1753301700301,1.0,0.0
2021-03-15,2021,mean_flow_m3s,exclude_2016_2017,1471.875,804.649298770794,1.0,0.0
2021-03-16,2021,mean_flow_m3s,exclude_2016_2017,1309.7916666666667,817.0002566748068,1.0,0.0
2021-03-17,2021,mean_flow_m3s,exclude_2016_2017,1117.7083333333333,830.0112753448477,1.0,0.0
2021-03-18,2021,mean_flow_m3s,exclude_2016_2017,1475.4166666666667,843.2591436124128,1.0,0.0
2021-03-19,2021,mean_flow_m3s,exclude_2016_2017,1590.0,857.9181916379777,1.0,0.0
2021-03-20,2021,mean_flow_m3s,exclude_2016_2017,1137.2916666666667,873.0163841566333,1.0,0.0
2021-03-21,2021,mean_flow_m3s,exclude_2016_2017,1103.125,888.9913232062185,1.0,0.0
2021-03-22,2021,mean_flow_m3s,exclude_2016_2017,997.6875,905.9567592681362,1.0,0.0
2021-03-23,2021,mean_flow_m3s,exclude_2016_2017,939.2291666666666,923.2957450791989,1.0,0.0
2021-03-24,2021,mean_flow_m3s,exclude_2016_2017,909.25,940.7260846374232,1.0,0.0
2021-03-25,2021,mean_flow_m3s,exclude_2016_2017,890.625,958.3619643921171,1.0,0.0
2021-03-26,2021,mean_flow_m3s,exclude_2016_2017,862.3958333333334,975.3429584618337,1.0,0.0
2021-03-27,2021,mean_flow_m3s,exclude_2016_2017,885.4375,991.8584719707486,1.0,0.0
2021-03-28,2021,mean_flow_m3s,exclude_2016_2017,854.3333333333334,1008.2735417896195,1.0,0.0
2021-03-29,2021,mean_flow_m3s,exclude_2016_2017,866.8333333333334,1024.2705414816387,1.0,0.0
2021-03-30,2021,mean_flow_m3s,exclude_2016_2017,852.0416666666666,1039.6895892617497,1.0,0.0
2021-03-31,2021,mean_flow_m3s,exclude_2016_2017,858.8125,1054.2734396856827,1.0,0.0
2021-04-01,2021,mean_flow_m3s,exclude_2016_2017,858.4791666666666,1067.98933667059,1.0,0.0
2021-04-02,2021,mean_flow_m3s,exclude_2016_2017,855.875,1080.6460340476406,1.0,0.0
2021-04-03,2021,mean_flow_m3s,exclude_2016_2017,912.7083333333334,1092.4107566169773,1.0,0.0
2021-04-04,2021,mean_flow_m3s,exclude_2016_2017,900.0625,1103.518827400952,1.0,0.0
2021-04-05,2021,mean_flow_m3s,exclude_2016_2017,872.5,1113.948740143621,1.0,0.0
2021-04-06,2021,mean_flow_m3s,exclude_2016_2017,874.4791666666666,1123.9403153420221,1.0,0.0
2021-04-07,2021,mean_flow_m3s,exclude_2016_2017,858.5833333333334,1133.614966302827,1.0,0.0
2021-04-08,2021,mean_flow_m3s,exclude_2016_2017,847.5,1143.4699257261232,1.0,0.0
2021-04-09,2021,mean_flow_m3s,exclude_2016_2017,833.5625,1153.735637579993,1.0,0.0
2021-04-10,2021,mean_flow_m3s,exclude_2016_2017,826.8333333333334,1164.3777938693365,1.0,0.0
2021-04-11,2021,mean_flow_m3s,exclude_2016_2017,810.4166666666666,1175.4553999121572,1.0,0.0
2021-04-12,2021,mean_flow_m3s,exclude_2016_2017,804.0208333333334,1187.4097808999247,1.0,0.0
2021-04-13,2021,mean_flow_m3s,exclude_2016_2017,824.9375,1199.7608670751433,1.0,0.0
2021-04-14,2021,mean_flow_m3s,exclude_2016_2017,811.3333333333334,1212.3979549610615,1.0,0.0
2021-04-15,2021,mean_flow_m3s,exclude_2016_2017,819.0833333333334,1225.0370256441045,1.0,0.0
2021-04-16,2021,mean_flow_m3s,exclude_2016_2017,794.8333333333334,1237.383274281395,1.0,0.0
2021-04-17,2021,mean_flow_m3s,exclude_2016_2017,788.8333333333334,1249.4454273143178,1.0,0.0
2021-04-18,2021,mean_flow_m3s,exclude_2016_2017,793.9583333333334,1261.2555890387514,1.0,0.0
2021-04-19,2021,mean_flow_m3s,exclude_2016_2017,791.875,1272.545046470128,1.0,0.0
2021-04-20,2021,mean_flow_m3s,exclude_2016_2017,796.1875,1283.3929003770766,1.0,0.0
2021-04-21,2021,mean_flow_m3s,exclude_2016_2017,808.9166666666666,1293.3043708190344,1.0,0.0
2021-04-22,2021,mean_flow_m3s,exclude_2016_2017,832.0833333333334,1302.3220963173683,1.0,0.0
2021-04-23,2021,mean_flow_m3s,exclude_2016_2017,915.2708333333334,1310.3849274701045,1.0,0.0
2021-04-24,2021,mean_flow_m3s,exclude_2016_2017,1057.9166666666667,1317.287636504799,1.0,0.0
2021-04-25,2021,mean_flow_m3s,exclude_2016_2017,1157.9166666666667,1322.6308260165092,1.0,0.0
2021-04-26,2021,mean_flow_m3s,exclude_2016_2017,1221.0416666666667,1326.3441260906661,1.0,0.0
2021-04-27,2021,mean_flow_m3s,exclude_2016_2017,1300.4166666666667,1328.2568911384446,1.0,0.0
2021-04-28,2021,mean_flow_m3s,exclude_2016_2017,1429.7916666666667,1328.4511113355056,1.0,0.0
2021-04-29,2021,mean_flow_m3s,exclude_2016_2017,1476.25,1327.188708848047,1.0,0.0
2021-04-30,2021,mean_flow_m3s,exclude_2016_2017,1480.2083333333333,1324.5430107631857,1.0,0.0
2021-05-01,2021,mean_flow_m3s,exclude_2016_2017,1439.7916666666667,1321.26541658704,1.0,0.0
2021-05-02,2021,mean_flow_m3s,exclude_2016_2017,1397.5,1317.3533675873127,1.0,0.0
2021-05-03,2021,mean_flow_m3s,exclude_2016_2017,1446.4583333333333,1313.2808026527116,1.0,0.0
2021-05-04,2021,mean_flow_m3s,exclude_2016_2017,1489.1666666666667,1309.117055512768,1.0,0.0
2021-05-05,2021,mean_flow_m3s,exclude_2016_2017,1504.375,1304.877780185727,1.0,0.0
2021-05-06,2021,mean_flow_m3s,exclude_2016_2017,1515.625,1300.6458202464646,1.0,0.0
2021-05-07,2021,mean_flow_m3s,exclude_2016_2017,1534.1666666666667,1296.514468357402,1.0,0.0
2021-05-08,2021,mean_flow_m3s,exclude_2016_2017,1545.4166666666667,1292.345915382245,1.0,0.0
2021-05-09,2021,mean_flow_m3s,exclude_2016_2017,1534.1666666666667,1288.2876885735463,1.0,0.0
2021-05-10,2021,mean_flow_m3s,exclude_2016_2017,1464.7916666666667,1283.8805971000836,1.0,0.0
2021-05-11,2021,mean_flow_m3s,exclude_2016_2017,1478.5416666666667,1280.0900149088225,1.0,0.0
2021-05-12,2021,mean_flow_m3s,exclude_2016_2017,1506.25,1277.0892138808197,1.0,0.0
2021-05-13,2021,mean_flow_m3s,exclude_2016_2017,1517.0833333333333,1274.447723615429,1.0,0.0
2021-05-14,2021,mean_flow_m3s,exclude_2016_2017,1531.0416666666667,1272.4911526080473,1.0,0.0
2021-05-15,2021,mean_flow_m3s,exclude_2016_2017,1543.9583333333333,1270.898164811453,1.0,0.0
2021-05-16,2021,mean_flow_m3s,exclude_2016_2017,1554.7916666666667,1270.0678994345215,1.0,0.0
2021-05-17,2021,mean_flow_m3s,exclude_2016_2017,1592.0833333333333,1269.683434819324,1.0,0.0
2021-05-18,2021,mean_flow_m3s,exclude_2016_2017,1605.2083333333333,1269.3606191420145,1.0,0.0
2021-05-19,2021,mean_flow_m3s,exclude_2016_2017,1581.0416666666667,1268.8553634005025,1.0,0.0
2021-05-20,2021,mean_flow_m3s,exclude_2016_2017,1566.0416666666667,1268.247787811729,1.0,0.0
2021-05-21,2021,mean_flow_m3s,exclude_2016_2017,1558.75,1267.6336064382228,1.0,0.0
2021-05-22,2021,mean_flow_m3s,exclude_2016_2017,1556.0416666666667,1266.852083089803,1.0,0.0
2021-05-23,2021,mean_flow_m3s,exclude_2016_2017,1540.625,1265.5091120583436,1.0,0.0
2021-05-24,2021,mean_flow_m3s,exclude_2016_2017,1562.2916666666667,1263.766690350879,1.0,0.0
2021-05-25,2021,mean_flow_m3s,exclude_2016_2017,1523.5416666666667,1261.331261653792,1.0,0.0
2021-05-26,2021,mean_flow_m3s,exclude_2016_2017,1582.5,1259.0501924477312,1.0,0.0
2021-05-27,2021,mean_flow_m3s,exclude_2016_2017,1589.1666666666667,1256.9279832367733,1.0,0.0
2021-05-28,2021,mean_flow_m3s,exclude_2016_2017,1557.0833333333333,1254.1401871709018,1.0,0.0
2021-05-29,2021,mean_flow_m3s,exclude_2016_2017,1566.875,1251.1509604823707,1.0,0.0
2021-05-30,2021,mean_flow_m3s,exclude_2016_2017,1514.375,1247.8845026334259,1.0,0.0
2021-05-31,2021,mean_flow_m3s,exclude_2016_2017,1538.9583333333333,1244.364127870027,1.0,0.0
2021-06-01,2021,mean_flow_m3s,exclude_2016_2017,1500.2083333333333,1240.7522663912393,1.0,0.0
2021-06-02,2021,mean_flow_m3s,exclude_2016_2017,1511.0416666666667,1237.656407420807,1.0,0.0
2021-06-03,2021,mean_flow_m3s,exclude_2016_2017,1529.1666666666667,1235.834396158743,1.0,0.0
2021-06-04,2021,mean_flow_m3s,exclude_2016_2017,1488.5416666666667,1235.9394142239437,1.0,0.0
2021-06-05,2021,mean_flow_m3s,exclude_2016_2017,1599.5833333333333,1237.5823370916085,1.0,0.0
2021-06-06,2021,mean_flow_m3s,exclude_2016_2017,1552.9166666666667,1240.199493366103,1.0,0.0
2021-06-07,2021,mean_flow_m3s,exclude_2016_2017,1468.9583333333333,1244.7689904644067,1.0,0.0
2021-06-08,2021,mean_flow_m3s,exclude_2016_2017,1408.5416666666667,1252.5857564400092,1.0,0.0
2021-06-09,2021,mean_flow_m3s,exclude_2016_2017,1376.6666666666667,1265.2068276597981,1.0,0.0
2021-06-10,2021,mean_flow_m3s,exclude_2016_2017,1368.3333333333333,1283.3082042212038,1.0,0.0
2021-06-11,2021,mean_flow_m3s,exclude_2016_2017,1359.7916666666667,1306.0304177481162,1.0,0.0
2021-06-12,2021,mean_flow_m3s,exclude_2016_2017,1422.5,1335.596290076641,1.0,0.0
2021-06-13,2021,mean_flow_m3s,exclude_2016_2017,1562.7083333333333,1374.585485809654,1.0,0.0
2021-06-14,2021,mean_flow_m3s,exclude_2016_2017,1753.5416666666667,1423.0752189271072,1.0,0.0
2021-06-15,2021,mean_flow_m3s,exclude_2016_2017,1898.75,1480.534057885504,1.0,0.0
2021-06-16,2021,mean_flow_m3s,exclude_2016_2017,1958.75,1547.318298350056,1.0,0.0
2021-06-17,2021,mean_flow_m3s,exclude_2016_2017,1995.2083333333333,1622.6214735425606,1.0,0.0
2021-06-18,2021,mean_flow_m3s,exclude_2016_2017,2097.5,1706.2307352627379,1.0,0.0
2021-06-19,2021,mean_flow_m3s,exclude_2016_2017,2201.0416666666665,1797.3693285126633,1.0,0.0
2021-06-20,2021,mean_flow_m3s,exclude_2016_2017,2235.208333333333,1895.4777220206815,1.0,0.0
2021-06-21,2021,mean_flow_m3s,exclude_2016_2017,2300.4166666666665,2001.885713826931,1.0,0.0
2021-06-22,2021,mean_flow_m3s,exclude_2016_2017,2513.5416666666665,2115.1296058018165,1.0,0.0
2021-06-23,2021,mean_flow_m3s,exclude_2016_2017,2984.375,2233.366977213594,1.0,0.0
2021-06-24,2021,mean_flow_m3s,exclude_2016_2017,3527.083333333333,2355.1021994651624,1.0,0.0
2021-06-25,2021,mean_flow_m3s,exclude_2016_2017,3861.25,2476.1217857443753,1.0,0.0
2021-06-26,2021,mean_flow_m3s,exclude_2016_2017,4047.0833333333335,2594.234359940658,1.0,0.0
2021-06-27,2021,mean_flow_m3s,exclude_2016_2017,4082.0833333333335,2707.8443829905764,1.0,0.0
2021-06-28,2021,mean_flow_m3s,exclude_2016_2017,4133.541666666667,2814.188412161613,1.0,0.0
2021-06-29,2021,mean_flow_m3s,exclude_2016_2017,4199.583333333333,2909.5491271047053,1.0,0.0
2021-06-30,2021,mean_flow_m3s,exclude_2016_2017,4208.958333333333,2995.0077507605024,1.0,0.0
2021-07-01,2021,mean_flow_m3s,exclude_2016_2017,4147.083333333333,3068.834205117609,1.0,0.0
2021-07-02,2021,mean_flow_m3s,exclude_2016_2017,4077.2916666666665,3128.7422368261186,1.0,0.0
2021-07-03,2021,mean_flow_m3s,exclude_2016_2017,4025.625,3174.400074504972,1.0,0.0
2021-07-04,2021,mean_flow_m3s,exclude_2016_2017,3926.25,3205.959538195824,1.0,0.0
2021-07-05,2021,mean_flow_m3s,exclude_2016_2017,3301.6666666666665,3223.152892056096,1.0,0.0
2021-07-06,2021,mean_flow_m3s,exclude_2016_2017,2678.125,3227.3214461277576,1.0,0.0
2021-07-07,2021,mean_flow_m3s,exclude_2016_2017,2646.875,3219.6566778758356,1.0,0.0
2021-07-08,2021,mean_flow_m3s,exclude_2016_2017,2293.5416666666665,3199.9982082154297,1.0,0.0
2021-07-09,2021,mean_flow_m3s,exclude_2016_2017,1862.2916666666667,3170.0443438957814,1.0,0.0
2021-07-10,2021,mean_flow_m3s,exclude_2016_2017,988.375,3130.8713075926285,1.0,0.0
2021-07-11,2021,mean_flow_m3s,exclude_2016_2017,751.3333333333334,3086.4064669427444,1.0,0.0
2021-07-12,2021,mean_flow_m3s,exclude_2016_2017,720.6041666666666,3039.942319868642,1.0,0.0
2021-07-13,2021,mean_flow_m3s,exclude_2016_2017,694.0208333333334,2987.63717926918,1.0,0.0
2021-07-14,2021,mean_flow_m3s,exclude_2016_2017,844.0833333333334,2931.946650861932,1.0,0.0
2021-07-15,2021,mean_flow_m3s,exclude_2016_2017,1057.7083333333333,2876.5435465499445,1.0,0.0
2021-07-16,2021,mean_flow_m3s,exclude_2016_2017,1033.2708333333333,2824.5026754139612,1.0,0.0
2021-07-17,2021,mean_flow_m3s,exclude_2016_2017,945.8958333333334,2778.014546933346,1.0,0.0
2021-07-18,2021,mean_flow_m3s,exclude_2016_2017,841.8125,2735.7939205403068,1.0,0.0
2021-07-19,2021,mean_flow_m3s,exclude_2016_2017,683.75,2697.310256320658,1.0,0.0
2021-07-20,2021,mean_flow_m3s,exclude_2016_2017,658.9583333333334,2662.185082258634,1.0,0.0
2021-07-21,2021,mean_flow_m3s,exclude_2016_2017,1484.9583333333333,2630.4102891501993,1.0,0.0
2021-07-22,2021,mean_flow_m3s,exclude_2016_2017,3713.75,2600.1473583125094,1.0,0.0
2021-07-23,2021,mean_flow_m3s,exclude_2016_2017,2578.333333333333,2574.168180901891,1.0,0.0
2021-07-24,2021,mean_flow_m3s,exclude_2016_2017,2179.1666666666665,2554.2368652764158,1.0,0.0
2021-07-25,2021,mean_flow_m3s,exclude_2016_2017,2167.5,2537.0408470774505,1.0,0.0
2021-07-26,2021,mean_flow_m3s,exclude_2016_2017,2169.1666666666665,2522.413041375402,1.0,0.0
2021-07-27,2021,mean_flow_m3s,exclude_2016_2017,2025.2083333333333,2509.507404785992,1.0,0.0
2021-07-28,2021,mean_flow_m3s,exclude_2016_2017,1640.625,2493.7550266473086,1.0,0.0
2021-07-29,2021,mean_flow_m3s,exclude_2016_2017,1265.8333333333333,2478.0669449807083,1.0,0.0
2021-07-30,2021,mean_flow_m3s,exclude_2016_2017,1014.8125,2463.7260158738654,1.0,0.0
2021-07-31,2021,mean_flow_m3s,exclude_2016_2017,944.4166666666666,2448.30562914391,1.0,0.0
2021-08-01,2021,mean_flow_m3s,exclude_2016_2017,864.0,2431.5585138117967,1.0,0.0
2021-08-02,2021,mean_flow_m3s,exclude_2016_2017,803.4791666666666,2414.799143340453,1.0,0.0
2021-08-03,2021,mean_flow_m3s,exclude_2016_2017,776.25,2394.1837939935203,1.0,0.0
2021-08-04,2021,mean_flow_m3s,exclude_2016_2017,763.0833333333334,2369.526055878462,1.0,0.0
2021-08-05,2021,mean_flow_m3s,exclude_2016_2017,743.9166666666666,2342.4323876095914,1.0,0.0
2021-08-06,2021,mean_flow_m3s,exclude_2016_2017,727.9791666666666,2313.60714940685,1.0,0.0
2021-08-07,2021,mean_flow_m3s,exclude_2016_2017,722.0,2282.8897677293326,1.0,0.0
2021-08-08,2021,mean_flow_m3s,exclude_2016_2017,726.25,2253.545451178501,1.0,0.0
2021-08-09,2021,mean_flow_m3s,exclude_2016_2017,702.6041666666666,2226.8558153533168,1.0,0.0
2021-08-10,2021,mean_flow_m3s,exclude_2016_2017,687.2916666666666,2201.9315978643813,1.0,0.0
2021-08-11,2021,mean_flow_m3s,exclude_2016_2017,676.6458333333334,2176.651854356272,1.0,0.0
2021-08-12,2021,mean_flow_m3s,exclude_2016_2017,618.1458333333334,2152.292004711205,1.0,0.0
2021-08-13,2021,mean_flow_m3s,exclude_2016_2017,541.6458333333334,2133.676560785481,1.0,0.0
2021-08-14,2021,mean_flow_m3s,exclude_2016_2017,531.9166666666666,2119.232128131463,1.0,0.0
2021-08-15,2021,mean_flow_m3s,exclude_2016_2017,599.6875,2108.8620513344636,1.0,0.0
2021-08-16,2021,mean_flow_m3s,exclude_2016_2017,614.3333333333334,2102.339699074604,1.0,0.0
2021-08-17,2021,mean_flow_m3s,exclude_2016_2017,554.0625,2099.7098778034288,1.0,0.0
2021-08-18,2021,mean_flow_m3s,exclude_2016_2017,518.7916666666666,2104.5692426350856,1.0,0.0
2021-08-19,2021,mean_flow_m3s,exclude_2016_2017,505.6666666666667,2116.8482835355508,1.0,0.0
2021-08-20,2021,mean_flow_m3s,exclude_2016_2017,534.3333333333334,2137.3453624456633,1.0,0.0
2021-08-21,2021,mean_flow_m3s,exclude_2016_2017,503.2083333333333,2163.35042263314,1.0,0.0
2021-08-22,2021,mean_flow_m3s,exclude_2016_2017,506.2916666666667,2193.4384368413007,1.0,0.0
2021-08-23,2021,mean_flow_m3s,exclude_2016_2017,517.5416666666666,2225.407262416298,1.0,0.0
2021-08-24,2021,mean_flow_m3s,exclude_2016_2017,554.2916666666666,2258.4566675504866,1.0,0.0
2021-08-25,2021,mean_flow_m3s,exclude_2016_2017,593.2291666666666,2294.8019632448104,1.0,0.0
2021-08-26,2021,mean_flow_m3s,exclude_2016_2017,722.8125,2332.452978103982,1.0,0.0
2021-08-27,2021,mean_flow_m3s,exclude_2016_2017,753.2291666666666,2366.1195557725473,1.0,0.0
2021-08-28,2021,mean_flow_m3s,exclude_2016_2017,611.5,2397.364305809046,1.0,0.0
2021-08-29,2021,mean_flow_m3s,exclude_2016_2017,536.4583333333334,2422.295733111315,1.0,0.0
2021-08-30,2021,mean_flow_m3s,exclude_2016_2017,582.0,2439.897012574338,1.0,0.0
2021-08-31,2021,mean_flow_m3s,exclude_2016_2017,755.5833333333334,2449.484739085911,1.0,0.0
2021-09-01,2021,mean_flow_m3s,exclude_2016_2017,1134.75,2453.6288165256215,1.0,0.0
2021-09-02,2021,mean_flow_m3s,exclude_2016_2017,1694.5833333333333,2452.0806505046303,1.0,0.0
2021-09-03,2021,mean_flow_m3s,exclude_2016_2017,1935.0,2448.3322271420716,1.0,0.0
2021-09-04,2021,mean_flow_m3s,exclude_2016_2017,2207.2916666666665,2441.0433556720586,1.0,0.0
2021-09-05,2021,mean_flow_m3s,exclude_2016_2017,2123.333333333333,2428.8074461354545,1.0,0.0
2021-09-06,2021,mean_flow_m3s,exclude_2016_2017,1661.4583333333333,2412.8687973463675,1.0,0.0
2021-09-07,2021,mean_flow_m3s,exclude_2016_2017,1411.0416666666667,2395.0863918379882,1.0,0.0
2021-09-08,2021,mean_flow_m3s,exclude_2016_2017,1161.6666666666667,2374.338588208476,1.0,0.0
2021-09-09,2021,mean_flow_m3s,exclude_2016_2017,1130.0,2349.996788298262,1.0,0.0
2021-09-10,2021,mean_flow_m3s,exclude_2016_2017,1010.9583333333334,2325.061208572736,1.0,0.0
2021-09-11,2021,mean_flow_m3s,exclude_2016_2017,892.125,2303.267204866833,1.0,0.0
2021-09-12,2021,mean_flow_m3s,exclude_2016_2017,822.9791666666666,2285.065452468298,1.0,0.0
2021-09-13,2021,mean_flow_m3s,exclude_2016_2017,715.3125,2272.358659185083,1.0,0.0
2021-09-14,2021,mean_flow_m3s,exclude_2016_2017,666.0,2263.452436150061,1.0,0.0
2021-09-15,2021,mean_flow_m3s,exclude_2016_2017,632.5,2258.4481077355595,1.0,0.0
2021-09-16,2021,mean_flow_m3s,exclude_2016_2017,546.4791666666666,2256.781390655915,1.0,0.0
2021-09-17,2021,mean_flow_m3s,exclude_2016_2017,523.4791666666666,2257.061034359635,1.0,0.0
2021-09-18,2021,mean_flow_m3s,exclude_2016_2017,604.0625,2258.110773196022,1.0,0.0
2021-09-19,2021,mean_flow_m3s,exclude_2016_2017,1096.9166666666667,2259.088326609274,1.0,0.0
2021-09-20,2021,mean_flow_m3s,exclude_2016_2017,1782.5,2259.690439090444,1.0,0.0
2021-09-21,2021,mean_flow_m3s,exclude_2016_2017,2730.833333333333,2261.1149083988007,1.0,0.0
2021-09-22,2021,mean_flow_m3s,exclude_2016_2017,3604.1666666666665,2261.5588139638458,1.0,0.0
2021-09-23,2021,mean_flow_m3s,exclude_2016_2017,3389.583333333333,2259.383080487064,1.0,0.0
2021-09-24,2021,mean_flow_m3s,exclude_2016_2017,3053.958333333333,2254.3445611145626,1.0,0.0
2021-09-25,2021,mean_flow_m3s,exclude_2016_2017,2624.7916666666665,2246.5044587374873,1.0,0.0
2021-09-26,2021,mean_flow_m3s,exclude_2016_2017,2546.0416666666665,2238.876610181587,1.0,0.0
2021-09-27,2021,mean_flow_m3s,exclude_2016_2017,2549.375,2233.024320569014,1.0,0.0
2021-09-28,2021,mean_flow_m3s,exclude_2016_2017,3077.083333333333,2226.73534562668,1.0,0.0
2021-09-29,2021,mean_flow_m3s,exclude_2016_2017,4285.833333333333,2217.0592922324454,1.0,0.0
2021-09-30,2021,mean_flow_m3s,exclude_2016_2017,4818.333333333333,2204.288605987322,1.0,0.0
2021-10-01,2021,mean_flow_m3s,exclude_2016_2017,4755.833333333333,2189.2809521537765,1.0,0.0
2021-10-02,2021,mean_flow_m3s,exclude_2016_2017,4913.125,2171.4877882000937,1.0,0.0
2021-10-03,2021,mean_flow_m3s,exclude_2016_2017,4919.166666666667,2151.8915731660004,1.0,0.0
2021-10-04,2021,mean_flow_m3s,exclude_2016_2017,4964.583333333333,2130.2559122443577,1.0,0.0
2021-10-05,2021,mean_flow_m3s,exclude_2016_2017,4959.791666666667,2107.3316248020974,1.0,0.0
2021-10-06,2021,mean_flow_m3s,exclude_2016_2017,4919.166666666667,2083.2719667745296,1.0,0.0
2021-10-07,2021,mean_flow_m3s,exclude_2016_2017,4881.666666666667,2057.155647913743,1.0,0.0
2021-10-08,2021,mean_flow_m3s,exclude_2016_2017,4845.208333333333,2028.361203323091,1.0,0.0
2021-10-09,2021,mean_flow_m3s,exclude_2016_2017,4840.0,1996.7384690892115,1.0,0.0
2021-10-10,2021,mean_flow_m3s,exclude_2016_2017,4818.75,1962.9279523786165,1.0,0.0
2021-10-11,2021,mean_flow_m3s,exclude_2016_2017,4832.5,1927.0728983442432,1.0,0.0
2021-10-12,2021,mean_flow_m3s,exclude_2016_2017,4831.875,1887.528956898482,1.0,0.0
2021-10-13,2021,mean_flow_m3s,exclude_2016_2017,4829.583333333333,1844.0754271340966,1.0,0.0
2021-10-14,2021,mean_flow_m3s,exclude_2016_2017,4800.625,1795.3129435474248,1.0,0.0
2021-10-15,2021,mean_flow_m3s,exclude_2016_2017,4799.375,1743.6210531410059,1.0,0.0
2021-10-16,2021,mean_flow_m3s,exclude_2016_2017,4792.291666666667,1688.7870566911117,1.0,0.0
2021-10-17,2021,mean_flow_m3s,exclude_2016_2017,4803.958333333333,1632.28412646679,1.0,0.0
2021-10-18,2021,mean_flow_m3s,exclude_2016_2017,4762.5,1574.726825266353,1.0,0.0
2021-10-19,2021,mean_flow_m3s,exclude_2016_2017,4731.041666666667,1516.4423686668688,1.0,0.0
2021-10-20,2021,mean_flow_m3s,exclude_2016_2017,4777.083333333333,1457.798860696902,1.0,0.0
2021-10-21,2021,mean_flow_m3s,exclude_2016_2017,4784.375,1398.1765496185596,1.0,0.0
2021-10-22,2021,mean_flow_m3s,exclude_2016_2017,4379.791666666667,1338.398596165566,1.0,0.0
2021-10-23,2021,mean_flow_m3s,exclude_2016_2017,3192.5,1280.8392512524106,1.0,0.0
2021-10-24,2021,mean_flow_m3s,exclude_2016_2017,2416.6666666666665,1226.4097607773863,1.0,0.0
2021-10-25,2021,mean_flow_m3s,exclude_2016_2017,1989.1666666666667,1174.800559667433,1.0,0.0
2021-10-26,2021,mean_flow_m3s,exclude_2016_2017,1868.9583333333333,1126.3362031681202,1.0,0.0
2021-10-27,2021,mean_flow_m3s,exclude_2016_2017,1816.4583333333333,1080.2261186070111,1.0,0.0
2021-10-28,2021,mean_flow_m3s,exclude_2016_2017,1767.5,1036.8496186103082,1.0,0.0
2021-10-29,2021,mean_flow_m3s,exclude_2016_2017,1738.125,997.2201067543991,1.0,0.0
2021-10-30,2021,mean_flow_m3s,exclude_2016_2017,1833.5416666666667,962.4416421192416,1.0,0.0
2021-10-31,2021,mean_flow_m3s,exclude_2016_2017,2199.7916666666665,930.5156457785504,1.0,0.0
2021-11-01,2021,mean_flow_m3s,exclude_2016_2017,2383.125,901.0451732729357,1.0,0.0
2021-11-02,2021,mean_flow_m3s,exclude_2016_2017,2222.9166666666665,873.5023361670051,1.0,0.0
2021-11-03,2021,mean_flow_m3s,exclude_2016_2017,1647.5,847.7295559866661,1.0,0.0
2021-11-04,2021,mean_flow_m3s,exclude_2016_2017,1743.125,824.7115916181542,1.0,0.0
2021-11-05,2021,mean_flow_m3s,exclude_2016_2017,2026.6666666666667,803.5298904442952,1.0,0.0
2021-11-06,2021,mean_flow_m3s,exclude_2016_2017,2150.208333333333,784.6519689863561,1.0,0.0
2021-11-07,2021,mean_flow_m3s,exclude_2016_2017,2321.25,767.3918136135118,1.0,0.0
2021-11-08,2021,mean_flow_m3s,exclude_2016_2017,2381.6666666666665,754.1238564633026,1.0,0.0
2021-11-09,2021,mean_flow_m3s,exclude_2016_2017,2300.625,742.8651896357994,1.0,0.0
2021-11-10,2021,mean_flow_m3s,exclude_2016_2017,2227.9166666666665,731.2653004738855,1.0,0.0
2021-11-11,2021,mean_flow_m3s,exclude_2016_2017,2166.25,719.8450426945769,1.0,0.0
2021-11-12,2021,mean_flow_m3s,exclude_2016_2017,2108.75,709.3138729800836,1.0,0.0
2021-11-13,2021,mean_flow_m3s,exclude_2016_2017,2136.25,699.5680257438445,1.0,0.0
2021-11-14,2021,mean_flow_m3s,exclude_2016_2017,2162.708333333333,690.6903361337852,1.0,0.0
2021-11-15,2021,mean_flow_m3s,exclude_2016_2017,2005.625,682.4652664941964,1.0,0.0
2021-11-16,2021,mean_flow_m3s,exclude_2016_2017,1720.0,677.1347451768762,1.0,0.0
2021-11-17,2021,mean_flow_m3s,exclude_2016_2017,1558.9583333333333,671.7353034931183,1.0,0.0
2021-11-18,2021,mean_flow_m3s,exclude_2016_2017,1619.7916666666667,666.2350120651281,1.0,0.0
2021-11-19,2021,mean_flow_m3s,exclude_2016_2017,1577.7083333333333,661.2391768749762,1.0,0.0
2021-11-20,2021,mean_flow_m3s,exclude_2016_2017,1452.2916666666667,656.6206800426443,1.0,0.0
2021-11-21,2021,mean_flow_m3s,exclude_2016_2017,1436.0416666666667,652.4553086657031,1.0,0.0
2021-11-22,2021,mean_flow_m3s,exclude_2016_2017,1388.125,648.2913055734816,1.0,0.0
2021-11-23,2021,mean_flow_m3s,exclude_2016_2017,1349.7916666666667,644.0768925185996,1.0,0.0
2021-11-24,2021,mean_flow_m3s,exclude_2016_2017,1364.375,639.7809256742132,1.0,0.0
2021-11-25,2021,mean_flow_m3s,exclude_2016_2017,1330.0,635.1340694275624,1.0,0.0
2021-11-26,2021,mean_flow_m3s,exclude_2016_2017,1372.0833333333333,630.3394093058375,1.0,0.0
2021-11-27,2021,mean_flow_m3s,exclude_2016_2017,1402.9166666666667,625.160355977758,1.0,0.0
2021-11-28,2021,mean_flow_m3s,exclude_2016_2017,1399.1666666666667,619.624660160863,1.0,0.0
2021-11-29,2021,mean_flow_m3s,exclude_2016_2017,1352.9166666666667,613.510372404597,1.0,0.0
2021-11-30,2021,mean_flow_m3s,exclude_2016_2017,1336.875,606.8232550475949,1.0,0.0
2021-12-01,2021,mean_flow_m3s,exclude_2016_2017,1338.125,599.8479053166885,1.0,0.0
2021-12-02,2021,mean_flow_m3s,exclude_2016_2017,1305.4166666666667,592.654832960976,1.0,0.0
2021-12-03,2021,mean_flow_m3s,exclude_2016_2017,1135.4166666666667,586.0890889028382,1.0,0.0
2021-12-04,2021,mean_flow_m3s,exclude_2016_2017,1038.0,579.286404470333,1.0,0.0
2021-12-05,2021,mean_flow_m3s,exclude_2016_2017,947.1666666666666,572.0508995293508,1.0,0.0
2021-12-06,2021,mean_flow_m3s,exclude_2016_2017,986.4375,564.6730937795594,1.0,0.0
2021-12-07,2021,mean_flow_m3s,exclude_2016_2017,933.0833333333334,557.090304865169,1.0,0.0
2021-12-08,2021,mean_flow_m3s,exclude_2016_2017,861.0416666666666,549.5647157420616,1.0,0.0
2021-12-09,2021,mean_flow_m3s,exclude_2016_2017,841.3541666666666,540.218703972111,1.0,0.0
2021-12-10,2021,mean_flow_m3s,exclude_2016_2017,811.25,531.524137296877,1.0,0.0
2021-12-11,2021,mean_flow_m3s,exclude_2016_2017,865.4375,525.117014089301,1.0,0.0
2021-12-12,2021,mean_flow_m3s,exclude_2016_2017,917.3125,519.7259498188688,1.0,0.0
2021-12-13,2021,mean_flow_m3s,exclude_2016_2017,910.2916666666666,515.127305470989,1.0,0.0
2021-12-14,2021,mean_flow_m3s,exclude_2016_2017,867.6041666666666,510.45776471277634,1.0,0.0
2021-12-15,2021,mean_flow_m3s,exclude_2016_2017,851.5416666666666,506.4176261095924,1.0,0.0
2021-12-16,2021,mean_flow_m3s,exclude_2016_2017,909.8125,503.5905825687862,1.0,0.0
2021-12-17,2021,mean_flow_m3s,exclude_2016_2017,985.2291666666666,499.6634758369063,1.0,0.0
2021-12-18,2021,mean_flow_m3s,exclude_2016_2017,1064.375,496.7976311218044,1.0,0.0
2021-12-19,2021,mean_flow_m3s,exclude_2016_2017,1061.6666666666667,495.1270202288185,1.0,0.0
2021-12-20,2021,mean_flow_m3s,exclude_2016_2017,1059.375,493.5638058963063,1.0,0.0
2021-12-21,2021,mean_flow_m3s,exclude_2016_2017,1040.625,492.3287137644207,1.0,0.0
2021-12-22,2021,mean_flow_m3s,exclude_2016_2017,1051.6666666666667,491.0205466583091,1.0,0.0
2021-12-23,2021,mean_flow_m3s,exclude_2016_2017,1050.625,489.7698583320706,1.0,0.0
2021-12-24,2021,mean_flow_m3s,exclude_2016_2017,1169.1666666666667,488.45020630356845,1.0,0.0
2021-12-25,2021,mean_flow_m3s,exclude_2016_2017,1157.9166666666667,487.238085603498,1.0,0.0
2021-12-26,2021,mean_flow_m3s,exclude_2016_2017,1176.0416666666667,485.8384442507298,1.0,0.0
2021-12-27,2021,mean_flow_m3s,exclude_2016_2017,1173.5416666666667,483.6393354463389,1.0,0.0
2021-12-28,2021,mean_flow_m3s,exclude_2016_2017,1119.5833333333333,480.67741975211777,1.0,0.0
2021-12-29,2021,mean_flow_m3s,exclude_2016_2017,1108.75,477.155754015251,1.0,0.0
2021-12-30,2021,mean_flow_m3s,exclude_2016_2017,1092.9166666666667,473.24669714601674,1.0,0.0
2021-12-31,2021,mean_flow_m3s,exclude_2016_2017,1091.6666666666667,468.835945954572,1.0,0.0
2019-01-01,2019,mean_sediment_flux_kg_s,all_available,360.3485818488998,312.54469315650465,0.65,0.35
2019-01-02,2019,mean_sediment_flux_kg_s,all_available,336.0792760733377,309.9726972965131,0.65,0.35
2019-01-03,2019,mean_sediment_flux_kg_s,all_available,312.445677257551,308.55724168175584,0.65,0.35
2019-01-04,2019,mean_sediment_flux_kg_s,all_available,289.42803803496685,308.3506721780513,0.65,0.35
2019-01-05,2019,mean_sediment_flux_kg_s,all_available,272.50553416034444,308.73200301103225,0.65,0.35
2019-01-06,2019,mean_sediment_flux_kg_s,all_available,303.4138085443346,310.0623109419861,0.65,0.35
2019-01-07,2019,mean_sediment_flux_kg_s,all_available,284.5579768056804,312.3699560512597,0.65,0.35
2019-01-08,2019,mean_sediment_flux_kg_s,all_available,264.57307808202285,314.83252774653425,0.65,0.35
2019-01-09,2019,mean_sediment_flux_kg_s,all_available,247.86645989432705,318.28524253065115,0.65,0.35
2019-01-10,2019,mean_sediment_flux_kg_s,all_available,248.0809089711564,322.3663123309386,0.65,0.35
2019-01-11,2019,mean_sediment_flux_kg_s,all_available,253.0107316294212,326.83605616203135,0.65,0.35
2019-01-12,2019,mean_sediment_flux_kg_s,all_available,237.3974194816483,331.8605361484724,0.65,0.35
2019-01-13,2019,mean_sediment_flux_kg_s,all_available,266.8924853004034,336.80973961673135,0.65,0.35
2019-01-14,2019,mean_sediment_flux_kg_s,all_available,287.87628725182964,341.88776495876857,0.65,0.35
2019-01-15,2019,mean_sediment_flux_kg_s,all_available,288.1435877942447,347.4774615417938,0.65,0.35
2019-01-16,2019,mean_sediment_flux_kg_s,all_available,275.4670416676544,353.1934525514032,0.65,0.35
2019-01-17,2019,mean_sediment_flux_kg_s,all_available,276.10626106344074,359.3079564295209,0.65,0.35
2019-01-18,2019,mean_sediment_flux_kg_s,all_available,264.09525814448284,364.97854162129454,0.65,0.35
2019-01-19,2019,mean_sediment_flux_kg_s,all_available,295.6024391211763,371.22351498946813,0.65,0.35
2019-01-20,2019,mean_sediment_flux_kg_s,all_available,292.38792871624133,377.6048301308011,0.65,0.35
2019-01-21,2019,mean_sediment_flux_kg_s,all_available,299.52079052339474,384.0467803233058,0.65,0.35
2019-01-22,2019,mean_sediment_flux_kg_s,all_available,297.61080938844884,390.5992811051512,0.65,0.35
2019-01-23,2019,mean_sediment_flux_kg_s,all_available,291.1208588357143,396.88190259634234,0.65,0.35
2019-01-24,2019,mean_sediment_flux_kg_s,all_available,263.1205986819349,404.16119187171,0.65,0.35
2019-01-25,2019,mean_sediment_flux_kg_s,all_available,245.4977450631396,412.13139958859597,0.65,0.35
2019-01-26,2019,mean_sediment_flux_kg_s,all_available,233.8683867317028,419.45619708237996,0.65,0.35
2019-01-27,2019,mean_sediment_flux_kg_s,all_available,236.6838299227941,427.4330650568685,0.65,0.35
2019-01-28,2019,mean_sediment_flux_kg_s,all_available,222.5662668483725,435.79820634821107,0.65,0.35
2019-01-29,2019,mean_sediment_flux_kg_s,all_available,224.16196100546483,443.8629010730465,0.65,0.35
2019-01-30,2019,mean_sediment_flux_kg_s,all_available,220.70826869368668,451.39404801563245,0.65,0.35
2019-01-31,2019,mean_sediment_flux_kg_s,all_available,654.09717484929,459.03857635607466,0.65,0.35
2019-02-01,2019,mean_sediment_flux_kg_s,all_available,1225.6088018706455,466.4287731782031,0.65,0.35
2019-02-02,2019,mean_sediment_flux_kg_s,all_available,1346.546358414401,473.7666179702053,0.65,0.35
2019-02-03,2019,mean_sediment_flux_kg_s,all_available,1254.9761994858852,481.3732724082056,0.65,0.35
2019-02-04,2019,mean_sediment_flux_kg_s,all_available,1057.0394930643197,487.76337715268494,0.65,0.35
2019-02-05,2019,mean_sediment_flux_kg_s,all_available,959.6287530013208,493.36708522387926,0.65,0.35
2019-02-06,2019,mean_sediment_flux_kg_s,all_available,892.8003022995771,498.95232300627436,0.65,0.35
2019-02-07,2019,mean_sediment_flux_kg_s,all_available,1073.9229252609755,503.6329180761071,0.65,0.35
2019-02-08,2019,mean_sediment_flux_kg_s,all_available,978.7472400562862,507.56217086222284,0.65,0.35
2019-02-09,2019,mean_sediment_flux_kg_s,all_available,1005.5324135083644,509.460560451074,0.65,0.35
2019-02-10,2019,mean_sediment_flux_kg_s,all_available,1242.0063737343487,512.905221061249,0.65,0.35
2019-02-11,2019,mean_sediment_flux_kg_s,all_available,1771.501262356108,515.5490805982504,0.65,0.35
2019-02-12,2019,mean_sediment_flux_kg_s,all_available,1560.8906185996125,517.437448444523,0.65,0.35
2019-02-13,2019,mean_sediment_flux_kg_s,all_available,1653.0424620588822,519.7999647934514,0.65,0.35
2019-02-14,2019,mean_sediment_flux_kg_s,all_available,1608.404733678581,522.3371616273861,0.65,0.35
2019-02-15,2019,mean_sediment_flux_kg_s,all_available,1360.1457046329194,524.5912701983541,0.65,0.35
2019-02-16,2019,mean_sediment_flux_kg_s,all_available,1931.67982625482,527.2684846277571,0.65,0.35
2019-02-17,2019,mean_sediment_flux_kg_s,all_available,2005.1833316691848,531.4060330151805,0.65,0.35
2019-02-18,2019,mean_sediment_flux_kg_s,all_available,3076.629653217144,537.0621105060941,0.65,0.35
2019-02-19,2019,mean_sediment_flux_kg_s,all_available,5210.833474068516,543.6037932211839,0.65,0.35
2019-02-20,2019,mean_sediment_flux_kg_s,all_available,3348.193702330153,551.5894303697535,0.65,0.35
2019-02-21,2019,mean_sediment_flux_kg_s,all_available,3003.498056960664,561.1765460958096,0.65,0.35
2019-02-22,2019,mean_sediment_flux_kg_s,all_available,2913.0374021439743,571.8239988663796,0.65,0.35
2019-02-23,2019,mean_sediment_flux_kg_s,all_available,1999.23664354026,584.286117382194,0.65,0.35
2019-02-24,2019,mean_sediment_flux_kg_s,all_available,2008.9322497406629,598.8731102339505,0.65,0.35
2019-02-25,2019,mean_sediment_flux_kg_s,all_available,1088.3900432567173,615.3704000777518,0.65,0.35
2019-02-26,2019,mean_sediment_flux_kg_s,all_available,867.8350896245882,634.5073741865846,0.65,0.35
2019-02-27,2019,mean_sediment_flux_kg_s,all_available,952.1413512136104,654.6082961385071,0.65,0.35
2019-02-28,2019,mean_sediment_flux_kg_s,all_available,828.3786219168088,676.152866800143,0.65,0.35
2019-03-01,2019,mean_sediment_flux_kg_s,all_available,1380.135826157686,699.7811820513014,0.65,0.35
2019-03-02,2019,mean_sediment_flux_kg_s,all_available,1642.6660728091267,725.4082751257656,0.65,0.35
2019-03-03,2019,mean_sediment_flux_kg_s,all_available,1705.4121612849,751.7912929588604,0.65,0.35
2019-03-04,2019,mean_sediment_flux_kg_s,all_available,2831.6649436570565,779.9970129074441,0.65,0.35
2019-03-05,2019,mean_sediment_flux_kg_s,all_available,3111.9124999988567,809.8548796421633,0.65,0.35
2019-03-06,2019,mean_sediment_flux_kg_s,all_available,2731.2141455461738,842.3892887926371,0.65,0.35
2019-03-07,2019,mean_sediment_flux_kg_s,all_available,2245.6904825025995,879.0230840722837,0.65,0.35
2019-03-08,2019,mean_sediment_flux_kg_s,all_available,2064.379764267368,919.0364631122018,0.65,0.35
2019-03-09,2019,mean_sediment_flux_kg_s,all_available,1984.796377059136,962.0590024961907,0.65,0.35
2019-03-10,2019,mean_sediment_flux_kg_s,all_available,2536.585526608389,1010.2228729794601,0.65,0.35
2019-03-11,2019,mean_sediment_flux_kg_s,all_available,3359.6963730936,1062.6210269880805,0.65,0.35
2019-03-12,2019,mean_sediment_flux_kg_s,all_available,3556.4608059770458,1119.4877423098164,0.65,0.35
2019-03-13,2019,mean_sediment_flux_kg_s,all_available,3463.7630382710704,1177.4408247376132,0.65,0.35
2019-03-14,2019,mean_sediment_flux_kg_s,all_available,3284.8907760457714,1239.2060751330018,0.65,0.35
2019-03-15,2019,mean_sediment_flux_kg_s,all_available,3532.4325588081438,1306.1970465637855,0.65,0.35
2019-03-16,2019,mean_sediment_flux_kg_s,all_available,3417.8208720497937,1376.020846637508,0.65,0.35
2019-03-17,2019,mean_sediment_flux_kg_s,all_available,3233.7070056122047,1450.7626792155816,0.65,0.35
2019-03-18,2019,mean_sediment_flux_kg_s,all_available,3124.180697730481,1530.1053705591562,0.65,0.35
2019-03-19,2019,mean_sediment_flux_kg_s,all_available,2874.587362904476,1612.7772494313308,0.65,0.35
2019-03-20,2019,mean_sediment_flux_kg_s,all_available,3074.8052013180745,1697.9649366109438,0.65,0.35
2019-03-21,2019,mean_sediment_flux_kg_s,all_available,3259.886647240822,1790.540653210337,0.65,0.35
2019-03-22,2019,mean_sediment_flux_kg_s,all_available,3524.4510798278684,1887.4404009876741,0.65,0.35
2019-03-23,2019,mean_sediment_flux_kg_s,all_available,3795.133096541007,1988.263519671198,0.65,0.35
2019-03-24,2019,mean_sediment_flux_kg_s,all_available,4462.768054862405,2093.7297439331655,0.65,0.35
2019-03-25,2019,mean_sediment_flux_kg_s,all_available,4889.796217142944,2201.4756625648474,0.65,0.35
2019-03-26,2019,mean_sediment_flux_kg_s,all_available,5036.684809198385,2311.779669313987,0.65,0.35
2019-03-27,2019,mean_sediment_flux_kg_s,all_available,4777.3454467390975,2421.196482958125,0.65,0.35
2019-03-28,2019,mean_sediment_flux_kg_s,all_available,4765.956320610688,2531.6904832195387,0.65,0.35
2019-03-29,2019,mean_sediment_flux_kg_s,all_available,4941.842033089357,2642.485799931474,0.65,0.35
2019-03-30,2019,mean_sediment_flux_kg_s,all_available,5028.390915332232,2754.80991423941,0.65,0.35
2019-03-31,2019,mean_sediment_flux_kg_s,all_available,4912.296995375044,2866.0426183126874,0.65,0.35
2019-04-01,2019,mean_sediment_flux_kg_s,all_available,5065.057506810749,2975.4974260652325,0.65,0.35
2019-04-02,2019,mean_sediment_flux_kg_s,all_available,5280.480040563619,3081.2851501113073,0.65,0.35
2019-04-03,2019,mean_sediment_flux_kg_s,all_available,5263.134697420586,3182.376371875746,0.65,0.35
2019-04-04,2019,mean_sediment_flux_kg_s,all_available,5153.91425159538,3275.5658302395595,0.65,0.35
2019-04-05,2019,mean_sediment_flux_kg_s,all_available,5347.316587732325,3359.266344372005,0.65,0.35
2019-04-06,2019,mean_sediment_flux_kg_s,all_available,4863.126947451172,3428.333032418846,0.65,0.35
2019-04-07,2019,mean_sediment_flux_kg_s,all_available,4589.382156148605,3485.4592606932215,0.65,0.35
2019-04-08,2019,mean_sediment_flux_kg_s,all_available,4509.641244086556,3532.9672068992004,0.65,0.35
2019-04-09,2019,mean_sediment_flux_kg_s,all_available,4453.315980438928,3571.7994854803937,0.65,0.35
2019-04-10,2019,mean_sediment_flux_kg_s,all_available,4819.091704683643,3601.574607663024,0.65,0.35
2019-04-11,2019,mean_sediment_flux_kg_s,all_available,4937.742824641376,3621.8295662316623,0.65,0.35
2019-04-12,2019,mean_sediment_flux_kg_s,all_available,4725.128409363911,3632.3899234888445,0.65,0.35
2019-04-13,2019,mean_sediment_flux_kg_s,all_available,4682.556968680207,3632.3943184077284,0.65,0.35
2019-04-14,2019,mean_sediment_flux_kg_s,all_available,4822.1123174441245,3620.998078224318,0.65,0.35
2019-04-15,2019,mean_sediment_flux_kg_s,all_available,4621.596298274105,3600.79850476395,0.65,0.35
2019-04-16,2019,mean_sediment_flux_kg_s,all_available,4534.205493431654,3576.7823828079418,0.65,0.35
2019-04-17,2019,mean_sediment_flux_kg_s,all_available,4232.218255166853,3548.543836257666,0.65,0.35
2019-04-18,2019,mean_sediment_flux_kg_s,all_available,4096.212167266922,3520.021011820396,0.65,0.35
2019-04-19,2019,mean_sediment_flux_kg_s,all_available,3953.313111539016,3491.883691562738,0.65,0.35
2019-04-20,2019,mean_sediment_flux_kg_s,all_available,4098.132532718107,3464.6001573983103,0.65,0.35
2019-04-21,2019,mean_sediment_flux_kg_s,all_available,4117.746638516694,3431.66420568317,0.65,0.35
2019-04-22,2019,mean_sediment_flux_kg_s,all_available,4108.494521060436,3403.8271402213977,0.65,0.35
2019-04-23,2019,mean_sediment_flux_kg_s,all_available,4498.408510446272,3379.8253402268574,0.65,0.35
2019-04-24,2019,mean_sediment_flux_kg_s,all_available,5407.562394571824,3360.415343481265,0.65,0.35
2019-04-25,2019,mean_sediment_flux_kg_s,all_available,5354.361814581582,3347.1345843030085,0.65,0.35
2019-04-26,2019,mean_sediment_flux_kg_s,all_available,5386.037135708976,3336.4181325700984,0.65,0.35
2019-04-27,2019,mean_sediment_flux_kg_s,all_available,5628.007137672808,3330.723380842573,0.65,0.35
2019-04-28,2019,mean_sediment_flux_kg_s,all_available,4970.077458178154,3329.4168184132923,0.65,0.35
2019-04-29,2019,mean_sediment_flux_kg_s,all_available,5016.182525358453,3330.736656789043,0.65,0.35
2019-04-30,2019,mean_sediment_flux_kg_s,all_available,4669.501510582794,3332.9542569583023,0.65,0.35
2019-05-01,2019,mean_sediment_flux_kg_s,all_available,4276.3525230388,3340.20499142383,0.65,0.35
2019-05-02,2019,mean_sediment_flux_kg_s,all_available,4157.527914250123,3353.064729344047,0.65,0.35
2019-05-03,2019,mean_sediment_flux_kg_s,all_available,3914.352335425637,3370.8559225281715,0.65,0.35
2019-05-04,2019,mean_sediment_flux_kg_s,all_available,4480.234513114564,3395.285335313048,0.65,0.35
2019-05-05,2019,mean_sediment_flux_kg_s,all_available,4747.286230438421,3429.1286521418456,0.65,0.35
2019-05-06,2019,mean_sediment_flux_kg_s,all_available,5033.861811384476,3471.9922512796916,0.65,0.35
2019-05-07,2019,mean_sediment_flux_kg_s,all_available,5314.4802278955,3522.5906171656425,0.65,0.35
2019-05-08,2019,mean_sediment_flux_kg_s,all_available,5321.639746822117,3573.8533378739876,0.65,0.35
2019-05-09,2019,mean_sediment_flux_kg_s,all_available,5046.903948412671,3635.7556053273415,0.65,0.35
2019-05-10,2019,mean_sediment_flux_kg_s,all_available,4406.495518668348,3708.0063861949097,0.65,0.35
2019-05-11,2019,mean_sediment_flux_kg_s,all_available,4256.471429957179,3789.0725670230354,0.65,0.35
2019-05-12,2019,mean_sediment_flux_kg_s,all_available,5056.4261578011365,3883.378941032538,0.65,0.35
2019-05-13,2019,mean_sediment_flux_kg_s,all_available,5457.768990383018,3991.3654383120943,0.65,0.35
2019-05-14,2019,mean_sediment_flux_kg_s,all_available,5870.613227700898,4115.227685886261,0.65,0.35
2019-05-15,2019,mean_sediment_flux_kg_s,all_available,5821.1141460358585,4254.927320092712,0.65,0.35
2019-05-16,2019,mean_sediment_flux_kg_s,all_available,5718.2484936107285,4407.474279127909,0.65,0.35
2019-05-17,2019,mean_sediment_flux_kg_s,all_available,5316.186703913622,4566.732238380064,0.65,0.35
2019-05-18,2019,mean_sediment_flux_kg_s,all_available,5425.272033746922,4728.073237255421,0.65,0.35
2019-05-19,2019,mean_sediment_flux_kg_s,all_available,5690.16150921017,4891.721984971154,0.65,0.35
2019-05-20,2019,mean_sediment_flux_kg_s,all_available,5407.7448253146895,5059.442666647322,0.65,0.35
2019-05-21,2019,mean_sediment_flux_kg_s,all_available,4877.532083733836,5229.222252033964,0.65,0.35
2019-05-22,2019,mean_sediment_flux_kg_s,all_available,4598.029911585195,5399.952249298938,0.65,0.35
2019-05-23,2019,mean_sediment_flux_kg_s,all_available,4621.556796727139,5559.665010512614,0.65,0.35
2019-05-24,2019,mean_sediment_flux_kg_s,all_available,4493.787048391399,5709.440462573093,0.65,0.35
2019-05-25,2019,mean_sediment_flux_kg_s,all_available,4642.671477291632,5853.738076689766,0.65,0.35
2019-05-26,2019,mean_sediment_flux_kg_s,all_available,6875.381619875451,5987.725022010418,0.65,0.35
2019-05-27,2019,mean_sediment_flux_kg_s,all_available,7849.390071612391,6108.7246970597425,0.65,0.35
2019-05-28,2019,mean_sediment_flux_kg_s,all_available,7566.296621037531,6215.1468906244245,0.65,0.35
2019-05-29,2019,mean_sediment_flux_kg_s,all_available,7131.456337996585,6300.597939725146,0.65,0.35
2019-05-30,2019,mean_sediment_flux_kg_s,all_available,6150.814602716302,6369.229238382788,0.65,0.35
2019-05-31,2019,mean_sediment_flux_kg_s,all_available,6446.204760123944,6420.8104785816495,0.65,0.35
2019-06-01,2019,mean_sediment_flux_kg_s,all_available,6273.044290199251,6452.176757692361,0.65,0.35
2019-06-02,2019,mean_sediment_flux_kg_s,all_available,5934.673731291749,6465.1824531824195,0.65,0.35
2019-06-03,2019,mean_sediment_flux_kg_s,all_available,5206.77528649097,6461.787124054126,0.65,0.35
2019-06-04,2019,mean_sediment_flux_kg_s,all_available,5554.962255542724,6444.435431526908,0.65,0.35
2019-06-05,2019,mean_sediment_flux_kg_s,all_available,5614.838929189227,6415.685438011085,0.65,0.35
2019-06-06,2019,mean_sediment_flux_kg_s,all_available,5874.956001081716,6379.9567523425285,0.65,0.35
2019-06-07,2019,mean_sediment_flux_kg_s,all_available,5818.879727191498,6340.197376268527,0.65,0.35
2019-06-08,2019,mean_sediment_flux_kg_s,all_available,5097.839503499431,6303.168679030803,0.65,0.35
2019-06-09,2019,mean_sediment_flux_kg_s,all_available,3427.263713211352,6259.626781188192,0.65,0.35
2019-06-10,2019,mean_sediment_flux_kg_s,all_available,5198.837632606364,6211.75227909505,0.65,0.35
2019-06-11,2019,mean_sediment_flux_kg_s,all_available,6708.0050801040425,6167.821473053885,0.65,0.35
2019-06-12,2019,mean_sediment_flux_kg_s,all_available,5231.191213540716,6124.518004042926,0.65,0.35
2019-06-13,2019,mean_sediment_flux_kg_s,all_available,5449.266392325285,6085.99691596171,0.65,0.35
2019-06-14,2019,mean_sediment_flux_kg_s,all_available,4854.378659538685,6052.735182722108,0.65,0.35
2019-06-15,2019,mean_sediment_flux_kg_s,all_available,4621.866756497785,6026.119521343733,0.65,0.35
2019-06-16,2019,mean_sediment_flux_kg_s,all_available,4734.245734668712,5991.325700142389,0.65,0.35
2019-06-17,2019,mean_sediment_flux_kg_s,all_available,4303.184855808006,5952.958213451857,0.65,0.35
2019-06-18,2019,mean_sediment_flux_kg_s,all_available,5011.236847477766,5916.518563558313,0.65,0.35
2019-06-19,2019,mean_sediment_flux_kg_s,all_available,4866.710368366767,5884.837423089137,0.65,0.35
2019-06-20,2019,mean_sediment_flux_kg_s,all_available,5339.491003348026,5860.313377258848,0.65,0.35
2019-06-21,2019,mean_sediment_flux_kg_s,all_available,4913.066772179256,5905.588318729263,0.65,0.35
2019-06-22,2019,mean_sediment_flux_kg_s,all_available,5851.545114637024,5967.111047258108,0.65,0.35
2019-06-23,2019,mean_sediment_flux_kg_s,all_available,14556.925222478736,6037.860528980967,0.65,0.35
2019-06-24,2019,mean_sediment_flux_kg_s,all_available,34373.49294554237,6178.187421249661,0.65,0.35
2019-06-25,2019,mean_sediment_flux_kg_s,all_available,46746.88868365309,6366.607148125711,0.65,0.35
2019-06-26,2019,mean_sediment_flux_kg_s,all_available,43008.10531718494,6585.836429028221,0.65,0.35
2019-06-27,2019,mean_sediment_flux_kg_s,all_available,40398.328920307285,6856.448127219732,0.65,0.35
2019-06-28,2019,mean_sediment_flux_kg_s,all_available,40406.78541122316,7165.676400894114,0.65,0.35
2019-06-29,2019,mean_sediment_flux_kg_s,all_available,39076.31542918737,7516.3687066130715,0.65,0.35
2019-06-30,2019,mean_sediment_flux_kg_s,all_available,39344.82048830265,7981.862477772219,0.65,0.35
2019-07-01,2019,mean_sediment_flux_kg_s,all_available,38181.3190966966,8522.893064428816,0.65,0.35
2019-07-02,2019,mean_sediment_flux_kg_s,all_available,34296.78060294686,9156.957663324094,0.65,0.35
2019-07-03,2019,mean_sediment_flux_kg_s,all_available,34304.319504600346,9913.563056894893,0.65,0.35
2019-07-04,2019,mean_sediment_flux_kg_s,all_available,33238.228938996755,10809.68641068485,0.65,0.35
2019-07-05,2019,mean_sediment_flux_kg_s,all_available,33928.943677180425,11746.765512134923,0.65,0.35
2019-07-06,2019,mean_sediment_flux_kg_s,all_available,34370.09796170418,12743.898744081895,0.65,0.35
2019-07-07,2019,mean_sediment_flux_kg_s,all_available,34614.46602060357,13792.252134168564,0.65,0.35
2019-07-08,2019,mean_sediment_flux_kg_s,all_available,34243.041771345,14880.17791857303,0.65,0.35
2019-07-09,2019,mean_sediment_flux_kg_s,all_available,38715.78831267556,15983.941401678156,0.65,0.35
2019-07-10,2019,mean_sediment_flux_kg_s,all_available,40043.68734919359,17060.59828524851,0.65,0.35
2019-07-11,2019,mean_sediment_flux_kg_s,all_available,41146.66006408916,18118.874573191715,0.65,0.35
2019-07-12,2019,mean_sediment_flux_kg_s,all_available,34855.01132182698,19114.610799643084,0.65,0.35
2019-07-13,2019,mean_sediment_flux_kg_s,all_available,37807.25401778468,20011.50137434875,0.65,0.35
2019-07-14,2019,mean_sediment_flux_kg_s,all_available,36347.3356384391,20779.4832406364,0.65,0.35
2019-07-15,2019,mean_sediment_flux_kg_s,all_available,35271.186454088725,21397.994044622345,0.65,0.35
2019-07-16,2019,mean_sediment_flux_kg_s,all_available,31922.53393308843,21847.322593934514,0.65,0.35
2019-07-17,2019,mean_sediment_flux_kg_s,all_available,29135.637071794088,22126.56299106204,0.65,0.35
2019-07-18,2019,mean_sediment_flux_kg_s,all_available,41294.60434873006,22210.89718360548,0.65,0.35
2019-07-19,2019,mean_sediment_flux_kg_s,all_available,50235.95138245688,22088.321105642546,0.65,0.35
2019-07-20,2019,mean_sediment_flux_kg_s,all_available,46634.59737555252,21751.896063758315,0.65,0.35
2019-07-21,2019,mean_sediment_flux_kg_s,all_available,43876.82229405255,21232.05318986189,0.65,0.35
2019-07-22,2019,mean_sediment_flux_kg_s,all_available,40787.85998460173,20474.976339578196,0.65,0.35
2019-07-23,2019,mean_sediment_flux_kg_s,all_available,31688.199953628427,19604.334436674188,0.65,0.35
2019-07-24,2019,mean_sediment_flux_kg_s,all_available,39266.17651517113,18645.86366858144,0.65,0.35
2019-07-25,2019,mean_sediment_flux_kg_s,all_available,46521.31370979393,17556.893013771452,0.65,0.35
2019-07-26,2019,mean_sediment_flux_kg_s,all_available,46082.38115332633,16407.9769585581,0.65,0.35
2019-07-27,2019,mean_sediment_flux_kg_s,all_available,54846.357900074654,15253.26951320176,0.65,0.35
2019-07-28,2019,mean_sediment_flux_kg_s,all_available,56807.17639484478,14120.343917954573,0.65,0.35
2019-07-29,2019,mean_sediment_flux_kg_s,all_available,40275.15913678496,13035.854973311894,0.65,0.35
2019-07-30,2019,mean_sediment_flux_kg_s,all_available,33579.99587761026,12067.661757409438,0.65,0.35
2019-07-31,2019,mean_sediment_flux_kg_s,all_available,32049.20995340981,11164.54655758823,0.65,0.35
2019-08-01,2019,mean_sediment_flux_kg_s,all_available,43536.38036706692,10293.1062811324,0.65,0.35
2019-08-02,2019,mean_sediment_flux_kg_s,all_available,42073.69513242607,9513.779175622478,0.65,0.35
2019-08-03,2019,mean_sediment_flux_kg_s,all_available,26888.69739372596,8819.178650319565,0.65,0.35
2019-08-04,2019,mean_sediment_flux_kg_s,all_available,10842.109745000764,8227.537650209339,0.65,0.35
2019-08-05,2019,mean_sediment_flux_kg_s,all_available,9774.75300839967,7804.7941562937085,0.65,0.35
2019-08-06,2019,mean_sediment_flux_kg_s,all_available,9477.162286774765,7514.960914367073,0.65,0.35
2019-08-07,2019,mean_sediment_flux_kg_s,all_available,27729.40153751409,7312.786572686931,0.65,0.35
2019-08-08,2019,mean_sediment_flux_kg_s,all_available,67195.75241943127,7173.988059245257,0.65,0.35
2019-08-09,2019,mean_sediment_flux_kg_s,all_available,66766.24488767718,7155.018705601536,0.65,0.35
2019-08-10,2019,mean_sediment_flux_kg_s,all_available,54884.897721712994,7294.62052336639,0.65,0.35
2019-08-11,2019,mean_sediment_flux_kg_s,all_available,48534.72538990614,7452.300076602274,0.65,0.35
2019-08-12,2019,mean_sediment_flux_kg_s,all_available,10609.12638256684,7670.149853531781,0.65,0.35
2019-08-13,2019,mean_sediment_flux_kg_s,all_available,3921.650555045129,7952.139876911151,0.65,0.35
2019-08-14,2019,mean_sediment_flux_kg_s,all_available,2518.9756722647985,8282.068517419131,0.65,0.35
2019-08-15,2019,mean_sediment_flux_kg_s,all_available,1162.0780068419074,8633.075915512538,0.65,0.35
2019-08-16,2019,mean_sediment_flux_kg_s,all_available,767.0042538994882,8973.633540455154,0.65,0.35
2019-08-17,2019,mean_sediment_flux_kg_s,all_available,875.0316352753421,9306.065265353769,0.65,0.35
2019-08-18,2019,mean_sediment_flux_kg_s,all_available,720.0530361146192,9627.719048659872,0.65,0.35
2019-08-19,2019,mean_sediment_flux_kg_s,all_available,790.6704540687339,9929.247825638497,0.65,0.35
2019-08-20,2019,mean_sediment_flux_kg_s,all_available,665.9346515822649,10222.149195768183,0.65,0.35
2019-08-21,2019,mean_sediment_flux_kg_s,all_available,560.345919894541,10469.542805424702,0.65,0.35
2019-08-22,2019,mean_sediment_flux_kg_s,all_available,498.2646453003909,10694.201752943369,0.65,0.35
2019-08-23,2019,mean_sediment_flux_kg_s,all_available,458.8695169589792,10855.626840085843,0.65,0.35
2019-08-24,2019,mean_sediment_flux_kg_s,all_available,533.761554592677,10960.28636565377,0.65,0.35
2019-08-25,2019,mean_sediment_flux_kg_s,all_available,514.040954235075,11005.686210191161,0.65,0.35
2019-08-26,2019,mean_sediment_flux_kg_s,all_available,478.6703912741163,10978.678558604995,0.65,0.35
2019-08-27,2019,mean_sediment_flux_kg_s,all_available,597.1224486250088,10872.859881236644,0.65,0.35
2019-08-28,2019,mean_sediment_flux_kg_s,all_available,531.8735597356132,10673.851305050517,0.65,0.35
2019-08-29,2019,mean_sediment_flux_kg_s,all_available,544.9773717035235,10397.052186438199,0.65,0.35
2019-08-30,2019,mean_sediment_flux_kg_s,all_available,497.4366701305039,10020.525097262975,0.65,0.35
2019-08-31,2019,mean_sediment_flux_kg_s,all_available,511.295058303021,9571.67915597416,0.65,0.35
2019-09-01,2019,mean_sediment_flux_kg_s,all_available,816.0483651284045,9159.991564277037,0.65,0.35
2019-09-02,2019,mean_sediment_flux_kg_s,all_available,864.8355853146289,8787.568454747243,0.65,0.35
2019-09-03,2019,mean_sediment_flux_kg_s,all_available,1838.0332042189928,8436.120011572373,0.65,0.35
2019-09-04,2019,mean_sediment_flux_kg_s,all_available,6225.672700962029,8099.616453471998,0.65,0.35
2019-09-05,2019,mean_sediment_flux_kg_s,all_available,6676.807654538191,7817.078703944458,0.65,0.35
2019-09-06,2019,mean_sediment_flux_kg_s,all_available,5053.108520690328,7595.870952140245,0.65,0.35
2019-09-07,2019,mean_sediment_flux_kg_s,all_available,5601.103481706411,7476.637136201643,0.65,0.35
2019-09-08,2019,mean_sediment_flux_kg_s,all_available,4731.515819323123,7458.592452655496,0.65,0.35
2019-09-09,2019,mean_sediment_flux_kg_s,all_available,3871.123439620004,7497.145832056742,0.65,0.35
2019-09-10,2019,mean_sediment_flux_kg_s,all_available,3594.3497477008546,7611.847587706776,0.65,0.35
2019-09-11,2019,mean_sediment_flux_kg_s,all_available,6036.423475812015,7885.468418874577,0.65,0.35
2019-09-12,2019,mean_sediment_flux_kg_s,all_available,6973.981301368706,8266.244883467882,0.65,0.35
2019-09-13,2019,mean_sediment_flux_kg_s,all_available,6059.342746858824,8748.567746139035,0.65,0.35
2019-09-14,2019,mean_sediment_flux_kg_s,all_available,5736.193904744399,9329.973806332333,0.65,0.35
2019-09-15,2019,mean_sediment_flux_kg_s,all_available,10403.16905792123,10001.21503521018,0.65,0.35
2019-09-16,2019,mean_sediment_flux_kg_s,all_available,36875.94167750172,10759.409807620112,0.65,0.35
2019-09-17,2019,mean_sediment_flux_kg_s,all_available,46336.930181894255,11561.823234967993,0.65,0.35
2019-09-18,2019,mean_sediment_flux_kg_s,all_available,57122.21484812512,12383.79540152425,0.65,0.35
2019-09-19,2019,mean_sediment_flux_kg_s,all_available,61327.56812051993,13199.237885525095,0.65,0.35
2019-09-20,2019,mean_sediment_flux_kg_s,all_available,51336.51037479937,13972.270840916355,0.65,0.35
2019-09-21,2019,mean_sediment_flux_kg_s,all_available,51086.98041215464,14706.278102737255,0.65,0.35
2019-09-22,2019,mean_sediment_flux_kg_s,all_available,51185.51143472761,15358.773745137178,0.65,0.35
2019-09-23,2019,mean_sediment_flux_kg_s,all_available,52258.04538227638,15920.239740747336,0.65,0.35
2019-09-24,2019,mean_sediment_flux_kg_s,all_available,40832.81134659056,16377.519875163911,0.65,0.35
2019-09-25,2019,mean_sediment_flux_kg_s,all_available,22993.82062357652,16738.572892854652,0.65,0.35
2019-09-26,2019,mean_sediment_flux_kg_s,all_available,12943.611907497883,17014.94775494589,0.65,0.35
2019-09-27,2019,mean_sediment_flux_kg_s,all_available,9276.733668914922,17199.724112366173,0.65,0.35
2019-09-28,2019,mean_sediment_flux_kg_s,all_available,22296.05399377039,17260.83580387843,0.65,0.35
2019-09-29,2019,mean_sediment_flux_kg_s,all_available,19265.487033806487,17201.287385969226,0.65,0.35
2019-09-30,2019,mean_sediment_flux_kg_s,all_available,19651.878284915,17025.05484566596,0.65,0.35
2019-10-01,2019,mean_sediment_flux_kg_s,all_available,14641.457058035705,16736.24467806871,0.65,0.35
2019-10-02,2019,mean_sediment_flux_kg_s,all_available,9731.57124365141,16344.076773994539,0.65,0.35
2019-10-03,2019,mean_sediment_flux_kg_s,all_available,8239.413548129543,15821.910101879708,0.65,0.35
2019-10-04,2019,mean_sediment_flux_kg_s,all_available,7942.686293438733,15221.294371704953,0.65,0.35
2019-10-05,2019,mean_sediment_flux_kg_s,all_available,8946.57982088002,14573.22625457959,0.65,0.35
2019-10-06,2019,mean_sediment_flux_kg_s,all_available,10485.612760193815,13874.324278886208,0.65,0.35
2019-10-07,2019,mean_sediment_flux_kg_s,all_available,11972.65287356824,13133.991219349904,0.65,0.35
2019-10-08,2019,mean_sediment_flux_kg_s,all_available,11406.227603155035,12378.378817196613,0.65,0.35
2019-10-09,2019,mean_sediment_flux_kg_s,all_available,10527.949696511789,11629.582334450603,0.65,0.35
2019-10-10,2019,mean_sediment_flux_kg_s,all_available,10070.688085217897,10880.16589806953,0.65,0.35
2019-10-11,2019,mean_sediment_flux_kg_s,all_available,14478.034213178928,10125.577655282988,0.65,0.35
2019-10-12,2019,mean_sediment_flux_kg_s,all_available,17264.594307651914,9397.68438708639,0.65,0.35
2019-10-13,2019,mean_sediment_flux_kg_s,all_available,15263.618577330992,8705.154677162976,0.65,0.35
2019-10-14,2019,mean_sediment_flux_kg_s,all_available,13892.031323743193,8048.080755736662,0.65,0.35
2019-10-15,2019,mean_sediment_flux_kg_s,all_available,14747.893289413754,7430.184917835638,0.65,0.35
2019-10-16,2019,mean_sediment_flux_kg_s,all_available,18037.32101093682,6859.031343575144,0.65,0.35
2019-10-17,2019,mean_sediment_flux_kg_s,all_available,17860.30560222588,6336.976831311906,0.65,0.35
2019-10-18,2019,mean_sediment_flux_kg_s,all_available,16238.8514636593,5869.420840899271,0.65,0.35
2019-10-19,2019,mean_sediment_flux_kg_s,all_available,14352.201048962785,5449.445747317652,0.65,0.35
2019-10-20,2019,mean_sediment_flux_kg_s,all_available,12317.725941910008,5072.961155945692,0.65,0.35
2019-10-21,2019,mean_sediment_flux_kg_s,all_available,8981.497932280678,4736.361557857617,0.65,0.35
2019-10-22,2019,mean_sediment_flux_kg_s,all_available,6433.43910432743,4434.530763382287,0.65,0.35
2019-10-23,2019,mean_sediment_flux_kg_s,all_available,3208.9501075465346,4173.944074863199,0.65,0.35
2019-10-24,2019,mean_sediment_flux_kg_s,all_available,2268.2770403622194,3954.5494338602875,0.65,0.35
2019-10-25,2019,mean_sediment_flux_kg_s,all_available,2093.575714654543,3758.922552336017,0.65,0.35
2019-10-26,2019,mean_sediment_flux_kg_s,all_available,1901.614586001472,3571.6786164927316,0.65,0.35
2019-10-27,2019,mean_sediment_flux_kg_s,all_available,1638.4020639661494,3378.8361411284313,0.65,0.35
2019-10-28,2019,mean_sediment_flux_kg_s,all_available,1712.9137847979518,3189.5303960712636,0.65,0.35
2019-10-29,2019,mean_sediment_flux_kg_s,all_available,1722.727326900014,3022.454335460703,0.65,0.35
2019-10-30,2019,mean_sediment_flux_kg_s,all_available,1538.5132289505464,2867.489751684784,0.65,0.35
2019-10-31,2019,mean_sediment_flux_kg_s,all_available,1514.8853595590888,2715.865307925988,0.65,0.35
2019-11-01,2019,mean_sediment_flux_kg_s,all_available,1520.9858101470409,2571.084387856761,0.65,0.35
2019-11-02,2019,mean_sediment_flux_kg_s,all_available,1505.8997564703534,2422.270204849702,0.65,0.35
2019-11-03,2019,mean_sediment_flux_kg_s,all_available,1384.6124774610107,2267.1305248079852,0.65,0.35
2019-11-04,2019,mean_sediment_flux_kg_s,all_available,1282.3917095375814,2120.638459154963,0.65,0.35
2019-11-05,2019,mean_sediment_flux_kg_s,all_available,1341.3906805195686,1981.6683309907526,0.65,0.35
2019-11-06,2019,mean_sediment_flux_kg_s,all_available,1334.8960698652002,1858.2060971778455,0.65,0.35
2019-11-07,2019,mean_sediment_flux_kg_s,all_available,1242.6797452446133,1745.544996242724,0.65,0.35
2019-11-08,2019,mean_sediment_flux_kg_s,all_available,1265.9756130242615,1636.257616055208,0.65,0.35
2019-11-09,2019,mean_sediment_flux_kg_s,all_available,1221.183462333657,1529.160669326715,0.65,0.35
2019-11-10,2019,mean_sediment_flux_kg_s,all_available,1212.0431909748793,1435.6612479475052,0.65,0.35
2019-11-11,2019,mean_sediment_flux_kg_s,all_available,1209.951196429878,1351.6532206558368,0.65,0.35
2019-11-12,2019,mean_sediment_flux_kg_s,all_available,1207.443763111491,1277.661890047064,0.65,0.35
2019-11-13,2019,mean_sediment_flux_kg_s,all_available,1265.58441679661,1212.1454647673845,0.65,0.35
2019-11-14,2019,mean_sediment_flux_kg_s,all_available,1140.0103639925153,1153.8061062524303,0.65,0.35
2019-11-15,2019,mean_sediment_flux_kg_s,all_available,808.075601972981,1101.6554336119175,0.65,0.35
2019-11-16,2019,mean_sediment_flux_kg_s,all_available,782.4833471450764,1055.5795934444825,0.65,0.35
2019-11-17,2019,mean_sediment_flux_kg_s,all_available,756.800993537789,1015.0650133391711,0.65,0.35
2019-11-18,2019,mean_sediment_flux_kg_s,all_available,604.5947955899736,978.2141509874602,0.65,0.35
2019-11-19,2019,mean_sediment_flux_kg_s,all_available,655.7003998831725,948.5535701985361,0.65,0.35
2019-11-20,2019,mean_sediment_flux_kg_s,all_available,585.3452071483501,926.0322832540855,0.65,0.35
2019-11-21,2019,mean_sediment_flux_kg_s,all_available,549.6583870335344,908.0808486271033,0.65,0.35
2019-11-22,2019,mean_sediment_flux_kg_s,all_available,469.9147377097451,894.5764964592968,0.65,0.35
2019-11-23,2019,mean_sediment_flux_kg_s,all_available,473.9484009063818,884.4853085001398,0.65,0.35
2019-11-24,2019,mean_sediment_flux_kg_s,all_available,444.4901454560677,879.6268410286963,0.65,0.35
2019-11-25,2019,mean_sediment_flux_kg_s,all_available,541.7166777837824,876.5290146414525,0.65,0.35
2019-11-26,2019,mean_sediment_flux_kg_s,all_available,416.0945175893017,873.9293432298923,0.65,0.35
2019-11-27,2019,mean_sediment_flux_kg_s,all_available,420.3966303469908,872.829077139101,0.65,0.35
2019-11-28,2019,mean_sediment_flux_kg_s,all_available,457.2738954332836,873.1523623933704,0.65,0.35
2019-11-29,2019,mean_sediment_flux_kg_s,all_available,460.98884358649485,874.883307850165,0.65,0.35
2019-11-30,2019,mean_sediment_flux_kg_s,all_available,507.0523000352013,877.2283642820166,0.65,0.35
2019-12-01,2019,mean_sediment_flux_kg_s,all_available,462.89087717280046,878.5130638623525,0.65,0.35
2019-12-02,2019,mean_sediment_flux_kg_s,all_available,439.01442609670295,878.5665743305649,0.65,0.35
2019-12-03,2019,mean_sediment_flux_kg_s,all_available,490.66463945609104,877.5843239020039,0.65,0.35
2019-12-04,2019,mean_sediment_flux_kg_s,all_available,560.1677060938225,873.514258654912,0.65,0.35
2019-12-05,2019,mean_sediment_flux_kg_s,all_available,527.404292051163,866.6522769910416,0.65,0.35
2019-12-06,2019,mean_sediment_flux_kg_s,all_available,569.4783848365106,857.1122212485395,0.65,0.35
2019-12-07,2019,mean_sediment_flux_kg_s,all_available,507.6224964214446,843.4788425224453,0.65,0.35
2019-12-08,2019,mean_sediment_flux_kg_s,all_available,463.0859602485673,826.4062388295047,0.65,0.35
2019-12-09,2019,mean_sediment_flux_kg_s,all_available,404.2403764741952,805.0450559362016,0.65,0.35
2019-12-10,2019,mean_sediment_flux_kg_s,all_available,408.4212247821452,782.7134996328075,0.65,0.35
2019-12-11,2019,mean_sediment_flux_kg_s,all_available,392.0980099035671,756.3290523133571,0.65,0.35
2019-12-12,2019,mean_sediment_flux_kg_s,all_available,445.4318425330152,727.367338771488,0.65,0.35
2019-12-13,2019,mean_sediment_flux_kg_s,all_available,462.51931936266527,696.679601391235,0.65,0.35
2019-12-14,2019,mean_sediment_flux_kg_s,all_available,503.2417629196248,665.1736287529093,0.65,0.35
2019-12-15,2019,mean_sediment_flux_kg_s,all_available,500.4662881568736,633.2857584290849,0.65,0.35
2019-12-16,2019,mean_sediment_flux_kg_s,all_available,499.28498483827207,600.8252916674816,0.65,0.35
2019-12-17,2019,mean_sediment_flux_kg_s,all_available,496.8673140001054,571.433314002842,0.65,0.35
2019-12-18,2019,mean_sediment_flux_kg_s,all_available,525.2250787465412,541.6863568784047,0.65,0.35
2019-12-19,2019,mean_sediment_flux_kg_s,all_available,457.1183917253765,514.0596741743141,0.65,0.35
2019-12-20,2019,mean_sediment_flux_kg_s,all_available,400.2358418463686,487.1771252405259,0.65,0.35
2019-12-21,2019,mean_sediment_flux_kg_s,all_available,390.04407348128143,462.52298488459513,0.65,0.35
2019-12-22,2019,mean_sediment_flux_kg_s,all_available,335.4587303391025,439.75527576593424,0.65,0.35
2019-12-23,2019,mean_sediment_flux_kg_s,all_available,312.7061816787388,418.5382103517249,0.65,0.35
2019-12-24,2019,mean_sediment_flux_kg_s,all_available,366.823203191114,400.06351922379633,0.65,0.35
2019-12-25,2019,mean_sediment_flux_kg_s,all_available,377.72707617295913,382.94915286527373,0.65,0.35
2019-12-26,2019,mean_sediment_flux_kg_s,all_available,362.39147878119735,369.6980792938105,0.65,0.35
2019-12-27,2019,mean_sediment_flux_kg_s,all_available,427.8731705315701,359.94948365086816,0.65,0.35
2019-12-28,2019,mean_sediment_flux_kg_s,all_available,721.5474832592209,350.97577410867564,0.65,0.35
2019-12-29,2019,mean_sediment_flux_kg_s,all_available,543.4963645282548,342.90370588775085,0.65,0.35
2019-12-30,2019,mean_sediment_flux_kg_s,all_available,596.4758294537334,336.0764554817357,0.65,0.35
2019-12-31,2019,mean_sediment_flux_kg_s,all_available,811.909211518228,329.89840890721644,0.65,0.35
2020-01-01,2020,mean_sediment_flux_kg_s,all_available,725.948734109356,365.82378740784725,0.65,0.35
2020-01-02,2020,mean_sediment_flux_kg_s,all_available,639.2852216594913,358.9667530860722,0.65,0.35
2020-01-03,2020,mean_sediment_flux_kg_s,all_available,455.8714425745397,352.67560305928566,0.65,0.35
2020-01-04,2020,mean_sediment_flux_kg_s,all_available,378.2188064461302,347.2139761835871,0.65,0.35
2020-01-05,2020,mean_sediment_flux_kg_s,all_available,416.2427680870334,342.10638692641425,0.65,0.35
2020-01-06,2020,mean_sediment_flux_kg_s,all_available,369.4874155221796,337.85876050045255,0.65,0.35
2020-01-07,2020,mean_sediment_flux_kg_s,all_available,367.5878926919824,334.4430584861948,0.65,0.35
2020-01-08,2020,mean_sediment_flux_kg_s,all_available,539.2733141759533,331.2754327367405,0.65,0.35
2020-01-09,2020,mean_sediment_flux_kg_s,all_available,458.8366831129995,328.94480619299014,0.65,0.35
2020-01-10,2020,mean_sediment_flux_kg_s,all_available,431.6750602026969,327.4066254340922,0.65,0.35
2020-01-11,2020,mean_sediment_flux_kg_s,all_available,336.1376565230904,326.3022423413789,0.65,0.35
2020-01-12,2020,mean_sediment_flux_kg_s,all_available,317.513068311858,325.21013418906335,0.65,0.35
2020-01-13,2020,mean_sediment_flux_kg_s,all_available,325.1211662028658,325.1224588299194,0.65,0.35
2020-01-14,2020,mean_sediment_flux_kg_s,all_available,325.64733129961405,325.37025211417506,0.65,0.35
2020-01-15,2020,mean_sediment_flux_kg_s,all_available,332.866291369282,325.66789558255726,0.65,0.35
2020-01-16,2020,mean_sediment_flux_kg_s,all_available,318.41523891185983,329.4613329683135,0.65,0.35
2020-01-17,2020,mean_sediment_flux_kg_s,all_available,310.7935269090853,335.382817666316,0.65,0.35
2020-01-18,2020,mean_sediment_flux_kg_s,all_available,305.6772469384021,342.58381488309004,0.65,0.35
2020-01-19,2020,mean_sediment_flux_kg_s,all_available,281.08865729726546,351.1880332115246,0.65,0.35
2020-01-20,2020,mean_sediment_flux_kg_s,all_available,293.410866187791,360.7596176531726,0.65,0.35
2020-01-21,2020,mean_sediment_flux_kg_s,all_available,274.0465600038154,371.54557746068286,0.65,0.35
2020-01-22,2020,mean_sediment_flux_kg_s,all_available,265.5128523693923,383.5574779528678,0.65,0.35
2020-01-23,2020,mean_sediment_flux_kg_s,all_available,254.5954234938929,397.62957273003457,0.65,0.35
2020-01-24,2020,mean_sediment_flux_kg_s,all_available,262.9760604943632,413.7375995884833,0.65,0.35
2020-01-25,2020,mean_sediment_flux_kg_s,all_available,279.1421363337436,432.0448110301144,0.65,0.35
2020-01-26,2020,mean_sediment_flux_kg_s,all_available,291.0612477363596,452.46084529398354,0.65,0.35
2020-01-27,2020,mean_sediment_flux_kg_s,all_available,315.904693489271,476.6201396764894,0.65,0.35
2020-01-28,2020,mean_sediment_flux_kg_s,all_available,370.3147295804292,502.60130463865664,0.65,0.35
2020-01-29,2020,mean_sediment_flux_kg_s,all_available,338.73792243407314,530.5087943917785,0.65,0.35
2020-01-30,2020,mean_sediment_flux_kg_s,all_available,324.84244790170857,559.7654039497779,0.65,0.35
2020-01-31,2020,mean_sediment_flux_kg_s,all_available,333.1391369867269,589.9063886010285,0.65,0.35
2020-02-01,2020,mean_sediment_flux_kg_s,all_available,311.50246429671176,622.8262709131693,0.65,0.35
2020-02-02,2020,mean_sediment_flux_kg_s,all_available,287.9716462241478,657.2202786981775,0.65,0.35
2020-02-03,2020,mean_sediment_flux_kg_s,all_available,278.10531165553283,696.0907925324447,0.65,0.35
2020-02-04,2020,mean_sediment_flux_kg_s,all_available,273.92492709672234,742.0913762742687,0.65,0.35
2020-02-05,2020,mean_sediment_flux_kg_s,all_available,261.00591258513515,785.944894969745,0.65,0.35
2020-02-06,2020,mean_sediment_flux_kg_s,all_available,266.0446161897536,831.097451491409,0.65,0.35
2020-02-07,2020,mean_sediment_flux_kg_s,all_available,271.46660236767093,877.5661140124064,0.65,0.35
2020-02-08,2020,mean_sediment_flux_kg_s,all_available,334.6446515389832,922.782194935483,0.65,0.35
2020-02-09,2020,mean_sediment_flux_kg_s,all_available,438.20711554309247,967.9157877598365,0.65,0.35
2020-02-10,2020,mean_sediment_flux_kg_s,all_available,428.71967199350746,1011.5520671299947,0.65,0.35
2020-02-11,2020,mean_sediment_flux_kg_s,all_available,350.7092265737105,1053.1094564935313,0.65,0.35
2020-02-12,2020,mean_sediment_flux_kg_s,all_available,301.5616701987732,1092.7040268860565,0.65,0.35
2020-02-13,2020,mean_sediment_flux_kg_s,all_available,258.7947209432625,1129.5821595171008,0.65,0.35
2020-02-14,2020,mean_sediment_flux_kg_s,all_available,231.67575496092948,1165.0039612801454,0.65,0.35
2020-02-15,2020,mean_sediment_flux_kg_s,all_available,297.396187622446,1197.2291254782394,0.65,0.35
2020-02-16,2020,mean_sediment_flux_kg_s,all_available,340.6954025018716,1223.5182935772814,0.65,0.35
2020-02-17,2020,mean_sediment_flux_kg_s,all_available,359.2642717659698,1248.0598157154693,0.65,0.35
2020-02-18,2020,mean_sediment_flux_kg_s,all_available,318.4197596793477,1270.558641916275,0.65,0.35
2020-02-19,2020,mean_sediment_flux_kg_s,all_available,433.5700999884357,1289.3237482894901,0.65,0.35
2020-02-20,2020,mean_sediment_flux_kg_s,all_available,523.8690276241466,1304.4486581072324,0.65,0.35
2020-02-21,2020,mean_sediment_flux_kg_s,all_available,407.1517902988601,1316.4248274450629,0.65,0.35
2020-02-22,2020,mean_sediment_flux_kg_s,all_available,400.0169398178771,1325.4528272989205,0.65,0.35
2020-02-23,2020,mean_sediment_flux_kg_s,all_available,464.5967364772605,1333.902609637659,0.65,0.35
2020-02-24,2020,mean_sediment_flux_kg_s,all_available,409.4518492341358,1345.116083670757,0.65,0.35
2020-02-25,2020,mean_sediment_flux_kg_s,all_available,763.5790825043773,1358.2337437398,0.65,0.35
2020-02-26,2020,mean_sediment_flux_kg_s,all_available,861.0374193762428,1373.4921594224543,0.65,0.35
2020-02-27,2020,mean_sediment_flux_kg_s,all_available,931.5284607644084,1389.9167063416073,0.65,0.35
2020-02-28,2020,mean_sediment_flux_kg_s,all_available,608.0354751695351,1412.2362701413517,0.65,0.35
2020-02-29,2020,mean_sediment_flux_kg_s,all_available,646.8821192108404,1439.472104943775,0.65,0.35
2020-03-01,2020,mean_sediment_flux_kg_s,all_available,1298.2471737249812,1472.0685581553917,0.65,0.35
2020-03-02,2020,mean_sediment_flux_kg_s,all_available,1394.9909740689247,1509.9175299926812,0.65,0.35
2020-03-03,2020,mean_sediment_flux_kg_s,all_available,1477.0915313852176,1550.3902621198058,0.65,0.35
2020-03-04,2020,mean_sediment_flux_kg_s,all_available,1605.309601738579,1596.02983866543,0.65,0.35
2020-03-05,2020,mean_sediment_flux_kg_s,all_available,1906.667611352231,1644.2945368707951,0.65,0.35
2020-03-06,2020,mean_sediment_flux_kg_s,all_available,1583.453521699313,1694.0604285746695,0.65,0.35
2020-03-07,2020,mean_sediment_flux_kg_s,all_available,1434.3030815679904,1755.03544577189,0.65,0.35
2020-03-08,2020,mean_sediment_flux_kg_s,all_available,1360.75084402501,1822.5130883390025,0.65,0.35
2020-03-09,2020,mean_sediment_flux_kg_s,all_available,1173.2854800401865,1895.918097709444,0.65,0.35
2020-03-10,2020,mean_sediment_flux_kg_s,all_available,1520.9440806103448,1975.9957935880775,0.65,0.35
2020-03-11,2020,mean_sediment_flux_kg_s,all_available,1253.3432267034252,2058.3269651636683,0.65,0.35
2020-03-12,2020,mean_sediment_flux_kg_s,all_available,1062.0326485718494,2144.157196518593,0.65,0.35
2020-03-13,2020,mean_sediment_flux_kg_s,all_available,1138.4150597560197,2233.037757050479,0.65,0.35
2020-03-14,2020,mean_sediment_flux_kg_s,all_available,993.3653077831144,2324.3790278235806,0.65,0.35
2020-03-15,2020,mean_sediment_flux_kg_s,all_available,996.8951885301512,2417.389025334789,0.65,0.35
2020-03-16,2020,mean_sediment_flux_kg_s,all_available,1003.455463327192,2511.3564621189503,0.65,0.35
2020-03-17,2020,mean_sediment_flux_kg_s,all_available,1128.7792232862312,2608.5265404695488,0.65,0.35
2020-03-18,2020,mean_sediment_flux_kg_s,all_available,979.6527820142746,2708.571419354952,0.65,0.35
2020-03-19,2020,mean_sediment_flux_kg_s,all_available,1057.3094468093882,2807.2116988157195,0.65,0.35
2020-03-20,2020,mean_sediment_flux_kg_s,all_available,973.5626822910648,2911.63877963951,0.65,0.35
2020-03-21,2020,mean_sediment_flux_kg_s,all_available,997.3971187268444,3019.71340823612,0.65,0.35
2020-03-22,2020,mean_sediment_flux_kg_s,all_available,1083.9595937574836,3130.947551758939,0.65,0.35
2020-03-23,2020,mean_sediment_flux_kg_s,all_available,1778.5902846426134,3244.2744868906016,0.65,0.35
2020-03-24,2020,mean_sediment_flux_kg_s,all_available,2627.2834174805416,3357.2802392157864,0.65,0.35
2020-03-25,2020,mean_sediment_flux_kg_s,all_available,3004.337602158509,3468.4654338426403,0.65,0.35
2020-03-26,2020,mean_sediment_flux_kg_s,all_available,2946.587247410582,3574.289698825368,0.65,0.35
2020-03-27,2020,mean_sediment_flux_kg_s,all_available,3194.4987890140105,3676.88605112965,0.65,0.35
2020-03-28,2020,mean_sediment_flux_kg_s,all_available,3605.748063756837,3776.5367336807276,0.65,0.35
2020-03-29,2020,mean_sediment_flux_kg_s,all_available,3106.8749214526338,3874.076907922666,0.65,0.35
2020-03-30,2020,mean_sediment_flux_kg_s,all_available,3460.628201142914,3964.962413590888,0.65,0.35
2020-03-31,2020,mean_sediment_flux_kg_s,all_available,3773.642345858722,4050.130749232649,0.65,0.35
2020-04-01,2020,mean_sediment_flux_kg_s,all_available,3367.996286471662,4127.658370757826,0.65,0.35
2020-04-02,2020,mean_sediment_flux_kg_s,all_available,3916.7690985546974,4196.952717796663,0.65,0.35
2020-04-03,2020,mean_sediment_flux_kg_s,all_available,3306.641715029043,4256.605356144594,0.65,0.35
2020-04-04,2020,mean_sediment_flux_kg_s,all_available,2961.843872683205,4305.325135258379,0.65,0.35
2020-04-05,2020,mean_sediment_flux_kg_s,all_available,3248.2809616661984,4340.588083949134,0.65,0.35
2020-04-06,2020,mean_sediment_flux_kg_s,all_available,2426.4303313346395,4364.262685938861,0.65,0.35
2020-04-07,2020,mean_sediment_flux_kg_s,all_available,2200.4452298973115,4379.954518353214,0.65,0.35
2020-04-08,2020,mean_sediment_flux_kg_s,all_available,2252.9565868695618,4390.037995941225,0.65,0.35
2020-04-09,2020,mean_sediment_flux_kg_s,all_available,2062.286273747543,4393.485550174126,0.65,0.35
2020-04-10,2020,mean_sediment_flux_kg_s,all_available,3113.41568247662,4392.138795964997,0.65,0.35
2020-04-11,2020,mean_sediment_flux_kg_s,all_available,4728.992384199145,4388.565382536325,0.65,0.35
2020-04-12,2020,mean_sediment_flux_kg_s,all_available,6169.184366299257,4378.827685132164,0.65,0.35
2020-04-13,2020,mean_sediment_flux_kg_s,all_available,6933.9933680428285,4364.4254320320515,0.65,0.35
2020-04-14,2020,mean_sediment_flux_kg_s,all_available,7239.270296272601,4346.107455452771,0.65,0.35
2020-04-15,2020,mean_sediment_flux_kg_s,all_available,7263.81421632105,4326.895868587693,0.65,0.35
2020-04-16,2020,mean_sediment_flux_kg_s,all_available,5897.429990740454,4306.398832409106,0.65,0.35
2020-04-17,2020,mean_sediment_flux_kg_s,all_available,6692.712943503014,4285.996462350262,0.65,0.35
2020-04-18,2020,mean_sediment_flux_kg_s,all_available,6200.974950546827,4269.567840863944,0.65,0.35
2020-04-19,2020,mean_sediment_flux_kg_s,all_available,6614.329240365692,4256.578494177041,0.65,0.35
2020-04-20,2020,mean_sediment_flux_kg_s,all_available,7661.656918005979,4242.517397203232,0.65,0.35
2020-04-21,2020,mean_sediment_flux_kg_s,all_available,8047.348934120498,4235.107844737378,0.65,0.35
2020-04-22,2020,mean_sediment_flux_kg_s,all_available,9611.945255844395,4231.59916163588,0.65,0.35
2020-04-23,2020,mean_sediment_flux_kg_s,all_available,11790.743647326004,4230.312304894428,0.65,0.35
2020-04-24,2020,mean_sediment_flux_kg_s,all_available,13847.691403840765,4230.034211212682,0.65,0.35
2020-04-25,2020,mean_sediment_flux_kg_s,all_available,13530.195825855508,4228.506616430125,0.65,0.35
2020-04-26,2020,mean_sediment_flux_kg_s,all_available,12620.10989583192,4231.312904058524,0.65,0.35
2020-04-27,2020,mean_sediment_flux_kg_s,all_available,12663.539691392863,4238.188686834355,0.65,0.35
2020-04-28,2020,mean_sediment_flux_kg_s,all_available,11527.788634235369,4247.9517488592755,0.65,0.35
2020-04-29,2020,mean_sediment_flux_kg_s,all_available,8828.64217096352,4258.0914764481695,0.65,0.35
2020-04-30,2020,mean_sediment_flux_kg_s,all_available,7201.237432604459,4271.975225557337,0.65,0.35
2020-05-01,2020,mean_sediment_flux_kg_s,all_available,6341.064860315025,4288.538223077681,0.65,0.35
2020-05-02,2020,mean_sediment_flux_kg_s,all_available,5890.830455891697,4309.77970968961,0.65,0.35
2020-05-03,2020,mean_sediment_flux_kg_s,all_available,6129.069755637818,4336.823469672971,0.65,0.35
2020-05-04,2020,mean_sediment_flux_kg_s,all_available,5461.8538474340885,4369.606042595239,0.65,0.35
2020-05-05,2020,mean_sediment_flux_kg_s,all_available,5994.746236841015,4405.888728417317,0.65,0.35
2020-05-06,2020,mean_sediment_flux_kg_s,all_available,6408.147986034434,4445.928620312892,0.65,0.35
2020-05-07,2020,mean_sediment_flux_kg_s,all_available,6030.265753895847,4486.637233406459,0.65,0.35
2020-05-08,2020,mean_sediment_flux_kg_s,all_available,6490.598619115178,4531.1093512150155,0.65,0.35
2020-05-09,2020,mean_sediment_flux_kg_s,all_available,7334.3940558828,4578.432128554292,0.65,0.35
2020-05-10,2020,mean_sediment_flux_kg_s,all_available,6777.742477318174,4638.474348686855,0.65,0.35
2020-05-11,2020,mean_sediment_flux_kg_s,all_available,6388.746772108158,4710.187440924627,0.65,0.35
2020-05-12,2020,mean_sediment_flux_kg_s,all_available,6035.936605118465,4789.725383978027,0.65,0.35
2020-05-13,2020,mean_sediment_flux_kg_s,all_available,5570.963008204456,4880.27467972446,0.65,0.35
2020-05-14,2020,mean_sediment_flux_kg_s,all_available,4566.994989359498,4977.084863723438,0.65,0.35
2020-05-15,2020,mean_sediment_flux_kg_s,all_available,5046.259706944609,5083.385567280666,0.65,0.35
2020-05-16,2020,mean_sediment_flux_kg_s,all_available,4620.673661232108,5194.61158761794,0.65,0.35
2020-05-17,2020,mean_sediment_flux_kg_s,all_available,4800.043058701377,5306.713951520541,0.65,0.35
2020-05-18,2020,mean_sediment_flux_kg_s,all_available,4803.829024657904,5418.417976058729,0.65,0.35
2020-05-19,2020,mean_sediment_flux_kg_s,all_available,4460.889592254084,5531.318759440364,0.65,0.35
2020-05-20,2020,mean_sediment_flux_kg_s,all_available,4596.342492520365,5644.948320758691,0.65,0.35
2020-05-21,2020,mean_sediment_flux_kg_s,all_available,4429.220555360121,5759.528983242263,0.65,0.35
2020-05-22,2020,mean_sediment_flux_kg_s,all_available,4479.862824857241,5867.571861812988,0.65,0.35
2020-05-23,2020,mean_sediment_flux_kg_s,all_available,4524.004949514826,5967.542325283288,0.65,0.35
2020-05-24,2020,mean_sediment_flux_kg_s,all_available,3330.9119889724784,6056.725881427002,0.65,0.35
2020-05-25,2020,mean_sediment_flux_kg_s,all_available,2920.3286228741613,6145.39874161005,0.65,0.35
2020-05-26,2020,mean_sediment_flux_kg_s,all_available,2770.204674013845,6229.467814063123,0.65,0.35
2020-05-27,2020,mean_sediment_flux_kg_s,all_available,2608.3758284032115,6294.521575440909,0.65,0.35
2020-05-28,2020,mean_sediment_flux_kg_s,all_available,2509.4621367740515,6343.981259295697,0.65,0.35
2020-05-29,2020,mean_sediment_flux_kg_s,all_available,2769.049728879287,6376.950798253001,0.65,0.35
2020-05-30,2020,mean_sediment_flux_kg_s,all_available,2603.7956978508355,6395.640245906372,0.65,0.35
2020-05-31,2020,mean_sediment_flux_kg_s,all_available,3070.5282054068552,6399.5934588629025,0.65,0.35
2020-06-01,2020,mean_sediment_flux_kg_s,all_available,3114.276878649391,6388.631235392642,0.65,0.35
2020-06-02,2020,mean_sediment_flux_kg_s,all_available,3225.2148004799674,6366.556118441793,0.65,0.35
2020-06-03,2020,mean_sediment_flux_kg_s,all_available,3337.928952020686,6332.172532417447,0.65,0.35
2020-06-04,2020,mean_sediment_flux_kg_s,all_available,3012.3986620308315,6291.83560931936,0.65,0.35
2020-06-05,2020,mean_sediment_flux_kg_s,all_available,2787.5807768498685,6246.158471192494,0.65,0.35
2020-06-06,2020,mean_sediment_flux_kg_s,all_available,2243.578666832412,6201.420552514782,0.65,0.35
2020-06-07,2020,mean_sediment_flux_kg_s,all_available,2023.1447200700384,6187.690746002256,0.65,0.35
2020-06-08,2020,mean_sediment_flux_kg_s,all_available,1929.168360267038,6239.585297413927,0.65,0.35
2020-06-09,2020,mean_sediment_flux_kg_s,all_available,1991.2796605005203,6353.6395454377625,0.65,0.35
2020-06-10,2020,mean_sediment_flux_kg_s,all_available,1980.1577403481588,6498.838793966679,0.65,0.35
2020-06-11,2020,mean_sediment_flux_kg_s,all_available,1991.609071789779,6687.1119982831015,0.65,0.35
2020-06-12,2020,mean_sediment_flux_kg_s,all_available,2385.4400879237687,6936.875431784886,0.65,0.35
2020-06-13,2020,mean_sediment_flux_kg_s,all_available,2560.920717469324,7250.511497740768,0.65,0.35
2020-06-14,2020,mean_sediment_flux_kg_s,all_available,2638.2282498878644,7638.327313685863,0.65,0.35
2020-06-15,2020,mean_sediment_flux_kg_s,all_available,3795.414119711735,8087.219838089923,0.65,0.35
2020-06-16,2020,mean_sediment_flux_kg_s,all_available,6064.516113358881,8593.443365160294,0.65,0.35
2020-06-17,2020,mean_sediment_flux_kg_s,all_available,10834.207143525413,9166.933126096676,0.65,0.35
2020-06-18,2020,mean_sediment_flux_kg_s,all_available,19618.67630766344,9802.974438610014,0.65,0.35
2020-06-19,2020,mean_sediment_flux_kg_s,all_available,18916.055003412315,10495.89936134656,0.65,0.35
2020-06-20,2020,mean_sediment_flux_kg_s,all_available,15054.481780179523,11270.79751064572,0.65,0.35
2020-06-21,2020,mean_sediment_flux_kg_s,all_available,14810.69290823008,12086.835867020764,0.65,0.35
2020-06-22,2020,mean_sediment_flux_kg_s,all_available,14990.804104544795,12925.857182829792,0.65,0.35
2020-06-23,2020,mean_sediment_flux_kg_s,all_available,15877.378392571169,13822.15514450043,0.65,0.35
2020-06-24,2020,mean_sediment_flux_kg_s,all_available,16452.000622793155,14747.571799723635,0.65,0.35
2020-06-25,2020,mean_sediment_flux_kg_s,all_available,16229.011035920934,15662.782946429432,0.65,0.35
2020-06-26,2020,mean_sediment_flux_kg_s,all_available,34018.7711459529,16549.046156214252,0.65,0.35
2020-06-27,2020,mean_sediment_flux_kg_s,all_available,50371.95010713139,17424.516775115768,0.65,0.35
2020-06-28,2020,mean_sediment_flux_kg_s,all_available,43279.46791170117,18262.923285107667,0.65,0.35
2020-06-29,2020,mean_sediment_flux_kg_s,all_available,38928.921798298645,19102.628948364938,0.65,0.35
2020-06-30,2020,mean_sediment_flux_kg_s,all_available,34675.41211363751,19908.941960802767,0.65,0.35
2020-07-01,2020,mean_sediment_flux_kg_s,all_available,30754.39805342688,20687.561191660974,0.65,0.35
2020-07-02,2020,mean_sediment_flux_kg_s,all_available,30025.198077946727,21505.087205143398,0.65,0.35
2020-07-03,2020,mean_sediment_flux_kg_s,all_available,32422.690501368637,22368.003143525126,0.65,0.35
2020-07-04,2020,mean_sediment_flux_kg_s,all_available,35024.238880110795,23203.36567928466,0.65,0.35
2020-07-05,2020,mean_sediment_flux_kg_s,all_available,38166.45657286984,24025.41060329834,0.65,0.35
2020-07-06,2020,mean_sediment_flux_kg_s,all_available,37655.834565753896,24838.55811626092,0.65,0.35
2020-07-07,2020,mean_sediment_flux_kg_s,all_available,38134.16478205773,25613.12971631236,0.65,0.35
2020-07-08,2020,mean_sediment_flux_kg_s,all_available,38041.83790968735,26360.7474688149,0.65,0.35
2020-07-09,2020,mean_sediment_flux_kg_s,all_available,36166.78854060414,27053.257965496057,0.65,0.35
2020-07-10,2020,mean_sediment_flux_kg_s,all_available,35511.851053941675,27720.15998835168,0.65,0.35
2020-07-11,2020,mean_sediment_flux_kg_s,all_available,36813.29642737375,28412.99768327058,0.65,0.35
2020-07-12,2020,mean_sediment_flux_kg_s,all_available,31197.85071430811,29089.903185411524,0.65,0.35
2020-07-13,2020,mean_sediment_flux_kg_s,all_available,17398.010345881004,29665.588743184333,0.65,0.35
2020-07-14,2020,mean_sediment_flux_kg_s,all_available,16427.511322602095,30146.885828498238,0.65,0.35
2020-07-15,2020,mean_sediment_flux_kg_s,all_available,18752.638555981463,30525.557782622578,0.65,0.35
2020-07-16,2020,mean_sediment_flux_kg_s,all_available,20557.182190587333,30847.190249138628,0.65,0.35
2020-07-17,2020,mean_sediment_flux_kg_s,all_available,17583.613094956072,31064.107017060895,0.65,0.35
2020-07-18,2020,mean_sediment_flux_kg_s,all_available,18517.467869404205,31102.23921843681,0.65,0.35
2020-07-19,2020,mean_sediment_flux_kg_s,all_available,20730.323966759664,30924.27216042237,0.65,0.35
2020-07-20,2020,mean_sediment_flux_kg_s,all_available,19850.80177469152,30585.54739090823,0.65,0.35
2020-07-21,2020,mean_sediment_flux_kg_s,all_available,20682.53677977326,30043.33047106438,0.65,0.35
2020-07-22,2020,mean_sediment_flux_kg_s,all_available,23144.826186622504,29446.090312048025,0.65,0.35
2020-07-23,2020,mean_sediment_flux_kg_s,all_available,26587.79778382463,28875.76636759629,0.65,0.35
2020-07-24,2020,mean_sediment_flux_kg_s,all_available,29523.30367039578,28197.555230055343,0.65,0.35
2020-07-25,2020,mean_sediment_flux_kg_s,all_available,42054.13128006834,27436.571134001057,0.65,0.35
2020-07-26,2020,mean_sediment_flux_kg_s,all_available,46836.58800972679,26641.209319445235,0.65,0.35
2020-07-27,2020,mean_sediment_flux_kg_s,all_available,25723.319373313523,25735.2787359043,0.65,0.35
2020-07-28,2020,mean_sediment_flux_kg_s,all_available,30359.66796408868,24774.586455231143,0.65,0.35
2020-07-29,2020,mean_sediment_flux_kg_s,all_available,34517.84473048132,23835.12532775289,0.65,0.35
2020-07-30,2020,mean_sediment_flux_kg_s,all_available,39586.77631152493,22878.339435440925,0.65,0.35
2020-07-31,2020,mean_sediment_flux_kg_s,all_available,48165.07761268376,21893.139805818173,0.65,0.35
2020-08-01,2020,mean_sediment_flux_kg_s,all_available,39674.39085278138,20924.8644356023,0.65,0.35
2020-08-02,2020,mean_sediment_flux_kg_s,all_available,37685.96229579278,19927.83150312655,0.65,0.35
2020-08-03,2020,mean_sediment_flux_kg_s,all_available,39109.00762089669,18935.347714123636,0.65,0.35
2020-08-04,2020,mean_sediment_flux_kg_s,all_available,35653.18146120718,18006.977477969198,0.65,0.35
2020-08-05,2020,mean_sediment_flux_kg_s,all_available,41744.61103566608,17117.371284217243,0.65,0.35
2020-08-06,2020,mean_sediment_flux_kg_s,all_available,44344.2728159056,16240.9351471069,0.65,0.35
2020-08-07,2020,mean_sediment_flux_kg_s,all_available,44822.85561702511,15378.454243866952,0.65,0.35
2020-08-08,2020,mean_sediment_flux_kg_s,all_available,28543.592103133185,14524.9283483323,0.65,0.35
2020-08-09,2020,mean_sediment_flux_kg_s,all_available,15974.843737504609,13710.028824747631,0.65,0.35
2020-08-10,2020,mean_sediment_flux_kg_s,all_available,21050.22715952024,12891.063492228015,0.65,0.35
2020-08-11,2020,mean_sediment_flux_kg_s,all_available,24677.297205166844,12081.745667352465,0.65,0.35
2020-08-12,2020,mean_sediment_flux_kg_s,all_available,28244.12332407205,11311.39763289806,0.65,0.35
2020-08-13,2020,mean_sediment_flux_kg_s,all_available,26894.243312709867,10623.079361141836,0.65,0.35
2020-08-14,2020,mean_sediment_flux_kg_s,all_available,39964.214173417706,9982.80891348144,0.65,0.35
2020-08-15,2020,mean_sediment_flux_kg_s,all_available,52100.248529430326,9373.123726663347,0.65,0.35
2020-08-16,2020,mean_sediment_flux_kg_s,all_available,56177.57694563304,8781.35610417985,0.65,0.35
2020-08-17,2020,mean_sediment_flux_kg_s,all_available,30086.049544716603,8247.780280447778,0.65,0.35
2020-08-18,2020,mean_sediment_flux_kg_s,all_available,16036.363485944044,7807.601323583001,0.65,0.35
2020-08-19,2020,mean_sediment_flux_kg_s,all_available,18344.63653927224,7475.446734983674,0.65,0.35
2020-08-20,2020,mean_sediment_flux_kg_s,all_available,22675.3621367649,7186.508318290852,0.65,0.35
2020-08-21,2020,mean_sediment_flux_kg_s,all_available,26565.56425142375,6944.890739900024,0.65,0.35
2020-08-22,2020,mean_sediment_flux_kg_s,all_available,53843.51250823276,6698.815655391522,0.65,0.35
2020-08-23,2020,mean_sediment_flux_kg_s,all_available,76914.54061375411,6413.530176963293,0.65,0.35
2020-08-24,2020,mean_sediment_flux_kg_s,all_available,66918.88329977963,6185.698466632482,0.65,0.35
2020-08-25,2020,mean_sediment_flux_kg_s,all_available,56524.885038444,6022.837894435795,0.65,0.35
2020-08-26,2020,mean_sediment_flux_kg_s,all_available,52104.6414618259,5902.531883034987,0.65,0.35
2020-08-27,2020,mean_sediment_flux_kg_s,all_available,51731.12243838852,5869.934376719106,0.65,0.35
2020-08-28,2020,mean_sediment_flux_kg_s,all_available,52176.33900207167,5834.9815245885975,0.65,0.35
2020-08-29,2020,mean_sediment_flux_kg_s,all_available,51932.57053406388,5769.972804211912,0.65,0.35
2020-08-30,2020,mean_sediment_flux_kg_s,all_available,52759.9177261999,5700.351442409774,0.65,0.35
2020-08-31,2020,mean_sediment_flux_kg_s,all_available,53144.16298118262,5737.030642978342,0.65,0.35
2020-09-01,2020,mean_sediment_flux_kg_s,all_available,53257.77279707394,5851.881354630642,0.65,0.35
2020-09-02,2020,mean_sediment_flux_kg_s,all_available,53312.27140842463,6052.756219714845,0.65,0.35
2020-09-03,2020,mean_sediment_flux_kg_s,all_available,53326.12326298677,6330.988891515861,0.65,0.35
2020-09-04,2020,mean_sediment_flux_kg_s,all_available,51728.673730982606,6678.269267713958,0.65,0.35
2020-09-05,2020,mean_sediment_flux_kg_s,all_available,51459.05153543203,7124.136569541269,0.65,0.35
2020-09-06,2020,mean_sediment_flux_kg_s,all_available,49649.67704938864,7694.592056435506,0.65,0.35
2020-09-07,2020,mean_sediment_flux_kg_s,all_available,50589.51325808612,8396.237510768598,0.65,0.35
2020-09-08,2020,mean_sediment_flux_kg_s,all_available,49551.932290102406,9173.573126625988,0.65,0.35
2020-09-09,2020,mean_sediment_flux_kg_s,all_available,45358.57398906397,10009.194919414915,0.65,0.35
2020-09-10,2020,mean_sediment_flux_kg_s,all_available,25302.29763664829,10945.759427241097,0.65,0.35
2020-09-11,2020,mean_sediment_flux_kg_s,all_available,11585.35480810544,11953.453119533815,0.65,0.35
2020-09-12,2020,mean_sediment_flux_kg_s,all_available,8630.108069757443,13066.101822652614,0.65,0.35
2020-09-13,2020,mean_sediment_flux_kg_s,all_available,10751.207034516348,14224.110380012768,0.65,0.35
2020-09-14,2020,mean_sediment_flux_kg_s,all_available,12054.407652864456,15412.104902474028,0.65,0.35
2020-09-15,2020,mean_sediment_flux_kg_s,all_available,11381.878304568272,16589.547561850304,0.65,0.35
2020-09-16,2020,mean_sediment_flux_kg_s,all_available,11954.14878852552,17701.389953930193,0.65,0.35
2020-09-17,2020,mean_sediment_flux_kg_s,all_available,11984.073468746188,18724.119822826473,0.65,0.35
2020-09-18,2020,mean_sediment_flux_kg_s,all_available,12023.591630796836,19617.097864879805,0.65,0.35
2020-09-19,2020,mean_sediment_flux_kg_s,all_available,11417.054629740742,20335.344776394842,0.65,0.35
2020-09-20,2020,mean_sediment_flux_kg_s,all_available,12476.310817160367,20899.649031582663,0.65,0.35
2020-09-21,2020,mean_sediment_flux_kg_s,all_available,12757.710920897329,21289.629886042243,0.65,0.35
2020-09-22,2020,mean_sediment_flux_kg_s,all_available,12019.06802632335,21486.659390926783,0.65,0.35
2020-09-23,2020,mean_sediment_flux_kg_s,all_available,11583.974226148232,21496.665457242383,0.65,0.35
2020-09-24,2020,mean_sediment_flux_kg_s,all_available,10246.11288060802,21340.793641797638,0.65,0.35
2020-09-25,2020,mean_sediment_flux_kg_s,all_available,9907.565164590747,21060.33854588033,0.65,0.35
2020-09-26,2020,mean_sediment_flux_kg_s,all_available,9713.792557342122,20658.824078798672,0.65,0.35
2020-09-27,2020,mean_sediment_flux_kg_s,all_available,10262.842799642338,20139.29601223538,0.65,0.35
2020-09-28,2020,mean_sediment_flux_kg_s,all_available,9975.494184222143,19535.990106053538,0.65,0.35
2020-09-29,2020,mean_sediment_flux_kg_s,all_available,9768.261374966767,18877.26768683917,0.65,0.35
2020-09-30,2020,mean_sediment_flux_kg_s,all_available,9732.245002335789,18176.5026498585,0.65,0.35
2020-10-01,2020,mean_sediment_flux_kg_s,all_available,9174.833554781137,17399.72394806218,0.65,0.35
2020-10-02,2020,mean_sediment_flux_kg_s,all_available,8619.755011855688,16603.095559323367,0.65,0.35
2020-10-03,2020,mean_sediment_flux_kg_s,all_available,9012.574978361672,15817.921088401974,0.65,0.35
2020-10-04,2020,mean_sediment_flux_kg_s,all_available,19829.826474058205,15077.00477333464,0.65,0.35
2020-10-05,2020,mean_sediment_flux_kg_s,all_available,32564.639559713018,14398.440631589554,0.65,0.35
2020-10-06,2020,mean_sediment_flux_kg_s,all_available,31574.848279904672,13750.586382128924,0.65,0.35
2020-10-07,2020,mean_sediment_flux_kg_s,all_available,27997.856411073222,13129.750072216852,0.65,0.35
2020-10-08,2020,mean_sediment_flux_kg_s,all_available,27382.989629138687,12541.133155784137,0.65,0.35
2020-10-09,2020,mean_sediment_flux_kg_s,all_available,25816.08414180072,12000.346249380571,0.65,0.35
2020-10-10,2020,mean_sediment_flux_kg_s,all_available,26304.63248761148,11502.490193935071,0.65,0.35
2020-10-11,2020,mean_sediment_flux_kg_s,all_available,26431.72664490804,11027.172176038155,0.65,0.35
2020-10-12,2020,mean_sediment_flux_kg_s,all_available,27098.753820227208,10554.400017711441,0.65,0.35
2020-10-13,2020,mean_sediment_flux_kg_s,all_available,14991.31418107208,10035.715007113387,0.65,0.35
2020-10-14,2020,mean_sediment_flux_kg_s,all_available,9895.92411425556,9518.900280192445,0.65,0.35
2020-10-15,2020,mean_sediment_flux_kg_s,all_available,8877.901783259225,8996.72973514346,0.65,0.35
2020-10-16,2020,mean_sediment_flux_kg_s,all_available,8209.759870703369,8484.284160118234,0.65,0.35
2020-10-17,2020,mean_sediment_flux_kg_s,all_available,8201.567179186395,7983.860042871593,0.65,0.35
2020-10-18,2020,mean_sediment_flux_kg_s,all_available,6475.033559005562,7483.773383598731,0.65,0.35
2020-10-19,2020,mean_sediment_flux_kg_s,all_available,5316.1352252305705,6983.7962508145965,0.65,0.35
2020-10-20,2020,mean_sediment_flux_kg_s,all_available,4287.806614259943,6487.152515707278,0.65,0.35
2020-10-21,2020,mean_sediment_flux_kg_s,all_available,4172.024439291119,5998.04444630236,0.65,0.35
2020-10-22,2020,mean_sediment_flux_kg_s,all_available,3860.195702254689,5527.524888903711,0.65,0.35
2020-10-23,2020,mean_sediment_flux_kg_s,all_available,3134.533630285072,5088.364066854229,0.65,0.35
2020-10-24,2020,mean_sediment_flux_kg_s,all_available,2428.7981210372604,4677.133225345676,0.65,0.35
2020-10-25,2020,mean_sediment_flux_kg_s,all_available,2381.774999243676,4289.315028594151,0.65,0.35
2020-10-26,2020,mean_sediment_flux_kg_s,all_available,2295.1500530806675,3910.457915172884,0.65,0.35
2020-10-27,2020,mean_sediment_flux_kg_s,all_available,2180.905837260252,3554.3365235314645,0.65,0.35
2020-10-28,2020,mean_sediment_flux_kg_s,all_available,2116.787727643936,3243.3674766021413,0.65,0.35
2020-10-29,2020,mean_sediment_flux_kg_s,all_available,2617.06230099688,2968.6451640415353,0.65,0.35
2020-10-30,2020,mean_sediment_flux_kg_s,all_available,1978.0181571297896,2717.835944038845,0.65,0.35
2020-10-31,2020,mean_sediment_flux_kg_s,all_available,2158.724667505035,2487.83135605517,0.65,0.35
2020-11-01,2020,mean_sediment_flux_kg_s,all_available,2011.7409634413,2280.3599464056683,0.65,0.35
2020-11-02,2020,mean_sediment_flux_kg_s,all_available,2079.5106031357245,2093.640039410132,0.65,0.35
2020-11-03,2020,mean_sediment_flux_kg_s,all_available,1776.269495105612,1932.9246968755892,0.65,0.35
2020-11-04,2020,mean_sediment_flux_kg_s,all_available,1546.0939367527935,1793.5982093089888,0.65,0.35
2020-11-05,2020,mean_sediment_flux_kg_s,all_available,1548.4804385883028,1679.1767049928949,0.65,0.35
2020-11-06,2020,mean_sediment_flux_kg_s,all_available,1456.5978843634286,1581.6589086442118,0.65,0.35
2020-11-07,2020,mean_sediment_flux_kg_s,all_available,1207.0081455461948,1496.9256740266096,0.65,0.35
2020-11-08,2020,mean_sediment_flux_kg_s,all_available,999.1631028303708,1416.2944349078548,0.65,0.35
2020-11-09,2020,mean_sediment_flux_kg_s,all_available,1099.3709049509298,1343.4064572931134,0.65,0.35
2020-11-10,2020,mean_sediment_flux_kg_s,all_available,1186.3715777216348,1274.9646301225584,0.65,0.35
2020-11-11,2020,mean_sediment_flux_kg_s,all_available,1173.2866411804955,1212.0061678007783,0.65,0.35
2020-11-12,2020,mean_sediment_flux_kg_s,all_available,1151.909313641301,1153.0208885237141,0.65,0.35
2020-11-13,2020,mean_sediment_flux_kg_s,all_available,1098.7878790024176,1097.6726806556173,0.65,0.35
2020-11-14,2020,mean_sediment_flux_kg_s,all_available,1117.372580072667,1046.4569988263981,0.65,0.35
2020-11-15,2020,mean_sediment_flux_kg_s,all_available,1134.8156387344354,998.5805028734662,0.65,0.35
2020-11-16,2020,mean_sediment_flux_kg_s,all_available,1088.5174030304458,954.0190907419792,0.65,0.35
2020-11-17,2020,mean_sediment_flux_kg_s,all_available,1137.0488649783292,912.5229378137467,0.65,0.35
2020-11-18,2020,mean_sediment_flux_kg_s,all_available,1534.6708154418277,876.4483683941958,0.65,0.35
2020-11-19,2020,mean_sediment_flux_kg_s,all_available,1142.850343949539,845.4358481210841,0.65,0.35
2020-11-20,2020,mean_sediment_flux_kg_s,all_available,1273.5822090037268,818.2241569825155,0.65,0.35
2020-11-21,2020,mean_sediment_flux_kg_s,all_available,1285.959759367577,794.6891301331816,0.65,0.35
2020-11-22,2020,mean_sediment_flux_kg_s,all_available,7606.168105043977,774.6448498666305,0.65,0.35
2020-11-23,2020,mean_sediment_flux_kg_s,all_available,8380.153537767814,758.504168754904,0.65,0.35
2020-11-24,2020,mean_sediment_flux_kg_s,all_available,1795.3277429540256,744.9992889757671,0.65,0.35
2020-11-25,2020,mean_sediment_flux_kg_s,all_available,709.9898811550089,733.244480296025,0.65,0.35
2020-11-26,2020,mean_sediment_flux_kg_s,all_available,638.1760397902025,723.9046555985174,0.65,0.35
2020-11-27,2020,mean_sediment_flux_kg_s,all_available,644.376520498833,716.689892717954,0.65,0.35
2020-11-28,2020,mean_sediment_flux_kg_s,all_available,704.3405448862782,711.4102899569638,0.65,0.35
2020-11-29,2020,mean_sediment_flux_kg_s,all_available,775.0063084445709,707.8926053368721,0.65,0.35
2020-11-30,2020,mean_sediment_flux_kg_s,all_available,5370.641431829491,705.6881612504675,0.65,0.35
2020-12-01,2020,mean_sediment_flux_kg_s,all_available,2651.63465068407,703.5025412808426,0.65,0.35
2020-12-02,2020,mean_sediment_flux_kg_s,all_available,1299.9815122154553,701.4740678588022,0.65,0.35
2020-12-03,2020,mean_sediment_flux_kg_s,all_available,1103.577070635081,698.5349126001688,0.65,0.35
2020-12-04,2020,mean_sediment_flux_kg_s,all_available,885.3627578301567,693.9946963495427,0.65,0.35
2020-12-05,2020,mean_sediment_flux_kg_s,all_available,1093.9688626844684,688.417759523161,0.65,0.35
2020-12-06,2020,mean_sediment_flux_kg_s,all_available,1032.9286048006386,680.6983562768041,0.65,0.35
2020-12-07,2020,mean_sediment_flux_kg_s,all_available,985.5921234027008,671.2957716385787,0.65,0.35
2020-12-08,2020,mean_sediment_flux_kg_s,all_available,811.8047858607993,659.7731503081882,0.65,0.35
2020-12-09,2020,mean_sediment_flux_kg_s,all_available,567.3620542421783,647.6554895335545,0.65,0.35
2020-12-10,2020,mean_sediment_flux_kg_s,all_available,792.4803974647224,632.9146375404328,0.65,0.35
2020-12-11,2020,mean_sediment_flux_kg_s,all_available,814.7232445417612,617.4032794063768,0.65,0.35
2020-12-12,2020,mean_sediment_flux_kg_s,all_available,584.4601969380515,601.9311231390365,0.65,0.35
2020-12-13,2020,mean_sediment_flux_kg_s,all_available,349.3075290740469,585.3247994928994,0.65,0.35
2020-12-14,2020,mean_sediment_flux_kg_s,all_available,234.86900452084407,568.7349331392415,0.65,0.35
2020-12-15,2020,mean_sediment_flux_kg_s,all_available,207.75936223520628,552.6361674003402,0.65,0.35
2020-12-16,2020,mean_sediment_flux_kg_s,all_available,443.4538513743949,537.3176048386184,0.65,0.35
2020-12-17,2020,mean_sediment_flux_kg_s,all_available,1269.7906590463988,521.6767462886702,0.65,0.35
2020-12-18,2020,mean_sediment_flux_kg_s,all_available,1256.9423170991192,506.9005036422995,0.65,0.35
2020-12-19,2020,mean_sediment_flux_kg_s,all_available,1270.8662119438104,492.291372245665,0.65,0.35
2020-12-20,2020,mean_sediment_flux_kg_s,all_available,777.665208984875,478.91678253540044,0.65,0.35
2020-12-21,2020,mean_sediment_flux_kg_s,all_available,819.8306878825952,466.32141291518207,0.65,0.35
2020-12-22,2020,mean_sediment_flux_kg_s,all_available,840.1033285014055,454.82402064682174,0.65,0.35
2020-12-23,2020,mean_sediment_flux_kg_s,all_available,718.0963680163069,444.65607253989185,0.65,0.35
2020-12-24,2020,mean_sediment_flux_kg_s,all_available,708.8177417929008,435.02405299968945,0.65,0.35
2020-12-25,2020,mean_sediment_flux_kg_s,all_available,635.9754883336328,426.8522640898469,0.65,0.35
2020-12-26,2020,mean_sediment_flux_kg_s,all_available,656.2583378472475,420.0273097901287,0.65,0.35
2020-12-27,2020,mean_sediment_flux_kg_s,all_available,868.4338826146223,412.8705004438159,0.65,0.35
2020-12-28,2020,mean_sediment_flux_kg_s,all_available,634.5041268507449,405.4607724566466,0.65,0.35
2020-12-29,2020,mean_sediment_flux_kg_s,all_available,896.6478319751892,398.09231311706344,0.65,0.35
2020-12-30,2020,mean_sediment_flux_kg_s,all_available,1705.3815172133698,390.60883617979505,0.65,0.35
2020-12-31,2020,mean_sediment_flux_kg_s,all_available,1247.5977683169144,383.3608275854473,0.65,0.35
2021-01-01,2021,mean_sediment_flux_kg_s,all_available,765.9873503641285,521.443917657422,0.65,0.35
2021-01-02,2021,mean_sediment_flux_kg_s,all_available,906.5493849344416,504.5873173909613,0.65,0.35
2021-01-03,2021,mean_sediment_flux_kg_s,all_available,717.8893664421979,487.98421104407487,0.65,0.35
2021-01-04,2021,mean_sediment_flux_kg_s,all_available,750.2697936300725,471.78114462062166,0.65,0.35
2021-01-05,2021,mean_sediment_flux_kg_s,all_available,507.3218322159309,457.063524888617,0.65,0.35
2021-01-06,2021,mean_sediment_flux_kg_s,all_available,490.1849960638978,442.7231594629551,0.65,0.35
2021-01-07,2021,mean_sediment_flux_kg_s,all_available,399.99129949541685,429.04182940053596,0.65,0.35
2021-01-08,2021,mean_sediment_flux_kg_s,all_available,437.4684043059608,416.1456510190786,0.65,0.35
2021-01-09,2021,mean_sediment_flux_kg_s,all_available,393.4507556012964,404.26242388525026,0.65,0.35
2021-01-10,2021,mean_sediment_flux_kg_s,all_available,518.1066885017304,393.6556920997183,0.65,0.35
2021-01-11,2021,mean_sediment_flux_kg_s,all_available,463.4832875802372,383.9326842592802,0.65,0.35
2021-01-12,2021,mean_sediment_flux_kg_s,all_available,457.72282573292176,374.5623829462545,0.65,0.35
2021-01-13,2021,mean_sediment_flux_kg_s,all_available,467.34038150934975,367.3640096520294,0.65,0.35
2021-01-14,2021,mean_sediment_flux_kg_s,all_available,470.9960483397378,360.4695009375344,0.65,0.35
2021-01-15,2021,mean_sediment_flux_kg_s,all_available,421.30533441238026,352.8533661244787,0.65,0.35
2021-01-16,2021,mean_sediment_flux_kg_s,all_available,363.3220432453515,349.4153621690435,0.65,0.35
2021-01-17,2021,mean_sediment_flux_kg_s,all_available,308.07751325495565,349.1101265986974,0.65,0.35
2021-01-18,2021,mean_sediment_flux_kg_s,all_available,298.0796293182121,350.14810089924606,0.65,0.35
2021-01-19,2021,mean_sediment_flux_kg_s,all_available,283.49616517871243,352.7916254114059,0.65,0.35
2021-01-20,2021,mean_sediment_flux_kg_s,all_available,271.6418217272084,356.44505918799734,0.65,0.35
2021-01-21,2021,mean_sediment_flux_kg_s,all_available,273.82352363739955,360.8680295937978,0.65,0.35
2021-01-22,2021,mean_sediment_flux_kg_s,all_available,257.77217456593,366.35142089708813,0.65,0.35
2021-01-23,2021,mean_sediment_flux_kg_s,all_available,251.73303210434108,373.20126181643286,0.65,0.35
2021-01-24,2021,mean_sediment_flux_kg_s,all_available,224.2674380230538,381.1577250001477,0.65,0.35
2021-01-25,2021,mean_sediment_flux_kg_s,all_available,195.64975851948583,391.1773628679432,0.65,0.35
2021-01-26,2021,mean_sediment_flux_kg_s,all_available,184.21291924781167,402.70230973965647,0.65,0.35
2021-01-27,2021,mean_sediment_flux_kg_s,all_available,178.37013525605448,416.5422306151802,0.65,0.35
2021-01-28,2021,mean_sediment_flux_kg_s,all_available,169.21880038607972,431.33867436691594,0.65,0.35
2021-01-29,2021,mean_sediment_flux_kg_s,all_available,158.33497607882,447.00036560086005,0.65,0.35
2021-01-30,2021,mean_sediment_flux_kg_s,all_available,157.8598918630995,463.20443771118835,0.65,0.35
2021-01-31,2021,mean_sediment_flux_kg_s,all_available,139.67696596717,479.9834273796466,0.65,0.35
2021-02-01,2021,mean_sediment_flux_kg_s,all_available,142.69472903704136,498.3921889645062,0.65,0.35
2021-02-02,2021,mean_sediment_flux_kg_s,all_available,140.66243369881636,517.6024597786225,0.65,0.35
2021-02-03,2021,mean_sediment_flux_kg_s,all_available,140.12741228581407,539.0441262651016,0.65,0.35
2021-02-04,2021,mean_sediment_flux_kg_s,all_available,135.10093222747489,564.8344377586473,0.65,0.35
2021-02-05,2021,mean_sediment_flux_kg_s,all_available,121.44241078090364,589.6679781323168,0.65,0.35
2021-02-06,2021,mean_sediment_flux_kg_s,all_available,126.81188558046324,614.966957569224,0.65,0.35
2021-02-07,2021,mean_sediment_flux_kg_s,all_available,139.15969277453698,641.0230003617582,0.65,0.35
2021-02-08,2021,mean_sediment_flux_kg_s,all_available,184.8264644107643,666.7327484504395,0.65,0.35
2021-02-09,2021,mean_sediment_flux_kg_s,all_available,201.6734291796043,692.3559238164312,0.65,0.35
2021-02-10,2021,mean_sediment_flux_kg_s,all_available,217.4125416725176,718.4826023560679,0.65,0.35
2021-02-11,2021,mean_sediment_flux_kg_s,all_available,235.99777716466747,744.3843687241747,0.65,0.35
2021-02-12,2021,mean_sediment_flux_kg_s,all_available,245.3059282000565,770.1857154200632,0.65,0.35
2021-02-13,2021,mean_sediment_flux_kg_s,all_available,197.88690783701028,794.2951184222193,0.65,0.35
2021-02-14,2021,mean_sediment_flux_kg_s,all_available,194.7560029167922,818.660634465335,0.65,0.35
2021-02-15,2021,mean_sediment_flux_kg_s,all_available,320.59620235082,844.2639662072977,0.65,0.35
2021-02-16,2021,mean_sediment_flux_kg_s,all_available,474.8036500367532,868.525388700702,0.65,0.35
2021-02-17,2021,mean_sediment_flux_kg_s,all_available,484.7685471299707,893.8328229453259,0.65,0.35
2021-02-18,2021,mean_sediment_flux_kg_s,all_available,579.3394113592534,920.2771138257197,0.65,0.35
2021-02-19,2021,mean_sediment_flux_kg_s,all_available,1541.1910934134796,947.5568752423426,0.65,0.35
2021-02-20,2021,mean_sediment_flux_kg_s,all_available,1364.6660587918436,974.2407611796646,0.65,0.35
2021-02-21,2021,mean_sediment_flux_kg_s,all_available,960.187135571096,1000.9343244415041,0.65,0.35
2021-02-22,2021,mean_sediment_flux_kg_s,all_available,952.4062236766002,1027.7296272930507,0.65,0.35
2021-02-23,2021,mean_sediment_flux_kg_s,all_available,899.8327570093915,1055.3857119303943,0.65,0.35
2021-02-24,2021,mean_sediment_flux_kg_s,all_available,937.9900438198356,1086.767769808142,0.65,0.35
2021-02-25,2021,mean_sediment_flux_kg_s,all_available,1385.9284008753295,1119.5173029987168,0.65,0.35
2021-02-26,2021,mean_sediment_flux_kg_s,all_available,1703.3074561574078,1153.948470003476,0.65,0.35
2021-02-27,2021,mean_sediment_flux_kg_s,all_available,1828.886479274767,1190.103262926281,0.65,0.35
2021-02-28,2021,mean_sediment_flux_kg_s,all_available,2008.202803203115,1229.25928380277,0.65,0.35
2021-03-01,2021,mean_sediment_flux_kg_s,all_available,2316.4640081757875,1270.702415262407,0.65,0.35
2021-03-02,2021,mean_sediment_flux_kg_s,all_available,2489.0746547281333,1314.0666358659137,0.65,0.35
2021-03-03,2021,mean_sediment_flux_kg_s,all_available,2687.7158090050866,1358.6576571405806,0.65,0.35
2021-03-04,2021,mean_sediment_flux_kg_s,all_available,2905.5064483244896,1401.9112999764907,0.65,0.35
2021-03-05,2021,mean_sediment_flux_kg_s,all_available,4286.86568891116,1445.6945663144481,0.65,0.35
2021-03-06,2021,mean_sediment_flux_kg_s,all_available,3398.492686890924,1488.0317362246842,0.65,0.35
2021-03-07,2021,mean_sediment_flux_kg_s,all_available,3409.27606972737,1527.501261283422,0.65,0.35
2021-03-08,2021,mean_sediment_flux_kg_s,all_available,3449.831241642402,1569.9965697938787,0.65,0.35
2021-03-09,2021,mean_sediment_flux_kg_s,all_available,3056.745974639305,1616.0907151178976,0.65,0.35
2021-03-10,2021,mean_sediment_flux_kg_s,all_available,2860.545588152557,1665.8853412439294,0.65,0.35
2021-03-11,2021,mean_sediment_flux_kg_s,all_available,2775.626988423685,1719.0762773345652,0.65,0.35
2021-03-12,2021,mean_sediment_flux_kg_s,all_available,3160.191453296862,1773.5812433760095,0.65,0.35
2021-03-13,2021,mean_sediment_flux_kg_s,all_available,5537.92510707458,1829.854549717153,0.65,0.35
2021-03-14,2021,mean_sediment_flux_kg_s,all_available,7999.592433599887,1890.6809208422487,0.65,0.35
2021-03-15,2021,mean_sediment_flux_kg_s,all_available,9702.492614279594,1954.4553832810766,0.65,0.35
2021-03-16,2021,mean_sediment_flux_kg_s,all_available,7401.473502231493,2025.1798258988533,0.65,0.35
2021-03-17,2021,mean_sediment_flux_kg_s,all_available,4555.2912811834,2101.6021705312032,0.65,0.35
2021-03-18,2021,mean_sediment_flux_kg_s,all_available,9550.29989265961,2181.513145410643,0.65,0.35
2021-03-19,2021,mean_sediment_flux_kg_s,all_available,11909.591757093647,2270.225690203016,0.65,0.35
2021-03-20,2021,mean_sediment_flux_kg_s,all_available,4805.441906419575,2362.707594666417,0.65,0.35
2021-03-21,2021,mean_sediment_flux_kg_s,all_available,4331.655032485867,2462.825558241073,0.65,0.35
2021-03-22,2021,mean_sediment_flux_kg_s,all_available,3351.83997461404,2570.2246629791675,0.65,0.35
2021-03-23,2021,mean_sediment_flux_kg_s,all_available,2746.33555522134,2682.611912740821,0.65,0.35
2021-03-24,2021,mean_sediment_flux_kg_s,all_available,2634.4715839840906,2798.7851994182015,0.65,0.35
2021-03-25,2021,mean_sediment_flux_kg_s,all_available,2453.2075477663952,2916.5527190648577,0.65,0.35
2021-03-26,2021,mean_sediment_flux_kg_s,all_available,2300.85682378892,3033.2060255053907,0.65,0.35
2021-03-27,2021,mean_sediment_flux_kg_s,all_available,2462.0720111021374,3147.4766782167635,0.65,0.35
2021-03-28,2021,mean_sediment_flux_kg_s,all_available,2152.362763851274,3264.092883468442,0.65,0.35
2021-03-29,2021,mean_sediment_flux_kg_s,all_available,2332.102762194917,3382.2889656855377,0.65,0.35
2021-03-30,2021,mean_sediment_flux_kg_s,all_available,2230.2372852771205,3499.79161383458,0.65,0.35
2021-03-31,2021,mean_sediment_flux_kg_s,all_available,2244.6318351649256,3614.4226266829364,0.65,0.35
2021-04-01,2021,mean_sediment_flux_kg_s,all_available,2274.4177164435278,3725.6352606859045,0.65,0.35
2021-04-02,2021,mean_sediment_flux_kg_s,all_available,2258.4550207383545,3828.9574391965434,0.65,0.35
2021-04-03,2021,mean_sediment_flux_kg_s,all_available,2691.273679172064,3929.5758143604403,0.65,0.35
2021-04-04,2021,mean_sediment_flux_kg_s,all_available,2517.562562522341,4025.9039799911734,0.65,0.35
2021-04-05,2021,mean_sediment_flux_kg_s,all_available,2360.5793368553736,4119.126224110844,0.65,0.35
2021-04-06,2021,mean_sediment_flux_kg_s,all_available,2443.5454354313943,4211.80894985061,0.65,0.35
2021-04-07,2021,mean_sediment_flux_kg_s,all_available,2266.1033990547894,4303.936483707561,0.65,0.35
2021-04-08,2021,mean_sediment_flux_kg_s,all_available,2189.9067973942088,4401.509423096973,0.65,0.35
2021-04-09,2021,mean_sediment_flux_kg_s,all_available,2097.461252542538,4506.559398189724,0.65,0.35
2021-04-10,2021,mean_sediment_flux_kg_s,all_available,1990.429697467497,4620.841953017362,0.65,0.35
2021-04-11,2021,mean_sediment_flux_kg_s,all_available,1949.342330517131,4743.225565165515,0.65,0.35
2021-04-12,2021,mean_sediment_flux_kg_s,all_available,1909.246864226482,4874.859928701893,0.65,0.35
2021-04-13,2021,mean_sediment_flux_kg_s,all_available,2041.7065522242967,5013.754966522431,0.65,0.35
2021-04-14,2021,mean_sediment_flux_kg_s,all_available,2004.00620864834,5156.277149506788,0.65,0.35
2021-04-15,2021,mean_sediment_flux_kg_s,all_available,2005.1761209789715,5299.0914983593575,0.65,0.35
2021-04-16,2021,mean_sediment_flux_kg_s,all_available,1758.5721601793075,5439.702537098756,0.65,0.35
2021-04-17,2021,mean_sediment_flux_kg_s,all_available,1816.5143883191492,5576.609815729664,0.65,0.35
2021-04-18,2021,mean_sediment_flux_kg_s,all_available,1847.5595754190176,5710.6471472307185,0.65,0.35
2021-04-19,2021,mean_sediment_flux_kg_s,all_available,1835.028583930046,5839.6485417635395,0.65,0.35
2021-04-20,2021,mean_sediment_flux_kg_s,all_available,1833.2529877384145,5961.244393065081,0.65,0.35
2021-04-21,2021,mean_sediment_flux_kg_s,all_available,1939.4443488532688,6071.625376712739,0.65,0.35
2021-04-22,2021,mean_sediment_flux_kg_s,all_available,2087.6636444808587,6170.512426509045,0.65,0.35
2021-04-23,2021,mean_sediment_flux_kg_s,all_available,2684.3093867654675,6255.679778482065,0.65,0.35
2021-04-24,2021,mean_sediment_flux_kg_s,all_available,3719.621899646921,6323.928378214465,0.65,0.35
2021-04-25,2021,mean_sediment_flux_kg_s,all_available,4934.43911089399,6373.727225422339,0.65,0.35
2021-04-26,2021,mean_sediment_flux_kg_s,all_available,5669.02897849567,6400.643619092096,0.65,0.35
2021-04-27,2021,mean_sediment_flux_kg_s,all_available,6715.934632997632,6404.038532475148,0.65,0.35
2021-04-28,2021,mean_sediment_flux_kg_s,all_available,8301.503417681492,6384.908419439482,0.65,0.35
2021-04-29,2021,mean_sediment_flux_kg_s,all_available,9334.661849279411,6345.981822924649,0.65,0.35
2021-04-30,2021,mean_sediment_flux_kg_s,all_available,9055.14706958819,6288.290327909831,0.65,0.35
2021-05-01,2021,mean_sediment_flux_kg_s,all_available,8743.357883061075,6222.359227053346,0.65,0.35
2021-05-02,2021,mean_sediment_flux_kg_s,all_available,7894.883795304894,6147.877187727016,0.65,0.35
2021-05-03,2021,mean_sediment_flux_kg_s,all_available,8850.498590062858,6073.914261666997,0.65,0.35
2021-05-04,2021,mean_sediment_flux_kg_s,all_available,9542.107163738969,5996.783221862601,0.65,0.35
2021-05-05,2021,mean_sediment_flux_kg_s,all_available,9812.0062144627,5921.375781219904,0.65,0.35
2021-05-06,2021,mean_sediment_flux_kg_s,all_available,9877.47250244401,5847.110286150838,0.65,0.35
2021-05-07,2021,mean_sediment_flux_kg_s,all_available,10341.318275096482,5773.63053919652,0.65,0.35
2021-05-08,2021,mean_sediment_flux_kg_s,all_available,9993.32838842441,5703.125876301994,0.65,0.35
2021-05-09,2021,mean_sediment_flux_kg_s,all_available,10333.610994840872,5635.700636026941,0.65,0.35
2021-05-10,2021,mean_sediment_flux_kg_s,all_available,8679.58579107222,5566.087606778961,0.65,0.35
2021-05-11,2021,mean_sediment_flux_kg_s,all_available,9372.971480903292,5503.3978780257,0.65,0.35
2021-05-12,2021,mean_sediment_flux_kg_s,all_available,9197.246961586085,5452.819345373767,0.65,0.35
2021-05-13,2021,mean_sediment_flux_kg_s,all_available,10032.974582197854,5411.731847951804,0.65,0.35
2021-05-14,2021,mean_sediment_flux_kg_s,all_available,9667.302702684936,5378.57796100899,0.65,0.35
2021-05-15,2021,mean_sediment_flux_kg_s,all_available,10506.87100203345,5353.735751860182,0.65,0.35
2021-05-16,2021,mean_sediment_flux_kg_s,all_available,10703.508132617508,5339.662074094183,0.65,0.35
2021-05-17,2021,mean_sediment_flux_kg_s,all_available,10811.276453251468,5332.297971492179,0.65,0.35
2021-05-18,2021,mean_sediment_flux_kg_s,all_available,11619.757819842396,5325.599210669941,0.65,0.35
2021-05-19,2021,mean_sediment_flux_kg_s,all_available,11171.527038227445,5318.3202479998035,0.65,0.35
2021-05-20,2021,mean_sediment_flux_kg_s,all_available,10475.26487835305,5310.394075582701,0.65,0.35
2021-05-21,2021,mean_sediment_flux_kg_s,all_available,10767.608455127403,5303.279739991613,0.65,0.35
2021-05-22,2021,mean_sediment_flux_kg_s,all_available,9486.470278978384,5294.658277518658,0.65,0.35
2021-05-23,2021,mean_sediment_flux_kg_s,all_available,10456.857523682462,5280.1921125061735,0.65,0.35
2021-05-24,2021,mean_sediment_flux_kg_s,all_available,9960.95197323428,5262.749842197977,0.65,0.35
2021-05-25,2021,mean_sediment_flux_kg_s,all_available,10152.656896484072,5239.51259818354,0.65,0.35
2021-05-26,2021,mean_sediment_flux_kg_s,all_available,10483.697104208384,5216.692796270418,0.65,0.35
2021-05-27,2021,mean_sediment_flux_kg_s,all_available,11179.451308200953,5195.770504150143,0.65,0.35
2021-05-28,2021,mean_sediment_flux_kg_s,all_available,9825.662192843252,5168.38782164037,0.65,0.35
2021-05-29,2021,mean_sediment_flux_kg_s,all_available,10775.39136101952,5138.021768301429,0.65,0.35
2021-05-30,2021,mean_sediment_flux_kg_s,all_available,9852.838057152732,5103.785360284658,0.65,0.35
2021-05-31,2021,mean_sediment_flux_kg_s,all_available,9389.25240641312,5067.859833699594,0.65,0.35
2021-06-01,2021,mean_sediment_flux_kg_s,all_available,8776.59726542967,5030.009115245237,0.65,0.35
2021-06-02,2021,mean_sediment_flux_kg_s,all_available,9083.24470958629,4997.3343589061715,0.65,0.35
2021-06-03,2021,mean_sediment_flux_kg_s,all_available,9403.399036986557,4978.856751297886,0.65,0.35
2021-06-04,2021,mean_sediment_flux_kg_s,all_available,9062.078629349911,4988.580358054907,0.65,0.35
2021-06-05,2021,mean_sediment_flux_kg_s,all_available,10645.787962835935,5014.18266826475,0.65,0.35
2021-06-06,2021,mean_sediment_flux_kg_s,all_available,9604.094371340365,5048.685978772769,0.65,0.35
2021-06-07,2021,mean_sediment_flux_kg_s,all_available,8446.331623380149,5105.522169317958,0.65,0.35
2021-06-08,2021,mean_sediment_flux_kg_s,all_available,7555.4475291614035,5203.487664205229,0.65,0.35
2021-06-09,2021,mean_sediment_flux_kg_s,all_available,7191.272623619624,5365.96054059164,0.65,0.35
2021-06-10,2021,mean_sediment_flux_kg_s,all_available,7063.470762342914,5595.74248415536,0.65,0.35
2021-06-11,2021,mean_sediment_flux_kg_s,all_available,6919.631947175046,5871.765570312717,0.65,0.35
2021-06-12,2021,mean_sediment_flux_kg_s,all_available,7715.92198316341,6245.326054161788,0.65,0.35
2021-06-13,2021,mean_sediment_flux_kg_s,all_available,10366.69942006913,6734.790407909773,0.65,0.35
2021-06-14,2021,mean_sediment_flux_kg_s,all_available,13659.449033234949,7297.813265294271,0.65,0.35
2021-06-15,2021,mean_sediment_flux_kg_s,all_available,15950.39431983311,7943.716372965583,0.65,0.35
2021-06-16,2021,mean_sediment_flux_kg_s,all_available,16674.591723976297,8665.508520289315,0.65,0.35
2021-06-17,2021,mean_sediment_flux_kg_s,all_available,17001.70409681689,9456.065584022548,0.65,0.35
2021-06-18,2021,mean_sediment_flux_kg_s,all_available,19533.65821684768,10326.494412080383,0.65,0.35
2021-06-19,2021,mean_sediment_flux_kg_s,all_available,21332.14167346997,11278.088941209362,0.65,0.35
2021-06-20,2021,mean_sediment_flux_kg_s,all_available,22223.1488266098,12305.191217319583,0.65,0.35
2021-06-21,2021,mean_sediment_flux_kg_s,all_available,24238.666753775204,13422.598438432899,0.65,0.35
2021-06-22,2021,mean_sediment_flux_kg_s,all_available,29526.65916780789,14592.451917408263,0.65,0.35
2021-06-23,2021,mean_sediment_flux_kg_s,all_available,37925.954576929886,15800.859458028573,0.65,0.35
2021-06-24,2021,mean_sediment_flux_kg_s,all_available,45144.449556961896,17057.090857672752,0.65,0.35
2021-06-25,2021,mean_sediment_flux_kg_s,all_available,43843.57006411539,18330.312502248555,0.65,0.35
2021-06-26,2021,mean_sediment_flux_kg_s,all_available,42643.64686193053,19586.870456063993,0.65,0.35
2021-06-27,2021,mean_sediment_flux_kg_s,all_available,41792.102625400585,20812.102933558603,0.65,0.35
2021-06-28,2021,mean_sediment_flux_kg_s,all_available,41930.69038103251,21989.726734196127,0.65,0.35
2021-06-29,2021,mean_sediment_flux_kg_s,all_available,40977.19810239433,23058.95439720586,0.65,0.35
2021-06-30,2021,mean_sediment_flux_kg_s,all_available,40539.946933440486,24064.314724288637,0.65,0.35
2021-07-01,2021,mean_sediment_flux_kg_s,all_available,41561.02678208399,24987.01010063002,0.65,0.35
2021-07-02,2021,mean_sediment_flux_kg_s,all_available,42203.93999330461,25814.94403606791,0.65,0.35
2021-07-03,2021,mean_sediment_flux_kg_s,all_available,42596.73066421802,26565.97183753335,0.65,0.35
2021-07-04,2021,mean_sediment_flux_kg_s,all_available,43097.95874102294,27246.436165415842,0.65,0.35
2021-07-05,2021,mean_sediment_flux_kg_s,all_available,38089.00095892656,27813.09123127122,0.65,0.35
2021-07-06,2021,mean_sediment_flux_kg_s,all_available,29724.87713369911,28300.303468188227,0.65,0.35
2021-07-07,2021,mean_sediment_flux_kg_s,all_available,30236.595352089207,28726.19436934044,0.65,0.35
2021-07-08,2021,mean_sediment_flux_kg_s,all_available,56546.80751978656,29068.57714602493,0.65,0.35
2021-07-09,2021,mean_sediment_flux_kg_s,all_available,23002.48276533131,29343.810420460057,0.65,0.35
2021-07-10,2021,mean_sediment_flux_kg_s,all_available,3580.6123440059623,29544.587030026865,0.65,0.35
2021-07-11,2021,mean_sediment_flux_kg_s,all_available,1748.0756383015014,29734.542307447016,0.65,0.35
2021-07-12,2021,mean_sediment_flux_kg_s,all_available,1651.8227648420836,29945.33710207361,0.65,0.35
2021-07-13,2021,mean_sediment_flux_kg_s,all_available,1525.1928811664638,30042.364582742957,0.65,0.35
2021-07-14,2021,mean_sediment_flux_kg_s,all_available,2358.969219357558,30074.957072727375,0.65,0.35
2021-07-15,2021,mean_sediment_flux_kg_s,all_available,3698.636342480718,30120.73423743438,0.65,0.35
2021-07-16,2021,mean_sediment_flux_kg_s,all_available,3626.824906007165,30177.897132320817,0.65,0.35
2021-07-17,2021,mean_sediment_flux_kg_s,all_available,2878.9667658233943,30292.05915747527,0.65,0.35
2021-07-18,2021,mean_sediment_flux_kg_s,all_available,2157.492596288528,30394.710036630917,0.65,0.35
2021-07-19,2021,mean_sediment_flux_kg_s,all_available,1282.8035547690106,30449.174367321095,0.65,0.35
2021-07-20,2021,mean_sediment_flux_kg_s,all_available,1162.5585935517352,30434.177775096763,0.65,0.35
2021-07-21,2021,mean_sediment_flux_kg_s,all_available,16227.113045618316,30368.413085324682,0.65,0.35
2021-07-22,2021,mean_sediment_flux_kg_s,all_available,67947.79120362645,30246.237759624913,0.65,0.35
2021-07-23,2021,mean_sediment_flux_kg_s,all_available,33360.763903314066,30153.623075490803,0.65,0.35
2021-07-24,2021,mean_sediment_flux_kg_s,all_available,22251.21693133801,30121.83550349316,0.65,0.35
2021-07-25,2021,mean_sediment_flux_kg_s,all_available,22000.667017748958,30010.923476526048,0.65,0.35
2021-07-26,2021,mean_sediment_flux_kg_s,all_available,20551.47734533393,29820.4106507104,0.65,0.35
2021-07-27,2021,mean_sediment_flux_kg_s,all_available,18110.73054874261,29613.85147023675,0.65,0.35
2021-07-28,2021,mean_sediment_flux_kg_s,all_available,11420.63164205831,29322.977428603135,0.65,0.35
2021-07-29,2021,mean_sediment_flux_kg_s,all_available,5942.327970020477,28986.127523403356,0.65,0.35
2021-07-30,2021,mean_sediment_flux_kg_s,all_available,3402.680093056057,28647.52367030682,0.65,0.35
2021-07-31,2021,mean_sediment_flux_kg_s,all_available,2769.352011226238,28275.20644309367,0.65,0.35
2021-08-01,2021,mean_sediment_flux_kg_s,all_available,2269.4861943579917,27852.602121888656,0.65,0.35
2021-08-02,2021,mean_sediment_flux_kg_s,all_available,1848.591306952203,27402.947940303347,0.65,0.35
2021-08-03,2021,mean_sediment_flux_kg_s,all_available,1634.7319558245426,26833.456503410613,0.65,0.35
2021-08-04,2021,mean_sediment_flux_kg_s,all_available,1547.4751032741276,26169.409314854456,0.65,0.35
2021-08-05,2021,mean_sediment_flux_kg_s,all_available,1501.2178495099736,25489.7064894691,0.65,0.35
2021-08-06,2021,mean_sediment_flux_kg_s,all_available,1403.1379327327852,24801.390452096126,0.65,0.35
2021-08-07,2021,mean_sediment_flux_kg_s,all_available,1383.4769965453122,24089.60547114278,0.65,0.35
2021-08-08,2021,mean_sediment_flux_kg_s,all_available,1405.821909046021,23423.87391288604,0.65,0.35
2021-08-09,2021,mean_sediment_flux_kg_s,all_available,1313.0012469535347,22814.331022900795,0.65,0.35
2021-08-10,2021,mean_sediment_flux_kg_s,all_available,1240.3988172944837,22222.86287004118,0.65,0.35
2021-08-11,2021,mean_sediment_flux_kg_s,all_available,1180.8000463230928,21608.263825637492,0.65,0.35
2021-08-12,2021,mean_sediment_flux_kg_s,all_available,964.170616087966,21021.78810795266,0.65,0.35
2021-08-13,2021,mean_sediment_flux_kg_s,all_available,718.7222464329752,20548.287800272632,0.65,0.35
2021-08-14,2021,mean_sediment_flux_kg_s,all_available,687.5289942859603,20154.79285707682,0.65,0.35
2021-08-15,2021,mean_sediment_flux_kg_s,all_available,908.8997053337056,19826.763858168026,0.65,0.35
2021-08-16,2021,mean_sediment_flux_kg_s,all_available,952.134654805148,19557.945634830998,0.65,0.35
2021-08-17,2021,mean_sediment_flux_kg_s,all_available,740.2212929580028,19336.75623986252,0.65,0.35
2021-08-18,2021,mean_sediment_flux_kg_s,all_available,684.2988524260828,19219.716245986387,0.65,0.35
2021-08-19,2021,mean_sediment_flux_kg_s,all_available,602.4922145025733,19208.027457589884,0.65,0.35
2021-08-20,2021,mean_sediment_flux_kg_s,all_available,686.6220420368069,19302.615124045362,0.65,0.35
2021-08-21,2021,mean_sediment_flux_kg_s,all_available,612.8888494775712,19454.997843287107,0.65,0.35
2021-08-22,2021,mean_sediment_flux_kg_s,all_available,615.0352242490111,19643.974345983544,0.65,0.35
2021-08-23,2021,mean_sediment_flux_kg_s,all_available,644.1027951964204,19833.13244755114,0.65,0.35
2021-08-24,2021,mean_sediment_flux_kg_s,all_available,766.5207693750787,20006.17684920465,0.65,0.35
2021-08-25,2021,mean_sediment_flux_kg_s,all_available,839.1958835568533,20240.29563053716,0.65,0.35
2021-08-26,2021,mean_sediment_flux_kg_s,all_available,1435.5027117494592,20509.578723644594,0.65,0.35
2021-08-27,2021,mean_sediment_flux_kg_s,all_available,1563.436411599352,20709.194444913013,0.65,0.35
2021-08-28,2021,mean_sediment_flux_kg_s,all_available,974.8894597185346,20867.217956213688,0.65,0.35
2021-08-29,2021,mean_sediment_flux_kg_s,all_available,706.0873703407656,20942.98292390468,0.65,0.35
2021-08-30,2021,mean_sediment_flux_kg_s,all_available,867.3757486054901,20934.76153683799,0.65,0.35
2021-08-31,2021,mean_sediment_flux_kg_s,all_available,1635.1332768215982,20824.91511468141,0.65,0.35
2021-09-01,2021,mean_sediment_flux_kg_s,all_available,5016.710004188649,20683.20529107617,0.65,0.35
2021-09-02,2021,mean_sediment_flux_kg_s,all_available,13626.050892134605,20507.41284635054,0.65,0.35
2021-09-03,2021,mean_sediment_flux_kg_s,all_available,17365.229869399875,20357.65996592161,0.65,0.35
2021-09-04,2021,mean_sediment_flux_kg_s,all_available,24055.48510193853,20192.75863959972,0.65,0.35
2021-09-05,2021,mean_sediment_flux_kg_s,all_available,21050.202502046817,19971.258065012215,0.65,0.35
2021-09-06,2021,mean_sediment_flux_kg_s,all_available,11370.970285604706,19720.801391568333,0.65,0.35
2021-09-07,2021,mean_sediment_flux_kg_s,all_available,7389.938728032667,19469.93537173033,0.65,0.35
2021-09-08,2021,mean_sediment_flux_kg_s,all_available,4613.244208905625,19187.365885467236,0.65,0.35
2021-09-09,2021,mean_sediment_flux_kg_s,all_available,4265.679982767449,18873.664584899918,0.65,0.35
2021-09-10,2021,mean_sediment_flux_kg_s,all_available,3167.9305807913697,18600.076371560546,0.65,0.35
2021-09-11,2021,mean_sediment_flux_kg_s,all_available,2409.256117282174,18399.248095088806,0.65,0.35
2021-09-12,2021,mean_sediment_flux_kg_s,all_available,1961.459367186436,18246.9080801066,0.65,0.35
2021-09-13,2021,mean_sediment_flux_kg_s,all_available,1374.926278528451,18171.31030469159,0.65,0.35
2021-09-14,2021,mean_sediment_flux_kg_s,all_available,1162.939833984099,18141.307466748432,0.65,0.35
2021-09-15,2021,mean_sediment_flux_kg_s,all_available,1035.768569423344,18159.699301994387,0.65,0.35
2021-09-16,2021,mean_sediment_flux_kg_s,all_available,756.5285846499445,18208.279721790903,0.65,0.35
2021-09-17,2021,mean_sediment_flux_kg_s,all_available,687.3368621386171,18259.258198527517,0.65,0.35
2021-09-18,2021,mean_sediment_flux_kg_s,all_available,979.592863405764,18305.129445855888,0.65,0.35
2021-09-19,2021,mean_sediment_flux_kg_s,all_available,4507.118790712408,18327.340332051925,0.65,0.35
2021-09-20,2021,mean_sediment_flux_kg_s,all_available,15148.116889066876,18335.74878714433,0.65,0.35
2021-09-21,2021,mean_sediment_flux_kg_s,all_available,39261.1485481628,18358.076351113974,0.65,0.35
2021-09-22,2021,mean_sediment_flux_kg_s,all_available,50167.77680509841,18350.348644150108,0.65,0.35
2021-09-23,2021,mean_sediment_flux_kg_s,all_available,41553.91404665175,18297.381282357164,0.65,0.35
2021-09-24,2021,mean_sediment_flux_kg_s,all_available,34670.02102104243,18201.466141952507,0.65,0.35
2021-09-25,2021,mean_sediment_flux_kg_s,all_available,28998.65923368684,18074.511990391053,0.65,0.35
2021-09-26,2021,mean_sediment_flux_kg_s,all_available,27811.14952222365,17948.02864413317,0.65,0.35
2021-09-27,2021,mean_sediment_flux_kg_s,all_available,26494.24610335332,17850.867095147343,0.65,0.35
2021-09-28,2021,mean_sediment_flux_kg_s,all_available,40720.76920050156,17763.54598101253,0.65,0.35
2021-09-29,2021,mean_sediment_flux_kg_s,all_available,47074.059750189255,17633.26606677532,0.65,0.35
2021-09-30,2021,mean_sediment_flux_kg_s,all_available,33204.285505904336,17466.12866507475,0.65,0.35
2021-10-01,2021,mean_sediment_flux_kg_s,all_available,32638.904602733845,17277.85491384893,0.65,0.35
2021-10-02,2021,mean_sediment_flux_kg_s,all_available,34403.320720890486,17047.76072885632,0.65,0.35
2021-10-03,2021,mean_sediment_flux_kg_s,all_available,26439.059877188072,16798.288329941162,0.65,0.35
2021-10-04,2021,mean_sediment_flux_kg_s,all_available,25067.781470914208,16532.81520826806,0.65,0.35
2021-10-05,2021,mean_sediment_flux_kg_s,all_available,25002.596499508563,16260.286005259157,0.65,0.35
2021-10-06,2021,mean_sediment_flux_kg_s,all_available,26555.966964040115,15981.073082778672,0.65,0.35
2021-10-07,2021,mean_sediment_flux_kg_s,all_available,28594.208019135727,15666.096555706914,0.65,0.35
2021-10-08,2021,mean_sediment_flux_kg_s,all_available,30423.57349569316,15307.009574152804,0.65,0.35
2021-10-09,2021,mean_sediment_flux_kg_s,all_available,30643.0634516977,14901.810402242023,0.65,0.35
2021-10-10,2021,mean_sediment_flux_kg_s,all_available,32887.70544967986,14454.379319858506,0.65,0.35
2021-10-11,2021,mean_sediment_flux_kg_s,all_available,31547.6961708192,13968.555379580064,0.65,0.35
2021-10-12,2021,mean_sediment_flux_kg_s,all_available,32564.95411905162,13432.556323034623,0.65,0.35
2021-10-13,2021,mean_sediment_flux_kg_s,all_available,33344.02113471255,12841.137483976741,0.65,0.35
2021-10-14,2021,mean_sediment_flux_kg_s,all_available,36998.29068653065,12172.87320631241,0.65,0.35
2021-10-15,2021,mean_sediment_flux_kg_s,all_available,36737.38741980458,11474.17897341264,0.65,0.35
2021-10-16,2021,mean_sediment_flux_kg_s,all_available,36292.404213971735,10745.604594375991,0.65,0.35
2021-10-17,2021,mean_sediment_flux_kg_s,all_available,34359.70691499039,10012.132001128597,0.65,0.35
2021-10-18,2021,mean_sediment_flux_kg_s,all_available,35167.056504855216,9285.897634645742,0.65,0.35
2021-10-19,2021,mean_sediment_flux_kg_s,all_available,36639.607032558,8570.703033616153,0.65,0.35
2021-10-20,2021,mean_sediment_flux_kg_s,all_available,34472.49965050333,7870.177831390054,0.65,0.35
2021-10-21,2021,mean_sediment_flux_kg_s,all_available,34260.43632271792,7171.897789058328,0.65,0.35
2021-10-22,2021,mean_sediment_flux_kg_s,all_available,39537.97766604698,6488.747306895646,0.65,0.35
2021-10-23,2021,mean_sediment_flux_kg_s,all_available,34918.55153185619,5860.504872102115,0.65,0.35
2021-10-24,2021,mean_sediment_flux_kg_s,all_available,24162.11821616745,5296.44088848998,0.65,0.35
2021-10-25,2021,mean_sediment_flux_kg_s,all_available,16705.239351483662,4785.1138735185505,0.65,0.35
2021-10-26,2021,mean_sediment_flux_kg_s,all_available,13646.094319859048,4324.690523597077,0.65,0.35
2021-10-27,2021,mean_sediment_flux_kg_s,all_available,12384.3367065036,3899.592025237539,0.65,0.35
2021-10-28,2021,mean_sediment_flux_kg_s,all_available,12264.526903674829,3515.304190621411,0.65,0.35
2021-10-29,2021,mean_sediment_flux_kg_s,all_available,12032.096468133905,3180.5029620163486,0.65,0.35
2021-10-30,2021,mean_sediment_flux_kg_s,all_available,13958.833562819964,2910.759583286444,0.65,0.35
2021-10-31,2021,mean_sediment_flux_kg_s,all_available,23343.681508628622,2677.838146670811,0.65,0.35
2021-11-01,2021,mean_sediment_flux_kg_s,all_available,25621.721465682876,2468.2556259409903,0.65,0.35
2021-11-02,2021,mean_sediment_flux_kg_s,all_available,24209.375795054755,2280.6420633625594,0.65,0.35
2021-11-03,2021,mean_sediment_flux_kg_s,all_available,11699.335271046455,2112.002284656576,0.65,0.35
2021-11-04,2021,mean_sediment_flux_kg_s,all_available,13607.37955421921,1969.5001020181317,0.65,0.35
2021-11-05,2021,mean_sediment_flux_kg_s,all_available,20604.8471802442,1845.3034095989165,0.65,0.35
2021-11-06,2021,mean_sediment_flux_kg_s,all_available,23659.524075925947,1741.9653431051788,0.65,0.35
2021-11-07,2021,mean_sediment_flux_kg_s,all_available,24774.52984327494,1652.0030775636005,0.65,0.35
2021-11-08,2021,mean_sediment_flux_kg_s,all_available,29012.147961016784,1591.025759483949,0.65,0.35
2021-11-09,2021,mean_sediment_flux_kg_s,all_available,27319.987501318432,1543.9438065697204,0.65,0.35
2021-11-10,2021,mean_sediment_flux_kg_s,all_available,22830.21133346878,1494.3871276593818,0.65,0.35
2021-11-11,2021,mean_sediment_flux_kg_s,all_available,24076.65012967144,1448.3178716561824,0.65,0.35
2021-11-12,2021,mean_sediment_flux_kg_s,all_available,22599.100739895133,1409.0897724492345,0.65,0.35
2021-11-13,2021,mean_sediment_flux_kg_s,all_available,20907.63908419988,1375.8621168229988,0.65,0.35
2021-11-14,2021,mean_sediment_flux_kg_s,all_available,23981.86612324439,1348.0344029362334,0.65,0.35
2021-11-15,2021,mean_sediment_flux_kg_s,all_available,20146.35951817445,1324.098701274826,0.65,0.35
2021-11-16,2021,mean_sediment_flux_kg_s,all_available,12469.034963812624,1318.4823428485474,0.65,0.35
2021-11-17,2021,mean_sediment_flux_kg_s,all_available,10747.967020342106,1311.3625193392581,0.65,0.35
2021-11-18,2021,mean_sediment_flux_kg_s,all_available,12069.290461286451,1304.2056503810618,0.65,0.35
2021-11-19,2021,mean_sediment_flux_kg_s,all_available,8869.548351341566,1299.3676906261112,0.65,0.35
2021-11-20,2021,mean_sediment_flux_kg_s,all_available,8123.629981261613,1296.2714260447538,0.65,0.35
2021-11-21,2021,mean_sediment_flux_kg_s,all_available,8753.217311535038,1294.2719289993956,0.65,0.35
2021-11-22,2021,mean_sediment_flux_kg_s,all_available,7990.407920986968,1291.093382671465,0.65,0.35
2021-11-23,2021,mean_sediment_flux_kg_s,all_available,7415.376332424309,1286.263475588185,0.65,0.35
2021-11-24,2021,mean_sediment_flux_kg_s,all_available,7077.89061434735,1279.45997102615,0.65,0.35
2021-11-25,2021,mean_sediment_flux_kg_s,all_available,7127.128569629359,1268.965432981436,0.65,0.35
2021-11-26,2021,mean_sediment_flux_kg_s,all_available,7757.67948948399,1254.899267978507,0.65,0.35
2021-11-27,2021,mean_sediment_flux_kg_s,all_available,7585.93467028069,1237.4294049651453,0.65,0.35
2021-11-28,2021,mean_sediment_flux_kg_s,all_available,8160.330666961066,1216.0932453522794,0.65,0.35
2021-11-29,2021,mean_sediment_flux_kg_s,all_available,7462.614513553494,1190.8288842914235,0.65,0.35
2021-11-30,2021,mean_sediment_flux_kg_s,all_available,6589.990934809925,1162.2601359280256,0.65,0.35
2021-12-01,2021,mean_sediment_flux_kg_s,all_available,6773.225696527389,1130.7788082744958,0.65,0.35
2021-12-02,2021,mean_sediment_flux_kg_s,all_available,6344.103409980612,1097.6654900787635,0.65,0.35
2021-12-03,2021,mean_sediment_flux_kg_s,all_available,4726.102791860965,1065.743590014286,0.65,0.35
2021-12-04,2021,mean_sediment_flux_kg_s,all_available,3763.637991290627,1032.5433850434551,0.65,0.35
2021-12-05,2021,mean_sediment_flux_kg_s,all_available,2650.6969507694944,997.7097113103318,0.65,0.35
2021-12-06,2021,mean_sediment_flux_kg_s,all_available,3331.17461784902,962.7672985529123,0.65,0.35
2021-12-07,2021,mean_sediment_flux_kg_s,all_available,2868.0148869785585,927.5168618995754,0.65,0.35
2021-12-08,2021,mean_sediment_flux_kg_s,all_available,2297.4809604020734,893.1182977085522,0.65,0.35
2021-12-09,2021,mean_sediment_flux_kg_s,all_available,2000.4669062260216,847.1635929814847,0.65,0.35
2021-12-10,2021,mean_sediment_flux_kg_s,all_available,1842.5646336334048,805.1127663637426,0.65,0.35
2021-12-11,2021,mean_sediment_flux_kg_s,all_available,2332.9457199567355,779.2258444142499,0.65,0.35
2021-12-12,2021,mean_sediment_flux_kg_s,all_available,2694.271897105943,757.1880634934485,0.65,0.35
2021-12-13,2021,mean_sediment_flux_kg_s,all_available,2644.284419360084,737.3801531480127,0.65,0.35
2021-12-14,2021,mean_sediment_flux_kg_s,all_available,2170.6128634697566,717.752065696409,0.65,0.35
2021-12-15,2021,mean_sediment_flux_kg_s,all_available,2234.0213556617337,700.4055824967703,0.65,0.35
2021-12-16,2021,mean_sediment_flux_kg_s,all_available,2640.851020452662,687.3135504624095,0.65,0.35
2021-12-17,2021,mean_sediment_flux_kg_s,all_available,3237.627386815729,667.2301435588518,0.65,0.35
2021-12-18,2021,mean_sediment_flux_kg_s,all_available,3719.057838012252,654.5705003011408,0.65,0.35
2021-12-19,2021,mean_sediment_flux_kg_s,all_available,3926.050672938061,646.8489788774308,0.65,0.35
2021-12-20,2021,mean_sediment_flux_kg_s,all_available,3742.3527075930033,639.7650558586978,0.65,0.35
2021-12-21,2021,mean_sediment_flux_kg_s,all_available,3722.6330972943056,633.8312903326557,0.65,0.35
2021-12-22,2021,mean_sediment_flux_kg_s,all_available,3827.4551465318473,627.788858323385,0.65,0.35
2021-12-23,2021,mean_sediment_flux_kg_s,all_available,3817.96399696462,622.0378514131719,0.65,0.35
2021-12-24,2021,mean_sediment_flux_kg_s,all_available,5071.594241919922,616.5255885937795,0.65,0.35
2021-12-25,2021,mean_sediment_flux_kg_s,all_available,4468.567017313819,611.5010649758367,0.65,0.35
2021-12-26,2021,mean_sediment_flux_kg_s,all_available,5134.282069338452,606.637181541208,0.65,0.35
2021-12-27,2021,mean_sediment_flux_kg_s,all_available,5107.116659238142,600.548711625821,0.65,0.35
2021-12-28,2021,mean_sediment_flux_kg_s,all_available,4510.568385275692,592.5465903719635,0.65,0.35
2021-12-29,2021,mean_sediment_flux_kg_s,all_available,4398.810775273481,583.5074992218517,0.65,0.35
2021-12-30,2021,mean_sediment_flux_kg_s,all_available,4067.938110115921,573.6663176874112,0.65,0.35
2021-12-31,2021,mean_sediment_flux_kg_s,all_available,3929.7723806679583,562.5411206391431,0.65,0.35
2019-01-01,2019,mean_sediment_flux_kg_s,exclude_2016_2017,360.3485818488998,332.7689477096277,0.5,0.5
2019-01-02,2019,mean_sediment_flux_kg_s,exclude_2016_2017,336.0792760733377,332.65708439089985,0.5,0.5
2019-01-03,2019,mean_sediment_flux_kg_s,exclude_2016_2017,312.445677257551,333.46410427952094,0.5,0.5
2019-01-04,2019,mean_sediment_flux_kg_s,exclude_2016_2017,289.42803803496685,335.46384666740937,0.5,0.5
2019-01-05,2019,mean_sediment_flux_kg_s,exclude_2016_2017,272.50553416034444,337.68042904434884,0.5,0.5
2019-01-06,2019,mean_sediment_flux_kg_s,exclude_2016_2017,303.4138085443346,340.6181463588372,0.5,0.5
2019-01-07,2019,mean_sediment_flux_kg_s,exclude_2016_2017,284.5579768056804,344.6106141920701,0.5,0.5
2019-01-08,2019,mean_sediment_flux_kg_s,exclude_2016_2017,264.57307808202285,348.7411696639939,0.5,0.5
2019-01-09,2019,mean_sediment_flux_kg_s,exclude_2016_2017,247.86645989432705,354.15275221608874,0.5,0.5
2019-01-10,2019,mean_sediment_flux_kg_s,exclude_2016_2017,248.0809089711564,360.4534307383914,0.5,0.5
2019-01-11,2019,mean_sediment_flux_kg_s,exclude_2016_2017,253.0107316294212,367.26102533157007,0.5,0.5
2019-01-12,2019,mean_sediment_flux_kg_s,exclude_2016_2017,237.3974194816483,375.0630219100078,0.5,0.5
2019-01-13,2019,mean_sediment_flux_kg_s,exclude_2016_2017,266.8924853004034,382.896945442213,0.5,0.5
2019-01-14,2019,mean_sediment_flux_kg_s,exclude_2016_2017,287.87628725182964,391.17998335051044,0.5,0.5
2019-01-15,2019,mean_sediment_flux_kg_s,exclude_2016_2017,288.1435877942447,400.40453350268945,0.5,0.5
2019-01-16,2019,mean_sediment_flux_kg_s,exclude_2016_2017,275.4670416676544,409.67126585591905,0.5,0.5
2019-01-17,2019,mean_sediment_flux_kg_s,exclude_2016_2017,276.10626106344074,420.2271425989877,0.5,0.5
2019-01-18,2019,mean_sediment_flux_kg_s,exclude_2016_2017,264.09525814448284,430.2086311129964,0.5,0.5
2019-01-19,2019,mean_sediment_flux_kg_s,exclude_2016_2017,295.6024391211763,441.12064972953806,0.5,0.5
2019-01-20,2019,mean_sediment_flux_kg_s,exclude_2016_2017,292.38792871624133,452.33808677288323,0.5,0.5
2019-01-21,2019,mean_sediment_flux_kg_s,exclude_2016_2017,299.52079052339474,463.7696158299927,0.5,0.5
2019-01-22,2019,mean_sediment_flux_kg_s,exclude_2016_2017,297.61080938844884,475.40496073506824,0.5,0.5
2019-01-23,2019,mean_sediment_flux_kg_s,exclude_2016_2017,291.1208588357143,486.680513349684,0.5,0.5
2019-01-24,2019,mean_sediment_flux_kg_s,exclude_2016_2017,263.1205986819349,499.4455779421437,0.5,0.5
2019-01-25,2019,mean_sediment_flux_kg_s,exclude_2016_2017,245.4977450631396,513.1117897283964,0.5,0.5
2019-01-26,2019,mean_sediment_flux_kg_s,exclude_2016_2017,233.8683867317028,525.6851872762655,0.5,0.5
2019-01-27,2019,mean_sediment_flux_kg_s,exclude_2016_2017,236.6838299227941,539.0670666824819,0.5,0.5
2019-01-28,2019,mean_sediment_flux_kg_s,exclude_2016_2017,222.5662668483725,552.8932964318926,0.5,0.5
2019-01-29,2019,mean_sediment_flux_kg_s,exclude_2016_2017,224.16196100546483,566.072312643373,0.5,0.5
2019-01-30,2019,mean_sediment_flux_kg_s,exclude_2016_2017,220.70826869368668,578.2776758837795,0.5,0.5
2019-01-31,2019,mean_sediment_flux_kg_s,exclude_2016_2017,654.09717484929,590.293011808503,0.5,0.5
2019-02-01,2019,mean_sediment_flux_kg_s,exclude_2016_2017,1225.6088018706455,601.5500594002515,0.5,0.5
2019-02-02,2019,mean_sediment_flux_kg_s,exclude_2016_2017,1346.546358414401,612.1910879232116,0.5,0.5
2019-02-03,2019,mean_sediment_flux_kg_s,exclude_2016_2017,1254.9761994858852,622.9042627763154,0.5,0.5
2019-02-04,2019,mean_sediment_flux_kg_s,exclude_2016_2017,1057.0394930643197,631.3249489679554,0.5,0.5
2019-02-05,2019,mean_sediment_flux_kg_s,exclude_2016_2017,959.6287530013208,638.327082773166,0.5,0.5
2019-02-06,2019,mean_sediment_flux_kg_s,exclude_2016_2017,892.8003022995771,644.8179323235734,0.5,0.5
2019-02-07,2019,mean_sediment_flux_kg_s,exclude_2016_2017,1073.9229252609755,649.078218475694,0.5,0.5
2019-02-08,2019,mean_sediment_flux_kg_s,exclude_2016_2017,978.7472400562862,651.3665153553553,0.5,0.5
2019-02-09,2019,mean_sediment_flux_kg_s,exclude_2016_2017,1005.5324135083644,649.721714960617,0.5,0.5
2019-02-10,2019,mean_sediment_flux_kg_s,exclude_2016_2017,1242.0063737343487,650.2112497011277,0.5,0.5
2019-02-11,2019,mean_sediment_flux_kg_s,exclude_2016_2017,1771.501262356108,648.9424327726498,0.5,0.5
2019-02-12,2019,mean_sediment_flux_kg_s,exclude_2016_2017,1560.8906185996125,646.0756028504984,0.5,0.5
2019-02-13,2019,mean_sediment_flux_kg_s,exclude_2016_2017,1653.0424620588822,643.5177883288511,0.5,0.5
2019-02-14,2019,mean_sediment_flux_kg_s,exclude_2016_2017,1608.404733678581,640.9129400515617,0.5,0.5
2019-02-15,2019,mean_sediment_flux_kg_s,exclude_2016_2017,1360.1457046329194,637.4000594794511,0.5,0.5
2019-02-16,2019,mean_sediment_flux_kg_s,exclude_2016_2017,1931.67982625482,633.9424317604767,0.5,0.5
2019-02-17,2019,mean_sediment_flux_kg_s,exclude_2016_2017,2005.1833316691848,632.2856089172644,0.5,0.5
2019-02-18,2019,mean_sediment_flux_kg_s,exclude_2016_2017,3076.629653217144,632.8564868642402,0.5,0.5
2019-02-19,2019,mean_sediment_flux_kg_s,exclude_2016_2017,5210.833474068516,634.2221376683133,0.5,0.5
2019-02-20,2019,mean_sediment_flux_kg_s,exclude_2016_2017,3348.193702330153,636.3519502286534,0.5,0.5
2019-02-21,2019,mean_sediment_flux_kg_s,exclude_2016_2017,3003.498056960664,640.2575435468277,0.5,0.5
2019-02-22,2019,mean_sediment_flux_kg_s,exclude_2016_2017,2913.0374021439743,645.2074687481013,0.5,0.5
2019-02-23,2019,mean_sediment_flux_kg_s,exclude_2016_2017,1999.23664354026,652.4723822709459,0.5,0.5
2019-02-24,2019,mean_sediment_flux_kg_s,exclude_2016_2017,2008.9322497406629,661.9635773174366,0.5,0.5
2019-02-25,2019,mean_sediment_flux_kg_s,exclude_2016_2017,1088.3900432567173,673.8270552473464,0.5,0.5
2019-02-26,2019,mean_sediment_flux_kg_s,exclude_2016_2017,867.8350896245882,688.5020276200166,0.5,0.5
2019-02-27,2019,mean_sediment_flux_kg_s,exclude_2016_2017,952.1413512136104,703.8456905451121,0.5,0.5
2019-02-28,2019,mean_sediment_flux_kg_s,exclude_2016_2017,828.3786219168088,720.5321238940883,0.5,0.5
2019-03-01,2019,mean_sediment_flux_kg_s,exclude_2016_2017,1380.135826157686,739.4230884827115,0.5,0.5
2019-03-02,2019,mean_sediment_flux_kg_s,exclude_2016_2017,1642.6660728091267,760.1522897805714,0.5,0.5
2019-03-03,2019,mean_sediment_flux_kg_s,exclude_2016_2017,1705.4121612849,781.3929049612018,0.5,0.5
2019-03-04,2019,mean_sediment_flux_kg_s,exclude_2016_2017,2831.6649436570565,804.6138393080505,0.5,0.5
2019-03-05,2019,mean_sediment_flux_kg_s,exclude_2016_2017,3111.9124999988567,829.6979120657197,0.5,0.5
2019-03-06,2019,mean_sediment_flux_kg_s,exclude_2016_2017,2731.2141455461738,857.7073512091658,0.5,0.5
2019-03-07,2019,mean_sediment_flux_kg_s,exclude_2016_2017,2245.6904825025995,890.8694138344222,0.5,0.5
2019-03-08,2019,mean_sediment_flux_kg_s,exclude_2016_2017,2064.379764267368,928.0032566839353,0.5,0.5
2019-03-09,2019,mean_sediment_flux_kg_s,exclude_2016_2017,1984.796377059136,968.9490379138831,0.5,0.5
2019-03-10,2019,mean_sediment_flux_kg_s,exclude_2016_2017,2536.585526608389,1016.6352717017621,0.5,0.5
2019-03-11,2019,mean_sediment_flux_kg_s,exclude_2016_2017,3359.6963730936,1070.4409471128345,0.5,0.5
2019-03-12,2019,mean_sediment_flux_kg_s,exclude_2016_2017,3556.4608059770458,1131.1764283976781,0.5,0.5
2019-03-13,2019,mean_sediment_flux_kg_s,exclude_2016_2017,3463.7630382710704,1193.3098745363898,0.5,0.5
2019-03-14,2019,mean_sediment_flux_kg_s,exclude_2016_2017,3284.8907760457714,1261.859593666026,0.5,0.5
2019-03-15,2019,mean_sediment_flux_kg_s,exclude_2016_2017,3532.4325588081438,1338.297019861606,0.5,0.5
2019-03-16,2019,mean_sediment_flux_kg_s,exclude_2016_2017,3417.8208720497937,1419.9183741852828,0.5,0.5
2019-03-17,2019,mean_sediment_flux_kg_s,exclude_2016_2017,3233.7070056122047,1508.9402565718565,0.5,0.5
2019-03-18,2019,mean_sediment_flux_kg_s,exclude_2016_2017,3124.180697730481,1606.1415112718964,0.5,0.5
2019-03-19,2019,mean_sediment_flux_kg_s,exclude_2016_2017,2874.587362904476,1709.8764286632688,0.5,0.5
2019-03-20,2019,mean_sediment_flux_kg_s,exclude_2016_2017,3074.8052013180745,1818.3542101142866,0.5,0.5
2019-03-21,2019,mean_sediment_flux_kg_s,exclude_2016_2017,3259.886647240822,1937.2674689613646,0.5,0.5
2019-03-22,2019,mean_sediment_flux_kg_s,exclude_2016_2017,3524.4510798278684,2063.6793737906505,0.5,0.5
2019-03-23,2019,mean_sediment_flux_kg_s,exclude_2016_2017,3795.133096541007,2198.5133892315216,0.5,0.5
2019-03-24,2019,mean_sediment_flux_kg_s,exclude_2016_2017,4462.768054862405,2340.5884728411265,0.5,0.5
2019-03-25,2019,mean_sediment_flux_kg_s,exclude_2016_2017,4889.796217142944,2487.303468434613,0.5,0.5
2019-03-26,2019,mean_sediment_flux_kg_s,exclude_2016_2017,5036.684809198385,2637.578887416259,0.5,0.5
2019-03-27,2019,mean_sediment_flux_kg_s,exclude_2016_2017,4777.3454467390975,2787.116338826626,0.5,0.5
2019-03-28,2019,mean_sediment_flux_kg_s,exclude_2016_2017,4765.956320610688,2937.772761028733,0.5,0.5
2019-03-29,2019,mean_sediment_flux_kg_s,exclude_2016_2017,4941.842033089357,3089.8616012891302,0.5,0.5
2019-03-30,2019,mean_sediment_flux_kg_s,exclude_2016_2017,5028.390915332232,3244.580533053413,0.5,0.5
2019-03-31,2019,mean_sediment_flux_kg_s,exclude_2016_2017,4912.296995375044,3397.247694736655,0.5,0.5
2019-04-01,2019,mean_sediment_flux_kg_s,exclude_2016_2017,5065.057506810749,3547.458633232694,0.5,0.5
2019-04-02,2019,mean_sediment_flux_kg_s,exclude_2016_2017,5280.480040563619,3692.045078055945,0.5,0.5
2019-04-03,2019,mean_sediment_flux_kg_s,exclude_2016_2017,5263.134697420586,3829.525694036707,0.5,0.5
2019-04-04,2019,mean_sediment_flux_kg_s,exclude_2016_2017,5153.91425159538,3955.1256522409485,0.5,0.5
2019-04-05,2019,mean_sediment_flux_kg_s,exclude_2016_2017,5347.316587732325,4066.052467693238,0.5,0.5
2019-04-06,2019,mean_sediment_flux_kg_s,exclude_2016_2017,4863.126947451172,4153.934784114475,0.5,0.5
2019-04-07,2019,mean_sediment_flux_kg_s,exclude_2016_2017,4589.382156148605,4223.430499259079,0.5,0.5
2019-04-08,2019,mean_sediment_flux_kg_s,exclude_2016_2017,4509.641244086556,4279.142070476869,0.5,0.5
2019-04-09,2019,mean_sediment_flux_kg_s,exclude_2016_2017,4453.315980438928,4322.326718282504,0.5,0.5
2019-04-10,2019,mean_sediment_flux_kg_s,exclude_2016_2017,4819.091704683643,4352.220302504267,0.5,0.5
2019-04-11,2019,mean_sediment_flux_kg_s,exclude_2016_2017,4937.742824641376,4367.387436919079,0.5,0.5
2019-04-12,2019,mean_sediment_flux_kg_s,exclude_2016_2017,4725.128409363911,4368.487842240413,0.5,0.5
2019-04-13,2019,mean_sediment_flux_kg_s,exclude_2016_2017,4682.556968680207,4355.318644189667,0.5,0.5
2019-04-14,2019,mean_sediment_flux_kg_s,exclude_2016_2017,4822.1123174441245,4327.517255717512,0.5,0.5
2019-04-15,2019,mean_sediment_flux_kg_s,exclude_2016_2017,4621.596298274105,4288.766938864516,0.5,0.5
2019-04-16,2019,mean_sediment_flux_kg_s,exclude_2016_2017,4534.205493431654,4247.163694234629,0.5,0.5
2019-04-17,2019,mean_sediment_flux_kg_s,exclude_2016_2017,4232.218255166853,4203.322323080598,0.5,0.5
2019-04-18,2019,mean_sediment_flux_kg_s,exclude_2016_2017,4096.212167266922,4161.617356636476,0.5,0.5
2019-04-19,2019,mean_sediment_flux_kg_s,exclude_2016_2017,3953.313111539016,4123.417768305752,0.5,0.5
2019-04-20,2019,mean_sediment_flux_kg_s,exclude_2016_2017,4098.132532718107,4089.175308292075,0.5,0.5
2019-04-21,2019,mean_sediment_flux_kg_s,exclude_2016_2017,4117.746638516694,4050.546469196558,0.5,0.5
2019-04-22,2019,mean_sediment_flux_kg_s,exclude_2016_2017,4108.494521060436,4022.3872030507628,0.5,0.5
2019-04-23,2019,mean_sediment_flux_kg_s,exclude_2016_2017,4498.408510446272,4002.850391887674,0.5,0.5
2019-04-24,2019,mean_sediment_flux_kg_s,exclude_2016_2017,5407.562394571824,3993.2633906962537,0.5,0.5
2019-04-25,2019,mean_sediment_flux_kg_s,exclude_2016_2017,5354.361814581582,3995.100870141232,0.5,0.5
2019-04-26,2019,mean_sediment_flux_kg_s,exclude_2016_2017,5386.037135708976,4004.2636732178453,0.5,0.5
2019-04-27,2019,mean_sediment_flux_kg_s,exclude_2016_2017,5628.007137672808,4023.075441098287,0.5,0.5
2019-04-28,2019,mean_sediment_flux_kg_s,exclude_2016_2017,4970.077458178154,4050.708661371101,0.5,0.5
2019-04-29,2019,mean_sediment_flux_kg_s,exclude_2016_2017,5016.182525358453,4084.2778588451683,0.5,0.5
2019-04-30,2019,mean_sediment_flux_kg_s,exclude_2016_2017,4669.501510582794,4119.707301430098,0.5,0.5
2019-05-01,2019,mean_sediment_flux_kg_s,exclude_2016_2017,4276.3525230388,4163.028144891341,0.5,0.5
2019-05-02,2019,mean_sediment_flux_kg_s,exclude_2016_2017,4157.527914250123,4215.188708747661,0.5,0.5
2019-05-03,2019,mean_sediment_flux_kg_s,exclude_2016_2017,3914.352335425637,4275.334390392754,0.5,0.5
2019-05-04,2019,mean_sediment_flux_kg_s,exclude_2016_2017,4480.234513114564,4344.902736886967,0.5,0.5
2019-05-05,2019,mean_sediment_flux_kg_s,exclude_2016_2017,4747.286230438421,4427.50472997539,0.5,0.5
2019-05-06,2019,mean_sediment_flux_kg_s,exclude_2016_2017,5033.861811384476,4523.037564631379,0.5,0.5
2019-05-07,2019,mean_sediment_flux_kg_s,exclude_2016_2017,5314.4802278955,4630.69915932048,0.5,0.5
2019-05-08,2019,mean_sediment_flux_kg_s,exclude_2016_2017,5321.639746822117,4739.380185821522,0.5,0.5
2019-05-09,2019,mean_sediment_flux_kg_s,exclude_2016_2017,5046.903948412671,4861.701736483195,0.5,0.5
2019-05-10,2019,mean_sediment_flux_kg_s,exclude_2016_2017,4406.495518668348,4998.456808379851,0.5,0.5
2019-05-11,2019,mean_sediment_flux_kg_s,exclude_2016_2017,4256.471429957179,5147.919671572339,0.5,0.5
2019-05-12,2019,mean_sediment_flux_kg_s,exclude_2016_2017,5056.4261578011365,5318.456922507335,0.5,0.5
2019-05-13,2019,mean_sediment_flux_kg_s,exclude_2016_2017,5457.768990383018,5510.820043943149,0.5,0.5
2019-05-14,2019,mean_sediment_flux_kg_s,exclude_2016_2017,5870.613227700898,5728.423175119206,0.5,0.5
2019-05-15,2019,mean_sediment_flux_kg_s,exclude_2016_2017,5821.1141460358585,5971.62936675848,0.5,0.5
2019-05-16,2019,mean_sediment_flux_kg_s,exclude_2016_2017,5718.2484936107285,6236.867433760652,0.5,0.5
2019-05-17,2019,mean_sediment_flux_kg_s,exclude_2016_2017,5316.186703913622,6514.163101465546,0.5,0.5
2019-05-18,2019,mean_sediment_flux_kg_s,exclude_2016_2017,5425.272033746922,6797.703419983738,0.5,0.5
2019-05-19,2019,mean_sediment_flux_kg_s,exclude_2016_2017,5690.16150921017,7088.423514785229,0.5,0.5
2019-05-20,2019,mean_sediment_flux_kg_s,exclude_2016_2017,5407.7448253146895,7389.12208370254,0.5,0.5
2019-05-21,2019,mean_sediment_flux_kg_s,exclude_2016_2017,4877.532083733836,7696.742464637578,0.5,0.5
2019-05-22,2019,mean_sediment_flux_kg_s,exclude_2016_2017,4598.029911585195,8010.348355922607,0.5,0.5
2019-05-23,2019,mean_sediment_flux_kg_s,exclude_2016_2017,4621.556796727139,8307.81158634965,0.5,0.5
2019-05-24,2019,mean_sediment_flux_kg_s,exclude_2016_2017,4493.787048391399,8590.729817711064,0.5,0.5
2019-05-25,2019,mean_sediment_flux_kg_s,exclude_2016_2017,4642.671477291632,8865.75128279778,0.5,0.5
2019-05-26,2019,mean_sediment_flux_kg_s,exclude_2016_2017,6875.381619875451,9124.313370801901,0.5,0.5
2019-05-27,2019,mean_sediment_flux_kg_s,exclude_2016_2017,7849.390071612391,9360.430122794533,0.5,0.5
2019-05-28,2019,mean_sediment_flux_kg_s,exclude_2016_2017,7566.296621037531,9570.571244088798,0.5,0.5
2019-05-29,2019,mean_sediment_flux_kg_s,exclude_2016_2017,7131.456337996585,9743.34626780168,0.5,0.5
2019-05-30,2019,mean_sediment_flux_kg_s,exclude_2016_2017,6150.814602716302,9886.499546907507,0.5,0.5
2019-05-31,2019,mean_sediment_flux_kg_s,exclude_2016_2017,6446.204760123944,9998.08401141872,0.5,0.5
2019-06-01,2019,mean_sediment_flux_kg_s,exclude_2016_2017,6273.044290199251,10071.0240647924,0.5,0.5
2019-06-02,2019,mean_sediment_flux_kg_s,exclude_2016_2017,5934.673731291749,10107.710439880715,0.5,0.5
2019-06-03,2019,mean_sediment_flux_kg_s,exclude_2016_2017,5206.77528649097,10113.349343302469,0.5,0.5
2019-06-04,2019,mean_sediment_flux_kg_s,exclude_2016_2017,5554.962255542724,10091.226044096557,0.5,0.5
2019-06-05,2019,mean_sediment_flux_kg_s,exclude_2016_2017,5614.838929189227,10044.99377913862,0.5,0.5
2019-06-06,2019,mean_sediment_flux_kg_s,exclude_2016_2017,5874.956001081716,9982.046345955932,0.5,0.5
2019-06-07,2019,mean_sediment_flux_kg_s,exclude_2016_2017,5818.879727191498,9906.235586358256,0.5,0.5
2019-06-08,2019,mean_sediment_flux_kg_s,exclude_2016_2017,5097.839503499431,9830.174253064357,0.5,0.5
2019-06-09,2019,mean_sediment_flux_kg_s,exclude_2016_2017,3427.263713211352,9737.272617142666,0.5,0.5
2019-06-10,2019,mean_sediment_flux_kg_s,exclude_2016_2017,5198.837632606364,9631.324799829843,0.5,0.5
2019-06-11,2019,mean_sediment_flux_kg_s,exclude_2016_2017,6708.0050801040425,9527.45036989134,0.5,0.5
2019-06-12,2019,mean_sediment_flux_kg_s,exclude_2016_2017,5231.191213540716,9418.992209734659,0.5,0.5
2019-06-13,2019,mean_sediment_flux_kg_s,exclude_2016_2017,5449.266392325285,9312.337655331668,0.5,0.5
2019-06-14,2019,mean_sediment_flux_kg_s,exclude_2016_2017,4854.378659538685,9209.706697479338,0.5,0.5
2019-06-15,2019,mean_sediment_flux_kg_s,exclude_2016_2017,4621.866756497785,9112.412655314989,0.5,0.5
2019-06-16,2019,mean_sediment_flux_kg_s,exclude_2016_2017,4734.245734668712,8995.035203901363,0.5,0.5
2019-06-17,2019,mean_sediment_flux_kg_s,exclude_2016_2017,4303.184855808006,8864.963436616454,0.5,0.5
2019-06-18,2019,mean_sediment_flux_kg_s,exclude_2016_2017,5011.236847477766,8734.985324806685,0.5,0.5
2019-06-19,2019,mean_sediment_flux_kg_s,exclude_2016_2017,4866.710368366767,8614.70130459842,0.5,0.5
2019-06-20,2019,mean_sediment_flux_kg_s,exclude_2016_2017,5339.491003348026,8508.853099072385,0.5,0.5
2019-06-21,2019,mean_sediment_flux_kg_s,exclude_2016_2017,4913.066772179256,8502.02331061129,0.5,0.5
2019-06-22,2019,mean_sediment_flux_kg_s,exclude_2016_2017,5851.545114637024,8518.520111954673,0.5,0.5
2019-06-23,2019,mean_sediment_flux_kg_s,exclude_2016_2017,14556.925222478736,8554.052466960242,0.5,0.5
2019-06-24,2019,mean_sediment_flux_kg_s,exclude_2016_2017,34373.49294554237,8684.646898284294,0.5,0.5
2019-06-25,2019,mean_sediment_flux_kg_s,exclude_2016_2017,46746.88868365309,8882.199854488488,0.5,0.5
2019-06-26,2019,mean_sediment_flux_kg_s,exclude_2016_2017,43008.10531718494,9132.77726523207,0.5,0.5
2019-06-27,2019,mean_sediment_flux_kg_s,exclude_2016_2017,40398.328920307285,9464.186156862592,0.5,0.5
2019-06-28,2019,mean_sediment_flux_kg_s,exclude_2016_2017,40406.78541122316,9863.158506065764,0.5,0.5
2019-06-29,2019,mean_sediment_flux_kg_s,exclude_2016_2017,39076.31542918737,10337.148812178013,0.5,0.5
2019-06-30,2019,mean_sediment_flux_kg_s,exclude_2016_2017,39344.82048830265,10981.167528073154,0.5,0.5
2019-07-01,2019,mean_sediment_flux_kg_s,exclude_2016_2017,38181.3190966966,11750.806159086907,0.5,0.5
2019-07-02,2019,mean_sediment_flux_kg_s,exclude_2016_2017,34296.78060294686,12673.443211150445,0.5,0.5
2019-07-03,2019,mean_sediment_flux_kg_s,exclude_2016_2017,34304.319504600346,13790.141838473504,0.5,0.5
2019-07-04,2019,mean_sediment_flux_kg_s,exclude_2016_2017,33238.228938996755,15127.833012176272,0.5,0.5
2019-07-05,2019,mean_sediment_flux_kg_s,exclude_2016_2017,33928.943677180425,16578.296380479373,0.5,0.5
2019-07-06,2019,mean_sediment_flux_kg_s,exclude_2016_2017,34370.09796170418,18168.876548879838,0.5,0.5
2019-07-07,2019,mean_sediment_flux_kg_s,exclude_2016_2017,34614.46602060357,19896.330618799882,0.5,0.5
2019-07-08,2019,mean_sediment_flux_kg_s,exclude_2016_2017,34243.041771345,21750.989816672067,0.5,0.5
2019-07-09,2019,mean_sediment_flux_kg_s,exclude_2016_2017,38715.78831267556,23695.036906756988,0.5,0.5
2019-07-10,2019,mean_sediment_flux_kg_s,exclude_2016_2017,40043.68734919359,25656.02183353607,0.5,0.5
2019-07-11,2019,mean_sediment_flux_kg_s,exclude_2016_2017,41146.66006408916,27640.28392012623,0.5,0.5
2019-07-12,2019,mean_sediment_flux_kg_s,exclude_2016_2017,34855.01132182698,29557.950859315395,0.5,0.5
2019-07-13,2019,mean_sediment_flux_kg_s,exclude_2016_2017,37807.25401778468,31325.915624903224,0.5,0.5
2019-07-14,2019,mean_sediment_flux_kg_s,exclude_2016_2017,36347.3356384391,32849.78682877407,0.5,0.5
2019-07-15,2019,mean_sediment_flux_kg_s,exclude_2016_2017,35271.186454088725,34056.392507672565,0.5,0.5
2019-07-16,2019,mean_sediment_flux_kg_s,exclude_2016_2017,31922.53393308843,34892.918706501696,0.5,0.5
2019-07-17,2019,mean_sediment_flux_kg_s,exclude_2016_2017,29135.637071794088,35356.02764578711,0.5,0.5
2019-07-18,2019,mean_sediment_flux_kg_s,exclude_2016_2017,41294.60434873006,35377.04022710634,0.5,0.5
2019-07-19,2019,mean_sediment_flux_kg_s,exclude_2016_2017,50235.95138245688,34921.21458448308,0.5,0.5
2019-07-20,2019,mean_sediment_flux_kg_s,exclude_2016_2017,46634.59737555252,33988.436856942484,0.5,0.5
2019-07-21,2019,mean_sediment_flux_kg_s,exclude_2016_2017,43876.82229405255,32704.81842761638,0.5,0.5
2019-07-22,2019,mean_sediment_flux_kg_s,exclude_2016_2017,40787.85998460173,30986.908750407125,0.5,0.5
2019-07-23,2019,mean_sediment_flux_kg_s,exclude_2016_2017,31688.199953628427,29151.89615846464,0.5,0.5
2019-07-24,2019,mean_sediment_flux_kg_s,exclude_2016_2017,39266.17651517113,27242.307258730536,0.5,0.5
2019-07-25,2019,mean_sediment_flux_kg_s,exclude_2016_2017,46521.31370979393,25199.491040502562,0.5,0.5
2019-07-26,2019,mean_sediment_flux_kg_s,exclude_2016_2017,46082.38115332633,23153.13713086517,0.5,0.5
2019-07-27,2019,mean_sediment_flux_kg_s,exclude_2016_2017,54846.357900074654,21181.210270960302,0.5,0.5
2019-07-28,2019,mean_sediment_flux_kg_s,exclude_2016_2017,56807.17639484478,19334.510741990198,0.5,0.5
2019-07-29,2019,mean_sediment_flux_kg_s,exclude_2016_2017,40275.15913678496,17639.340139991953,0.5,0.5
2019-07-30,2019,mean_sediment_flux_kg_s,exclude_2016_2017,33579.99587761026,16190.071956392949,0.5,0.5
2019-07-31,2019,mean_sediment_flux_kg_s,exclude_2016_2017,32049.20995340981,14896.965047423211,0.5,0.5
2019-08-01,2019,mean_sediment_flux_kg_s,exclude_2016_2017,43536.38036706692,13685.23150473984,0.5,0.5
2019-08-02,2019,mean_sediment_flux_kg_s,exclude_2016_2017,42073.69513242607,12640.503873286041,0.5,0.5
2019-08-03,2019,mean_sediment_flux_kg_s,exclude_2016_2017,26888.69739372596,11751.231325404708,0.5,0.5
2019-08-04,2019,mean_sediment_flux_kg_s,exclude_2016_2017,10842.109745000764,11038.97916287107,0.5,0.5
2019-08-05,2019,mean_sediment_flux_kg_s,exclude_2016_2017,9774.75300839967,10563.483156209006,0.5,0.5
2019-08-06,2019,mean_sediment_flux_kg_s,exclude_2016_2017,9477.162286774765,10284.111504755067,0.5,0.5
2019-08-07,2019,mean_sediment_flux_kg_s,exclude_2016_2017,27729.40153751409,10132.257896845735,0.5,0.5
2019-08-08,2019,mean_sediment_flux_kg_s,exclude_2016_2017,67195.75241943127,10072.590675496842,0.5,0.5
2019-08-09,2019,mean_sediment_flux_kg_s,exclude_2016_2017,66766.24488767718,10187.897323033703,0.5,0.5
2019-08-10,2019,mean_sediment_flux_kg_s,exclude_2016_2017,54884.897721712994,10519.233821824306,0.5,0.5
2019-08-11,2019,mean_sediment_flux_kg_s,exclude_2016_2017,48534.72538990614,10888.251838127908,0.5,0.5
2019-08-12,2019,mean_sediment_flux_kg_s,exclude_2016_2017,10609.12638256684,11347.049241956316,0.5,0.5
2019-08-13,2019,mean_sediment_flux_kg_s,exclude_2016_2017,3921.650555045129,11902.196931629845,0.5,0.5
2019-08-14,2019,mean_sediment_flux_kg_s,exclude_2016_2017,2518.9756722647985,12536.338641765913,0.5,0.5
2019-08-15,2019,mean_sediment_flux_kg_s,exclude_2016_2017,1162.0780068419074,13213.499220365858,0.5,0.5
2019-08-16,2019,mean_sediment_flux_kg_s,exclude_2016_2017,767.0042538994882,13883.616224507745,0.5,0.5
2019-08-17,2019,mean_sediment_flux_kg_s,exclude_2016_2017,875.0316352753421,14542.408327119352,0.5,0.5
2019-08-18,2019,mean_sediment_flux_kg_s,exclude_2016_2017,720.0530361146192,15179.902702272408,0.5,0.5
2019-08-19,2019,mean_sediment_flux_kg_s,exclude_2016_2017,790.6704540687339,15766.899795202211,0.5,0.5
2019-08-20,2019,mean_sediment_flux_kg_s,exclude_2016_2017,665.9346515822649,16337.087408341355,0.5,0.5
2019-08-21,2019,mean_sediment_flux_kg_s,exclude_2016_2017,560.345919894541,16801.845938666498,0.5,0.5
2019-08-22,2019,mean_sediment_flux_kg_s,exclude_2016_2017,498.2646453003909,17226.43426677232,0.5,0.5
2019-08-23,2019,mean_sediment_flux_kg_s,exclude_2016_2017,458.8695169589792,17518.949969935635,0.5,0.5
2019-08-24,2019,mean_sediment_flux_kg_s,exclude_2016_2017,533.761554592677,17706.82314798407,0.5,0.5
2019-08-25,2019,mean_sediment_flux_kg_s,exclude_2016_2017,514.040954235075,17785.39862867572,0.5,0.5
2019-08-26,2019,mean_sediment_flux_kg_s,exclude_2016_2017,478.6703912741163,17730.10730799858,0.5,0.5
2019-08-27,2019,mean_sediment_flux_kg_s,exclude_2016_2017,597.1224486250088,17531.41350485599,0.5,0.5
2019-08-28,2019,mean_sediment_flux_kg_s,exclude_2016_2017,531.8735597356132,17164.14815437734,0.5,0.5
2019-08-29,2019,mean_sediment_flux_kg_s,exclude_2016_2017,544.9773717035235,16661.298666832015,0.5,0.5
2019-08-30,2019,mean_sediment_flux_kg_s,exclude_2016_2017,497.4366701305039,15994.905578940501,0.5,0.5
2019-08-31,2019,mean_sediment_flux_kg_s,exclude_2016_2017,511.295058303021,15222.025673663462,0.5,0.5
2019-09-01,2019,mean_sediment_flux_kg_s,exclude_2016_2017,816.0483651284045,14537.926151283693,0.5,0.5
2019-09-02,2019,mean_sediment_flux_kg_s,exclude_2016_2017,864.8355853146289,13930.455222563718,0.5,0.5
2019-09-03,2019,mean_sediment_flux_kg_s,exclude_2016_2017,1838.0332042189928,13358.831469026596,0.5,0.5
2019-09-04,2019,mean_sediment_flux_kg_s,exclude_2016_2017,6225.672700962029,12812.839719051799,0.5,0.5
2019-09-05,2019,mean_sediment_flux_kg_s,exclude_2016_2017,6676.807654538191,12360.319837483916,0.5,0.5
2019-09-06,2019,mean_sediment_flux_kg_s,exclude_2016_2017,5053.108520690328,12008.162716745961,0.5,0.5
2019-09-07,2019,mean_sediment_flux_kg_s,exclude_2016_2017,5601.103481706411,11819.932768180752,0.5,0.5
2019-09-08,2019,mean_sediment_flux_kg_s,exclude_2016_2017,4731.515819323123,11796.130854736482,0.5,0.5
2019-09-09,2019,mean_sediment_flux_kg_s,exclude_2016_2017,3871.123439620004,11862.984862264791,0.5,0.5
2019-09-10,2019,mean_sediment_flux_kg_s,exclude_2016_2017,3594.3497477008546,12061.175288074484,0.5,0.5
2019-09-11,2019,mean_sediment_flux_kg_s,exclude_2016_2017,6036.423475812015,12500.4301459725,0.5,0.5
2019-09-12,2019,mean_sediment_flux_kg_s,exclude_2016_2017,6973.981301368706,13118.044033217448,0.5,0.5
2019-09-13,2019,mean_sediment_flux_kg_s,exclude_2016_2017,6059.342746858824,13911.532938327182,0.5,0.5
2019-09-14,2019,mean_sediment_flux_kg_s,exclude_2016_2017,5736.193904744399,14882.754747351013,0.5,0.5
2019-09-15,2019,mean_sediment_flux_kg_s,exclude_2016_2017,10403.16905792123,16025.96478737572,0.5,0.5
2019-09-16,2019,mean_sediment_flux_kg_s,exclude_2016_2017,36875.94167750172,17348.157248548465,0.5,0.5
2019-09-17,2019,mean_sediment_flux_kg_s,exclude_2016_2017,46336.930181894255,18799.206396867026,0.5,0.5
2019-09-18,2019,mean_sediment_flux_kg_s,exclude_2016_2017,57122.21484812512,20348.27664255642,0.5,0.5
2019-09-19,2019,mean_sediment_flux_kg_s,exclude_2016_2017,61327.56812051993,21960.68342690038,0.5,0.5
2019-09-20,2019,mean_sediment_flux_kg_s,exclude_2016_2017,51336.51037479937,23533.611847629512,0.5,0.5
2019-09-21,2019,mean_sediment_flux_kg_s,exclude_2016_2017,51086.98041215464,25088.03209395448,0.5,0.5
2019-09-22,2019,mean_sediment_flux_kg_s,exclude_2016_2017,51185.51143472761,26508.272801387207,0.5,0.5
2019-09-23,2019,mean_sediment_flux_kg_s,exclude_2016_2017,52258.04538227638,27782.513338003617,0.5,0.5
2019-09-24,2019,mean_sediment_flux_kg_s,exclude_2016_2017,40832.81134659056,28846.082266979654,0.5,0.5
2019-09-25,2019,mean_sediment_flux_kg_s,exclude_2016_2017,22993.82062357652,29703.396018748215,0.5,0.5
2019-09-26,2019,mean_sediment_flux_kg_s,exclude_2016_2017,12943.611907497883,30379.890592156502,0.5,0.5
2019-09-27,2019,mean_sediment_flux_kg_s,exclude_2016_2017,9276.733668914922,30856.334043981973,0.5,0.5
2019-09-28,2019,mean_sediment_flux_kg_s,exclude_2016_2017,22296.05399377039,31032.148348858118,0.5,0.5
2019-09-29,2019,mean_sediment_flux_kg_s,exclude_2016_2017,19265.487033806487,30903.565780015488,0.5,0.5
2019-09-30,2019,mean_sediment_flux_kg_s,exclude_2016_2017,19651.878284915,30477.20994099709,0.5,0.5
2019-10-01,2019,mean_sediment_flux_kg_s,exclude_2016_2017,14641.457058035705,29769.008499734955,0.5,0.5
2019-10-02,2019,mean_sediment_flux_kg_s,exclude_2016_2017,9731.57124365141,28826.437911713932,0.5,0.5
2019-10-03,2019,mean_sediment_flux_kg_s,exclude_2016_2017,8239.413548129543,27625.15191013527,0.5,0.5
2019-10-04,2019,mean_sediment_flux_kg_s,exclude_2016_2017,7942.686293438733,26288.957551512576,0.5,0.5
2019-10-05,2019,mean_sediment_flux_kg_s,exclude_2016_2017,8946.57982088002,24889.191201392954,0.5,0.5
2019-10-06,2019,mean_sediment_flux_kg_s,exclude_2016_2017,10485.612760193815,23414.25115744926,0.5,0.5
2019-10-07,2019,mean_sediment_flux_kg_s,exclude_2016_2017,11972.65287356824,21889.736841070022,0.5,0.5
2019-10-08,2019,mean_sediment_flux_kg_s,exclude_2016_2017,11406.227603155035,20389.668074547888,0.5,0.5
2019-10-09,2019,mean_sediment_flux_kg_s,exclude_2016_2017,10527.949696511789,18946.457192044407,0.5,0.5
2019-10-10,2019,mean_sediment_flux_kg_s,exclude_2016_2017,10070.688085217897,17540.04020261462,0.5,0.5
2019-10-11,2019,mean_sediment_flux_kg_s,exclude_2016_2017,14478.034213178928,16170.309870713842,0.5,0.5
2019-10-12,2019,mean_sediment_flux_kg_s,exclude_2016_2017,17264.594307651914,14877.62016730523,0.5,0.5
2019-10-13,2019,mean_sediment_flux_kg_s,exclude_2016_2017,15263.618577330992,13670.358670815818,0.5,0.5
2019-10-14,2019,mean_sediment_flux_kg_s,exclude_2016_2017,13892.031323743193,12546.943564261426,0.5,0.5
2019-10-15,2019,mean_sediment_flux_kg_s,exclude_2016_2017,14747.893289413754,11512.849756368356,0.5,0.5
2019-10-16,2019,mean_sediment_flux_kg_s,exclude_2016_2017,18037.32101093682,10571.723946872637,0.5,0.5
2019-10-17,2019,mean_sediment_flux_kg_s,exclude_2016_2017,17860.30560222588,9724.103587038979,0.5,0.5
2019-10-18,2019,mean_sediment_flux_kg_s,exclude_2016_2017,16238.8514636593,8971.672385500784,0.5,0.5
2019-10-19,2019,mean_sediment_flux_kg_s,exclude_2016_2017,14352.201048962785,8296.716775845885,0.5,0.5
2019-10-20,2019,mean_sediment_flux_kg_s,exclude_2016_2017,12317.725941910008,7686.409107708749,0.5,0.5
2019-10-21,2019,mean_sediment_flux_kg_s,exclude_2016_2017,8981.497932280678,7136.1486096510525,0.5,0.5
2019-10-22,2019,mean_sediment_flux_kg_s,exclude_2016_2017,6433.43910432743,6638.338765971296,0.5,0.5
2019-10-23,2019,mean_sediment_flux_kg_s,exclude_2016_2017,3208.9501075465346,6199.615697967642,0.5,0.5
2019-10-24,2019,mean_sediment_flux_kg_s,exclude_2016_2017,2268.2770403622194,5818.62814259568,0.5,0.5
2019-10-25,2019,mean_sediment_flux_kg_s,exclude_2016_2017,2093.575714654543,5472.968624127749,0.5,0.5
2019-10-26,2019,mean_sediment_flux_kg_s,exclude_2016_2017,1901.614586001472,5142.038300685723,0.5,0.5
2019-10-27,2019,mean_sediment_flux_kg_s,exclude_2016_2017,1638.4020639661494,4808.75696789922,0.5,0.5
2019-10-28,2019,mean_sediment_flux_kg_s,exclude_2016_2017,1712.9137847979518,4483.596820460505,0.5,0.5
2019-10-29,2019,mean_sediment_flux_kg_s,exclude_2016_2017,1722.727326900014,4191.897604297348,0.5,0.5
2019-10-30,2019,mean_sediment_flux_kg_s,exclude_2016_2017,1538.5132289505464,3921.548630814867,0.5,0.5
2019-10-31,2019,mean_sediment_flux_kg_s,exclude_2016_2017,1514.8853595590888,3661.2492269307127,0.5,0.5
2019-11-01,2019,mean_sediment_flux_kg_s,exclude_2016_2017,1520.9858101470409,3417.077664641384,0.5,0.5
2019-11-02,2019,mean_sediment_flux_kg_s,exclude_2016_2017,1505.8997564703534,3173.660557057135,0.5,0.5
2019-11-03,2019,mean_sediment_flux_kg_s,exclude_2016_2017,1384.6124774610107,2928.5631181866474,0.5,0.5
2019-11-04,2019,mean_sediment_flux_kg_s,exclude_2016_2017,1282.3917095375814,2701.4845727712077,0.5,0.5
2019-11-05,2019,mean_sediment_flux_kg_s,exclude_2016_2017,1341.3906805195686,2490.1375529320962,0.5,0.5
2019-11-06,2019,mean_sediment_flux_kg_s,exclude_2016_2017,1334.8960698652002,2303.1535574975433,0.5,0.5
2019-11-07,2019,mean_sediment_flux_kg_s,exclude_2016_2017,1242.6797452446133,2135.0803648943797,0.5,0.5
2019-11-08,2019,mean_sediment_flux_kg_s,exclude_2016_2017,1265.9756130242615,1975.7563070770634,0.5,0.5
2019-11-09,2019,mean_sediment_flux_kg_s,exclude_2016_2017,1221.183462333657,1821.3326975616694,0.5,0.5
2019-11-10,2019,mean_sediment_flux_kg_s,exclude_2016_2017,1212.0431909748793,1686.401913696343,0.5,0.5
2019-11-11,2019,mean_sediment_flux_kg_s,exclude_2016_2017,1209.951196429878,1565.5228584692022,0.5,0.5
2019-11-12,2019,mean_sediment_flux_kg_s,exclude_2016_2017,1207.443763111491,1457.9698591844049,0.5,0.5
2019-11-13,2019,mean_sediment_flux_kg_s,exclude_2016_2017,1265.58441679661,1362.4952093103848,0.5,0.5
2019-11-14,2019,mean_sediment_flux_kg_s,exclude_2016_2017,1140.0103639925153,1277.1936134794018,0.5,0.5
2019-11-15,2019,mean_sediment_flux_kg_s,exclude_2016_2017,808.075601972981,1200.8800095705762,0.5,0.5
2019-11-16,2019,mean_sediment_flux_kg_s,exclude_2016_2017,782.4833471450764,1131.4357101008445,0.5,0.5
2019-11-17,2019,mean_sediment_flux_kg_s,exclude_2016_2017,756.800993537789,1068.5656142937921,0.5,0.5
2019-11-18,2019,mean_sediment_flux_kg_s,exclude_2016_2017,604.5947955899736,1010.191440032343,0.5,0.5
2019-11-19,2019,mean_sediment_flux_kg_s,exclude_2016_2017,655.7003998831725,960.455986328483,0.5,0.5
2019-11-20,2019,mean_sediment_flux_kg_s,exclude_2016_2017,585.3452071483501,919.3936755603875,0.5,0.5
2019-11-21,2019,mean_sediment_flux_kg_s,exclude_2016_2017,549.6583870335344,883.0768770220163,0.5,0.5
2019-11-22,2019,mean_sediment_flux_kg_s,exclude_2016_2017,469.9147377097451,852.2352437275158,0.5,0.5
2019-11-23,2019,mean_sediment_flux_kg_s,exclude_2016_2017,473.9484009063818,825.1396831175402,0.5,0.5
2019-11-24,2019,mean_sediment_flux_kg_s,exclude_2016_2017,444.4901454560677,803.6305096386031,0.5,0.5
2019-11-25,2019,mean_sediment_flux_kg_s,exclude_2016_2017,541.7166777837824,785.1917188693106,0.5,0.5
2019-11-26,2019,mean_sediment_flux_kg_s,exclude_2016_2017,416.0945175893017,769.7120961945025,0.5,0.5
2019-11-27,2019,mean_sediment_flux_kg_s,exclude_2016_2017,420.3966303469908,756.6116479256377,0.5,0.5
2019-11-28,2019,mean_sediment_flux_kg_s,exclude_2016_2017,457.2738954332836,746.9024116750431,0.5,0.5
2019-11-29,2019,mean_sediment_flux_kg_s,exclude_2016_2017,460.98884358649485,740.2274114584451,0.5,0.5
2019-11-30,2019,mean_sediment_flux_kg_s,exclude_2016_2017,507.0523000352013,735.7682773960623,0.5,0.5
2019-12-01,2019,mean_sediment_flux_kg_s,exclude_2016_2017,462.89087717280046,732.1546454794385,0.5,0.5
2019-12-02,2019,mean_sediment_flux_kg_s,exclude_2016_2017,439.01442609670295,729.0065186101099,0.5,0.5
2019-12-03,2019,mean_sediment_flux_kg_s,exclude_2016_2017,490.66463945609104,726.1847744350127,0.5,0.5
2019-12-04,2019,mean_sediment_flux_kg_s,exclude_2016_2017,560.1677060938225,722.380787573907,0.5,0.5
2019-12-05,2019,mean_sediment_flux_kg_s,exclude_2016_2017,527.404292051163,716.8720256915592,0.5,0.5
2019-12-06,2019,mean_sediment_flux_kg_s,exclude_2016_2017,569.4783848365106,710.1886801366948,0.5,0.5
2019-12-07,2019,mean_sediment_flux_kg_s,exclude_2016_2017,507.6224964214446,700.9741680706713,0.5,0.5
2019-12-08,2019,mean_sediment_flux_kg_s,exclude_2016_2017,463.0859602485673,689.271187972211,0.5,0.5
2019-12-09,2019,mean_sediment_flux_kg_s,exclude_2016_2017,404.2403764741952,674.3937427107758,0.5,0.5
2019-12-10,2019,mean_sediment_flux_kg_s,exclude_2016_2017,408.4212247821452,660.046071245622,0.5,0.5
2019-12-11,2019,mean_sediment_flux_kg_s,exclude_2016_2017,392.0980099035671,641.8703820454089,0.5,0.5
2019-12-12,2019,mean_sediment_flux_kg_s,exclude_2016_2017,445.4318425330152,621.4841156613526,0.5,0.5
2019-12-13,2019,mean_sediment_flux_kg_s,exclude_2016_2017,462.51931936266527,599.6136465978869,0.5,0.5
2019-12-14,2019,mean_sediment_flux_kg_s,exclude_2016_2017,503.2417629196248,576.9590882618893,0.5,0.5
2019-12-15,2019,mean_sediment_flux_kg_s,exclude_2016_2017,500.4662881568736,553.4729086493453,0.5,0.5
2019-12-16,2019,mean_sediment_flux_kg_s,exclude_2016_2017,499.28498483827207,528.6170907910623,0.5,0.5
2019-12-17,2019,mean_sediment_flux_kg_s,exclude_2016_2017,496.8673140001054,506.7273929800463,0.5,0.5
2019-12-18,2019,mean_sediment_flux_kg_s,exclude_2016_2017,525.2250787465412,483.9838834149809,0.5,0.5
2019-12-19,2019,mean_sediment_flux_kg_s,exclude_2016_2017,457.1183917253765,463.0665283928469,0.5,0.5
2019-12-20,2019,mean_sediment_flux_kg_s,exclude_2016_2017,400.2358418463686,442.86306652376754,0.5,0.5
2019-12-21,2019,mean_sediment_flux_kg_s,exclude_2016_2017,390.04407348128143,424.7435997364072,0.5,0.5
2019-12-22,2019,mean_sediment_flux_kg_s,exclude_2016_2017,335.4587303391025,408.6758184563032,0.5,0.5
2019-12-23,2019,mean_sediment_flux_kg_s,exclude_2016_2017,312.7061816787388,393.5538378919133,0.5,0.5
2019-12-24,2019,mean_sediment_flux_kg_s,exclude_2016_2017,366.823203191114,380.92208313142146,0.5,0.5
2019-12-25,2019,mean_sediment_flux_kg_s,exclude_2016_2017,377.72707617295913,369.26239112884707,0.5,0.5
2019-12-26,2019,mean_sediment_flux_kg_s,exclude_2016_2017,362.39147878119735,360.430503631451,0.5,0.5
2019-12-27,2019,mean_sediment_flux_kg_s,exclude_2016_2017,427.8731705315701,353.9398066252517,0.5,0.5
2019-12-28,2019,mean_sediment_flux_kg_s,exclude_2016_2017,721.5474832592209,348.3921198916313,0.5,0.5
2019-12-29,2019,mean_sediment_flux_kg_s,exclude_2016_2017,543.4963645282548,343.4489151367884,0.5,0.5
2019-12-30,2019,mean_sediment_flux_kg_s,exclude_2016_2017,596.4758294537334,339.4109691224396,0.5,0.5
2019-12-31,2019,mean_sediment_flux_kg_s,exclude_2016_2017,811.909211518228,336.12583803037967,0.5,0.5
2020-01-01,2020,mean_sediment_flux_kg_s,exclude_2016_2017,725.948734109356,365.25489196143616,0.5,0.5
2020-01-02,2020,mean_sediment_flux_kg_s,exclude_2016_2017,639.2852216594913,357.97120171765505,0.5,0.5
2020-01-03,2020,mean_sediment_flux_kg_s,exclude_2016_2017,455.8714425745397,351.1061402015257,0.5,0.5
2020-01-04,2020,mean_sediment_flux_kg_s,exclude_2016_2017,378.2188064461302,345.05753234911674,0.5,0.5
2020-01-05,2020,mean_sediment_flux_kg_s,exclude_2016_2017,416.2427680870334,339.25838518098067,0.5,0.5
2020-01-06,2020,mean_sediment_flux_kg_s,exclude_2016_2017,369.4874155221796,334.2680798733866,0.5,0.5
2020-01-07,2020,mean_sediment_flux_kg_s,exclude_2016_2017,367.5878926919824,330.1643365648928,0.5,0.5
2020-01-08,2020,mean_sediment_flux_kg_s,exclude_2016_2017,539.2733141759533,326.39200621531967,0.5,0.5
2020-01-09,2020,mean_sediment_flux_kg_s,exclude_2016_2017,458.8366831129995,323.5660329841572,0.5,0.5
2020-01-10,2020,mean_sediment_flux_kg_s,exclude_2016_2017,431.6750602026969,321.66304879863316,0.5,0.5
2020-01-11,2020,mean_sediment_flux_kg_s,exclude_2016_2017,336.1376565230904,320.2688112274275,0.5,0.5
2020-01-12,2020,mean_sediment_flux_kg_s,exclude_2016_2017,317.513068311858,319.03030457148475,0.5,0.5
2020-01-13,2020,mean_sediment_flux_kg_s,exclude_2016_2017,325.1211662028658,318.9390347204746,0.5,0.5
2020-01-14,2020,mean_sediment_flux_kg_s,exclude_2016_2017,325.64733129961405,319.3335883709476,0.5,0.5
2020-01-15,2020,mean_sediment_flux_kg_s,exclude_2016_2017,332.866291369282,319.887502036153,0.5,0.5
2020-01-16,2020,mean_sediment_flux_kg_s,exclude_2016_2017,318.41523891185983,324.25180520032904,0.5,0.5
2020-01-17,2020,mean_sediment_flux_kg_s,exclude_2016_2017,310.7935269090853,330.996768391811,0.5,0.5
2020-01-18,2020,mean_sediment_flux_kg_s,exclude_2016_2017,305.6772469384021,339.0775084222029,0.5,0.5
2020-01-19,2020,mean_sediment_flux_kg_s,exclude_2016_2017,281.08865729726546,348.68757018308156,0.5,0.5
2020-01-20,2020,mean_sediment_flux_kg_s,exclude_2016_2017,293.410866187791,359.40950254654774,0.5,0.5
2020-01-21,2020,mean_sediment_flux_kg_s,exclude_2016_2017,274.0465600038154,371.5021146163681,0.5,0.5
2020-01-22,2020,mean_sediment_flux_kg_s,exclude_2016_2017,265.5128523693923,384.9520035296058,0.5,0.5
2020-01-23,2020,mean_sediment_flux_kg_s,exclude_2016_2017,254.5954234938929,400.65380997127534,0.5,0.5
2020-01-24,2020,mean_sediment_flux_kg_s,exclude_2016_2017,262.9760604943632,418.6590944261957,0.5,0.5
2020-01-25,2020,mean_sediment_flux_kg_s,exclude_2016_2017,279.1421363337436,439.10965719893517,0.5,0.5
2020-01-26,2020,mean_sediment_flux_kg_s,exclude_2016_2017,291.0612477363596,461.892734873457,0.5,0.5
2020-01-27,2020,mean_sediment_flux_kg_s,exclude_2016_2017,315.904693489271,488.73502291267926,0.5,0.5
2020-01-28,2020,mean_sediment_flux_kg_s,exclude_2016_2017,370.3147295804292,517.8035373514347,0.5,0.5
2020-01-29,2020,mean_sediment_flux_kg_s,exclude_2016_2017,338.73792243407314,549.1269204574266,0.5,0.5
2020-01-30,2020,mean_sediment_flux_kg_s,exclude_2016_2017,324.84244790170857,582.1706442034806,0.5,0.5
2020-01-31,2020,mean_sediment_flux_kg_s,exclude_2016_2017,333.1391369867269,616.4329995691355,0.5,0.5
2020-02-01,2020,mean_sediment_flux_kg_s,exclude_2016_2017,311.50246429671176,653.84258010902,0.5,0.5
2020-02-02,2020,mean_sediment_flux_kg_s,exclude_2016_2017,287.9716462241478,692.9687009200521,0.5,0.5
2020-02-03,2020,mean_sediment_flux_kg_s,exclude_2016_2017,278.10531165553283,736.9153581796627,0.5,0.5
2020-02-04,2020,mean_sediment_flux_kg_s,exclude_2016_2017,273.92492709672234,787.9367996174726,0.5,0.5
2020-02-05,2020,mean_sediment_flux_kg_s,exclude_2016_2017,261.00591258513515,837.1202085147061,0.5,0.5
2020-02-06,2020,mean_sediment_flux_kg_s,exclude_2016_2017,266.0446161897536,887.666207884206,0.5,0.5
2020-02-07,2020,mean_sediment_flux_kg_s,exclude_2016_2017,271.46660236767093,939.2767052567025,0.5,0.5
2020-02-08,2020,mean_sediment_flux_kg_s,exclude_2016_2017,334.6446515389832,989.2086262324535,0.5,0.5
2020-02-09,2020,mean_sediment_flux_kg_s,exclude_2016_2017,438.20711554309247,1038.4804318030676,0.5,0.5
2020-02-10,2020,mean_sediment_flux_kg_s,exclude_2016_2017,428.71967199350746,1085.936472262368,0.5,0.5
2020-02-11,2020,mean_sediment_flux_kg_s,exclude_2016_2017,350.7092265737105,1130.4868461253147,0.5,0.5
2020-02-12,2020,mean_sediment_flux_kg_s,exclude_2016_2017,301.5616701987732,1172.2933581251764,0.5,0.5
2020-02-13,2020,mean_sediment_flux_kg_s,exclude_2016_2017,258.7947209432625,1210.5994948599946,0.5,0.5
2020-02-14,2020,mean_sediment_flux_kg_s,exclude_2016_2017,231.67575496092948,1246.9820572851727,0.5,0.5
2020-02-15,2020,mean_sediment_flux_kg_s,exclude_2016_2017,297.396187622446,1279.3132301267049,0.5,0.5
2020-02-16,2020,mean_sediment_flux_kg_s,exclude_2016_2017,340.6954025018716,1303.960219024968,0.5,0.5
2020-02-17,2020,mean_sediment_flux_kg_s,exclude_2016_2017,359.2642717659698,1326.262500006931,0.5,0.5
2020-02-18,2020,mean_sediment_flux_kg_s,exclude_2016_2017,318.4197596793477,1346.429218539727,0.5,0.5
2020-02-19,2020,mean_sediment_flux_kg_s,exclude_2016_2017,433.5700999884357,1362.4021187980193,0.5,0.5
2020-02-20,2020,mean_sediment_flux_kg_s,exclude_2016_2017,523.8690276241466,1373.887532152372,0.5,0.5
2020-02-21,2020,mean_sediment_flux_kg_s,exclude_2016_2017,407.1517902988601,1381.8883448001584,0.5,0.5
2020-02-22,2020,mean_sediment_flux_kg_s,exclude_2016_2017,400.0169398178771,1386.6109293754257,0.5,0.5
2020-02-23,2020,mean_sediment_flux_kg_s,exclude_2016_2017,464.5967364772605,1390.7213097881172,0.5,0.5
2020-02-24,2020,mean_sediment_flux_kg_s,exclude_2016_2017,409.4518492341358,1397.6373556925105,0.5,0.5
2020-02-25,2020,mean_sediment_flux_kg_s,exclude_2016_2017,763.5790825043773,1406.6383074129362,0.5,0.5
2020-02-26,2020,mean_sediment_flux_kg_s,exclude_2016_2017,861.0374193762428,1417.7031094834415,0.5,0.5
2020-02-27,2020,mean_sediment_flux_kg_s,exclude_2016_2017,931.5284607644084,1429.7649839502772,0.5,0.5
2020-02-28,2020,mean_sediment_flux_kg_s,exclude_2016_2017,608.0354751695351,1448.006706701192,0.5,0.5
2020-02-29,2020,mean_sediment_flux_kg_s,exclude_2016_2017,646.8821192108404,1471.4203633776285,0.5,0.5
2020-03-01,2020,mean_sediment_flux_kg_s,exclude_2016_2017,1298.2471737249812,1500.3461104013593,0.5,0.5
2020-03-02,2020,mean_sediment_flux_kg_s,exclude_2016_2017,1394.9909740689247,1534.8387810529516,0.5,0.5
2020-03-03,2020,mean_sediment_flux_kg_s,exclude_2016_2017,1477.0915313852176,1572.0331286712253,0.5,0.5
2020-03-04,2020,mean_sediment_flux_kg_s,exclude_2016_2017,1605.309601738579,1614.7705850026828,0.5,0.5
2020-03-05,2020,mean_sediment_flux_kg_s,exclude_2016_2017,1906.667611352231,1660.214629152063,0.5,0.5
2020-03-06,2020,mean_sediment_flux_kg_s,exclude_2016_2017,1583.453521699313,1707.6265523689447,0.5,0.5
2020-03-07,2020,mean_sediment_flux_kg_s,exclude_2016_2017,1434.3030815679904,1766.6855378319656,0.5,0.5
2020-03-08,2020,mean_sediment_flux_kg_s,exclude_2016_2017,1360.75084402501,1832.7876446094615,0.5,0.5
2020-03-09,2020,mean_sediment_flux_kg_s,exclude_2016_2017,1173.2854800401865,1905.5039059774244,0.5,0.5
2020-03-10,2020,mean_sediment_flux_kg_s,exclude_2016_2017,1520.9440806103448,1985.934571904394,0.5,0.5
2020-03-11,2020,mean_sediment_flux_kg_s,exclude_2016_2017,1253.3432267034252,2069.5688892601493,0.5,0.5
2020-03-12,2020,mean_sediment_flux_kg_s,exclude_2016_2017,1062.0326485718494,2157.3315999963324,0.5,0.5
2020-03-13,2020,mean_sediment_flux_kg_s,exclude_2016_2017,1138.4150597560197,2249.347522742789,0.5,0.5
2020-03-14,2020,mean_sediment_flux_kg_s,exclude_2016_2017,993.3653077831144,2344.5225212460873,0.5,0.5
2020-03-15,2020,mean_sediment_flux_kg_s,exclude_2016_2017,996.8951885301512,2442.343390676915,0.5,0.5
2020-03-16,2020,mean_sediment_flux_kg_s,exclude_2016_2017,1003.455463327192,2541.202029756942,0.5,0.5
2020-03-17,2020,mean_sediment_flux_kg_s,exclude_2016_2017,1128.7792232862312,2644.4526122156085,0.5,0.5
2020-03-18,2020,mean_sediment_flux_kg_s,exclude_2016_2017,979.6527820142746,2751.842595753205,0.5,0.5
2020-03-19,2020,mean_sediment_flux_kg_s,exclude_2016_2017,1057.3094468093882,2858.056509386781,0.5,0.5
2020-03-20,2020,mean_sediment_flux_kg_s,exclude_2016_2017,973.5626822910648,2970.823547041824,0.5,0.5
2020-03-21,2020,mean_sediment_flux_kg_s,exclude_2016_2017,997.3971187268444,3088.458903938422,0.5,0.5
2020-03-22,2020,mean_sediment_flux_kg_s,exclude_2016_2017,1083.9595937574836,3211.2141139058385,0.5,0.5
2020-03-23,2020,mean_sediment_flux_kg_s,exclude_2016_2017,1778.5902846426134,3336.628337684795,0.5,0.5
2020-03-24,2020,mean_sediment_flux_kg_s,exclude_2016_2017,2627.2834174805416,3462.1386692071846,0.5,0.5
2020-03-25,2020,mean_sediment_flux_kg_s,exclude_2016_2017,3004.337602158509,3585.1443244126267,0.5,0.5
2020-03-26,2020,mean_sediment_flux_kg_s,exclude_2016_2017,2946.587247410582,3702.046650195746,0.5,0.5
2020-03-27,2020,mean_sediment_flux_kg_s,exclude_2016_2017,3194.4987890140105,3814.881758356371,0.5,0.5
2020-03-28,2020,mean_sediment_flux_kg_s,exclude_2016_2017,3605.748063756837,3924.5803609229633,0.5,0.5
2020-03-29,2020,mean_sediment_flux_kg_s,exclude_2016_2017,3106.8749214526338,4031.8313512729583,0.5,0.5
2020-03-30,2020,mean_sediment_flux_kg_s,exclude_2016_2017,3460.628201142914,4131.02058777578,0.5,0.5
2020-03-31,2020,mean_sediment_flux_kg_s,exclude_2016_2017,3773.642345858722,4223.482638406045,0.5,0.5
2020-04-01,2020,mean_sediment_flux_kg_s,exclude_2016_2017,3367.996286471662,4306.819763857417,0.5,0.5
2020-04-02,2020,mean_sediment_flux_kg_s,exclude_2016_2017,3916.7690985546974,4380.357647548752,0.5,0.5
2020-04-03,2020,mean_sediment_flux_kg_s,exclude_2016_2017,3306.641715029043,4442.60080522469,0.5,0.5
2020-04-04,2020,mean_sediment_flux_kg_s,exclude_2016_2017,2961.843872683205,4491.847174665041,0.5,0.5
2020-04-05,2020,mean_sediment_flux_kg_s,exclude_2016_2017,3248.2809616661984,4525.153272904943,0.5,0.5
2020-04-06,2020,mean_sediment_flux_kg_s,exclude_2016_2017,2426.4303313346395,4544.915275894455,0.5,0.5
2020-04-07,2020,mean_sediment_flux_kg_s,exclude_2016_2017,2200.4452298973115,4555.76400033975,0.5,0.5
2020-04-08,2020,mean_sediment_flux_kg_s,exclude_2016_2017,2252.9565868695618,4560.3862676058325,0.5,0.5
2020-04-09,2020,mean_sediment_flux_kg_s,exclude_2016_2017,2062.286273747543,4557.685459336497,0.5,0.5
2020-04-10,2020,mean_sediment_flux_kg_s,exclude_2016_2017,3113.41568247662,4549.416341056309,0.5,0.5
2020-04-11,2020,mean_sediment_flux_kg_s,exclude_2016_2017,4728.992384199145,4538.863031602466,0.5,0.5
2020-04-12,2020,mean_sediment_flux_kg_s,exclude_2016_2017,6169.184366299257,4522.0543662970895,0.5,0.5
2020-04-13,2020,mean_sediment_flux_kg_s,exclude_2016_2017,6933.9933680428285,4501.060270893119,0.5,0.5
2020-04-14,2020,mean_sediment_flux_kg_s,exclude_2016_2017,7239.270296272601,4476.63095833128,0.5,0.5
2020-04-15,2020,mean_sediment_flux_kg_s,exclude_2016_2017,7263.81421632105,4452.393830951747,0.5,0.5
2020-04-16,2020,mean_sediment_flux_kg_s,exclude_2016_2017,5897.429990740454,4428.470212040633,0.5,0.5
2020-04-17,2020,mean_sediment_flux_kg_s,exclude_2016_2017,6692.712943503014,4405.73772859942,0.5,0.5
2020-04-18,2020,mean_sediment_flux_kg_s,exclude_2016_2017,6200.974950546827,4388.793447549753,0.5,0.5
2020-04-19,2020,mean_sediment_flux_kg_s,exclude_2016_2017,6614.329240365692,4376.913304231178,0.5,0.5
2020-04-20,2020,mean_sediment_flux_kg_s,exclude_2016_2017,7661.656918005979,4365.538570431415,0.5,0.5
2020-04-21,2020,mean_sediment_flux_kg_s,exclude_2016_2017,8047.348934120498,4362.907612959776,0.5,0.5
2020-04-22,2020,mean_sediment_flux_kg_s,exclude_2016_2017,9611.945255844395,4365.989475427097,0.5,0.5
2020-04-23,2020,mean_sediment_flux_kg_s,exclude_2016_2017,11790.743647326004,4373.020605114156,0.5,0.5
2020-04-24,2020,mean_sediment_flux_kg_s,exclude_2016_2017,13847.691403840765,4382.297230095883,0.5,0.5
2020-04-25,2020,mean_sediment_flux_kg_s,exclude_2016_2017,13530.195825855508,4391.730495886332,0.5,0.5
2020-04-26,2020,mean_sediment_flux_kg_s,exclude_2016_2017,12620.10989583192,4407.112260724458,0.5,0.5
2020-04-27,2020,mean_sediment_flux_kg_s,exclude_2016_2017,12663.539691392863,4428.151199998455,0.5,0.5
2020-04-28,2020,mean_sediment_flux_kg_s,exclude_2016_2017,11527.788634235369,4453.354081974414,0.5,0.5
2020-04-29,2020,mean_sediment_flux_kg_s,exclude_2016_2017,8828.64217096352,4479.195164005379,0.5,0.5
2020-04-30,2020,mean_sediment_flux_kg_s,exclude_2016_2017,7201.237432604459,4509.500522511054,0.5,0.5
2020-05-01,2020,mean_sediment_flux_kg_s,exclude_2016_2017,6341.064860315025,4543.116475386227,0.5,0.5
2020-05-02,2020,mean_sediment_flux_kg_s,exclude_2016_2017,5890.830455891697,4582.367174312075,0.5,0.5
2020-05-03,2020,mean_sediment_flux_kg_s,exclude_2016_2017,6129.069755637818,4628.0655991804015,0.5,0.5
2020-05-04,2020,mean_sediment_flux_kg_s,exclude_2016_2017,5461.8538474340885,4679.92248008802,0.5,0.5
2020-05-05,2020,mean_sediment_flux_kg_s,exclude_2016_2017,5994.746236841015,4735.447595253116,0.5,0.5
2020-05-06,2020,mean_sediment_flux_kg_s,exclude_2016_2017,6408.147986034434,4795.232661876216,0.5,0.5
2020-05-07,2020,mean_sediment_flux_kg_s,exclude_2016_2017,6030.265753895847,4855.652863490208,0.5,0.5
2020-05-08,2020,mean_sediment_flux_kg_s,exclude_2016_2017,6490.598619115178,4919.301801073338,0.5,0.5
2020-05-09,2020,mean_sediment_flux_kg_s,exclude_2016_2017,7334.3940558828,4985.644093574378,0.5,0.5
2020-05-10,2020,mean_sediment_flux_kg_s,exclude_2016_2017,6777.742477318174,5066.211173458116,0.5,0.5
2020-05-11,2020,mean_sediment_flux_kg_s,exclude_2016_2017,6388.746772108158,5160.183361738496,0.5,0.5
2020-05-12,2020,mean_sediment_flux_kg_s,exclude_2016_2017,6035.936605118465,5263.110130659481,0.5,0.5
2020-05-13,2020,mean_sediment_flux_kg_s,exclude_2016_2017,5570.963008204456,5378.612096416868,0.5,0.5
2020-05-14,2020,mean_sediment_flux_kg_s,exclude_2016_2017,4566.994989359498,5500.941987236751,0.5,0.5
2020-05-15,2020,mean_sediment_flux_kg_s,exclude_2016_2017,5046.259706944609,5634.443734874057,0.5,0.5
2020-05-16,2020,mean_sediment_flux_kg_s,exclude_2016_2017,4620.673661232108,5773.651441321979,0.5,0.5
2020-05-17,2020,mean_sediment_flux_kg_s,exclude_2016_2017,4800.043058701377,5914.1370464311085,0.5,0.5
2020-05-18,2020,mean_sediment_flux_kg_s,exclude_2016_2017,4803.829024657904,6054.659618175363,0.5,0.5
2020-05-19,2020,mean_sediment_flux_kg_s,exclude_2016_2017,4460.889592254084,6196.763876843709,0.5,0.5
2020-05-20,2020,mean_sediment_flux_kg_s,exclude_2016_2017,4596.342492520365,6340.107975904119,0.5,0.5
2020-05-21,2020,mean_sediment_flux_kg_s,exclude_2016_2017,4429.220555360121,6485.05845570109,0.5,0.5
2020-05-22,2020,mean_sediment_flux_kg_s,exclude_2016_2017,4479.862824857241,6622.579450915771,0.5,0.5
2020-05-23,2020,mean_sediment_flux_kg_s,exclude_2016_2017,4524.004949514826,6750.626504655254,0.5,0.5
2020-05-24,2020,mean_sediment_flux_kg_s,exclude_2016_2017,3330.9119889724784,6864.933961858556,0.5,0.5
2020-05-25,2020,mean_sediment_flux_kg_s,exclude_2016_2017,2920.3286228741613,6979.468728894144,0.5,0.5
2020-05-26,2020,mean_sediment_flux_kg_s,exclude_2016_2017,2770.204674013845,7088.334531900222,0.5,0.5
2020-05-27,2020,mean_sediment_flux_kg_s,exclude_2016_2017,2608.3758284032115,7173.328257068641,0.5,0.5
2020-05-28,2020,mean_sediment_flux_kg_s,exclude_2016_2017,2509.4621367740515,7239.235991811232,0.5,0.5
2020-05-29,2020,mean_sediment_flux_kg_s,exclude_2016_2017,2769.049728879287,7284.8121713617875,0.5,0.5
2020-05-30,2020,mean_sediment_flux_kg_s,exclude_2016_2017,2603.7956978508355,7312.417307542474,0.5,0.5
2020-05-31,2020,mean_sediment_flux_kg_s,exclude_2016_2017,3070.5282054068552,7321.481771658917,0.5,0.5
2020-06-01,2020,mean_sediment_flux_kg_s,exclude_2016_2017,3114.276878649391,7311.211067770034,0.5,0.5
2020-06-02,2020,mean_sediment_flux_kg_s,exclude_2016_2017,3225.2148004799674,7287.180425256347,0.5,0.5
2020-06-03,2020,mean_sediment_flux_kg_s,exclude_2016_2017,3337.928952020686,7247.188566644656,0.5,0.5
2020-06-04,2020,mean_sediment_flux_kg_s,exclude_2016_2017,3012.3986620308315,7198.929133526678,0.5,0.5
2020-06-05,2020,mean_sediment_flux_kg_s,exclude_2016_2017,2787.5807768498685,7142.613262551031,0.5,0.5
2020-06-06,2020,mean_sediment_flux_kg_s,exclude_2016_2017,2243.578666832412,7085.640138777468,0.5,0.5
2020-06-07,2020,mean_sediment_flux_kg_s,exclude_2016_2017,2023.1447200700384,7062.57658074565,0.5,0.5
2020-06-08,2020,mean_sediment_flux_kg_s,exclude_2016_2017,1929.168360267038,7106.375295354862,0.5,0.5
2020-06-09,2020,mean_sediment_flux_kg_s,exclude_2016_2017,1991.2796605005203,7211.876938896336,0.5,0.5
2020-06-10,2020,mean_sediment_flux_kg_s,exclude_2016_2017,1980.1577403481588,7348.491760827301,0.5,0.5
2020-06-11,2020,mean_sediment_flux_kg_s,exclude_2016_2017,1991.609071789779,7529.811542993522,0.5,0.5
2020-06-12,2020,mean_sediment_flux_kg_s,exclude_2016_2017,2385.4400879237687,7775.588290206004,0.5,0.5
2020-06-13,2020,mean_sediment_flux_kg_s,exclude_2016_2017,2560.920717469324,8089.465872534605,0.5,0.5
2020-06-14,2020,mean_sediment_flux_kg_s,exclude_2016_2017,2638.2282498878644,8482.589343280642,0.5,0.5
2020-06-15,2020,mean_sediment_flux_kg_s,exclude_2016_2017,3795.414119711735,8940.399646324822,0.5,0.5
2020-06-16,2020,mean_sediment_flux_kg_s,exclude_2016_2017,6064.516113358881,9460.668417635432,0.5,0.5
2020-06-17,2020,mean_sediment_flux_kg_s,exclude_2016_2017,10834.207143525413,10055.843099297233,0.5,0.5
2020-06-18,2020,mean_sediment_flux_kg_s,exclude_2016_2017,19618.67630766344,10724.123840852719,0.5,0.5
2020-06-19,2020,mean_sediment_flux_kg_s,exclude_2016_2017,18916.055003412315,11460.288283973718,0.5,0.5
2020-06-20,2020,mean_sediment_flux_kg_s,exclude_2016_2017,15054.481780179523,12293.365000580807,0.5,0.5
2020-06-21,2020,mean_sediment_flux_kg_s,exclude_2016_2017,14810.69290823008,13179.87931600595,0.5,0.5
2020-06-22,2020,mean_sediment_flux_kg_s,exclude_2016_2017,14990.804104544795,14104.42953587139,0.5,0.5
2020-06-23,2020,mean_sediment_flux_kg_s,exclude_2016_2017,15877.378392571169,15104.233224780917,0.5,0.5
2020-06-24,2020,mean_sediment_flux_kg_s,exclude_2016_2017,16452.000622793155,16152.475960105523,0.5,0.5
2020-06-25,2020,mean_sediment_flux_kg_s,exclude_2016_2017,16229.011035920934,17203.455154599305,0.5,0.5
2020-06-26,2020,mean_sediment_flux_kg_s,exclude_2016_2017,34018.7711459529,18239.501618354156,0.5,0.5
2020-06-27,2020,mean_sediment_flux_kg_s,exclude_2016_2017,50371.95010713139,19285.283130812306,0.5,0.5
2020-06-28,2020,mean_sediment_flux_kg_s,exclude_2016_2017,43279.46791170117,20309.436595175714,0.5,0.5
2020-06-29,2020,mean_sediment_flux_kg_s,exclude_2016_2017,38928.921798298645,21355.382082605836,0.5,0.5
2020-06-30,2020,mean_sediment_flux_kg_s,exclude_2016_2017,34675.41211363751,22383.71477491511,0.5,0.5
2020-07-01,2020,mean_sediment_flux_kg_s,exclude_2016_2017,30754.39805342688,23398.603869988547,0.5,0.5
2020-07-02,2020,mean_sediment_flux_kg_s,exclude_2016_2017,30025.198077946727,24474.598007963526,0.5,0.5
2020-07-03,2020,mean_sediment_flux_kg_s,exclude_2016_2017,32422.690501368637,25612.203391516166,0.5,0.5
2020-07-04,2020,mean_sediment_flux_kg_s,exclude_2016_2017,35024.238880110795,26739.61037164441,0.5,0.5
2020-07-05,2020,mean_sediment_flux_kg_s,exclude_2016_2017,38166.45657286984,27867.173631300826,0.5,0.5
2020-07-06,2020,mean_sediment_flux_kg_s,exclude_2016_2017,37655.834565753896,29003.38218827107,0.5,0.5
2020-07-07,2020,mean_sediment_flux_kg_s,exclude_2016_2017,38134.16478205773,30105.308066539066,0.5,0.5
2020-07-08,2020,mean_sediment_flux_kg_s,exclude_2016_2017,38041.83790968735,31168.4653223543,0.5,0.5
2020-07-09,2020,mean_sediment_flux_kg_s,exclude_2016_2017,36166.78854060414,32160.530817370625,0.5,0.5
2020-07-10,2020,mean_sediment_flux_kg_s,exclude_2016_2017,35511.851053941675,33123.019271541496,0.5,0.5
2020-07-11,2020,mean_sediment_flux_kg_s,exclude_2016_2017,36813.29642737375,34110.039211292526,0.5,0.5
2020-07-12,2020,mean_sediment_flux_kg_s,exclude_2016_2017,31197.85071430811,35067.00303613913,0.5,0.5
2020-07-13,2020,mean_sediment_flux_kg_s,exclude_2016_2017,17398.010345881004,35880.594282360405,0.5,0.5
2020-07-14,2020,mean_sediment_flux_kg_s,exclude_2016_2017,16427.511322602095,36547.50509982669,0.5,0.5
2020-07-15,2020,mean_sediment_flux_kg_s,exclude_2016_2017,18752.638555981463,37055.26154253527,0.5,0.5
2020-07-16,2020,mean_sediment_flux_kg_s,exclude_2016_2017,20557.182190587333,37460.970724119245,0.5,0.5
2020-07-17,2020,mean_sediment_flux_kg_s,exclude_2016_2017,17583.613094956072,37697.380418400295,0.5,0.5
2020-07-18,2020,mean_sediment_flux_kg_s,exclude_2016_2017,18517.467869404205,37660.59480717906,0.5,0.5
2020-07-19,2020,mean_sediment_flux_kg_s,exclude_2016_2017,20730.323966759664,37288.54763974297,0.5,0.5
2020-07-20,2020,mean_sediment_flux_kg_s,exclude_2016_2017,19850.80177469152,36679.36705053999,0.5,0.5
2020-07-21,2020,mean_sediment_flux_kg_s,exclude_2016_2017,20682.53677977326,35784.29385116716,0.5,0.5
2020-07-22,2020,mean_sediment_flux_kg_s,exclude_2016_2017,23144.826186622504,34844.87226118566,0.5,0.5
2020-07-23,2020,mean_sediment_flux_kg_s,exclude_2016_2017,26587.79778382463,33938.15281645048,0.5,0.5
2020-07-24,2020,mean_sediment_flux_kg_s,exclude_2016_2017,29523.30367039578,32904.64584881972,0.5,0.5
2020-07-25,2020,mean_sediment_flux_kg_s,exclude_2016_2017,42054.13128006834,31787.931656710127,0.5,0.5
2020-07-26,2020,mean_sediment_flux_kg_s,exclude_2016_2017,46836.58800972679,30647.636221510056,0.5,0.5
2020-07-27,2020,mean_sediment_flux_kg_s,exclude_2016_2017,25723.319373313523,29392.711393734055,0.5,0.5
2020-07-28,2020,mean_sediment_flux_kg_s,exclude_2016_2017,30359.66796408868,28086.309667201192,0.5,0.5
2020-07-29,2020,mean_sediment_flux_kg_s,exclude_2016_2017,34517.84473048132,26833.602195377665,0.5,0.5
2020-07-30,2020,mean_sediment_flux_kg_s,exclude_2016_2017,39586.77631152493,25578.041874215316,0.5,0.5
2020-07-31,2020,mean_sediment_flux_kg_s,exclude_2016_2017,48165.07761268376,24301.74583290503,0.5,0.5
2020-08-01,2020,mean_sediment_flux_kg_s,exclude_2016_2017,39674.39085278138,23070.515934525793,0.5,0.5
2020-08-02,2020,mean_sediment_flux_kg_s,exclude_2016_2017,37685.96229579278,21829.40210562813,0.5,0.5
2020-08-03,2020,mean_sediment_flux_kg_s,exclude_2016_2017,39109.00762089669,20620.57223054617,0.5,0.5
2020-08-04,2020,mean_sediment_flux_kg_s,exclude_2016_2017,35653.18146120718,19493.36854927464,0.5,0.5
2020-08-05,2020,mean_sediment_flux_kg_s,exclude_2016_2017,41744.61103566608,18421.6763168186,0.5,0.5
2020-08-06,2020,mean_sediment_flux_kg_s,exclude_2016_2017,44344.2728159056,17372.594750381308,0.5,0.5
2020-08-07,2020,mean_sediment_flux_kg_s,exclude_2016_2017,44822.85561702511,16346.620674680475,0.5,0.5
2020-08-08,2020,mean_sediment_flux_kg_s,exclude_2016_2017,28543.592103133185,15345.700465025693,0.5,0.5
2020-08-09,2020,mean_sediment_flux_kg_s,exclude_2016_2017,15974.843737504609,14396.564714009826,0.5,0.5
2020-08-10,2020,mean_sediment_flux_kg_s,exclude_2016_2017,21050.22715952024,13454.800908682559,0.5,0.5
2020-08-11,2020,mean_sediment_flux_kg_s,exclude_2016_2017,24677.297205166844,12538.029304225221,0.5,0.5
2020-08-12,2020,mean_sediment_flux_kg_s,exclude_2016_2017,28244.12332407205,11673.161743787636,0.5,0.5
2020-08-13,2020,mean_sediment_flux_kg_s,exclude_2016_2017,26894.243312709867,10903.145206581317,0.5,0.5
2020-08-14,2020,mean_sediment_flux_kg_s,exclude_2016_2017,39964.214173417706,10193.498375938974,0.5,0.5
2020-08-15,2020,mean_sediment_flux_kg_s,exclude_2016_2017,52100.248529430326,9526.23634196023,0.5,0.5
2020-08-16,2020,mean_sediment_flux_kg_s,exclude_2016_2017,56177.57694563304,8890.339378508495,0.5,0.5
2020-08-17,2020,mean_sediment_flux_kg_s,exclude_2016_2017,30086.049544716603,8322.106421463373,0.5,0.5
2020-08-18,2020,mean_sediment_flux_kg_s,exclude_2016_2017,16036.363485944044,7856.020996195401,0.5,0.5
2020-08-19,2020,mean_sediment_flux_kg_s,exclude_2016_2017,18344.63653927224,7508.356090768455,0.5,0.5
2020-08-20,2020,mean_sediment_flux_kg_s,exclude_2016_2017,22675.3621367649,7209.702814018559,0.5,0.5
2020-08-21,2020,mean_sediment_flux_kg_s,exclude_2016_2017,26565.56425142375,6963.360009434162,0.5,0.5
2020-08-22,2020,mean_sediment_flux_kg_s,exclude_2016_2017,53843.51250823276,6717.192870854852,0.5,0.5
2020-08-23,2020,mean_sediment_flux_kg_s,exclude_2016_2017,76914.54061375411,6441.021449192131,0.5,0.5
2020-08-24,2020,mean_sediment_flux_kg_s,exclude_2016_2017,66918.88329977963,6225.75843978987,0.5,0.5
2020-08-25,2020,mean_sediment_flux_kg_s,exclude_2016_2017,56524.885038444,6077.753687374059,0.5,0.5
2020-08-26,2020,mean_sediment_flux_kg_s,exclude_2016_2017,52104.6414618259,5977.284071025813,0.5,0.5
2020-08-27,2020,mean_sediment_flux_kg_s,exclude_2016_2017,51731.12243838852,5967.340266062633,0.5,0.5
2020-08-28,2020,mean_sediment_flux_kg_s,exclude_2016_2017,52176.33900207167,5962.203462333328,0.5,0.5
2020-08-29,2020,mean_sediment_flux_kg_s,exclude_2016_2017,51932.57053406388,5934.055978241826,0.5,0.5
2020-08-30,2020,mean_sediment_flux_kg_s,exclude_2016_2017,52759.9177261999,5909.95092251835,0.5,0.5
2020-08-31,2020,mean_sediment_flux_kg_s,exclude_2016_2017,53144.16298118262,5998.402140309697,0.5,0.5
2020-09-01,2020,mean_sediment_flux_kg_s,exclude_2016_2017,53257.77279707394,6169.769990060649,0.5,0.5
2020-09-02,2020,mean_sediment_flux_kg_s,exclude_2016_2017,53312.27140842463,6432.54309254494,0.5,0.5
2020-09-03,2020,mean_sediment_flux_kg_s,exclude_2016_2017,53326.12326298677,6778.110746335187,0.5,0.5
2020-09-04,2020,mean_sediment_flux_kg_s,exclude_2016_2017,51728.673730982606,7202.611099581985,0.5,0.5
2020-09-05,2020,mean_sediment_flux_kg_s,exclude_2016_2017,51459.05153543203,7736.14854326227,0.5,0.5
2020-09-06,2020,mean_sediment_flux_kg_s,exclude_2016_2017,49649.67704938864,8408.232149850111,0.5,0.5
2020-09-07,2020,mean_sediment_flux_kg_s,exclude_2016_2017,50589.51325808612,9229.470947865055,0.5,0.5
2020-09-08,2020,mean_sediment_flux_kg_s,exclude_2016_2017,49551.932290102406,10145.339826117193,0.5,0.5
2020-09-09,2020,mean_sediment_flux_kg_s,exclude_2016_2017,45358.57398906397,11144.255291363235,0.5,0.5
2020-09-10,2020,mean_sediment_flux_kg_s,exclude_2016_2017,25302.29763664829,12271.073621148817,0.5,0.5
2020-09-11,2020,mean_sediment_flux_kg_s,exclude_2016_2017,11585.35480810544,13496.375012069555,0.5,0.5
2020-09-12,2020,mean_sediment_flux_kg_s,exclude_2016_2017,8630.108069757443,14870.932654231457,0.5,0.5
2020-09-13,2020,mean_sediment_flux_kg_s,exclude_2016_2017,10751.207034516348,16329.513340066123,0.5,0.5
2020-09-14,2020,mean_sediment_flux_kg_s,exclude_2016_2017,12054.407652864456,17859.856368335597,0.5,0.5
2020-09-15,2020,mean_sediment_flux_kg_s,exclude_2016_2017,11381.878304568272,19413.75802192587,0.5,0.5
2020-09-16,2020,mean_sediment_flux_kg_s,exclude_2016_2017,11954.14878852552,20916.70606607332,0.5,0.5
2020-09-17,2020,mean_sediment_flux_kg_s,exclude_2016_2017,11984.073468746188,22340.710881528474,0.5,0.5
2020-09-18,2020,mean_sediment_flux_kg_s,exclude_2016_2017,12023.591630796836,23617.28068983789,0.5,0.5
2020-09-19,2020,mean_sediment_flux_kg_s,exclude_2016_2017,11417.054629740742,24664.301257673535,0.5,0.5
2020-09-20,2020,mean_sediment_flux_kg_s,exclude_2016_2017,12476.310817160367,25523.796484406637,0.5,0.5
2020-09-21,2020,mean_sediment_flux_kg_s,exclude_2016_2017,12757.710920897329,26157.43555626113,0.5,0.5
2020-09-22,2020,mean_sediment_flux_kg_s,exclude_2016_2017,12019.06802632335,26527.7761341991,0.5,0.5
2020-09-23,2020,mean_sediment_flux_kg_s,exclude_2016_2017,11583.974226148232,26633.953651593212,0.5,0.5
2020-09-24,2020,mean_sediment_flux_kg_s,exclude_2016_2017,10246.11288060802,26500.40127140932,0.5,0.5
2020-09-25,2020,mean_sediment_flux_kg_s,exclude_2016_2017,9907.565164590747,26189.028168247263,0.5,0.5
2020-09-26,2020,mean_sediment_flux_kg_s,exclude_2016_2017,9713.792557342122,25696.05849493118,0.5,0.5
2020-09-27,2020,mean_sediment_flux_kg_s,exclude_2016_2017,10262.842799642338,25029.690664615788,0.5,0.5
2020-09-28,2020,mean_sediment_flux_kg_s,exclude_2016_2017,9975.494184222143,24243.737501036136,0.5,0.5
2020-09-29,2020,mean_sediment_flux_kg_s,exclude_2016_2017,9768.261374966767,23378.4561022145,0.5,0.5
2020-09-30,2020,mean_sediment_flux_kg_s,exclude_2016_2017,9732.245002335789,22448.38819193789,0.5,0.5
2020-10-01,2020,mean_sediment_flux_kg_s,exclude_2016_2017,9174.833554781137,21422.44968748037,0.5,0.5
2020-10-02,2020,mean_sediment_flux_kg_s,exclude_2016_2017,8619.755011855688,20383.211193359042,0.5,0.5
2020-10-03,2020,mean_sediment_flux_kg_s,exclude_2016_2017,9012.574978361672,19371.851364729213,0.5,0.5
2020-10-04,2020,mean_sediment_flux_kg_s,exclude_2016_2017,19829.826474058205,18425.579107399004,0.5,0.5
2020-10-05,2020,mean_sediment_flux_kg_s,exclude_2016_2017,32564.639559713018,17554.58537668368,0.5,0.5
2020-10-06,2020,mean_sediment_flux_kg_s,exclude_2016_2017,31574.848279904672,16721.80765475671,0.5,0.5
2020-10-07,2020,mean_sediment_flux_kg_s,exclude_2016_2017,27997.856411073222,15920.228244337857,0.5,0.5
2020-10-08,2020,mean_sediment_flux_kg_s,exclude_2016_2017,27382.989629138687,15156.386911373787,0.5,0.5
2020-10-09,2020,mean_sediment_flux_kg_s,exclude_2016_2017,25816.08414180072,14445.805673274022,0.5,0.5
2020-10-10,2020,mean_sediment_flux_kg_s,exclude_2016_2017,26304.63248761148,13783.804173815624,0.5,0.5
2020-10-11,2020,mean_sediment_flux_kg_s,exclude_2016_2017,26431.72664490804,13147.008452268306,0.5,0.5
2020-10-12,2020,mean_sediment_flux_kg_s,exclude_2016_2017,27098.753820227208,12513.12888934101,0.5,0.5
2020-10-13,2020,mean_sediment_flux_kg_s,exclude_2016_2017,14991.31418107208,11824.117894398598,0.5,0.5
2020-10-14,2020,mean_sediment_flux_kg_s,exclude_2016_2017,9895.92411425556,11139.561729016179,0.5,0.5
2020-10-15,2020,mean_sediment_flux_kg_s,exclude_2016_2017,8877.901783259225,10453.406437661706,0.5,0.5
2020-10-16,2020,mean_sediment_flux_kg_s,exclude_2016_2017,8209.759870703369,9784.961787593511,0.5,0.5
2020-10-17,2020,mean_sediment_flux_kg_s,exclude_2016_2017,8201.567179186395,9137.602305654389,0.5,0.5
2020-10-18,2020,mean_sediment_flux_kg_s,exclude_2016_2017,6475.033559005562,8497.325567719807,0.5,0.5
2020-10-19,2020,mean_sediment_flux_kg_s,exclude_2016_2017,5316.1352252305705,7864.139604509292,0.5,0.5
2020-10-20,2020,mean_sediment_flux_kg_s,exclude_2016_2017,4287.806614259943,7243.968216493012,0.5,0.5
2020-10-21,2020,mean_sediment_flux_kg_s,exclude_2016_2017,4172.024439291119,6642.400404382968,0.5,0.5
2020-10-22,2020,mean_sediment_flux_kg_s,exclude_2016_2017,3860.195702254689,6071.467020151736,0.5,0.5
2020-10-23,2020,mean_sediment_flux_kg_s,exclude_2016_2017,3134.533630285072,5544.823869075632,0.5,0.5
2020-10-24,2020,mean_sediment_flux_kg_s,exclude_2016_2017,2428.7981210372604,5058.219585265817,0.5,0.5
2020-10-25,2020,mean_sediment_flux_kg_s,exclude_2016_2017,2381.774999243676,4606.100032531777,0.5,0.5
2020-10-26,2020,mean_sediment_flux_kg_s,exclude_2016_2017,2295.1500530806675,4172.697014098144,0.5,0.5
2020-10-27,2020,mean_sediment_flux_kg_s,exclude_2016_2017,2180.905837260252,3770.4299218131982,0.5,0.5
2020-10-28,2020,mean_sediment_flux_kg_s,exclude_2016_2017,2116.787727643936,3421.2301308717074,0.5,0.5
2020-10-29,2020,mean_sediment_flux_kg_s,exclude_2016_2017,2617.06230099688,3114.515001826723,0.5,0.5
2020-10-30,2020,mean_sediment_flux_kg_s,exclude_2016_2017,1978.0181571297896,2836.4068287411974,0.5,0.5
2020-10-31,2020,mean_sediment_flux_kg_s,exclude_2016_2017,2158.724667505035,2583.921211705145,0.5,0.5
2020-11-01,2020,mean_sediment_flux_kg_s,exclude_2016_2017,2011.7409634413,2357.6969244357724,0.5,0.5
2020-11-02,2020,mean_sediment_flux_kg_s,exclude_2016_2017,2079.5106031357245,2154.743912866561,0.5,0.5
2020-11-03,2020,mean_sediment_flux_kg_s,exclude_2016_2017,1776.269495105612,1980.2883627811232,0.5,0.5
2020-11-04,2020,mean_sediment_flux_kg_s,exclude_2016_2017,1546.0939367527935,1828.9304920295258,0.5,0.5
2020-11-05,2020,mean_sediment_flux_kg_s,exclude_2016_2017,1548.4804385883028,1703.5244460817999,0.5,0.5
2020-11-06,2020,mean_sediment_flux_kg_s,exclude_2016_2017,1456.5978843634286,1596.2656721385986,0.5,0.5
2020-11-07,2020,mean_sediment_flux_kg_s,exclude_2016_2017,1207.0081455461948,1502.8835057280119,0.5,0.5
2020-11-08,2020,mean_sediment_flux_kg_s,exclude_2016_2017,999.1631028303708,1414.2263682285175,0.5,0.5
2020-11-09,2020,mean_sediment_flux_kg_s,exclude_2016_2017,1099.3709049509298,1333.8780069874736,0.5,0.5
2020-11-10,2020,mean_sediment_flux_kg_s,exclude_2016_2017,1186.3715777216348,1258.1904283933932,0.5,0.5
2020-11-11,2020,mean_sediment_flux_kg_s,exclude_2016_2017,1173.2866411804955,1188.1371774522704,0.5,0.5
2020-11-12,2020,mean_sediment_flux_kg_s,exclude_2016_2017,1151.909313641301,1122.4480857938483,0.5,0.5
2020-11-13,2020,mean_sediment_flux_kg_s,exclude_2016_2017,1098.7878790024176,1060.7184355505256,0.5,0.5
2020-11-14,2020,mean_sediment_flux_kg_s,exclude_2016_2017,1117.372580072667,1003.541216852992,0.5,0.5
2020-11-15,2020,mean_sediment_flux_kg_s,exclude_2016_2017,1134.8156387344354,949.4750457048539,0.5,0.5
2020-11-16,2020,mean_sediment_flux_kg_s,exclude_2016_2017,1088.5174030304458,898.6231947895174,0.5,0.5
2020-11-17,2020,mean_sediment_flux_kg_s,exclude_2016_2017,1137.0488649783292,850.9977177804732,0.5,0.5
2020-11-18,2020,mean_sediment_flux_kg_s,exclude_2016_2017,1534.6708154418277,808.8504896068994,0.5,0.5
2020-11-19,2020,mean_sediment_flux_kg_s,exclude_2016_2017,1142.850343949539,771.8357911137646,0.5,0.5
2020-11-20,2020,mean_sediment_flux_kg_s,exclude_2016_2017,1273.5822090037268,738.4193587631523,0.5,0.5
2020-11-21,2020,mean_sediment_flux_kg_s,exclude_2016_2017,1285.959759367577,708.7339717095106,0.5,0.5
2020-11-22,2020,mean_sediment_flux_kg_s,exclude_2016_2017,7606.168105043977,682.4497710005261,0.5,0.5
2020-11-23,2020,mean_sediment_flux_kg_s,exclude_2016_2017,8380.153537767814,659.7551786145777,0.5,0.5
2020-11-24,2020,mean_sediment_flux_kg_s,exclude_2016_2017,1795.3277429540256,640.1411193257187,0.5,0.5
2020-11-25,2020,mean_sediment_flux_kg_s,exclude_2016_2017,709.9898811550089,623.2541149195274,0.5,0.5
2020-11-26,2020,mean_sediment_flux_kg_s,exclude_2016_2017,638.1760397902025,609.070139200903,0.5,0.5
2020-11-27,2020,mean_sediment_flux_kg_s,exclude_2016_2017,644.376520498833,597.6649940411068,0.5,0.5
2020-11-28,2020,mean_sediment_flux_kg_s,exclude_2016_2017,704.3405448862782,588.7314024068958,0.5,0.5
2020-11-29,2020,mean_sediment_flux_kg_s,exclude_2016_2017,775.0063084445709,582.1451797240557,0.5,0.5
2020-11-30,2020,mean_sediment_flux_kg_s,exclude_2016_2017,5370.641431829491,577.7588771257929,0.5,0.5
2020-12-01,2020,mean_sediment_flux_kg_s,exclude_2016_2017,2651.63465068407,574.1814688740947,0.5,0.5
2020-12-02,2020,mean_sediment_flux_kg_s,exclude_2016_2017,1299.9815122154553,571.438631044775,0.5,0.5
2020-12-03,2020,mean_sediment_flux_kg_s,exclude_2016_2017,1103.577070635081,568.9354352532284,0.5,0.5
2020-12-04,2020,mean_sediment_flux_kg_s,exclude_2016_2017,885.3627578301567,565.5373771143311,0.5,0.5
2020-12-05,2020,mean_sediment_flux_kg_s,exclude_2016_2017,1093.9688626844684,561.9727804776202,0.5,0.5
2020-12-06,2020,mean_sediment_flux_kg_s,exclude_2016_2017,1032.9286048006386,557.2973803447052,0.5,0.5
2020-12-07,2020,mean_sediment_flux_kg_s,exclude_2016_2017,985.5921234027008,551.688263311326,0.5,0.5
2020-12-08,2020,mean_sediment_flux_kg_s,exclude_2016_2017,811.8047858607993,544.8503038239143,0.5,0.5
2020-12-09,2020,mean_sediment_flux_kg_s,exclude_2016_2017,567.3620542421783,538.0867436182284,0.5,0.5
2020-12-10,2020,mean_sediment_flux_kg_s,exclude_2016_2017,792.4803974647224,529.2019009637061,0.5,0.5
2020-12-11,2020,mean_sediment_flux_kg_s,exclude_2016_2017,814.7232445417612,520.0144563305307,0.5,0.5
2020-12-12,2020,mean_sediment_flux_kg_s,exclude_2016_2017,584.4601969380515,511.20668308897837,0.5,0.5
2020-12-13,2020,mean_sediment_flux_kg_s,exclude_2016_2017,349.3075290740469,501.31329997899144,0.5,0.5
2020-12-14,2020,mean_sediment_flux_kg_s,exclude_2016_2017,234.86900452084407,491.319143494785,0.5,0.5
2020-12-15,2020,mean_sediment_flux_kg_s,exclude_2016_2017,207.75936223520628,481.59540610535663,0.5,0.5
2020-12-16,2020,mean_sediment_flux_kg_s,exclude_2016_2017,443.4538513743949,472.2012784675037,0.5,0.5
2020-12-17,2020,mean_sediment_flux_kg_s,exclude_2016_2017,1269.7906590463988,462.17858787741227,0.5,0.5
2020-12-18,2020,mean_sediment_flux_kg_s,exclude_2016_2017,1256.9423170991192,452.615382590046,0.5,0.5
2020-12-19,2020,mean_sediment_flux_kg_s,exclude_2016_2017,1270.8662119438104,443.0579585887075,0.5,0.5
2020-12-20,2020,mean_sediment_flux_kg_s,exclude_2016_2017,777.665208984875,434.39327145215304,0.5,0.5
2020-12-21,2020,mean_sediment_flux_kg_s,exclude_2016_2017,819.8306878825952,426.3049497831429,0.5,0.5
2020-12-22,2020,mean_sediment_flux_kg_s,exclude_2016_2017,840.1033285014055,418.8691347410373,0.5,0.5
2020-12-23,2020,mean_sediment_flux_kg_s,exclude_2016_2017,718.0963680163069,412.31222677124185,0.5,0.5
2020-12-24,2020,mean_sediment_flux_kg_s,exclude_2016_2017,708.8177417929008,405.90079136234215,0.5,0.5
2020-12-25,2020,mean_sediment_flux_kg_s,exclude_2016_2017,635.9754883336328,400.0452098711247,0.5,0.5
2020-12-26,2020,mean_sediment_flux_kg_s,exclude_2016_2017,656.2583378472475,394.6086058858416,0.5,0.5
2020-12-27,2020,mean_sediment_flux_kg_s,exclude_2016_2017,868.4338826146223,388.7093024283248,0.5,0.5
2020-12-28,2020,mean_sediment_flux_kg_s,exclude_2016_2017,634.5041268507449,382.2236659873272,0.5,0.5
2020-12-29,2020,mean_sediment_flux_kg_s,exclude_2016_2017,896.6478319751892,375.4360320139615,0.5,0.5
2020-12-30,2020,mean_sediment_flux_kg_s,exclude_2016_2017,1705.3815172133698,368.4649658938346,0.5,0.5
2020-12-31,2020,mean_sediment_flux_kg_s,exclude_2016_2017,1247.5977683169144,361.4929293631102,0.5,0.5
2021-01-01,2021,mean_sediment_flux_kg_s,exclude_2016_2017,765.9873503641285,533.6620513894909,0.5,0.5
2021-01-02,2021,mean_sediment_flux_kg_s,exclude_2016_2017,906.5493849344416,516.4742156937718,0.5,0.5
2021-01-03,2021,mean_sediment_flux_kg_s,exclude_2016_2017,717.8893664421979,499.45622907683236,0.5,0.5
2021-01-04,2021,mean_sediment_flux_kg_s,exclude_2016_2017,750.2697936300725,482.82408730203304,0.5,0.5
2021-01-05,2021,mean_sediment_flux_kg_s,exclude_2016_2017,507.3218322159309,467.60748011947885,0.5,0.5
2021-01-06,2021,mean_sediment_flux_kg_s,exclude_2016_2017,490.1849960638978,452.7311630354397,0.5,0.5
2021-01-07,2021,mean_sediment_flux_kg_s,exclude_2016_2017,399.99129949541685,438.5426090367,0.5,0.5
2021-01-08,2021,mean_sediment_flux_kg_s,exclude_2016_2017,437.4684043059608,425.1774767221816,0.5,0.5
2021-01-09,2021,mean_sediment_flux_kg_s,exclude_2016_2017,393.4507556012964,412.8821422901881,0.5,0.5
2021-01-10,2021,mean_sediment_flux_kg_s,exclude_2016_2017,518.1066885017304,401.93641957114227,0.5,0.5
2021-01-11,2021,mean_sediment_flux_kg_s,exclude_2016_2017,463.4832875802372,391.90570457793206,0.5,0.5
2021-01-12,2021,mean_sediment_flux_kg_s,exclude_2016_2017,457.72282573292176,382.3216345715748,0.5,0.5
2021-01-13,2021,mean_sediment_flux_kg_s,exclude_2016_2017,467.34038150934975,374.98008310497096,0.5,0.5
2021-01-14,2021,mean_sediment_flux_kg_s,exclude_2016_2017,470.9960483397378,368.0207852789225,0.5,0.5
2021-01-15,2021,mean_sediment_flux_kg_s,exclude_2016_2017,421.30533441238026,360.50103959922774,0.5,0.5
2021-01-16,2021,mean_sediment_flux_kg_s,exclude_2016_2017,363.3220432453515,357.17218625319293,0.5,0.5
2021-01-17,2021,mean_sediment_flux_kg_s,exclude_2016_2017,308.07751325495565,356.9731699357204,0.5,0.5
2021-01-18,2021,mean_sediment_flux_kg_s,exclude_2016_2017,298.0796293182121,358.1201102812114,0.5,0.5
2021-01-19,2021,mean_sediment_flux_kg_s,exclude_2016_2017,283.49616517871243,360.9273043788743,0.5,0.5
2021-01-20,2021,mean_sediment_flux_kg_s,exclude_2016_2017,271.6418217272084,364.8173317854945,0.5,0.5
2021-01-21,2021,mean_sediment_flux_kg_s,exclude_2016_2017,273.82352363739955,369.5185852440894,0.5,0.5
2021-01-22,2021,mean_sediment_flux_kg_s,exclude_2016_2017,257.77217456593,375.32552059050556,0.5,0.5
2021-01-23,2021,mean_sediment_flux_kg_s,exclude_2016_2017,251.73303210434108,382.53542015291094,0.5,0.5
2021-01-24,2021,mean_sediment_flux_kg_s,exclude_2016_2017,224.2674380230538,390.92146782614634,0.5,0.5
2021-01-25,2021,mean_sediment_flux_kg_s,exclude_2016_2017,195.64975851948583,401.46128442528504,0.5,0.5
2021-01-26,2021,mean_sediment_flux_kg_s,exclude_2016_2017,184.21291924781167,413.5452706133514,0.5,0.5
2021-01-27,2021,mean_sediment_flux_kg_s,exclude_2016_2017,178.37013525605448,427.9516602909987,0.5,0.5
2021-01-28,2021,mean_sediment_flux_kg_s,exclude_2016_2017,169.21880038607972,443.3966361834482,0.5,0.5
2021-01-29,2021,mean_sediment_flux_kg_s,exclude_2016_2017,158.33497607882,459.7024453683317,0.5,0.5
2021-01-30,2021,mean_sediment_flux_kg_s,exclude_2016_2017,157.8598918630995,476.5731802940205,0.5,0.5
2021-01-31,2021,mean_sediment_flux_kg_s,exclude_2016_2017,139.67696596717,494.09366334691435,0.5,0.5
2021-02-01,2021,mean_sediment_flux_kg_s,exclude_2016_2017,142.69472903704136,513.23435782913,0.5,0.5
2021-02-02,2021,mean_sediment_flux_kg_s,exclude_2016_2017,140.66243369881636,533.1426073937996,0.5,0.5
2021-02-03,2021,mean_sediment_flux_kg_s,exclude_2016_2017,140.12741228581407,555.1030064934048,0.5,0.5
2021-02-04,2021,mean_sediment_flux_kg_s,exclude_2016_2017,135.10093222747489,581.0055846085652,0.5,0.5
2021-02-05,2021,mean_sediment_flux_kg_s,exclude_2016_2017,121.44241078090364,606.1424427943739,0.5,0.5
2021-02-06,2021,mean_sediment_flux_kg_s,exclude_2016_2017,126.81188558046324,631.6096576357207,0.5,0.5
2021-02-07,2021,mean_sediment_flux_kg_s,exclude_2016_2017,139.15969277453698,657.6005696483151,0.5,0.5
2021-02-08,2021,mean_sediment_flux_kg_s,exclude_2016_2017,184.8264644107643,683.142148699897,0.5,0.5
2021-02-09,2021,mean_sediment_flux_kg_s,exclude_2016_2017,201.6734291796043,708.3194895318325,0.5,0.5
2021-02-10,2021,mean_sediment_flux_kg_s,exclude_2016_2017,217.4125416725176,734.094835863459,0.5,0.5
2021-02-11,2021,mean_sediment_flux_kg_s,exclude_2016_2017,235.99777716466747,759.530429049586,0.5,0.5
2021-02-12,2021,mean_sediment_flux_kg_s,exclude_2016_2017,245.3059282000565,784.7882896646408,0.5,0.5
2021-02-13,2021,mean_sediment_flux_kg_s,exclude_2016_2017,197.88690783701028,808.2338959683534,0.5,0.5
2021-02-14,2021,mean_sediment_flux_kg_s,exclude_2016_2017,194.7560029167922,832.0382191428896,0.5,0.5
2021-02-15,2021,mean_sediment_flux_kg_s,exclude_2016_2017,320.59620235082,857.2268548644408,0.5,0.5
2021-02-16,2021,mean_sediment_flux_kg_s,exclude_2016_2017,474.8036500367532,880.9454264467961,0.5,0.5
2021-02-17,2021,mean_sediment_flux_kg_s,exclude_2016_2017,484.7685471299707,905.8290767819141,0.5,0.5
2021-02-18,2021,mean_sediment_flux_kg_s,exclude_2016_2017,579.3394113592534,932.1952014598855,0.5,0.5
2021-02-19,2021,mean_sediment_flux_kg_s,exclude_2016_2017,1541.1910934134796,959.6635752997179,0.5,0.5
2021-02-20,2021,mean_sediment_flux_kg_s,exclude_2016_2017,1364.6660587918436,986.6378060563088,0.5,0.5
2021-02-21,2021,mean_sediment_flux_kg_s,exclude_2016_2017,960.187135571096,1013.9044280738343,0.5,0.5
2021-02-22,2021,mean_sediment_flux_kg_s,exclude_2016_2017,952.4062236766002,1041.5035815380716,0.5,0.5
2021-02-23,2021,mean_sediment_flux_kg_s,exclude_2016_2017,899.8327570093915,1070.1729374120407,0.5,0.5
2021-02-24,2021,mean_sediment_flux_kg_s,exclude_2016_2017,937.9900438198356,1102.626715829962,0.5,0.5
2021-02-25,2021,mean_sediment_flux_kg_s,exclude_2016_2017,1385.9284008753295,1136.545980040926,0.5,0.5
2021-02-26,2021,mean_sediment_flux_kg_s,exclude_2016_2017,1703.3074561574078,1172.2047183377808,0.5,0.5
2021-02-27,2021,mean_sediment_flux_kg_s,exclude_2016_2017,1828.886479274767,1209.7319753319534,0.5,0.5
2021-02-28,2021,mean_sediment_flux_kg_s,exclude_2016_2017,2008.202803203115,1250.2899385010837,0.5,0.5
2021-03-01,2021,mean_sediment_flux_kg_s,exclude_2016_2017,2316.4640081757875,1293.1794082875194,0.5,0.5
2021-03-02,2021,mean_sediment_flux_kg_s,exclude_2016_2017,2489.0746547281333,1337.8821848195266,0.5,0.5
2021-03-03,2021,mean_sediment_flux_kg_s,exclude_2016_2017,2687.7158090050866,1383.5614754189862,0.5,0.5
2021-03-04,2021,mean_sediment_flux_kg_s,exclude_2016_2017,2905.5064483244896,1427.5375092296113,0.5,0.5
2021-03-05,2021,mean_sediment_flux_kg_s,exclude_2016_2017,4286.86568891116,1471.8125141903624,0.5,0.5
2021-03-06,2021,mean_sediment_flux_kg_s,exclude_2016_2017,3398.492686890924,1514.3047578845976,0.5,0.5
2021-03-07,2021,mean_sediment_flux_kg_s,exclude_2016_2017,3409.27606972737,1553.553387002732,0.5,0.5
2021-03-08,2021,mean_sediment_flux_kg_s,exclude_2016_2017,3449.831241642402,1595.1733926976708,0.5,0.5
2021-03-09,2021,mean_sediment_flux_kg_s,exclude_2016_2017,3056.745974639305,1640.4252765874553,0.5,0.5
2021-03-10,2021,mean_sediment_flux_kg_s,exclude_2016_2017,2860.545588152557,1689.252918463535,0.5,0.5
2021-03-11,2021,mean_sediment_flux_kg_s,exclude_2016_2017,2775.626988423685,1741.3734828859574,0.5,0.5
2021-03-12,2021,mean_sediment_flux_kg_s,exclude_2016_2017,3160.191453296862,1795.0808059340873,0.5,0.5
2021-03-13,2021,mean_sediment_flux_kg_s,exclude_2016_2017,5537.92510707458,1850.1411050533284,0.5,0.5
2021-03-14,2021,mean_sediment_flux_kg_s,exclude_2016_2017,7999.592433599887,1910.1861189741926,0.5,0.5
2021-03-15,2021,mean_sediment_flux_kg_s,exclude_2016_2017,9702.492614279594,1973.5228366737992,0.5,0.5
2021-03-16,2021,mean_sediment_flux_kg_s,exclude_2016_2017,7401.473502231493,2044.8031458535306,0.5,0.5
2021-03-17,2021,mean_sediment_flux_kg_s,exclude_2016_2017,4555.2912811834,2122.064618771721,0.5,0.5
2021-03-18,2021,mean_sediment_flux_kg_s,exclude_2016_2017,9550.29989265961,2203.2594965895128,0.5,0.5
2021-03-19,2021,mean_sediment_flux_kg_s,exclude_2016_2017,11909.591757093647,2294.4507438511964,0.5,0.5
2021-03-20,2021,mean_sediment_flux_kg_s,exclude_2016_2017,4805.441906419575,2390.384441029778,0.5,0.5
2021-03-21,2021,mean_sediment_flux_kg_s,exclude_2016_2017,4331.655032485867,2494.975865612857,0.5,0.5
2021-03-22,2021,mean_sediment_flux_kg_s,exclude_2016_2017,3351.83997461404,2608.2589834189857,0.5,0.5
2021-03-23,2021,mean_sediment_flux_kg_s,exclude_2016_2017,2746.33555522134,2728.426156575665,0.5,0.5
2021-03-24,2021,mean_sediment_flux_kg_s,exclude_2016_2017,2634.4715839840906,2853.5684898487934,0.5,0.5
2021-03-25,2021,mean_sediment_flux_kg_s,exclude_2016_2017,2453.2075477663952,2981.441943519556,0.5,0.5
2021-03-26,2021,mean_sediment_flux_kg_s,exclude_2016_2017,2300.85682378892,3108.6430701675386,0.5,0.5
2021-03-27,2021,mean_sediment_flux_kg_s,exclude_2016_2017,2462.0720111021374,3233.7674324100976,0.5,0.5
2021-03-28,2021,mean_sediment_flux_kg_s,exclude_2016_2017,2152.362763851274,3361.7775528832335,0.5,0.5
2021-03-29,2021,mean_sediment_flux_kg_s,exclude_2016_2017,2332.102762194917,3491.8278859706434,0.5,0.5
2021-03-30,2021,mean_sediment_flux_kg_s,exclude_2016_2017,2230.2372852771205,3620.936632212603,0.5,0.5
2021-03-31,2021,mean_sediment_flux_kg_s,exclude_2016_2017,2244.6318351649256,3746.714356121537,0.5,0.5
2021-04-01,2021,mean_sediment_flux_kg_s,exclude_2016_2017,2274.4177164435278,3868.4134559128856,0.5,0.5
2021-04-02,2021,mean_sediment_flux_kg_s,exclude_2016_2017,2258.4550207383545,3981.269188730746,0.5,0.5
2021-04-03,2021,mean_sediment_flux_kg_s,exclude_2016_2017,2691.273679172064,4090.337414056662,0.5,0.5
2021-04-04,2021,mean_sediment_flux_kg_s,exclude_2016_2017,2517.562562522341,4194.536470023843,0.5,0.5
2021-04-05,2021,mean_sediment_flux_kg_s,exclude_2016_2017,2360.5793368553736,4294.581852029309,0.5,0.5
2021-04-06,2021,mean_sediment_flux_kg_s,exclude_2016_2017,2443.5454354313943,4393.389541489248,0.5,0.5
2021-04-07,2021,mean_sediment_flux_kg_s,exclude_2016_2017,2266.1033990547894,4491.048720055102,0.5,0.5
2021-04-08,2021,mean_sediment_flux_kg_s,exclude_2016_2017,2189.9067973942088,4594.038087352694,0.5,0.5
2021-04-09,2021,mean_sediment_flux_kg_s,exclude_2016_2017,2097.461252542538,4703.748060514905,0.5,0.5
2021-04-10,2021,mean_sediment_flux_kg_s,exclude_2016_2017,1990.429697467497,4822.408821256928,0.5,0.5
2021-04-11,2021,mean_sediment_flux_kg_s,exclude_2016_2017,1949.342330517131,4949.662182818045,0.5,0.5
2021-04-12,2021,mean_sediment_flux_kg_s,exclude_2016_2017,1909.246864226482,5087.340164153678,0.5,0.5
2021-04-13,2021,mean_sediment_flux_kg_s,exclude_2016_2017,2041.7065522242967,5233.181468944779,0.5,0.5
2021-04-14,2021,mean_sediment_flux_kg_s,exclude_2016_2017,2004.00620864834,5383.762770979813,0.5,0.5
2021-04-15,2021,mean_sediment_flux_kg_s,exclude_2016_2017,2005.1761209789715,5536.036141507013,0.5,0.5
2021-04-16,2021,mean_sediment_flux_kg_s,exclude_2016_2017,1758.5721601793075,5686.910973939381,0.5,0.5
2021-04-17,2021,mean_sediment_flux_kg_s,exclude_2016_2017,1816.5143883191492,5835.02974209391,0.5,0.5
2021-04-18,2021,mean_sediment_flux_kg_s,exclude_2016_2017,1847.5595754190176,5981.073370087432,0.5,0.5
2021-04-19,2021,mean_sediment_flux_kg_s,exclude_2016_2017,1835.028583930046,6122.65088628541,0.5,0.5
2021-04-20,2021,mean_sediment_flux_kg_s,exclude_2016_2017,1833.2529877384145,6257.486277464483,0.5,0.5
2021-04-21,2021,mean_sediment_flux_kg_s,exclude_2016_2017,1939.4443488532688,6381.642339256871,0.5,0.5
2021-04-22,2021,mean_sediment_flux_kg_s,exclude_2016_2017,2087.6636444808587,6494.422253965756,0.5,0.5
2021-04-23,2021,mean_sediment_flux_kg_s,exclude_2016_2017,2684.3093867654675,6594.031760686339,0.5,0.5
2021-04-24,2021,mean_sediment_flux_kg_s,exclude_2016_2017,3719.621899646921,6676.640565271477,0.5,0.5
2021-04-25,2021,mean_sediment_flux_kg_s,exclude_2016_2017,4934.43911089399,6739.982866523998,0.5,0.5
2021-04-26,2021,mean_sediment_flux_kg_s,exclude_2016_2017,5669.02897849567,6779.718807902857,0.5,0.5
2021-04-27,2021,mean_sediment_flux_kg_s,exclude_2016_2017,6715.934632997632,6793.926065566444,0.5,0.5
2021-04-28,2021,mean_sediment_flux_kg_s,exclude_2016_2017,8301.503417681492,6784.072158610703,0.5,0.5
2021-04-29,2021,mean_sediment_flux_kg_s,exclude_2016_2017,9334.661849279411,6753.436587798348,0.5,0.5
2021-04-30,2021,mean_sediment_flux_kg_s,exclude_2016_2017,9055.14706958819,6702.48763001971,0.5,0.5
2021-05-01,2021,mean_sediment_flux_kg_s,exclude_2016_2017,8743.357883061075,6643.151871858014,0.5,0.5
2021-05-02,2021,mean_sediment_flux_kg_s,exclude_2016_2017,7894.883795304894,6574.748644990683,0.5,0.5
2021-05-03,2021,mean_sediment_flux_kg_s,exclude_2016_2017,8850.498590062858,6507.377051574216,0.5,0.5
2021-05-04,2021,mean_sediment_flux_kg_s,exclude_2016_2017,9542.107163738969,6436.404439940623,0.5,0.5
2021-05-05,2021,mean_sediment_flux_kg_s,exclude_2016_2017,9812.0062144627,6366.862915377454,0.5,0.5
2021-05-06,2021,mean_sediment_flux_kg_s,exclude_2016_2017,9877.47250244401,6298.034224735138,0.5,0.5
2021-05-07,2021,mean_sediment_flux_kg_s,exclude_2016_2017,10341.318275096482,6229.590675276263,0.5,0.5
2021-05-08,2021,mean_sediment_flux_kg_s,exclude_2016_2017,9993.32838842441,6163.7720905519745,0.5,0.5
2021-05-09,2021,mean_sediment_flux_kg_s,exclude_2016_2017,10333.610994840872,6100.183203591145,0.5,0.5
2021-05-10,2021,mean_sediment_flux_kg_s,exclude_2016_2017,8679.58579107222,6032.989393901831,0.5,0.5
2021-05-11,2021,mean_sediment_flux_kg_s,exclude_2016_2017,9372.971480903292,5972.532920166226,0.5,0.5
2021-05-12,2021,mean_sediment_flux_kg_s,exclude_2016_2017,9197.246961586085,5924.124985272494,0.5,0.5
2021-05-13,2021,mean_sediment_flux_kg_s,exclude_2016_2017,10032.974582197854,5884.635920605013,0.5,0.5
2021-05-14,2021,mean_sediment_flux_kg_s,exclude_2016_2017,9667.302702684936,5852.551829838021,0.5,0.5
2021-05-15,2021,mean_sediment_flux_kg_s,exclude_2016_2017,10506.87100203345,5828.118419429891,0.5,0.5
2021-05-16,2021,mean_sediment_flux_kg_s,exclude_2016_2017,10703.508132617508,5813.931226378585,0.5,0.5
2021-05-17,2021,mean_sediment_flux_kg_s,exclude_2016_2017,10811.276453251468,5806.252389676137,0.5,0.5
2021-05-18,2021,mean_sediment_flux_kg_s,exclude_2016_2017,11619.757819842396,5798.527825107442,0.5,0.5
2021-05-19,2021,mean_sediment_flux_kg_s,exclude_2016_2017,11171.527038227445,5789.658894275644,0.5,0.5
2021-05-20,2021,mean_sediment_flux_kg_s,exclude_2016_2017,10475.26487835305,5779.440616169204,0.5,0.5
2021-05-21,2021,mean_sediment_flux_kg_s,exclude_2016_2017,10767.608455127403,5769.482419750254,0.5,0.5
2021-05-22,2021,mean_sediment_flux_kg_s,exclude_2016_2017,9486.470278978384,5757.281018698483,0.5,0.5
2021-05-23,2021,mean_sediment_flux_kg_s,exclude_2016_2017,10456.857523682462,5737.849226525483,0.5,0.5
2021-05-24,2021,mean_sediment_flux_kg_s,exclude_2016_2017,9960.95197323428,5714.548466707445,0.5,0.5
2021-05-25,2021,mean_sediment_flux_kg_s,exclude_2016_2017,10152.656896484072,5684.065694316414,0.5,0.5
2021-05-26,2021,mean_sediment_flux_kg_s,exclude_2016_2017,10483.697104208384,5654.1783218323635,0.5,0.5
2021-05-27,2021,mean_sediment_flux_kg_s,exclude_2016_2017,11179.451308200953,5626.039729015849,0.5,0.5
2021-05-28,2021,mean_sediment_flux_kg_s,exclude_2016_2017,9825.662192843252,5590.516107643693,0.5,0.5
2021-05-29,2021,mean_sediment_flux_kg_s,exclude_2016_2017,10775.39136101952,5552.225053312151,0.5,0.5
2021-05-30,2021,mean_sediment_flux_kg_s,exclude_2016_2017,9852.838057152732,5510.104784655454,0.5,0.5
2021-05-31,2021,mean_sediment_flux_kg_s,exclude_2016_2017,9389.25240641312,5466.490253236451,0.5,0.5
2021-06-01,2021,mean_sediment_flux_kg_s,exclude_2016_2017,8776.59726542967,5421.588371060281,0.5,0.5
2021-06-02,2021,mean_sediment_flux_kg_s,exclude_2016_2017,9083.24470958629,5383.004202047792,0.5,0.5
2021-06-03,2021,mean_sediment_flux_kg_s,exclude_2016_2017,9403.399036986557,5359.92774725908,0.5,0.5
2021-06-04,2021,mean_sediment_flux_kg_s,exclude_2016_2017,9062.078629349911,5365.044959528481,0.5,0.5
2021-06-05,2021,mean_sediment_flux_kg_s,exclude_2016_2017,10645.787962835935,5387.152980482383,0.5,0.5
2021-06-06,2021,mean_sediment_flux_kg_s,exclude_2016_2017,9604.094371340365,5419.405502867547,0.5,0.5
2021-06-07,2021,mean_sediment_flux_kg_s,exclude_2016_2017,8446.331623380149,5475.307230320743,0.5,0.5
2021-06-08,2021,mean_sediment_flux_kg_s,exclude_2016_2017,7555.4475291614035,5574.010864805181,0.5,0.5
2021-06-09,2021,mean_sediment_flux_kg_s,exclude_2016_2017,7191.272623619624,5736.780452367613,0.5,0.5
2021-06-10,2021,mean_sediment_flux_kg_s,exclude_2016_2017,7063.470762342914,5967.113916450693,0.5,0.5
2021-06-11,2021,mean_sediment_flux_kg_s,exclude_2016_2017,6919.631947175046,6245.941004630091,0.5,0.5
2021-06-12,2021,mean_sediment_flux_kg_s,exclude_2016_2017,7715.92198316341,6622.209773164136,0.5,0.5
2021-06-13,2021,mean_sediment_flux_kg_s,exclude_2016_2017,10366.69942006913,7113.385060657169,0.5,0.5
2021-06-14,2021,mean_sediment_flux_kg_s,exclude_2016_2017,13659.449033234949,7683.312504662368,0.5,0.5
2021-06-15,2021,mean_sediment_flux_kg_s,exclude_2016_2017,15950.39431983311,8341.57844630096,0.5,0.5
2021-06-16,2021,mean_sediment_flux_kg_s,exclude_2016_2017,16674.591723976297,9083.038576264355,0.5,0.5
2021-06-17,2021,mean_sediment_flux_kg_s,exclude_2016_2017,17001.70409681689,9901.77749336978,0.5,0.5
2021-06-18,2021,mean_sediment_flux_kg_s,exclude_2016_2017,19533.65821684768,10811.332958871977,0.5,0.5
2021-06-19,2021,mean_sediment_flux_kg_s,exclude_2016_2017,21332.14167346997,11815.628444297414,0.5,0.5
2021-06-20,2021,mean_sediment_flux_kg_s,exclude_2016_2017,22223.1488266098,12910.555253172357,0.5,0.5
2021-06-21,2021,mean_sediment_flux_kg_s,exclude_2016_2017,24238.666753775204,14114.007652188888,0.5,0.5
2021-06-22,2021,mean_sediment_flux_kg_s,exclude_2016_2017,29526.65916780789,15388.680027501745,0.5,0.5
2021-06-23,2021,mean_sediment_flux_kg_s,exclude_2016_2017,37925.954576929886,16723.983945032356,0.5,0.5
2021-06-24,2021,mean_sediment_flux_kg_s,exclude_2016_2017,45144.449556961896,18128.545690397717,0.5,0.5
2021-06-25,2021,mean_sediment_flux_kg_s,exclude_2016_2017,43843.57006411539,19571.77089314449,0.5,0.5
2021-06-26,2021,mean_sediment_flux_kg_s,exclude_2016_2017,42643.64686193053,21014.186242662152,0.5,0.5
2021-06-27,2021,mean_sediment_flux_kg_s,exclude_2016_2017,41792.102625400585,22440.75722135628,0.5,0.5
2021-06-28,2021,mean_sediment_flux_kg_s,exclude_2016_2017,41930.69038103251,23835.80962452955,0.5,0.5
2021-06-29,2021,mean_sediment_flux_kg_s,exclude_2016_2017,40977.19810239433,25124.82401665348,0.5,0.5
2021-06-30,2021,mean_sediment_flux_kg_s,exclude_2016_2017,40539.946933440486,26355.62005722701,0.5,0.5
2021-07-01,2021,mean_sediment_flux_kg_s,exclude_2016_2017,41561.02678208399,27506.505315929062,0.5,0.5
2021-07-02,2021,mean_sediment_flux_kg_s,exclude_2016_2017,42203.93999330461,28555.37795745733,0.5,0.5
2021-07-03,2021,mean_sediment_flux_kg_s,exclude_2016_2017,42596.73066421802,29515.688634772,0.5,0.5
2021-07-04,2021,mean_sediment_flux_kg_s,exclude_2016_2017,43097.95874102294,30388.109769591334,0.5,0.5
2021-07-05,2021,mean_sediment_flux_kg_s,exclude_2016_2017,38089.00095892656,31133.497630352358,0.5,0.5
2021-07-06,2021,mean_sediment_flux_kg_s,exclude_2016_2017,29724.87713369911,31790.09979584011,0.5,0.5
2021-07-07,2021,mean_sediment_flux_kg_s,exclude_2016_2017,30236.595352089207,32381.171655351267,0.5,0.5
2021-07-08,2021,mean_sediment_flux_kg_s,exclude_2016_2017,56546.80751978656,32874.11146502038,0.5,0.5
2021-07-09,2021,mean_sediment_flux_kg_s,exclude_2016_2017,23002.48276533131,33276.54927154473,0.5,0.5
2021-07-10,2021,mean_sediment_flux_kg_s,exclude_2016_2017,3580.6123440059623,33581.418614277565,0.5,0.5
2021-07-11,2021,mean_sediment_flux_kg_s,exclude_2016_2017,1748.0756383015014,33865.96595925289,0.5,0.5
2021-07-12,2021,mean_sediment_flux_kg_s,exclude_2016_2017,1651.8227648420836,34162.602464532734,0.5,0.5
2021-07-13,2021,mean_sediment_flux_kg_s,exclude_2016_2017,1525.1928811664638,34311.45028914463,0.5,0.5
2021-07-14,2021,mean_sediment_flux_kg_s,exclude_2016_2017,2358.969219357558,34376.93080621443,0.5,0.5
2021-07-15,2021,mean_sediment_flux_kg_s,exclude_2016_2017,3698.636342480718,34442.76007021431,0.5,0.5
2021-07-16,2021,mean_sediment_flux_kg_s,exclude_2016_2017,3626.824906007165,34509.11252186938,0.5,0.5
2021-07-17,2021,mean_sediment_flux_kg_s,exclude_2016_2017,2878.9667658233943,34628.68671203153,0.5,0.5
2021-07-18,2021,mean_sediment_flux_kg_s,exclude_2016_2017,2157.492596288528,34722.652058201784,0.5,0.5
2021-07-19,2021,mean_sediment_flux_kg_s,exclude_2016_2017,1282.8035547690106,34743.9353163379,0.5,0.5
2021-07-20,2021,mean_sediment_flux_kg_s,exclude_2016_2017,1162.5585935517352,34660.23939298824,0.5,0.5
2021-07-21,2021,mean_sediment_flux_kg_s,exclude_2016_2017,16227.113045618316,34503.63251368955,0.5,0.5
2021-07-22,2021,mean_sediment_flux_kg_s,exclude_2016_2017,67947.79120362645,34267.770067148434,0.5,0.5
2021-07-23,2021,mean_sediment_flux_kg_s,exclude_2016_2017,33360.763903314066,34075.16207709657,0.5,0.5
2021-07-24,2021,mean_sediment_flux_kg_s,exclude_2016_2017,22251.21693133801,33946.98758177183,0.5,0.5
2021-07-25,2021,mean_sediment_flux_kg_s,exclude_2016_2017,22000.667017748958,33725.78294939285,0.5,0.5
2021-07-26,2021,mean_sediment_flux_kg_s,exclude_2016_2017,20551.47734533393,33410.18422878248,0.5,0.5
2021-07-27,2021,mean_sediment_flux_kg_s,exclude_2016_2017,18110.73054874261,33078.91882010683,0.5,0.5
2021-07-28,2021,mean_sediment_flux_kg_s,exclude_2016_2017,11420.63164205831,32652.557791971085,0.5,0.5
2021-07-29,2021,mean_sediment_flux_kg_s,exclude_2016_2017,5942.327970020477,32171.01384921433,0.5,0.5
2021-07-30,2021,mean_sediment_flux_kg_s,exclude_2016_2017,3402.680093056057,31696.31665173932,0.5,0.5
2021-07-31,2021,mean_sediment_flux_kg_s,exclude_2016_2017,2769.352011226238,31182.803167628677,0.5,0.5
2021-08-01,2021,mean_sediment_flux_kg_s,exclude_2016_2017,2269.4861943579917,30604.80792475879,0.5,0.5
2021-08-02,2021,mean_sediment_flux_kg_s,exclude_2016_2017,1848.591306952203,30000.344124934534,0.5,0.5
2021-08-03,2021,mean_sediment_flux_kg_s,exclude_2016_2017,1634.7319558245426,29271.13934097463,0.5,0.5
2021-08-04,2021,mean_sediment_flux_kg_s,exclude_2016_2017,1547.4751032741276,28443.808750551063,0.5,0.5
2021-08-05,2021,mean_sediment_flux_kg_s,exclude_2016_2017,1501.2178495099736,27599.401463188722,0.5,0.5
2021-08-06,2021,mean_sediment_flux_kg_s,exclude_2016_2017,1403.1379327327852,26750.29674496402,0.5,0.5
2021-08-07,2021,mean_sediment_flux_kg_s,exclude_2016_2017,1383.4769965453122,25875.64567576477,0.5,0.5
2021-08-08,2021,mean_sediment_flux_kg_s,exclude_2016_2017,1405.821909046021,25047.01814222141,0.5,0.5
2021-08-09,2021,mean_sediment_flux_kg_s,exclude_2016_2017,1313.0012469535347,24277.273523567303,0.5,0.5
2021-08-10,2021,mean_sediment_flux_kg_s,exclude_2016_2017,1240.3988172944837,23528.898044150337,0.5,0.5
2021-08-11,2021,mean_sediment_flux_kg_s,exclude_2016_2017,1180.8000463230928,22759.383803627283,0.5,0.5
2021-08-12,2021,mean_sediment_flux_kg_s,exclude_2016_2017,964.170616087966,22025.547815716327,0.5,0.5
2021-08-13,2021,mean_sediment_flux_kg_s,exclude_2016_2017,718.7222464329752,21410.783681845587,0.5,0.5
2021-08-14,2021,mean_sediment_flux_kg_s,exclude_2016_2017,687.5289942859603,20882.013226355364,0.5,0.5
2021-08-15,2021,mean_sediment_flux_kg_s,exclude_2016_2017,908.8997053337056,20425.50609867971,0.5,0.5
2021-08-16,2021,mean_sediment_flux_kg_s,exclude_2016_2017,952.134654805148,20035.655264764868,0.5,0.5
2021-08-17,2021,mean_sediment_flux_kg_s,exclude_2016_2017,740.2212929580028,19704.965658345052,0.5,0.5
2021-08-18,2021,mean_sediment_flux_kg_s,exclude_2016_2017,684.2988524260828,19486.210315162534,0.5,0.5
2021-08-19,2021,mean_sediment_flux_kg_s,exclude_2016_2017,602.4922145025733,19384.5915912185,0.5,0.5
2021-08-20,2021,mean_sediment_flux_kg_s,exclude_2016_2017,686.6220420368069,19409.252388024703,0.5,0.5
2021-08-21,2021,mean_sediment_flux_kg_s,exclude_2016_2017,612.8888494775712,19502.183617050192,0.5,0.5
2021-08-22,2021,mean_sediment_flux_kg_s,exclude_2016_2017,615.0352242490111,19644.570387497195,0.5,0.5
2021-08-23,2021,mean_sediment_flux_kg_s,exclude_2016_2017,644.1027951964204,19797.25832770391,0.5,0.5
2021-08-24,2021,mean_sediment_flux_kg_s,exclude_2016_2017,766.5207693750787,19950.816509146836,0.5,0.5
2021-08-25,2021,mean_sediment_flux_kg_s,exclude_2016_2017,839.1958835568533,20179.234514953907,0.5,0.5
2021-08-26,2021,mean_sediment_flux_kg_s,exclude_2016_2017,1435.5027117494592,20458.69425534414,0.5,0.5
2021-08-27,2021,mean_sediment_flux_kg_s,exclude_2016_2017,1563.436411599352,20686.99139453294,0.5,0.5
2021-08-28,2021,mean_sediment_flux_kg_s,exclude_2016_2017,974.8894597185346,20888.1520442497,0.5,0.5
2021-08-29,2021,mean_sediment_flux_kg_s,exclude_2016_2017,706.0873703407656,21021.928052072075,0.5,0.5
2021-08-30,2021,mean_sediment_flux_kg_s,exclude_2016_2017,867.3757486054901,21085.18702726807,0.5,0.5
2021-08-31,2021,mean_sediment_flux_kg_s,exclude_2016_2017,1635.1332768215982,21063.66565828796,0.5,0.5
2021-09-01,2021,mean_sediment_flux_kg_s,exclude_2016_2017,5016.710004188649,21028.003757976854,0.5,0.5
2021-09-02,2021,mean_sediment_flux_kg_s,exclude_2016_2017,13626.050892134605,20966.00248531138,0.5,0.5
2021-09-03,2021,mean_sediment_flux_kg_s,exclude_2016_2017,17365.229869399875,20933.769329112743,0.5,0.5
2021-09-04,2021,mean_sediment_flux_kg_s,exclude_2016_2017,24055.48510193853,20889.523305502797,0.5,0.5
2021-09-05,2021,mean_sediment_flux_kg_s,exclude_2016_2017,21050.202502046817,20790.891961434114,0.5,0.5
2021-09-06,2021,mean_sediment_flux_kg_s,exclude_2016_2017,11370.970285604706,20663.929569409705,0.5,0.5
2021-09-07,2021,mean_sediment_flux_kg_s,exclude_2016_2017,7389.938728032667,20538.19427584695,0.5,0.5
2021-09-08,2021,mean_sediment_flux_kg_s,exclude_2016_2017,4613.244208905625,20381.67135329723,0.5,0.5
2021-09-09,2021,mean_sediment_flux_kg_s,exclude_2016_2017,4265.679982767449,20192.41479830562,0.5,0.5
2021-09-10,2021,mean_sediment_flux_kg_s,exclude_2016_2017,3167.9305807913697,20039.483206503715,0.5,0.5
2021-09-11,2021,mean_sediment_flux_kg_s,exclude_2016_2017,2409.256117282174,19955.18567657889,0.5,0.5
2021-09-12,2021,mean_sediment_flux_kg_s,exclude_2016_2017,1961.459367186436,19913.74383652643,0.5,0.5
2021-09-13,2021,mean_sediment_flux_kg_s,exclude_2016_2017,1374.926278528451,19954.776395037843,0.5,0.5
2021-09-14,2021,mean_sediment_flux_kg_s,exclude_2016_2017,1162.939833984099,20039.435074341185,0.5,0.5
2021-09-15,2021,mean_sediment_flux_kg_s,exclude_2016_2017,1035.768569423344,20171.647418393935,0.5,0.5
2021-09-16,2021,mean_sediment_flux_kg_s,exclude_2016_2017,756.5285846499445,20329.706839350874,0.5,0.5
2021-09-17,2021,mean_sediment_flux_kg_s,exclude_2016_2017,687.3368621386171,20478.55669440351,0.5,0.5
2021-09-18,2021,mean_sediment_flux_kg_s,exclude_2016_2017,979.592863405764,20613.019236372682,0.5,0.5
2021-09-19,2021,mean_sediment_flux_kg_s,exclude_2016_2017,4507.118790712408,20708.697992492722,0.5,0.5
2021-09-20,2021,mean_sediment_flux_kg_s,exclude_2016_2017,15148.116889066876,20776.49173034294,0.5,0.5
2021-09-21,2021,mean_sediment_flux_kg_s,exclude_2016_2017,39261.1485481628,20855.384227542017,0.5,0.5
2021-09-22,2021,mean_sediment_flux_kg_s,exclude_2016_2017,50167.77680509841,20895.687310990863,0.5,0.5
2021-09-23,2021,mean_sediment_flux_kg_s,exclude_2016_2017,41553.91404665175,20878.60135322291,0.5,0.5
2021-09-24,2021,mean_sediment_flux_kg_s,exclude_2016_2017,34670.02102104243,20806.60343080444,0.5,0.5
2021-09-25,2021,mean_sediment_flux_kg_s,exclude_2016_2017,28998.65923368684,20692.708894764408,0.5,0.5
2021-09-26,2021,mean_sediment_flux_kg_s,exclude_2016_2017,27811.14952222365,20575.638882413765,0.5,0.5
2021-09-27,2021,mean_sediment_flux_kg_s,exclude_2016_2017,26494.24610335332,20483.397780801693,0.5,0.5
2021-09-28,2021,mean_sediment_flux_kg_s,exclude_2016_2017,40720.76920050156,20400.69139636553,0.5,0.5
2021-09-29,2021,mean_sediment_flux_kg_s,exclude_2016_2017,47074.059750189255,20266.72360034239,0.5,0.5
2021-09-30,2021,mean_sediment_flux_kg_s,exclude_2016_2017,33204.285505904336,20081.907368125245,0.5,0.5
2021-10-01,2021,mean_sediment_flux_kg_s,exclude_2016_2017,32638.904602733845,19864.273394787167,0.5,0.5
2021-10-02,2021,mean_sediment_flux_kg_s,exclude_2016_2017,34403.320720890486,19595.22157821172,0.5,0.5
2021-10-03,2021,mean_sediment_flux_kg_s,exclude_2016_2017,26439.059877188072,19303.205608094115,0.5,0.5
2021-10-04,2021,mean_sediment_flux_kg_s,exclude_2016_2017,25067.781470914208,18990.353148808368,0.5,0.5
2021-10-05,2021,mean_sediment_flux_kg_s,exclude_2016_2017,25002.596499508563,18665.03553621024,0.5,0.5
2021-10-06,2021,mean_sediment_flux_kg_s,exclude_2016_2017,26555.966964040115,18321.33381642283,0.5,0.5
2021-10-07,2021,mean_sediment_flux_kg_s,exclude_2016_2017,28594.208019135727,17928.35210481353,0.5,0.5
2021-10-08,2021,mean_sediment_flux_kg_s,exclude_2016_2017,30423.57349569316,17475.7762908164,0.5,0.5
2021-10-09,2021,mean_sediment_flux_kg_s,exclude_2016_2017,30643.0634516977,16961.234084393658,0.5,0.5
2021-10-10,2021,mean_sediment_flux_kg_s,exclude_2016_2017,32887.70544967986,16388.011642200345,0.5,0.5
2021-10-11,2021,mean_sediment_flux_kg_s,exclude_2016_2017,31547.6961708192,15765.629048662997,0.5,0.5
2021-10-12,2021,mean_sediment_flux_kg_s,exclude_2016_2017,32564.95411905162,15083.199667961522,0.5,0.5
2021-10-13,2021,mean_sediment_flux_kg_s,exclude_2016_2017,33344.02113471255,14338.103990310963,0.5,0.5
2021-10-14,2021,mean_sediment_flux_kg_s,exclude_2016_2017,36998.29068653065,13508.90454106608,0.5,0.5
2021-10-15,2021,mean_sediment_flux_kg_s,exclude_2016_2017,36737.38741980458,12653.748922195518,0.5,0.5
2021-10-16,2021,mean_sediment_flux_kg_s,exclude_2016_2017,36292.404213971735,11773.314839514187,0.5,0.5
2021-10-17,2021,mean_sediment_flux_kg_s,exclude_2016_2017,34359.70691499039,10899.638209112369,0.5,0.5
2021-10-18,2021,mean_sediment_flux_kg_s,exclude_2016_2017,35167.056504855216,10046.031042617802,0.5,0.5
2021-10-19,2021,mean_sediment_flux_kg_s,exclude_2016_2017,36639.607032558,9216.741124212784,0.5,0.5
2021-10-20,2021,mean_sediment_flux_kg_s,exclude_2016_2017,34472.49965050333,8414.28970553958,0.5,0.5
2021-10-21,2021,mean_sediment_flux_kg_s,exclude_2016_2017,34260.43632271792,7627.212107054697,0.5,0.5
2021-10-22,2021,mean_sediment_flux_kg_s,exclude_2016_2017,39537.97766604698,6871.274336650169,0.5,0.5
2021-10-23,2021,mean_sediment_flux_kg_s,exclude_2016_2017,34918.55153185619,6182.748667282642,0.5,0.5
2021-10-24,2021,mean_sediment_flux_kg_s,exclude_2016_2017,24162.11821616745,5568.521017847988,0.5,0.5
2021-10-25,2021,mean_sediment_flux_kg_s,exclude_2016_2017,16705.239351483662,5016.155322910112,0.5,0.5
2021-10-26,2021,mean_sediment_flux_kg_s,exclude_2016_2017,13646.094319859048,4522.940649630661,0.5,0.5
2021-10-27,2021,mean_sediment_flux_kg_s,exclude_2016_2017,12384.3367065036,4072.6095267771907,0.5,0.5
2021-10-28,2021,mean_sediment_flux_kg_s,exclude_2016_2017,12264.526903674829,3668.406101280571,0.5,0.5
2021-10-29,2021,mean_sediment_flux_kg_s,exclude_2016_2017,12032.096468133905,3317.4933090219474,0.5,0.5
2021-10-30,2021,mean_sediment_flux_kg_s,exclude_2016_2017,13958.833562819964,3031.984738920607,0.5,0.5
2021-10-31,2021,mean_sediment_flux_kg_s,exclude_2016_2017,23343.681508628622,2785.1378634996972,0.5,0.5
2021-11-01,2021,mean_sediment_flux_kg_s,exclude_2016_2017,25621.721465682876,2564.2905807646976,0.5,0.5
2021-11-02,2021,mean_sediment_flux_kg_s,exclude_2016_2017,24209.375795054755,2367.2264078099033,0.5,0.5
2021-11-03,2021,mean_sediment_flux_kg_s,exclude_2016_2017,11699.335271046455,2190.4085605197383,0.5,0.5
2021-11-04,2021,mean_sediment_flux_kg_s,exclude_2016_2017,13607.37955421921,2040.7559966023116,0.5,0.5
2021-11-05,2021,mean_sediment_flux_kg_s,exclude_2016_2017,20604.8471802442,1909.7563767509077,0.5,0.5
2021-11-06,2021,mean_sediment_flux_kg_s,exclude_2016_2017,23659.524075925947,1799.7749793753671,0.5,0.5
2021-11-07,2021,mean_sediment_flux_kg_s,exclude_2016_2017,24774.52984327494,1703.6932036557712,0.5,0.5
2021-11-08,2021,mean_sediment_flux_kg_s,exclude_2016_2017,29012.147961016784,1636.8045359260955,0.5,0.5
2021-11-09,2021,mean_sediment_flux_kg_s,exclude_2016_2017,27319.987501318432,1583.7981232394318,0.5,0.5
2021-11-10,2021,mean_sediment_flux_kg_s,exclude_2016_2017,22830.21133346878,1529.0874244870106,0.5,0.5
2021-11-11,2021,mean_sediment_flux_kg_s,exclude_2016_2017,24076.65012967144,1477.4232766737825,0.5,0.5
2021-11-12,2021,mean_sediment_flux_kg_s,exclude_2016_2017,22599.100739895133,1432.3928950096692,0.5,0.5
2021-11-13,2021,mean_sediment_flux_kg_s,exclude_2016_2017,20907.63908419988,1393.367840730943,0.5,0.5
2021-11-14,2021,mean_sediment_flux_kg_s,exclude_2016_2017,23981.86612324439,1359.7413907913951,0.5,0.5
2021-11-15,2021,mean_sediment_flux_kg_s,exclude_2016_2017,20146.35951817445,1330.1026969570376,0.5,0.5
2021-11-16,2021,mean_sediment_flux_kg_s,exclude_2016_2017,12469.034963812624,1318.2549741569928,0.5,0.5
2021-11-17,2021,mean_sediment_flux_kg_s,exclude_2016_2017,10747.967020342106,1304.9353866404576,0.5,0.5
2021-11-18,2021,mean_sediment_flux_kg_s,exclude_2016_2017,12069.290461286451,1291.4899576744087,0.5,0.5
2021-11-19,2021,mean_sediment_flux_kg_s,exclude_2016_2017,8869.548351341566,1280.3051641315292,0.5,0.5
2021-11-20,2021,mean_sediment_flux_kg_s,exclude_2016_2017,8123.629981261613,1270.8437833365633,0.5,0.5
2021-11-21,2021,mean_sediment_flux_kg_s,exclude_2016_2017,8753.217311535038,1262.5585015524039,0.5,0.5
2021-11-22,2021,mean_sediment_flux_kg_s,exclude_2016_2017,7990.407920986968,1253.3398685297284,0.5,0.5
2021-11-23,2021,mean_sediment_flux_kg_s,exclude_2016_2017,7415.376332424309,1242.7136597720728,0.5,0.5
2021-11-24,2021,mean_sediment_flux_kg_s,exclude_2016_2017,7077.89061434735,1230.2630434731182,0.5,0.5
2021-11-25,2021,mean_sediment_flux_kg_s,exclude_2016_2017,7127.128569629359,1214.707864792405,0.5,0.5
2021-11-26,2021,mean_sediment_flux_kg_s,exclude_2016_2017,7757.67948948399,1196.6964731656146,0.5,0.5
2021-11-27,2021,mean_sediment_flux_kg_s,exclude_2016_2017,7585.93467028069,1175.9200688099631,0.5,0.5
2021-11-28,2021,mean_sediment_flux_kg_s,exclude_2016_2017,8160.330666961066,1152.0477510050032,0.5,0.5
2021-11-29,2021,mean_sediment_flux_kg_s,exclude_2016_2017,7462.614513553494,1124.7836422069413,0.5,0.5
2021-11-30,2021,mean_sediment_flux_kg_s,exclude_2016_2017,6589.990934809925,1094.7052664248104,0.5,0.5
2021-12-01,2021,mean_sediment_flux_kg_s,exclude_2016_2017,6773.225696527389,1062.389551038805,0.5,0.5
2021-12-02,2021,mean_sediment_flux_kg_s,exclude_2016_2017,6344.103409980612,1029.2899714115017,0.5,0.5
2021-12-03,2021,mean_sediment_flux_kg_s,exclude_2016_2017,4726.102791860965,998.0679934906818,0.5,0.5
2021-12-04,2021,mean_sediment_flux_kg_s,exclude_2016_2017,3763.637991290627,966.2764204037837,0.5,0.5
2021-12-05,2021,mean_sediment_flux_kg_s,exclude_2016_2017,2650.6969507694944,933.2162081656782,0.5,0.5
2021-12-06,2021,mean_sediment_flux_kg_s,exclude_2016_2017,3331.17461784902,900.461459104617,0.5,0.5
2021-12-07,2021,mean_sediment_flux_kg_s,exclude_2016_2017,2868.0148869785585,867.9050034576412,0.5,0.5
2021-12-08,2021,mean_sediment_flux_kg_s,exclude_2016_2017,2297.4809604020734,836.5370495699694,0.5,0.5
2021-12-09,2021,mean_sediment_flux_kg_s,exclude_2016_2017,2000.4669062260216,795.1467704970437,0.5,0.5
2021-12-10,2021,mean_sediment_flux_kg_s,exclude_2016_2017,1842.5646336334048,757.8880582340314,0.5,0.5
2021-12-11,2021,mean_sediment_flux_kg_s,exclude_2016_2017,2332.9457199567355,735.4142879554684,0.5,0.5
2021-12-12,2021,mean_sediment_flux_kg_s,exclude_2016_2017,2694.271897105943,717.1114075039352,0.5,0.5
2021-12-13,2021,mean_sediment_flux_kg_s,exclude_2016_2017,2644.284419360084,701.332248425246,0.5,0.5
2021-12-14,2021,mean_sediment_flux_kg_s,exclude_2016_2017,2170.6128634697566,685.7634005772306,0.5,0.5
2021-12-15,2021,mean_sediment_flux_kg_s,exclude_2016_2017,2234.0213556617337,672.4755301345447,0.5,0.5
2021-12-16,2021,mean_sediment_flux_kg_s,exclude_2016_2017,2640.851020452662,663.313011091647,0.5,0.5
2021-12-17,2021,mean_sediment_flux_kg_s,exclude_2016_2017,3237.627386815729,647.7156873119366,0.5,0.5
2021-12-18,2021,mean_sediment_flux_kg_s,exclude_2016_2017,3719.057838012252,638.7457957622473,0.5,0.5
2021-12-19,2021,mean_sediment_flux_kg_s,exclude_2016_2017,3926.050672938061,634.3632258175141,0.5,0.5
2021-12-20,2021,mean_sediment_flux_kg_s,exclude_2016_2017,3742.3527075930033,630.5531913961428,0.5,0.5
2021-12-21,2021,mean_sediment_flux_kg_s,exclude_2016_2017,3722.6330972943056,627.7363233797449,0.5,0.5
2021-12-22,2021,mean_sediment_flux_kg_s,exclude_2016_2017,3827.4551465318473,624.7461992039634,0.5,0.5
2021-12-23,2021,mean_sediment_flux_kg_s,exclude_2016_2017,3817.96399696462,621.801347110679,0.5,0.5
2021-12-24,2021,mean_sediment_flux_kg_s,exclude_2016_2017,5071.594241919922,618.831009357177,0.5,0.5
2021-12-25,2021,mean_sediment_flux_kg_s,exclude_2016_2017,4468.567017313819,616.1800902662935,0.5,0.5
2021-12-26,2021,mean_sediment_flux_kg_s,exclude_2016_2017,5134.282069338452,613.1300391450591,0.5,0.5
2021-12-27,2021,mean_sediment_flux_kg_s,exclude_2016_2017,5107.116659238142,608.203860858089,0.5,0.5
2021-12-28,2021,mean_sediment_flux_kg_s,exclude_2016_2017,4510.568385275692,601.1541353005898,0.5,0.5
2021-12-29,2021,mean_sediment_flux_kg_s,exclude_2016_2017,4398.810775273481,592.7948262258417,0.5,0.5
2021-12-30,2021,mean_sediment_flux_kg_s,exclude_2016_2017,4067.938110115921,583.420447300963,0.5,0.5
2021-12-31,2021,mean_sediment_flux_kg_s,exclude_2016_2017,3929.7723806679583,572.697188765876,0.5,0.5
