scheme,date,original_edge,demand_type,alternative_origin,alternative_dest,alternative_edge,allocated_volume,unserved_volume
min_changed_plus_2,2023-01-01,DC10->DC5,inbound_to_closed_site,DC10,DC9,DC10->DC9,6668,0
min_changed_plus_2,2023-01-01,DC14->DC5,inbound_to_closed_site,DC14,DC62,DC14->DC62,13918,0
min_changed_plus_2,2023-01-01,DC15->DC5,inbound_to_closed_site,DC15,DC9,DC15->DC9,2766,0
min_changed_plus_2,2023-01-01,DC17->DC5,inbound_to_closed_site,DC17,DC4,DC17->DC4,8372,0
min_changed_plus_2,2023-01-01,DC19->DC5,inbound_to_closed_site,DC19,DC10,DC19->DC10,4987,0
min_changed_plus_2,2023-01-01,DC20->DC5,inbound_to_closed_site,DC20,DC3,DC20->DC3,4506,0
min_changed_plus_2,2023-01-01,DC21->DC5,inbound_to_closed_site,DC21,DC14,DC21->DC14,7993,0
min_changed_plus_2,2023-01-01,DC22->DC5,inbound_to_closed_site,DC22,DC12,DC22->DC12,4971,0
min_changed_plus_2,2023-01-01,DC23->DC5,inbound_to_closed_site,DC23,DC35,DC23->DC35,6221,0
min_changed_plus_2,2023-01-01,DC25->DC5,inbound_to_closed_site,DC25,DC9,DC25->DC9,3310,0
min_changed_plus_2,2023-01-01,DC26->DC5,inbound_to_closed_site,DC26,DC62,DC26->DC62,1140,0
min_changed_plus_2,2023-01-01,DC27->DC5,inbound_to_closed_site,DC27,DC8,DC27->DC8,1754,0
min_changed_plus_2,2023-01-01,DC28->DC5,inbound_to_closed_site,DC28,DC3,DC28->DC3,1937,0
min_changed_plus_2,2023-01-01,DC30->DC5,inbound_to_closed_site,DC30,DC8,DC30->DC8,1488,0
min_changed_plus_2,2023-01-01,DC31->DC5,inbound_to_closed_site,DC31,DC64,DC31->DC64,106,0
min_changed_plus_2,2023-01-01,DC34->DC5,inbound_to_closed_site,DC34,DC4,DC34->DC4,14,0
min_changed_plus_2,2023-01-01,DC36->DC5,inbound_to_closed_site,DC36,DC64,DC36->DC64,7807,0
min_changed_plus_2,2023-01-01,DC38->DC5,inbound_to_closed_site,DC38,DC3,DC38->DC3,2235,0
min_changed_plus_2,2023-01-01,DC4->DC5,inbound_to_closed_site,DC4,DC10,DC4->DC10,6,0
min_changed_plus_2,2023-01-01,DC40->DC5,inbound_to_closed_site,DC40,DC10,DC40->DC10,5,0
min_changed_plus_2,2023-01-01,DC42->DC5,inbound_to_closed_site,DC42,DC14,DC42->DC14,358,0
min_changed_plus_2,2023-01-01,DC43->DC5,inbound_to_closed_site,DC43,DC3,DC43->DC3,544,0
min_changed_plus_2,2023-01-01,DC44->DC5,inbound_to_closed_site,DC44,DC14,DC44->DC14,1923,0
min_changed_plus_2,2023-01-01,DC46->DC5,inbound_to_closed_site,DC46,DC12,DC46->DC12,799,0
min_changed_plus_2,2023-01-01,DC47->DC5,inbound_to_closed_site,DC47,DC14,DC47->DC14,1211,0
min_changed_plus_2,2023-01-01,DC48->DC5,inbound_to_closed_site,DC48,DC9,DC48->DC9,1053,0
min_changed_plus_2,2023-01-01,DC5->DC10,outbound_from_closed_site,DC49,DC10,DC49->DC10,222,0
min_changed_plus_2,2023-01-01,DC5->DC14,outbound_from_closed_site,DC59,DC14,DC59->DC14,86,0
min_changed_plus_2,2023-01-01,DC5->DC35,outbound_from_closed_site,DC23,DC35,DC23->DC35,3,0
min_changed_plus_2,2023-01-01,DC5->DC4,outbound_from_closed_site,DC17,DC4,DC17->DC4,756,0
min_changed_plus_2,2023-01-01,DC5->DC62,outbound_from_closed_site,DC14,DC62,DC14->DC62,157,0
min_changed_plus_2,2023-01-01,DC5->DC70,outbound_from_closed_site,DC14,DC70,DC14->DC70,11,0
min_changed_plus_2,2023-01-01,DC5->DC8,outbound_from_closed_site,DC56,DC8,DC56->DC8,6,0
min_changed_plus_2,2023-01-01,DC50->DC5,inbound_to_closed_site,DC50,DC10,DC50->DC10,776,0
min_changed_plus_2,2023-01-01,DC51->DC5,inbound_to_closed_site,DC51,DC8,DC51->DC8,2680,0
min_changed_plus_2,2023-01-01,DC52->DC5,inbound_to_closed_site,DC52,DC10,DC52->DC10,43,0
min_changed_plus_2,2023-01-01,DC53->DC5,inbound_to_closed_site,DC53,DC65,DC53->DC65,506,0
min_changed_plus_2,2023-01-01,DC55->DC5,inbound_to_closed_site,DC55,DC4,DC55->DC4,39,0
min_changed_plus_2,2023-01-01,DC56->DC5,inbound_to_closed_site,DC56,DC8,DC56->DC8,1,0
min_changed_plus_2,2023-01-01,DC59->DC5,inbound_to_closed_site,DC59,DC14,DC59->DC14,275,0
min_changed_plus_2,2023-01-01,DC60->DC5,inbound_to_closed_site,DC60,DC62,DC60->DC62,1476,0
min_changed_plus_2,2023-01-01,DC62->DC5,inbound_to_closed_site,DC62,DC8,DC62->DC8,3083,0
min_changed_plus_2,2023-01-01,DC68->DC5,inbound_to_closed_site,DC68,DC8,DC68->DC8,89,0
min_changed_plus_2,2023-01-01,DC69->DC5,inbound_to_closed_site,DC69,DC8,DC69->DC8,304,0
min_changed_plus_2,2023-01-01,DC7->DC5,inbound_to_closed_site,DC7,DC4,DC7->DC4,58,0
min_changed_plus_2,2023-01-01,DC71->DC5,inbound_to_closed_site,DC71,DC4,DC71->DC4,17,0
min_changed_plus_2,2023-01-01,DC73->DC5,inbound_to_closed_site,DC73,DC8,DC73->DC8,2586,0
min_changed_plus_2,2023-01-01,DC8->DC5,inbound_to_closed_site,DC8,DC14,DC8->DC14,4936,0
min_changed_plus_2,2023-01-01,DC9->DC5,inbound_to_closed_site,DC9,DC10,DC9->DC10,1761,0
min_changed_plus_2,2023-01-01,DC9->DC5,inbound_to_closed_site,DC9,DC12,DC9->DC12,388,0
min_changed_plus_2,2023-01-01,DC9->DC5,inbound_to_closed_site,DC9,DC13,DC9->DC13,10,0
min_changed_plus_2,2023-01-01,DC9->DC5,inbound_to_closed_site,DC9,DC19,DC9->DC19,2,0
min_changed_plus_2,2023-01-01,DC9->DC5,inbound_to_closed_site,DC9,DC21,DC9->DC21,1,0
min_changed_plus_2,2023-01-01,DC9->DC5,inbound_to_closed_site,DC9,DC22,DC9->DC22,5,0
min_changed_plus_2,2023-01-01,DC9->DC5,inbound_to_closed_site,DC9,DC23,DC9->DC23,2,0
min_changed_plus_2,2023-01-01,DC9->DC5,inbound_to_closed_site,DC9,DC25,DC9->DC25,44,0
min_changed_plus_2,2023-01-01,DC9->DC5,inbound_to_closed_site,DC9,DC3,DC9->DC3,4174,0
min_changed_plus_2,2023-01-01,DC9->DC5,inbound_to_closed_site,DC9,DC32,DC9->DC32,120,0
min_changed_plus_2,2023-01-01,DC9->DC5,inbound_to_closed_site,DC9,DC34,DC9->DC34,476,0
min_changed_plus_2,2023-01-01,DC9->DC5,inbound_to_closed_site,DC9,DC35,DC9->DC35,259,0
min_changed_plus_2,2023-01-01,DC9->DC5,inbound_to_closed_site,DC9,DC36,DC9->DC36,12,0
min_changed_plus_2,2023-01-01,DC9->DC5,inbound_to_closed_site,DC9,DC4,DC9->DC4,2114,0
min_changed_plus_2,2023-01-01,DC9->DC5,inbound_to_closed_site,DC9,DC40,DC9->DC40,12,0
min_changed_plus_2,2023-01-01,DC9->DC5,inbound_to_closed_site,DC9,DC48,DC9->DC48,7,0
min_changed_plus_2,2023-01-01,DC9->DC5,inbound_to_closed_site,DC9,DC51,DC9->DC51,2,0
min_changed_plus_2,2023-01-01,DC9->DC5,inbound_to_closed_site,DC9,DC58,DC9->DC58,1,0
min_changed_plus_2,2023-01-01,DC9->DC5,inbound_to_closed_site,DC9,DC62,DC9->DC62,2,0
min_changed_plus_2,2023-01-01,DC9->DC5,inbound_to_closed_site,DC9,DC67,DC9->DC67,142,0
min_changed_plus_2,2023-01-01,DC9->DC5,inbound_to_closed_site,DC9,DC79,DC9->DC79,2,0
min_changed_plus_2,2023-01-01,DC9->DC5,inbound_to_closed_site,DC9,DC8,DC9->DC8,2225,0
min_changed_plus_2,2023-01-01,DC9->DC5,inbound_to_closed_site,,,,0,4718
min_changed_plus_2,2023-01-02,DC10->DC5,inbound_to_closed_site,DC10,DC12,DC10->DC12,993,0
min_changed_plus_2,2023-01-02,DC10->DC5,inbound_to_closed_site,DC10,DC4,DC10->DC4,5578,0
min_changed_plus_2,2023-01-02,DC14->DC5,inbound_to_closed_site,DC14,DC35,DC14->DC35,13999,0
min_changed_plus_2,2023-01-02,DC15->DC5,inbound_to_closed_site,DC15,DC9,DC15->DC9,2865,0
min_changed_plus_2,2023-01-02,DC17->DC5,inbound_to_closed_site,DC17,DC35,DC17->DC35,8439,0
min_changed_plus_2,2023-01-02,DC19->DC5,inbound_to_closed_site,DC19,DC8,DC19->DC8,5009,0
min_changed_plus_2,2023-01-02,DC20->DC5,inbound_to_closed_site,DC20,DC35,DC20->DC35,4485,0
min_changed_plus_2,2023-01-02,DC21->DC5,inbound_to_closed_site,DC21,DC3,DC21->DC3,9447,0
min_changed_plus_2,2023-01-02,DC22->DC5,inbound_to_closed_site,DC22,DC3,DC22->DC3,5207,0
min_changed_plus_2,2023-01-02,DC23->DC5,inbound_to_closed_site,DC23,DC65,DC23->DC65,6047,0
min_changed_plus_2,2023-01-02,DC25->DC5,inbound_to_closed_site,DC25,DC14,DC25->DC14,3898,0
min_changed_plus_2,2023-01-02,DC26->DC5,inbound_to_closed_site,DC26,DC9,DC26->DC9,1226,0
min_changed_plus_2,2023-01-02,DC27->DC5,inbound_to_closed_site,DC27,DC65,DC27->DC65,1365,0
min_changed_plus_2,2023-01-02,DC28->DC5,inbound_to_closed_site,DC28,DC8,DC28->DC8,2058,0
min_changed_plus_2,2023-01-02,DC30->DC5,inbound_to_closed_site,DC30,DC62,DC30->DC62,1423,0
min_changed_plus_2,2023-01-02,DC31->DC5,inbound_to_closed_site,DC31,DC64,DC31->DC64,121,0
min_changed_plus_2,2023-01-02,DC34->DC5,inbound_to_closed_site,DC34,DC12,DC34->DC12,20,0
min_changed_plus_2,2023-01-02,DC36->DC5,inbound_to_closed_site,DC36,DC64,DC36->DC64,7876,0
min_changed_plus_2,2023-01-02,DC38->DC5,inbound_to_closed_site,DC38,DC62,DC38->DC62,2583,0
min_changed_plus_2,2023-01-02,DC4->DC5,inbound_to_closed_site,DC4,DC62,DC4->DC62,8,0
min_changed_plus_2,2023-01-02,DC40->DC5,inbound_to_closed_site,DC40,DC14,DC40->DC14,6,0
min_changed_plus_2,2023-01-02,DC42->DC5,inbound_to_closed_site,DC42,DC14,DC42->DC14,370,0
min_changed_plus_2,2023-01-02,DC43->DC5,inbound_to_closed_site,DC43,DC3,DC43->DC3,686,0
min_changed_plus_2,2023-01-02,DC44->DC5,inbound_to_closed_site,DC44,DC3,DC44->DC3,2604,0
min_changed_plus_2,2023-01-02,DC46->DC5,inbound_to_closed_site,DC46,DC62,DC46->DC62,844,0
min_changed_plus_2,2023-01-02,DC47->DC5,inbound_to_closed_site,DC47,DC9,DC47->DC9,1528,0
min_changed_plus_2,2023-01-02,DC48->DC5,inbound_to_closed_site,DC48,DC8,DC48->DC8,1177,0
min_changed_plus_2,2023-01-02,DC5->DC10,outbound_from_closed_site,DC8,DC10,DC8->DC10,192,0
min_changed_plus_2,2023-01-02,DC5->DC14,outbound_from_closed_site,DC68,DC14,DC68->DC14,78,0
min_changed_plus_2,2023-01-02,DC5->DC35,outbound_from_closed_site,DC17,DC35,DC17->DC35,1,0
min_changed_plus_2,2023-01-02,DC5->DC4,outbound_from_closed_site,DC71,DC4,DC71->DC4,813,0
min_changed_plus_2,2023-01-02,DC5->DC62,outbound_from_closed_site,DC73,DC62,DC73->DC62,151,0
min_changed_plus_2,2023-01-02,DC5->DC70,outbound_from_closed_site,DC19,DC70,DC19->DC70,12,0
min_changed_plus_2,2023-01-02,DC5->DC8,outbound_from_closed_site,DC19,DC8,DC19->DC8,6,0
min_changed_plus_2,2023-01-02,DC50->DC5,inbound_to_closed_site,DC50,DC35,DC50->DC35,759,0
min_changed_plus_2,2023-01-02,DC51->DC5,inbound_to_closed_site,DC51,DC35,DC51->DC35,3071,0
min_changed_plus_2,2023-01-02,DC52->DC5,inbound_to_closed_site,DC52,DC14,DC52->DC14,46,0
min_changed_plus_2,2023-01-02,DC53->DC5,inbound_to_closed_site,DC53,DC62,DC53->DC62,529,0
min_changed_plus_2,2023-01-02,DC55->DC5,inbound_to_closed_site,DC55,DC62,DC55->DC62,34,0
min_changed_plus_2,2023-01-02,DC59->DC5,inbound_to_closed_site,DC59,DC8,DC59->DC8,316,0
min_changed_plus_2,2023-01-02,DC60->DC5,inbound_to_closed_site,DC60,DC35,DC60->DC35,1212,0
min_changed_plus_2,2023-01-02,DC62->DC5,inbound_to_closed_site,DC62,DC14,DC62->DC14,2740,0
min_changed_plus_2,2023-01-02,DC68->DC5,inbound_to_closed_site,DC68,DC14,DC68->DC14,91,0
min_changed_plus_2,2023-01-02,DC69->DC5,inbound_to_closed_site,DC69,DC14,DC69->DC14,34,0
min_changed_plus_2,2023-01-02,DC7->DC5,inbound_to_closed_site,DC7,DC9,DC7->DC9,65,0
min_changed_plus_2,2023-01-02,DC71->DC5,inbound_to_closed_site,DC71,DC4,DC71->DC4,34,0
min_changed_plus_2,2023-01-02,DC73->DC5,inbound_to_closed_site,DC73,DC62,DC73->DC62,2667,0
min_changed_plus_2,2023-01-02,DC8->DC5,inbound_to_closed_site,DC8,DC10,DC8->DC10,4699,0
min_changed_plus_2,2023-01-02,DC9->DC5,inbound_to_closed_site,DC9,DC3,DC9->DC3,13989,0
min_changed_plus_2,2023-01-03,DC10->DC5,inbound_to_closed_site,DC10,DC12,DC10->DC12,993,0
min_changed_plus_2,2023-01-03,DC10->DC5,inbound_to_closed_site,DC10,DC9,DC10->DC9,5478,0
min_changed_plus_2,2023-01-03,DC14->DC5,inbound_to_closed_site,DC14,DC35,DC14->DC35,13951,0
min_changed_plus_2,2023-01-03,DC15->DC5,inbound_to_closed_site,DC15,DC14,DC15->DC14,2836,0
min_changed_plus_2,2023-01-03,DC17->DC5,inbound_to_closed_site,DC17,DC3,DC17->DC3,8356,0
min_changed_plus_2,2023-01-03,DC19->DC5,inbound_to_closed_site,DC19,DC3,DC19->DC3,5001,0
min_changed_plus_2,2023-01-03,DC20->DC5,inbound_to_closed_site,DC20,DC12,DC20->DC12,4523,0
min_changed_plus_2,2023-01-03,DC21->DC5,inbound_to_closed_site,DC21,DC10,DC21->DC10,9228,0
min_changed_plus_2,2023-01-03,DC22->DC5,inbound_to_closed_site,DC22,DC65,DC22->DC65,5142,0
min_changed_plus_2,2023-01-03,DC23->DC5,inbound_to_closed_site,DC23,DC64,DC23->DC64,5645,0
min_changed_plus_2,2023-01-03,DC25->DC5,inbound_to_closed_site,DC25,DC3,DC25->DC3,4525,0
min_changed_plus_2,2023-01-03,DC26->DC5,inbound_to_closed_site,DC26,DC9,DC26->DC9,1223,0
min_changed_plus_2,2023-01-03,DC27->DC5,inbound_to_closed_site,DC27,DC65,DC27->DC65,1280,0
min_changed_plus_2,2023-01-03,DC28->DC5,inbound_to_closed_site,DC28,DC8,DC28->DC8,2097,0
min_changed_plus_2,2023-01-03,DC30->DC5,inbound_to_closed_site,DC30,DC62,DC30->DC62,1410,0
min_changed_plus_2,2023-01-03,DC31->DC5,inbound_to_closed_site,DC31,DC64,DC31->DC64,98,0
min_changed_plus_2,2023-01-03,DC34->DC5,inbound_to_closed_site,DC34,DC12,DC34->DC12,23,0
min_changed_plus_2,2023-01-03,DC36->DC5,inbound_to_closed_site,DC36,DC64,DC36->DC64,7871,0
min_changed_plus_2,2023-01-03,DC38->DC5,inbound_to_closed_site,DC38,DC62,DC38->DC62,2546,0
min_changed_plus_2,2023-01-03,DC4->DC5,inbound_to_closed_site,DC4,DC62,DC4->DC62,14,0
min_changed_plus_2,2023-01-03,DC40->DC5,inbound_to_closed_site,DC40,DC9,DC40->DC9,6,0
min_changed_plus_2,2023-01-03,DC42->DC5,inbound_to_closed_site,DC42,DC4,DC42->DC4,373,0
min_changed_plus_2,2023-01-03,DC43->DC5,inbound_to_closed_site,DC43,DC3,DC43->DC3,712,0
min_changed_plus_2,2023-01-03,DC44->DC5,inbound_to_closed_site,DC44,DC3,DC44->DC3,2491,0
min_changed_plus_2,2023-01-03,DC46->DC5,inbound_to_closed_site,DC46,DC62,DC46->DC62,844,0
min_changed_plus_2,2023-01-03,DC47->DC5,inbound_to_closed_site,DC47,DC9,DC47->DC9,1490,0
min_changed_plus_2,2023-01-03,DC48->DC5,inbound_to_closed_site,DC48,DC8,DC48->DC8,1118,0
min_changed_plus_2,2023-01-03,DC5->DC10,outbound_from_closed_site,DC68,DC10,DC68->DC10,183,0
min_changed_plus_2,2023-01-03,DC5->DC14,outbound_from_closed_site,DC7,DC14,DC7->DC14,80,0
min_changed_plus_2,2023-01-03,DC5->DC4,outbound_from_closed_site,DC42,DC4,DC42->DC4,1053,0
min_changed_plus_2,2023-01-03,DC5->DC62,outbound_from_closed_site,DC46,DC62,DC46->DC62,152,0
min_changed_plus_2,2023-01-03,DC5->DC70,outbound_from_closed_site,DC46,DC70,DC46->DC70,15,0
min_changed_plus_2,2023-01-03,DC5->DC8,outbound_from_closed_site,DC59,DC8,DC59->DC8,6,0
min_changed_plus_2,2023-01-03,DC50->DC5,inbound_to_closed_site,DC50,DC10,DC50->DC10,751,0
min_changed_plus_2,2023-01-03,DC51->DC5,inbound_to_closed_site,DC51,DC12,DC51->DC12,2957,0
min_changed_plus_2,2023-01-03,DC52->DC5,inbound_to_closed_site,DC52,DC35,DC52->DC35,45,0
min_changed_plus_2,2023-01-03,DC53->DC5,inbound_to_closed_site,DC53,DC14,DC53->DC14,487,0
min_changed_plus_2,2023-01-03,DC55->DC5,inbound_to_closed_site,DC55,DC3,DC55->DC3,39,0
min_changed_plus_2,2023-01-03,DC59->DC5,inbound_to_closed_site,DC59,DC8,DC59->DC8,305,0
min_changed_plus_2,2023-01-03,DC60->DC5,inbound_to_closed_site,DC60,DC14,DC60->DC14,1128,0
min_changed_plus_2,2023-01-03,DC62->DC5,inbound_to_closed_site,DC62,DC14,DC62->DC14,3012,0
min_changed_plus_2,2023-01-03,DC68->DC5,inbound_to_closed_site,DC68,DC10,DC68->DC10,112,0
min_changed_plus_2,2023-01-03,DC69->DC5,inbound_to_closed_site,DC69,DC10,DC69->DC10,22,0
min_changed_plus_2,2023-01-03,DC7->DC5,inbound_to_closed_site,DC7,DC14,DC7->DC14,93,0
min_changed_plus_2,2023-01-03,DC71->DC5,inbound_to_closed_site,DC71,DC12,DC71->DC12,35,0
min_changed_plus_2,2023-01-03,DC73->DC5,inbound_to_closed_site,DC73,DC3,DC73->DC3,2656,0
min_changed_plus_2,2023-01-03,DC8->DC5,inbound_to_closed_site,DC8,DC14,DC8->DC14,4935,0
min_changed_plus_2,2023-01-03,DC9->DC5,inbound_to_closed_site,DC9,DC3,DC9->DC3,13590,0
min_changed_plus_2,2023-01-04,DC10->DC5,inbound_to_closed_site,DC10,DC4,DC10->DC4,6471,0
min_changed_plus_2,2023-01-04,DC14->DC5,inbound_to_closed_site,DC14,DC35,DC14->DC35,13951,0
min_changed_plus_2,2023-01-04,DC15->DC5,inbound_to_closed_site,DC15,DC8,DC15->DC8,2836,0
min_changed_plus_2,2023-01-04,DC17->DC5,inbound_to_closed_site,DC17,DC35,DC17->DC35,8455,0
min_changed_plus_2,2023-01-04,DC19->DC5,inbound_to_closed_site,DC19,DC14,DC19->DC14,4965,0
min_changed_plus_2,2023-01-04,DC20->DC5,inbound_to_closed_site,DC20,DC4,DC20->DC4,4523,0
min_changed_plus_2,2023-01-04,DC21->DC5,inbound_to_closed_site,DC21,DC10,DC21->DC10,7885,0
min_changed_plus_2,2023-01-04,DC22->DC5,inbound_to_closed_site,DC22,DC62,DC22->DC62,5142,0
min_changed_plus_2,2023-01-04,DC23->DC5,inbound_to_closed_site,DC23,DC3,DC23->DC3,5423,0
min_changed_plus_2,2023-01-04,DC25->DC5,inbound_to_closed_site,DC25,DC10,DC25->DC10,4112,0
min_changed_plus_2,2023-01-04,DC26->DC5,inbound_to_closed_site,DC26,DC9,DC26->DC9,1254,0
min_changed_plus_2,2023-01-04,DC27->DC5,inbound_to_closed_site,DC27,DC65,DC27->DC65,1187,0
min_changed_plus_2,2023-01-04,DC28->DC5,inbound_to_closed_site,DC28,DC8,DC28->DC8,2083,0
min_changed_plus_2,2023-01-04,DC30->DC5,inbound_to_closed_site,DC30,DC62,DC30->DC62,1415,0
min_changed_plus_2,2023-01-04,DC31->DC5,inbound_to_closed_site,DC31,DC64,DC31->DC64,115,0
min_changed_plus_2,2023-01-04,DC34->DC5,inbound_to_closed_site,DC34,DC12,DC34->DC12,20,0
min_changed_plus_2,2023-01-04,DC36->DC5,inbound_to_closed_site,DC36,DC64,DC36->DC64,7738,0
min_changed_plus_2,2023-01-04,DC38->DC5,inbound_to_closed_site,DC38,DC62,DC38->DC62,2422,0
min_changed_plus_2,2023-01-04,DC4->DC5,inbound_to_closed_site,DC4,DC62,DC4->DC62,12,0
min_changed_plus_2,2023-01-04,DC40->DC5,inbound_to_closed_site,DC40,DC4,DC40->DC4,6,0
min_changed_plus_2,2023-01-04,DC42->DC5,inbound_to_closed_site,DC42,DC14,DC42->DC14,362,0
min_changed_plus_2,2023-01-04,DC43->DC5,inbound_to_closed_site,DC43,DC3,DC43->DC3,725,0
min_changed_plus_2,2023-01-04,DC44->DC5,inbound_to_closed_site,DC44,DC3,DC44->DC3,2676,0
min_changed_plus_2,2023-01-04,DC46->DC5,inbound_to_closed_site,DC46,DC62,DC46->DC62,813,0
min_changed_plus_2,2023-01-04,DC47->DC5,inbound_to_closed_site,DC47,DC9,DC47->DC9,1506,0
min_changed_plus_2,2023-01-04,DC48->DC5,inbound_to_closed_site,DC48,DC8,DC48->DC8,1106,0
min_changed_plus_2,2023-01-04,DC5->DC10,outbound_from_closed_site,DC21,DC10,DC21->DC10,183,0
min_changed_plus_2,2023-01-04,DC5->DC14,outbound_from_closed_site,DC19,DC14,DC19->DC14,79,0
min_changed_plus_2,2023-01-04,DC5->DC4,outbound_from_closed_site,DC26,DC4,DC26->DC4,1270,0
min_changed_plus_2,2023-01-04,DC5->DC62,outbound_from_closed_site,DC46,DC62,DC46->DC62,152,0
min_changed_plus_2,2023-01-04,DC5->DC70,outbound_from_closed_site,DC14,DC70,DC14->DC70,12,0
min_changed_plus_2,2023-01-04,DC5->DC8,outbound_from_closed_site,DC28,DC8,DC28->DC8,6,0
min_changed_plus_2,2023-01-04,DC50->DC5,inbound_to_closed_site,DC50,DC62,DC50->DC62,705,0
min_changed_plus_2,2023-01-04,DC51->DC5,inbound_to_closed_site,DC51,DC10,DC51->DC10,2970,0
min_changed_plus_2,2023-01-04,DC52->DC5,inbound_to_closed_site,DC52,DC8,DC52->DC8,44,0
min_changed_plus_2,2023-01-04,DC53->DC5,inbound_to_closed_site,DC53,DC10,DC53->DC10,409,0
min_changed_plus_2,2023-01-04,DC55->DC5,inbound_to_closed_site,DC55,DC14,DC55->DC14,37,0
min_changed_plus_2,2023-01-04,DC59->DC5,inbound_to_closed_site,DC59,DC14,DC59->DC14,290,0
min_changed_plus_2,2023-01-04,DC60->DC5,inbound_to_closed_site,DC60,DC10,DC60->DC10,1065,0
min_changed_plus_2,2023-01-04,DC62->DC5,inbound_to_closed_site,DC62,DC14,DC62->DC14,3144,0
min_changed_plus_2,2023-01-04,DC68->DC5,inbound_to_closed_site,DC68,DC14,DC68->DC14,95,0
min_changed_plus_2,2023-01-04,DC69->DC5,inbound_to_closed_site,DC69,DC10,DC69->DC10,23,0
min_changed_plus_2,2023-01-04,DC7->DC5,inbound_to_closed_site,DC7,DC4,DC7->DC4,88,0
min_changed_plus_2,2023-01-04,DC71->DC5,inbound_to_closed_site,DC71,DC10,DC71->DC10,36,0
min_changed_plus_2,2023-01-04,DC73->DC5,inbound_to_closed_site,DC73,DC3,DC73->DC3,2618,0
min_changed_plus_2,2023-01-04,DC8->DC5,inbound_to_closed_site,DC8,DC10,DC8->DC10,4945,0
min_changed_plus_2,2023-01-04,DC9->DC5,inbound_to_closed_site,DC9,DC3,DC9->DC3,7639,0
min_changed_plus_2,2023-01-04,DC9->DC5,inbound_to_closed_site,DC9,DC4,DC9->DC4,1545,0
min_changed_plus_2,2023-01-04,DC9->DC5,inbound_to_closed_site,DC9,DC8,DC9->DC8,2143,0
min_changed_plus_2,2023-01-05,DC10->DC5,inbound_to_closed_site,DC10,DC4,DC10->DC4,6338,0
min_changed_plus_2,2023-01-05,DC14->DC5,inbound_to_closed_site,DC14,DC8,DC14->DC8,13839,0
min_changed_plus_2,2023-01-05,DC15->DC5,inbound_to_closed_site,DC15,DC8,DC15->DC8,2801,0
min_changed_plus_2,2023-01-05,DC17->DC5,inbound_to_closed_site,DC17,DC14,DC17->DC14,8456,0
min_changed_plus_2,2023-01-05,DC19->DC5,inbound_to_closed_site,DC19,DC10,DC19->DC10,4988,0
min_changed_plus_2,2023-01-05,DC20->DC5,inbound_to_closed_site,DC20,DC10,DC20->DC10,4629,0
min_changed_plus_2,2023-01-05,DC21->DC5,inbound_to_closed_site,DC21,DC14,DC21->DC14,16939,0
min_changed_plus_2,2023-01-05,DC22->DC5,inbound_to_closed_site,DC22,DC10,DC22->DC10,4996,0
min_changed_plus_2,2023-01-05,DC23->DC5,inbound_to_closed_site,DC23,DC70,DC23->DC70,5456,0
min_changed_plus_2,2023-01-05,DC25->DC5,inbound_to_closed_site,DC25,DC14,DC25->DC14,4072,0
min_changed_plus_2,2023-01-05,DC26->DC5,inbound_to_closed_site,DC26,DC62,DC26->DC62,1235,0
min_changed_plus_2,2023-01-05,DC27->DC5,inbound_to_closed_site,DC27,DC62,DC27->DC62,1140,0
min_changed_plus_2,2023-01-05,DC28->DC5,inbound_to_closed_site,DC28,DC8,DC28->DC8,2028,0
min_changed_plus_2,2023-01-05,DC30->DC5,inbound_to_closed_site,DC30,DC62,DC30->DC62,1390,0
min_changed_plus_2,2023-01-05,DC31->DC5,inbound_to_closed_site,DC31,DC62,DC31->DC62,96,0
min_changed_plus_2,2023-01-05,DC34->DC5,inbound_to_closed_site,DC34,DC14,DC34->DC14,24,0
min_changed_plus_2,2023-01-05,DC36->DC5,inbound_to_closed_site,DC36,DC10,DC36->DC10,7704,0
min_changed_plus_2,2023-01-05,DC38->DC5,inbound_to_closed_site,DC38,DC62,DC38->DC62,2323,0
min_changed_plus_2,2023-01-05,DC4->DC5,inbound_to_closed_site,DC4,DC62,DC4->DC62,13,0
min_changed_plus_2,2023-01-05,DC40->DC5,inbound_to_closed_site,DC40,DC70,DC40->DC70,6,0
min_changed_plus_2,2023-01-05,DC42->DC5,inbound_to_closed_site,DC42,DC14,DC42->DC14,346,0
min_changed_plus_2,2023-01-05,DC43->DC5,inbound_to_closed_site,DC43,DC4,DC43->DC4,747,0
min_changed_plus_2,2023-01-05,DC44->DC5,inbound_to_closed_site,DC44,DC70,DC44->DC70,2109,0
min_changed_plus_2,2023-01-05,DC46->DC5,inbound_to_closed_site,DC46,DC62,DC46->DC62,749,0
min_changed_plus_2,2023-01-05,DC47->DC5,inbound_to_closed_site,DC47,DC14,DC47->DC14,1313,0
min_changed_plus_2,2023-01-05,DC48->DC5,inbound_to_closed_site,DC48,DC8,DC48->DC8,1079,0
min_changed_plus_2,2023-01-05,DC5->DC10,outbound_from_closed_site,DC62,DC10,DC62->DC10,173,0
min_changed_plus_2,2023-01-05,DC5->DC14,outbound_from_closed_site,DC69,DC14,DC69->DC14,77,0
min_changed_plus_2,2023-01-05,DC5->DC4,outbound_from_closed_site,DC7,DC4,DC7->DC4,1173,0
min_changed_plus_2,2023-01-05,DC5->DC62,outbound_from_closed_site,DC26,DC62,DC26->DC62,140,0
min_changed_plus_2,2023-01-05,DC5->DC70,outbound_from_closed_site,DC40,DC70,DC40->DC70,15,0
min_changed_plus_2,2023-01-05,DC5->DC8,outbound_from_closed_site,DC52,DC8,DC52->DC8,6,0
min_changed_plus_2,2023-01-05,DC50->DC5,inbound_to_closed_site,DC50,DC62,DC50->DC62,667,0
min_changed_plus_2,2023-01-05,DC51->DC5,inbound_to_closed_site,DC51,DC10,DC51->DC10,2905,0
min_changed_plus_2,2023-01-05,DC52->DC5,inbound_to_closed_site,DC52,DC8,DC52->DC8,49,0
min_changed_plus_2,2023-01-05,DC53->DC5,inbound_to_closed_site,DC53,DC25,DC53->DC25,252,0
min_changed_plus_2,2023-01-05,DC55->DC5,inbound_to_closed_site,DC55,DC14,DC55->DC14,39,0
min_changed_plus_2,2023-01-05,DC59->DC5,inbound_to_closed_site,DC59,DC14,DC59->DC14,294,0
min_changed_plus_2,2023-01-05,DC60->DC5,inbound_to_closed_site,DC60,DC70,DC60->DC70,1002,0
min_changed_plus_2,2023-01-05,DC62->DC5,inbound_to_closed_site,DC62,DC10,DC62->DC10,3117,0
min_changed_plus_2,2023-01-05,DC68->DC5,inbound_to_closed_site,DC68,DC14,DC68->DC14,95,0
min_changed_plus_2,2023-01-05,DC69->DC5,inbound_to_closed_site,DC69,DC14,DC69->DC14,25,0
min_changed_plus_2,2023-01-05,DC7->DC5,inbound_to_closed_site,DC7,DC4,DC7->DC4,107,0
min_changed_plus_2,2023-01-05,DC71->DC5,inbound_to_closed_site,DC71,DC10,DC71->DC10,44,0
min_changed_plus_2,2023-01-05,DC73->DC5,inbound_to_closed_site,DC73,DC4,DC73->DC4,2582,0
min_changed_plus_2,2023-01-05,DC8->DC5,inbound_to_closed_site,DC8,DC14,DC8->DC14,5053,0
min_changed_plus_2,2023-01-05,DC9->DC5,inbound_to_closed_site,DC9,DC14,DC9->DC14,8290,0
min_changed_plus_2,2023-01-05,DC9->DC5,inbound_to_closed_site,DC9,DC3,DC9->DC3,2848,0
min_changed_plus_2,2023-01-05,DC9->DC5,inbound_to_closed_site,DC9,DC8,DC9->DC8,1880,0
min_changed_plus_2,2023-01-06,DC10->DC5,inbound_to_closed_site,DC10,DC4,DC10->DC4,6486,0
min_changed_plus_2,2023-01-06,DC14->DC5,inbound_to_closed_site,DC14,DC35,DC14->DC35,13951,0
min_changed_plus_2,2023-01-06,DC15->DC5,inbound_to_closed_site,DC15,DC8,DC15->DC8,2833,0
min_changed_plus_2,2023-01-06,DC17->DC5,inbound_to_closed_site,DC17,DC35,DC17->DC35,8741,0
min_changed_plus_2,2023-01-06,DC19->DC5,inbound_to_closed_site,DC19,DC14,DC19->DC14,4919,0
min_changed_plus_2,2023-01-06,DC20->DC5,inbound_to_closed_site,DC20,DC4,DC20->DC4,4648,0
min_changed_plus_2,2023-01-06,DC21->DC5,inbound_to_closed_site,DC21,DC10,DC21->DC10,11096,0
min_changed_plus_2,2023-01-06,DC22->DC5,inbound_to_closed_site,DC22,DC62,DC22->DC62,5132,0
min_changed_plus_2,2023-01-06,DC23->DC5,inbound_to_closed_site,DC23,DC3,DC23->DC3,5435,0
min_changed_plus_2,2023-01-06,DC25->DC5,inbound_to_closed_site,DC25,DC10,DC25->DC10,4023,0
min_changed_plus_2,2023-01-06,DC26->DC5,inbound_to_closed_site,DC26,DC9,DC26->DC9,1273,0
min_changed_plus_2,2023-01-06,DC27->DC5,inbound_to_closed_site,DC27,DC65,DC27->DC65,1145,0
min_changed_plus_2,2023-01-06,DC28->DC5,inbound_to_closed_site,DC28,DC8,DC28->DC8,2078,0
min_changed_plus_2,2023-01-06,DC30->DC5,inbound_to_closed_site,DC30,DC62,DC30->DC62,1393,0
min_changed_plus_2,2023-01-06,DC31->DC5,inbound_to_closed_site,DC31,DC64,DC31->DC64,95,0
min_changed_plus_2,2023-01-06,DC34->DC5,inbound_to_closed_site,DC34,DC12,DC34->DC12,22,0
min_changed_plus_2,2023-01-06,DC36->DC5,inbound_to_closed_site,DC36,DC64,DC36->DC64,7774,0
min_changed_plus_2,2023-01-06,DC38->DC5,inbound_to_closed_site,DC38,DC62,DC38->DC62,2579,0
min_changed_plus_2,2023-01-06,DC4->DC5,inbound_to_closed_site,DC4,DC10,DC4->DC10,15,0
min_changed_plus_2,2023-01-06,DC40->DC5,inbound_to_closed_site,DC40,DC8,DC40->DC8,7,0
min_changed_plus_2,2023-01-06,DC42->DC5,inbound_to_closed_site,DC42,DC14,DC42->DC14,347,0
min_changed_plus_2,2023-01-06,DC43->DC5,inbound_to_closed_site,DC43,DC3,DC43->DC3,755,0
min_changed_plus_2,2023-01-06,DC44->DC5,inbound_to_closed_site,DC44,DC3,DC44->DC3,2590,0
min_changed_plus_2,2023-01-06,DC46->DC5,inbound_to_closed_site,DC46,DC62,DC46->DC62,795,0
min_changed_plus_2,2023-01-06,DC47->DC5,inbound_to_closed_site,DC47,DC9,DC47->DC9,1266,0
min_changed_plus_2,2023-01-06,DC48->DC5,inbound_to_closed_site,DC48,DC8,DC48->DC8,1165,0
min_changed_plus_2,2023-01-06,DC5->DC10,outbound_from_closed_site,DC18,DC10,DC18->DC10,168,0
min_changed_plus_2,2023-01-06,DC5->DC14,outbound_from_closed_site,DC68,DC14,DC68->DC14,75,0
min_changed_plus_2,2023-01-06,DC5->DC4,outbound_from_closed_site,DC20,DC4,DC20->DC4,808,0
min_changed_plus_2,2023-01-06,DC5->DC62,outbound_from_closed_site,DC50,DC62,DC50->DC62,144,0
min_changed_plus_2,2023-01-06,DC5->DC70,outbound_from_closed_site,DC14,DC70,DC14->DC70,13,0
min_changed_plus_2,2023-01-06,DC5->DC8,outbound_from_closed_site,DC40,DC8,DC40->DC8,6,0
min_changed_plus_2,2023-01-06,DC50->DC5,inbound_to_closed_site,DC50,DC62,DC50->DC62,749,0
min_changed_plus_2,2023-01-06,DC51->DC5,inbound_to_closed_site,DC51,DC10,DC51->DC10,3040,0
min_changed_plus_2,2023-01-06,DC52->DC5,inbound_to_closed_site,DC52,DC8,DC52->DC8,50,0
min_changed_plus_2,2023-01-06,DC53->DC5,inbound_to_closed_site,DC53,DC10,DC53->DC10,281,0
min_changed_plus_2,2023-01-06,DC55->DC5,inbound_to_closed_site,DC55,DC4,DC55->DC4,34,0
min_changed_plus_2,2023-01-06,DC59->DC5,inbound_to_closed_site,DC59,DC14,DC59->DC14,290,0
min_changed_plus_2,2023-01-06,DC60->DC5,inbound_to_closed_site,DC60,DC10,DC60->DC10,1012,0
min_changed_plus_2,2023-01-06,DC62->DC5,inbound_to_closed_site,DC62,DC14,DC62->DC14,3104,0
min_changed_plus_2,2023-01-06,DC68->DC5,inbound_to_closed_site,DC68,DC14,DC68->DC14,94,0
min_changed_plus_2,2023-01-06,DC69->DC5,inbound_to_closed_site,DC69,DC10,DC69->DC10,24,0
min_changed_plus_2,2023-01-06,DC7->DC5,inbound_to_closed_site,DC7,DC4,DC7->DC4,106,0
min_changed_plus_2,2023-01-06,DC71->DC5,inbound_to_closed_site,DC71,DC4,DC71->DC4,48,0
min_changed_plus_2,2023-01-06,DC73->DC5,inbound_to_closed_site,DC73,DC3,DC73->DC3,2536,0
min_changed_plus_2,2023-01-06,DC8->DC5,inbound_to_closed_site,DC8,DC10,DC8->DC10,5065,0
min_changed_plus_2,2023-01-06,DC9->DC5,inbound_to_closed_site,DC9,DC14,DC9->DC14,13124,0
min_changed_plus_2,2023-01-07,DC10->DC5,inbound_to_closed_site,DC10,DC4,DC10->DC4,6252,0
min_changed_plus_2,2023-01-07,DC14->DC5,inbound_to_closed_site,DC14,DC3,DC14->DC3,13774,0
min_changed_plus_2,2023-01-07,DC15->DC5,inbound_to_closed_site,DC15,DC8,DC15->DC8,2732,0
min_changed_plus_2,2023-01-07,DC17->DC5,inbound_to_closed_site,DC17,DC3,DC17->DC3,8374,0
min_changed_plus_2,2023-01-07,DC19->DC5,inbound_to_closed_site,DC19,DC14,DC19->DC14,4956,0
min_changed_plus_2,2023-01-07,DC20->DC5,inbound_to_closed_site,DC20,DC4,DC20->DC4,4604,0
min_changed_plus_2,2023-01-07,DC21->DC5,inbound_to_closed_site,DC21,DC10,DC21->DC10,9334,0
min_changed_plus_2,2023-01-07,DC22->DC5,inbound_to_closed_site,DC22,DC62,DC22->DC62,4922,0
min_changed_plus_2,2023-01-07,DC23->DC5,inbound_to_closed_site,DC23,DC3,DC23->DC3,5394,0
min_changed_plus_2,2023-01-07,DC25->DC5,inbound_to_closed_site,DC25,DC10,DC25->DC10,3796,0
min_changed_plus_2,2023-01-07,DC26->DC5,inbound_to_closed_site,DC26,DC4,DC26->DC4,1233,0
min_changed_plus_2,2023-01-07,DC27->DC5,inbound_to_closed_site,DC27,DC65,DC27->DC65,1060,0
min_changed_plus_2,2023-01-07,DC28->DC5,inbound_to_closed_site,DC28,DC8,DC28->DC8,2033,0
min_changed_plus_2,2023-01-07,DC30->DC5,inbound_to_closed_site,DC30,DC62,DC30->DC62,1349,0
min_changed_plus_2,2023-01-07,DC31->DC5,inbound_to_closed_site,DC31,DC64,DC31->DC64,61,0
min_changed_plus_2,2023-01-07,DC34->DC5,inbound_to_closed_site,DC34,DC12,DC34->DC12,20,0
min_changed_plus_2,2023-01-07,DC36->DC5,inbound_to_closed_site,DC36,DC64,DC36->DC64,7809,0
min_changed_plus_2,2023-01-07,DC38->DC5,inbound_to_closed_site,DC38,DC62,DC38->DC62,2480,0
min_changed_plus_2,2023-01-07,DC4->DC5,inbound_to_closed_site,DC4,DC62,DC4->DC62,10,0
min_changed_plus_2,2023-01-07,DC40->DC5,inbound_to_closed_site,DC40,DC4,DC40->DC4,6,0
min_changed_plus_2,2023-01-07,DC42->DC5,inbound_to_closed_site,DC42,DC14,DC42->DC14,335,0
min_changed_plus_2,2023-01-07,DC43->DC5,inbound_to_closed_site,DC43,DC3,DC43->DC3,720,0
min_changed_plus_2,2023-01-07,DC44->DC5,inbound_to_closed_site,DC44,DC3,DC44->DC3,2359,0
min_changed_plus_2,2023-01-07,DC46->DC5,inbound_to_closed_site,DC46,DC62,DC46->DC62,774,0
min_changed_plus_2,2023-01-07,DC47->DC5,inbound_to_closed_site,DC47,DC9,DC47->DC9,1291,0
min_changed_plus_2,2023-01-07,DC48->DC5,inbound_to_closed_site,DC48,DC8,DC48->DC8,1014,0
min_changed_plus_2,2023-01-07,DC5->DC10,outbound_from_closed_site,DC69,DC10,DC69->DC10,168,0
min_changed_plus_2,2023-01-07,DC5->DC14,outbound_from_closed_site,DC68,DC14,DC68->DC14,73,0
min_changed_plus_2,2023-01-07,DC5->DC4,outbound_from_closed_site,DC20,DC4,DC20->DC4,961,0
min_changed_plus_2,2023-01-07,DC5->DC62,outbound_from_closed_site,DC50,DC62,DC50->DC62,128,0
min_changed_plus_2,2023-01-07,DC5->DC70,outbound_from_closed_site,DC17,DC70,DC17->DC70,9,0
min_changed_plus_2,2023-01-07,DC5->DC8,outbound_from_closed_site,DC15,DC8,DC15->DC8,6,0
min_changed_plus_2,2023-01-07,DC50->DC5,inbound_to_closed_site,DC50,DC62,DC50->DC62,712,0
min_changed_plus_2,2023-01-07,DC51->DC5,inbound_to_closed_site,DC51,DC10,DC51->DC10,2850,0
min_changed_plus_2,2023-01-07,DC52->DC5,inbound_to_closed_site,DC52,DC8,DC52->DC8,49,0
min_changed_plus_2,2023-01-07,DC53->DC5,inbound_to_closed_site,DC53,DC10,DC53->DC10,288,0
min_changed_plus_2,2023-01-07,DC55->DC5,inbound_to_closed_site,DC55,DC14,DC55->DC14,36,0
min_changed_plus_2,2023-01-07,DC59->DC5,inbound_to_closed_site,DC59,DC14,DC59->DC14,262,0
min_changed_plus_2,2023-01-07,DC60->DC5,inbound_to_closed_site,DC60,DC10,DC60->DC10,1008,0
min_changed_plus_2,2023-01-07,DC62->DC5,inbound_to_closed_site,DC62,DC14,DC62->DC14,2633,0
min_changed_plus_2,2023-01-07,DC68->DC5,inbound_to_closed_site,DC68,DC14,DC68->DC14,82,0
min_changed_plus_2,2023-01-07,DC69->DC5,inbound_to_closed_site,DC69,DC10,DC69->DC10,22,0
min_changed_plus_2,2023-01-07,DC7->DC5,inbound_to_closed_site,DC7,DC4,DC7->DC4,96,0
min_changed_plus_2,2023-01-07,DC71->DC5,inbound_to_closed_site,DC71,DC10,DC71->DC10,34,0
min_changed_plus_2,2023-01-07,DC73->DC5,inbound_to_closed_site,DC73,DC3,DC73->DC3,2457,0
min_changed_plus_2,2023-01-07,DC8->DC5,inbound_to_closed_site,DC8,DC10,DC8->DC10,4514,0
min_changed_plus_2,2023-01-07,DC9->DC5,inbound_to_closed_site,DC9,DC14,DC9->DC14,4538,0
min_changed_plus_2,2023-01-07,DC9->DC5,inbound_to_closed_site,DC9,DC3,DC9->DC3,10845,0
min_changed_plus_2,2023-01-08,DC10->DC5,inbound_to_closed_site,DC10,DC4,DC10->DC4,6207,0
min_changed_plus_2,2023-01-08,DC14->DC5,inbound_to_closed_site,DC14,DC35,DC14->DC35,13774,0
min_changed_plus_2,2023-01-08,DC15->DC5,inbound_to_closed_site,DC15,DC8,DC15->DC8,2701,0
min_changed_plus_2,2023-01-08,DC17->DC5,inbound_to_closed_site,DC17,DC35,DC17->DC35,8225,0
min_changed_plus_2,2023-01-08,DC19->DC5,inbound_to_closed_site,DC19,DC14,DC19->DC14,4736,0
min_changed_plus_2,2023-01-08,DC20->DC5,inbound_to_closed_site,DC20,DC4,DC20->DC4,4588,0
min_changed_plus_2,2023-01-08,DC21->DC5,inbound_to_closed_site,DC21,DC35,DC21->DC35,2666,0
min_changed_plus_2,2023-01-08,DC22->DC5,inbound_to_closed_site,DC22,DC62,DC22->DC62,4839,0
min_changed_plus_2,2023-01-08,DC23->DC5,inbound_to_closed_site,DC23,DC3,DC23->DC3,5614,0
min_changed_plus_2,2023-01-08,DC25->DC5,inbound_to_closed_site,DC25,DC10,DC25->DC10,3651,0
min_changed_plus_2,2023-01-08,DC26->DC5,inbound_to_closed_site,DC26,DC9,DC26->DC9,1228,0
min_changed_plus_2,2023-01-08,DC27->DC5,inbound_to_closed_site,DC27,DC65,DC27->DC65,1035,0
min_changed_plus_2,2023-01-08,DC28->DC5,inbound_to_closed_site,DC28,DC8,DC28->DC8,2045,0
min_changed_plus_2,2023-01-08,DC30->DC5,inbound_to_closed_site,DC30,DC62,DC30->DC62,1347,0
min_changed_plus_2,2023-01-08,DC31->DC5,inbound_to_closed_site,DC31,DC64,DC31->DC64,33,0
min_changed_plus_2,2023-01-08,DC34->DC5,inbound_to_closed_site,DC34,DC12,DC34->DC12,10,0
min_changed_plus_2,2023-01-08,DC36->DC5,inbound_to_closed_site,DC36,DC64,DC36->DC64,7790,0
min_changed_plus_2,2023-01-08,DC38->DC5,inbound_to_closed_site,DC38,DC62,DC38->DC62,2458,0
min_changed_plus_2,2023-01-08,DC4->DC5,inbound_to_closed_site,DC4,DC10,DC4->DC10,9,0
min_changed_plus_2,2023-01-08,DC40->DC5,inbound_to_closed_site,DC40,DC8,DC40->DC8,7,0
min_changed_plus_2,2023-01-08,DC42->DC5,inbound_to_closed_site,DC42,DC14,DC42->DC14,336,0
min_changed_plus_2,2023-01-08,DC43->DC5,inbound_to_closed_site,DC43,DC3,DC43->DC3,721,0
min_changed_plus_2,2023-01-08,DC44->DC5,inbound_to_closed_site,DC44,DC3,DC44->DC3,2580,0
min_changed_plus_2,2023-01-08,DC46->DC5,inbound_to_closed_site,DC46,DC62,DC46->DC62,801,0
min_changed_plus_2,2023-01-08,DC47->DC5,inbound_to_closed_site,DC47,DC9,DC47->DC9,1294,0
min_changed_plus_2,2023-01-08,DC48->DC5,inbound_to_closed_site,DC48,DC8,DC48->DC8,1077,0
min_changed_plus_2,2023-01-08,DC5->DC10,outbound_from_closed_site,DC69,DC10,DC69->DC10,163,0
min_changed_plus_2,2023-01-08,DC5->DC14,outbound_from_closed_site,DC59,DC14,DC59->DC14,72,0
min_changed_plus_2,2023-01-08,DC5->DC4,outbound_from_closed_site,DC26,DC4,DC26->DC4,1415,0
min_changed_plus_2,2023-01-08,DC5->DC62,outbound_from_closed_site,DC50,DC62,DC50->DC62,120,0
min_changed_plus_2,2023-01-08,DC5->DC70,outbound_from_closed_site,DC17,DC70,DC17->DC70,8,0
min_changed_plus_2,2023-01-08,DC5->DC8,outbound_from_closed_site,DC40,DC8,DC40->DC8,6,0
min_changed_plus_2,2023-01-08,DC50->DC5,inbound_to_closed_site,DC50,DC62,DC50->DC62,677,0
min_changed_plus_2,2023-01-08,DC51->DC5,inbound_to_closed_site,DC51,DC10,DC51->DC10,2934,0
min_changed_plus_2,2023-01-08,DC52->DC5,inbound_to_closed_site,DC52,DC4,DC52->DC4,48,0
min_changed_plus_2,2023-01-08,DC53->DC5,inbound_to_closed_site,DC53,DC10,DC53->DC10,283,0
min_changed_plus_2,2023-01-08,DC55->DC5,inbound_to_closed_site,DC55,DC14,DC55->DC14,35,0
min_changed_plus_2,2023-01-08,DC59->DC5,inbound_to_closed_site,DC59,DC14,DC59->DC14,244,0
min_changed_plus_2,2023-01-08,DC60->DC5,inbound_to_closed_site,DC60,DC10,DC60->DC10,971,0
min_changed_plus_2,2023-01-08,DC62->DC5,inbound_to_closed_site,DC62,DC14,DC62->DC14,2544,0
min_changed_plus_2,2023-01-08,DC68->DC5,inbound_to_closed_site,DC68,DC14,DC68->DC14,71,0
min_changed_plus_2,2023-01-08,DC69->DC5,inbound_to_closed_site,DC69,DC10,DC69->DC10,20,0
min_changed_plus_2,2023-01-08,DC7->DC5,inbound_to_closed_site,DC7,DC4,DC7->DC4,101,0
min_changed_plus_2,2023-01-08,DC71->DC5,inbound_to_closed_site,DC71,DC4,DC71->DC4,35,0
min_changed_plus_2,2023-01-08,DC73->DC5,inbound_to_closed_site,DC73,DC3,DC73->DC3,2453,0
min_changed_plus_2,2023-01-08,DC8->DC5,inbound_to_closed_site,DC8,DC10,DC8->DC10,4339,0
min_changed_plus_2,2023-01-08,DC9->DC5,inbound_to_closed_site,DC9,DC14,DC9->DC14,9054,0
min_changed_plus_2,2023-01-08,DC9->DC5,inbound_to_closed_site,DC9,DC3,DC9->DC3,17438,0
min_changed_plus_2,2023-01-09,DC10->DC5,inbound_to_closed_site,DC10,DC4,DC10->DC4,6483,0
min_changed_plus_2,2023-01-09,DC14->DC5,inbound_to_closed_site,DC14,DC9,DC14->DC9,13951,0
min_changed_plus_2,2023-01-09,DC15->DC5,inbound_to_closed_site,DC15,DC8,DC15->DC8,2852,0
min_changed_plus_2,2023-01-09,DC17->DC5,inbound_to_closed_site,DC17,DC3,DC17->DC3,8323,0
min_changed_plus_2,2023-01-09,DC19->DC5,inbound_to_closed_site,DC19,DC14,DC19->DC14,4781,0
min_changed_plus_2,2023-01-09,DC20->DC5,inbound_to_closed_site,DC20,DC4,DC20->DC4,4642,0
min_changed_plus_2,2023-01-09,DC21->DC5,inbound_to_closed_site,DC21,DC10,DC21->DC10,5577,0
min_changed_plus_2,2023-01-09,DC22->DC5,inbound_to_closed_site,DC22,DC62,DC22->DC62,5091,0
min_changed_plus_2,2023-01-09,DC23->DC5,inbound_to_closed_site,DC23,DC3,DC23->DC3,5651,0
min_changed_plus_2,2023-01-09,DC25->DC5,inbound_to_closed_site,DC25,DC10,DC25->DC10,4121,0
min_changed_plus_2,2023-01-09,DC26->DC5,inbound_to_closed_site,DC26,DC9,DC26->DC9,1310,0
min_changed_plus_2,2023-01-09,DC27->DC5,inbound_to_closed_site,DC27,DC65,DC27->DC65,1064,0
min_changed_plus_2,2023-01-09,DC28->DC5,inbound_to_closed_site,DC28,DC8,DC28->DC8,2152,0
min_changed_plus_2,2023-01-09,DC30->DC5,inbound_to_closed_site,DC30,DC62,DC30->DC62,1349,0
min_changed_plus_2,2023-01-09,DC31->DC5,inbound_to_closed_site,DC31,DC64,DC31->DC64,59,0
min_changed_plus_2,2023-01-09,DC34->DC5,inbound_to_closed_site,DC34,DC12,DC34->DC12,14,0
min_changed_plus_2,2023-01-09,DC36->DC5,inbound_to_closed_site,DC36,DC64,DC36->DC64,7871,0
min_changed_plus_2,2023-01-09,DC38->DC5,inbound_to_closed_site,DC38,DC62,DC38->DC62,2668,0
min_changed_plus_2,2023-01-09,DC4->DC5,inbound_to_closed_site,DC4,DC62,DC4->DC62,11,0
min_changed_plus_2,2023-01-09,DC40->DC5,inbound_to_closed_site,DC40,DC8,DC40->DC8,7,0
min_changed_plus_2,2023-01-09,DC42->DC5,inbound_to_closed_site,DC42,DC14,DC42->DC14,353,0
min_changed_plus_2,2023-01-09,DC43->DC5,inbound_to_closed_site,DC43,DC3,DC43->DC3,746,0
min_changed_plus_2,2023-01-09,DC44->DC5,inbound_to_closed_site,DC44,DC70,DC44->DC70,2783,0
min_changed_plus_2,2023-01-09,DC46->DC5,inbound_to_closed_site,DC46,DC62,DC46->DC62,787,0
min_changed_plus_2,2023-01-09,DC47->DC5,inbound_to_closed_site,DC47,DC9,DC47->DC9,1438,0
min_changed_plus_2,2023-01-09,DC48->DC5,inbound_to_closed_site,DC48,DC8,DC48->DC8,1161,0
min_changed_plus_2,2023-01-09,DC5->DC10,outbound_from_closed_site,DC18,DC10,DC18->DC10,8,0
min_changed_plus_2,2023-01-09,DC5->DC10,outbound_from_closed_site,DC69,DC10,DC69->DC10,165,0
min_changed_plus_2,2023-01-09,DC5->DC14,outbound_from_closed_site,DC9,DC14,DC9->DC14,76,0
min_changed_plus_2,2023-01-09,DC5->DC4,outbound_from_closed_site,DC20,DC4,DC20->DC4,1469,0
min_changed_plus_2,2023-01-09,DC5->DC62,outbound_from_closed_site,DC22,DC62,DC22->DC62,127,0
min_changed_plus_2,2023-01-09,DC5->DC70,outbound_from_closed_site,DC44,DC70,DC44->DC70,9,0
min_changed_plus_2,2023-01-09,DC5->DC8,outbound_from_closed_site,DC40,DC8,DC40->DC8,6,0
min_changed_plus_2,2023-01-09,DC50->DC5,inbound_to_closed_site,DC50,DC62,DC50->DC62,711,0
min_changed_plus_2,2023-01-09,DC51->DC5,inbound_to_closed_site,DC51,DC10,DC51->DC10,3208,0
min_changed_plus_2,2023-01-09,DC52->DC5,inbound_to_closed_site,DC52,DC8,DC52->DC8,52,0
min_changed_plus_2,2023-01-09,DC53->DC5,inbound_to_closed_site,DC53,DC10,DC53->DC10,324,0
min_changed_plus_2,2023-01-09,DC55->DC5,inbound_to_closed_site,DC55,DC4,DC55->DC4,37,0
min_changed_plus_2,2023-01-09,DC59->DC5,inbound_to_closed_site,DC59,DC14,DC59->DC14,278,0
min_changed_plus_2,2023-01-09,DC60->DC5,inbound_to_closed_site,DC60,DC10,DC60->DC10,986,0
min_changed_plus_2,2023-01-09,DC62->DC5,inbound_to_closed_site,DC62,DC14,DC62->DC14,2638,0
min_changed_plus_2,2023-01-09,DC68->DC5,inbound_to_closed_site,DC68,DC10,DC68->DC10,81,0
min_changed_plus_2,2023-01-09,DC69->DC5,inbound_to_closed_site,DC69,DC10,DC69->DC10,19,0
min_changed_plus_2,2023-01-09,DC7->DC5,inbound_to_closed_site,DC7,DC4,DC7->DC4,130,0
min_changed_plus_2,2023-01-09,DC71->DC5,inbound_to_closed_site,DC71,DC10,DC71->DC10,50,0
min_changed_plus_2,2023-01-09,DC73->DC5,inbound_to_closed_site,DC73,DC3,DC73->DC3,2582,0
min_changed_plus_2,2023-01-09,DC8->DC5,inbound_to_closed_site,DC8,DC10,DC8->DC10,4617,0
min_changed_plus_2,2023-01-09,DC9->DC5,inbound_to_closed_site,DC9,DC14,DC9->DC14,10962,0
min_changed_plus_2,2023-01-09,DC9->DC5,inbound_to_closed_site,DC9,DC3,DC9->DC3,4534,0
min_changed_plus_2,2023-01-10,DC10->DC5,inbound_to_closed_site,DC10,DC3,DC10->DC3,6503,0
min_changed_plus_2,2023-01-10,DC14->DC5,inbound_to_closed_site,DC14,DC3,DC14->DC3,13894,0
min_changed_plus_2,2023-01-10,DC15->DC5,inbound_to_closed_site,DC15,DC8,DC15->DC8,2859,0
min_changed_plus_2,2023-01-10,DC17->DC5,inbound_to_closed_site,DC17,DC35,DC17->DC35,8288,0
min_changed_plus_2,2023-01-10,DC19->DC5,inbound_to_closed_site,DC19,DC14,DC19->DC14,4777,0
min_changed_plus_2,2023-01-10,DC20->DC5,inbound_to_closed_site,DC20,DC4,DC20->DC4,4660,0
min_changed_plus_2,2023-01-10,DC21->DC5,inbound_to_closed_site,DC21,DC4,DC21->DC4,6894,0
min_changed_plus_2,2023-01-10,DC22->DC5,inbound_to_closed_site,DC22,DC62,DC22->DC62,5086,0
min_changed_plus_2,2023-01-10,DC23->DC5,inbound_to_closed_site,DC23,DC3,DC23->DC3,5673,0
min_changed_plus_2,2023-01-10,DC25->DC5,inbound_to_closed_site,DC25,DC10,DC25->DC10,4770,0
min_changed_plus_2,2023-01-10,DC26->DC5,inbound_to_closed_site,DC26,DC14,DC26->DC14,1302,0
min_changed_plus_2,2023-01-10,DC27->DC5,inbound_to_closed_site,DC27,DC62,DC27->DC62,1046,0
min_changed_plus_2,2023-01-10,DC28->DC5,inbound_to_closed_site,DC28,DC8,DC28->DC8,2102,0
min_changed_plus_2,2023-01-10,DC30->DC5,inbound_to_closed_site,DC30,DC62,DC30->DC62,1275,0
min_changed_plus_2,2023-01-10,DC31->DC5,inbound_to_closed_site,DC31,DC64,DC31->DC64,52,0
min_changed_plus_2,2023-01-10,DC34->DC5,inbound_to_closed_site,DC34,DC12,DC34->DC12,11,0
min_changed_plus_2,2023-01-10,DC36->DC5,inbound_to_closed_site,DC36,DC64,DC36->DC64,7838,0
min_changed_plus_2,2023-01-10,DC38->DC5,inbound_to_closed_site,DC38,DC62,DC38->DC62,2662,0
min_changed_plus_2,2023-01-10,DC4->DC5,inbound_to_closed_site,DC4,DC10,DC4->DC10,11,0
min_changed_plus_2,2023-01-10,DC40->DC5,inbound_to_closed_site,DC40,DC8,DC40->DC8,7,0
min_changed_plus_2,2023-01-10,DC42->DC5,inbound_to_closed_site,DC42,DC14,DC42->DC14,359,0
min_changed_plus_2,2023-01-10,DC43->DC5,inbound_to_closed_site,DC43,DC3,DC43->DC3,747,0
min_changed_plus_2,2023-01-10,DC44->DC5,inbound_to_closed_site,DC44,DC3,DC44->DC3,2580,0
min_changed_plus_2,2023-01-10,DC46->DC5,inbound_to_closed_site,DC46,DC62,DC46->DC62,788,0
min_changed_plus_2,2023-01-10,DC47->DC5,inbound_to_closed_site,DC47,DC9,DC47->DC9,1405,0
min_changed_plus_2,2023-01-10,DC48->DC5,inbound_to_closed_site,DC48,DC8,DC48->DC8,1161,0
min_changed_plus_2,2023-01-10,DC5->DC10,outbound_from_closed_site,DC4,DC10,DC4->DC10,170,0
min_changed_plus_2,2023-01-10,DC5->DC14,outbound_from_closed_site,DC19,DC14,DC19->DC14,75,0
min_changed_plus_2,2023-01-10,DC5->DC4,outbound_from_closed_site,DC21,DC4,DC21->DC4,247,0
min_changed_plus_2,2023-01-10,DC5->DC4,outbound_from_closed_site,DC55,DC4,DC55->DC4,1294,0
min_changed_plus_2,2023-01-10,DC5->DC62,outbound_from_closed_site,DC52,DC62,DC52->DC62,141,0
min_changed_plus_2,2023-01-10,DC5->DC70,outbound_from_closed_site,DC17,DC70,DC17->DC70,9,0
min_changed_plus_2,2023-01-10,DC5->DC8,outbound_from_closed_site,DC15,DC8,DC15->DC8,6,0
min_changed_plus_2,2023-01-10,DC50->DC5,inbound_to_closed_site,DC50,DC62,DC50->DC62,740,0
min_changed_plus_2,2023-01-10,DC51->DC5,inbound_to_closed_site,DC51,DC10,DC51->DC10,3184,0
min_changed_plus_2,2023-01-10,DC52->DC5,inbound_to_closed_site,DC52,DC62,DC52->DC62,49,0
min_changed_plus_2,2023-01-10,DC53->DC5,inbound_to_closed_site,DC53,DC10,DC53->DC10,317,0
min_changed_plus_2,2023-01-10,DC55->DC5,inbound_to_closed_site,DC55,DC4,DC55->DC4,37,0
min_changed_plus_2,2023-01-10,DC59->DC5,inbound_to_closed_site,DC59,DC14,DC59->DC14,287,0
min_changed_plus_2,2023-01-10,DC60->DC5,inbound_to_closed_site,DC60,DC10,DC60->DC10,984,0
min_changed_plus_2,2023-01-10,DC62->DC5,inbound_to_closed_site,DC62,DC14,DC62->DC14,2618,0
min_changed_plus_2,2023-01-10,DC68->DC5,inbound_to_closed_site,DC68,DC14,DC68->DC14,78,0
min_changed_plus_2,2023-01-10,DC69->DC5,inbound_to_closed_site,DC69,DC10,DC69->DC10,18,0
min_changed_plus_2,2023-01-10,DC7->DC5,inbound_to_closed_site,DC7,DC4,DC7->DC4,153,0
min_changed_plus_2,2023-01-10,DC71->DC5,inbound_to_closed_site,DC71,DC10,DC71->DC10,55,0
min_changed_plus_2,2023-01-10,DC73->DC5,inbound_to_closed_site,DC73,DC3,DC73->DC3,2578,0
min_changed_plus_2,2023-01-10,DC8->DC5,inbound_to_closed_site,DC8,DC10,DC8->DC10,4574,0
min_changed_plus_2,2023-01-10,DC9->DC5,inbound_to_closed_site,DC9,DC3,DC9->DC3,12273,0
min_changed_plus_2,2023-01-10,DC9->DC5,inbound_to_closed_site,DC9,DC8,DC9->DC8,1866,0
min_changed_plus_2,2023-01-11,DC10->DC5,inbound_to_closed_site,DC10,DC4,DC10->DC4,6503,0
min_changed_plus_2,2023-01-11,DC14->DC5,inbound_to_closed_site,DC14,DC35,DC14->DC35,13894,0
min_changed_plus_2,2023-01-11,DC15->DC5,inbound_to_closed_site,DC15,DC8,DC15->DC8,2850,0
min_changed_plus_2,2023-01-11,DC17->DC5,inbound_to_closed_site,DC17,DC35,DC17->DC35,8288,0
min_changed_plus_2,2023-01-11,DC19->DC5,inbound_to_closed_site,DC19,DC14,DC19->DC14,4741,0
min_changed_plus_2,2023-01-11,DC20->DC5,inbound_to_closed_site,DC20,DC4,DC20->DC4,4660,0
min_changed_plus_2,2023-01-11,DC21->DC5,inbound_to_closed_site,DC21,DC10,DC21->DC10,8812,0
min_changed_plus_2,2023-01-11,DC22->DC5,inbound_to_closed_site,DC22,DC62,DC22->DC62,5107,0
min_changed_plus_2,2023-01-11,DC23->DC5,inbound_to_closed_site,DC23,DC3,DC23->DC3,5673,0
min_changed_plus_2,2023-01-11,DC25->DC5,inbound_to_closed_site,DC25,DC10,DC25->DC10,4636,0
min_changed_plus_2,2023-01-11,DC26->DC5,inbound_to_closed_site,DC26,DC9,DC26->DC9,1308,0
min_changed_plus_2,2023-01-11,DC27->DC5,inbound_to_closed_site,DC27,DC65,DC27->DC65,1478,0
min_changed_plus_2,2023-01-11,DC28->DC5,inbound_to_closed_site,DC28,DC8,DC28->DC8,2098,0
min_changed_plus_2,2023-01-11,DC30->DC5,inbound_to_closed_site,DC30,DC62,DC30->DC62,1354,0
min_changed_plus_2,2023-01-11,DC31->DC5,inbound_to_closed_site,DC31,DC64,DC31->DC64,56,0
min_changed_plus_2,2023-01-11,DC34->DC5,inbound_to_closed_site,DC34,DC12,DC34->DC12,9,0
min_changed_plus_2,2023-01-11,DC36->DC5,inbound_to_closed_site,DC36,DC64,DC36->DC64,7838,0
min_changed_plus_2,2023-01-11,DC38->DC5,inbound_to_closed_site,DC38,DC62,DC38->DC62,2620,0
min_changed_plus_2,2023-01-11,DC4->DC5,inbound_to_closed_site,DC4,DC62,DC4->DC62,11,0
min_changed_plus_2,2023-01-11,DC40->DC5,inbound_to_closed_site,DC40,DC8,DC40->DC8,7,0
min_changed_plus_2,2023-01-11,DC42->DC5,inbound_to_closed_site,DC42,DC14,DC42->DC14,357,0
min_changed_plus_2,2023-01-11,DC43->DC5,inbound_to_closed_site,DC43,DC3,DC43->DC3,718,0
min_changed_plus_2,2023-01-11,DC44->DC5,inbound_to_closed_site,DC44,DC3,DC44->DC3,2737,0
min_changed_plus_2,2023-01-11,DC46->DC5,inbound_to_closed_site,DC46,DC62,DC46->DC62,789,0
min_changed_plus_2,2023-01-11,DC47->DC5,inbound_to_closed_site,DC47,DC9,DC47->DC9,1385,0
min_changed_plus_2,2023-01-11,DC48->DC5,inbound_to_closed_site,DC48,DC8,DC48->DC8,1164,0
min_changed_plus_2,2023-01-11,DC5->DC10,outbound_from_closed_site,DC60,DC10,DC60->DC10,169,0
min_changed_plus_2,2023-01-11,DC5->DC14,outbound_from_closed_site,DC68,DC14,DC68->DC14,74,0
min_changed_plus_2,2023-01-11,DC5->DC4,outbound_from_closed_site,DC26,DC4,DC26->DC4,1538,0
min_changed_plus_2,2023-01-11,DC5->DC62,outbound_from_closed_site,DC50,DC62,DC50->DC62,144,0
min_changed_plus_2,2023-01-11,DC5->DC70,outbound_from_closed_site,DC44,DC70,DC44->DC70,7,0
min_changed_plus_2,2023-01-11,DC5->DC8,outbound_from_closed_site,DC40,DC8,DC40->DC8,6,0
min_changed_plus_2,2023-01-11,DC50->DC5,inbound_to_closed_site,DC50,DC62,DC50->DC62,725,0
min_changed_plus_2,2023-01-11,DC51->DC5,inbound_to_closed_site,DC51,DC10,DC51->DC10,3138,0
min_changed_plus_2,2023-01-11,DC52->DC5,inbound_to_closed_site,DC52,DC8,DC52->DC8,48,0
min_changed_plus_2,2023-01-11,DC53->DC5,inbound_to_closed_site,DC53,DC10,DC53->DC10,319,0
min_changed_plus_2,2023-01-11,DC55->DC5,inbound_to_closed_site,DC55,DC14,DC55->DC14,37,0
min_changed_plus_2,2023-01-11,DC59->DC5,inbound_to_closed_site,DC59,DC14,DC59->DC14,267,0
min_changed_plus_2,2023-01-11,DC60->DC5,inbound_to_closed_site,DC60,DC10,DC60->DC10,983,0
min_changed_plus_2,2023-01-11,DC62->DC5,inbound_to_closed_site,DC62,DC14,DC62->DC14,2600,0
min_changed_plus_2,2023-01-11,DC68->DC5,inbound_to_closed_site,DC68,DC14,DC68->DC14,75,0
min_changed_plus_2,2023-01-11,DC69->DC5,inbound_to_closed_site,DC69,DC10,DC69->DC10,19,0
min_changed_plus_2,2023-01-11,DC7->DC5,inbound_to_closed_site,DC7,DC4,DC7->DC4,166,0
min_changed_plus_2,2023-01-11,DC71->DC5,inbound_to_closed_site,DC71,DC10,DC71->DC10,52,0
min_changed_plus_2,2023-01-11,DC73->DC5,inbound_to_closed_site,DC73,DC3,DC73->DC3,2524,0
min_changed_plus_2,2023-01-11,DC8->DC5,inbound_to_closed_site,DC8,DC10,DC8->DC10,4574,0
min_changed_plus_2,2023-01-11,DC9->DC5,inbound_to_closed_site,DC9,DC3,DC9->DC3,11144,0
min_changed_plus_2,2023-01-12,DC10->DC5,inbound_to_closed_site,DC10,DC9,DC10->DC9,6338,0
min_changed_plus_2,2023-01-12,DC14->DC5,inbound_to_closed_site,DC14,DC35,DC14->DC35,13782,0
min_changed_plus_2,2023-01-12,DC15->DC5,inbound_to_closed_site,DC15,DC8,DC15->DC8,2801,0
min_changed_plus_2,2023-01-12,DC17->DC5,inbound_to_closed_site,DC17,DC35,DC17->DC35,8289,0
min_changed_plus_2,2023-01-12,DC19->DC5,inbound_to_closed_site,DC19,DC12,DC19->DC12,4741,0
min_changed_plus_2,2023-01-12,DC20->DC5,inbound_to_closed_site,DC20,DC10,DC20->DC10,4629,0
min_changed_plus_2,2023-01-12,DC21->DC5,inbound_to_closed_site,DC21,DC4,DC21->DC4,7302,0
min_changed_plus_2,2023-01-12,DC22->DC5,inbound_to_closed_site,DC22,DC64,DC22->DC64,4958,0
min_changed_plus_2,2023-01-12,DC23->DC5,inbound_to_closed_site,DC23,DC62,DC23->DC62,5679,0
min_changed_plus_2,2023-01-12,DC25->DC5,inbound_to_closed_site,DC25,DC14,DC25->DC14,4365,0
min_changed_plus_2,2023-01-12,DC26->DC5,inbound_to_closed_site,DC26,DC9,DC26->DC9,1200,0
min_changed_plus_2,2023-01-12,DC27->DC5,inbound_to_closed_site,DC27,DC65,DC27->DC65,1422,0
min_changed_plus_2,2023-01-12,DC28->DC5,inbound_to_closed_site,DC28,DC8,DC28->DC8,2068,0
min_changed_plus_2,2023-01-12,DC30->DC5,inbound_to_closed_site,DC30,DC62,DC30->DC62,1329,0
min_changed_plus_2,2023-01-12,DC31->DC5,inbound_to_closed_site,DC31,DC4,DC31->DC4,55,0
min_changed_plus_2,2023-01-12,DC34->DC5,inbound_to_closed_site,DC34,DC12,DC34->DC12,11,0
min_changed_plus_2,2023-01-12,DC36->DC5,inbound_to_closed_site,DC36,DC64,DC36->DC64,7843,0
min_changed_plus_2,2023-01-12,DC38->DC5,inbound_to_closed_site,DC38,DC62,DC38->DC62,2607,0
min_changed_plus_2,2023-01-12,DC4->DC5,inbound_to_closed_site,DC4,DC62,DC4->DC62,11,0
min_changed_plus_2,2023-01-12,DC40->DC5,inbound_to_closed_site,DC40,DC9,DC40->DC9,6,0
min_changed_plus_2,2023-01-12,DC42->DC5,inbound_to_closed_site,DC42,DC14,DC42->DC14,347,0
min_changed_plus_2,2023-01-12,DC43->DC5,inbound_to_closed_site,DC43,DC3,DC43->DC3,717,0
min_changed_plus_2,2023-01-12,DC44->DC5,inbound_to_closed_site,DC44,DC3,DC44->DC3,2618,0
min_changed_plus_2,2023-01-12,DC46->DC5,inbound_to_closed_site,DC46,DC62,DC46->DC62,783,0
min_changed_plus_2,2023-01-12,DC47->DC5,inbound_to_closed_site,DC47,DC9,DC47->DC9,1303,0
min_changed_plus_2,2023-01-12,DC48->DC5,inbound_to_closed_site,DC48,DC8,DC48->DC8,1127,0
min_changed_plus_2,2023-01-12,DC5->DC10,outbound_from_closed_site,DC38,DC10,DC38->DC10,169,0
min_changed_plus_2,2023-01-12,DC5->DC14,outbound_from_closed_site,DC9,DC14,DC9->DC14,74,0
min_changed_plus_2,2023-01-12,DC5->DC4,outbound_from_closed_site,DC31,DC4,DC31->DC4,1363,0
min_changed_plus_2,2023-01-12,DC5->DC62,outbound_from_closed_site,DC23,DC62,DC23->DC62,137,0
min_changed_plus_2,2023-01-12,DC5->DC70,outbound_from_closed_site,DC14,DC70,DC14->DC70,7,0
min_changed_plus_2,2023-01-12,DC5->DC8,outbound_from_closed_site,DC15,DC8,DC15->DC8,6,0
min_changed_plus_2,2023-01-12,DC50->DC5,inbound_to_closed_site,DC50,DC62,DC50->DC62,692,0
min_changed_plus_2,2023-01-12,DC51->DC5,inbound_to_closed_site,DC51,DC10,DC51->DC10,2999,0
min_changed_plus_2,2023-01-12,DC52->DC5,inbound_to_closed_site,DC52,DC8,DC52->DC8,53,0
min_changed_plus_2,2023-01-12,DC53->DC5,inbound_to_closed_site,DC53,DC62,DC53->DC62,306,0
min_changed_plus_2,2023-01-12,DC55->DC5,inbound_to_closed_site,DC55,DC4,DC55->DC4,37,0
min_changed_plus_2,2023-01-12,DC59->DC5,inbound_to_closed_site,DC59,DC14,DC59->DC14,291,0
min_changed_plus_2,2023-01-12,DC60->DC5,inbound_to_closed_site,DC60,DC10,DC60->DC10,985,0
min_changed_plus_2,2023-01-12,DC62->DC5,inbound_to_closed_site,DC62,DC14,DC62->DC14,2554,0
min_changed_plus_2,2023-01-12,DC68->DC5,inbound_to_closed_site,DC68,DC14,DC68->DC14,76,0
min_changed_plus_2,2023-01-12,DC69->DC5,inbound_to_closed_site,DC69,DC14,DC69->DC14,20,0
min_changed_plus_2,2023-01-12,DC7->DC5,inbound_to_closed_site,DC7,DC14,DC7->DC14,167,0
min_changed_plus_2,2023-01-12,DC71->DC5,inbound_to_closed_site,DC71,DC10,DC71->DC10,55,0
min_changed_plus_2,2023-01-12,DC73->DC5,inbound_to_closed_site,DC73,DC3,DC73->DC3,2472,0
min_changed_plus_2,2023-01-12,DC8->DC5,inbound_to_closed_site,DC8,DC10,DC8->DC10,4548,0
min_changed_plus_2,2023-01-12,DC9->DC5,inbound_to_closed_site,DC9,DC14,DC9->DC14,12041,0
min_changed_plus_2,2023-01-13,DC10->DC5,inbound_to_closed_site,DC10,DC62,DC10->DC62,6306,0
min_changed_plus_2,2023-01-13,DC14->DC5,inbound_to_closed_site,DC14,DC62,DC14->DC62,13894,0
min_changed_plus_2,2023-01-13,DC15->DC5,inbound_to_closed_site,DC15,DC9,DC15->DC9,2842,0
min_changed_plus_2,2023-01-13,DC17->DC5,inbound_to_closed_site,DC17,DC4,DC17->DC4,8365,0
min_changed_plus_2,2023-01-13,DC19->DC5,inbound_to_closed_site,DC19,DC3,DC19->DC3,4662,0
min_changed_plus_2,2023-01-13,DC20->DC5,inbound_to_closed_site,DC20,DC8,DC20->DC8,4648,0
min_changed_plus_2,2023-01-13,DC21->DC5,inbound_to_closed_site,DC21,DC3,DC21->DC3,9565,0
min_changed_plus_2,2023-01-13,DC22->DC5,inbound_to_closed_site,DC22,DC65,DC22->DC65,5072,0
min_changed_plus_2,2023-01-13,DC23->DC5,inbound_to_closed_site,DC23,DC64,DC23->DC64,5658,0
min_changed_plus_2,2023-01-13,DC25->DC5,inbound_to_closed_site,DC25,DC3,DC25->DC3,4610,0
min_changed_plus_2,2023-01-13,DC26->DC5,inbound_to_closed_site,DC26,DC14,DC26->DC14,1102,0
min_changed_plus_2,2023-01-13,DC26->DC5,inbound_to_closed_site,DC26,DC32,DC26->DC32,113,0
min_changed_plus_2,2023-01-13,DC27->DC5,inbound_to_closed_site,DC27,DC62,DC27->DC62,1447,0
min_changed_plus_2,2023-01-13,DC28->DC5,inbound_to_closed_site,DC28,DC10,DC28->DC10,2093,0
min_changed_plus_2,2023-01-13,DC30->DC5,inbound_to_closed_site,DC30,DC8,DC30->DC8,1330,0
min_changed_plus_2,2023-01-13,DC31->DC5,inbound_to_closed_site,DC31,DC10,DC31->DC10,53,0
min_changed_plus_2,2023-01-13,DC34->DC5,inbound_to_closed_site,DC34,DC8,DC34->DC8,11,0
min_changed_plus_2,2023-01-13,DC36->DC5,inbound_to_closed_site,DC36,DC8,DC36->DC8,7841,0
min_changed_plus_2,2023-01-13,DC38->DC5,inbound_to_closed_site,DC38,DC70,DC38->DC70,2678,0
min_changed_plus_2,2023-01-13,DC4->DC5,inbound_to_closed_site,DC4,DC3,DC4->DC3,13,0
min_changed_plus_2,2023-01-13,DC40->DC5,inbound_to_closed_site,DC40,DC3,DC40->DC3,8,0
min_changed_plus_2,2023-01-13,DC42->DC5,inbound_to_closed_site,DC42,DC9,DC42->DC9,347,0
min_changed_plus_2,2023-01-13,DC43->DC5,inbound_to_closed_site,DC43,DC8,DC43->DC8,749,0
min_changed_plus_2,2023-01-13,DC44->DC5,inbound_to_closed_site,DC44,DC10,DC44->DC10,2685,0
min_changed_plus_2,2023-01-13,DC46->DC5,inbound_to_closed_site,DC46,DC9,DC46->DC9,775,0
min_changed_plus_2,2023-01-13,DC47->DC5,inbound_to_closed_site,DC47,DC9,DC47->DC9,1362,0
min_changed_plus_2,2023-01-13,DC48->DC5,inbound_to_closed_site,DC48,DC10,DC48->DC10,1152,0
min_changed_plus_2,2023-01-13,DC5->DC10,outbound_from_closed_site,DC68,DC10,DC68->DC10,168,0
min_changed_plus_2,2023-01-13,DC5->DC14,outbound_from_closed_site,DC48,DC14,DC48->DC14,72,0
min_changed_plus_2,2023-01-13,DC5->DC4,outbound_from_closed_site,DC17,DC4,DC17->DC4,1267,0
min_changed_plus_2,2023-01-13,DC5->DC62,outbound_from_closed_site,DC10,DC62,DC10->DC62,140,0
min_changed_plus_2,2023-01-13,DC5->DC70,outbound_from_closed_site,DC38,DC70,DC38->DC70,6,0
min_changed_plus_2,2023-01-13,DC5->DC8,outbound_from_closed_site,DC34,DC8,DC34->DC8,6,0
min_changed_plus_2,2023-01-13,DC50->DC5,inbound_to_closed_site,DC50,DC8,DC50->DC8,710,0
min_changed_plus_2,2023-01-13,DC51->DC5,inbound_to_closed_site,DC51,DC35,DC51->DC35,3099,0
min_changed_plus_2,2023-01-13,DC52->DC5,inbound_to_closed_site,DC52,DC4,DC52->DC4,50,0
min_changed_plus_2,2023-01-13,DC53->DC5,inbound_to_closed_site,DC53,DC10,DC53->DC10,299,0
min_changed_plus_2,2023-01-13,DC55->DC5,inbound_to_closed_site,DC55,DC4,DC55->DC4,36,0
min_changed_plus_2,2023-01-13,DC59->DC5,inbound_to_closed_site,DC59,DC8,DC59->DC8,288,0
min_changed_plus_2,2023-01-13,DC60->DC5,inbound_to_closed_site,DC60,DC62,DC60->DC62,999,0
min_changed_plus_2,2023-01-13,DC62->DC5,inbound_to_closed_site,DC62,DC10,DC62->DC10,2593,0
min_changed_plus_2,2023-01-13,DC68->DC5,inbound_to_closed_site,DC68,DC10,DC68->DC10,70,0
min_changed_plus_2,2023-01-13,DC69->DC5,inbound_to_closed_site,DC69,DC14,DC69->DC14,19,0
min_changed_plus_2,2023-01-13,DC7->DC5,inbound_to_closed_site,DC7,DC9,DC7->DC9,165,0
min_changed_plus_2,2023-01-13,DC71->DC5,inbound_to_closed_site,DC71,DC4,DC71->DC4,53,0
min_changed_plus_2,2023-01-13,DC73->DC5,inbound_to_closed_site,DC73,DC4,DC73->DC4,2487,0
min_changed_plus_2,2023-01-13,DC8->DC5,inbound_to_closed_site,DC8,DC4,DC8->DC4,4222,0
min_changed_plus_2,2023-01-13,DC9->DC5,inbound_to_closed_site,DC9,DC10,DC9->DC10,1761,0
min_changed_plus_2,2023-01-13,DC9->DC5,inbound_to_closed_site,DC9,DC12,DC9->DC12,388,0
min_changed_plus_2,2023-01-13,DC9->DC5,inbound_to_closed_site,DC9,DC13,DC9->DC13,10,0
min_changed_plus_2,2023-01-13,DC9->DC5,inbound_to_closed_site,DC9,DC14,DC9->DC14,42,0
min_changed_plus_2,2023-01-13,DC9->DC5,inbound_to_closed_site,DC9,DC19,DC9->DC19,2,0
min_changed_plus_2,2023-01-13,DC9->DC5,inbound_to_closed_site,DC9,DC21,DC9->DC21,1,0
min_changed_plus_2,2023-01-13,DC9->DC5,inbound_to_closed_site,DC9,DC22,DC9->DC22,5,0
min_changed_plus_2,2023-01-13,DC9->DC5,inbound_to_closed_site,DC9,DC23,DC9->DC23,2,0
min_changed_plus_2,2023-01-13,DC9->DC5,inbound_to_closed_site,DC9,DC25,DC9->DC25,44,0
min_changed_plus_2,2023-01-13,DC9->DC5,inbound_to_closed_site,DC9,DC3,DC9->DC3,1221,0
min_changed_plus_2,2023-01-13,DC9->DC5,inbound_to_closed_site,DC9,DC32,DC9->DC32,120,0
min_changed_plus_2,2023-01-13,DC9->DC5,inbound_to_closed_site,DC9,DC34,DC9->DC34,476,0
min_changed_plus_2,2023-01-13,DC9->DC5,inbound_to_closed_site,DC9,DC35,DC9->DC35,259,0
min_changed_plus_2,2023-01-13,DC9->DC5,inbound_to_closed_site,DC9,DC36,DC9->DC36,12,0
min_changed_plus_2,2023-01-13,DC9->DC5,inbound_to_closed_site,DC9,DC4,DC9->DC4,2114,0
min_changed_plus_2,2023-01-13,DC9->DC5,inbound_to_closed_site,DC9,DC40,DC9->DC40,12,0
min_changed_plus_2,2023-01-13,DC9->DC5,inbound_to_closed_site,DC9,DC48,DC9->DC48,7,0
min_changed_plus_2,2023-01-13,DC9->DC5,inbound_to_closed_site,DC9,DC51,DC9->DC51,2,0
min_changed_plus_2,2023-01-13,DC9->DC5,inbound_to_closed_site,DC9,DC58,DC9->DC58,1,0
min_changed_plus_2,2023-01-13,DC9->DC5,inbound_to_closed_site,DC9,DC62,DC9->DC62,2,0
min_changed_plus_2,2023-01-13,DC9->DC5,inbound_to_closed_site,DC9,DC67,DC9->DC67,142,0
min_changed_plus_2,2023-01-13,DC9->DC5,inbound_to_closed_site,DC9,DC79,DC9->DC79,2,0
min_changed_plus_2,2023-01-13,DC9->DC5,inbound_to_closed_site,DC9,DC8,DC9->DC8,2225,0
min_changed_plus_2,2023-01-13,DC9->DC5,inbound_to_closed_site,,,,0,16196
min_changed_plus_2,2023-01-14,DC10->DC5,inbound_to_closed_site,DC10,DC14,DC10->DC14,6079,0
min_changed_plus_2,2023-01-14,DC14->DC5,inbound_to_closed_site,DC14,DC35,DC14->DC35,13717,0
min_changed_plus_2,2023-01-14,DC15->DC5,inbound_to_closed_site,DC15,DC62,DC15->DC62,2732,0
min_changed_plus_2,2023-01-14,DC17->DC5,inbound_to_closed_site,DC17,DC14,DC17->DC14,8267,0
min_changed_plus_2,2023-01-14,DC19->DC5,inbound_to_closed_site,DC19,DC14,DC19->DC14,4631,0
min_changed_plus_2,2023-01-14,DC20->DC5,inbound_to_closed_site,DC20,DC4,DC20->DC4,4604,0
min_changed_plus_2,2023-01-14,DC21->DC5,inbound_to_closed_site,DC21,DC4,DC21->DC4,7791,0
min_changed_plus_2,2023-01-14,DC22->DC5,inbound_to_closed_site,DC22,DC62,DC22->DC62,4867,0
min_changed_plus_2,2023-01-14,DC23->DC5,inbound_to_closed_site,DC23,DC14,DC23->DC14,5614,0
min_changed_plus_2,2023-01-14,DC25->DC5,inbound_to_closed_site,DC25,DC10,DC25->DC10,4135,0
min_changed_plus_2,2023-01-14,DC26->DC5,inbound_to_closed_site,DC26,DC4,DC26->DC4,1177,0
min_changed_plus_2,2023-01-14,DC27->DC5,inbound_to_closed_site,DC27,DC65,DC27->DC65,1356,0
min_changed_plus_2,2023-01-14,DC28->DC5,inbound_to_closed_site,DC28,DC8,DC28->DC8,2057,0
min_changed_plus_2,2023-01-14,DC30->DC5,inbound_to_closed_site,DC30,DC62,DC30->DC62,1271,0
min_changed_plus_2,2023-01-14,DC31->DC5,inbound_to_closed_site,DC31,DC4,DC31->DC4,37,0
min_changed_plus_2,2023-01-14,DC34->DC5,inbound_to_closed_site,DC34,DC4,DC34->DC4,8,0
min_changed_plus_2,2023-01-14,DC36->DC5,inbound_to_closed_site,DC36,DC64,DC36->DC64,7776,0
min_changed_plus_2,2023-01-14,DC38->DC5,inbound_to_closed_site,DC38,DC4,DC38->DC4,2580,0
min_changed_plus_2,2023-01-14,DC4->DC5,inbound_to_closed_site,DC4,DC10,DC4->DC10,9,0
min_changed_plus_2,2023-01-14,DC40->DC5,inbound_to_closed_site,DC40,DC4,DC40->DC4,6,0
min_changed_plus_2,2023-01-14,DC42->DC5,inbound_to_closed_site,DC42,DC4,DC42->DC4,333,0
min_changed_plus_2,2023-01-14,DC43->DC5,inbound_to_closed_site,DC43,DC4,DC43->DC4,730,0
min_changed_plus_2,2023-01-14,DC44->DC5,inbound_to_closed_site,DC44,DC3,DC44->DC3,2757,0
min_changed_plus_2,2023-01-14,DC46->DC5,inbound_to_closed_site,DC46,DC4,DC46->DC4,789,0
min_changed_plus_2,2023-01-14,DC47->DC5,inbound_to_closed_site,DC47,DC70,DC47->DC70,1316,0
min_changed_plus_2,2023-01-14,DC48->DC5,inbound_to_closed_site,DC48,DC4,DC48->DC4,1074,0
min_changed_plus_2,2023-01-14,DC5->DC10,outbound_from_closed_site,DC68,DC10,DC68->DC10,160,0
min_changed_plus_2,2023-01-14,DC5->DC14,outbound_from_closed_site,DC8,DC14,DC8->DC14,71,0
min_changed_plus_2,2023-01-14,DC5->DC4,outbound_from_closed_site,DC38,DC4,DC38->DC4,1407,0
min_changed_plus_2,2023-01-14,DC5->DC62,outbound_from_closed_site,DC15,DC62,DC15->DC62,121,0
min_changed_plus_2,2023-01-14,DC5->DC70,outbound_from_closed_site,DC52,DC70,DC52->DC70,7,0
min_changed_plus_2,2023-01-14,DC5->DC8,outbound_from_closed_site,DC28,DC8,DC28->DC8,6,0
min_changed_plus_2,2023-01-14,DC50->DC5,inbound_to_closed_site,DC50,DC4,DC50->DC4,682,0
min_changed_plus_2,2023-01-14,DC51->DC5,inbound_to_closed_site,DC51,DC10,DC51->DC10,2970,0
min_changed_plus_2,2023-01-14,DC52->DC5,inbound_to_closed_site,DC52,DC70,DC52->DC70,52,0
min_changed_plus_2,2023-01-14,DC53->DC5,inbound_to_closed_site,DC53,DC10,DC53->DC10,264,0
min_changed_plus_2,2023-01-14,DC55->DC5,inbound_to_closed_site,DC55,DC4,DC55->DC4,37,0
min_changed_plus_2,2023-01-14,DC59->DC5,inbound_to_closed_site,DC59,DC4,DC59->DC4,259,0
min_changed_plus_2,2023-01-14,DC60->DC5,inbound_to_closed_site,DC60,DC10,DC60->DC10,871,0
min_changed_plus_2,2023-01-14,DC62->DC5,inbound_to_closed_site,DC62,DC14,DC62->DC14,2381,0
min_changed_plus_2,2023-01-14,DC68->DC5,inbound_to_closed_site,DC68,DC10,DC68->DC10,68,0
min_changed_plus_2,2023-01-14,DC69->DC5,inbound_to_closed_site,DC69,DC10,DC69->DC10,15,0
min_changed_plus_2,2023-01-14,DC7->DC5,inbound_to_closed_site,DC7,DC4,DC7->DC4,150,0
min_changed_plus_2,2023-01-14,DC71->DC5,inbound_to_closed_site,DC71,DC4,DC71->DC4,46,0
min_changed_plus_2,2023-01-14,DC73->DC5,inbound_to_closed_site,DC73,DC3,DC73->DC3,2437,0
min_changed_plus_2,2023-01-14,DC8->DC5,inbound_to_closed_site,DC8,DC14,DC8->DC14,3855,0
min_changed_plus_2,2023-01-14,DC9->DC5,inbound_to_closed_site,DC9,DC10,DC9->DC10,1733,0
min_changed_plus_2,2023-01-14,DC9->DC5,inbound_to_closed_site,DC9,DC12,DC9->DC12,381,0
min_changed_plus_2,2023-01-14,DC9->DC5,inbound_to_closed_site,DC9,DC14,DC9->DC14,2682,0
min_changed_plus_2,2023-01-14,DC9->DC5,inbound_to_closed_site,DC9,DC3,DC9->DC3,16364,0
min_changed_plus_2,2023-01-14,DC9->DC5,inbound_to_closed_site,DC9,DC34,DC9->DC34,468,0
min_changed_plus_2,2023-01-14,DC9->DC5,inbound_to_closed_site,DC9,DC35,DC9->DC35,254,0
min_changed_plus_2,2023-01-14,DC9->DC5,inbound_to_closed_site,DC9,DC4,DC9->DC4,2080,0
min_changed_plus_2,2023-01-14,DC9->DC5,inbound_to_closed_site,DC9,DC8,DC9->DC8,2189,0
min_changed_plus_2,2023-01-15,DC10->DC5,inbound_to_closed_site,DC10,DC3,DC10->DC3,6036,0
min_changed_plus_2,2023-01-15,DC14->DC5,inbound_to_closed_site,DC14,DC35,DC14->DC35,13717,0
min_changed_plus_2,2023-01-15,DC15->DC5,inbound_to_closed_site,DC15,DC8,DC15->DC8,2728,0
min_changed_plus_2,2023-01-15,DC17->DC5,inbound_to_closed_site,DC17,DC35,DC17->DC35,8267,0
min_changed_plus_2,2023-01-15,DC19->DC5,inbound_to_closed_site,DC19,DC14,DC19->DC14,4615,0
min_changed_plus_2,2023-01-15,DC20->DC5,inbound_to_closed_site,DC20,DC4,DC20->DC4,4588,0
min_changed_plus_2,2023-01-15,DC21->DC5,inbound_to_closed_site,DC21,DC4,DC21->DC4,6412,0
min_changed_plus_2,2023-01-15,DC22->DC5,inbound_to_closed_site,DC22,DC62,DC22->DC62,4858,0
min_changed_plus_2,2023-01-15,DC23->DC5,inbound_to_closed_site,DC23,DC3,DC23->DC3,5614,0
min_changed_plus_2,2023-01-15,DC25->DC5,inbound_to_closed_site,DC25,DC10,DC25->DC10,4106,0
min_changed_plus_2,2023-01-15,DC26->DC5,inbound_to_closed_site,DC26,DC9,DC26->DC9,1241,0
min_changed_plus_2,2023-01-15,DC27->DC5,inbound_to_closed_site,DC27,DC65,DC27->DC65,1341,0
min_changed_plus_2,2023-01-15,DC28->DC5,inbound_to_closed_site,DC28,DC8,DC28->DC8,2024,0
min_changed_plus_2,2023-01-15,DC30->DC5,inbound_to_closed_site,DC30,DC62,DC30->DC62,1269,0
min_changed_plus_2,2023-01-15,DC31->DC5,inbound_to_closed_site,DC31,DC64,DC31->DC64,30,0
min_changed_plus_2,2023-01-15,DC34->DC5,inbound_to_closed_site,DC34,DC12,DC34->DC12,6,0
min_changed_plus_2,2023-01-15,DC36->DC5,inbound_to_closed_site,DC36,DC64,DC36->DC64,7740,0
min_changed_plus_2,2023-01-15,DC38->DC5,inbound_to_closed_site,DC38,DC62,DC38->DC62,2565,0
min_changed_plus_2,2023-01-15,DC4->DC5,inbound_to_closed_site,DC4,DC10,DC4->DC10,9,0
min_changed_plus_2,2023-01-15,DC40->DC5,inbound_to_closed_site,DC40,DC8,DC40->DC8,7,0
min_changed_plus_2,2023-01-15,DC42->DC5,inbound_to_closed_site,DC42,DC14,DC42->DC14,334,0
min_changed_plus_2,2023-01-15,DC43->DC5,inbound_to_closed_site,DC43,DC3,DC43->DC3,731,0
min_changed_plus_2,2023-01-15,DC44->DC5,inbound_to_closed_site,DC44,DC3,DC44->DC3,2749,0
min_changed_plus_2,2023-01-15,DC46->DC5,inbound_to_closed_site,DC46,DC62,DC46->DC62,784,0
min_changed_plus_2,2023-01-15,DC47->DC5,inbound_to_closed_site,DC47,DC9,DC47->DC9,1285,0
min_changed_plus_2,2023-01-15,DC48->DC5,inbound_to_closed_site,DC48,DC8,DC48->DC8,1080,0
min_changed_plus_2,2023-01-15,DC5->DC10,outbound_from_closed_site,DC4,DC10,DC4->DC10,161,0
min_changed_plus_2,2023-01-15,DC5->DC14,outbound_from_closed_site,DC19,DC14,DC19->DC14,70,0
min_changed_plus_2,2023-01-15,DC5->DC4,outbound_from_closed_site,DC21,DC4,DC21->DC4,1402,0
min_changed_plus_2,2023-01-15,DC5->DC62,outbound_from_closed_site,DC38,DC62,DC38->DC62,101,0
min_changed_plus_2,2023-01-15,DC5->DC70,outbound_from_closed_site,DC17,DC70,DC17->DC70,6,0
min_changed_plus_2,2023-01-15,DC5->DC8,outbound_from_closed_site,DC40,DC8,DC40->DC8,6,0
min_changed_plus_2,2023-01-15,DC50->DC5,inbound_to_closed_site,DC50,DC62,DC50->DC62,673,0
min_changed_plus_2,2023-01-15,DC51->DC5,inbound_to_closed_site,DC51,DC10,DC51->DC10,2966,0
min_changed_plus_2,2023-01-15,DC52->DC5,inbound_to_closed_site,DC52,DC62,DC52->DC62,52,0
min_changed_plus_2,2023-01-15,DC53->DC5,inbound_to_closed_site,DC53,DC10,DC53->DC10,237,0
min_changed_plus_2,2023-01-15,DC55->DC5,inbound_to_closed_site,DC55,DC14,DC55->DC14,37,0
min_changed_plus_2,2023-01-15,DC59->DC5,inbound_to_closed_site,DC59,DC14,DC59->DC14,242,0
min_changed_plus_2,2023-01-15,DC60->DC5,inbound_to_closed_site,DC60,DC10,DC60->DC10,573,0
min_changed_plus_2,2023-01-15,DC62->DC5,inbound_to_closed_site,DC62,DC14,DC62->DC14,2378,0
min_changed_plus_2,2023-01-15,DC68->DC5,inbound_to_closed_site,DC68,DC10,DC68->DC10,68,0
min_changed_plus_2,2023-01-15,DC69->DC5,inbound_to_closed_site,DC69,DC10,DC69->DC10,13,0
min_changed_plus_2,2023-01-15,DC7->DC5,inbound_to_closed_site,DC7,DC4,DC7->DC4,145,0
min_changed_plus_2,2023-01-15,DC71->DC5,inbound_to_closed_site,DC71,DC10,DC71->DC10,46,0
min_changed_plus_2,2023-01-15,DC73->DC5,inbound_to_closed_site,DC73,DC3,DC73->DC3,2406,0
min_changed_plus_2,2023-01-15,DC8->DC5,inbound_to_closed_site,DC8,DC10,DC8->DC10,3810,0
min_changed_plus_2,2023-01-15,DC9->DC5,inbound_to_closed_site,DC9,DC14,DC9->DC14,13275,0
min_changed_plus_2,2023-01-15,DC9->DC5,inbound_to_closed_site,DC9,DC3,DC9->DC3,4057,0
min_changed_plus_2,2023-01-15,DC9->DC5,inbound_to_closed_site,DC9,DC8,DC9->DC8,2067,0
min_changed_plus_2,2023-01-16,DC10->DC5,inbound_to_closed_site,DC10,DC9,DC10->DC9,6304,0
min_changed_plus_2,2023-01-16,DC14->DC5,inbound_to_closed_site,DC14,DC35,DC14->DC35,13894,0
min_changed_plus_2,2023-01-16,DC17->DC5,inbound_to_closed_site,DC17,DC8,DC17->DC8,8365,0
min_changed_plus_2,2023-01-16,DC19->DC5,inbound_to_closed_site,DC19,DC35,DC19->DC35,4658,0
min_changed_plus_2,2023-01-16,DC20->DC5,inbound_to_closed_site,DC20,DC10,DC20->DC10,4642,0
min_changed_plus_2,2023-01-16,DC21->DC5,inbound_to_closed_site,DC21,DC10,DC21->DC10,5703,0
min_changed_plus_2,2023-01-16,DC22->DC5,inbound_to_closed_site,DC22,DC8,DC22->DC8,5111,0
min_changed_plus_2,2023-01-16,DC23->DC5,inbound_to_closed_site,DC23,DC14,DC23->DC14,5651,0
min_changed_plus_2,2023-01-16,DC25->DC5,inbound_to_closed_site,DC25,DC4,DC25->DC4,4946,0
min_changed_plus_2,2023-01-16,DC26->DC5,inbound_to_closed_site,DC26,DC9,DC26->DC9,1315,0
min_changed_plus_2,2023-01-16,DC27->DC5,inbound_to_closed_site,DC27,DC65,DC27->DC65,1389,0
min_changed_plus_2,2023-01-16,DC28->DC5,inbound_to_closed_site,DC28,DC8,DC28->DC8,2137,0
min_changed_plus_2,2023-01-16,DC30->DC5,inbound_to_closed_site,DC30,DC62,DC30->DC62,1284,0
min_changed_plus_2,2023-01-16,DC31->DC5,inbound_to_closed_site,DC31,DC64,DC31->DC64,52,0
min_changed_plus_2,2023-01-16,DC34->DC5,inbound_to_closed_site,DC34,DC12,DC34->DC12,10,0
min_changed_plus_2,2023-01-16,DC36->DC5,inbound_to_closed_site,DC36,DC64,DC36->DC64,7838,0
min_changed_plus_2,2023-01-16,DC38->DC5,inbound_to_closed_site,DC38,DC62,DC38->DC62,2949,0
min_changed_plus_2,2023-01-16,DC4->DC5,inbound_to_closed_site,DC4,DC10,DC4->DC10,10,0
min_changed_plus_2,2023-01-16,DC40->DC5,inbound_to_closed_site,DC40,DC9,DC40->DC9,7,0
min_changed_plus_2,2023-01-16,DC42->DC5,inbound_to_closed_site,DC42,DC14,DC42->DC14,348,0
min_changed_plus_2,2023-01-16,DC43->DC5,inbound_to_closed_site,DC43,DC3,DC43->DC3,738,0
min_changed_plus_2,2023-01-16,DC44->DC5,inbound_to_closed_site,DC44,DC3,DC44->DC3,2984,0
min_changed_plus_2,2023-01-16,DC46->DC5,inbound_to_closed_site,DC46,DC62,DC46->DC62,782,0
min_changed_plus_2,2023-01-16,DC47->DC5,inbound_to_closed_site,DC47,DC9,DC47->DC9,1398,0
min_changed_plus_2,2023-01-16,DC48->DC5,inbound_to_closed_site,DC48,DC8,DC48->DC8,1169,0
min_changed_plus_2,2023-01-16,DC5->DC10,outbound_from_closed_site,DC19,DC10,DC19->DC10,180,0
min_changed_plus_2,2023-01-16,DC5->DC14,outbound_from_closed_site,DC7,DC14,DC7->DC14,74,0
min_changed_plus_2,2023-01-16,DC5->DC4,outbound_from_closed_site,DC73,DC4,DC73->DC4,1618,0
min_changed_plus_2,2023-01-16,DC5->DC62,outbound_from_closed_site,DC30,DC62,DC30->DC62,123,0
min_changed_plus_2,2023-01-16,DC5->DC70,outbound_from_closed_site,DC38,DC70,DC38->DC70,8,0
min_changed_plus_2,2023-01-16,DC5->DC8,outbound_from_closed_site,DC28,DC8,DC28->DC8,6,0
min_changed_plus_2,2023-01-16,DC50->DC5,inbound_to_closed_site,DC50,DC62,DC50->DC62,724,0
min_changed_plus_2,2023-01-16,DC51->DC5,inbound_to_closed_site,DC51,DC65,DC51->DC65,3208,0
min_changed_plus_2,2023-01-16,DC52->DC5,inbound_to_closed_site,DC52,DC62,DC52->DC62,54,0
min_changed_plus_2,2023-01-16,DC53->DC5,inbound_to_closed_site,DC53,DC14,DC53->DC14,276,0
min_changed_plus_2,2023-01-16,DC55->DC5,inbound_to_closed_site,DC55,DC62,DC55->DC62,38,0
min_changed_plus_2,2023-01-16,DC59->DC5,inbound_to_closed_site,DC59,DC10,DC59->DC10,272,0
min_changed_plus_2,2023-01-16,DC60->DC5,inbound_to_closed_site,DC60,DC35,DC60->DC35,615,0
min_changed_plus_2,2023-01-16,DC62->DC5,inbound_to_closed_site,DC62,DC14,DC62->DC14,2426,0
min_changed_plus_2,2023-01-16,DC68->DC5,inbound_to_closed_site,DC68,DC8,DC68->DC8,77,0
min_changed_plus_2,2023-01-16,DC69->DC5,inbound_to_closed_site,DC69,DC8,DC69->DC8,13,0
min_changed_plus_2,2023-01-16,DC7->DC5,inbound_to_closed_site,DC7,DC14,DC7->DC14,164,0
min_changed_plus_2,2023-01-16,DC71->DC5,inbound_to_closed_site,DC71,DC62,DC71->DC62,58,0
min_changed_plus_2,2023-01-16,DC73->DC5,inbound_to_closed_site,DC73,DC4,DC73->DC4,2503,0
min_changed_plus_2,2023-01-16,DC8->DC5,inbound_to_closed_site,DC8,DC10,DC8->DC10,3809,0
min_changed_plus_2,2023-01-16,DC9->DC5,inbound_to_closed_site,DC9,DC14,DC9->DC14,4757,0
min_changed_plus_2,2023-01-16,DC9->DC5,inbound_to_closed_site,DC9,DC3,DC9->DC3,19239,0
min_changed_plus_2,2023-01-16,DC15->DC5,inbound_to_closed_site,,,,0,2865
min_changed_plus_2,2023-01-17,DC10->DC5,inbound_to_closed_site,DC10,DC4,DC10->DC4,6323,0
min_changed_plus_2,2023-01-17,DC14->DC5,inbound_to_closed_site,DC14,DC35,DC14->DC35,13894,0
min_changed_plus_2,2023-01-17,DC15->DC5,inbound_to_closed_site,DC15,DC8,DC15->DC8,2845,0
min_changed_plus_2,2023-01-17,DC17->DC5,inbound_to_closed_site,DC17,DC35,DC17->DC35,8365,0
min_changed_plus_2,2023-01-17,DC19->DC5,inbound_to_closed_site,DC19,DC10,DC19->DC10,4654,0
min_changed_plus_2,2023-01-17,DC20->DC5,inbound_to_closed_site,DC20,DC14,DC20->DC14,4660,0
min_changed_plus_2,2023-01-17,DC21->DC5,inbound_to_closed_site,DC21,DC10,DC21->DC10,9624,0
min_changed_plus_2,2023-01-17,DC22->DC5,inbound_to_closed_site,DC22,DC62,DC22->DC62,4909,0
min_changed_plus_2,2023-01-17,DC23->DC5,inbound_to_closed_site,DC23,DC62,DC23->DC62,5673,0
min_changed_plus_2,2023-01-17,DC25->DC5,inbound_to_closed_site,DC25,DC10,DC25->DC10,4947,0
min_changed_plus_2,2023-01-17,DC26->DC5,inbound_to_closed_site,DC26,DC4,DC26->DC4,1303,0
min_changed_plus_2,2023-01-17,DC27->DC5,inbound_to_closed_site,DC27,DC65,DC27->DC65,1377,0
min_changed_plus_2,2023-01-17,DC28->DC5,inbound_to_closed_site,DC28,DC8,DC28->DC8,2073,0
min_changed_plus_2,2023-01-17,DC30->DC5,inbound_to_closed_site,DC30,DC62,DC30->DC62,1280,0
min_changed_plus_2,2023-01-17,DC31->DC5,inbound_to_closed_site,DC31,DC64,DC31->DC64,37,0
min_changed_plus_2,2023-01-17,DC34->DC5,inbound_to_closed_site,DC34,DC12,DC34->DC12,7,0
min_changed_plus_2,2023-01-17,DC36->DC5,inbound_to_closed_site,DC36,DC64,DC36->DC64,7838,0
min_changed_plus_2,2023-01-17,DC38->DC5,inbound_to_closed_site,DC38,DC62,DC38->DC62,2941,0
min_changed_plus_2,2023-01-17,DC4->DC5,inbound_to_closed_site,DC4,DC62,DC4->DC62,9,0
min_changed_plus_2,2023-01-17,DC40->DC5,inbound_to_closed_site,DC40,DC8,DC40->DC8,7,0
min_changed_plus_2,2023-01-17,DC42->DC5,inbound_to_closed_site,DC42,DC14,DC42->DC14,347,0
min_changed_plus_2,2023-01-17,DC43->DC5,inbound_to_closed_site,DC43,DC3,DC43->DC3,742,0
min_changed_plus_2,2023-01-17,DC44->DC5,inbound_to_closed_site,DC44,DC3,DC44->DC3,2934,0
min_changed_plus_2,2023-01-17,DC46->DC5,inbound_to_closed_site,DC46,DC62,DC46->DC62,749,0
min_changed_plus_2,2023-01-17,DC47->DC5,inbound_to_closed_site,DC47,DC9,DC47->DC9,1388,0
min_changed_plus_2,2023-01-17,DC48->DC5,inbound_to_closed_site,DC48,DC8,DC48->DC8,1157,0
min_changed_plus_2,2023-01-17,DC5->DC10,outbound_from_closed_site,DC69,DC10,DC69->DC10,177,0
min_changed_plus_2,2023-01-17,DC5->DC14,outbound_from_closed_site,DC59,DC14,DC59->DC14,74,0
min_changed_plus_2,2023-01-17,DC5->DC4,outbound_from_closed_site,DC26,DC4,DC26->DC4,1547,0
min_changed_plus_2,2023-01-17,DC5->DC62,outbound_from_closed_site,DC50,DC62,DC50->DC62,110,0
min_changed_plus_2,2023-01-17,DC5->DC70,outbound_from_closed_site,DC68,DC70,DC68->DC70,7,0
min_changed_plus_2,2023-01-17,DC5->DC8,outbound_from_closed_site,DC40,DC8,DC40->DC8,6,0
min_changed_plus_2,2023-01-17,DC50->DC5,inbound_to_closed_site,DC50,DC62,DC50->DC62,722,0
min_changed_plus_2,2023-01-17,DC51->DC5,inbound_to_closed_site,DC51,DC10,DC51->DC10,3184,0
min_changed_plus_2,2023-01-17,DC52->DC5,inbound_to_closed_site,DC52,DC8,DC52->DC8,52,0
min_changed_plus_2,2023-01-17,DC53->DC5,inbound_to_closed_site,DC53,DC10,DC53->DC10,282,0
min_changed_plus_2,2023-01-17,DC55->DC5,inbound_to_closed_site,DC55,DC4,DC55->DC4,34,0
min_changed_plus_2,2023-01-17,DC59->DC5,inbound_to_closed_site,DC59,DC14,DC59->DC14,284,0
min_changed_plus_2,2023-01-17,DC60->DC5,inbound_to_closed_site,DC60,DC10,DC60->DC10,597,0
min_changed_plus_2,2023-01-17,DC62->DC5,inbound_to_closed_site,DC62,DC14,DC62->DC14,2405,0
min_changed_plus_2,2023-01-17,DC68->DC5,inbound_to_closed_site,DC68,DC70,DC68->DC70,74,0
min_changed_plus_2,2023-01-17,DC69->DC5,inbound_to_closed_site,DC69,DC10,DC69->DC10,10,0
min_changed_plus_2,2023-01-17,DC7->DC5,inbound_to_closed_site,DC7,DC4,DC7->DC4,180,0
min_changed_plus_2,2023-01-17,DC71->DC5,inbound_to_closed_site,DC71,DC4,DC71->DC4,54,0
min_changed_plus_2,2023-01-17,DC73->DC5,inbound_to_closed_site,DC73,DC3,DC73->DC3,2500,0
min_changed_plus_2,2023-01-17,DC8->DC5,inbound_to_closed_site,DC8,DC10,DC8->DC10,3631,0
min_changed_plus_2,2023-01-17,DC9->DC5,inbound_to_closed_site,DC9,DC14,DC9->DC14,5761,0
min_changed_plus_2,2023-01-17,DC9->DC5,inbound_to_closed_site,DC9,DC3,DC9->DC3,9226,0
min_changed_plus_2,2023-01-17,DC9->DC5,inbound_to_closed_site,DC9,DC4,DC9->DC4,1899,0
min_changed_plus_2,2023-01-17,DC9->DC5,inbound_to_closed_site,DC9,DC8,DC9->DC8,1998,0
min_changed_plus_2,2023-01-18,DC10->DC5,inbound_to_closed_site,DC10,DC12,DC10->DC12,993,0
min_changed_plus_2,2023-01-18,DC10->DC5,inbound_to_closed_site,DC10,DC4,DC10->DC4,5130,0
min_changed_plus_2,2023-01-18,DC14->DC5,inbound_to_closed_site,DC14,DC35,DC14->DC35,13723,0
min_changed_plus_2,2023-01-18,DC15->DC5,inbound_to_closed_site,DC15,DC8,DC15->DC8,2788,0
min_changed_plus_2,2023-01-18,DC17->DC5,inbound_to_closed_site,DC17,DC35,DC17->DC35,8266,0
min_changed_plus_2,2023-01-18,DC19->DC5,inbound_to_closed_site,DC19,DC14,DC19->DC14,4487,0
min_changed_plus_2,2023-01-18,DC20->DC5,inbound_to_closed_site,DC20,DC4,DC20->DC4,4620,0
min_changed_plus_2,2023-01-18,DC21->DC5,inbound_to_closed_site,DC21,DC35,DC21->DC35,6143,0
min_changed_plus_2,2023-01-18,DC21->DC5,inbound_to_closed_site,DC21,DC4,DC21->DC4,1421,0
min_changed_plus_2,2023-01-18,DC22->DC5,inbound_to_closed_site,DC22,DC8,DC22->DC8,4909,0
min_changed_plus_2,2023-01-18,DC23->DC5,inbound_to_closed_site,DC23,DC62,DC23->DC62,5313,0
min_changed_plus_2,2023-01-18,DC25->DC5,inbound_to_closed_site,DC25,DC14,DC25->DC14,4752,0
min_changed_plus_2,2023-01-18,DC26->DC5,inbound_to_closed_site,DC26,DC9,DC26->DC9,1268,0
min_changed_plus_2,2023-01-18,DC27->DC5,inbound_to_closed_site,DC27,DC65,DC27->DC65,1340,0
min_changed_plus_2,2023-01-18,DC28->DC5,inbound_to_closed_site,DC28,DC8,DC28->DC8,1934,0
min_changed_plus_2,2023-01-18,DC30->DC5,inbound_to_closed_site,DC30,DC62,DC30->DC62,1266,0
min_changed_plus_2,2023-01-18,DC31->DC5,inbound_to_closed_site,DC31,DC64,DC31->DC64,38,0
min_changed_plus_2,2023-01-18,DC34->DC5,inbound_to_closed_site,DC34,DC12,DC34->DC12,8,0
min_changed_plus_2,2023-01-18,DC36->DC5,inbound_to_closed_site,DC36,DC64,DC36->DC64,7760,0
min_changed_plus_2,2023-01-18,DC38->DC5,inbound_to_closed_site,DC38,DC62,DC38->DC62,2793,0
min_changed_plus_2,2023-01-18,DC4->DC5,inbound_to_closed_site,DC4,DC62,DC4->DC62,8,0
min_changed_plus_2,2023-01-18,DC40->DC5,inbound_to_closed_site,DC40,DC9,DC40->DC9,7,0
min_changed_plus_2,2023-01-18,DC42->DC5,inbound_to_closed_site,DC42,DC14,DC42->DC14,331,0
min_changed_plus_2,2023-01-18,DC43->DC5,inbound_to_closed_site,DC43,DC3,DC43->DC3,714,0
min_changed_plus_2,2023-01-18,DC44->DC5,inbound_to_closed_site,DC44,DC3,DC44->DC3,2800,0
min_changed_plus_2,2023-01-18,DC46->DC5,inbound_to_closed_site,DC46,DC62,DC46->DC62,748,0
min_changed_plus_2,2023-01-18,DC47->DC5,inbound_to_closed_site,DC47,DC70,DC47->DC70,1269,0
min_changed_plus_2,2023-01-18,DC48->DC5,inbound_to_closed_site,DC48,DC8,DC48->DC8,1076,0
min_changed_plus_2,2023-01-18,DC5->DC10,outbound_from_closed_site,DC69,DC10,DC69->DC10,168,0
min_changed_plus_2,2023-01-18,DC5->DC14,outbound_from_closed_site,DC59,DC14,DC59->DC14,74,0
min_changed_plus_2,2023-01-18,DC5->DC4,outbound_from_closed_site,DC21,DC4,DC21->DC4,1601,0
min_changed_plus_2,2023-01-18,DC5->DC62,outbound_from_closed_site,DC46,DC62,DC46->DC62,112,0
min_changed_plus_2,2023-01-18,DC5->DC70,outbound_from_closed_site,DC47,DC70,DC47->DC70,6,0
min_changed_plus_2,2023-01-18,DC5->DC8,outbound_from_closed_site,DC52,DC8,DC52->DC8,6,0
min_changed_plus_2,2023-01-18,DC50->DC5,inbound_to_closed_site,DC50,DC62,DC50->DC62,671,0
min_changed_plus_2,2023-01-18,DC51->DC5,inbound_to_closed_site,DC51,DC10,DC51->DC10,3110,0
min_changed_plus_2,2023-01-18,DC52->DC5,inbound_to_closed_site,DC52,DC8,DC52->DC8,51,0
min_changed_plus_2,2023-01-18,DC53->DC5,inbound_to_closed_site,DC53,DC10,DC53->DC10,246,0
min_changed_plus_2,2023-01-18,DC55->DC5,inbound_to_closed_site,DC55,DC4,DC55->DC4,33,0
min_changed_plus_2,2023-01-18,DC59->DC5,inbound_to_closed_site,DC59,DC14,DC59->DC14,266,0
min_changed_plus_2,2023-01-18,DC60->DC5,inbound_to_closed_site,DC60,DC10,DC60->DC10,561,0
min_changed_plus_2,2023-01-18,DC62->DC5,inbound_to_closed_site,DC62,DC14,DC62->DC14,2255,0
min_changed_plus_2,2023-01-18,DC68->DC5,inbound_to_closed_site,DC68,DC10,DC68->DC10,70,0
min_changed_plus_2,2023-01-18,DC69->DC5,inbound_to_closed_site,DC69,DC10,DC69->DC10,8,0
min_changed_plus_2,2023-01-18,DC7->DC5,inbound_to_closed_site,DC7,DC4,DC7->DC4,173,0
min_changed_plus_2,2023-01-18,DC71->DC5,inbound_to_closed_site,DC71,DC10,DC71->DC10,50,0
min_changed_plus_2,2023-01-18,DC73->DC5,inbound_to_closed_site,DC73,DC3,DC73->DC3,2369,0
min_changed_plus_2,2023-01-18,DC8->DC5,inbound_to_closed_site,DC8,DC10,DC8->DC10,3504,0
min_changed_plus_2,2023-01-18,DC9->DC5,inbound_to_closed_site,DC9,DC3,DC9->DC3,16215,0
min_changed_plus_2,2023-01-19,DC10->DC5,inbound_to_closed_site,DC10,DC3,DC10->DC3,5677,0
min_changed_plus_2,2023-01-19,DC14->DC5,inbound_to_closed_site,DC14,DC3,DC14->DC3,13306,0
min_changed_plus_2,2023-01-19,DC15->DC5,inbound_to_closed_site,DC15,DC8,DC15->DC8,2640,0
min_changed_plus_2,2023-01-19,DC17->DC5,inbound_to_closed_site,DC17,DC35,DC17->DC35,7973,0
min_changed_plus_2,2023-01-19,DC19->DC5,inbound_to_closed_site,DC19,DC14,DC19->DC14,4200,0
min_changed_plus_2,2023-01-19,DC20->DC5,inbound_to_closed_site,DC20,DC4,DC20->DC4,4478,0
min_changed_plus_2,2023-01-19,DC21->DC5,inbound_to_closed_site,DC21,DC35,DC21->DC35,4332,0
min_changed_plus_2,2023-01-19,DC22->DC5,inbound_to_closed_site,DC22,DC62,DC22->DC62,4531,0
min_changed_plus_2,2023-01-19,DC23->DC5,inbound_to_closed_site,DC23,DC3,DC23->DC3,4975,0
min_changed_plus_2,2023-01-19,DC25->DC5,inbound_to_closed_site,DC25,DC10,DC25->DC10,4360,0
min_changed_plus_2,2023-01-19,DC26->DC5,inbound_to_closed_site,DC26,DC9,DC26->DC9,1184,0
min_changed_plus_2,2023-01-19,DC27->DC5,inbound_to_closed_site,DC27,DC65,DC27->DC65,1238,0
min_changed_plus_2,2023-01-19,DC28->DC5,inbound_to_closed_site,DC28,DC8,DC28->DC8,1884,0
min_changed_plus_2,2023-01-19,DC30->DC5,inbound_to_closed_site,DC30,DC62,DC30->DC62,1257,0
min_changed_plus_2,2023-01-19,DC31->DC5,inbound_to_closed_site,DC31,DC64,DC31->DC64,37,0
min_changed_plus_2,2023-01-19,DC34->DC5,inbound_to_closed_site,DC34,DC12,DC34->DC12,6,0
min_changed_plus_2,2023-01-19,DC36->DC5,inbound_to_closed_site,DC36,DC64,DC36->DC64,7318,0
min_changed_plus_2,2023-01-19,DC38->DC5,inbound_to_closed_site,DC38,DC62,DC38->DC62,2666,0
min_changed_plus_2,2023-01-19,DC4->DC5,inbound_to_closed_site,DC4,DC62,DC4->DC62,8,0
min_changed_plus_2,2023-01-19,DC40->DC5,inbound_to_closed_site,DC40,DC8,DC40->DC8,6,0
min_changed_plus_2,2023-01-19,DC42->DC5,inbound_to_closed_site,DC42,DC14,DC42->DC14,321,0
min_changed_plus_2,2023-01-19,DC43->DC5,inbound_to_closed_site,DC43,DC3,DC43->DC3,704,0
min_changed_plus_2,2023-01-19,DC44->DC5,inbound_to_closed_site,DC44,DC3,DC44->DC3,2654,0
min_changed_plus_2,2023-01-19,DC46->DC5,inbound_to_closed_site,DC46,DC62,DC46->DC62,767,0
min_changed_plus_2,2023-01-19,DC47->DC5,inbound_to_closed_site,DC47,DC9,DC47->DC9,1168,0
min_changed_plus_2,2023-01-19,DC48->DC5,inbound_to_closed_site,DC48,DC8,DC48->DC8,1019,0
min_changed_plus_2,2023-01-19,DC5->DC10,outbound_from_closed_site,DC18,DC10,DC18->DC10,164,0
min_changed_plus_2,2023-01-19,DC5->DC14,outbound_from_closed_site,DC59,DC14,DC59->DC14,69,0
min_changed_plus_2,2023-01-19,DC5->DC4,outbound_from_closed_site,DC20,DC4,DC20->DC4,1557,0
min_changed_plus_2,2023-01-19,DC5->DC62,outbound_from_closed_site,DC46,DC62,DC46->DC62,92,0
min_changed_plus_2,2023-01-19,DC5->DC70,outbound_from_closed_site,DC17,DC70,DC17->DC70,7,0
min_changed_plus_2,2023-01-19,DC5->DC8,outbound_from_closed_site,DC52,DC8,DC52->DC8,6,0
min_changed_plus_2,2023-01-19,DC50->DC5,inbound_to_closed_site,DC50,DC62,DC50->DC62,627,0
min_changed_plus_2,2023-01-19,DC51->DC5,inbound_to_closed_site,DC51,DC10,DC51->DC10,2774,0
min_changed_plus_2,2023-01-19,DC52->DC5,inbound_to_closed_site,DC52,DC8,DC52->DC8,46,0
min_changed_plus_2,2023-01-19,DC53->DC5,inbound_to_closed_site,DC53,DC10,DC53->DC10,241,0
min_changed_plus_2,2023-01-19,DC55->DC5,inbound_to_closed_site,DC55,DC14,DC55->DC14,29,0
min_changed_plus_2,2023-01-19,DC59->DC5,inbound_to_closed_site,DC59,DC14,DC59->DC14,263,0
min_changed_plus_2,2023-01-19,DC60->DC5,inbound_to_closed_site,DC60,DC10,DC60->DC10,537,0
min_changed_plus_2,2023-01-19,DC62->DC5,inbound_to_closed_site,DC62,DC14,DC62->DC14,2067,0
min_changed_plus_2,2023-01-19,DC68->DC5,inbound_to_closed_site,DC68,DC14,DC68->DC14,65,0
min_changed_plus_2,2023-01-19,DC69->DC5,inbound_to_closed_site,DC69,DC10,DC69->DC10,7,0
min_changed_plus_2,2023-01-19,DC7->DC5,inbound_to_closed_site,DC7,DC4,DC7->DC4,156,0
min_changed_plus_2,2023-01-19,DC71->DC5,inbound_to_closed_site,DC71,DC10,DC71->DC10,43,0
min_changed_plus_2,2023-01-19,DC73->DC5,inbound_to_closed_site,DC73,DC3,DC73->DC3,2168,0
min_changed_plus_2,2023-01-19,DC8->DC5,inbound_to_closed_site,DC8,DC10,DC8->DC10,3732,0
min_changed_plus_2,2023-01-19,DC9->DC5,inbound_to_closed_site,DC9,DC14,DC9->DC14,9713,0
min_changed_plus_2,2023-01-20,DC10->DC5,inbound_to_closed_site,DC10,DC3,DC10->DC3,3860,0
min_changed_plus_2,2023-01-20,DC14->DC5,inbound_to_closed_site,DC14,DC4,DC14->DC4,12814,0
min_changed_plus_2,2023-01-20,DC15->DC5,inbound_to_closed_site,DC15,DC8,DC15->DC8,2140,0
min_changed_plus_2,2023-01-20,DC17->DC5,inbound_to_closed_site,DC17,DC35,DC17->DC35,6284,0
min_changed_plus_2,2023-01-20,DC19->DC5,inbound_to_closed_site,DC19,DC14,DC19->DC14,2820,0
min_changed_plus_2,2023-01-20,DC20->DC5,inbound_to_closed_site,DC20,DC4,DC20->DC4,2840,0
min_changed_plus_2,2023-01-20,DC21->DC5,inbound_to_closed_site,DC21,DC35,DC21->DC35,3277,0
min_changed_plus_2,2023-01-20,DC22->DC5,inbound_to_closed_site,DC22,DC62,DC22->DC62,3212,0
min_changed_plus_2,2023-01-20,DC23->DC5,inbound_to_closed_site,DC23,DC3,DC23->DC3,3591,0
min_changed_plus_2,2023-01-20,DC25->DC5,inbound_to_closed_site,DC25,DC10,DC25->DC10,3070,0
min_changed_plus_2,2023-01-20,DC26->DC5,inbound_to_closed_site,DC26,DC9,DC26->DC9,1043,0
min_changed_plus_2,2023-01-20,DC27->DC5,inbound_to_closed_site,DC27,DC65,DC27->DC65,1095,0
min_changed_plus_2,2023-01-20,DC28->DC5,inbound_to_closed_site,DC28,DC8,DC28->DC8,1394,0
min_changed_plus_2,2023-01-20,DC30->DC5,inbound_to_closed_site,DC30,DC62,DC30->DC62,1179,0
min_changed_plus_2,2023-01-20,DC31->DC5,inbound_to_closed_site,DC31,DC64,DC31->DC64,33,0
min_changed_plus_2,2023-01-20,DC34->DC5,inbound_to_closed_site,DC34,DC12,DC34->DC12,7,0
min_changed_plus_2,2023-01-20,DC36->DC5,inbound_to_closed_site,DC36,DC64,DC36->DC64,4591,0
min_changed_plus_2,2023-01-20,DC38->DC5,inbound_to_closed_site,DC38,DC62,DC38->DC62,2199,0
min_changed_plus_2,2023-01-20,DC4->DC5,inbound_to_closed_site,DC4,DC62,DC4->DC62,7,0
min_changed_plus_2,2023-01-20,DC40->DC5,inbound_to_closed_site,DC40,DC8,DC40->DC8,6,0
min_changed_plus_2,2023-01-20,DC42->DC5,inbound_to_closed_site,DC42,DC14,DC42->DC14,270,0
min_changed_plus_2,2023-01-20,DC43->DC5,inbound_to_closed_site,DC43,DC3,DC43->DC3,577,0
min_changed_plus_2,2023-01-20,DC44->DC5,inbound_to_closed_site,DC44,DC3,DC44->DC3,2001,0
min_changed_plus_2,2023-01-20,DC46->DC5,inbound_to_closed_site,DC46,DC62,DC46->DC62,611,0
min_changed_plus_2,2023-01-20,DC47->DC5,inbound_to_closed_site,DC47,DC9,DC47->DC9,1136,0
min_changed_plus_2,2023-01-20,DC48->DC5,inbound_to_closed_site,DC48,DC8,DC48->DC8,896,0
min_changed_plus_2,2023-01-20,DC5->DC10,outbound_from_closed_site,DC18,DC10,DC18->DC10,134,0
min_changed_plus_2,2023-01-20,DC5->DC14,outbound_from_closed_site,DC59,DC14,DC59->DC14,53,0
min_changed_plus_2,2023-01-20,DC5->DC4,outbound_from_closed_site,DC20,DC4,DC20->DC4,1381,0
min_changed_plus_2,2023-01-20,DC5->DC62,outbound_from_closed_site,DC46,DC62,DC46->DC62,66,0
min_changed_plus_2,2023-01-20,DC5->DC70,outbound_from_closed_site,DC51,DC70,DC51->DC70,6,0
min_changed_plus_2,2023-01-20,DC5->DC8,outbound_from_closed_site,DC52,DC8,DC52->DC8,6,0
min_changed_plus_2,2023-01-20,DC50->DC5,inbound_to_closed_site,DC50,DC62,DC50->DC62,503,0
min_changed_plus_2,2023-01-20,DC51->DC5,inbound_to_closed_site,DC51,DC10,DC51->DC10,2183,0
min_changed_plus_2,2023-01-20,DC52->DC5,inbound_to_closed_site,DC52,DC8,DC52->DC8,43,0
min_changed_plus_2,2023-01-20,DC53->DC5,inbound_to_closed_site,DC53,DC10,DC53->DC10,172,0
min_changed_plus_2,2023-01-20,DC55->DC5,inbound_to_closed_site,DC55,DC14,DC55->DC14,29,0
min_changed_plus_2,2023-01-20,DC59->DC5,inbound_to_closed_site,DC59,DC14,DC59->DC14,179,0
min_changed_plus_2,2023-01-20,DC60->DC5,inbound_to_closed_site,DC60,DC10,DC60->DC10,456,0
min_changed_plus_2,2023-01-20,DC62->DC5,inbound_to_closed_site,DC62,DC14,DC62->DC14,1657,0
min_changed_plus_2,2023-01-20,DC68->DC5,inbound_to_closed_site,DC68,DC14,DC68->DC14,51,0
min_changed_plus_2,2023-01-20,DC69->DC5,inbound_to_closed_site,DC69,DC10,DC69->DC10,6,0
min_changed_plus_2,2023-01-20,DC7->DC5,inbound_to_closed_site,DC7,DC4,DC7->DC4,135,0
min_changed_plus_2,2023-01-20,DC71->DC5,inbound_to_closed_site,DC71,DC10,DC71->DC10,38,0
min_changed_plus_2,2023-01-20,DC73->DC5,inbound_to_closed_site,DC73,DC3,DC73->DC3,1785,0
min_changed_plus_2,2023-01-20,DC8->DC5,inbound_to_closed_site,DC8,DC10,DC8->DC10,3229,0
min_changed_plus_2,2023-01-20,DC9->DC5,inbound_to_closed_site,DC9,DC3,DC9->DC3,9362,0
min_changed_plus_2,2023-01-21,DC10->DC5,inbound_to_closed_site,DC10,DC3,DC10->DC3,1526,0
min_changed_plus_2,2023-01-21,DC14->DC5,inbound_to_closed_site,DC14,DC3,DC14->DC3,6392,0
min_changed_plus_2,2023-01-21,DC15->DC5,inbound_to_closed_site,DC15,DC8,DC15->DC8,1343,0
min_changed_plus_2,2023-01-21,DC17->DC5,inbound_to_closed_site,DC17,DC3,DC17->DC3,2105,0
min_changed_plus_2,2023-01-21,DC19->DC5,inbound_to_closed_site,DC19,DC14,DC19->DC14,1111,0
min_changed_plus_2,2023-01-21,DC20->DC5,inbound_to_closed_site,DC20,DC4,DC20->DC4,1041,0
min_changed_plus_2,2023-01-21,DC21->DC5,inbound_to_closed_site,DC21,DC10,DC21->DC10,1842,0
min_changed_plus_2,2023-01-21,DC22->DC5,inbound_to_closed_site,DC22,DC62,DC22->DC62,1110,0
min_changed_plus_2,2023-01-21,DC23->DC5,inbound_to_closed_site,DC23,DC3,DC23->DC3,1068,0
min_changed_plus_2,2023-01-21,DC25->DC5,inbound_to_closed_site,DC25,DC10,DC25->DC10,1021,0
min_changed_plus_2,2023-01-21,DC26->DC5,inbound_to_closed_site,DC26,DC9,DC26->DC9,784,0
min_changed_plus_2,2023-01-21,DC27->DC5,inbound_to_closed_site,DC27,DC65,DC27->DC65,754,0
min_changed_plus_2,2023-01-21,DC28->DC5,inbound_to_closed_site,DC28,DC8,DC28->DC8,790,0
min_changed_plus_2,2023-01-21,DC30->DC5,inbound_to_closed_site,DC30,DC35,DC30->DC35,1023,0
min_changed_plus_2,2023-01-21,DC31->DC5,inbound_to_closed_site,DC31,DC64,DC31->DC64,22,0
min_changed_plus_2,2023-01-21,DC34->DC5,inbound_to_closed_site,DC34,DC12,DC34->DC12,6,0
min_changed_plus_2,2023-01-21,DC36->DC5,inbound_to_closed_site,DC36,DC64,DC36->DC64,2035,0
min_changed_plus_2,2023-01-21,DC38->DC5,inbound_to_closed_site,DC38,DC62,DC38->DC62,1190,0
min_changed_plus_2,2023-01-21,DC4->DC5,inbound_to_closed_site,DC4,DC10,DC4->DC10,7,0
min_changed_plus_2,2023-01-21,DC40->DC5,inbound_to_closed_site,DC40,DC8,DC40->DC8,6,0
min_changed_plus_2,2023-01-21,DC42->DC5,inbound_to_closed_site,DC42,DC14,DC42->DC14,198,0
min_changed_plus_2,2023-01-21,DC43->DC5,inbound_to_closed_site,DC43,DC3,DC43->DC3,447,0
min_changed_plus_2,2023-01-21,DC44->DC5,inbound_to_closed_site,DC44,DC3,DC44->DC3,1177,0
min_changed_plus_2,2023-01-21,DC46->DC5,inbound_to_closed_site,DC46,DC62,DC46->DC62,493,0
min_changed_plus_2,2023-01-21,DC47->DC5,inbound_to_closed_site,DC47,DC9,DC47->DC9,977,0
min_changed_plus_2,2023-01-21,DC48->DC5,inbound_to_closed_site,DC48,DC8,DC48->DC8,607,0
min_changed_plus_2,2023-01-21,DC5->DC10,outbound_from_closed_site,DC18,DC10,DC18->DC10,108,0
min_changed_plus_2,2023-01-21,DC5->DC14,outbound_from_closed_site,DC42,DC14,DC42->DC14,40,0
min_changed_plus_2,2023-01-21,DC5->DC4,outbound_from_closed_site,DC26,DC4,DC26->DC4,1226,0
min_changed_plus_2,2023-01-21,DC5->DC62,outbound_from_closed_site,DC50,DC62,DC50->DC62,55,0
min_changed_plus_2,2023-01-21,DC5->DC70,outbound_from_closed_site,DC59,DC70,DC59->DC70,6,0
min_changed_plus_2,2023-01-21,DC5->DC8,outbound_from_closed_site,DC40,DC8,DC40->DC8,5,0
min_changed_plus_2,2023-01-21,DC50->DC5,inbound_to_closed_site,DC50,DC62,DC50->DC62,402,0
min_changed_plus_2,2023-01-21,DC51->DC5,inbound_to_closed_site,DC51,DC10,DC51->DC10,1281,0
min_changed_plus_2,2023-01-21,DC52->DC5,inbound_to_closed_site,DC52,DC8,DC52->DC8,44,0
min_changed_plus_2,2023-01-21,DC53->DC5,inbound_to_closed_site,DC53,DC10,DC53->DC10,85,0
min_changed_plus_2,2023-01-21,DC55->DC5,inbound_to_closed_site,DC55,DC3,DC55->DC3,24,0
min_changed_plus_2,2023-01-21,DC59->DC5,inbound_to_closed_site,DC59,DC70,DC59->DC70,84,0
min_changed_plus_2,2023-01-21,DC60->DC5,inbound_to_closed_site,DC60,DC10,DC60->DC10,217,0
min_changed_plus_2,2023-01-21,DC62->DC5,inbound_to_closed_site,DC62,DC14,DC62->DC14,800,0
min_changed_plus_2,2023-01-21,DC68->DC5,inbound_to_closed_site,DC68,DC10,DC68->DC10,37,0
min_changed_plus_2,2023-01-21,DC69->DC5,inbound_to_closed_site,DC69,DC10,DC69->DC10,4,0
min_changed_plus_2,2023-01-21,DC7->DC5,inbound_to_closed_site,DC7,DC8,DC7->DC8,107,0
min_changed_plus_2,2023-01-21,DC71->DC5,inbound_to_closed_site,DC71,DC4,DC71->DC4,31,0
min_changed_plus_2,2023-01-21,DC73->DC5,inbound_to_closed_site,DC73,DC3,DC73->DC3,966,0
min_changed_plus_2,2023-01-21,DC8->DC5,inbound_to_closed_site,DC8,DC10,DC8->DC10,2050,0
min_changed_plus_2,2023-01-21,DC9->DC5,inbound_to_closed_site,DC9,DC14,DC9->DC14,4407,0
min_changed_plus_2,2023-01-22,DC10->DC5,inbound_to_closed_site,DC10,DC3,DC10->DC3,2033,0
min_changed_plus_2,2023-01-22,DC14->DC5,inbound_to_closed_site,DC14,DC35,DC14->DC35,6933,0
min_changed_plus_2,2023-01-22,DC15->DC5,inbound_to_closed_site,DC15,DC8,DC15->DC8,1522,0
min_changed_plus_2,2023-01-22,DC17->DC5,inbound_to_closed_site,DC17,DC35,DC17->DC35,4335,0
min_changed_plus_2,2023-01-22,DC19->DC5,inbound_to_closed_site,DC19,DC14,DC19->DC14,2118,0
min_changed_plus_2,2023-01-22,DC20->DC5,inbound_to_closed_site,DC20,DC4,DC20->DC4,1988,0
min_changed_plus_2,2023-01-22,DC21->DC5,inbound_to_closed_site,DC21,DC10,DC21->DC10,3682,0
min_changed_plus_2,2023-01-22,DC22->DC5,inbound_to_closed_site,DC22,DC62,DC22->DC62,1871,0
min_changed_plus_2,2023-01-22,DC23->DC5,inbound_to_closed_site,DC23,DC3,DC23->DC3,2089,0
min_changed_plus_2,2023-01-22,DC25->DC5,inbound_to_closed_site,DC25,DC10,DC25->DC10,1893,0
min_changed_plus_2,2023-01-22,DC26->DC5,inbound_to_closed_site,DC26,DC9,DC26->DC9,762,0
min_changed_plus_2,2023-01-22,DC27->DC5,inbound_to_closed_site,DC27,DC65,DC27->DC65,751,0
min_changed_plus_2,2023-01-22,DC28->DC5,inbound_to_closed_site,DC28,DC8,DC28->DC8,913,0
min_changed_plus_2,2023-01-22,DC30->DC5,inbound_to_closed_site,DC30,DC62,DC30->DC62,1167,0
min_changed_plus_2,2023-01-22,DC31->DC5,inbound_to_closed_site,DC31,DC64,DC31->DC64,20,0
min_changed_plus_2,2023-01-22,DC34->DC5,inbound_to_closed_site,DC34,DC12,DC34->DC12,7,0
min_changed_plus_2,2023-01-22,DC36->DC5,inbound_to_closed_site,DC36,DC64,DC36->DC64,3891,0
min_changed_plus_2,2023-01-22,DC38->DC5,inbound_to_closed_site,DC38,DC62,DC38->DC62,1535,0
min_changed_plus_2,2023-01-22,DC4->DC5,inbound_to_closed_site,DC4,DC10,DC4->DC10,8,0
min_changed_plus_2,2023-01-22,DC40->DC5,inbound_to_closed_site,DC40,DC8,DC40->DC8,6,0
min_changed_plus_2,2023-01-22,DC42->DC5,inbound_to_closed_site,DC42,DC14,DC42->DC14,172,0
min_changed_plus_2,2023-01-22,DC43->DC5,inbound_to_closed_site,DC43,DC3,DC43->DC3,416,0
min_changed_plus_2,2023-01-22,DC44->DC5,inbound_to_closed_site,DC44,DC3,DC44->DC3,1439,0
min_changed_plus_2,2023-01-22,DC46->DC5,inbound_to_closed_site,DC46,DC62,DC46->DC62,652,0
min_changed_plus_2,2023-01-22,DC47->DC5,inbound_to_closed_site,DC47,DC9,DC47->DC9,1156,0
min_changed_plus_2,2023-01-22,DC48->DC5,inbound_to_closed_site,DC48,DC8,DC48->DC8,759,0
min_changed_plus_2,2023-01-22,DC5->DC10,outbound_from_closed_site,DC18,DC10,DC18->DC10,116,0
min_changed_plus_2,2023-01-22,DC5->DC14,outbound_from_closed_site,DC42,DC14,DC42->DC14,44,0
min_changed_plus_2,2023-01-22,DC5->DC4,outbound_from_closed_site,DC26,DC4,DC26->DC4,1487,0
min_changed_plus_2,2023-01-22,DC5->DC62,outbound_from_closed_site,DC50,DC62,DC50->DC62,44,0
min_changed_plus_2,2023-01-22,DC5->DC70,outbound_from_closed_site,DC59,DC70,DC59->DC70,6,0
min_changed_plus_2,2023-01-22,DC5->DC8,outbound_from_closed_site,DC40,DC8,DC40->DC8,6,0
min_changed_plus_2,2023-01-22,DC50->DC5,inbound_to_closed_site,DC50,DC62,DC50->DC62,362,0
min_changed_plus_2,2023-01-22,DC51->DC5,inbound_to_closed_site,DC51,DC10,DC51->DC10,1567,0
min_changed_plus_2,2023-01-22,DC52->DC5,inbound_to_closed_site,DC52,DC8,DC52->DC8,46,0
min_changed_plus_2,2023-01-22,DC53->DC5,inbound_to_closed_site,DC53,DC10,DC53->DC10,74,0
min_changed_plus_2,2023-01-22,DC55->DC5,inbound_to_closed_site,DC55,DC4,DC55->DC4,22,0
min_changed_plus_2,2023-01-22,DC59->DC5,inbound_to_closed_site,DC59,DC70,DC59->DC70,74,0
min_changed_plus_2,2023-01-22,DC60->DC5,inbound_to_closed_site,DC60,DC10,DC60->DC10,156,0
min_changed_plus_2,2023-01-22,DC62->DC5,inbound_to_closed_site,DC62,DC14,DC62->DC14,946,0
min_changed_plus_2,2023-01-22,DC68->DC5,inbound_to_closed_site,DC68,DC10,DC68->DC10,34,0
min_changed_plus_2,2023-01-22,DC69->DC5,inbound_to_closed_site,DC69,DC10,DC69->DC10,3,0
min_changed_plus_2,2023-01-22,DC7->DC5,inbound_to_closed_site,DC7,DC4,DC7->DC4,118,0
min_changed_plus_2,2023-01-22,DC71->DC5,inbound_to_closed_site,DC71,DC4,DC71->DC4,37,0
min_changed_plus_2,2023-01-22,DC73->DC5,inbound_to_closed_site,DC73,DC3,DC73->DC3,1434,0
min_changed_plus_2,2023-01-22,DC8->DC5,inbound_to_closed_site,DC8,DC10,DC8->DC10,3358,0
min_changed_plus_2,2023-01-22,DC9->DC5,inbound_to_closed_site,DC9,DC3,DC9->DC3,2127,0
min_changed_plus_2,2023-01-23,DC10->DC5,inbound_to_closed_site,DC10,DC3,DC10->DC3,3405,0
min_changed_plus_2,2023-01-23,DC14->DC5,inbound_to_closed_site,DC14,DC70,DC14->DC70,6668,0
min_changed_plus_2,2023-01-23,DC15->DC5,inbound_to_closed_site,DC15,DC8,DC15->DC8,1442,0
min_changed_plus_2,2023-01-23,DC17->DC5,inbound_to_closed_site,DC17,DC35,DC17->DC35,5145,0
min_changed_plus_2,2023-01-23,DC19->DC5,inbound_to_closed_site,DC19,DC14,DC19->DC14,2892,0
min_changed_plus_2,2023-01-23,DC20->DC5,inbound_to_closed_site,DC20,DC4,DC20->DC4,2954,0
min_changed_plus_2,2023-01-23,DC21->DC5,inbound_to_closed_site,DC21,DC35,DC21->DC35,2596,0
min_changed_plus_2,2023-01-23,DC22->DC5,inbound_to_closed_site,DC22,DC62,DC22->DC62,2563,0
min_changed_plus_2,2023-01-23,DC23->DC5,inbound_to_closed_site,DC23,DC3,DC23->DC3,3205,0
min_changed_plus_2,2023-01-23,DC25->DC5,inbound_to_closed_site,DC25,DC10,DC25->DC10,2572,0
min_changed_plus_2,2023-01-23,DC26->DC5,inbound_to_closed_site,DC26,DC9,DC26->DC9,746,0
min_changed_plus_2,2023-01-23,DC27->DC5,inbound_to_closed_site,DC27,DC65,DC27->DC65,763,0
min_changed_plus_2,2023-01-23,DC28->DC5,inbound_to_closed_site,DC28,DC8,DC28->DC8,1086,0
min_changed_plus_2,2023-01-23,DC30->DC5,inbound_to_closed_site,DC30,DC62,DC30->DC62,1123,0
min_changed_plus_2,2023-01-23,DC31->DC5,inbound_to_closed_site,DC31,DC64,DC31->DC64,25,0
min_changed_plus_2,2023-01-23,DC34->DC5,inbound_to_closed_site,DC34,DC12,DC34->DC12,7,0
min_changed_plus_2,2023-01-23,DC36->DC5,inbound_to_closed_site,DC36,DC64,DC36->DC64,4313,0
min_changed_plus_2,2023-01-23,DC38->DC5,inbound_to_closed_site,DC38,DC62,DC38->DC62,1606,0
min_changed_plus_2,2023-01-23,DC4->DC5,inbound_to_closed_site,DC4,DC10,DC4->DC10,7,0
min_changed_plus_2,2023-01-23,DC40->DC5,inbound_to_closed_site,DC40,DC4,DC40->DC4,6,0
min_changed_plus_2,2023-01-23,DC42->DC5,inbound_to_closed_site,DC42,DC14,DC42->DC14,168,0
min_changed_plus_2,2023-01-23,DC43->DC5,inbound_to_closed_site,DC43,DC3,DC43->DC3,357,0
min_changed_plus_2,2023-01-23,DC44->DC5,inbound_to_closed_site,DC44,DC3,DC44->DC3,1508,0
min_changed_plus_2,2023-01-23,DC46->DC5,inbound_to_closed_site,DC46,DC62,DC46->DC62,618,0
min_changed_plus_2,2023-01-23,DC47->DC5,inbound_to_closed_site,DC47,DC9,DC47->DC9,1121,0
min_changed_plus_2,2023-01-23,DC48->DC5,inbound_to_closed_site,DC48,DC8,DC48->DC8,744,0
min_changed_plus_2,2023-01-23,DC5->DC10,outbound_from_closed_site,DC18,DC10,DC18->DC10,98,0
min_changed_plus_2,2023-01-23,DC5->DC14,outbound_from_closed_site,DC42,DC14,DC42->DC14,37,0
min_changed_plus_2,2023-01-23,DC5->DC4,outbound_from_closed_site,DC26,DC4,DC26->DC4,1489,0
min_changed_plus_2,2023-01-23,DC5->DC62,outbound_from_closed_site,DC50,DC62,DC50->DC62,34,0
min_changed_plus_2,2023-01-23,DC5->DC70,outbound_from_closed_site,DC59,DC70,DC59->DC70,6,0
min_changed_plus_2,2023-01-23,DC5->DC8,outbound_from_closed_site,DC52,DC8,DC52->DC8,6,0
min_changed_plus_2,2023-01-23,DC50->DC5,inbound_to_closed_site,DC50,DC62,DC50->DC62,335,0
min_changed_plus_2,2023-01-23,DC51->DC5,inbound_to_closed_site,DC51,DC10,DC51->DC10,1898,0
min_changed_plus_2,2023-01-23,DC52->DC5,inbound_to_closed_site,DC52,DC8,DC52->DC8,40,0
min_changed_plus_2,2023-01-23,DC53->DC5,inbound_to_closed_site,DC53,DC4,DC53->DC4,59,0
min_changed_plus_2,2023-01-23,DC55->DC5,inbound_to_closed_site,DC55,DC4,DC55->DC4,19,0
min_changed_plus_2,2023-01-23,DC59->DC5,inbound_to_closed_site,DC59,DC70,DC59->DC70,59,0
min_changed_plus_2,2023-01-23,DC60->DC5,inbound_to_closed_site,DC60,DC10,DC60->DC10,140,0
min_changed_plus_2,2023-01-23,DC62->DC5,inbound_to_closed_site,DC62,DC14,DC62->DC14,1079,0
min_changed_plus_2,2023-01-23,DC68->DC5,inbound_to_closed_site,DC68,DC10,DC68->DC10,27,0
min_changed_plus_2,2023-01-23,DC69->DC5,inbound_to_closed_site,DC69,DC10,DC69->DC10,3,0
min_changed_plus_2,2023-01-23,DC7->DC5,inbound_to_closed_site,DC7,DC4,DC7->DC4,113,0
min_changed_plus_2,2023-01-23,DC71->DC5,inbound_to_closed_site,DC71,DC4,DC71->DC4,31,0
min_changed_plus_2,2023-01-23,DC73->DC5,inbound_to_closed_site,DC73,DC3,DC73->DC3,1436,0
min_changed_plus_2,2023-01-23,DC8->DC5,inbound_to_closed_site,DC8,DC10,DC8->DC10,3618,0
min_changed_plus_2,2023-01-23,DC9->DC5,inbound_to_closed_site,DC9,DC3,DC9->DC3,3867,0
min_changed_plus_2,2023-01-24,DC10->DC5,inbound_to_closed_site,DC10,DC3,DC10->DC3,4017,0
min_changed_plus_2,2023-01-24,DC14->DC5,inbound_to_closed_site,DC14,DC35,DC14->DC35,8232,0
min_changed_plus_2,2023-01-24,DC15->DC5,inbound_to_closed_site,DC15,DC8,DC15->DC8,1541,0
min_changed_plus_2,2023-01-24,DC17->DC5,inbound_to_closed_site,DC17,DC35,DC17->DC35,5888,0
min_changed_plus_2,2023-01-24,DC19->DC5,inbound_to_closed_site,DC19,DC14,DC19->DC14,3175,0
min_changed_plus_2,2023-01-24,DC20->DC5,inbound_to_closed_site,DC20,DC4,DC20->DC4,3389,0
min_changed_plus_2,2023-01-24,DC21->DC5,inbound_to_closed_site,DC21,DC35,DC21->DC35,3263,0
min_changed_plus_2,2023-01-24,DC22->DC5,inbound_to_closed_site,DC22,DC62,DC22->DC62,3354,0
min_changed_plus_2,2023-01-24,DC23->DC5,inbound_to_closed_site,DC23,DC3,DC23->DC3,3718,0
min_changed_plus_2,2023-01-24,DC25->DC5,inbound_to_closed_site,DC25,DC10,DC25->DC10,3390,0
min_changed_plus_2,2023-01-24,DC26->DC5,inbound_to_closed_site,DC26,DC9,DC26->DC9,765,0
min_changed_plus_2,2023-01-24,DC27->DC5,inbound_to_closed_site,DC27,DC65,DC27->DC65,827,0
min_changed_plus_2,2023-01-24,DC28->DC5,inbound_to_closed_site,DC28,DC8,DC28->DC8,1301,0
min_changed_plus_2,2023-01-24,DC30->DC5,inbound_to_closed_site,DC30,DC62,DC30->DC62,1187,0
min_changed_plus_2,2023-01-24,DC31->DC5,inbound_to_closed_site,DC31,DC64,DC31->DC64,19,0
min_changed_plus_2,2023-01-24,DC34->DC5,inbound_to_closed_site,DC34,DC12,DC34->DC12,7,0
min_changed_plus_2,2023-01-24,DC36->DC5,inbound_to_closed_site,DC36,DC64,DC36->DC64,5177,0
min_changed_plus_2,2023-01-24,DC38->DC5,inbound_to_closed_site,DC38,DC62,DC38->DC62,1721,0
min_changed_plus_2,2023-01-24,DC4->DC5,inbound_to_closed_site,DC4,DC62,DC4->DC62,8,0
min_changed_plus_2,2023-01-24,DC40->DC5,inbound_to_closed_site,DC40,DC8,DC40->DC8,7,0
min_changed_plus_2,2023-01-24,DC42->DC5,inbound_to_closed_site,DC42,DC14,DC42->DC14,176,0
min_changed_plus_2,2023-01-24,DC43->DC5,inbound_to_closed_site,DC43,DC3,DC43->DC3,409,0
min_changed_plus_2,2023-01-24,DC44->DC5,inbound_to_closed_site,DC44,DC3,DC44->DC3,1680,0
min_changed_plus_2,2023-01-24,DC46->DC5,inbound_to_closed_site,DC46,DC62,DC46->DC62,686,0
min_changed_plus_2,2023-01-24,DC47->DC5,inbound_to_closed_site,DC47,DC9,DC47->DC9,1187,0
min_changed_plus_2,2023-01-24,DC48->DC5,inbound_to_closed_site,DC48,DC8,DC48->DC8,738,0
min_changed_plus_2,2023-01-24,DC5->DC10,outbound_from_closed_site,DC60,DC10,DC60->DC10,103,0
min_changed_plus_2,2023-01-24,DC5->DC14,outbound_from_closed_site,DC59,DC14,DC59->DC14,36,0
min_changed_plus_2,2023-01-24,DC5->DC4,outbound_from_closed_site,DC26,DC4,DC26->DC4,1529,0
min_changed_plus_2,2023-01-24,DC5->DC62,outbound_from_closed_site,DC46,DC62,DC46->DC62,31,0
min_changed_plus_2,2023-01-24,DC5->DC70,outbound_from_closed_site,DC17,DC70,DC17->DC70,6,0
min_changed_plus_2,2023-01-24,DC5->DC8,outbound_from_closed_site,DC40,DC8,DC40->DC8,6,0
min_changed_plus_2,2023-01-24,DC50->DC5,inbound_to_closed_site,DC50,DC62,DC50->DC62,373,0
min_changed_plus_2,2023-01-24,DC51->DC5,inbound_to_closed_site,DC51,DC10,DC51->DC10,2395,0
min_changed_plus_2,2023-01-24,DC52->DC5,inbound_to_closed_site,DC52,DC8,DC52->DC8,40,0
min_changed_plus_2,2023-01-24,DC53->DC5,inbound_to_closed_site,DC53,DC4,DC53->DC4,53,0
min_changed_plus_2,2023-01-24,DC55->DC5,inbound_to_closed_site,DC55,DC14,DC55->DC14,19,0
min_changed_plus_2,2023-01-24,DC59->DC5,inbound_to_closed_site,DC59,DC14,DC59->DC14,54,0
min_changed_plus_2,2023-01-24,DC60->DC5,inbound_to_closed_site,DC60,DC10,DC60->DC10,130,0
min_changed_plus_2,2023-01-24,DC62->DC5,inbound_to_closed_site,DC62,DC14,DC62->DC14,1301,0
min_changed_plus_2,2023-01-24,DC68->DC5,inbound_to_closed_site,DC68,DC14,DC68->DC14,29,0
min_changed_plus_2,2023-01-24,DC69->DC5,inbound_to_closed_site,DC69,DC10,DC69->DC10,3,0
min_changed_plus_2,2023-01-24,DC7->DC5,inbound_to_closed_site,DC7,DC4,DC7->DC4,123,0
min_changed_plus_2,2023-01-24,DC71->DC5,inbound_to_closed_site,DC71,DC10,DC71->DC10,34,0
min_changed_plus_2,2023-01-24,DC73->DC5,inbound_to_closed_site,DC73,DC3,DC73->DC3,1511,0
min_changed_plus_2,2023-01-24,DC8->DC5,inbound_to_closed_site,DC8,DC10,DC8->DC10,3840,0
min_changed_plus_2,2023-01-24,DC9->DC5,inbound_to_closed_site,DC9,DC3,DC9->DC3,4159,0
min_changed_plus_2,2023-01-25,DC10->DC5,inbound_to_closed_site,DC10,DC3,DC10->DC3,4943,0
min_changed_plus_2,2023-01-25,DC14->DC5,inbound_to_closed_site,DC14,DC35,DC14->DC35,11354,0
min_changed_plus_2,2023-01-25,DC15->DC5,inbound_to_closed_site,DC15,DC8,DC15->DC8,1649,0
min_changed_plus_2,2023-01-25,DC17->DC5,inbound_to_closed_site,DC17,DC35,DC17->DC35,6142,0
min_changed_plus_2,2023-01-25,DC19->DC5,inbound_to_closed_site,DC19,DC14,DC19->DC14,3507,0
min_changed_plus_2,2023-01-25,DC20->DC5,inbound_to_closed_site,DC20,DC4,DC20->DC4,3649,0
min_changed_plus_2,2023-01-25,DC21->DC5,inbound_to_closed_site,DC21,DC10,DC21->DC10,8703,0
min_changed_plus_2,2023-01-25,DC22->DC5,inbound_to_closed_site,DC22,DC62,DC22->DC62,3765,0
min_changed_plus_2,2023-01-25,DC23->DC5,inbound_to_closed_site,DC23,DC3,DC23->DC3,3922,0
min_changed_plus_2,2023-01-25,DC25->DC5,inbound_to_closed_site,DC25,DC10,DC25->DC10,4039,0
min_changed_plus_2,2023-01-25,DC26->DC5,inbound_to_closed_site,DC26,DC9,DC26->DC9,781,0
min_changed_plus_2,2023-01-25,DC27->DC5,inbound_to_closed_site,DC27,DC65,DC27->DC65,829,0
min_changed_plus_2,2023-01-25,DC28->DC5,inbound_to_closed_site,DC28,DC8,DC28->DC8,1458,0
min_changed_plus_2,2023-01-25,DC30->DC5,inbound_to_closed_site,DC30,DC62,DC30->DC62,1216,0
min_changed_plus_2,2023-01-25,DC31->DC5,inbound_to_closed_site,DC31,DC64,DC31->DC64,24,0
min_changed_plus_2,2023-01-25,DC34->DC5,inbound_to_closed_site,DC34,DC12,DC34->DC12,8,0
min_changed_plus_2,2023-01-25,DC36->DC5,inbound_to_closed_site,DC36,DC64,DC36->DC64,5392,0
min_changed_plus_2,2023-01-25,DC38->DC5,inbound_to_closed_site,DC38,DC62,DC38->DC62,1805,0
min_changed_plus_2,2023-01-25,DC4->DC5,inbound_to_closed_site,DC4,DC62,DC4->DC62,7,0
min_changed_plus_2,2023-01-25,DC40->DC5,inbound_to_closed_site,DC40,DC8,DC40->DC8,7,0
min_changed_plus_2,2023-01-25,DC42->DC5,inbound_to_closed_site,DC42,DC14,DC42->DC14,183,0
min_changed_plus_2,2023-01-25,DC43->DC5,inbound_to_closed_site,DC43,DC3,DC43->DC3,429,0
min_changed_plus_2,2023-01-25,DC44->DC5,inbound_to_closed_site,DC44,DC3,DC44->DC3,1807,0
min_changed_plus_2,2023-01-25,DC46->DC5,inbound_to_closed_site,DC46,DC62,DC46->DC62,724,0
min_changed_plus_2,2023-01-25,DC47->DC5,inbound_to_closed_site,DC47,DC9,DC47->DC9,1201,0
min_changed_plus_2,2023-01-25,DC48->DC5,inbound_to_closed_site,DC48,DC8,DC48->DC8,729,0
min_changed_plus_2,2023-01-25,DC5->DC10,outbound_from_closed_site,DC60,DC10,DC60->DC10,112,0
min_changed_plus_2,2023-01-25,DC5->DC14,outbound_from_closed_site,DC59,DC14,DC59->DC14,42,0
min_changed_plus_2,2023-01-25,DC5->DC4,outbound_from_closed_site,DC26,DC4,DC26->DC4,1552,0
min_changed_plus_2,2023-01-25,DC5->DC62,outbound_from_closed_site,DC50,DC62,DC50->DC62,35,0
min_changed_plus_2,2023-01-25,DC5->DC70,outbound_from_closed_site,DC14,DC70,DC14->DC70,6,0
min_changed_plus_2,2023-01-25,DC5->DC8,outbound_from_closed_site,DC40,DC8,DC40->DC8,6,0
min_changed_plus_2,2023-01-25,DC50->DC5,inbound_to_closed_site,DC50,DC62,DC50->DC62,406,0
min_changed_plus_2,2023-01-25,DC51->DC5,inbound_to_closed_site,DC51,DC10,DC51->DC10,2739,0
min_changed_plus_2,2023-01-25,DC52->DC5,inbound_to_closed_site,DC52,DC8,DC52->DC8,45,0
min_changed_plus_2,2023-01-25,DC53->DC5,inbound_to_closed_site,DC53,DC10,DC53->DC10,64,0
min_changed_plus_2,2023-01-25,DC55->DC5,inbound_to_closed_site,DC55,DC14,DC55->DC14,21,0
min_changed_plus_2,2023-01-25,DC59->DC5,inbound_to_closed_site,DC59,DC14,DC59->DC14,69,0
min_changed_plus_2,2023-01-25,DC60->DC5,inbound_to_closed_site,DC60,DC10,DC60->DC10,146,0
min_changed_plus_2,2023-01-25,DC62->DC5,inbound_to_closed_site,DC62,DC14,DC62->DC14,1398,0
min_changed_plus_2,2023-01-25,DC68->DC5,inbound_to_closed_site,DC68,DC14,DC68->DC14,29,0
min_changed_plus_2,2023-01-25,DC69->DC5,inbound_to_closed_site,DC69,DC14,DC69->DC14,4,0
min_changed_plus_2,2023-01-25,DC7->DC5,inbound_to_closed_site,DC7,DC4,DC7->DC4,130,0
min_changed_plus_2,2023-01-25,DC71->DC5,inbound_to_closed_site,DC71,DC10,DC71->DC10,34,0
min_changed_plus_2,2023-01-25,DC73->DC5,inbound_to_closed_site,DC73,DC3,DC73->DC3,1575,0
min_changed_plus_2,2023-01-25,DC8->DC5,inbound_to_closed_site,DC8,DC10,DC8->DC10,4164,0
min_changed_plus_2,2023-01-25,DC9->DC5,inbound_to_closed_site,DC9,DC3,DC9->DC3,4158,0
min_changed_plus_2,2023-01-26,DC10->DC5,inbound_to_closed_site,DC10,DC3,DC10->DC3,4982,0
min_changed_plus_2,2023-01-26,DC14->DC5,inbound_to_closed_site,DC14,DC4,DC14->DC4,11886,0
min_changed_plus_2,2023-01-26,DC15->DC5,inbound_to_closed_site,DC15,DC8,DC15->DC8,1710,0
min_changed_plus_2,2023-01-26,DC17->DC5,inbound_to_closed_site,DC17,DC35,DC17->DC35,6422,0
min_changed_plus_2,2023-01-26,DC19->DC5,inbound_to_closed_site,DC19,DC14,DC19->DC14,3599,0
min_changed_plus_2,2023-01-26,DC20->DC5,inbound_to_closed_site,DC20,DC4,DC20->DC4,3734,0
min_changed_plus_2,2023-01-26,DC21->DC5,inbound_to_closed_site,DC21,DC10,DC21->DC10,6095,0
min_changed_plus_2,2023-01-26,DC22->DC5,inbound_to_closed_site,DC22,DC62,DC22->DC62,4072,0
min_changed_plus_2,2023-01-26,DC23->DC5,inbound_to_closed_site,DC23,DC3,DC23->DC3,4797,0
min_changed_plus_2,2023-01-26,DC25->DC5,inbound_to_closed_site,DC25,DC10,DC25->DC10,4374,0
min_changed_plus_2,2023-01-26,DC26->DC5,inbound_to_closed_site,DC26,DC9,DC26->DC9,798,0
min_changed_plus_2,2023-01-26,DC27->DC5,inbound_to_closed_site,DC27,DC65,DC27->DC65,848,0
min_changed_plus_2,2023-01-26,DC28->DC5,inbound_to_closed_site,DC28,DC8,DC28->DC8,1539,0
min_changed_plus_2,2023-01-26,DC30->DC5,inbound_to_closed_site,DC30,DC62,DC30->DC62,1253,0
min_changed_plus_2,2023-01-26,DC31->DC5,inbound_to_closed_site,DC31,DC64,DC31->DC64,23,0
min_changed_plus_2,2023-01-26,DC34->DC5,inbound_to_closed_site,DC34,DC12,DC34->DC12,6,0
min_changed_plus_2,2023-01-26,DC36->DC5,inbound_to_closed_site,DC36,DC64,DC36->DC64,5766,0
min_changed_plus_2,2023-01-26,DC38->DC5,inbound_to_closed_site,DC38,DC62,DC38->DC62,1876,0
min_changed_plus_2,2023-01-26,DC4->DC5,inbound_to_closed_site,DC4,DC62,DC4->DC62,8,0
min_changed_plus_2,2023-01-26,DC40->DC5,inbound_to_closed_site,DC40,DC4,DC40->DC4,6,0
min_changed_plus_2,2023-01-26,DC42->DC5,inbound_to_closed_site,DC42,DC14,DC42->DC14,188,0
min_changed_plus_2,2023-01-26,DC43->DC5,inbound_to_closed_site,DC43,DC3,DC43->DC3,476,0
min_changed_plus_2,2023-01-26,DC44->DC5,inbound_to_closed_site,DC44,DC3,DC44->DC3,1838,0
min_changed_plus_2,2023-01-26,DC46->DC5,inbound_to_closed_site,DC46,DC62,DC46->DC62,763,0
min_changed_plus_2,2023-01-26,DC47->DC5,inbound_to_closed_site,DC47,DC9,DC47->DC9,1212,0
min_changed_plus_2,2023-01-26,DC48->DC5,inbound_to_closed_site,DC48,DC8,DC48->DC8,756,0
min_changed_plus_2,2023-01-26,DC5->DC10,outbound_from_closed_site,DC18,DC10,DC18->DC10,115,0
min_changed_plus_2,2023-01-26,DC5->DC14,outbound_from_closed_site,DC59,DC14,DC59->DC14,50,0
min_changed_plus_2,2023-01-26,DC5->DC4,outbound_from_closed_site,DC20,DC4,DC20->DC4,1533,0
min_changed_plus_2,2023-01-26,DC5->DC62,outbound_from_closed_site,DC30,DC62,DC30->DC62,38,0
min_changed_plus_2,2023-01-26,DC5->DC70,outbound_from_closed_site,DC17,DC70,DC17->DC70,7,0
min_changed_plus_2,2023-01-26,DC5->DC8,outbound_from_closed_site,DC52,DC8,DC52->DC8,6,0
min_changed_plus_2,2023-01-26,DC50->DC5,inbound_to_closed_site,DC50,DC62,DC50->DC62,412,0
min_changed_plus_2,2023-01-26,DC51->DC5,inbound_to_closed_site,DC51,DC10,DC51->DC10,2704,0
min_changed_plus_2,2023-01-26,DC52->DC5,inbound_to_closed_site,DC52,DC8,DC52->DC8,49,0
min_changed_plus_2,2023-01-26,DC53->DC5,inbound_to_closed_site,DC53,DC10,DC53->DC10,75,0
min_changed_plus_2,2023-01-26,DC55->DC5,inbound_to_closed_site,DC55,DC14,DC55->DC14,20,0
min_changed_plus_2,2023-01-26,DC59->DC5,inbound_to_closed_site,DC59,DC14,DC59->DC14,74,0
min_changed_plus_2,2023-01-26,DC60->DC5,inbound_to_closed_site,DC60,DC10,DC60->DC10,154,0
min_changed_plus_2,2023-01-26,DC62->DC5,inbound_to_closed_site,DC62,DC14,DC62->DC14,1411,0
min_changed_plus_2,2023-01-26,DC68->DC5,inbound_to_closed_site,DC68,DC14,DC68->DC14,30,0
min_changed_plus_2,2023-01-26,DC69->DC5,inbound_to_closed_site,DC69,DC10,DC69->DC10,5,0
min_changed_plus_2,2023-01-26,DC7->DC5,inbound_to_closed_site,DC7,DC4,DC7->DC4,168,0
min_changed_plus_2,2023-01-26,DC71->DC5,inbound_to_closed_site,DC71,DC10,DC71->DC10,40,0
min_changed_plus_2,2023-01-26,DC73->DC5,inbound_to_closed_site,DC73,DC3,DC73->DC3,1590,0
min_changed_plus_2,2023-01-26,DC8->DC5,inbound_to_closed_site,DC8,DC10,DC8->DC10,3828,0
min_changed_plus_2,2023-01-26,DC9->DC5,inbound_to_closed_site,DC9,DC3,DC9->DC3,2739,0
min_changed_plus_2,2023-01-27,DC10->DC5,inbound_to_closed_site,DC10,DC3,DC10->DC3,5119,0
min_changed_plus_2,2023-01-27,DC14->DC5,inbound_to_closed_site,DC14,DC4,DC14->DC4,11037,0
min_changed_plus_2,2023-01-27,DC15->DC5,inbound_to_closed_site,DC15,DC8,DC15->DC8,1695,0
min_changed_plus_2,2023-01-27,DC17->DC5,inbound_to_closed_site,DC17,DC35,DC17->DC35,6117,0
min_changed_plus_2,2023-01-27,DC19->DC5,inbound_to_closed_site,DC19,DC14,DC19->DC14,3597,0
min_changed_plus_2,2023-01-27,DC20->DC5,inbound_to_closed_site,DC20,DC4,DC20->DC4,3738,0
min_changed_plus_2,2023-01-27,DC21->DC5,inbound_to_closed_site,DC21,DC10,DC21->DC10,9390,0
min_changed_plus_2,2023-01-27,DC22->DC5,inbound_to_closed_site,DC22,DC62,DC22->DC62,4375,0
min_changed_plus_2,2023-01-27,DC23->DC5,inbound_to_closed_site,DC23,DC3,DC23->DC3,4701,0
min_changed_plus_2,2023-01-27,DC25->DC5,inbound_to_closed_site,DC25,DC10,DC25->DC10,4526,0
min_changed_plus_2,2023-01-27,DC26->DC5,inbound_to_closed_site,DC26,DC9,DC26->DC9,800,0
min_changed_plus_2,2023-01-27,DC27->DC5,inbound_to_closed_site,DC27,DC65,DC27->DC65,853,0
min_changed_plus_2,2023-01-27,DC28->DC5,inbound_to_closed_site,DC28,DC8,DC28->DC8,1500,0
min_changed_plus_2,2023-01-27,DC30->DC5,inbound_to_closed_site,DC30,DC62,DC30->DC62,1253,0
min_changed_plus_2,2023-01-27,DC31->DC5,inbound_to_closed_site,DC31,DC64,DC31->DC64,23,0
min_changed_plus_2,2023-01-27,DC34->DC5,inbound_to_closed_site,DC34,DC12,DC34->DC12,9,0
min_changed_plus_2,2023-01-27,DC36->DC5,inbound_to_closed_site,DC36,DC64,DC36->DC64,5665,0
min_changed_plus_2,2023-01-27,DC38->DC5,inbound_to_closed_site,DC38,DC62,DC38->DC62,2226,0
min_changed_plus_2,2023-01-27,DC4->DC5,inbound_to_closed_site,DC4,DC62,DC4->DC62,9,0
min_changed_plus_2,2023-01-27,DC40->DC5,inbound_to_closed_site,DC40,DC8,DC40->DC8,8,0
min_changed_plus_2,2023-01-27,DC42->DC5,inbound_to_closed_site,DC42,DC14,DC42->DC14,188,0
min_changed_plus_2,2023-01-27,DC43->DC5,inbound_to_closed_site,DC43,DC3,DC43->DC3,577,0
min_changed_plus_2,2023-01-27,DC44->DC5,inbound_to_closed_site,DC44,DC3,DC44->DC3,1948,0
min_changed_plus_2,2023-01-27,DC46->DC5,inbound_to_closed_site,DC46,DC62,DC46->DC62,749,0
min_changed_plus_2,2023-01-27,DC47->DC5,inbound_to_closed_site,DC47,DC9,DC47->DC9,1240,0
min_changed_plus_2,2023-01-27,DC48->DC5,inbound_to_closed_site,DC48,DC8,DC48->DC8,745,0
min_changed_plus_2,2023-01-27,DC5->DC10,outbound_from_closed_site,DC60,DC10,DC60->DC10,116,0
min_changed_plus_2,2023-01-27,DC5->DC14,outbound_from_closed_site,DC67,DC14,DC67->DC14,51,0
min_changed_plus_2,2023-01-27,DC5->DC4,outbound_from_closed_site,DC26,DC4,DC26->DC4,1505,0
min_changed_plus_2,2023-01-27,DC5->DC62,outbound_from_closed_site,DC46,DC62,DC46->DC62,41,0
min_changed_plus_2,2023-01-27,DC5->DC70,outbound_from_closed_site,DC68,DC70,DC68->DC70,7,0
min_changed_plus_2,2023-01-27,DC5->DC8,outbound_from_closed_site,DC40,DC8,DC40->DC8,6,0
min_changed_plus_2,2023-01-27,DC50->DC5,inbound_to_closed_site,DC50,DC62,DC50->DC62,409,0
min_changed_plus_2,2023-01-27,DC51->DC5,inbound_to_closed_site,DC51,DC10,DC51->DC10,2776,0
min_changed_plus_2,2023-01-27,DC52->DC5,inbound_to_closed_site,DC52,DC8,DC52->DC8,51,0
min_changed_plus_2,2023-01-27,DC53->DC5,inbound_to_closed_site,DC53,DC10,DC53->DC10,73,0
min_changed_plus_2,2023-01-27,DC55->DC5,inbound_to_closed_site,DC55,DC14,DC55->DC14,20,0
min_changed_plus_2,2023-01-27,DC59->DC5,inbound_to_closed_site,DC59,DC14,DC59->DC14,76,0
min_changed_plus_2,2023-01-27,DC60->DC5,inbound_to_closed_site,DC60,DC10,DC60->DC10,150,0
min_changed_plus_2,2023-01-27,DC62->DC5,inbound_to_closed_site,DC62,DC14,DC62->DC14,1403,0
min_changed_plus_2,2023-01-27,DC68->DC5,inbound_to_closed_site,DC68,DC70,DC68->DC70,31,0
min_changed_plus_2,2023-01-27,DC69->DC5,inbound_to_closed_site,DC69,DC10,DC69->DC10,7,0
min_changed_plus_2,2023-01-27,DC7->DC5,inbound_to_closed_site,DC7,DC4,DC7->DC4,171,0
min_changed_plus_2,2023-01-27,DC71->DC5,inbound_to_closed_site,DC71,DC10,DC71->DC10,50,0
min_changed_plus_2,2023-01-27,DC73->DC5,inbound_to_closed_site,DC73,DC3,DC73->DC3,1585,0
min_changed_plus_2,2023-01-27,DC8->DC5,inbound_to_closed_site,DC8,DC10,DC8->DC10,3645,0
min_changed_plus_2,2023-01-27,DC9->DC5,inbound_to_closed_site,DC9,DC3,DC9->DC3,3367,0
min_changed_plus_2,2023-01-28,DC10->DC5,inbound_to_closed_site,DC10,DC3,DC10->DC3,4691,0
min_changed_plus_2,2023-01-28,DC14->DC5,inbound_to_closed_site,DC14,DC35,DC14->DC35,10803,0
min_changed_plus_2,2023-01-28,DC15->DC5,inbound_to_closed_site,DC15,DC8,DC15->DC8,1545,0
min_changed_plus_2,2023-01-28,DC17->DC5,inbound_to_closed_site,DC17,DC35,DC17->DC35,5970,0
min_changed_plus_2,2023-01-28,DC19->DC5,inbound_to_closed_site,DC19,DC14,DC19->DC14,3611,0
min_changed_plus_2,2023-01-28,DC20->DC5,inbound_to_closed_site,DC20,DC4,DC20->DC4,3647,0
min_changed_plus_2,2023-01-28,DC21->DC5,inbound_to_closed_site,DC21,DC10,DC21->DC10,7483,0
min_changed_plus_2,2023-01-28,DC22->DC5,inbound_to_closed_site,DC22,DC62,DC22->DC62,4202,0
min_changed_plus_2,2023-01-28,DC23->DC5,inbound_to_closed_site,DC23,DC3,DC23->DC3,4623,0
min_changed_plus_2,2023-01-28,DC25->DC5,inbound_to_closed_site,DC25,DC10,DC25->DC10,3991,0
min_changed_plus_2,2023-01-28,DC26->DC5,inbound_to_closed_site,DC26,DC9,DC26->DC9,748,0
min_changed_plus_2,2023-01-28,DC27->DC5,inbound_to_closed_site,DC27,DC65,DC27->DC65,763,0
min_changed_plus_2,2023-01-28,DC28->DC5,inbound_to_closed_site,DC28,DC8,DC28->DC8,1390,0
min_changed_plus_2,2023-01-28,DC30->DC5,inbound_to_closed_site,DC30,DC62,DC30->DC62,1259,0
min_changed_plus_2,2023-01-28,DC31->DC5,inbound_to_closed_site,DC31,DC64,DC31->DC64,18,0
min_changed_plus_2,2023-01-28,DC34->DC5,inbound_to_closed_site,DC34,DC12,DC34->DC12,5,0
min_changed_plus_2,2023-01-28,DC36->DC5,inbound_to_closed_site,DC36,DC64,DC36->DC64,5477,0
min_changed_plus_2,2023-01-28,DC38->DC5,inbound_to_closed_site,DC38,DC62,DC38->DC62,2482,0
min_changed_plus_2,2023-01-28,DC4->DC5,inbound_to_closed_site,DC4,DC62,DC4->DC62,7,0
min_changed_plus_2,2023-01-28,DC40->DC5,inbound_to_closed_site,DC40,DC8,DC40->DC8,6,0
min_changed_plus_2,2023-01-28,DC42->DC5,inbound_to_closed_site,DC42,DC14,DC42->DC14,179,0
min_changed_plus_2,2023-01-28,DC43->DC5,inbound_to_closed_site,DC43,DC3,DC43->DC3,663,0
min_changed_plus_2,2023-01-28,DC44->DC5,inbound_to_closed_site,DC44,DC3,DC44->DC3,2312,0
min_changed_plus_2,2023-01-28,DC46->DC5,inbound_to_closed_site,DC46,DC62,DC46->DC62,760,0
min_changed_plus_2,2023-01-28,DC47->DC5,inbound_to_closed_site,DC47,DC9,DC47->DC9,1212,0
min_changed_plus_2,2023-01-28,DC48->DC5,inbound_to_closed_site,DC48,DC8,DC48->DC8,723,0
min_changed_plus_2,2023-01-28,DC5->DC10,outbound_from_closed_site,DC60,DC10,DC60->DC10,100,0
min_changed_plus_2,2023-01-28,DC5->DC14,outbound_from_closed_site,DC59,DC14,DC59->DC14,51,0
min_changed_plus_2,2023-01-28,DC5->DC4,outbound_from_closed_site,DC26,DC4,DC26->DC4,1531,0
min_changed_plus_2,2023-01-28,DC5->DC62,outbound_from_closed_site,DC46,DC62,DC46->DC62,43,0
min_changed_plus_2,2023-01-28,DC5->DC70,outbound_from_closed_site,DC44,DC70,DC44->DC70,7,0
min_changed_plus_2,2023-01-28,DC5->DC8,outbound_from_closed_site,DC52,DC8,DC52->DC8,6,0
min_changed_plus_2,2023-01-28,DC50->DC5,inbound_to_closed_site,DC50,DC62,DC50->DC62,382,0
min_changed_plus_2,2023-01-28,DC51->DC5,inbound_to_closed_site,DC51,DC10,DC51->DC10,2545,0
min_changed_plus_2,2023-01-28,DC52->DC5,inbound_to_closed_site,DC52,DC8,DC52->DC8,53,0
min_changed_plus_2,2023-01-28,DC53->DC5,inbound_to_closed_site,DC53,DC10,DC53->DC10,67,0
min_changed_plus_2,2023-01-28,DC55->DC5,inbound_to_closed_site,DC55,DC14,DC55->DC14,21,0
min_changed_plus_2,2023-01-28,DC59->DC5,inbound_to_closed_site,DC59,DC14,DC59->DC14,68,0
min_changed_plus_2,2023-01-28,DC60->DC5,inbound_to_closed_site,DC60,DC10,DC60->DC10,119,0
min_changed_plus_2,2023-01-28,DC62->DC5,inbound_to_closed_site,DC62,DC14,DC62->DC14,1298,0
min_changed_plus_2,2023-01-28,DC68->DC5,inbound_to_closed_site,DC68,DC14,DC68->DC14,31,0
min_changed_plus_2,2023-01-28,DC69->DC5,inbound_to_closed_site,DC69,DC10,DC69->DC10,6,0
min_changed_plus_2,2023-01-28,DC7->DC5,inbound_to_closed_site,DC7,DC4,DC7->DC4,158,0
min_changed_plus_2,2023-01-28,DC71->DC5,inbound_to_closed_site,DC71,DC10,DC71->DC10,44,0
min_changed_plus_2,2023-01-28,DC73->DC5,inbound_to_closed_site,DC73,DC3,DC73->DC3,1522,0
min_changed_plus_2,2023-01-28,DC8->DC5,inbound_to_closed_site,DC8,DC10,DC8->DC10,3380,0
min_changed_plus_2,2023-01-28,DC9->DC5,inbound_to_closed_site,DC9,DC3,DC9->DC3,5541,0
min_changed_plus_2,2023-01-29,DC10->DC5,inbound_to_closed_site,DC10,DC12,DC10->DC12,993,0
min_changed_plus_2,2023-01-29,DC10->DC5,inbound_to_closed_site,DC10,DC4,DC10->DC4,3652,0
min_changed_plus_2,2023-01-29,DC14->DC5,inbound_to_closed_site,DC14,DC35,DC14->DC35,11240,0
min_changed_plus_2,2023-01-29,DC15->DC5,inbound_to_closed_site,DC15,DC8,DC15->DC8,1543,0
min_changed_plus_2,2023-01-29,DC17->DC5,inbound_to_closed_site,DC17,DC35,DC17->DC35,6132,0
min_changed_plus_2,2023-01-29,DC19->DC5,inbound_to_closed_site,DC19,DC12,DC19->DC12,3756,0
min_changed_plus_2,2023-01-29,DC20->DC5,inbound_to_closed_site,DC20,DC10,DC20->DC10,3836,0
min_changed_plus_2,2023-01-29,DC21->DC5,inbound_to_closed_site,DC21,DC4,DC21->DC4,7175,0
min_changed_plus_2,2023-01-29,DC22->DC5,inbound_to_closed_site,DC22,DC64,DC22->DC64,4359,0
min_changed_plus_2,2023-01-29,DC23->DC5,inbound_to_closed_site,DC23,DC62,DC23->DC62,4647,0
min_changed_plus_2,2023-01-29,DC25->DC5,inbound_to_closed_site,DC25,DC14,DC25->DC14,4136,0
min_changed_plus_2,2023-01-29,DC26->DC5,inbound_to_closed_site,DC26,DC9,DC26->DC9,742,0
min_changed_plus_2,2023-01-29,DC27->DC5,inbound_to_closed_site,DC27,DC65,DC27->DC65,770,0
min_changed_plus_2,2023-01-29,DC28->DC5,inbound_to_closed_site,DC28,DC8,DC28->DC8,1409,0
min_changed_plus_2,2023-01-29,DC30->DC5,inbound_to_closed_site,DC30,DC62,DC30->DC62,1258,0
min_changed_plus_2,2023-01-29,DC31->DC5,inbound_to_closed_site,DC31,DC64,DC31->DC64,19,0
min_changed_plus_2,2023-01-29,DC34->DC5,inbound_to_closed_site,DC34,DC12,DC34->DC12,8,0
min_changed_plus_2,2023-01-29,DC36->DC5,inbound_to_closed_site,DC36,DC64,DC36->DC64,5376,0
min_changed_plus_2,2023-01-29,DC38->DC5,inbound_to_closed_site,DC38,DC62,DC38->DC62,2475,0
min_changed_plus_2,2023-01-29,DC4->DC5,inbound_to_closed_site,DC4,DC62,DC4->DC62,8,0
min_changed_plus_2,2023-01-29,DC40->DC5,inbound_to_closed_site,DC40,DC9,DC40->DC9,7,0
min_changed_plus_2,2023-01-29,DC42->DC5,inbound_to_closed_site,DC42,DC14,DC42->DC14,180,0
min_changed_plus_2,2023-01-29,DC43->DC5,inbound_to_closed_site,DC43,DC3,DC43->DC3,718,0
min_changed_plus_2,2023-01-29,DC44->DC5,inbound_to_closed_site,DC44,DC3,DC44->DC3,2376,0
min_changed_plus_2,2023-01-29,DC46->DC5,inbound_to_closed_site,DC46,DC62,DC46->DC62,767,0
min_changed_plus_2,2023-01-29,DC47->DC5,inbound_to_closed_site,DC47,DC9,DC47->DC9,1207,0
min_changed_plus_2,2023-01-29,DC48->DC5,inbound_to_closed_site,DC48,DC8,DC48->DC8,726,0
min_changed_plus_2,2023-01-29,DC5->DC10,outbound_from_closed_site,DC60,DC10,DC60->DC10,98,0
min_changed_plus_2,2023-01-29,DC5->DC14,outbound_from_closed_site,DC9,DC14,DC9->DC14,50,0
min_changed_plus_2,2023-01-29,DC5->DC4,outbound_from_closed_site,DC21,DC4,DC21->DC4,1530,0
min_changed_plus_2,2023-01-29,DC5->DC62,outbound_from_closed_site,DC23,DC62,DC23->DC62,41,0
min_changed_plus_2,2023-01-29,DC5->DC70,outbound_from_closed_site,DC23,DC70,DC23->DC70,7,0
min_changed_plus_2,2023-01-29,DC5->DC8,outbound_from_closed_site,DC52,DC8,DC52->DC8,6,0
min_changed_plus_2,2023-01-29,DC50->DC5,inbound_to_closed_site,DC50,DC62,DC50->DC62,382,0
min_changed_plus_2,2023-01-29,DC51->DC5,inbound_to_closed_site,DC51,DC10,DC51->DC10,2595,0
min_changed_plus_2,2023-01-29,DC52->DC5,inbound_to_closed_site,DC52,DC8,DC52->DC8,53,0
min_changed_plus_2,2023-01-29,DC53->DC5,inbound_to_closed_site,DC53,DC10,DC53->DC10,67,0
min_changed_plus_2,2023-01-29,DC55->DC5,inbound_to_closed_site,DC55,DC4,DC55->DC4,22,0
min_changed_plus_2,2023-01-29,DC59->DC5,inbound_to_closed_site,DC59,DC4,DC59->DC4,68,0
min_changed_plus_2,2023-01-29,DC60->DC5,inbound_to_closed_site,DC60,DC10,DC60->DC10,99,0
min_changed_plus_2,2023-01-29,DC62->DC5,inbound_to_closed_site,DC62,DC14,DC62->DC14,1324,0
min_changed_plus_2,2023-01-29,DC68->DC5,inbound_to_closed_site,DC68,DC14,DC68->DC14,36,0
min_changed_plus_2,2023-01-29,DC69->DC5,inbound_to_closed_site,DC69,DC8,DC69->DC8,7,0
min_changed_plus_2,2023-01-29,DC7->DC5,inbound_to_closed_site,DC7,DC4,DC7->DC4,160,0
min_changed_plus_2,2023-01-29,DC71->DC5,inbound_to_closed_site,DC71,DC12,DC71->DC12,46,0
min_changed_plus_2,2023-01-29,DC73->DC5,inbound_to_closed_site,DC73,DC3,DC73->DC3,1516,0
min_changed_plus_2,2023-01-29,DC8->DC5,inbound_to_closed_site,DC8,DC4,DC8->DC4,3797,0
min_changed_plus_2,2023-01-29,DC9->DC5,inbound_to_closed_site,DC9,DC14,DC9->DC14,6661,0
min_changed_plus_2,2023-01-30,DC10->DC5,inbound_to_closed_site,DC10,DC9,DC10->DC9,4992,0
min_changed_plus_2,2023-01-30,DC14->DC5,inbound_to_closed_site,DC14,DC35,DC14->DC35,12323,0
min_changed_plus_2,2023-01-30,DC15->DC5,inbound_to_closed_site,DC15,DC14,DC15->DC14,1673,0
min_changed_plus_2,2023-01-30,DC17->DC5,inbound_to_closed_site,DC17,DC3,DC17->DC3,6571,0
min_changed_plus_2,2023-01-30,DC19->DC5,inbound_to_closed_site,DC19,DC3,DC19->DC3,4231,0
min_changed_plus_2,2023-01-30,DC20->DC5,inbound_to_closed_site,DC20,DC12,DC20->DC12,4364,0
min_changed_plus_2,2023-01-30,DC21->DC5,inbound_to_closed_site,DC21,DC10,DC21->DC10,6099,0
min_changed_plus_2,2023-01-30,DC22->DC5,inbound_to_closed_site,DC22,DC65,DC22->DC65,4576,0
min_changed_plus_2,2023-01-30,DC23->DC5,inbound_to_closed_site,DC23,DC64,DC23->DC64,4719,0
min_changed_plus_2,2023-01-30,DC25->DC5,inbound_to_closed_site,DC25,DC3,DC25->DC3,4678,0
min_changed_plus_2,2023-01-30,DC26->DC5,inbound_to_closed_site,DC26,DC9,DC26->DC9,787,0
min_changed_plus_2,2023-01-30,DC27->DC5,inbound_to_closed_site,DC27,DC65,DC27->DC65,836,0
min_changed_plus_2,2023-01-30,DC28->DC5,inbound_to_closed_site,DC28,DC8,DC28->DC8,1593,0
min_changed_plus_2,2023-01-30,DC30->DC5,inbound_to_closed_site,DC30,DC62,DC30->DC62,1269,0
min_changed_plus_2,2023-01-30,DC31->DC5,inbound_to_closed_site,DC31,DC64,DC31->DC64,29,0
min_changed_plus_2,2023-01-30,DC34->DC5,inbound_to_closed_site,DC34,DC12,DC34->DC12,8,0
min_changed_plus_2,2023-01-30,DC36->DC5,inbound_to_closed_site,DC36,DC64,DC36->DC64,5462,0
min_changed_plus_2,2023-01-30,DC38->DC5,inbound_to_closed_site,DC38,DC62,DC38->DC62,2563,0
min_changed_plus_2,2023-01-30,DC4->DC5,inbound_to_closed_site,DC4,DC62,DC4->DC62,8,0
min_changed_plus_2,2023-01-30,DC40->DC5,inbound_to_closed_site,DC40,DC9,DC40->DC9,7,0
min_changed_plus_2,2023-01-30,DC42->DC5,inbound_to_closed_site,DC42,DC4,DC42->DC4,190,0
min_changed_plus_2,2023-01-30,DC43->DC5,inbound_to_closed_site,DC43,DC3,DC43->DC3,749,0
min_changed_plus_2,2023-01-30,DC44->DC5,inbound_to_closed_site,DC44,DC3,DC44->DC3,2498,0
min_changed_plus_2,2023-01-30,DC46->DC5,inbound_to_closed_site,DC46,DC62,DC46->DC62,762,0
min_changed_plus_2,2023-01-30,DC47->DC5,inbound_to_closed_site,DC47,DC14,DC47->DC14,1313,0
min_changed_plus_2,2023-01-30,DC48->DC5,inbound_to_closed_site,DC48,DC9,DC48->DC9,765,0
min_changed_plus_2,2023-01-30,DC5->DC10,outbound_from_closed_site,DC68,DC10,DC68->DC10,99,0
min_changed_plus_2,2023-01-30,DC5->DC14,outbound_from_closed_site,DC47,DC14,DC47->DC14,52,0
min_changed_plus_2,2023-01-30,DC5->DC4,outbound_from_closed_site,DC26,DC4,DC26->DC4,1640,0
min_changed_plus_2,2023-01-30,DC5->DC62,outbound_from_closed_site,DC46,DC62,DC46->DC62,46,0
min_changed_plus_2,2023-01-30,DC5->DC70,outbound_from_closed_site,DC14,DC70,DC14->DC70,7,0
min_changed_plus_2,2023-01-30,DC5->DC8,outbound_from_closed_site,DC52,DC8,DC52->DC8,6,0
min_changed_plus_2,2023-01-30,DC50->DC5,inbound_to_closed_site,DC50,DC10,DC50->DC10,424,0
min_changed_plus_2,2023-01-30,DC51->DC5,inbound_to_closed_site,DC51,DC4,DC51->DC4,2857,0
min_changed_plus_2,2023-01-30,DC52->DC5,inbound_to_closed_site,DC52,DC8,DC52->DC8,55,0
min_changed_plus_2,2023-01-30,DC53->DC5,inbound_to_closed_site,DC53,DC14,DC53->DC14,82,0
min_changed_plus_2,2023-01-30,DC55->DC5,inbound_to_closed_site,DC55,DC62,DC55->DC62,23,0
min_changed_plus_2,2023-01-30,DC59->DC5,inbound_to_closed_site,DC59,DC8,DC59->DC8,82,0
min_changed_plus_2,2023-01-30,DC60->DC5,inbound_to_closed_site,DC60,DC14,DC60->DC14,115,0
min_changed_plus_2,2023-01-30,DC62->DC5,inbound_to_closed_site,DC62,DC14,DC62->DC14,1424,0
min_changed_plus_2,2023-01-30,DC68->DC5,inbound_to_closed_site,DC68,DC10,DC68->DC10,40,0
min_changed_plus_2,2023-01-30,DC69->DC5,inbound_to_closed_site,DC69,DC14,DC69->DC14,8,0
min_changed_plus_2,2023-01-30,DC7->DC5,inbound_to_closed_site,DC7,DC14,DC7->DC14,181,0
min_changed_plus_2,2023-01-30,DC71->DC5,inbound_to_closed_site,DC71,DC12,DC71->DC12,57,0
min_changed_plus_2,2023-01-30,DC73->DC5,inbound_to_closed_site,DC73,DC4,DC73->DC4,1638,0
min_changed_plus_2,2023-01-30,DC8->DC5,inbound_to_closed_site,DC8,DC10,DC8->DC10,4138,0
min_changed_plus_2,2023-01-30,DC9->DC5,inbound_to_closed_site,DC9,DC14,DC9->DC14,8631,0
min_changed_plus_2,2023-01-31,DC10->DC5,inbound_to_closed_site,DC10,DC3,DC10->DC3,5006,0
min_changed_plus_2,2023-01-31,DC14->DC5,inbound_to_closed_site,DC14,DC35,DC14->DC35,12424,0
min_changed_plus_2,2023-01-31,DC15->DC5,inbound_to_closed_site,DC15,DC8,DC15->DC8,1656,0
min_changed_plus_2,2023-01-31,DC17->DC5,inbound_to_closed_site,DC17,DC35,DC17->DC35,7066,0
min_changed_plus_2,2023-01-31,DC19->DC5,inbound_to_closed_site,DC19,DC12,DC19->DC12,4337,0
min_changed_plus_2,2023-01-31,DC20->DC5,inbound_to_closed_site,DC20,DC10,DC20->DC10,4451,0
min_changed_plus_2,2023-01-31,DC21->DC5,inbound_to_closed_site,DC21,DC4,DC21->DC4,2782,0
min_changed_plus_2,2023-01-31,DC22->DC5,inbound_to_closed_site,DC22,DC64,DC22->DC64,4564,0
min_changed_plus_2,2023-01-31,DC23->DC5,inbound_to_closed_site,DC23,DC62,DC23->DC62,4907,0
min_changed_plus_2,2023-01-31,DC25->DC5,inbound_to_closed_site,DC25,DC14,DC25->DC14,4678,0
min_changed_plus_2,2023-01-31,DC26->DC5,inbound_to_closed_site,DC26,DC9,DC26->DC9,778,0
min_changed_plus_2,2023-01-31,DC27->DC5,inbound_to_closed_site,DC27,DC65,DC27->DC65,821,0
min_changed_plus_2,2023-01-31,DC28->DC5,inbound_to_closed_site,DC28,DC8,DC28->DC8,1530,0
min_changed_plus_2,2023-01-31,DC30->DC5,inbound_to_closed_site,DC30,DC62,DC30->DC62,1266,0
min_changed_plus_2,2023-01-31,DC31->DC5,inbound_to_closed_site,DC31,DC64,DC31->DC64,31,0
min_changed_plus_2,2023-01-31,DC34->DC5,inbound_to_closed_site,DC34,DC12,DC34->DC12,7,0
min_changed_plus_2,2023-01-31,DC36->DC5,inbound_to_closed_site,DC36,DC64,DC36->DC64,5233,0
min_changed_plus_2,2023-01-31,DC38->DC5,inbound_to_closed_site,DC38,DC62,DC38->DC62,2511,0
min_changed_plus_2,2023-01-31,DC4->DC5,inbound_to_closed_site,DC4,DC62,DC4->DC62,8,0
min_changed_plus_2,2023-01-31,DC40->DC5,inbound_to_closed_site,DC40,DC9,DC40->DC9,7,0
min_changed_plus_2,2023-01-31,DC42->DC5,inbound_to_closed_site,DC42,DC14,DC42->DC14,189,0
min_changed_plus_2,2023-01-31,DC43->DC5,inbound_to_closed_site,DC43,DC3,DC43->DC3,754,0
min_changed_plus_2,2023-01-31,DC44->DC5,inbound_to_closed_site,DC44,DC3,DC44->DC3,2500,0
min_changed_plus_2,2023-01-31,DC46->DC5,inbound_to_closed_site,DC46,DC62,DC46->DC62,767,0
min_changed_plus_2,2023-01-31,DC47->DC5,inbound_to_closed_site,DC47,DC9,DC47->DC9,1312,0
min_changed_plus_2,2023-01-31,DC48->DC5,inbound_to_closed_site,DC48,DC8,DC48->DC8,750,0
min_changed_plus_2,2023-01-31,DC5->DC10,outbound_from_closed_site,DC38,DC10,DC38->DC10,97,0
min_changed_plus_2,2023-01-31,DC5->DC14,outbound_from_closed_site,DC9,DC14,DC9->DC14,51,0
min_changed_plus_2,2023-01-31,DC5->DC4,outbound_from_closed_site,DC21,DC4,DC21->DC4,1678,0
min_changed_plus_2,2023-01-31,DC5->DC62,outbound_from_closed_site,DC50,DC62,DC50->DC62,44,0
min_changed_plus_2,2023-01-31,DC5->DC70,outbound_from_closed_site,DC44,DC70,DC44->DC70,7,0
min_changed_plus_2,2023-01-31,DC5->DC8,outbound_from_closed_site,DC52,DC8,DC52->DC8,6,0
min_changed_plus_2,2023-01-31,DC50->DC5,inbound_to_closed_site,DC50,DC62,DC50->DC62,450,0
min_changed_plus_2,2023-01-31,DC51->DC5,inbound_to_closed_site,DC51,DC10,DC51->DC10,2881,0
min_changed_plus_2,2023-01-31,DC52->DC5,inbound_to_closed_site,DC52,DC8,DC52->DC8,54,0
min_changed_plus_2,2023-01-31,DC53->DC5,inbound_to_closed_site,DC53,DC10,DC53->DC10,74,0
min_changed_plus_2,2023-01-31,DC55->DC5,inbound_to_closed_site,DC55,DC4,DC55->DC4,23,0
min_changed_plus_2,2023-01-31,DC59->DC5,inbound_to_closed_site,DC59,DC4,DC59->DC4,76,0
min_changed_plus_2,2023-01-31,DC60->DC5,inbound_to_closed_site,DC60,DC4,DC60->DC4,103,0
min_changed_plus_2,2023-01-31,DC62->DC5,inbound_to_closed_site,DC62,DC14,DC62->DC14,1418,0
min_changed_plus_2,2023-01-31,DC68->DC5,inbound_to_closed_site,DC68,DC14,DC68->DC14,41,0
min_changed_plus_2,2023-01-31,DC69->DC5,inbound_to_closed_site,DC69,DC62,DC69->DC62,8,0
min_changed_plus_2,2023-01-31,DC7->DC5,inbound_to_closed_site,DC7,DC4,DC7->DC4,183,0
min_changed_plus_2,2023-01-31,DC71->DC5,inbound_to_closed_site,DC71,DC12,DC71->DC12,56,0
min_changed_plus_2,2023-01-31,DC73->DC5,inbound_to_closed_site,DC73,DC3,DC73->DC3,1658,0
min_changed_plus_2,2023-01-31,DC8->DC5,inbound_to_closed_site,DC8,DC14,DC8->DC14,4343,0
min_changed_plus_2,2023-01-31,DC9->DC5,inbound_to_closed_site,DC9,DC14,DC9->DC14,6203,0
