distance_m,2016-06-08,2016-10-20,2017-05-11,2017-09-05,2018-09-13,2019-04-13,2019-10-15,2020-03-19,2021-03-14
0.0,47.754999999999995,47.754999999999995,47.754999999999995,47.754999999999995,53.576,53.636,52.78,53.65,53.65
5.0,48.879999999999995,48.973749999999995,49.02673913043478,49.02673913043478,53.57266666666667,53.64749425287357,53.556000000000004,53.673529411764704,53.673529411764704
10.0,50.005,50.192499999999995,50.29847826086956,50.29847826086956,53.56933333333333,53.6438125,53.546,53.69705882352941,53.69705882352941
15.0,50.9075,51.41125,51.57021739130435,51.57021739130435,53.566,53.5969375,52.6525,53.720588235294116,53.720588235294116
20.0,50.92,51.60166666666667,52.84195652173913,52.84195652173913,52.106,53.00028571428572,50.43375,53.04,53.04
25.0,50.0835,51.535000000000004,53.607,53.607,49.806000000000004,51.33642016806723,49.97,51.41173913043478,51.41173913043478
30.0,48.681,51.468333333333334,53.611999999999995,53.611999999999995,47.58652631578948,49.67255462184874,50.0,49.783478260869565,49.783478260869565
35.0,47.278499999999994,51.40166666666667,53.037857142857135,53.037857142857135,46.939157894736844,48.00868907563026,46.725,48.15521739130435,48.15521739130435
40.0,45.876,51.335,51.595,51.595,46.29178947368421,46.34482352941177,45.99666666666667,46.52695652173913,46.52695652173913
45.0,45.317142857142855,49.982727272727274,50.15214285714285,50.15214285714285,45.64442105263158,45.61591810737034,45.905,45.52205128205128,45.52205128205128
50.0,45.32071428571428,48.63045454545455,48.70928571428571,48.70928571428571,45.25253465346535,45.564052775250225,45.81333333333333,45.452179487179485,45.452179487179485
55.0,45.324285714285715,47.27818181818182,47.26642857142857,47.26642857142857,45.24387128712871,45.51218744313012,45.721666666666664,45.38230769230769,45.38230769230769
60.0,45.32785714285714,45.92590909090909,45.82357142857143,45.82357142857143,45.23520792079208,45.46032211101001,45.63,45.3124358974359,45.3124358974359
65.0,45.33142857142857,45.40944444444444,45.5175,45.5175,45.226544554455444,45.4084567788899,45.538333333333334,45.2425641025641,45.2425641025641
70.0,45.335,45.450185185185184,45.495625,45.495625,45.21788118811881,45.35659144676979,45.446666666666665,45.17269230769231,45.17269230769231
75.0,45.33857142857143,45.49092592592592,45.473749999999995,45.473749999999995,45.20921782178218,45.30472611464968,45.355000000000004,45.102820512820514,45.102820512820514
80.0,45.34214285714285,45.531666666666666,45.57978260869565,45.57978260869565,45.20055445544555,45.252860782529574,45.263333333333335,45.03294871794872,45.03294871794872
85.0,45.42586956521739,45.572407407407404,45.771086956521735,45.771086956521735,45.191891089108914,45.200995450409465,45.17166666666667,44.96307692307692,44.96307692307692
90.0,45.830217391304345,45.69236842105263,45.962391304347825,45.962391304347825,45.18322772277228,45.14913011828936,45.08,44.893205128205125,44.893205128205125
95.0,46.2345652173913,46.12921052631579,46.15369565217391,46.15369565217391,45.174564356435646,45.09726478616925,44.98833333333334,44.82333333333333,44.82333333333333
100.0,46.63891304347826,46.56605263157895,46.345,46.345,45.16590099009901,45.04539945404914,44.89666666666667,44.753461538461536,44.753461538461536
105.0,47.043260869565216,47.00289473684211,46.781363636363636,46.781363636363636,45.15723762376238,44.993534121929024,44.805,44.68358974358974,44.68358974358974
110.0,47.12863636363636,47.251666666666665,47.217727272727274,47.217727272727274,45.14857425742574,44.941668789808915,44.71333333333333,44.61371794871795,44.61371794871795
115.0,47.001363636363635,47.218333333333334,47.269444444444446,47.269444444444446,45.13991089108911,44.88980345768881,44.62166666666667,44.543846153846154,44.543846153846154
120.0,46.8740909090909,47.185,47.225,47.225,45.131247524752474,44.8379381255687,44.53,44.47397435897436,44.47397435897436
125.0,46.74681818181818,47.151666666666664,47.18055555555556,47.18055555555556,45.12258415841585,44.78607279344859,44.52333333333333,44.46645161290323,44.46645161290323
130.0,46.61954545454545,47.11833333333333,47.13611111111111,47.13611111111111,45.11392079207921,44.73420746132848,44.516666666666666,44.47451612903226,44.47451612903226
135.0,46.49227272727272,47.085,47.09166666666666,47.09166666666666,45.10525742574258,44.68234212920837,44.510000000000005,44.48258064516129,44.48258064516129
140.0,46.364999999999995,46.42785714285714,46.58833333333333,46.58833333333333,45.096594059405945,44.630476797088264,44.50333333333334,44.490645161290324,44.490645161290324
145.0,45.315,44.835,45.39666666666666,45.39666666666666,45.08793069306931,44.578611464968155,44.49666666666667,44.498709677419356,44.498709677419356
150.0,44.265,44.75863636363636,44.205,44.205,45.079267326732676,44.52674613284805,44.49,44.50677419354839,44.50677419354839
155.0,44.257,44.682272727272725,44.222,44.222,45.07060396039604,44.514155339805825,44.483333333333334,44.5204854368932,44.5204854368932
160.0,44.249,44.605909090909094,44.239,44.239,45.06194059405941,44.527747572815535,44.47666666666667,44.53796116504854,44.53796116504854
165.0,44.241,44.529545454545456,44.256,44.256,45.05327722772277,44.541339805825245,44.47,44.55543689320388,44.55543689320388
170.0,44.233,44.45318181818182,44.272999999999996,44.272999999999996,45.04461386138614,44.55493203883495,44.46333333333334,44.57291262135922,44.57291262135922
175.0,44.224999999999994,44.37681818181818,44.29,44.29,45.03595049504951,44.56852427184466,44.45666666666667,44.59038834951456,44.59038834951456
180.0,44.217,44.30045454545454,44.307,44.307,45.02728712871288,44.58211650485437,44.45,44.6078640776699,44.6078640776699
185.0,44.208999999999996,44.224090909090904,44.324,44.324,45.018623762376244,44.59570873786408,44.45875,44.62533980582524,44.62533980582524
190.0,44.20099999999999,44.14772727272727,44.341,44.341,45.00996039603961,44.60930097087379,44.4675,44.64281553398058,44.64281553398058
195.0,44.193,44.071363636363635,44.358,44.358,45.001297029702975,44.62289320388349,44.47625,44.66029126213592,44.66029126213592
200.0,44.184999999999995,43.995,44.375,44.375,44.99263366336634,44.6364854368932,44.485,44.67776699029126,44.67776699029126
205.0,44.17999999999999,44.021,44.383,44.383,44.98397029702971,44.65007766990291,44.493750000000006,44.6952427184466,44.6952427184466
210.0,44.175,44.047,44.391,44.391,44.97530693069307,44.66366990291262,44.502500000000005,44.71271844660194,44.71271844660194
215.0,44.169999999999995,44.073,44.399,44.399,44.96664356435644,44.677262135922334,44.511250000000004,44.73019417475728,44.73019417475728
220.0,44.165,44.099,44.407,44.407,44.957980198019804,44.69085436893204,44.52,44.74766990291262,44.74766990291262
225.0,44.16,44.125,44.415,44.415,44.94931683168318,44.70444660194175,44.52875,44.76514563106796,44.76514563106796
230.0,44.154999999999994,44.150999999999996,44.423,44.423,44.94065346534654,44.71803883495146,44.5375,44.7826213592233,44.7826213592233
235.0,44.15,44.177,44.431,44.431,44.93199009900991,44.73163106796117,44.54625,44.80009708737864,44.80009708737864
240.0,44.144999999999996,44.202999999999996,44.439,44.439,44.923326732673274,44.74522330097088,44.55500000000001,44.81757281553398,44.81757281553398
245.0,44.14,44.229,44.446999999999996,44.446999999999996,44.91466336633664,44.75881553398058,44.563750000000006,44.83504854368932,44.83504854368932
250.0,44.135,44.254999999999995,44.455,44.455,44.906000000000006,44.77240776699029,44.572500000000005,44.85252427184466,44.85252427184466
255.0,44.85393617021276,44.281,44.463,44.463,44.89300000000001,44.786,44.581250000000004,44.87,44.87
260.0,44.87627659574468,44.307,44.471,44.471,44.88,44.78033962264151,44.59,44.85981481481481,44.85981481481481
265.0,44.89861702127659,44.333,44.479,44.479,44.867000000000004,44.77467924528302,44.595555555555556,44.849629629629625,44.849629629629625
270.0,44.92095744680851,44.359,44.486999999999995,44.486999999999995,44.854000000000006,44.76901886792453,44.601111111111116,44.83944444444444,44.83944444444444
275.0,44.94329787234042,44.385,44.495,44.495,44.84100000000001,44.76335849056604,44.60666666666667,44.82925925925926,44.82925925925926
280.0,44.96563829787234,44.411,44.503,44.503,44.828,44.75769811320755,44.61222222222222,44.819074074074074,44.819074074074074
285.0,44.987978723404254,44.437,44.510999999999996,44.510999999999996,44.815000000000005,44.75203773584906,44.61777777777778,44.80888888888889,44.80888888888889
290.0,45.01031914893617,44.463,44.519,44.519,44.80200000000001,44.74637735849057,44.623333333333335,44.7987037037037,44.7987037037037
295.0,45.032659574468084,44.489,44.526999999999994,44.526999999999994,44.789,44.74071698113208,44.62888888888889,44.788518518518515,44.788518518518515
300.0,45.055,44.515,44.535,44.535,44.776,44.73505660377359,44.63444444444445,44.77833333333333,44.77833333333333
305.0,45.0625,44.552,44.5605,44.5605,44.763000000000005,44.7293962264151,44.64,44.76814814814814,44.76814814814814
310.0,45.07,44.589,44.586,44.586,44.75,44.731373134328365,44.64555555555555,44.763057851239665,44.763057851239665
315.0,45.0775,44.626,44.6115,44.6115,44.737,44.74480597014926,44.65111111111111,44.778347107438016,44.778347107438016
320.0,45.085,44.663,44.63699999999999,44.63699999999999,44.724000000000004,44.75823880597016,44.656666666666666,44.79363636363636,44.79363636363636
325.0,45.0925,44.7,44.662499999999994,44.662499999999994,44.711,44.77167164179105,44.66222222222222,44.80892561983471,44.80892561983471
330.0,45.1,44.737,44.687999999999995,44.687999999999995,44.698,44.785104477611945,44.66777777777778,44.824214876033054,44.824214876033054
335.0,45.1075,44.774,44.713499999999996,44.713499999999996,44.685,44.79853731343284,44.67333333333333,44.839504132231404,44.839504132231404
340.0,45.115,44.811,44.739,44.739,44.672000000000004,44.81197014925374,44.67888888888889,44.85479338842975,44.85479338842975
345.0,45.1225,44.848,44.7645,44.7645,44.659,44.82540298507463,44.688421052631575,44.8700826446281,44.8700826446281
350.0,45.129999999999995,44.885,44.78999999999999,44.78999999999999,44.646,44.838835820895525,44.69894736842105,44.88537190082645,44.88537190082645
355.0,45.137499999999996,44.922,44.81549999999999,44.81549999999999,44.6805,44.852268656716426,44.70947368421053,44.90066115702479,44.90066115702479
360.0,45.144999999999996,44.958999999999996,44.840999999999994,44.840999999999994,44.715,44.86570149253732,44.72,44.91595041322314,44.91595041322314
365.0,45.152499999999996,44.995999999999995,44.866499999999995,44.866499999999995,44.749500000000005,44.87913432835821,44.730526315789476,44.93123966942149,44.93123966942149
370.0,45.16,45.032999999999994,44.891999999999996,44.891999999999996,44.784,44.89256716417911,44.741052631578945,44.94652892561984,44.94652892561984
375.0,45.1675,45.06999999999999,44.9175,44.9175,44.8185,44.906000000000006,44.75157894736842,44.96181818181818,44.96181818181818
380.0,45.175,45.107,44.943,44.943,44.853,44.92742857142858,44.7621052631579,44.97710743801653,44.97710743801653
385.0,45.1825,45.144,44.96849999999999,44.96849999999999,44.8875,44.94885714285715,44.77263157894737,44.992396694214875,44.992396694214875
390.0,45.19,45.181,44.99399999999999,44.99399999999999,44.922000000000004,44.97028571428572,44.783157894736846,45.007685950413226,45.007685950413226
395.0,45.1975,45.217999999999996,45.019499999999994,45.019499999999994,44.956500000000005,44.99171428571429,44.793684210526315,45.02297520661157,45.02297520661157
400.0,45.205,45.254999999999995,45.044999999999995,45.044999999999995,44.991,45.01314285714286,44.80421052631579,45.03826446280992,45.03826446280992
405.0,45.205,45.254999999999995,45.10690476190476,45.10690476190476,45.0255,45.03457142857143,44.81473684210526,45.053553719008264,45.053553719008264
410.0,45.205,45.254999999999995,45.16880952380952,45.16880952380952,45.06,45.056000000000004,44.82526315789474,45.068842975206614,45.068842975206614
415.0,45.205,45.254999999999995,45.230714285714285,45.230714285714285,45.094500000000004,45.07742857142858,44.835789473684216,45.08413223140496,45.08413223140496
420.0,45.205,45.254999999999995,45.29261904761905,45.29261904761905,45.129000000000005,45.09885714285715,44.846315789473685,45.09942148760331,45.09942148760331
425.0,45.205,45.254999999999995,45.31310126582279,45.31310126582279,45.163500000000006,45.12028571428572,44.85684210526316,45.11471074380165,45.11471074380165
430.0,45.205,45.254999999999995,45.32322784810127,45.32322784810127,45.19800000000001,45.14171428571429,44.86736842105263,45.13,45.13
435.0,45.205,45.254999999999995,45.33335443037974,45.33335443037974,45.2325,45.16314285714286,44.87789473684211,45.15857142857143,45.15857142857143
440.0,45.205,45.254999999999995,45.34348101265822,45.34348101265822,45.267,45.18457142857143,44.06727272727273,45.18714285714286,45.18714285714286
445.0,45.205,45.254999999999995,45.353607594936705,45.353607594936705,45.301500000000004,45.206,44.06272727272727,45.215714285714284,45.215714285714284
450.0,45.205,45.254999999999995,45.363734177215186,45.363734177215186,45.336000000000006,45.227428571428575,44.05818181818182,45.244285714285716,45.244285714285716
455.0,45.205,45.254999999999995,45.37386075949367,45.37386075949367,45.344928571428575,45.251000000000005,44.053636363636365,43.778,43.778
460.0,45.205,45.254999999999995,45.38398734177215,45.38398734177215,45.35385714285715,45.276,44.04909090909091,43.461999999999996,43.461999999999996
465.0,45.205,45.254999999999995,45.39411392405063,45.39411392405063,45.36278571428572,45.301,44.04454545454546,43.526999999999994,43.526999999999994
470.0,45.205,45.254999999999995,45.40424050632911,45.40424050632911,45.37171428571429,45.32600000000001,44.04,43.592,43.592
475.0,45.205,45.254999999999995,45.41436708860759,45.41436708860759,45.38064285714286,45.351000000000006,44.03545454545455,43.657,43.657
480.0,45.205,45.254999999999995,45.42449367088607,45.42449367088607,45.389571428571436,45.376000000000005,44.03090909090909,43.722,43.722
485.0,45.205,45.254999999999995,45.43462025316455,45.43462025316455,45.398500000000006,45.401,45.357058823529414,43.787,43.787
490.0,45.205,45.254999999999995,45.444746835443034,45.444746835443034,45.407428571428575,43.926,45.37470588235294,43.852,43.852
495.0,45.205,45.254999999999995,45.454873417721515,45.454873417721515,45.41635714285715,43.97761290322581,45.39235294117647,43.917,43.917
500.0,45.205,45.254999999999995,45.464999999999996,45.464999999999996,45.42528571428572,44.02922580645161,45.41,43.982,43.982
505.0,45.2085,45.256499999999996,45.464499999999994,45.464499999999994,45.43421428571429,44.08083870967742,45.413124999999994,44.047,44.047
510.0,45.211999999999996,45.257999999999996,45.464,45.464,45.44314285714286,44.132451612903225,45.41625,44.112,44.112
515.0,45.2155,45.259499999999996,45.463499999999996,45.463499999999996,45.452071428571436,44.184064516129034,45.419374999999995,44.177,44.177
520.0,45.219,45.260999999999996,45.462999999999994,45.462999999999994,45.461000000000006,44.23567741935484,45.4225,44.242,44.242
525.0,45.2225,45.262499999999996,45.4625,45.4625,45.469928571428575,44.24933333333333,45.425625,44.307,44.307
530.0,45.226,45.263999999999996,45.461999999999996,45.461999999999996,45.47885714285715,44.2535,45.42875,44.32170212765958,44.32170212765958
535.0,45.2295,45.265499999999996,45.461499999999994,45.461499999999994,45.48778571428572,44.25766666666667,45.431875,44.32382978723405,44.32382978723405
540.0,45.233,45.266999999999996,45.461,45.461,45.49671428571429,44.261833333333335,45.435,44.32595744680851,44.32595744680851
545.0,45.2365,45.268499999999996,45.460499999999996,45.460499999999996,45.50564285714286,44.266000000000005,45.438125,44.32808510638298,44.32808510638298
550.0,45.239999999999995,45.269999999999996,45.459999999999994,45.459999999999994,45.514571428571436,44.27016666666667,45.44125,44.33021276595745,44.33021276595745
555.0,45.2435,45.271499999999996,45.4595,45.4595,45.523500000000006,44.27433333333334,45.444375,44.33234042553192,44.33234042553192
560.0,45.247,45.272999999999996,45.458999999999996,45.458999999999996,45.532428571428575,44.27850000000001,45.4475,44.33446808510639,44.33446808510639
565.0,45.250499999999995,45.274499999999996,45.4585,45.4585,45.54135714285715,44.28266666666667,45.450625,44.33659574468086,44.33659574468086
570.0,45.254,45.275999999999996,45.458,45.458,45.55028571428572,44.28683333333334,45.45375,44.33872340425532,44.33872340425532
575.0,45.2575,45.277499999999996,45.457499999999996,45.457499999999996,45.55921428571429,44.291000000000004,45.456875000000004,44.340934579439256,44.340934579439256
580.0,45.260999999999996,45.278999999999996,45.457,45.457,45.56814285714286,44.295166666666674,45.46,44.343271028037385,44.343271028037385
585.0,45.2645,45.280499999999996,45.4565,45.4565,45.577071428571436,44.29188235294118,44.15851851851851,44.345607476635514,44.345607476635514
590.0,45.268,45.282,45.455999999999996,45.455999999999996,45.586000000000006,44.286735294117655,44.15481481481481,44.34794392523365,44.34794392523365
595.0,45.271499999999996,45.2835,45.4555,45.4555,45.58027083333334,44.28158823529412,44.151111111111106,44.35028037383178,44.35028037383178
600.0,45.275,45.285,45.455,45.455,45.574541666666676,44.27644117647059,44.14740740740741,44.35261682242991,44.35261682242991
605.0,45.271499999999996,45.284499999999994,45.455,45.455,45.56881250000001,44.27129411764707,44.1437037037037,44.35495327102804,44.35495327102804
610.0,45.268,45.284,45.455,45.455,45.56308333333334,44.266147058823535,44.14,44.35728971962617,44.35728971962617
615.0,45.2645,45.2835,45.455,45.455,45.55735416666667,44.26100000000001,44.1485,44.3596261682243,44.3596261682243
620.0,45.260999999999996,45.282999999999994,45.455,45.455,45.55162500000001,44.25585294117648,44.157000000000004,44.36196261682243,44.36196261682243
625.0,45.2575,45.2825,45.455,45.455,45.54589583333334,44.250705882352946,44.1655,44.36429906542056,44.36429906542056
630.0,45.254,45.282,45.455,45.455,45.54016666666667,44.24555882352942,44.174,44.3666355140187,44.3666355140187
635.0,45.250499999999995,45.281499999999994,45.455,45.455,45.5344375,44.24041176470589,44.182500000000005,44.368971962616826,44.368971962616826
640.0,45.247,45.281,45.455,45.455,45.52870833333334,44.23526470588236,44.191,44.371308411214955,44.371308411214955
645.0,45.2435,45.280499999999996,45.455,45.455,45.52297916666667,44.23011764705883,44.1995,44.37364485981308,44.37364485981308
650.0,45.239999999999995,45.28,45.455,45.455,45.517250000000004,44.23026666666667,44.208,44.37598130841122,44.37598130841122
655.0,45.2365,45.2795,45.455,45.455,45.51152083333334,44.2516,44.2165,44.37831775700935,44.37831775700935
660.0,45.233,45.278999999999996,45.455,45.455,45.505791666666674,44.27293333333334,44.225,44.38065420560748,44.38065420560748
665.0,45.2295,45.2785,45.455,45.455,45.500062500000006,44.29426666666667,44.2335,44.38299065420561,44.38299065420561
670.0,45.226,45.278,45.455,45.455,45.49433333333334,44.3156,44.242000000000004,44.38532710280374,44.38532710280374
675.0,45.2225,45.277499999999996,45.455,45.455,45.488604166666676,44.33693333333334,44.2505,44.38766355140187,44.38766355140187
680.0,45.219,45.277,45.455,45.455,45.48287500000001,44.35826666666667,44.259,44.39,44.39
685.0,45.2155,45.2765,45.455,45.455,45.47714583333334,44.3796,44.2675,44.3975,44.3975
690.0,45.211999999999996,45.275999999999996,45.455,45.455,45.48205405405406,44.40093333333334,44.276,44.405,44.405
695.0,45.2085,45.2755,45.455,45.455,45.48962162162163,44.42226666666667,44.2845,44.4125,44.4125
700.0,45.205,45.275,45.455,45.455,45.49718918918919,44.4436,44.293,44.42,44.42
705.0,45.245625,45.2835,45.461999999999996,45.461999999999996,45.50475675675676,44.46493333333334,44.301500000000004,44.4275,44.4275
710.0,45.286249999999995,45.292,45.469,45.469,45.51232432432433,44.48626666666667,44.31,44.435,44.435
715.0,45.326874999999994,45.3005,45.476,45.476,45.519891891891895,44.507600000000004,44.3065,44.4425,44.4425
720.0,45.3675,45.309,45.483,45.483,45.527459459459465,44.52893333333334,44.303000000000004,44.45,44.45
725.0,45.408125,45.317499999999995,45.489999999999995,45.489999999999995,45.535027027027034,44.5434647887324,44.2995,44.4575,44.4575
730.0,45.44875,45.326,45.497,45.497,45.5425945945946,44.53078873239437,44.296,44.465,44.465
735.0,45.46535714285714,45.3345,45.504,45.504,45.55016216216217,44.51811267605635,44.292500000000004,44.472500000000004,44.472500000000004
740.0,45.46595238095238,45.342999999999996,45.510999999999996,45.510999999999996,45.557729729729736,44.50543661971832,44.289,44.480000000000004,44.480000000000004
745.0,45.46654761904762,45.3515,45.518,45.518,45.5652972972973,44.49276056338029,44.2855,44.487500000000004,44.487500000000004
750.0,45.46714285714285,45.36,45.525,45.525,45.57286486486487,44.48008450704226,44.282000000000004,44.495000000000005,44.495000000000005
755.0,45.46773809523809,45.3685,45.532,45.532,45.58043243243244,44.467408450704234,44.2785,44.502500000000005,44.502500000000005
760.0,45.468333333333334,45.377,45.539,45.539,45.588,44.454732394366204,44.275000000000006,44.510000000000005,44.510000000000005
765.0,45.46892857142857,45.3855,45.546,45.546,45.59556756756757,44.44205633802817,44.2715,44.5175,44.5175
770.0,45.46952380952381,45.394,45.553,45.553,45.60313513513514,44.42938028169015,44.268,44.525,44.525
775.0,45.47011904761904,45.4025,45.56,45.56,45.6107027027027,44.41670422535212,44.264500000000005,44.5325,44.5325
780.0,45.47071428571428,45.411,45.567,45.567,45.61827027027027,44.40402816901409,44.261,44.54,44.54
785.0,45.47130952380952,45.4195,45.574,45.574,45.62583783783784,44.39135211267606,44.2575,44.5475,44.5475
790.0,45.47190476190476,45.428,45.580999999999996,45.580999999999996,45.633405405405405,44.37867605633804,44.254000000000005,44.555,44.555
795.0,45.4725,45.4365,45.588,45.588,45.640972972972975,44.36600000000001,44.2505,44.5625,44.5625
800.0,45.47309523809523,45.445,45.595,45.595,45.648540540540544,44.36919148936171,44.247,44.57,44.57
805.0,45.47369047619048,45.453,45.6,45.6,45.65610810810811,44.37238297872341,44.243500000000004,44.5775,44.5775
810.0,45.47428571428571,45.461,45.605,45.605,45.66367567567568,44.37557446808511,44.24,44.585,44.585
815.0,45.47488095238095,45.469,45.61,45.61,45.67124324324325,44.37876595744681,44.2415,44.5925,44.5925
820.0,45.475476190476186,45.477,45.615,45.615,45.678810810810816,44.381957446808514,44.243,44.6,44.6
825.0,45.47607142857143,45.485,45.62,45.62,45.68637837837838,44.38514893617022,44.2445,44.6075,44.6075
830.0,45.47666666666667,45.493,45.625,45.625,45.69394594594595,44.388340425531915,44.246,44.615,44.615
835.0,45.4772619047619,45.501,45.63,45.63,45.70151351351352,44.39153191489362,44.2475,44.6225,44.6225
840.0,45.47785714285714,45.509,45.635,45.635,45.70908108108108,44.39472340425532,44.249,44.63,44.63
845.0,45.478452380952376,45.516999999999996,45.64,45.64,45.71664864864865,44.404709677419355,44.2505,44.28761904761905,44.28761904761905
850.0,45.47904761904762,45.525,45.644999999999996,45.644999999999996,45.72421621621622,44.419225806451614,44.252,44.31698412698413,44.31698412698413
855.0,45.479642857142856,45.533,45.65,45.65,45.73178378378378,44.43374193548387,44.2535,44.34634920634921,44.34634920634921
860.0,45.48023809523809,45.541,45.655,45.655,45.73935135135135,44.44825806451613,44.255,44.37571428571429,44.37571428571429
865.0,45.48083333333333,45.549,45.66,45.66,45.74691891891892,44.46277419354839,44.2565,44.40507936507937,44.40507936507937
870.0,45.48142857142857,45.556999999999995,45.665,45.665,45.754486486486485,44.47729032258064,44.258,44.434444444444445,44.434444444444445
875.0,45.48202380952381,45.565,45.67,45.67,45.75216,44.4918064516129,44.2595,44.46380952380952,44.46380952380952
880.0,45.482619047619046,45.573,45.675,45.675,45.74736,44.50632258064516,44.261,44.4931746031746,44.4931746031746
885.0,45.48321428571428,45.580999999999996,45.68,45.68,45.74256,44.52083870967742,44.2625,44.52253968253969,44.52253968253969
890.0,45.483809523809526,45.589,45.685,45.685,45.73776,44.53535483870968,44.264,44.551904761904765,44.551904761904765
895.0,45.48440476190476,45.596999999999994,45.69,45.69,45.73296,44.54987096774194,44.2655,44.581269841269844,44.581269841269844
900.0,45.485,45.605,45.695,45.695,45.72816,44.5643870967742,44.267,44.61063492063492,44.61063492063492
905.0,45.491,45.604,45.69,45.69,45.72336,44.57051612903226,44.2685,44.64,44.64
910.0,45.497,45.602999999999994,45.685,45.685,45.718560000000004,44.54309677419355,44.27,44.61258064516129,44.61258064516129
915.0,45.503,45.602,45.68,45.68,45.71376,44.51567741935484,44.268888888888895,44.58516129032258,44.58516129032258
920.0,45.509,45.601,45.675,45.675,45.708960000000005,44.48825806451613,44.26777777777778,44.55774193548387,44.55774193548387
925.0,45.515,45.599999999999994,45.67,45.67,45.70416,44.46083870967742,44.266666666666666,44.53032258064516,44.53032258064516
930.0,45.521,45.599,45.665,45.665,45.69936,44.43341935483871,44.26555555555556,44.50290322580645,44.50290322580645
935.0,45.527,45.598,45.66,45.66,45.69456,44.406000000000006,44.26444444444445,44.47548387096774,44.47548387096774
940.0,45.533,45.597,45.654999999999994,45.654999999999994,45.68976,44.37858064516129,44.263333333333335,44.44806451612903,44.44806451612903
945.0,45.539,45.596,45.65,45.65,45.684960000000004,44.35116129032259,44.26222222222222,44.420645161290324,44.420645161290324
950.0,45.545,45.595,45.644999999999996,45.644999999999996,45.68016,44.32374193548387,44.26111111111111,44.39322580645161,44.39322580645161
955.0,45.550999999999995,45.548125,45.601,45.601,45.675360000000005,44.29632258064517,44.260000000000005,44.365806451612904,44.365806451612904
960.0,45.556999999999995,45.50125,45.556999999999995,45.556999999999995,45.67056,44.268903225806454,44.25888888888889,44.33838709677419,44.33838709677419
965.0,45.562999999999995,45.454375,45.513,45.513,45.66576,44.24148387096775,44.257777777777775,44.31096774193548,44.31096774193548
970.0,45.568999999999996,45.705,45.468999999999994,45.468999999999994,45.66096,44.84171428571429,44.25666666666667,44.81,44.81
975.0,45.574999999999996,45.7925,45.425,45.425,45.65616,45.59885714285714,44.25555555555556,45.660000000000004,45.660000000000004
980.0,45.580999999999996,45.280647058823526,45.381,45.381,45.651360000000004,46.356,44.254444444444445,46.335,46.335
985.0,45.586999999999996,45.29476470588235,45.336999999999996,45.336999999999996,45.64656,46.32564285714286,44.25333333333333,46.31,46.31
990.0,45.592999999999996,45.308882352941175,45.293,45.293,45.641760000000005,46.29528571428572,44.25222222222222,46.285000000000004,46.285000000000004
995.0,45.599,45.323,45.248999999999995,45.248999999999995,45.63696,46.26492857142857,44.251111111111115,46.260000000000005,46.260000000000005
1000.0,45.605,45.337117647058825,45.205,45.205,45.66493617021277,46.23457142857143,44.25,46.235,46.235
1005.0,45.571,45.35123529411764,45.195,45.195,45.70110638297873,46.204214285714286,44.285,46.21,46.21
1010.0,45.537,45.36535294117647,45.184999999999995,45.184999999999995,45.73727659574468,46.163333333333334,44.32,46.10166666666667,46.10166666666667
1015.0,45.503,45.37947058823529,45.175,45.175,45.77344680851064,46.10666666666667,44.355000000000004,45.93777777777778,45.93777777777778
1020.0,45.468999999999994,45.39358823529412,45.165,45.165,45.8096170212766,46.05,44.39,45.77388888888889,45.77388888888889
1025.0,45.434999999999995,45.40770588235294,45.155,45.155,45.84578723404256,45.99333333333333,44.425,45.61,45.61
1030.0,45.400999999999996,45.42182352941177,45.144999999999996,45.144999999999996,45.881957446808514,45.93666666666667,44.46,45.61892857142857,45.61892857142857
1035.0,45.367,45.435941176470585,45.135,45.135,45.91812765957447,45.88,44.495000000000005,45.62785714285714,45.62785714285714
1040.0,45.333,45.45005882352941,45.125,45.125,45.95429787234043,45.82333333333334,44.53,45.636785714285715,45.636785714285715
1045.0,45.299,45.464176470588235,45.114999999999995,45.114999999999995,45.967588785046736,45.766666666666666,44.565,45.645714285714284,45.645714285714284
1050.0,45.265,45.47829411764706,45.105,45.105,45.946560747663554,45.71,44.6,45.65464285714285,45.65464285714285
1055.0,45.230999999999995,45.492411764705885,45.095,45.095,45.92553271028038,45.676,44.635000000000005,45.666999999999994,45.666999999999994
1060.0,45.196999999999996,45.50652941176471,45.084999999999994,45.084999999999994,45.904504672897204,45.676,44.67,45.6845,45.6845
1065.0,45.163,45.50753012048193,45.074999999999996,45.074999999999996,45.88347663551402,45.676,44.705,45.702,45.702
1070.0,45.129,45.48885542168675,45.065,45.065,45.86244859813085,45.676,44.74,45.7195,45.7195
1075.0,45.095,45.47018072289157,45.055,45.055,45.84142056074767,45.676,44.80830985915493,44.49,44.49
1080.0,45.061,45.45150602409639,45.044999999999995,45.044999999999995,45.82039252336449,45.676,44.87661971830986,44.478235294117646,44.478235294117646
1085.0,45.026999999999994,45.4328313253012,45.035,45.035,45.799364485981314,45.676,44.94492957746479,44.466470588235296,44.466470588235296
1090.0,44.992999999999995,45.41415662650602,45.025,45.025,45.77833644859813,45.676,45.01323943661972,44.45470588235294,44.45470588235294
1095.0,44.958999999999996,45.39548192771084,45.01499999999999,45.01499999999999,45.75730841121496,45.676,45.08154929577465,44.44294117647059,44.44294117647059
1100.0,44.925,45.37680722891566,45.004999999999995,45.004999999999995,45.73628037383178,45.676,45.14985915492958,44.431176470588234,44.431176470588234
1105.0,44.945499999999996,45.35813253012048,45.0295,45.0295,45.7152523364486,45.67814285714286,45.21816901408451,44.41941176470588,44.41941176470588
1110.0,44.965999999999994,45.3394578313253,45.053999999999995,45.053999999999995,45.694224299065425,45.681714285714285,45.28647887323944,44.769999999999996,44.769999999999996
1115.0,44.9865,45.32078313253012,45.0785,45.0785,45.67319626168225,45.68528571428572,45.35478873239437,45.84760869565218,45.84760869565218
1120.0,45.007,45.30210843373494,45.102999999999994,45.102999999999994,45.65216822429907,45.688857142857145,45.4230985915493,45.84163043478261,45.84163043478261
1125.0,45.027499999999996,45.283433734939756,45.1275,45.1275,45.63114018691589,45.69242857142857,45.49140845070423,45.83565217391305,45.83565217391305
1130.0,45.048,45.264759036144575,45.151999999999994,45.151999999999994,45.61011214953271,45.696000000000005,45.55971830985916,45.82967391304348,45.82967391304348
1135.0,45.0685,45.246084337349394,45.1765,45.1765,45.589084112149536,45.69957142857143,45.62802816901409,45.82369565217392,45.82369565217392
1140.0,45.089,45.227409638554214,45.20099999999999,45.20099999999999,45.56805607476636,45.70314285714286,45.696338028169016,45.81771739130435,45.81771739130435
1145.0,45.1095,45.20873493975903,45.2255,45.2255,45.54702803738318,45.7094375,45.726470588235294,45.81173913043479,45.81173913043479
1150.0,45.129999999999995,45.22322784810127,45.25,45.25,45.526,45.726625000000006,45.747058823529414,45.80576086956522,45.80576086956522
1155.0,45.1505,45.24601265822785,45.274499999999996,45.274499999999996,45.56690909090909,45.743812500000004,45.76764705882353,45.79978260869565,45.79978260869565
1160.0,45.171,45.26879746835443,45.299,45.299,45.60781818181819,45.761,45.8095,45.79380434782609,45.79380434782609
1165.0,45.1915,45.29158227848101,45.323499999999996,45.323499999999996,45.64872727272728,45.7781875,45.883250000000004,45.78782608695652,45.78782608695652
1170.0,45.212,45.31436708860759,45.348,45.348,45.68963636363637,45.795375,45.957,45.78184782608696,45.78184782608696
1175.0,45.2325,45.33715189873418,45.372499999999995,45.372499999999995,45.730545454545464,45.812562500000006,46.03075,45.77586956521739,45.77586956521739
1180.0,45.253,45.35993670886076,45.397,45.397,45.77145454545455,45.829750000000004,46.1045,45.76989130434783,45.76989130434783
1185.0,45.2735,45.38272151898734,45.421499999999995,45.421499999999995,45.79503846153847,45.8469375,46.17825,45.76391304347826,45.76391304347826
1190.0,45.294,45.40550632911392,45.446,45.446,45.79263461538462,45.864125,46.252,45.7579347826087,45.7579347826087
1195.0,45.3145,45.42829113924051,45.470499999999994,45.470499999999994,45.790230769230774,45.8813125,46.32575,45.75195652173913,45.75195652173913
1200.0,45.335,45.45107594936709,45.495,45.495,45.78782692307693,45.8985,46.3995,45.74597826086957,45.74597826086957
1205.0,45.335,45.47386075949367,45.522499999999994,45.522499999999994,45.78542307692308,45.915687500000004,46.47325,45.74,45.74
1210.0,45.335,45.49664556962025,45.55,45.55,45.783019230769234,45.32600000000001,46.547000000000004,44.92166666666667,44.92166666666667
1215.0,45.335,45.51943037974684,45.5775,45.5775,45.78061538461539,44.73907692307693,46.62075,44.63,44.63
1220.0,45.335,45.54221518987342,45.605,45.605,45.77821153846154,44.7608717948718,46.6945,44.64805555555556,44.64805555555556
1225.0,45.335,45.565,45.63249999999999,45.63249999999999,45.775807692307694,44.78266666666667,46.76825,44.666111111111114,44.666111111111114
1230.0,45.335,45.559285714285714,45.66,45.66,45.77340384615385,44.804461538461545,46.842,44.68416666666667,44.68416666666667
1235.0,45.335,45.55357142857142,45.6875,45.6875,45.771,44.82625641025641,46.91575,44.702222222222225,44.702222222222225
1240.0,45.335,45.54785714285714,45.714999999999996,45.714999999999996,45.76859615384616,44.84805128205129,46.95483870967742,44.720277777777774,44.720277777777774
1245.0,45.335,45.542142857142856,45.7425,45.7425,45.766192307692315,44.869846153846154,46.94193548387097,44.73833333333333,44.73833333333333
1250.0,45.335,45.53642857142857,45.769999999999996,45.769999999999996,45.76378846153847,44.89164102564103,46.92903225806452,44.756388888888885,44.756388888888885
1255.0,45.335,45.53071428571428,45.7975,45.7975,45.76138461538462,44.901,46.91612903225806,44.768849557522124,44.768849557522124
1260.0,45.335,45.525,45.824999999999996,45.824999999999996,45.758980769230774,44.907250000000005,46.903225806451616,44.779911504424774,44.779911504424774
1265.0,45.335,45.519285714285715,45.85249999999999,45.85249999999999,45.75657692307693,44.9135,46.89032258064516,44.79097345132743,44.79097345132743
1270.0,45.335,45.513571428571424,45.879999999999995,45.879999999999995,45.75417307692308,44.91975,46.87741935483871,44.80203539823009,44.80203539823009
1275.0,45.335,45.50785714285714,45.9075,45.9075,45.751769230769234,44.926,46.86451612903226,44.81309734513274,44.81309734513274
1280.0,45.335,45.50214285714286,45.934999999999995,45.934999999999995,45.74936538461539,44.93225,46.851612903225806,44.8241592920354,44.8241592920354
1285.0,45.335,45.496428571428574,45.9625,45.9625,45.74696153846154,44.938500000000005,46.83870967741936,44.835221238938054,44.835221238938054
1290.0,45.335,45.49071428571428,45.989999999999995,45.989999999999995,45.76429268292683,44.94475,46.825806451612905,44.846283185840704,44.846283185840704
1295.0,45.335,45.485,46.0175,46.0175,45.79478048780488,44.951,46.81290322580645,44.85734513274336,44.85734513274336
1300.0,45.335,45.509193548387096,46.044999999999995,46.044999999999995,45.82526829268293,44.95725,46.800000000000004,44.86840707964602,44.86840707964602
1305.0,45.3490350877193,45.53338709677419,45.565555555555555,45.565555555555555,45.85575609756098,44.9635,46.78709677419355,44.87946902654867,44.87946902654867
1310.0,45.363070175438594,45.55758064516129,45.64194444444444,45.64194444444444,45.88624390243903,44.969750000000005,46.774193548387096,44.89053097345133,44.89053097345133
1315.0,45.377105263157894,45.581774193548384,45.718333333333334,45.718333333333334,45.916731707317076,44.976000000000006,46.76129032258065,44.90159292035398,44.90159292035398
1320.0,45.391140350877194,45.60596774193548,45.79472222222222,45.79472222222222,45.947219512195126,44.98225000000001,46.748387096774195,44.912654867256634,44.912654867256634
1325.0,45.405175438596494,45.630161290322576,45.87111111111111,45.87111111111111,45.977707317073175,44.98722448979592,46.73548387096774,44.92371681415929,44.92371681415929
1330.0,45.41921052631579,45.65435483870967,45.9475,45.9475,46.008195121951225,44.99028571428572,46.722580645161294,44.93477876106194,44.93477876106194
1335.0,45.43324561403509,45.678548387096775,46.02388888888889,46.02388888888889,46.03868292682927,44.99334693877552,46.70967741935484,44.9458407079646,44.9458407079646
1340.0,45.44728070175439,45.70274193548387,46.117777777777775,46.117777777777775,46.06917073170732,44.99640816326531,46.696774193548386,44.95690265486726,44.95690265486726
1345.0,45.46131578947368,45.72693548387097,46.281666666666666,46.281666666666666,46.099658536585366,44.999469387755106,46.68387096774194,44.96796460176991,44.96796460176991
1350.0,45.47535087719298,45.75112903225806,46.44555555555556,46.44555555555556,46.130146341463416,45.002530612244904,46.670967741935485,44.979026548672564,44.979026548672564
1355.0,45.48938596491228,45.77532258064516,46.60944444444444,46.60944444444444,46.160634146341465,45.0055918367347,46.65806451612903,44.99008849557522,44.99008849557522
1360.0,45.49319277108434,45.613571428571426,46.67909090909091,46.66919354838709,46.191121951219515,45.00865306122449,46.645161290322584,45.00115044247787,45.00115044247787
1365.0,45.490180722891566,45.38333333333333,46.685909090909085,46.659516129032255,46.221609756097564,45.01171428571429,46.63225806451613,45.01152173913043,45.01152173913043
1370.0,45.48716867469879,45.375,46.69272727272727,46.64983870967742,46.259454545454545,45.01477551020409,46.61935483870968,45.0191304347826,45.0191304347826
1375.0,45.48415662650602,45.36666666666667,46.69954545454545,46.64016129032258,46.326727272727275,45.01783673469388,46.60645161290323,45.026739130434784,45.026739130434784
1380.0,45.48114457831325,45.358333333333334,46.70636363636363,46.63048387096774,46.394000000000005,45.02089795918368,46.593548387096774,45.03434782608696,45.03434782608696
1385.0,45.47813253012048,45.35,46.713181818181816,46.6208064516129,46.46127272727273,45.023959183673476,46.58064516129033,45.04195652173913,45.04195652173913
1390.0,45.47512048192771,45.34166666666667,46.72,46.61112903225806,46.52854545454546,45.027020408163274,46.56774193548387,45.049565217391304,45.049565217391304
1395.0,45.47210843373494,45.344375,46.72681818181818,46.601451612903226,46.59581818181819,45.030081632653065,47.093333333333334,45.05717391304348,45.05717391304348
1400.0,45.469096385542166,45.39125,46.733636363636364,46.59177419354839,46.66309090909091,45.03314285714286,48.089999999999996,45.06478260869565,45.06478260869565
1405.0,45.46608433734939,45.438125,46.74045454545455,46.582096774193545,46.73036363636364,45.03620408163266,48.129999999999995,45.072391304347825,45.072391304347825
1410.0,45.46307228915663,45.485,46.74727272727273,46.57241935483871,46.797636363636364,45.03926530612245,48.20772151898734,45.08,45.08
1415.0,45.460060240963855,45.531875,46.75409090909091,46.56274193548387,46.864909090909094,45.04232653061225,48.17987341772152,45.08384615384615,45.08384615384615
1420.0,45.45704819277108,45.57875,46.76090909090909,46.555,46.932181818181824,45.04538775510205,48.15202531645569,45.08769230769231,45.08769230769231
1425.0,45.45403614457831,45.625625,46.55447368421053,46.405,46.99028571428572,45.276,48.124177215189874,46.36,46.36
1430.0,45.451024096385545,45.435,46.02815789473684,46.155,47.01171428571429,45.28475,48.09632911392405,45.2135,45.2135
1435.0,45.44801204819277,45.360925925925926,45.50184210526316,45.574999999999996,47.03314285714286,45.2935,48.068481012658225,45.236000000000004,45.236000000000004
1440.0,45.445,45.28685185185185,44.97552631578947,45.240762711864406,47.054571428571435,45.30225,48.0406329113924,45.258500000000005,45.258500000000005
1445.0,44.32973684210526,45.212777777777774,44.997038461538466,45.21703389830508,47.07600000000001,45.31100000000001,48.01278481012658,45.281000000000006,45.281000000000006
1450.0,44.266578947368416,45.138703703703705,45.38376923076923,45.19330508474576,47.09742857142858,45.319750000000006,47.98493670886076,45.3035,45.3035
1455.0,44.203421052631576,45.06462962962963,45.7705,45.169576271186436,47.118857142857145,45.328500000000005,47.95708860759493,45.326,45.326
1460.0,44.14026315789473,44.95166666666666,46.15723076923077,45.14584745762711,47.14028571428572,45.337250000000004,47.929240506329116,45.3485,45.3485
1465.0,44.14448743718592,44.812777777777775,46.543961538461545,45.1221186440678,47.16171428571429,45.346000000000004,47.90139240506329,45.371,45.371
1470.0,44.19363316582914,44.67388888888888,46.72077272727273,45.098389830508474,47.18314285714286,45.97266666666667,47.873544303797466,46.442,46.442
1475.0,44.24277889447236,44.535,46.58270454545455,45.07466101694915,47.204571428571434,46.59933333333334,47.84569620253164,47.15333333333333,47.15333333333333
1480.0,44.29192462311557,44.517758620689655,46.44463636363636,45.05093220338983,47.226000000000006,47.226000000000006,47.817848101265824,47.15888888888889,47.15888888888889
1485.0,44.34107035175879,44.500517241379306,46.306568181818186,45.02720338983051,47.246,47.246,47.79,47.563,47.556000000000004
1490.0,44.390216080402006,44.483275862068965,46.1685,45.00347457627119,48.31712244897959,48.31712244897959,47.90428571428571,47.778000000000006,47.736000000000004
1495.0,44.439361809045224,44.46603448275862,46.03043181818182,44.979745762711865,48.30232653061225,48.30232653061225,47.572,47.953809523809525,47.87838235294118
1500.0,44.488507537688434,44.448793103448274,45.89236363636364,44.871,48.2875306122449,48.2875306122449,46.99230769230769,47.972857142857144,47.87029411764706
1505.0,44.53765326633165,44.4773076923077,45.754295454545456,44.785,48.27273469387755,48.27273469387755,46.44615384615385,47.99190476190476,47.862205882352946
1510.0,44.58679899497487,44.68884615384616,45.61622727272727,44.71,48.257938775510205,48.257938775510205,45.9,48.01095238095238,47.85411764705883
1515.0,44.63594472361809,44.90038461538462,45.511,44.635,48.24314285714286,48.24314285714286,45.35384615384615,48.03,47.84602941176471
1520.0,44.6850904522613,45.11192307692308,45.42766666666667,44.559999999999995,48.22834693877551,48.22834693877551,44.80769230769231,48.04904761904762,47.83794117647059
1525.0,44.73423618090452,45.32346153846154,45.34433333333333,44.485,48.21355102040816,48.21355102040816,44.836666666666666,48.06809523809524,47.829852941176476
1530.0,44.783381909547735,45.535,45.261,44.41,48.19875510204082,48.19875510204082,45.5496,48.08714285714286,47.82176470588236
1535.0,44.83252763819095,45.58045454545454,45.17766666666667,44.335,48.18395918367347,48.18395918367347,45.547599999999996,48.10619047619048,47.81367647058824
1540.0,44.881673366834164,45.62590909090909,45.09433333333333,44.26,48.169163265306125,48.169163265306125,45.5456,48.125238095238096,47.805588235294124
1545.0,44.93081909547738,45.67136363636364,45.07635714285714,44.245,48.15436734693878,48.15436734693878,45.5436,48.144285714285715,47.7975
1550.0,44.9799648241206,45.716818181818184,45.10195238095238,44.245,48.13957142857143,48.13957142857143,45.541599999999995,48.163333333333334,47.78941176470588
1555.0,45.02911055276382,45.71564516129032,45.12754761904762,44.245,48.12477551020408,48.12477551020408,45.48,48.18238095238095,47.781323529411765
1560.0,45.07825628140703,45.68338709677419,45.15314285714286,44.245,48.10997959183673,48.10997959183673,45.18,48.16827586206896,47.77323529411765
1565.0,45.12740201005025,45.65112903225806,45.178738095238096,44.245,48.095183673469386,48.095183673469386,44.955416666666665,48.13206896551724,47.78888888888889
1570.0,45.176547738693465,45.618870967741934,45.20433333333334,44.245,48.080387755102045,48.080387755102045,45.0325,48.095862068965516,47.82037037037037
1575.0,45.22569346733668,45.586612903225806,45.22992857142857,44.245,48.0655918367347,48.0655918367347,45.10958333333333,48.05965517241379,47.851851851851855
1580.0,45.274839195979894,45.55435483870968,45.255523809523815,44.245,48.05079591836735,48.05079591836735,45.18666666666667,48.023448275862066,47.88333333333333
1585.0,45.32398492462311,45.489430379746835,45.3031875,44.245,48.036,48.036,45.26375,47.98724137931034,47.91481481481481
1590.0,45.37313065326633,45.37550632911392,45.439125000000004,44.245,46.719750000000005,46.719750000000005,45.01909090909091,46.65,47.21
1595.0,45.42227638190955,45.26158227848101,45.5750625,44.245,46.188500000000005,46.188500000000005,44.291818181818186,46.137142857142855,45.74423076923077
1600.0,45.47142211055276,45.1476582278481,45.711000000000006,44.245,45.92600000000001,45.88753846153847,43.63461538461539,45.95857142857143,45.73461538461539
1605.0,45.52056783919598,45.03373417721519,45.8469375,44.245,45.84266666666667,45.74010256410257,43.25769230769231,45.78,45.725
1610.0,45.569713567839194,44.91981012658228,45.982875,44.245,45.75933333333334,45.59266666666667,42.880769230769225,45.77,45.715384615384615
1615.0,45.61885929648241,44.80588607594937,46.118812500000004,44.22833333333333,45.676,45.445230769230776,42.592,45.76,45.705769230769235
1620.0,45.66800502512562,44.69196202531646,46.25475,44.20055555555555,45.592666666666666,45.29779487179488,42.456,45.75,45.696000000000005
1625.0,45.71715075376884,44.57803797468354,46.390687500000006,44.17277777777778,45.50933333333334,45.15035897435898,42.382666666666665,45.74,45.686
1630.0,45.76629648241206,44.46411392405063,46.526625,44.145,45.426,45.002923076923075,42.309333333333335,45.73,45.676
1635.0,45.81544221105528,44.35018987341772,45.25725,44.145,45.342666666666666,44.85548717948718,42.292,45.72,45.666000000000004
1640.0,45.86458793969849,44.23626582278481,44.798500000000004,44.145,45.254,44.67311111111111,42.3,45.560625,45.656
1645.0,45.913733668341706,44.1223417721519,44.7733076923077,44.145,45.164,44.482,42.3,45.40125,45.646
1650.0,45.962879396984924,44.00841772151899,44.734846153846156,44.145,45.074,44.29088888888889,42.174,45.241875,45.635999999999996
1655.0,46.01202512562814,43.89449367088608,44.69638461538462,44.145,44.984,44.09977777777778,41.982,45.199473684210524,45.626
1660.0,46.06117085427135,43.78056962025316,44.65792307692308,44.145,44.894,43.90866666666667,41.81,45.18631578947368,45.58
1665.0,45.969,43.60051724137931,44.61946153846154,44.145,44.804,43.717555555555556,41.644999999999996,45.17315789473684,45.48
1670.0,45.841499999999996,43.37637931034483,44.581,44.145,44.714,43.526444444444444,41.526,45.16,44.19
1675.0,45.714,43.15224137931035,44.54253846153846,44.145,44.623999999999995,43.33533333333334,41.46,43.86,43.54
1680.0,45.5865,42.92810344827586,44.50407692307692,44.16375,44.534,43.144222222222226,41.5,43.223636363636366,43.13652173913044
1685.0,45.761,42.70396551724138,44.489000000000004,44.195,44.28690909090909,43.098727272727274,41.53454545454545,42.587272727272726,42.89739130434783
1690.0,46.011,42.4798275862069,44.466,44.22625,44.00054545454546,43.089636363636366,41.52545454545455,41.92666666666666,42.65826086956522
1695.0,46.701,42.31648148148148,44.4585,44.23209677419354,43.599636363636364,42.52690909090909,41.516,41.57818181818182,42.41913043478261
1700.0,46.665705882352945,42.16833333333334,44.451,44.199838709677415,43.12236363636364,41.595090909090914,41.494,41.44181818181818,42.18
1705.0,46.63041176470588,42.020185185185184,44.37894117647059,44.16758064516129,42.68305882352941,41.000705882352946,41.47,41.305454545454545,41.94086956521739
1710.0,46.59511764705883,41.87203703703704,44.30688235294118,44.13532258064516,42.30070588235294,40.912470588235294,41.474,41.16909090909091,41.70173913043478
1715.0,46.331,41.72388888888889,44.23482352941177,44.10306451612903,41.91835294117647,40.82423529411765,41.472,41.04,41.46260869565217
1720.0,45.481,41.62833333333333,44.15305882352941,44.0708064516129,41.536,40.736000000000004,41.448,40.940000000000005,41.22347826086956
1725.0,44.181,41.611666666666665,44.06482352941177,44.01166666666667,41.447764705882356,40.64776470588236,41.446,40.84,41.04666666666667
1730.0,43.681,41.595,43.976588235294116,43.845,41.359529411764704,40.55952941176471,41.47666666666667,40.74,40.96333333333333
1735.0,43.525444444444446,41.57833333333333,43.872875,43.678333333333335,41.27129411764706,40.47129411764706,41.492000000000004,40.64,40.88
1740.0,43.382428571428576,41.56166666666666,43.70725,43.53666666666667,41.292249999999996,40.49225,41.49818181818182,40.55677419354839,40.79666666666667
1745.0,43.28957142857143,41.544999999999995,43.541625,43.495000000000005,41.385999999999996,40.586,41.489090909090905,40.54064516129032,40.78
1750.0,42.870999999999995,41.535,43.376000000000005,43.45333333333333,41.47975,40.679750000000006,41.48,40.52451612903226,40.78
1755.0,42.437666666666665,41.535,43.276,43.41166666666667,41.548500000000004,40.74850000000001,41.44,40.50838709677419,40.78
1760.0,42.270999999999994,41.535,43.176,43.37,41.579750000000004,40.77975000000001,41.435,40.49225806451613,40.79875
1765.0,42.10433333333333,41.535,43.07600000000001,43.32833333333333,41.611000000000004,40.81100000000001,41.43,40.476129032258065,40.83
1770.0,41.94381818181818,41.535,42.810500000000005,43.28666666666666,41.645375,40.845375000000004,41.39,40.46,40.861250000000005
1775.0,41.807909090909085,41.535,42.50362500000001,43.245,41.69225,40.892250000000004,41.39,40.50411764705883,40.88
1780.0,41.672,41.535,42.19675000000001,43.144999999999996,41.739125,40.939125000000004,41.38,40.548235294117646,40.88
1785.0,41.654586206896546,41.535,41.951800000000006,43.044999999999995,41.786,40.986000000000004,41.36181818181819,40.59235294117647,40.88
1790.0,41.6371724137931,41.535,41.748133333333335,42.94499999999999,41.81933333333333,41.019333333333336,41.343636363636364,40.63647058823529,40.973333333333336
1795.0,41.61975862068965,41.535,41.544466666666665,42.845,41.85266666666667,41.052666666666674,41.34,40.68058823529412,41.20666666666667
1800.0,41.60234482758621,41.535,41.478500000000004,42.745,41.886,41.086000000000006,41.328,40.72470588235294,41.44
1805.0,41.58493103448276,41.535,41.504333333333335,42.644999999999996,41.89988888888889,41.09988888888889,41.313,40.766666666666666,41.58
1810.0,41.571,41.515,41.53016666666667,42.544999999999995,41.91377777777778,41.113777777777784,41.294,40.8,41.58
1815.0,41.571,41.495,41.556000000000004,42.51166666666666,41.92766666666667,41.12766666666667,41.242,40.833333333333336,41.58
1820.0,41.571,41.475,41.497176470588236,42.47833333333333,41.93011764705882,41.130117647058825,41.342,40.86555555555555,41.57333333333333
1825.0,41.571,41.455,41.438352941176475,42.445,41.91541176470589,41.11541176470589,41.274,40.89333333333333,41.556666666666665
1830.0,41.571,41.435,41.37952941176471,42.445,41.900705882352945,41.10070588235295,41.17,40.92111111111111,41.54
1835.0,41.571,41.435,41.39323529411765,42.445,41.886,41.086000000000006,41.15,40.94888888888889,41.52333333333333
1840.0,41.571,41.435,41.45529411764706,42.445,41.886,41.086000000000006,41.138,40.96,41.50666666666667
1845.0,41.60736363636364,41.435,41.51735294117647,42.445,41.886,41.086000000000006,41.076,40.96,41.489999999999995
1850.0,41.65281818181818,41.435,41.54870588235294,42.445,41.886,41.086000000000006,41.064,40.96,41.48
1855.0,41.63782352941176,41.435,41.457235294117645,42.47064102564102,41.868352941176475,41.06835294117648,41.065,40.96,41.48
1860.0,41.5825294117647,41.435,41.365764705882356,42.49628205128205,41.83894117647059,41.038941176470594,41.046,40.96,41.48
1865.0,41.527235294117645,41.435,41.27429411764706,42.52192307692307,41.80952941176471,41.00952941176471,41.07,40.99846153846154,41.48
1870.0,41.48,41.435,41.3085,42.5475641025641,41.789125,40.989125,41.144999999999996,41.03692307692308,41.48
1875.0,41.464,41.435,41.374125,42.573205128205124,41.80475,41.00475,41.098,41.04571428571429,41.48
1880.0,41.468374999999995,41.435,41.439750000000004,42.598846153846154,41.820375,41.020375,40.95272727272727,41.010000000000005,41.46285714285714
1885.0,41.455615384615385,41.435,41.389125,42.624487179487176,41.836,41.036,40.93454545454546,40.97428571428571,41.441428571428574
1890.0,41.417153846153845,41.435,41.260999999999996,42.65055555555555,41.820375,41.020375,40.925000000000004,40.950625,41.42
1895.0,41.37869230769231,41.435,41.132875,42.67833333333333,41.80475,41.00475,40.95,40.935,41.409285714285716
1900.0,41.371,41.435,41.043875,42.706111111111106,41.789125,40.989125,40.958,40.919374999999995,41.39857142857143
1905.0,41.371,41.435,41.0135625,42.733888888888885,41.7735,40.9735,40.898,40.90473684210526,41.38928571428571
1910.0,41.385285714285715,41.435,40.98325,42.745,41.757875,40.957875,40.834,40.891578947368416,41.385714285714286
1915.0,41.456714285714284,41.43094594594595,40.96212903225806,42.745,41.74225,40.94225,40.748000000000005,40.87842105263158,41.38214285714286
1920.0,41.52814285714285,41.41067567567568,40.977774193548385,42.745,41.736,40.936,40.65,40.86526315789474,41.371428571428574
1925.0,41.5835,41.39040540540541,40.99341935483871,42.74142857142857,41.736,40.936,40.599999999999994,40.851176470588236,41.35
1930.0,41.61475,41.370135135135136,41.00906451612903,42.723571428571425,41.736,40.936,40.55,40.836470588235294,41.32857142857143
1935.0,41.646,41.34986486486486,41.02470967741935,42.70571428571428,41.736,40.936,40.55,40.82176470588235,41.316
1940.0,41.6701,41.329594594594596,41.040354838709675,42.68785714285714,41.736,40.936,40.52,40.81217391304348,41.309333333333335
1945.0,41.6656,41.30932432432432,41.056,42.669999999999995,41.736,40.936,40.51,40.82304347826087,41.30266666666667
1950.0,41.64683333333333,41.289054054054056,41.08933333333333,42.652142857142856,41.72933333333333,40.92933333333333,40.48,40.83391304347826,41.303999999999995
1955.0,41.571,41.26878378378378,41.12266666666667,42.607499999999995,41.712666666666664,40.91266666666667,40.48,40.84478260869565,41.31066666666666
1960.0,41.494076923076925,41.248513513513515,41.156,42.545,41.696,40.896,40.43,40.85565217391304,41.31733333333333
1965.0,41.417153846153845,41.22824324324324,41.21482352941177,42.4825,41.686,40.886,40.364000000000004,40.8678947368421,41.32
1970.0,41.39322222222222,41.207972972972975,41.27364705882353,42.45369565217391,41.686,40.886,40.286,40.881052631578946,41.32
1975.0,41.44877777777778,41.1877027027027,41.332470588235296,42.475434782608694,41.686,40.886,40.24333333333333,40.89421052631579,41.32
1980.0,41.43942105263157,41.16743243243243,41.35723529411765,42.497173913043476,41.686,40.886,40.224,40.90736842105263,41.325625
1985.0,41.38678947368421,41.14716216216216,41.35929411764706,42.51891304347826,41.715411764705884,40.91541176470589,40.196,40.91,41.335
1990.0,41.33415789473684,41.12854838709677,41.36135294117647,42.54065217391304,41.74482352941177,40.94482352941177,40.156,40.91,41.344375
1995.0,41.28152631578948,41.11241935483871,41.3565,42.508636363636356,41.774235294117645,40.97423529411765,40.128,40.91,41.32875
2000.0,41.251,41.09629032258064,41.324,42.463181818181816,41.814125000000004,41.01412500000001,40.084999999999994,40.91,41.275625
2005.0,41.226,41.08016129032258,41.2915,42.41772727272727,41.861000000000004,41.06100000000001,40.022,40.89611111111111,41.2225
2010.0,41.201,41.064032258064515,41.259,42.37227272727272,41.907875,41.107875,39.98,40.88222222222222,41.18
2015.0,41.153666666666666,41.04790322580645,41.40605882352941,42.336999999999996,41.959529411764706,41.15952941176471,39.996,40.86833333333333,41.18
2020.0,41.016999999999996,41.03384615384615,41.553117647058826,42.317,42.018352941176474,41.21835294117648,40.1,40.96666666666667,41.18
2025.0,40.88033333333333,41.028076923076924,41.70017647058823,42.297,42.077176470588235,41.27717647058824,40.324,41.233333333333334,41.18
2030.0,40.786625,41.02230769230769,41.760666666666665,42.277,42.136,41.336000000000006,40.564,41.5,41.29388888888889
2035.0,40.86475,41.01653846153846,41.763444444444445,42.257,42.22627777777778,41.35683333333334,40.726,41.709999999999994,41.40777777777778
2040.0,40.942875,41.010769230769235,41.76622222222222,42.205,42.31655555555556,41.37766666666667,40.88,41.835,41.52166666666667
2045.0,41.021,41.005,41.769,42.105,42.40683333333334,41.398500000000006,41.745000000000005,41.96,41.69562500000001
2050.0,41.099125,41.06552631578948,41.77177777777778,42.004999999999995,42.49711111111111,41.41933333333334,42.925000000000004,42.085,41.9596875
2055.0,41.17725,41.12605263157895,41.77455555555555,41.905,42.58738888888889,41.44016666666667,43.7,42.21,42.22375
2060.0,41.255375,41.186578947368425,41.77733333333333,41.867222222222225,42.67766666666667,41.461000000000006,43.86,42.335,42.487812500000004
2065.0,41.692052631578946,41.38763157894737,41.83633333333333,41.922777777777775,42.767944444444446,41.481833333333334,44.02,42.46,42.751875
2070.0,42.21836842105263,42.150789473684206,41.951263157894736,41.97833333333333,43.519333333333336,42.552666666666674,45.51,42.748888888888885,43.0159375
2075.0,42.744684210526316,42.91394736842105,41.95257894736842,42.03388888888889,44.721000000000004,44.071000000000005,45.34888888888889,43.242999999999995,43.28
2080.0,43.271,43.67710526315789,41.9538947368421,42.089444444444446,45.696000000000005,45.196000000000005,45.566,44.558,44.79666666666667
2085.0,43.73054545454546,44.165,41.95521052631579,42.144999999999996,46.046,45.546,46.915000000000006,45.56111111111111,46.026250000000005
2090.0,44.190090909090905,44.239999999999995,42.006,42.20055555555555,46.396,45.896,45.07,45.31666666666667,45.5075
2095.0,44.4965,44.315,42.13100000000001,42.25611111111111,46.716,46.716,45.0162962962963,45.86,46.26
2100.0,44.727666666666664,44.38999999999999,42.21501639344263,42.31166666666667,46.83418181818182,47.24327272727273,44.96259259259259,47.49,47.095
2105.0,44.78856756756757,44.76833333333333,42.288786885245905,42.39833333333333,46.17509090909091,46.129636363636365,44.90888888888889,45.629999999999995,45.04
2110.0,44.834513513513514,44.964743589743584,42.362557377049185,42.531666666666666,45.516000000000005,45.016000000000005,44.855185185185185,44.94756756756757,44.996818181818185
2115.0,44.88045945945946,45.00192307692307,42.436327868852466,42.665,45.58645454545455,45.01069696969697,44.80148148148148,44.90702702702703,44.95363636363636
2120.0,44.926405405405404,45.03910256410256,42.510098360655746,42.79833333333333,45.656909090909096,45.00539393939395,44.79333333333334,44.86648648648649,44.91045454545455
2125.0,44.97235135135135,45.07628205128205,42.58386885245902,42.931666666666665,45.72736363636364,45.000090909090915,44.815555555555555,44.825945945945946,44.86727272727273
2130.0,45.018297297297295,45.113461538461536,42.6576393442623,43.065,45.79781818181819,44.99478787878788,44.83777777777778,44.785405405405406,44.8464
2135.0,45.06424324324324,45.15064102564102,42.73140983606558,43.19833333333333,45.86827272727273,44.98948484848486,44.86,44.744864864864866,44.8404
2140.0,45.11394117647059,45.187820512820515,42.805180327868854,43.33166666666666,45.93872727272728,44.984181818181824,45.352222222222224,44.704324324324325,44.8344
2145.0,45.17864705882353,45.225,42.878950819672134,43.464999999999996,46.00918181818182,44.97887878787879,47.46333333333333,44.6916129032258,44.8284
2150.0,45.24335294117647,45.277,42.952721311475415,43.59833333333333,46.07963636363637,44.973575757575766,48.75,44.72064516129032,44.8224
2155.0,45.30805882352941,45.329,43.026491803278695,43.73166666666667,46.150090909090906,44.96827272727273,48.800000000000004,44.74967741935484,44.825714285714284
2160.0,45.501,45.381,43.1685,43.865,46.22054545454545,44.9629696969697,46.674,44.77870967741936,44.8352380952381
2165.0,45.726,45.433,43.35600000000001,43.998333333333335,46.291,44.957666666666675,46.144705882352945,44.80774193548387,44.8447619047619
2170.0,45.951,45.485,43.54350000000001,44.13166666666667,46.36145454545454,44.95236363636364,46.150588235294116,44.836774193548386,44.854285714285716
2175.0,46.176,45.537,43.804,44.265,46.43190909090909,44.94706060606061,46.156470588235294,45.153571428571425,45.388
2180.0,46.401,45.589,44.174,44.516999999999996,47.414,46.514,46.16235294117647,46.621428571428574,46.708
2185.0,46.74433333333334,45.641,44.6435,44.946999999999996,48.624,48.474000000000004,46.16823529411765,48.089285714285715,48.028
2190.0,47.561,45.693,45.26225,45.28666666666666,48.856,48.85600000000001,46.17411764705882,48.97333333333333,48.873333333333335
2195.0,46.87722222222222,45.745,45.614000000000004,45.49083333333333,48.525000000000006,48.525000000000006,46.18,48.97,48.97
2200.0,46.285,47.035,45.899,45.69499999999999,46.92,46.92,46.18588235294118,47.401818181818186,47.401818181818186
2205.0,46.279999999999994,47.025999999999996,45.86496551724138,45.899166666666666,45.633931034482764,45.633931034482764,46.191764705882356,45.833636363636366,45.833636363636366
2210.0,46.275,47.016999999999996,45.75117241379311,46.10333333333333,45.623586206896555,45.623586206896555,46.19764705882353,45.510000000000005,45.510000000000005
2215.0,46.269999999999996,47.007999999999996,45.63737931034483,46.1901724137931,45.613241379310345,45.613241379310345,46.203529411764706,45.4975,45.4975
2220.0,46.26499999999999,46.998999999999995,45.52358620689655,46.198793103448274,45.60289655172414,45.60289655172414,46.209411764705884,45.485,45.485
2225.0,46.26,46.989999999999995,45.40979310344828,46.20741379310345,45.592551724137934,45.592551724137934,46.21529411764706,45.472500000000004,45.472500000000004
2230.0,46.254999999999995,46.981,45.29600000000001,46.216034482758616,45.582206896551725,45.582206896551725,46.22117647058824,45.46,45.46
2235.0,46.24999999999999,46.972,45.182206896551726,46.22465517241379,45.57186206896552,45.57186206896552,46.22705882352941,45.45484375,45.45484375
2240.0,46.245,46.963,45.06841379310345,46.233275862068965,45.56151724137931,45.56151724137931,46.23294117647059,45.479062500000005,45.479062500000005
2245.0,46.239999999999995,46.954,44.95462068965517,46.714999999999996,45.55117241379311,45.55117241379311,46.23882352941177,45.50328125,45.50328125
2250.0,46.235,46.945,44.8408275862069,46.794999999999995,45.5408275862069,45.5408275862069,46.23142857142857,45.5275,45.5275
2255.0,46.23,46.951,44.727034482758626,47.428333333333335,45.53048275862069,45.53048275862069,46.22071428571429,45.55171875,45.55171875
2260.0,46.224999999999994,46.957,44.6295,47.535,45.52013793103449,45.52013793103449,46.21,45.5759375,45.5759375
2265.0,46.22,46.963,44.597,47.50875,45.517500000000005,45.517500000000005,46.199285714285715,45.60015625,45.60015625
2270.0,46.214999999999996,46.969,44.5645,47.482499999999995,45.52,45.52,46.18857142857143,45.624375,45.624375
2275.0,46.209999999999994,46.974999999999994,44.532000000000004,47.45625,45.52250000000001,45.52250000000001,46.17785714285714,45.648593749999996,45.648593749999996
2280.0,46.205,46.980999999999995,44.499500000000005,47.42999999999999,45.525000000000006,45.525000000000006,46.167142857142856,45.6728125,45.6728125
2285.0,46.199999999999996,46.986999999999995,44.467000000000006,47.403749999999995,45.5275,45.5275,46.15642857142857,45.69703125,45.69703125
2290.0,46.19499999999999,46.992999999999995,44.4345,47.3775,45.53000000000001,45.53000000000001,46.14571428571429,45.72125,45.72125
2295.0,46.19,46.998999999999995,44.402,47.35124999999999,45.532500000000006,45.532500000000006,46.135000000000005,45.74546875,45.74546875
2300.0,46.184999999999995,47.004999999999995,44.3695,47.324999999999996,45.535000000000004,45.535000000000004,46.12428571428572,45.744166666666665,45.744166666666665
2305.0,46.16949999999999,47.004999999999995,44.337,47.258695652173905,45.53750000000001,45.53750000000001,46.11357142857143,45.70458333333333,45.70458333333333
2310.0,46.153999999999996,47.004999999999995,44.304500000000004,47.19239130434782,45.540000000000006,45.540000000000006,46.10285714285715,45.665,45.665
2315.0,46.13849999999999,47.004999999999995,44.272000000000006,47.12608695652173,45.542500000000004,45.542500000000004,46.09214285714286,45.625416666666666,45.625416666666666
2320.0,46.123,47.004999999999995,44.33744444444444,47.05978260869565,45.54500000000001,45.54500000000001,46.081428571428575,45.58583333333333,45.58583333333333
2325.0,46.107499999999995,47.004999999999995,44.794666666666664,46.99347826086956,45.54860869565218,45.54860869565218,46.07071428571429,45.5654347826087,45.5654347826087
2330.0,46.092,47.004999999999995,45.251888888888885,46.927173913043475,45.552956521739134,45.552956521739134,46.06,45.557826086956524,45.557826086956524
2335.0,46.076499999999996,47.004999999999995,45.70911111111111,46.860869565217385,45.55730434782609,45.55730434782609,47.6848,45.55021739130435,45.55021739130435
2340.0,46.061,47.004999999999995,46.166333333333334,46.7945652173913,45.561652173913046,45.561652173913046,47.592800000000004,45.54260869565218,45.54260869565218
2345.0,46.0455,47.004999999999995,46.623555555555555,46.72826086956521,45.566,45.566,47.5008,45.535,45.535
2350.0,46.03,47.004999999999995,47.0925,47.0925,45.570347826086966,45.570347826086966,47.4088,45.52739130434782,45.52739130434782
2355.0,46.0145,46.998999999999995,47.564375,47.564375,45.57469565217392,45.57469565217392,47.3168,45.51978260869565,45.51978260869565
2360.0,45.998999999999995,46.992999999999995,48.03625,48.03625,45.57904347826088,45.57904347826088,45.68842105263158,45.512173913043476,45.512173913043476
2365.0,45.9835,46.986999999999995,48.255,48.255,45.583391304347835,45.583391304347835,45.659473684210525,45.5045652173913,45.5045652173913
2370.0,45.967999999999996,46.980999999999995,48.305,48.305,45.768727272727276,46.531000000000006,45.630526315789474,46.284,46.284
2375.0,45.9525,46.974999999999994,48.044999999999995,48.044999999999995,46.22554545454546,47.4985,45.601578947368424,47.5,47.5
2380.0,45.937,46.969,47.57833333333333,47.57833333333333,46.68236363636364,48.152666666666676,45.572631578947366,48.10666666666666,48.10666666666666
2385.0,45.9215,46.963,47.111666666666665,47.111666666666665,47.139181818181825,47.96933333333334,45.543684210526315,47.79833333333333,47.79833333333333
2390.0,45.906,46.957,46.901923076923076,46.901923076923076,47.596000000000004,47.786,45.51473684210526,47.49,47.49
2395.0,45.8905,46.951,46.863461538461536,46.863461538461536,47.32231578947369,47.552666666666674,45.48578947368421,47.1625,47.1625
2400.0,45.875,46.945,46.824999999999996,46.824999999999996,47.04863157894737,47.06850000000001,46.18065934065934,46.835,46.835
2405.0,45.84342105263158,46.89371794871795,46.8015,46.8015,46.77494736842106,46.184000000000005,46.18175824175824,46.5075,46.5075
2410.0,45.81184210526316,46.8424358974359,46.778,46.778,46.55014414414415,46.194,46.182857142857145,46.18,46.18
2415.0,45.78026315789474,46.79115384615385,46.75449999999999,46.75449999999999,46.52086486486487,46.184000000000005,46.183956043956044,46.194150943396224,46.194150943396224
2420.0,45.748684210526314,46.73987179487179,46.730999999999995,46.730999999999995,46.49158558558559,46.17400000000001,46.185054945054944,46.208301886792455,46.208301886792455
2425.0,45.71710526315789,46.68858974358974,46.707499999999996,46.707499999999996,46.46230630630631,46.164,46.18615384615385,46.22245283018868,46.22245283018868
2430.0,45.685526315789474,46.63730769230769,46.684,46.684,46.43302702702703,46.154,46.18725274725275,46.2366037735849,46.2366037735849
2435.0,45.65394736842105,46.586025641025635,46.6605,46.6605,46.40374774774775,46.144000000000005,46.18835164835165,46.250754716981135,46.250754716981135
2440.0,46.53,46.84166666666666,46.63699999999999,46.63699999999999,46.37446846846847,46.13400000000001,46.18945054945055,46.26490566037736,46.26490566037736
2445.0,47.464999999999996,47.375,46.613499999999995,46.613499999999995,46.34518918918919,46.124,46.190549450549454,46.27905660377358,46.27905660377358
2450.0,46.39,46.55594339622641,46.589999999999996,46.589999999999996,46.31590990990991,46.114000000000004,46.191648351648354,46.29320754716981,46.29320754716981
2455.0,45.74287234042553,46.49084905660377,46.5665,46.5665,46.28663063063063,46.104000000000006,46.19274725274725,46.30735849056604,46.30735849056604
2460.0,45.73755319148936,46.42575471698113,46.543,46.543,46.25735135135135,46.09400000000001,46.19384615384615,46.32150943396226,46.32150943396226
2465.0,45.73223404255319,46.36066037735849,46.519499999999994,46.519499999999994,46.22807207207208,46.077320754716986,46.19494505494506,46.31217391304347,46.31217391304347
2470.0,45.72691489361702,46.295566037735846,46.495999999999995,46.495999999999995,46.1987927927928,46.033924528301895,46.19604395604396,46.26760869565217,46.26760869565217
2475.0,45.72159574468085,46.230471698113206,46.4725,46.4725,46.16951351351352,45.9905283018868,46.19714285714286,46.22304347826087,46.22304347826087
2480.0,45.71627659574468,46.16537735849057,46.449,46.449,46.14023423423424,45.94713207547171,46.198241758241764,46.17847826086957,46.17847826086957
2485.0,45.71095744680851,46.10028301886793,46.4255,46.4255,46.11095495495496,45.90373584905661,46.19934065934066,46.13391304347826,46.13391304347826
2490.0,45.70563829787234,46.03518867924528,46.401999999999994,46.401999999999994,46.08167567567568,45.86033962264151,46.19425531914894,46.08934782608696,46.08934782608696
2495.0,45.70031914893617,45.97009433962264,46.378499999999995,46.378499999999995,46.052396396396404,45.81694339622642,46.17989361702128,46.044782608695655,46.044782608695655
2500.0,45.695,45.905,46.355,46.355,46.023117117117124,45.77354716981132,46.16553191489362,46.000217391304346,46.000217391304346
2505.0,45.692,45.9015,46.3595,46.3595,45.993837837837845,45.73015094339623,46.15117021276596,45.955652173913045,45.955652173913045
2510.0,45.689,45.898,46.364,46.364,45.964558558558565,45.686754716981135,46.1368085106383,45.88333333333333,45.88333333333333
2515.0,45.686,45.8945,46.3685,46.3685,45.935279279279285,45.643358490566044,46.12244680851064,45.7,45.7
2520.0,45.683,45.891,46.373,46.373,45.906000000000006,45.64756250000001,46.10808510638298,45.592000000000006,45.592000000000006
2525.0,45.68,45.8875,46.3775,46.3775,45.895,45.6835,46.09372340425532,45.597,45.597
2530.0,45.677,45.884,46.382,46.382,45.88400000000001,45.719437500000005,46.07936170212766,45.602000000000004,45.602000000000004
2535.0,45.674,45.8805,46.3865,46.3865,45.873000000000005,45.75537500000001,46.065,45.607,45.607
2540.0,45.671,45.877,46.391,46.391,45.86200000000001,45.791312500000004,46.05063829787234,45.612,45.612
2545.0,45.668,45.8735,46.3955,46.3955,45.851000000000006,45.82725000000001,46.03627659574468,45.617000000000004,45.617000000000004
2550.0,45.665,45.870000000000005,46.4,46.4,45.84,45.8631875,46.02191489361702,45.622,45.622
2555.0,45.662,45.8665,46.4045,46.4045,45.82900000000001,45.899125000000005,46.007553191489365,45.627,45.627
2560.0,45.659,45.863,46.409,46.409,45.818000000000005,45.93506250000001,45.9931914893617,45.632,45.632
2565.0,45.656,45.859500000000004,46.4135,46.4135,45.80700000000001,45.971000000000004,45.97882978723404,45.637,45.637
2570.0,45.653,45.856,46.418,46.418,45.79600000000001,46.00693750000001,45.96446808510638,45.641999999999996,45.641999999999996
2575.0,45.65,45.8525,46.4225,46.4225,45.81036781609196,46.042875,45.950106382978724,45.647,45.647
2580.0,45.647,45.849000000000004,46.427,46.427,45.824735632183916,46.078812500000005,45.935744680851066,46.091594202898555,46.091594202898555
2585.0,45.644,45.8455,46.4315,46.4315,45.83910344827587,46.08073684210527,45.92733333333333,46.09956521739131,46.09956521739131
2590.0,45.641,45.842,46.436,46.436,45.85347126436782,46.07415789473685,45.92288888888889,46.10753623188406,46.10753623188406
2595.0,45.638,45.8385,46.4405,46.4405,45.867839080459774,46.067578947368425,45.91844444444445,46.115507246376815,46.115507246376815
2600.0,45.635,45.835,46.445,46.445,45.88220689655173,46.06100000000001,45.914,46.12347826086957,46.12347826086957
2605.0,45.625,45.824,46.393076923076926,46.393076923076926,45.896574712643684,46.05442105263158,45.909555555555556,46.13144927536232,46.13144927536232
2610.0,45.614999999999995,45.813,46.341153846153844,46.341153846153844,45.91094252873564,46.047842105263165,45.90511111111111,46.139420289855074,46.139420289855074
2615.0,45.605,45.802,46.28923076923077,46.28923076923077,45.925310344827594,46.04126315789474,45.900666666666666,46.14739130434783,46.14739130434783
2620.0,45.595,45.791,46.237307692307695,46.237307692307695,45.93967816091955,46.03468421052632,45.89622222222222,46.15536231884058,46.15536231884058
2625.0,45.585,45.78,46.18538461538461,46.18538461538461,45.9540459770115,46.0281052631579,45.891777777777776,46.163333333333334,46.163333333333334
2630.0,45.574999999999996,45.769,46.13346153846154,46.13346153846154,45.96841379310345,46.02152631578948,45.88733333333333,46.17130434782609,46.17130434782609
2635.0,45.565,45.757999999999996,46.081538461538464,46.081538461538464,45.982781609195406,46.014947368421055,45.88288888888889,46.17927536231884,46.17927536231884
2640.0,45.555,45.747,46.02961538461538,46.02961538461538,45.99714942528736,46.00836842105264,45.87844444444445,46.1872463768116,46.1872463768116
2645.0,45.544999999999995,45.736,45.97769230769231,45.97769230769231,46.011517241379316,46.00178947368421,45.874,46.195217391304354,46.195217391304354
2650.0,45.535,45.724999999999994,45.925769230769234,45.925769230769234,46.02588505747127,45.995210526315795,45.86955555555556,46.144444444444446,46.144444444444446
2655.0,45.525,45.714,45.925625000000004,45.925625000000004,46.040252873563226,45.98863157894737,45.86511111111111,46.00555555555556,46.00555555555556
2660.0,45.51499999999999,45.702999999999996,45.96,45.96,46.01994736842106,45.98478378378379,45.86066666666667,45.933090909090915,45.933090909090915
2665.0,45.504999999999995,45.692,45.994375,45.994375,45.97652631578948,45.982756756756764,45.85622222222222,45.90490909090909,45.90490909090909
2670.0,45.495,45.681,46.02875,46.02875,45.9331052631579,45.98072972972973,45.85177777777778,45.87672727272727,45.87672727272727
2675.0,45.485,45.669999999999995,46.063125,46.063125,45.88968421052632,45.978702702702705,45.839629629629634,45.84854545454546,45.84854545454546
2680.0,45.474999999999994,45.659,46.0975,46.0975,45.84626315789474,45.97667567567568,45.822345679012344,45.82036363636364,45.82036363636364
2685.0,45.464999999999996,45.647999999999996,46.131875,46.131875,45.80284210526316,45.97464864864865,45.80506172839506,45.79218181818182,45.79218181818182
2690.0,45.455,45.63699999999999,46.16625,46.16625,45.75942105263158,45.97262162162163,45.78777777777778,45.764,45.764
2695.0,45.44499999999999,45.626,46.200625,46.200625,45.716,45.9705945945946,45.77049382716049,45.73581818181818,45.73581818181818
2700.0,45.434999999999995,45.614999999999995,46.235,46.235,45.73266666666667,45.96856756756757,45.75320987654321,45.70763636363637,45.70763636363637
2705.0,45.43599999999999,45.61299999999999,46.222,46.222,45.74933333333333,45.96654054054054,45.735925925925926,45.67945454545455,45.67945454545455
2710.0,45.437,45.611,46.209,46.209,45.766,45.964513513513516,45.71864197530864,45.651272727272726,45.651272727272726
2715.0,45.437999999999995,45.608999999999995,46.196,46.196,45.78266666666667,45.96248648648649,45.70135802469136,45.62309090909091,45.62309090909091
2720.0,45.43899999999999,45.60699999999999,46.183,46.183,45.79933333333334,45.960459459459464,45.684074074074076,45.59490909090909,45.59490909090909
2725.0,45.44,45.605,46.17,46.17,45.816,45.95843243243244,45.66679012345679,45.56672727272727,45.56672727272727
2730.0,45.440999999999995,45.602999999999994,46.157,46.157,45.83266666666667,45.956405405405405,45.64950617283951,45.538545454545456,45.538545454545456
2735.0,45.44199999999999,45.60099999999999,46.144,46.144,45.849333333333334,45.962153846153846,45.632222222222225,45.510363636363635,45.510363636363635
2740.0,45.443,45.599,46.131,46.131,45.866,45.969846153846156,45.61493827160494,45.482181818181814,45.482181818181814
2745.0,45.443999999999996,45.596999999999994,46.118,46.118,45.882666666666665,45.977538461538465,45.59765432098766,45.454,45.454
2750.0,45.44499999999999,45.595,46.105000000000004,46.105000000000004,45.89933333333333,45.985230769230775,45.58037037037037,45.42581818181818,45.42581818181818
2755.0,45.446,45.592999999999996,46.092,46.092,45.916000000000004,45.99292307692308,45.565616438356166,45.397636363636366,45.397636363636366
2760.0,45.446999999999996,45.590999999999994,46.079,46.079,45.93266666666667,46.00061538461539,45.55465753424657,45.369454545454545,45.369454545454545
2765.0,45.448,45.589,46.066,46.066,45.949333333333335,46.008307692307696,45.54369863013699,45.341272727272724,45.341272727272724
2770.0,45.449,45.586999999999996,46.053,46.053,45.966,46.016000000000005,45.532739726027394,45.397,45.397
2775.0,45.449999999999996,45.584999999999994,46.04,46.04,45.948,46.023692307692315,45.52178082191781,45.50866666666666,45.50866666666666
2780.0,45.451,45.583,46.027,46.027,45.93,46.03138461538462,45.510821917808215,45.620333333333335,45.620333333333335
2785.0,45.452,45.580999999999996,46.014,46.014,45.912,46.03907692307693,45.49986301369863,45.732,45.732
2790.0,45.452999999999996,45.57899999999999,46.001000000000005,46.001000000000005,45.894,46.046769230769236,45.488904109589036,45.843666666666664,45.843666666666664
2795.0,45.454,45.577,45.988,45.988,45.876000000000005,46.054461538461545,45.47794520547945,45.955333333333336,45.955333333333336
2800.0,45.455,45.574999999999996,45.975,45.975,45.858000000000004,46.038471910112364,45.46698630136986,45.9969387755102,45.9969387755102
2805.0,45.504,45.581999999999994,45.9475,45.9475,45.84,46.016561797752814,45.45602739726027,45.99183673469388,45.99183673469388
2810.0,45.553,45.589,45.92,45.92,45.822,45.994651685393265,45.445068493150686,45.98673469387755,45.98673469387755
2815.0,45.602,45.596,45.8925,45.8925,45.804,45.972741573033716,45.43410958904109,45.981632653061226,45.981632653061226
2820.0,45.650999999999996,45.602999999999994,45.865,45.865,45.786,45.95083146067416,45.42315068493151,45.9765306122449,45.9765306122449
2825.0,45.7,45.61,45.8375,45.8375,45.768,45.92892134831461,45.412191780821914,45.971428571428575,45.971428571428575
2830.0,45.749,45.617,45.81,45.81,45.75,45.90701123595506,45.40793103448276,45.96632653061225,45.96632653061225
2835.0,45.798,45.623999999999995,45.7825,45.7825,45.732,45.88510112359551,45.405344827586205,45.96122448979592,45.96122448979592
2840.0,45.847,45.63099999999999,45.755,45.755,45.714,45.86319101123596,45.40275862068965,45.95612244897959,45.95612244897959
2845.0,45.896,45.638,45.7275,45.7275,45.696,45.841280898876406,45.4001724137931,45.95102040816327,45.95102040816327
2850.0,45.945,45.644999999999996,45.7,45.7,45.678000000000004,45.819370786516856,45.39758620689655,45.92606837606838,45.92606837606838
2855.0,45.889,45.63399999999999,45.6725,45.6725,45.660000000000004,45.79746067415731,45.394999999999996,45.89615384615385,45.89615384615385
2860.0,45.833,45.623,45.644999999999996,45.644999999999996,45.642,45.77555056179776,45.39241379310345,45.866239316239316,45.866239316239316
2865.0,45.777,45.611999999999995,45.6175,45.6175,45.624,45.75364044943821,45.3898275862069,45.83632478632479,45.83632478632479
2870.0,45.721,45.601,45.589999999999996,45.589999999999996,45.606,45.73173033707866,45.387241379310346,45.80641025641026,45.80641025641026
2875.0,45.665,45.589999999999996,45.5625,45.5625,45.607,45.7098202247191,45.384655172413794,45.77649572649573,45.77649572649573
2880.0,45.609,45.57899999999999,45.535,45.535,45.608000000000004,45.68791011235955,45.38206896551724,45.7465811965812,45.7465811965812
2885.0,45.553,45.568,45.5075,45.5075,45.609,45.666000000000004,45.37904761904762,45.71666666666667,45.71666666666667
2890.0,45.497,45.556999999999995,45.48,45.48,45.61,45.66161403508772,45.37428571428572,45.68675213675214,45.68675213675214
2895.0,45.440999999999995,45.546,45.4525,45.4525,45.611000000000004,45.65722807017544,45.36952380952381,45.656837606837605,45.656837606837605
2900.0,45.385,45.535,45.425,45.425,45.612,45.65284210526316,45.364761904761906,45.62692307692308,45.62692307692308
2905.0,45.3775,45.5335,45.4445,45.4445,45.613,45.64845614035088,45.36,45.59700854700855,45.59700854700855
2910.0,45.37,45.532,45.464,45.464,45.614000000000004,45.6440701754386,45.3552380952381,45.56709401709402,45.56709401709402
2915.0,45.3625,45.530499999999996,45.4835,45.4835,45.615,45.63968421052632,45.35047619047619,45.537179487179486,45.537179487179486
2920.0,45.355,45.528999999999996,45.503,45.503,45.616,45.63529824561404,45.34571428571429,45.50726495726496,45.50726495726496
2925.0,45.3475,45.527499999999996,45.522499999999994,45.522499999999994,45.617000000000004,45.63091228070176,45.34095238095239,45.47735042735043,45.47735042735043
2930.0,45.339999999999996,45.525999999999996,45.541999999999994,45.541999999999994,45.618,45.62652631578948,45.348,45.447435897435895,45.447435897435895
2935.0,45.332499999999996,45.524499999999996,45.561499999999995,45.561499999999995,45.61900000000001,45.6221403508772,45.358,45.41752136752137,45.41752136752137
2940.0,45.324999999999996,45.522999999999996,45.580999999999996,45.580999999999996,45.620000000000005,45.61775438596492,45.39076923076923,45.38760683760684,45.38760683760684
2945.0,45.317499999999995,45.521499999999996,45.6005,45.6005,45.621,45.61822222222223,45.42923076923077,45.35769230769231,45.35769230769231
2950.0,45.31,45.519999999999996,45.62,45.62,45.62200000000001,45.621925925925936,45.45272727272727,45.327777777777776,45.327777777777776
2955.0,45.3025,45.518499999999996,45.6395,45.6395,45.623000000000005,45.625629629629636,45.41636363636364,45.29786324786325,45.29786324786325
2960.0,45.295,45.516999999999996,45.659,45.659,45.624,45.62933333333334,45.38,45.26794871794872,45.26794871794872
2965.0,45.2875,45.515499999999996,45.6785,45.6785,45.62500000000001,45.63303703703704,45.24935483870968,45.27,45.27
2970.0,45.28,45.513999999999996,45.698,45.698,45.626000000000005,45.63674074074075,45.11870967741935,45.32,45.32
2975.0,45.2725,45.512499999999996,45.7175,45.7175,45.59733333333334,45.64044444444445,44.988064516129036,45.37,45.37
2980.0,45.265,45.510999999999996,45.736999999999995,45.736999999999995,45.56866666666667,45.644148148148155,44.85741935483871,45.42,45.42
2985.0,45.2575,45.509499999999996,45.756499999999996,45.756499999999996,45.540000000000006,45.64785185185186,44.72677419354839,45.47,45.47
2990.0,45.25,45.507999999999996,45.775999999999996,45.775999999999996,45.51133333333334,45.65155555555556,44.59612903225806,45.519999999999996,45.519999999999996
2995.0,45.2425,45.506499999999996,45.7955,45.7955,45.482666666666674,45.65525925925927,44.26777777777778,45.57,45.57
3000.0,45.235,45.504999999999995,45.815,45.815,45.45400000000001,45.64215384615385,43.89,45.57757575757576,45.57757575757576
3005.0,45.23916666666667,45.483,45.800999999999995,45.800999999999995,45.42533333333334,45.62484615384616,45.371492537313436,45.57454545454545,45.57454545454545
3010.0,45.24333333333333,45.461,45.787,45.787,45.39666666666667,45.60753846153847,45.3289552238806,45.57151515151515,45.57151515151515
3015.0,45.2475,45.43899999999999,45.772999999999996,45.772999999999996,45.368,45.59023076923077,45.28641791044777,45.56848484848485,45.56848484848485
3020.0,45.251666666666665,45.416999999999994,45.759,45.759,45.339333333333336,45.57292307692308,45.24388059701493,45.56545454545454,45.56545454545454
3025.0,45.255833333333335,45.394999999999996,45.745,45.745,45.31066666666667,45.555615384615386,45.20134328358209,45.56242424242424,45.56242424242424
3030.0,45.26,45.373,45.730999999999995,45.730999999999995,45.282000000000004,45.5383076923077,45.15880597014926,45.559393939393935,45.559393939393935
3035.0,45.26416666666667,45.351,45.717,45.717,45.25333333333334,45.521,45.11626865671642,45.556363636363635,45.556363636363635
3040.0,45.26833333333333,45.32899999999999,45.702999999999996,45.702999999999996,45.22466666666667,45.50369230769231,45.07373134328358,45.553333333333335,45.553333333333335
3045.0,45.2725,45.306999999999995,45.689,45.689,45.196000000000005,45.48638461538462,45.031194029850745,45.55030303030303,45.55030303030303
3050.0,45.276666666666664,45.285,45.675,45.675,45.20266666666667,45.469076923076926,44.988656716417914,45.54727272727273,45.54727272727273
3055.0,45.280833333333334,45.263,45.660999999999994,45.660999999999994,45.20933333333334,45.45176923076924,44.946119402985076,45.54424242424243,45.54424242424243
3060.0,45.285,45.241,45.647,45.647,45.21600000000001,45.43446153846154,44.90358208955224,45.54121212121212,45.54121212121212
3065.0,45.28916666666667,45.218999999999994,45.632999999999996,45.632999999999996,45.22266666666667,45.41715384615385,44.86104477611941,45.535636363636364,45.535636363636364
3070.0,45.29333333333333,45.196999999999996,45.619,45.619,45.22933333333334,45.399846153846156,44.81850746268657,45.528363636363636,45.528363636363636
3075.0,45.2975,45.175,45.605,45.605,45.236000000000004,45.3834647887324,44.82573033707865,45.52109090909091,45.52109090909091
3080.0,45.30166666666666,45.153,45.590999999999994,45.590999999999994,45.24266666666667,45.37078873239437,44.84539325842697,45.51381818181818,45.51381818181818
3085.0,45.30583333333333,45.131,45.577,45.577,45.24933333333334,45.358112676056344,44.86505617977528,45.50654545454545,45.50654545454545
3090.0,45.309999999999995,45.108999999999995,45.562999999999995,45.562999999999995,45.25600000000001,45.34543661971831,44.88471910112359,45.499272727272725,45.499272727272725
3095.0,45.314166666666665,45.086999999999996,45.549,45.549,45.262666666666675,45.33276056338028,44.904382022471914,45.492,45.492
3100.0,44.835,45.065,45.535,45.535,45.269333333333336,45.32008450704225,44.92404494382023,45.48472727272727,45.48472727272727
3105.0,44.800714285714285,45.076499999999996,45.535999999999994,45.535999999999994,45.276,45.30740845070423,44.94370786516854,45.47745454545455,45.47745454545455
3110.0,44.76642857142857,45.087999999999994,45.537,45.537,45.28266666666667,45.2947323943662,44.963370786516855,45.47018181818182,45.47018181818182
3115.0,44.732142857142854,45.0995,45.538,45.538,45.28933333333334,45.28205633802817,44.98303370786517,45.46290909090909,45.46290909090909
3120.0,44.697857142857146,45.111,45.538999999999994,45.538999999999994,45.29600000000001,45.26938028169015,45.00269662921348,44.89785714285714,44.85857142857143
3125.0,44.66357142857143,45.122499999999995,45.54,45.54,45.302666666666674,45.25670422535212,45.022359550561795,44.917500000000004,44.78
3130.0,44.629285714285714,45.134,45.541,45.541,45.30933333333334,45.244028169014086,45.04202247191011,44.93714285714286,44.70142857142857
3135.0,44.595,45.1455,45.541999999999994,45.541999999999994,45.316,45.231352112676056,45.06168539325842,44.956785714285715,44.62285714285714
3140.0,44.56071428571428,45.157,45.543,45.543,45.32266666666667,45.21867605633803,45.08134831460674,44.97642857142857,44.544285714285714
3145.0,44.52642857142857,45.168499999999995,45.544,45.544,45.32933333333334,45.206,45.101011235955056,44.996071428571426,44.46571428571429
3150.0,44.49214285714285,45.17999999999999,45.545,45.545,45.336000000000006,45.2034358974359,45.12067415730337,45.00676923076923,44.49061538461539
3155.0,44.457857142857144,45.1915,45.546,45.546,45.33377777777778,45.2008717948718,45.14033707865168,45.01523076923077,44.541384615384615
3160.0,44.42357142857143,45.202999999999996,45.547,45.547,45.33155555555556,45.198307692307694,45.16,45.02369230769231,44.59215384615385
3165.0,44.38928571428571,45.214499999999994,45.548,45.548,45.32933333333334,45.19574358974359,45.162499999999994,45.03215384615385,44.642923076923076
3170.0,44.355,45.226,45.549,45.549,45.327111111111115,45.19317948717949,45.165,45.040615384615386,44.69369230769231
3175.0,45.37499999999999,45.2375,45.55,45.55,45.32488888888889,45.19061538461539,45.1675,45.049076923076925,44.74446153846154
3180.0,45.324999999999996,45.248999999999995,45.551,45.551,45.32266666666667,45.18805128205128,45.17,45.05753846153846,44.79523076923077
3185.0,45.275,45.26049999999999,45.552,45.552,45.32044444444445,45.18548717948718,45.1725,45.066,44.846000000000004
3190.0,45.225,45.27199999999999,45.553,45.553,45.318222222222225,45.18292307692308,45.175,45.07446153846154,44.89676923076923
3195.0,45.175,45.2835,45.554,45.554,45.316,45.18035897435898,45.1775,45.08292307692307,44.947538461538464
3200.0,45.125,45.294999999999995,45.555,45.555,45.32504761904762,45.17779487179487,45.18,45.09138461538461,44.99830769230769
3205.0,45.1135,45.288999999999994,45.545,45.545,45.33409523809524,45.17523076923077,45.1825,45.09984615384615,45.049076923076925
3210.0,45.102,45.282999999999994,45.535,45.535,45.34314285714286,45.17266666666667,45.185,45.10830769230769,45.09984615384615
3215.0,45.0905,45.276999999999994,45.525,45.525,45.35219047619048,45.17010256410257,45.1875,45.11610169491525,45.11610169491525
3220.0,45.079,45.270999999999994,45.515,45.515,45.3612380952381,45.16753846153846,45.19,45.123728813559325,45.123728813559325
3225.0,45.067499999999995,45.26499999999999,45.505,45.505,45.370285714285714,45.19155555555556,45.1925,45.13135593220339,45.13135593220339
3230.0,45.056,45.25899999999999,45.495,45.495,45.379333333333335,45.25544444444445,45.195,45.13898305084746,45.13898305084746
3235.0,45.0445,45.25299999999999,45.485,45.485,45.388380952380956,45.31933333333334,45.197500000000005,45.146610169491524,45.146610169491524
3240.0,45.033,45.24699999999999,45.475,45.475,45.39742857142857,45.38322222222223,45.2,45.1542372881356,45.1542372881356
3245.0,45.021499999999996,45.24099999999999,45.464999999999996,45.464999999999996,45.40647619047619,45.44711111111111,45.191764705882356,45.161864406779664,45.161864406779664
3250.0,45.01,45.23499999999999,45.455,45.455,45.41552380952381,45.511,45.18352941176471,45.16949152542373,45.16949152542373
3255.0,44.9985,45.229,45.445,45.445,45.42457142857143,45.57488888888889,45.17529411764706,45.1771186440678,45.1771186440678
3260.0,44.986999999999995,45.223,45.434999999999995,45.434999999999995,45.43361904761905,45.63877777777778,45.167058823529416,45.18474576271187,45.18474576271187
3265.0,44.9755,45.217,45.425,45.425,45.44266666666667,45.70266666666667,45.15882352941177,45.192372881355936,45.192372881355936
3270.0,44.964,45.211,45.415,45.415,45.45171428571429,45.76655555555556,45.15058823529412,45.2,45.2
3275.0,44.9525,45.205,45.405,45.405,45.4607619047619,45.83044444444445,45.142352941176476,44.533846153846156,44.533846153846156
3280.0,44.940999999999995,45.199,45.394999999999996,45.394999999999996,45.46980952380952,45.894333333333336,45.13411764705883,44.606923076923074,44.606923076923074
3285.0,44.9295,45.193,45.385,45.385,45.478857142857144,45.958222222222226,45.125882352941176,44.68,44.68
3290.0,44.918,45.187,45.375,45.375,45.487904761904765,46.022111111111116,45.11764705882353,44.753076923076925,44.753076923076925
3295.0,44.906499999999994,45.181,45.364999999999995,45.364999999999995,45.49695238095238,46.086000000000006,45.10941176470588,44.826153846153844,44.826153846153844
3300.0,44.894999999999996,45.175,45.355,45.355,45.506,46.03933333333334,45.101176470588236,44.855555555555554,44.855555555555554
3305.0,44.903499999999994,45.178,45.352,45.352,45.502296296296294,45.99266666666667,45.09294117647059,44.81944444444444,44.81944444444444
3310.0,44.912,45.181,45.349,45.349,45.498592592592594,45.946000000000005,45.08470588235294,44.78333333333333,44.78333333333333
3315.0,44.9205,45.184,45.346,45.346,45.49488888888889,45.89933333333334,45.076470588235296,44.74722222222222,44.74722222222222
3320.0,44.928999999999995,45.187,45.342999999999996,45.342999999999996,45.49118518518519,45.85266666666667,45.06823529411765,44.71111111111111,44.71111111111111
3325.0,44.9375,45.19,45.339999999999996,45.339999999999996,45.48748148148148,45.806000000000004,45.06,44.675,44.675
3330.0,44.946,45.193,45.336999999999996,45.336999999999996,45.48377777777778,45.75933333333334,45.0567032967033,44.638888888888886,44.638888888888886
3335.0,44.954499999999996,45.196,45.333999999999996,45.333999999999996,45.480074074074075,45.71266666666667,45.05340659340659,44.602777777777774,44.602777777777774
3340.0,44.962999999999994,45.199,45.330999999999996,45.330999999999996,45.476370370370375,45.666000000000004,45.050109890109894,44.56666666666666,44.56666666666666
3345.0,44.9715,45.202,45.327999999999996,45.327999999999996,45.47266666666667,45.61933333333334,45.04681318681319,44.53055555555555,44.53055555555555
3350.0,44.98,45.205,45.324999999999996,45.324999999999996,45.46896296296297,45.57266666666667,45.043516483516484,44.49444444444444,44.49444444444444
3355.0,44.988499999999995,45.208,45.321999999999996,45.321999999999996,45.46525925925926,45.526,45.04021978021978,45.47936708860759,45.47936708860759
3360.0,44.997,45.211,45.318999999999996,45.318999999999996,45.461555555555556,45.47933333333334,45.03692307692308,45.47620253164557,45.47620253164557
3365.0,45.0055,45.214,45.315999999999995,45.315999999999995,45.457851851851856,45.43266666666667,45.033626373626376,45.47303797468354,45.47303797468354
3370.0,45.013999999999996,45.217,45.312999999999995,45.312999999999995,45.45414814814815,45.386,45.03032967032967,45.469873417721516,45.469873417721516
3375.0,45.022499999999994,45.22,45.309999999999995,45.309999999999995,45.45044444444445,45.38543181818182,45.027032967032966,45.46670886075949,45.46670886075949
3380.0,45.031,45.223,45.306999999999995,45.306999999999995,45.44674074074074,45.38486363636364,45.02373626373627,45.46354430379747,45.46354430379747
3385.0,45.0395,45.226,45.303999999999995,45.303999999999995,45.45390123456791,45.38429545454546,45.02043956043956,45.46037974683544,45.46037974683544
3390.0,45.047999999999995,45.229,45.300999999999995,45.300999999999995,45.463777777777786,45.38372727272728,45.01714285714286,45.457215189873416,45.457215189873416
3395.0,45.0565,45.232,45.297999999999995,45.297999999999995,45.473654320987656,45.383159090909096,45.01384615384615,45.45405063291139,45.45405063291139
3400.0,45.065,45.235,45.294999999999995,45.294999999999995,45.48353086419753,45.382590909090915,45.01054945054945,45.45088607594936,45.45088607594936
3405.0,45.065999999999995,45.235,45.29749999999999,45.29749999999999,45.49340740740741,45.382022727272734,45.00725274725275,45.44772151898734,45.44772151898734
3410.0,45.067,45.235,45.3,45.3,45.50328395061729,45.38145454545455,45.003956043956045,45.44455696202532,45.44455696202532
3415.0,45.068,45.235,45.302499999999995,45.302499999999995,45.513160493827165,45.380886363636364,45.00065934065934,45.44139240506329,45.44139240506329
3420.0,45.068999999999996,45.235,45.30499999999999,45.30499999999999,45.52303703703704,45.38031818181818,44.99955555555555,45.43822784810126,45.43822784810126
3425.0,45.07,45.235,45.3075,45.3075,45.53291358024692,45.37975,44.999,45.43506329113924,45.43506329113924
3430.0,45.071,45.235,45.309999999999995,45.309999999999995,45.54279012345679,45.37918181818182,44.998444444444445,45.43189873417722,45.43189873417722
3435.0,45.071999999999996,45.235,45.31249999999999,45.31249999999999,45.55266666666667,45.37861363636364,44.99788888888889,45.43072072072072,45.43072072072072
3440.0,45.073,45.235,45.315,45.315,45.562543209876544,45.37804545454546,44.99733333333334,45.432522522522525,45.432522522522525
3445.0,45.074,45.235,45.317499999999995,45.317499999999995,45.57241975308642,45.377477272727276,44.99677777777778,45.43432432432432,45.43432432432432
3450.0,45.075,45.235,45.31999999999999,45.31999999999999,45.5822962962963,45.376909090909095,44.99622222222222,45.436126126126126,45.436126126126126
3455.0,45.076,45.235,45.3225,45.3225,45.592172839506176,45.376340909090914,44.995666666666665,45.43792792792793,45.43792792792793
3460.0,45.077,45.235,45.324999999999996,45.324999999999996,45.602049382716054,45.38202739726028,44.995111111111115,45.43972972972973,45.43972972972973
3465.0,45.078,45.235,45.3275,45.3275,45.604800000000004,45.39709589041097,44.99455555555556,45.44153153153153,45.44153153153153
3470.0,45.079,45.235,45.33,45.33,45.6028,45.412164383561645,44.994,45.443333333333335,45.443333333333335
3475.0,45.08,45.235,45.332499999999996,45.332499999999996,45.6008,45.42723287671233,44.99344444444444,45.44513513513513,45.44513513513513
3480.0,45.081,45.235,45.335,45.335,45.598800000000004,45.44230136986302,44.99288888888889,45.446936936936936,45.446936936936936
3485.0,45.082,45.235,45.3375,45.3375,45.5968,45.4573698630137,44.992333333333335,45.44873873873874,45.44873873873874
3490.0,45.083,45.235,45.339999999999996,45.339999999999996,45.5948,45.47243835616439,44.99177777777778,45.45054054054054,45.45054054054054
3495.0,45.084,45.235,45.3425,45.3425,45.592800000000004,45.487506849315075,44.99122222222223,45.45234234234234,45.45234234234234
3500.0,45.085,45.235,45.345,45.345,45.5908,45.50257534246576,44.99066666666667,45.454144144144145,45.454144144144145
3505.0,45.10642857142857,45.2445,45.351,45.351,45.5888,45.51764383561644,44.99011111111111,45.45594594594594,45.45594594594594
3510.0,45.127857142857145,45.254,45.357,45.357,45.586800000000004,45.532712328767126,45.001000000000005,45.457747747747746,45.457747747747746
3515.0,45.14928571428572,45.2635,45.363,45.363,45.5848,45.54778082191781,45.01475,45.45954954954955,45.45954954954955
3520.0,45.17071428571429,45.272999999999996,45.369,45.369,45.5828,45.5628493150685,45.0285,45.461351351351354,45.461351351351354
3525.0,45.192142857142855,45.2825,45.375,45.375,45.5808,45.57791780821918,45.04225,45.46315315315315,45.46315315315315
3530.0,45.21357142857143,45.292,45.381,45.381,45.5788,45.59298630136987,45.056000000000004,45.464954954954955,45.464954954954955
3535.0,45.235,45.3015,45.387,45.387,45.576800000000006,45.59978947368421,45.06975,45.46675675675676,45.46675675675676
3540.0,45.25642857142857,45.311,45.393,45.393,45.5748,45.60452631578948,45.0835,45.468558558558556,45.468558558558556
3545.0,45.277857142857144,45.320499999999996,45.399,45.399,45.5728,45.60926315789474,45.09725,45.4730487804878,45.4730487804878
3550.0,45.299285714285716,45.33,45.405,45.405,45.570800000000006,45.614000000000004,46.6775,45.488292682926826,45.488292682926826
3555.0,45.32071428571429,45.3395,45.410999999999994,45.410999999999994,45.5688,45.618736842105264,45.645,45.50353658536585,45.50353658536585
3560.0,45.34214285714286,45.349,45.416999999999994,45.416999999999994,45.5668,45.62347368421053,45.005,45.518780487804875,45.518780487804875
3565.0,45.36357142857143,45.3585,45.422999999999995,45.422999999999995,45.571714285714286,45.62821052631579,45.34,45.5340243902439,45.5340243902439
3570.0,45.385,45.367999999999995,45.428999999999995,45.428999999999995,45.5812380952381,45.63294736842106,44.946666666666665,45.549268292682925,45.549268292682925
3575.0,45.40642857142857,45.3775,45.434999999999995,45.434999999999995,45.590761904761905,45.63768421052632,44.93,45.56451219512195,45.56451219512195
3580.0,45.42785714285714,45.387,45.440999999999995,45.440999999999995,45.60028571428572,45.64242105263158,44.913333333333334,45.579756097560974,45.579756097560974
3585.0,45.449285714285715,45.396499999999996,45.446999999999996,45.446999999999996,45.609809523809524,45.64715789473684,44.89666666666667,45.595,45.595
3590.0,45.47071428571429,45.406,45.452999999999996,45.452999999999996,45.61933333333334,45.65189473684211,44.88,45.610243902439024,45.610243902439024
3595.0,44.68833333333333,45.415499999999994,45.458999999999996,45.458999999999996,45.62885714285714,45.65663157894737,44.86333333333334,45.62548780487805,45.62548780487805
3600.0,45.155,45.425,45.464999999999996,45.464999999999996,45.638380952380956,45.661368421052636,44.846666666666664,45.64073170731707,45.64073170731707
3605.0,45.1515,45.418,45.456999999999994,45.456999999999994,45.64790476190477,45.666105263157895,44.83,45.6559756097561,45.6559756097561
3610.0,45.148,45.410999999999994,45.449,45.449,45.657428571428575,45.670842105263155,44.81333333333333,45.67121951219512,45.67121951219512
3615.0,45.1445,45.403999999999996,45.440999999999995,45.440999999999995,45.66695238095239,45.67557894736842,44.79666666666667,45.68646341463415,45.68646341463415
3620.0,45.141,45.397,45.433,45.433,45.676476190476194,45.68031578947368,44.78,45.70170731707317,45.70170731707317
3625.0,45.1375,45.39,45.425,45.425,45.68600000000001,45.68505263157895,44.763333333333335,45.7169512195122,45.7169512195122
3630.0,45.134,45.382999999999996,45.416999999999994,45.416999999999994,45.69552380952381,45.68085714285714,44.74666666666667,46.04,46.04
3635.0,45.1305,45.376,45.409,45.409,45.705047619047626,45.67442857142857,44.730000000000004,46.00666666666667,46.00666666666667
3640.0,45.127,45.369,45.400999999999996,45.400999999999996,45.71457142857143,45.668,44.71333333333333,45.97513761467889,45.97513761467889
3645.0,45.1235,45.361999999999995,45.393,45.393,45.724095238095245,45.66157142857143,44.69851485148515,45.950825688073394,45.950825688073394
3650.0,45.120000000000005,45.355,45.385,45.385,45.73361904761905,45.655142857142856,44.68415841584159,45.92651376146789,45.92651376146789
3655.0,45.1165,45.348,45.376999999999995,45.376999999999995,45.743142857142864,45.648714285714284,44.669801980198024,45.90220183486238,45.90220183486238
3660.0,45.113,45.340999999999994,45.369,45.369,45.75266666666667,45.64228571428571,44.65544554455445,45.877889908256876,45.877889908256876
3665.0,45.109500000000004,45.333999999999996,45.361,45.361,45.76219047619048,45.63585714285715,44.64108910891089,45.85357798165138,45.85357798165138
3670.0,45.106,45.327,45.353,45.353,45.75057142857143,45.629428571428576,44.62673267326733,45.82926605504587,45.82926605504587
3675.0,45.1025,45.31999999999999,45.345,45.345,45.72485714285715,45.623000000000005,44.612376237623764,45.804954128440365,45.804954128440365
3680.0,45.099000000000004,45.312999999999995,45.336999999999996,45.336999999999996,45.69914285714286,45.61657142857143,44.5980198019802,45.78064220183486,45.78064220183486
3685.0,45.0955,45.306,45.329,45.329,45.67342857142858,45.61014285714286,44.58366336633664,45.75633027522936,45.75633027522936
3690.0,45.092,45.299,45.321,45.321,45.647714285714294,45.60371428571429,44.569306930693074,45.73201834862385,45.73201834862385
3695.0,45.0885,45.291999999999994,45.313,45.313,45.62200000000001,45.59728571428572,44.5549504950495,45.70770642201835,45.70770642201835
3700.0,45.085,45.285,45.305,45.305,45.59628571428572,45.587538461538465,44.54059405940594,45.68339449541284,45.68339449541284
3705.0,45.089,45.287,45.3085,45.3085,45.62650000000001,45.57696153846154,44.52623762376238,45.65908256880734,45.65908256880734
3710.0,45.093,45.288999999999994,45.312,45.312,45.694,45.56638461538462,44.511881188118814,45.634770642201836,45.634770642201836
3715.0,45.097,45.291,45.3155,45.3155,45.761500000000005,45.555807692307695,44.49752475247525,45.61045871559633,45.61045871559633
3720.0,45.101,45.293,45.319,45.319,45.82900000000001,45.54523076923077,44.48316831683169,45.586146788990824,45.586146788990824
3725.0,45.105000000000004,45.294999999999995,45.3225,45.3225,45.8965,45.53465384615385,44.468811881188124,45.561834862385325,45.561834862385325
3730.0,45.109,45.297,45.326,45.326,45.964000000000006,45.524076923076926,44.45445544554455,45.53752293577982,45.53752293577982
3735.0,45.113,45.299,45.3295,45.3295,46.0315,45.51350000000001,44.44009900990099,45.51321100917431,45.51321100917431
3740.0,45.117,45.300999999999995,45.333,45.333,46.099000000000004,45.50292307692308,44.42574257425743,45.48889908256881,45.48889908256881
3745.0,45.121,45.303,45.3365,45.3365,46.1665,45.49234615384616,44.422560975609755,45.46458715596331,45.46458715596331
3750.0,45.125,45.30499999999999,45.34,45.34,46.234,46.49933333333333,44.426829268292686,46.195,46.195
3755.0,45.129,45.306999999999995,45.3435,45.3435,46.301500000000004,46.977428571428575,44.43109756097561,46.95285714285714,46.95285714285714
3760.0,45.133,45.309,45.347,45.347,46.369,45.784000000000006,44.43536585365854,46.836666666666666,46.836666666666666
3765.0,45.137,45.31099999999999,45.3505,45.3505,46.37992857142857,46.411,44.43963414634147,46.17,46.17
3770.0,45.141,45.312999999999995,45.354,45.354,46.353142857142856,45.665344262295086,44.44390243902439,46.196666666666665,46.196666666666665
3775.0,45.144999999999996,45.315,45.3575,45.3575,46.32635714285714,45.6620655737705,44.44817073170732,45.754,45.754
3780.0,45.149,45.31699999999999,45.361,45.361,46.29957142857143,45.6587868852459,44.452439024390245,45.659,45.659
3785.0,45.153,45.318999999999996,45.3645,45.3645,46.27278571428572,45.655508196721314,44.456707317073175,45.63758620689655,45.63758620689655
3790.0,45.157,45.321,45.368,45.368,46.246,45.652229508196726,44.4609756097561,45.63456896551724,45.63456896551724
3795.0,45.161,45.32299999999999,45.3715,45.3715,46.21921428571429,45.64895081967214,44.46524390243903,45.63155172413793,45.63155172413793
3800.0,45.165,45.324999999999996,45.375,45.375,46.19242857142857,45.64567213114754,44.46951219512195,45.628534482758624,45.628534482758624
3805.0,45.166,45.331999999999994,45.38,45.38,46.165642857142856,45.642393442622954,44.47378048780488,45.62551724137931,45.62551724137931
3810.0,45.167,45.339,45.385,45.385,46.13885714285714,45.639114754098365,44.4780487804878,45.6225,45.6225
3815.0,45.168,45.346,45.39,45.39,46.11207142857143,45.63583606557378,44.482317073170734,45.61948275862069,45.61948275862069
3820.0,45.169,45.352999999999994,45.395,45.395,46.08528571428572,45.63255737704918,44.486585365853664,45.61646551724138,45.61646551724138
3825.0,45.17,45.36,45.4,45.4,46.0585,45.62927868852459,44.49125,45.61344827586207,45.61344827586207
3830.0,45.171,45.367,45.405,45.405,46.03171428571429,45.626000000000005,44.4975,45.61043103448276,45.61043103448276
3835.0,45.172,45.373999999999995,45.410000000000004,45.410000000000004,46.00492857142857,45.62069696969697,44.503750000000004,45.60741379310345,45.60741379310345
3840.0,45.172999999999995,45.38099999999999,45.415,45.415,45.978142857142856,45.61539393939395,44.510000000000005,45.604396551724136,45.604396551724136
3845.0,45.174,45.388,45.42,45.42,45.95135714285714,45.610090909090914,44.51625,45.601379310344825,45.601379310344825
3850.0,45.175,45.394999999999996,45.425,45.425,45.92457142857143,45.60478787878788,44.5225,45.59836206896552,45.59836206896552
3855.0,45.175999999999995,45.401999999999994,45.43,45.43,45.89778571428572,45.599484848484856,44.52875,45.59534482758621,45.59534482758621
3860.0,45.177,45.409,45.435,45.435,45.871,45.59418181818182,44.535000000000004,45.5923275862069,45.5923275862069
3865.0,45.178,45.416,45.44,45.44,45.84421428571429,45.58887878787879,44.541250000000005,45.58931034482759,45.58931034482759
3870.0,45.178999999999995,45.422999999999995,45.445,45.445,45.81742857142857,45.583575757575765,44.5475,45.58629310344828,45.58629310344828
3875.0,45.17999999999999,45.42999999999999,45.45,45.45,45.790642857142856,45.57827272727273,44.55375,45.583275862068966,45.583275862068966
3880.0,45.181,45.437,45.455,45.455,45.76385714285714,45.5729696969697,44.56,45.580258620689655,45.580258620689655
3885.0,45.181999999999995,45.443999999999996,45.46,45.46,45.73707142857143,45.567666666666675,44.566250000000004,45.577241379310344,45.577241379310344
3890.0,45.18299999999999,45.45099999999999,45.465,45.465,45.71028571428572,45.56236363636364,44.572500000000005,45.57422413793103,45.57422413793103
3895.0,45.184,45.458,45.47,45.47,45.6835,45.55706060606061,44.57875000000001,45.57120689655172,45.57120689655172
3900.0,45.184999999999995,45.464999999999996,45.475,45.475,45.65671428571429,45.55150561797753,44.585,45.559736842105266,45.559736842105266
3905.0,45.19649999999999,45.471,45.482,45.482,45.634846153846155,45.54588764044944,44.589000000000006,45.542631578947365,45.542631578947365
3910.0,45.208,45.477,45.489000000000004,45.489000000000004,45.61625641025641,45.540269662921354,44.584,45.52552631578947,45.52552631578947
3915.0,45.2195,45.483,45.496,45.496,45.59766666666667,45.534651685393264,44.579,45.508421052631576,45.508421052631576
3920.0,45.230999999999995,45.489,45.503,45.503,45.579076923076926,45.529033707865175,44.574000000000005,45.49131578947368,45.49131578947368
3925.0,45.24249999999999,45.495,45.51,45.51,45.56048717948718,45.523415730337085,44.569,45.47421052631579,45.47421052631579
3930.0,45.254,45.501,45.516999999999996,45.516999999999996,45.54189743589744,45.517797752808995,44.564,45.45710526315789,45.45710526315789
3935.0,45.265499999999996,45.507,45.524,45.524,45.5233076923077,45.512179775280906,44.559000000000005,45.44,45.44
3940.0,45.276999999999994,45.513,45.531,45.531,45.50471794871795,45.506561797752816,44.554,45.41589285714286,45.41589285714286
3945.0,45.2885,45.519,45.538,45.538,45.4861282051282,45.50094382022472,44.549,45.39178571428571,45.39178571428571
3950.0,45.3,45.525,45.545,45.545,45.46753846153846,45.49532584269663,44.544000000000004,45.36767857142857,45.36767857142857
3955.0,45.311499999999995,45.531,45.552,45.552,45.44894871794872,45.48970786516854,44.539,45.34357142857143,45.34357142857143
3960.0,45.323,45.537,45.559,45.559,45.430358974358974,45.48408988764045,44.534,45.31946428571428,45.31946428571428
3965.0,45.3345,45.543,45.565999999999995,45.565999999999995,45.41176923076923,45.47847191011236,44.529,45.29535714285714,45.29535714285714
3970.0,45.346,45.549,45.57299999999999,45.57299999999999,45.39317948717949,45.47285393258427,44.524,45.27125,45.27125
3975.0,45.3575,45.555,45.58,45.58,45.374589743589745,45.46723595505618,44.519,45.247142857142855,45.247142857142855
3980.0,45.369,45.561,45.586999999999996,45.586999999999996,45.356,45.46161797752809,44.514,45.223035714285714,45.223035714285714
3985.0,45.3805,45.567,45.593999999999994,45.593999999999994,45.33741025641026,45.456,44.509,45.198928571428574,45.198928571428574
3990.0,45.391999999999996,45.573,45.601,45.601,45.318820512820515,45.41794029850747,44.504,45.17482142857143,45.17482142857143
3995.0,45.4035,45.579,45.608,45.608,45.30023076923077,45.37988059701493,44.505714285714284,45.13466666666667,45.13466666666667
4000.0,45.415,45.585,45.614999999999995,45.614999999999995,45.28164102564103,45.34182089552239,44.534285714285716,45.0905,45.0905
4005.0,45.418,45.5865,45.61599999999999,45.61599999999999,45.263051282051286,45.30376119402985,44.56285714285714,45.04633333333334,45.04633333333334
4010.0,45.421,45.588,45.617,45.617,45.24446153846154,45.26570149253732,44.59142857142857,45.00216666666667,45.00216666666667
4015.0,45.424,45.5895,45.617999999999995,45.617999999999995,45.2258717948718,45.22764179104478,44.62,44.958,44.958
4020.0,45.427,45.591,45.61899999999999,45.61899999999999,45.20728205128205,45.189582089552246,44.64857142857143,44.913833333333336,44.913833333333336
4025.0,45.43,45.5925,45.62,45.62,45.18869230769231,45.1515223880597,44.67714285714286,44.86966666666667,44.86966666666667
4030.0,45.433,45.594,45.620999999999995,45.620999999999995,45.170102564102564,45.11346268656717,44.705714285714286,44.8255,44.8255
4035.0,45.436,45.5955,45.62199999999999,45.62199999999999,45.15151282051282,45.07540298507463,44.73428571428572,44.781333333333336,44.781333333333336
4040.0,45.439,45.597,45.623,45.623,45.13292307692308,45.037343283582096,44.76285714285714,44.73716666666667,44.73716666666667
4045.0,45.442,45.5985,45.623999999999995,45.623999999999995,45.114333333333335,44.999283582089554,44.791428571428575,44.693,44.693
4050.0,45.445,45.599999999999994,45.625,45.625,45.09574358974359,44.96122388059702,44.82,44.648833333333336,44.648833333333336
4055.0,45.448,45.601499999999994,45.626,45.626,45.07715384615385,44.96168181818182,44.84857142857143,45.26,45.26
4060.0,45.451,45.602999999999994,45.626999999999995,45.626999999999995,45.069731343283586,44.987818181818184,44.87714285714286,45.24809523809524,45.24809523809524
4065.0,45.454,45.604499999999994,45.628,45.628,45.07905970149254,45.01395454545455,44.90571428571429,45.23619047619047,45.23619047619047
4070.0,45.457,45.605999999999995,45.629,45.629,45.088388059701494,45.040090909090914,44.934285714285714,45.22428571428571,45.22428571428571
4075.0,45.46,45.607499999999995,45.629999999999995,45.629999999999995,45.09771641791045,45.066227272727275,44.962857142857146,45.21238095238095,45.21238095238095
4080.0,45.463,45.608999999999995,45.631,45.631,45.10704477611941,45.092363636363636,44.99142857142857,45.20047619047619,45.20047619047619
4085.0,45.466,45.610499999999995,45.632,45.632,45.11637313432836,45.118500000000004,45.02,45.18857142857143,45.18857142857143
4090.0,45.469,45.611999999999995,45.632999999999996,45.632999999999996,45.12570149253732,45.144636363636366,45.00484848484849,45.17666666666666,45.17666666666666
4095.0,45.472,45.613499999999995,45.634,45.634,45.13502985074627,45.17077272727273,44.98969696969697,45.1647619047619,45.1647619047619
4100.0,45.475,45.614999999999995,45.635,45.635,45.144358208955225,45.18165656565657,44.974545454545456,45.164545454545454,45.164545454545454
4105.0,45.4705,45.607499999999995,45.64788659793814,45.64788659793814,45.15368656716418,45.18872727272728,44.95939393939394,45.17212121212121,45.17212121212121
4110.0,45.466,45.599999999999994,45.66077319587629,45.66077319587629,45.16301492537314,45.19579797979798,44.944242424242425,45.17969696969697,45.17969696969697
4115.0,45.4615,45.592499999999994,45.67365979381443,45.67365979381443,45.172343283582094,45.20286868686869,44.92909090909091,45.18727272727273,45.18727272727273
4120.0,45.457,45.584999999999994,45.68654639175258,45.68654639175258,45.18167164179105,45.20993939393939,45.48,45.194848484848485,45.194848484848485
4125.0,45.4525,45.57749999999999,45.69943298969072,45.69943298969072,45.191,45.2170101010101,45.46963414634146,45.20242424242424,45.20242424242424
4130.0,45.448,45.56999999999999,45.71231958762886,45.71231958762886,45.20032835820896,45.224080808080814,45.45926829268292,45.21,45.21
4135.0,45.4435,45.56249999999999,45.72520618556701,45.72520618556701,45.20965671641791,45.23115151515152,45.44890243902439,45.21757575757576,45.21757575757576
4140.0,45.439,45.55499999999999,45.73809278350515,45.73809278350515,45.218985074626865,45.23822222222223,45.43853658536585,45.225151515151516,45.225151515151516
4145.0,45.4345,45.54749999999999,45.750979381443294,45.750979381443294,45.228313432835826,45.24529292929293,45.42817073170732,45.232727272727274,45.232727272727274
4150.0,45.43,45.53999999999999,45.76386597938144,45.76386597938144,45.23764179104478,45.25236363636364,45.41780487804878,45.24030303030303,45.24030303030303
4155.0,45.4255,45.5325,45.776752577319584,45.776752577319584,45.246970149253734,45.25943434343434,45.40743902439024,45.24787878787879,45.24787878787879
4160.0,45.421,45.525,45.78963917525773,45.78963917525773,45.25629850746269,45.26650505050505,45.39707317073171,45.25545454545455,45.25545454545455
4165.0,45.4165,45.5175,45.802525773195875,45.802525773195875,45.26562686567164,45.27357575757576,45.38670731707317,45.263030303030305,45.263030303030305
4170.0,45.412,45.51,45.815412371134016,45.815412371134016,45.274955223880596,45.280646464646466,45.37634146341463,45.27060606060606,45.27060606060606
4175.0,45.4075,45.5025,45.828298969072165,45.828298969072165,45.28428358208956,45.287717171717176,45.3659756097561,45.27818181818182,45.27818181818182
4180.0,45.403,45.495,45.84118556701031,45.84118556701031,45.29361194029851,45.29478787878788,45.355609756097564,45.28575757575758,45.28575757575758
4185.0,45.3985,45.4875,45.85407216494845,45.85407216494845,45.302940298507465,45.30185858585859,45.34524390243902,45.29333333333334,45.29333333333334
4190.0,45.394,45.48,45.8669587628866,45.8669587628866,45.31226865671642,45.30892929292929,45.33487804878049,45.300909090909094,45.300909090909094
4195.0,45.3895,45.4725,45.87984536082474,45.87984536082474,45.2881,45.316,45.324512195121955,45.30848484848485,45.30848484848485
4200.0,45.385,45.464999999999996,44.235,44.235,45.241600000000005,44.79175757575758,45.31414634146342,44.38757575757576,44.38757575757576
4205.0,45.31441176470588,45.45388888888888,45.391,45.391,45.195100000000004,44.7680202020202,45.96,44.38151515151515,44.38151515151515
4210.0,45.24382352941176,45.44277777777778,45.451,45.451,45.1486,44.744282828282834,44.75,44.375454545454545,44.375454545454545
4215.0,45.173235294117646,45.431666666666665,45.510999999999996,45.510999999999996,45.1021,44.72054545454546,44.833333333333336,44.36939393939394,44.36939393939394
4220.0,45.47875,45.693,45.571,45.571,45.055600000000005,44.69680808080808,46.03,44.36333333333334,44.36333333333334
4225.0,46.035,45.82576923076923,45.787,45.787,45.009100000000004,44.673070707070714,44.845625,44.35727272727273,44.35727272727273
4230.0,44.7475,45.152692307692305,44.847,44.847,44.9626,44.64933333333334,44.52375,44.35121212121212,44.35121212121212
4235.0,44.505,44.479615384615386,44.3375,44.3375,44.9161,44.62559595959596,44.201875,44.345151515151514,44.345151515151514
4240.0,45.83,45.471666666666664,45.55,45.55,44.869600000000005,44.601858585858594,43.88,44.33909090909091,44.33909090909091
4245.0,45.79722222222222,45.695,45.622499999999995,45.622499999999995,44.823100000000004,44.57812121212122,43.877468354430384,44.333030303030306,44.333030303030306
4250.0,45.425,45.69318181818182,44.934999999999995,44.934999999999995,44.7766,44.55438383838384,43.874936708860766,44.3269696969697,44.3269696969697
4255.0,45.427,45.69136363636363,44.995999999999995,44.995999999999995,44.7301,44.53064646464647,43.87240506329114,44.32090909090909,44.32090909090909
4260.0,45.428999999999995,45.68954545454545,45.056999999999995,45.056999999999995,44.683600000000006,44.5069090909091,43.86987341772152,44.31484848484849,44.31484848484849
4265.0,45.431,45.68772727272727,45.117999999999995,45.117999999999995,44.637100000000004,44.48317171717172,43.8673417721519,44.30878787878788,44.30878787878788
4270.0,45.433,45.68590909090909,45.178999999999995,45.178999999999995,44.5906,44.459434343434346,43.864810126582285,44.302727272727275,44.302727272727275
4275.0,45.435,45.684090909090905,45.239999999999995,45.239999999999995,44.5441,44.43569696969698,43.86227848101266,44.29666666666667,44.29666666666667
4280.0,45.437,45.682272727272725,45.300999999999995,45.300999999999995,44.497600000000006,44.4119595959596,43.85974683544304,44.290606060606066,44.290606060606066
4285.0,45.439,45.680454545454545,45.361999999999995,45.361999999999995,44.451100000000004,44.388222222222225,43.85721518987342,44.28454545454546,44.28454545454546
4290.0,45.441,45.678636363636365,45.422999999999995,45.422999999999995,44.4046,44.36448484848486,43.8546835443038,44.27848484848485,44.27848484848485
4295.0,45.443,45.67681818181818,45.483999999999995,45.483999999999995,44.370400000000004,44.34074747474748,43.85215189873418,44.27242424242424,44.27242424242424
4300.0,45.445,45.675,45.544999999999995,45.544999999999995,44.3444,44.321964912280706,43.84962025316456,44.26266666666667,44.26266666666667
4305.0,45.431,45.656499999999994,45.535999999999994,45.535999999999994,44.318400000000004,44.30442105263158,43.84708860759494,44.25044444444445,44.25044444444445
4310.0,45.417,45.638,45.526999999999994,45.526999999999994,44.2924,44.28687719298246,43.84455696202532,44.23822222222223,44.23822222222223
4315.0,45.403,45.619499999999995,45.517999999999994,45.517999999999994,44.266400000000004,44.269333333333336,43.8420253164557,44.226,44.226
4320.0,45.389,45.601,45.50899999999999,45.50899999999999,44.2404,44.25178947368421,43.832727272727276,44.21377777777778,44.21377777777778
4325.0,45.375,45.582499999999996,45.49999999999999,45.49999999999999,44.214400000000005,44.23424561403509,43.79636363636364,44.20155555555556,44.20155555555556
4330.0,45.361,45.564,45.49099999999999,45.49099999999999,44.1884,44.216701754385966,43.760000000000005,44.18933333333333,44.18933333333333
4335.0,45.347,45.5455,45.48199999999999,45.48199999999999,44.162400000000005,44.19915789473684,43.723636363636366,44.17711111111111,44.17711111111111
4340.0,45.333,45.527,45.47299999999999,45.47299999999999,44.1364,44.181614035087726,43.68727272727273,44.16488888888889,44.16488888888889
4345.0,45.319,45.5085,45.46399999999999,45.46399999999999,44.110400000000006,44.1640701754386,45.23490909090909,44.14846153846153,44.14846153846153
4350.0,45.305,45.489999999999995,45.455,45.455,44.0844,44.14652631578948,45.222181818181824,44.129230769230766,44.129230769230766
4355.0,45.291,45.4715,45.446,45.446,44.058400000000006,44.128982456140356,45.20945454545455,44.11,44.11
4360.0,45.277,45.452999999999996,45.437,45.437,44.0324,44.11143859649123,45.19672727272727,44.090769230769226,44.090769230769226
4365.0,45.263,45.4345,45.428,45.428,44.006400000000006,44.09389473684211,45.184000000000005,44.07153846153846,44.07153846153846
4370.0,45.249,45.416,45.419,45.419,43.9804,44.076350877192986,45.17127272727273,44.05230769230769,44.05230769230769
4375.0,45.235,45.3975,45.41,45.41,43.95440000000001,44.05880701754386,45.158545454545454,44.03307692307692,44.03307692307692
4380.0,45.221,45.379,45.400999999999996,45.400999999999996,43.9284,44.04126315789474,45.145818181818186,44.01384615384615,44.01384615384615
4385.0,45.207,45.3605,45.391999999999996,45.391999999999996,43.90240000000001,44.02371929824562,45.13309090909091,43.994615384615386,43.994615384615386
4390.0,45.193,45.342,45.382999999999996,45.382999999999996,43.876400000000004,44.00617543859649,45.120363636363635,43.97538461538461,43.97538461538461
4395.0,45.179,45.3235,45.373999999999995,45.373999999999995,43.86390000000001,43.98863157894737,45.10763636363637,43.956153846153846,43.956153846153846
4400.0,45.165,45.305,45.364999999999995,45.364999999999995,43.860400000000006,43.97108771929825,45.10105263157895,43.93692307692307,43.93692307692307
4405.0,45.152,45.2955,45.354499999999994,45.354499999999994,43.85690000000001,43.95354385964912,45.10368421052632,43.917692307692306,43.917692307692306
4410.0,45.138999999999996,45.286,45.343999999999994,45.343999999999994,43.85340000000001,43.936,45.10631578947368,43.89846153846154,43.89846153846154
4415.0,45.126,45.2765,45.333499999999994,45.333499999999994,43.849900000000005,43.92611627906977,45.108947368421056,43.879230769230766,43.879230769230766
4420.0,45.113,45.266999999999996,45.32299999999999,45.32299999999999,43.84640000000001,43.916232558139534,45.11157894736842,43.86,43.86
4425.0,45.1,45.2575,45.3125,45.3125,43.84290000000001,43.9063488372093,45.11421052631579,43.84076923076923,43.84076923076923
4430.0,45.087,45.248,45.302,45.302,43.839400000000005,43.896465116279074,45.11684210526316,43.82153846153846,43.82153846153846
4435.0,45.074,45.238499999999995,45.2915,45.2915,43.83590000000001,43.88658139534884,45.119473684210526,43.80230769230769,43.80230769230769
4440.0,45.061,45.229,45.281,45.281,43.83240000000001,43.87669767441861,45.1221052631579,43.783076923076926,43.783076923076926
4445.0,45.048,45.2195,45.2705,45.2705,43.828900000000004,43.866813953488375,45.124736842105264,43.76384615384615,43.76384615384615
4450.0,45.035,45.209999999999994,45.26,45.26,43.82540000000001,43.85693023255814,45.12736842105263,43.744615384615386,43.744615384615386
4455.0,45.022,45.2005,45.2495,45.2495,43.82190000000001,43.84704651162791,45.13,43.72538461538461,43.72538461538461
4460.0,45.009,45.190999999999995,45.239,45.239,43.818400000000004,43.837162790697676,45.13263157894737,43.706153846153846,43.706153846153846
4465.0,44.996,45.1815,45.2285,45.2285,43.81490000000001,43.82727906976744,45.13526315789474,43.68692307692308,43.68692307692308
4470.0,44.983000000000004,45.172,45.217999999999996,45.217999999999996,43.811400000000006,43.817395348837216,45.13789473684211,43.667692307692306,43.667692307692306
4475.0,44.97,45.162499999999994,45.207499999999996,45.207499999999996,43.807900000000004,43.80751162790698,45.140344827586205,43.64846153846154,43.64846153846154
4480.0,44.957,45.153,45.197,45.197,43.80440000000001,43.79762790697675,45.14206896551724,43.62923076923077,43.62923076923077
4485.0,44.944,45.143499999999996,45.1865,45.1865,43.800900000000006,43.78774418604652,45.143793103448274,43.61,43.61
4490.0,44.931000000000004,45.13399999999999,45.176,45.176,43.7974,43.777860465116284,45.14551724137931,43.59076923076923,43.59076923076923
4495.0,44.918,45.1245,45.1655,45.1655,43.81941463414635,43.76797674418605,45.147241379310344,43.571538461538466,43.571538461538466
4500.0,44.905,45.114999999999995,45.155,45.155,43.85843902439025,43.75766666666667,45.14896551724138,43.56909090909091,43.56909090909091
4505.0,44.9125,45.12199999999999,45.162,45.162,43.89746341463415,43.74725000000001,45.150689655172414,43.591818181818184,43.591818181818184
4510.0,44.92,45.129,45.169,45.169,43.936487804878055,43.73683333333334,45.15241379310345,43.61454545454546,43.61454545454546
4515.0,44.9275,45.135999999999996,45.176,45.176,43.97551219512196,43.72641666666667,45.154137931034484,43.63727272727273,43.63727272727273
4520.0,44.935,45.142999999999994,45.183,45.183,44.01453658536586,43.71600000000001,45.15586206896552,43.660000000000004,43.660000000000004
4525.0,44.9425,45.14999999999999,45.19,45.19,44.05356097560976,43.70558333333334,45.15758620689655,43.68272727272728,43.68272727272728
4530.0,44.95,45.157,45.197,45.197,44.092585365853665,43.69516666666667,45.15931034482759,43.70545454545455,43.70545454545455
4535.0,44.9575,45.163999999999994,45.204,45.204,44.13160975609756,43.68475,45.16103448275862,43.728181818181824,43.728181818181824
4540.0,44.965,45.17099999999999,45.211,45.211,44.17063414634146,43.67433333333334,45.16275862068966,43.75090909090909,43.75090909090909
4545.0,44.972500000000004,45.178,45.217999999999996,45.217999999999996,44.209658536585366,43.69317948717949,45.16448275862069,43.77363636363636,43.77363636363636
4550.0,44.980000000000004,45.184999999999995,45.224999999999994,45.224999999999994,44.24868292682927,43.829076923076926,45.16620689655173,43.79636363636364,43.79636363636364
4555.0,44.9875,45.19199999999999,45.232,45.232,44.28770731707317,43.96497435897437,45.16793103448276,43.861875000000005,43.861875000000005
4560.0,44.995,45.199,45.239,45.239,44.32673170731707,44.1008717948718,45.1696551724138,43.9915625,43.9915625
4565.0,45.0025,45.205999999999996,45.245999999999995,45.245999999999995,44.365756097560975,44.236769230769234,45.17066666666667,44.12125,44.12125
4570.0,45.01,45.212999999999994,45.253,45.253,44.40478048780488,44.372666666666674,45.1715,44.2509375,44.2509375
4575.0,45.0175,45.22,45.26,45.26,44.608222222222224,44.50856410256411,45.172333333333334,44.380625,44.380625
4580.0,45.025,45.227,45.266999999999996,45.266999999999996,45.46933333333334,44.64446153846154,45.17316666666667,44.5103125,44.5103125
