task_id,original_price,original_probability,cost-neutral_price,cost-neutral_probability,balanced-5_price,balanced-5_probability,enhanced-10_price,enhanced-10_probability,enhanced-15_price,enhanced-15_probability,wide-10_price,wide-10_probability,wide-15_price,wide-15_probability,completion-first-20_price,completion-first-20_probability
A0001,66.0,0.34387688083547585,71.0,0.4069390834863085,71.0,0.4069390834863085,71.0,0.4069390834863085,71.0,0.4069390834863085,74.0,0.44646229261591164,74.0,0.44646229261591164,76.0,0.47322501972833325
A0002,65.5,0.20338947570449586,70.5,0.2505254225460459,70.5,0.2505254225460459,70.5,0.2505254225460459,70.5,0.2505254225460459,73.5,0.2820828587683909,73.5,0.2820828587683909,75.5,0.30441086413563767
A0003,65.5,0.233727943950429,70.5,0.2853761229769267,70.5,0.2853761229769267,70.5,0.2853761229769267,70.5,0.2853761229769267,73.5,0.31945236914812036,73.5,0.31945236914812036,75.5,0.3433237670941636
A0004,75.0,0.6403954115803158,70.0,0.576311453466878,77.0,0.6648210219596379,80.0,0.6998349225028104,80.0,0.6998349225028104,79.0,0.6883948348800218,83.0,0.7326619779032874,85.0,0.7532354182034354
A0005,65.5,0.2880077426430243,70.5,0.3462308572898056,70.5,0.3462308572898056,70.5,0.3462308572898056,70.5,0.3462308572898056,73.5,0.3836723382208787,73.5,0.3836723382208787,75.5,0.40945535127631777
A0006,75.0,0.6333425633786072,70.5,0.5754433700144126,77.5,0.6640285649749468,80.0,0.6933896960128784,80.0,0.6933896960128784,79.0,0.6818156476074644,83.0,0.7266463019384604,85.0,0.7475231562845813
A0007,65.5,0.24946316411310276,70.5,0.30321256062019547,70.5,0.30321256062019547,70.5,0.30321256062019547,70.5,0.30321256062019547,73.5,0.33841004906880834,73.5,0.33841004906880834,75.5,0.362942575403457
A0008,65.5,0.2978263221935654,70.5,0.35703898252839544,70.5,0.35703898252839544,70.5,0.35703898252839544,70.5,0.35703898252839544,73.5,0.3949431863927579,73.5,0.3949431863927579,75.5,0.42096627992101177
A0009,66.0,0.4856659436442267,71.0,0.5528219660516658,71.0,0.5528219660516658,71.0,0.5528219660516658,71.0,0.5528219660516658,74.0,0.5923618757150785,74.0,0.5923618757150785,76.0,0.6181044591104774
A0010,66.0,0.2454086352456056,71.0,0.2986320356754998,71.0,0.2986320356754998,71.0,0.2986320356754998,71.0,0.2986320356754998,74.0,0.3335523407141734,74.0,0.3335523407141734,76.0,0.3579232308015675
A0011,65.5,0.30074949324489186,70.5,0.3602451601398937,70.5,0.3602451601398937,70.5,0.3602451601398937,70.5,0.3602451601398937,73.5,0.3982788959576605,73.5,0.3982788959576605,75.5,0.4243676264575566
A0012,65.5,0.32836599966015273,70.5,0.3902756788622046,70.5,0.3902756788622046,70.5,0.3902756788622046,70.5,0.3902756788622046,73.5,0.42935214352023593,73.5,0.42935214352023593,75.5,0.45593402068549305
A0013,65.5,0.30464858219364105,70.5,0.36451349400241606,70.5,0.36451349400241606,70.5,0.36451349400241606,70.5,0.36451349400241606,73.5,0.4027141998188525,73.5,0.4027141998188525,75.5,0.4288863800201964
A0014,66.0,0.3538946921450922,71.0,0.4176246836989923,71.0,0.4176246836989923,71.0,0.4176246836989923,71.0,0.4176246836989923,74.0,0.45738531658153186,74.0,0.45738531658153186,76.0,0.48423002647072494
A0015,66.0,0.3575588052362898,71.0,0.421518158161241,71.0,0.421518158161241,71.0,0.421518158161241,71.0,0.421518158161241,74.0,0.46135582050127283,74.0,0.46135582050127283,76.0,0.48822388948380446
A0016,66.0,0.2975421482041851,71.0,0.3567270131806321,71.0,0.3567270131806321,71.0,0.3567270131806321,71.0,0.3567270131806321,74.0,0.394618424697849,74.0,0.394618424697849,76.0,0.4206349958590045
A0017,65.5,0.3172171268934915,70.5,0.37820848081654473,70.5,0.37820848081654473,70.5,0.37820848081654473,70.5,0.37820848081654473,73.5,0.4169028498264908,73.5,0.4169028498264908,75.5,0.44331273955453604
A0018,66.0,0.42929947724988227,71.0,0.4961804019916268,71.0,0.4961804019916268,71.0,0.4961804019916268,71.0,0.4961804019916268,74.0,0.5365297956685856,74.0,0.5365297956685856,76.0,0.5631982969181969
A0019,65.5,0.3054903846974125,70.5,0.3654337811310839,70.5,0.3654337811310839,70.5,0.3654337811310839,70.5,0.3654337811310839,73.5,0.4036696688862485,73.5,0.4036696688862485,75.5,0.42985925519726154
A0020,66.0,0.33034377042066937,71.0,0.3924084735621638,71.0,0.3924084735621638,71.0,0.3924084735621638,71.0,0.3924084735621638,74.0,0.43154734200101935,74.0,0.43154734200101935,76.0,0.458156010766681
A0021,66.0,0.4819434102540008,71.0,0.5491342601711875,71.0,0.5491342601711875,71.0,0.5491342601711875,71.0,0.5491342601711875,74.0,0.5887576776284094,74.0,0.5887576776284094,76.0,0.6145797756087332
A0022,65.0,0.3275887572736143,70.0,0.3894368653951949,70.0,0.3894368653951949,70.0,0.3894368653951949,70.0,0.3894368653951949,73.0,0.4284883657174973,73.0,0.4284883657174973,75.0,0.4550594105925863
A0023,65.5,0.3309005731411602,70.5,0.39300849333251753,70.5,0.39300849333251753,70.5,0.39300849333251753,70.5,0.39300849333251753,73.5,0.43216464082266554,73.5,0.43216464082266554,75.5,0.45878065289441894
A0024,66.5,0.2869924158129957,71.5,0.3451097637847019,71.5,0.3451097637847019,71.5,0.3451097637847019,71.5,0.3451097637847019,74.5,0.3825009405959868,74.5,0.3825009405959868,76.5,0.40825737848963034
A0025,67.5,0.31678504272222335,72.5,0.3777392808054602,72.5,0.3777392808054602,72.5,0.3777392808054602,72.5,0.3777392808054602,75.5,0.4164177945102531,75.5,0.4164177945102531,77.5,0.4428202921336942
A0026,66.0,0.33571165737841074,71.0,0.3981852006316604,71.0,0.3981852006316604,71.0,0.3981852006316604,71.0,0.3981852006316604,74.0,0.43748537860540726,74.0,0.43748537860540726,76.0,0.46416121993511983
A0027,65.5,0.30914305311687196,70.5,0.36942193701488546,70.5,0.36942193701488546,70.5,0.36942193701488546,70.5,0.36942193701488546,73.5,0.407806940249612,73.5,0.407806940249612,75.5,0.4340695635988757
A0028,66.5,0.2971875028109323,71.5,0.3563376091119544,71.5,0.3563376091119544,71.5,0.3563376091119544,71.5,0.3563376091119544,74.5,0.39421300610988097,74.5,0.39421300610988097,76.5,0.4202214021397526
A0029,66.0,0.38249502440983746,71.0,0.4478057518884154,71.0,0.4478057518884154,71.0,0.4478057518884154,71.0,0.4478057518884154,74.0,0.48803187491518546,74.0,0.48803187491518546,76.0,0.5149682292403339
A0030,68.0,0.46558912694938065,73.0,0.5328450634923262,73.0,0.5328450634923262,73.0,0.5328450634923262,73.0,0.5328450634923262,76.0,0.5727863167623747,76.0,0.5727863167623747,78.0,0.598928105763255
A0031,67.0,0.18878610481896674,72.0,0.23352982970614808,72.0,0.23352982970614808,72.0,0.23352982970614808,72.0,0.23352982970614808,75.0,0.2636996655685478,75.0,0.2636996655685478,77.0,0.2851505214451229
A0032,65.5,0.3172393822953606,70.5,0.3782326448556758,70.5,0.3782326448556758,70.5,0.3782326448556758,70.5,0.3782326448556758,73.5,0.4169278283940281,73.5,0.4169278283940281,75.5,0.44333809738315794
A0033,65.5,0.29643694837648693,70.5,0.35551323509798594,70.5,0.35551323509798594,70.5,0.35551323509798594,70.5,0.35551323509798594,73.5,0.3933545570748389,73.5,0.3933545570748389,75.5,0.4193455222085729
A0034,66.0,0.28606231427712586,71.0,0.344082205905634,71.0,0.344082205905634,71.0,0.344082205905634,71.0,0.344082205905634,74.0,0.38142689386905976,74.0,0.38142689386905976,76.0,0.4071586961829125
A0035,66.5,0.18857924564830555,71.5,0.23328804254253652,71.5,0.23328804254253652,71.5,0.23328804254253652,71.5,0.23328804254253652,74.5,0.26343737788549837,74.5,0.26343737788549837,76.5,0.2848751526783135
A0036,65.5,0.30537769569979883,70.5,0.3653106110647808,70.5,0.3653106110647808,70.5,0.3653106110647808,70.5,0.3653106110647808,73.5,0.40354180692168345,73.5,0.40354180692168345,75.5,0.42972907564987367
A0037,70.0,0.37897222081013954,75.0,0.44411404695698065,75.0,0.44411404695698065,75.0,0.44411404695698065,75.0,0.44411404695698065,78.0,0.4842993953128824,78.0,0.4842993953128824,80.0,0.5112354548202219
A0038,75.0,0.6362347546913619,70.5,0.5784883142830197,77.5,0.6668060454418957,80.0,0.6960355587095493,80.0,0.6960355587095493,79.0,0.6845159445038651,83.0,0.7291172947610015,85.0,0.7498703929985615
A0039,66.5,0.3142545645009321,71.5,0.3749891413150365,71.5,0.3749891413150365,71.5,0.3749891413150365,71.5,0.3749891413150365,74.5,0.41357321492618265,74.5,0.41357321492618265,76.5,0.43993131693253357
A0040,66.0,0.16361321684058475,71.0,0.20389031235318728,71.0,0.20389031235318728,71.0,0.20389031235318728,71.0,0.20389031235318728,74.0,0.23138697088321858,74.0,0.23138697088321858,76.0,0.2511057418527486
A0041,65.0,0.34921094147976967,70.0,0.41263615070258786,70.0,0.41263615070258786,70.0,0.41263615070258786,70.0,0.41263615070258786,73.0,0.4522906963890357,73.0,0.4522906963890357,75.0,0.47910040627156003
A0042,66.5,0.3542144556570546,71.5,0.41796478004192034,71.5,0.41796478004192034,71.5,0.41796478004192034,71.5,0.41796478004192034,74.5,0.4577323429355893,74.5,0.4577323429355893,76.5,0.4845792312406149
A0043,67.0,0.35342663101020555,72.0,0.41712675059172416,72.0,0.41712675059172416,72.0,0.41712675059172416,72.0,0.41712675059172416,75.0,0.45687716767167896,75.0,0.45687716767167896,77.0,0.48371864041648954
A0044,69.0,0.2540922299490726,74.0,0.3084291382483886,74.0,0.3084291382483886,74.0,0.3084291382483886,74.0,0.3084291382483886,77.0,0.34393327819579717,77.0,0.34393327819579717,79.0,0.36864309770648845
A0045,66.0,0.16211980819224617,71.0,0.20211810899762314,71.0,0.20211810899762314,71.0,0.20211810899762314,71.0,0.20211810899762314,74.0,0.22944464947859392,74.0,0.22944464947859392,76.0,0.24905153045247774
A0046,66.0,0.22187517934076026,71.0,0.27183333183068903,71.0,0.27183333183068903,71.0,0.27183333183068903,71.0,0.27183333183068903,74.0,0.30498260202164656,74.0,0.30498260202164656,76.0,0.3282943328097574
A0047,67.0,0.23200306350382158,72.0,0.2834110593934173,72.0,0.2834110593934173,72.0,0.2834110593934173,72.0,0.2834110593934173,75.0,0.3173568640890148,75.0,0.3173568640890148,77.0,0.3411501693210586
A0048,67.0,0.21804730338103784,72.0,0.2674397907998206,72.0,0.2674397907998206,72.0,0.2674397907998206,72.0,0.2674397907998206,75.0,0.3002742210839268,75.0,0.3002742210839268,77.0,0.32339351912380926
A0049,68.5,0.26410070112183537,73.5,0.3196606689319103,73.5,0.3196606689319103,73.5,0.3196606689319103,73.5,0.3196606689319103,76.5,0.3557925469996345,76.5,0.3557925469996345,78.5,0.38085977484024053
A0050,70.0,0.34821253315383494,75.0,0.41157108690269206,75.0,0.41157108690269206,75.0,0.41157108690269206,75.0,0.41157108690269206,78.0,0.45120190520512043,78.0,0.45120190520512043,80.0,0.4780034013941931
A0051,66.5,0.28336969029677,71.5,0.34110438399824,71.5,0.34110438399824,71.5,0.34110438399824,71.5,0.34110438399824,74.5,0.3783122852185615,74.5,0.3783122852185615,76.5,0.40397119132412623
A0052,65.5,0.3573140191915043,70.5,0.4212582969748071,70.5,0.4212582969748071,70.5,0.4212582969748071,70.5,0.4212582969748071,73.5,0.46109097548103106,73.5,0.46109097548103106,75.5,0.48795759307620884
A0053,70.0,0.39208653734566445,75.0,0.4578207783899891,75.0,0.4578207783899891,75.0,0.4578207783899891,75.0,0.4578207783899891,78.0,0.49813497566211323,78.0,0.49813497566211323,80.0,0.5250570736765864
A0054,67.0,0.4291243120165214,72.0,0.4960016648893455,72.0,0.4960016648893455,72.0,0.4960016648893455,72.0,0.4960016648893455,75.0,0.5363519971070972,75.0,0.5363519971070972,77.0,0.5630223966443318
A0055,67.0,0.36147931830333213,72.0,0.42567529429176004,72.0,0.42567529429176004,72.0,0.42567529429176004,72.0,0.42567529429176004,75.0,0.4655896302670061,75.0,0.4655896302670061,77.0,0.4924788315089452
A0056,73.0,0.5600612303460075,72.5,0.5534122876155934,78.0,0.6250037695078015,78.0,0.6250037695078015,78.0,0.6250037695078015,81.0,0.6620628131972078,81.0,0.6620628131972078,83.0,0.6857389171908389
A0057,66.0,0.3492715004496424,71.0,0.41270073360231885,71.0,0.41270073360231885,71.0,0.41270073360231885,71.0,0.41270073360231885,74.0,0.45235670585776144,74.0,0.45235670585776144,76.0,0.47916690539492673
A0058,69.0,0.4668250229441031,74.0,0.5340810696636942,74.0,0.5340810696636942,74.0,0.5340810696636942,74.0,0.5340810696636942,77.0,0.5740011325167572,77.0,0.5740011325167572,79.0,0.6001204816649802
A0059,66.0,0.18311325835559086,71.0,0.22688852142262456,71.0,0.22688852142262456,71.0,0.22688852142262456,71.0,0.22688852142262456,74.0,0.25648747784152387,74.0,0.25648747784152387,76.0,0.27757282153342594
A0060,65.5,0.2511663052790674,70.5,0.30513347240859306,70.5,0.30513347240859306,70.5,0.30513347240859306,70.5,0.30513347240859306,73.5,0.3404449961150665,73.5,0.3404449961150665,75.5,0.36504364593738614
A0061,65.5,0.342939686282654,70.5,0.40593635369196307,70.5,0.40593635369196307,70.5,0.40593635369196307,70.5,0.40593635369196307,73.5,0.4454353207864541,73.5,0.4454353207864541,75.5,0.47218900083716187
A0062,67.5,0.2412103013481761,72.5,0.29387778608408544,72.5,0.29387778608408544,72.5,0.29387778608408544,72.5,0.29387778608408544,75.5,0.3285025419162345,75.5,0.3285025419162345,77.5,0.35269973341507177
A0063,75.0,0.6362347546913619,70.5,0.5784883142830197,77.5,0.6668060454418957,80.0,0.6960355587095493,80.0,0.6960355587095493,79.0,0.6845159445038651,83.0,0.7291172947610015,85.0,0.7498703929985615
A0064,73.0,0.6134845029217783,70.0,0.5745218055677119,77.5,0.6691783200030623,78.0,0.6751155294995371,78.0,0.6751155294995371,79.0,0.6868213492229663,81.0,0.7095238988794779,83.0,0.7312247489190692
A0065,67.0,0.38418339099345467,72.0,0.4495725191211751,72.0,0.4495725191211751,72.0,0.4495725191211751,72.0,0.4495725191211751,75.0,0.48981657028527986,75.0,0.48981657028527986,77.0,0.516752004177818
A0066,67.0,0.31507648444236924,72.0,0.37588283905975606,72.0,0.37588283905975606,72.0,0.37588283905975606,72.0,0.37588283905975606,75.0,0.4144978848207188,75.0,0.4144978848207188,77.0,0.4408706141642394
A0067,65.0,0.16830278079226316,70.0,0.20944522694713083,70.0,0.20944522694713083,70.0,0.20944522694713083,70.0,0.20944522694713083,73.0,0.23746756551485737,73.0,0.23746756551485737,75.0,0.2575309005209875
A0068,65.5,0.35866017932934485,70.5,0.42268692224352195,70.5,0.42268692224352195,70.5,0.42268692224352195,70.5,0.42268692224352195,73.5,0.462546722140862,73.5,0.462546722140862,75.5,0.4894211289871249
A0069,66.0,0.31792539382127305,71.0,0.37897734063470834,71.0,0.37897734063470834,71.0,0.37897734063470834,71.0,0.37897734063470834,74.0,0.41769752921982994,74.0,0.41769752921982994,76.0,0.44411941747614186
A0070,66.5,0.27542653783411436,71.5,0.3322932841059656,71.5,0.3322932841059656,71.5,0.3322932841059656,71.5,0.3322932841059656,74.5,0.3690784334834348,74.5,0.3690784334834348,76.5,0.39450848114829085
A0071,70.0,0.47199727969547367,74.5,0.5325438809704127,75.0,0.5392448430798085,75.0,0.5392448430798085,75.0,0.5392448430798085,78.0,0.5790711704525835,78.0,0.5790711704525835,80.0,0.6050935278042969
A0072,66.5,0.27194359953242203,71.5,0.32841717387048547,71.5,0.32841717387048547,71.5,0.32841717387048547,71.5,0.32841717387048547,74.5,0.3650077996914159,74.5,0.3650077996914159,76.5,0.390330894114643
A0073,66.0,0.31329166660769076,71.0,0.3739416272951397,71.0,0.3739416272951397,71.0,0.3739416272951397,71.0,0.3739416272951397,74.0,0.4124890516499065,74.0,0.4124890516499065,76.0,0.43882976282984903
A0074,66.5,0.1831959069773866,71.5,0.22698543801149554,71.5,0.22698543801149554,71.5,0.22698543801149554,71.5,0.22698543801149554,74.5,0.25659284149604267,74.5,0.25659284149604267,76.5,0.2776836119839166
A0075,66.5,0.1714237570551179,71.5,0.2131336281070874,71.5,0.2131336281070874,71.5,0.2131336281070874,71.5,0.2131336281070874,74.5,0.24149870036137913,74.5,0.24149870036137913,76.5,0.2617856941521558
A0076,68.5,0.3210909729524561,73.5,0.38240999342272364,73.5,0.38240999342272364,73.5,0.38240999342272364,73.5,0.38240999342272364,76.5,0.421243005076388,76.5,0.421243005076388,78.5,0.44771672878564783
A0077,65.5,0.38068887316689853,70.5,0.44591390335868286,70.5,0.44591390335868286,70.5,0.44591390335868286,70.5,0.44591390335868286,73.5,0.4861196912414419,73.5,0.4861196912414419,75.5,0.5130562698845273
A0078,66.5,0.27542653783411436,71.5,0.3322932841059656,71.5,0.3322932841059656,71.5,0.3322932841059656,71.5,0.3322932841059656,74.5,0.3690784334834348,74.5,0.3690784334834348,76.5,0.39450848114829085
A0079,71.0,0.6018657863993655,69.5,0.582347101165284,76.0,0.6643357918359845,76.0,0.6643357918359845,76.0,0.6643357918359845,78.0,0.6879277123831807,79.0,0.6993774603959946,81.0,0.7215388356538496
A0080,66.0,0.1573267970865545,71.0,0.19641977848028191,71.0,0.19641977848028191,71.0,0.19641977848028191,71.0,0.19641977848028191,74.0,0.2231914090787271,74.0,0.2231914090787271,76.0,0.24243204885786243
A0081,70.0,0.3040328115335603,75.0,0.36384003523668396,75.0,0.36384003523668396,75.0,0.36384003523668396,75.0,0.36384003523668396,78.0,0.40201481140103934,78.0,0.40201481140103934,80.0,0.4281741223652655
A0082,67.0,0.22425059405349143,72.0,0.27455488321764704,72.0,0.27455488321764704,72.0,0.27455488321764704,72.0,0.27455488321764704,75.0,0.30789570527675947,75.0,0.30789570527675947,77.0,0.3313239546299564
A0083,66.0,0.13192477859790244,71.0,0.16594882222640955,71.0,0.16594882222640955,71.0,0.16594882222640955,71.0,0.16594882222640955,74.0,0.18954695391816448,74.0,0.18954695391816448,76.0,0.2066588152113862
A0084,65.5,0.1593970224064326,70.5,0.1988830095287984,70.5,0.1988830095287984,70.5,0.1988830095287984,70.5,0.1988830095287984,73.5,0.225895994975713,73.5,0.225895994975713,75.5,0.24529616470017288
A0085,66.0,0.21492980281686525,71.0,0.2638543952345199,71.0,0.2638543952345199,71.0,0.2638543952345199,71.0,0.2638543952345199,74.0,0.29642675593829454,74.0,0.29642675593829454,76.0,0.3193850352967751
A0086,66.5,0.27971076199582023,71.5,0.33705059383118086,71.5,0.33705059383118086,71.5,0.33705059383118086,71.5,0.33705059383118086,74.5,0.3740673444743194,74.5,0.3740673444743194,76.5,0.39962340969736937
A0087,66.0,0.2682750281359248,71.0,0.32432613849090935,71.0,0.32432613849090935,71.0,0.32432613849090935,71.0,0.32432613849090935,74.0,0.36070577216108046,74.0,0.36070577216108046,76.0,0.38591179297939915
A0088,70.0,0.2780193209042142,75.0,0.3351737619470547,75.0,0.3351737619470547,75.0,0.3351737619470547,75.0,0.3351737619470547,78.0,0.37210008181726506,78.0,0.37210008181726506,80.0,0.39760712025537653
A0089,66.5,0.18681407796985353,71.5,0.23122363840325727,71.5,0.23122363840325727,71.5,0.23122363840325727,71.5,0.23122363840325727,74.5,0.2611970673220209,74.5,0.2611970673220209,76.5,0.2825224605359629
A0090,70.0,0.42878784171094086,75.0,0.4956582855155502,75.0,0.4956582855155502,75.0,0.4956582855155502,75.0,0.4956582855155502,78.0,0.5360103920153695,78.0,0.5360103920153695,80.0,0.5626844199135307
A0091,65.5,0.1545187350229853,70.5,0.19307383169796474,70.5,0.19307383169796474,70.5,0.19307383169796474,70.5,0.19307383169796474,73.5,0.21951399438511585,73.5,0.21951399438511585,75.5,0.23853496265957336
A0092,67.0,0.43707132078004485,72.0,0.504093556966988,72.0,0.504093556966988,72.0,0.504093556966988,72.0,0.504093556966988,75.0,0.5443911311175218,75.0,0.5443911311175218,77.0,0.5709690000940457
A0093,70.0,0.38592624733982633,75.0,0.45139457765289254,75.0,0.45139457765289254,75.0,0.45139457765289254,75.0,0.45139457765289254,78.0,0.4916560440969293,78.0,0.4916560440969293,80.0,0.5185898112532968
A0094,66.0,0.203666331902746,71.0,0.2508462366591816,71.0,0.2508462366591816,71.0,0.2508462366591816,71.0,0.2508462366591816,74.0,0.2824288557888601,74.0,0.2824288557888601,76.0,0.3047726217748604
A0095,65.5,0.30687230611320443,70.5,0.36694359582787905,70.5,0.36694359582787905,70.5,0.36694359582787905,70.5,0.36694359582787905,73.5,0.40523657481087877,73.5,0.40523657481087877,75.5,0.4314542682291854
A0096,67.0,0.44212263313020755,72.0,0.5092187739797797,72.0,0.5092187739797797,72.0,0.5092187739797797,72.0,0.5092187739797797,75.0,0.5494720926925267,75.0,0.5494720926925267,77.0,0.5759844224664332
A0097,65.5,0.3441379556959603,70.5,0.40721832099367317,70.5,0.40721832099367317,70.5,0.40721832099367317,70.5,0.40721832099367317,73.5,0.4467482209419058,73.5,0.4467482209419058,75.5,0.4735134259175802
A0098,65.5,0.3532673263033104,70.5,0.4169572493138885,70.5,0.4169572493138885,70.5,0.4169572493138885,70.5,0.4169572493138885,73.5,0.4567041699590409,73.5,0.4567041699590409,75.5,0.4835445278002285
A0099,66.0,0.2682750281359248,71.0,0.32432613849090935,71.0,0.32432613849090935,71.0,0.32432613849090935,71.0,0.32432613849090935,74.0,0.36070577216108046,74.0,0.36070577216108046,76.0,0.38591179297939915
A0100,66.0,0.14634825543612826,71.0,0.18330667638268597,71.0,0.18330667638268597,71.0,0.18330667638268597,71.0,0.18330667638268597,74.0,0.20875532188845086,74.0,0.20875532188845086,76.0,0.22711532263693895
A0101,66.5,0.43177728743312455,71.5,0.49870690843961596,71.5,0.49870690843961596,71.5,0.49870690843961596,71.5,0.49870690843961596,74.5,0.5390419385936284,74.5,0.5390419385936284,76.5,0.5656829018594913
A0102,70.0,0.3034001307596933,75.0,0.3631478379293676,75.0,0.3631478379293676,75.0,0.3631478379293676,75.0,0.3631478379293676,78.0,0.4012958010361129,78.0,0.4012958010361129,80.0,0.4274417686792155
A0103,66.0,0.4194513844926117,71.0,0.4861048865766162,71.0,0.4861048865766162,71.0,0.4861048865766162,71.0,0.4861048865766162,74.0,0.5264911500613463,74.0,0.5264911500613463,76.0,0.5532563158604008
A0104,70.0,0.41116594391149625,75.0,0.4775859399259605,75.0,0.4775859399259605,75.0,0.4775859399259605,75.0,0.4775859399259605,78.0,0.5179778263570761,78.0,0.5179778263570761,80.0,0.5448081602830018
A0105,65.0,0.35003292772986316,70.0,0.4135125688013976,70.0,0.4135125688013976,70.0,0.4135125688013976,70.0,0.4135125688013976,73.0,0.4531863546845487,73.0,0.4531863546845487,75.0,0.4800026275033611
A0106,67.5,0.21526292588488677,72.5,0.26423782487895464,72.5,0.26423782487895464,72.5,0.26423782487895464,72.5,0.26423782487895464,75.5,0.29683843276676214,75.5,0.29683843276676214,77.5,0.3198141032542102
A0107,70.0,0.25694538673339096,75.0,0.31163752052407945,75.0,0.31163752052407945,75.0,0.31163752052407945,75.0,0.31163752052407945,78.0,0.34732550093839765,78.0,0.34732550093839765,80.0,0.3721407923521926
A0108,66.0,0.2152456812450045,71.0,0.2642179778577359,71.0,0.2642179778577359,71.0,0.2642179778577359,71.0,0.2642179778577359,74.0,0.2968171249186847,74.0,0.2968171249186847,76.0,0.3197918962185883
A0109,65.5,0.27441375043997424,70.5,0.33116696165222514,70.5,0.33116696165222514,70.5,0.33116696165222514,70.5,0.33116696165222514,73.5,0.367896125611438,73.5,0.367896125611438,75.5,0.39329549169011224
A0110,68.5,0.25398896338708526,73.5,0.30831291630113566,73.5,0.30831291630113566,73.5,0.30831291630113566,73.5,0.30831291630113566,76.5,0.34381032872308315,76.5,0.34381032872308315,78.5,0.3685162766551843
A0111,70.5,0.42341031988182004,75.5,0.4901617678973328,75.5,0.4901617678973328,75.5,0.4901617678973328,75.5,0.4901617678973328,78.5,0.5305371162977371,78.5,0.5305371162977371,80.5,0.5572658994419336
A0112,65.5,0.3073771089076671,70.5,0.3674948229899317,70.5,0.3674948229899317,70.5,0.3674948229899317,70.5,0.3674948229899317,73.5,0.4058084514008051,73.5,0.4058084514008051,75.5,0.4320362676958347
A0113,66.5,0.19630592578653921,71.5,0.24229956746230366,71.5,0.24229956746230366,71.5,0.24229956746230366,71.5,0.24229956746230366,74.5,0.2731985385395398,74.5,0.2731985385395398,76.5,0.2951123888457163
A0114,66.5,0.3407442277525731,71.5,0.4035853147343376,71.5,0.4035853147343376,71.5,0.4035853147343376,71.5,0.4035853147343376,74.5,0.4430261198054987,74.5,0.4430261198054987,76.5,0.4697576713833032
A0115,67.0,0.23834736500424775,72.0,0.29062916559038776,72.0,0.29062916559038776,72.0,0.29062916559038776,72.0,0.29062916559038776,75.0,0.32504735993262357,75.0,0.32504735993262357,77.0,0.3491223674542231
A0116,66.0,0.2433546266188059,71.0,0.29630748311960287,71.0,0.29630748311960287,71.0,0.29630748311960287,71.0,0.29630748311960287,74.0,0.33108428229285064,74.0,0.33108428229285064,76.0,0.35537100104591296
A0117,67.0,0.4399848538143606,72.0,0.5070514373985054,72.0,0.5070514373985054,72.0,0.5070514373985054,72.0,0.5070514373985054,75.0,0.5473244947235136,75.0,0.5473244947235136,77.0,0.5738651924455789
A0118,65.5,0.30716710979143497,70.5,0.3672655303212563,70.5,0.3672655303212563,70.5,0.3672655303212563,70.5,0.3672655303212563,73.5,0.40557058186170464,73.5,0.40557058186170464,75.5,0.4317941963860136
A0119,66.0,0.28065005710136054,71.0,0.3380920604550977,71.0,0.3380920604550977,71.0,0.3380920604550977,71.0,0.3380920604550977,74.0,0.3751584640747875,74.0,0.3751584640747875,76.0,0.40074134817314866
A0120,65.5,0.3359776924317627,70.5,0.39847104617353873,70.5,0.39847104617353873,70.5,0.39847104617353873,70.5,0.39847104617353873,73.5,0.4377789139788899,73.5,0.4377789139788899,75.5,0.4644578753380244
A0121,65.0,0.3469024743054677,70.0,0.41017266531064406,70.0,0.41017266531064406,70.0,0.41017266531064406,70.0,0.41017266531064406,73.0,0.4497717532823302,73.0,0.4497717532823302,75.0,0.476562067675885
A0122,66.5,0.3252199156114404,71.5,0.3868781105963999,71.5,0.3868781105963999,71.5,0.3868781105963999,71.5,0.3868781105963999,74.5,0.42585198766200805,74.5,0.42585198766200805,76.5,0.4523889566902706
A0123,65.5,0.28951613711033986,70.5,0.34789518837616873,70.5,0.34789518837616873,70.5,0.34789518837616873,70.5,0.34789518837616873,73.5,0.38541054780618894,73.5,0.38541054780618894,75.5,0.4112324312805423
A0124,66.0,0.2826125332949368,71.0,0.3402662088257545,71.0,0.3402662088257545,71.0,0.3402662088257545,71.0,0.3402662088257545,74.0,0.3774350544206587,74.0,0.3774350544206587,76.0,0.403073038266326
A0125,66.0,0.3513136233018622,71.0,0.41487727106918715,71.0,0.41487727106918715,71.0,0.41487727106918715,71.0,0.41487727106918715,74.0,0.45458050535436867,74.0,0.45458050535436867,76.0,0.48140664587880116
A0126,75.0,0.9784688125315553,70.0,0.9719973873796012,70.0,0.9719973873796012,70.0,0.9719973873796012,80.0,0.9834701198787095,67.0,0.9672450130769978,67.0,0.9672450130769978,65.0,0.9636531595242478
A0127,65.5,0.4020942651284212,70.5,0.46821407148763483,70.5,0.46821407148763483,70.5,0.46821407148763483,70.5,0.46821407148763483,73.5,0.508584975896147,73.5,0.508584975896147,75.5,0.5354692570721176
A0128,65.5,0.5057327559014118,70.5,0.5725745786699081,70.5,0.5725745786699081,70.5,0.5725745786699081,70.5,0.5725745786699081,73.5,0.6115950413777212,73.5,0.6115950413777212,75.5,0.636867610023731
A0129,66.5,0.7558177535250576,65.0,0.740593599069542,65.0,0.740593599069542,71.5,0.8020754159515362,71.5,0.8020754159515362,65.5,0.7457361213311775,72.5,0.8104908583989304,74.5,0.8264932514499417
A0130,65.0,0.5082343732937712,70.0,0.5750221759709714,70.0,0.5750221759709714,70.0,0.5750221759709714,70.0,0.5750221759709714,73.0,0.6139698402124293,73.0,0.6139698402124293,75.0,0.6391790495898109
A0131,65.5,0.404755326944641,70.5,0.4709680334865385,70.5,0.4709680334865385,70.5,0.4709680334865385,70.5,0.4709680334865385,73.5,0.5113480638986766,73.5,0.5113480638986766,75.5,0.5382184340639338
A0132,65.0,0.3559048164516772,70.0,0.4197616192625296,70.0,0.4197616192625296,70.0,0.4197616192625296,70.0,0.4197616192625296,73.0,0.4595651553659033,73.0,0.4595651553659033,75.0,0.48642311417549533
A0133,75.0,0.8331527771759966,70.0,0.7922772810156511,70.0,0.7922772810156511,78.0,0.8544324439973326,80.0,0.8673317182498591,67.0,0.7644167258118852,72.0,0.8094560778742608,74.0,0.8255270393593659
A0134,65.0,0.3793585232328466,70.0,0.44451922210947625,70.0,0.44451922210947625,70.0,0.44451922210947625,70.0,0.44451922210947625,73.0,0.48470926473585646,73.0,0.48470926473585646,75.0,0.5116455034975494
A0135,65.5,0.3889136647270611,70.5,0.4545136770817698,70.5,0.4545136770817698,70.5,0.4545136770817698,70.5,0.4545136770817698,73.5,0.49480242757504656,73.5,0.49480242757504656,75.5,0.5217316553605927
A0136,68.5,0.5507384146661829,70.5,0.5772335605814748,73.5,0.616113859342508,73.5,0.616113859342508,73.5,0.616113859342508,76.5,0.6535644768555402,76.5,0.6535644768555402,78.5,0.6775459941306823
A0137,65.5,0.4731902293941825,70.5,0.540433791197886,70.5,0.540433791197886,70.5,0.540433791197886,70.5,0.540433791197886,73.5,0.5802373476738695,73.5,0.5802373476738695,75.5,0.606236634138901
A0138,65.5,0.4463585836433216,70.5,0.5135058539482067,70.5,0.5135058539482067,70.5,0.5135058539482067,70.5,0.5135058539482067,73.5,0.5537157156708481,73.5,0.5537157156708481,75.5,0.5801691257549304
A0139,68.0,0.49224657926127313,72.5,0.5526718200187526,73.0,0.5593230085073626,73.0,0.5593230085073626,73.0,0.5593230085073626,76.0,0.5987053589305004,76.0,0.5987053589305004,78.0,0.6243014201449085
A0140,69.0,0.5485330393213662,70.5,0.5684609617007814,74.0,0.6140044813404328,74.0,0.6140044813404328,74.0,0.6140044813404328,77.0,0.6515444974686883,77.0,0.6515444974686883,79.0,0.675596438794203
A0141,66.5,0.6060829322167278,66.5,0.6060829322167278,71.5,0.6682559621974169,71.5,0.6682559621974169,71.5,0.6682559621974169,74.5,0.7030712994841519,74.5,0.7030712994841519,76.5,0.7250674166229283
A0142,65.0,0.38833146432850324,70.0,0.4539062175609971,70.0,0.4539062175609971,70.0,0.4539062175609971,70.0,0.4539062175609971,73.0,0.49418990447792466,73.0,0.49418990447792466,75.0,0.5211201829364535
A0143,66.0,0.5801984601805974,67.5,0.599748544468325,71.0,0.6440576105481691,71.0,0.6440576105481691,71.0,0.6440576105481691,74.0,0.6801971514571017,74.0,0.6801971514571017,76.0,0.7031723662412767
A0144,65.0,0.33596493804452554,70.0,0.39845734299412094,70.0,0.39845734299412094,70.0,0.39845734299412094,70.0,0.39845734299412094,73.0,0.43776484278384836,73.0,0.43776484278384836,75.0,0.46444365500902146
A0145,65.0,0.4959342506398927,70.0,0.5629560479827308,70.0,0.5629560479827308,70.0,0.5629560479827308,70.0,0.5629560479827308,73.0,0.6022446113257179,73.0,0.6022446113257179,75.0,0.627755283741244
A0146,66.0,0.4413963501165255,71.0,0.5084827320470056,71.0,0.5084827320470056,71.0,0.5084827320470056,71.0,0.5084827320470056,74.0,0.5487429222824846,74.0,0.5487429222824846,76.0,0.5752649930932215
A0147,66.0,0.5376140340488659,69.5,0.5840308553969226,71.0,0.6035244249645121,71.0,0.6035244249645121,71.0,0.6035244249645121,74.0,0.6414885558061209,74.0,0.6414885558061209,76.0,0.6658786554489343
A0148,66.0,0.4621593070682689,71.0,0.52941060789483,71.0,0.52941060789483,71.0,0.52941060789483,71.0,0.52941060789483,74.0,0.5694082112959464,74.0,0.5694082112959464,76.0,0.595610772544775
A0149,66.0,0.46210870399836745,71.0,0.5293598887150341,71.0,0.5293598887150341,71.0,0.5293598887150341,71.0,0.5293598887150341,74.0,0.5693582963672348,74.0,0.5693582963672348,76.0,0.5955617376300415
A0150,73.0,0.7008769654085474,68.0,0.6415381092336442,72.5,0.6951979908250329,78.0,0.754157200490473,78.0,0.754157200490473,74.0,0.712050478266547,81.0,0.7828864567985505,83.0,0.8006464650223359
A0151,66.5,0.6060829322167278,66.5,0.6060829322167278,71.5,0.6682559621974169,71.5,0.6682559621974169,71.5,0.6682559621974169,74.5,0.7030712994841519,74.5,0.7030712994841519,76.5,0.7250674166229283
A0152,65.5,0.5890740467341055,67.0,0.6084897092023247,70.5,0.652391955195666,70.5,0.652391955195666,70.5,0.652391955195666,73.5,0.688095093382138,73.5,0.688095093382138,75.5,0.7107441952620657
A0153,70.5,0.7910976022096391,65.5,0.7430960552916883,65.5,0.7430960552916883,75.5,0.8321560564922973,75.5,0.8321560564922973,65.5,0.7430960552916883,72.5,0.8083503597037994,74.5,0.8244943599207593
A0154,67.0,0.5462033824414392,69.5,0.5793383521175771,72.0,0.6117735584078553,72.0,0.6117735584078553,72.0,0.6117735584078553,75.0,0.6494066551740966,75.0,0.6494066551740966,77.0,0.6735322206436709
A0155,66.5,0.6060829322167278,66.5,0.6060829322167278,71.5,0.6682559621974169,71.5,0.6682559621974169,71.5,0.6682559621974169,74.5,0.7030712994841519,74.5,0.7030712994841519,76.5,0.7250674166229283
A0156,65.5,0.588140613559886,67.0,0.6075709986443864,70.5,0.6515172650417101,70.5,0.6515172650417101,70.5,0.6515172650417101,73.5,0.6872671773356213,73.5,0.6872671773356213,75.5,0.7099510568505827
A0157,73.5,0.6735870366655204,68.5,0.6118327678968322,74.5,0.6853222591763961,78.5,0.7298546044484191,78.5,0.7298546044484191,76.0,0.7024871000401278,81.5,0.7605220417490073,83.5,0.7795964402341401
A0158,69.0,0.5638868225343464,70.0,0.5770897943423439,74.0,0.6286390905958236,74.0,0.6286390905958236,74.0,0.6286390905958236,77.0,0.6655311307155957,77.0,0.6655311307155957,79.0,0.6890783576368835
A0159,66.0,0.37603209886959127,71.0,0.44102744439247177,71.0,0.44102744439247177,71.0,0.44102744439247177,71.0,0.44102744439247177,74.0,0.4811752564859976,74.0,0.4811752564859976,76.0,0.508108757995051
A0160,70.0,0.9576578967106328,65.0,0.9452813251292579,65.0,0.9452813251292579,65.0,0.9452813251292579,75.0,0.9673318122211206,65.0,0.9452813251292579,65.0,0.9452813251292579,65.0,0.9452813251292579
A0161,75.0,0.754635507958852,70.0,0.7014178929965192,70.0,0.7014178929965192,80.0,0.8010581835733195,80.0,0.8010581835733195,71.5,0.7180659485010177,79.5,0.7967295724131307,81.5,0.8136267781319664
A0162,70.0,0.5564890287157306,71.0,0.5697450758780488,75.0,0.62160261114203,75.0,0.62160261114203,75.0,0.62160261114203,78.0,0.658814288923702,78.0,0.658814288923702,80.0,0.6826088788500911
A0163,66.0,0.5366622423923179,69.5,0.5831005174142022,71.0,0.6026080197471565,71.0,0.6026080197471565,71.0,0.6026080197471565,74.0,0.6406076461920274,74.0,0.6406076461920274,76.0,0.6650263813256592
A0164,66.5,0.9675319539143257,65.0,0.9648945590658814,65.0,0.9648945590658814,65.0,0.9648945590658814,71.5,0.9750088111203187,65.0,0.9648945590658814,65.0,0.9648945590658814,65.0,0.9648945590658814
A0165,65.5,0.6036912976785431,66.0,0.6101190406203832,70.5,0.6660338064100394,70.5,0.6660338064100394,70.5,0.6660338064100394,73.5,0.7009779985497696,73.5,0.7009779985497696,75.5,0.7230681048637055
A0166,69.0,0.7730226265689021,65.0,0.7330031357488984,65.0,0.7330031357488984,74.0,0.8168109704957353,74.0,0.8168109704957353,66.0,0.7434159258464027,73.0,0.8086099083077486,75.0,0.8247367852942129
A0167,70.0,0.7077694755991975,65.0,0.6491133998017051,70.0,0.7077694755991975,75.0,0.7602419831738579,75.0,0.7602419831738579,71.5,0.7242026355580619,78.0,0.788459624401757,80.0,0.8058767856996827
A0168,74.5,0.6283678658452875,70.5,0.5768062654644411,77.5,0.6652725033714227,79.5,0.6888294250179808,79.5,0.6888294250179808,79.0,0.6830251659776989,82.5,0.722382623343752,84.5,0.7434701497531684
A0169,74.0,0.7285944773510937,69.0,0.6721823307983706,71.5,0.7011515854790327,79.0,0.7784979227627544,79.0,0.7784979227627544,73.0,0.7178085157095668,80.5,0.792121942095416,82.5,0.8093104935846116
A0170,65.5,0.48733495499357715,70.5,0.5544729668540158,70.5,0.5544729668540158,70.5,0.5544729668540158,70.5,0.5544729668540158,73.5,0.5939741122432076,73.5,0.5939741122432076,75.5,0.619680250371213
A0171,67.5,0.3598976843665047,72.5,0.4239992920923697,72.5,0.4239992920923697,72.5,0.4239992920923697,72.5,0.4239992920923697,75.5,0.4638834077481384,75.5,0.4638834077481384,77.5,0.4907645611759248
A0172,65.5,0.6036912976785431,66.0,0.6101190406203832,70.5,0.6660338064100394,70.5,0.6660338064100394,70.5,0.6660338064100394,73.5,0.7009779985497696,73.5,0.7009779985497696,75.5,0.7230681048637055
A0173,66.5,0.5875112226769804,67.5,0.6005056861818638,71.5,0.6509272419260532,71.5,0.6509272419260532,71.5,0.6509272419260532,74.5,0.6867085769271476,74.5,0.6867085769271476,76.5,0.7094158428286658
A0174,65.5,0.5655556441152435,68.0,0.598316734878732,70.5,0.6302226178010523,70.5,0.6302226178010523,70.5,0.6302226178010523,73.5,0.6670406663539887,73.5,0.6670406663539887,75.5,0.6905310361505627
A0175,65.0,0.5487046329151206,68.5,0.5948471429227548,70.0,0.6141686939140293,70.0,0.6141686939140293,70.0,0.6141686939140293,73.0,0.6517017989152087,73.0,0.6517017989152087,75.0,0.67574828608073
A0176,67.5,0.684773415294618,65.0,0.654997720861478,69.5,0.7075612106237361,72.5,0.7398573865636435,72.5,0.7398573865636435,71.0,0.7240015151078641,75.5,0.7697475238907282,77.5,0.78829166402083
A0177,66.0,0.34031133459456475,71.0,0.4031214038601199,71.0,0.4031214038601199,71.0,0.4031214038601199,71.0,0.4031214038601199,74.0,0.4425505130178502,74.0,0.4425505130178502,76.0,0.469277546145567
A0178,70.0,0.9754960870364047,65.0,0.968160252237406,65.0,0.968160252237406,65.0,0.968160252237406,75.0,0.9811746198446106,65.0,0.968160252237406,65.0,0.968160252237406,65.0,0.968160252237406
A0179,67.0,0.5795971200632288,68.0,0.5926680439638772,72.0,0.6434915374926904,72.0,0.6434915374926904,72.0,0.6434915374926904,75.0,0.6796599663678462,75.0,0.6796599663678462,77.0,0.7026569031437339
A0180,65.0,0.3546043370879838,70.0,0.4183793708956393,70.0,0.4183793708956393,70.0,0.4183793708956393,70.0,0.4183793708956393,73.0,0.458155329559706,73.0,0.458155329559706,75.0,0.48500483766398905
A0181,65.5,0.4341988130192278,70.5,0.5011727262753314,70.5,0.5011727262753314,70.5,0.5011727262753314,70.5,0.5011727262753314,73.5,0.5414917638696318,73.5,0.5414917638696318,75.5,0.5681045835682712
A0182,65.5,0.42174765618907595,70.5,0.4884590393354843,70.5,0.4884590393354843,70.5,0.4884590393354843,70.5,0.4884590393354843,73.5,0.528839615007663,73.5,0.528839615007663,75.5,0.5555840866855086
A0183,65.5,0.3889136647270611,70.5,0.4545136770817698,70.5,0.4545136770817698,70.5,0.4545136770817698,70.5,0.4545136770817698,73.5,0.49480242757504656,73.5,0.49480242757504656,75.5,0.5217316553605927
A0184,65.0,0.43912431226825327,70.0,0.5061782857024014,70.0,0.5061782857024014,70.0,0.5061782857024014,70.0,0.5061782857024014,73.0,0.5464588711751724,73.0,0.5464588711751724,75.0,0.5730107273063912
A0185,65.5,0.4364681912443851,70.5,0.50348066043081,70.5,0.50348066043081,70.5,0.50348066043081,70.5,0.50348066043081,73.5,0.5437829647623906,73.5,0.5437829647623906,75.5,0.5703683124674555
A0186,65.0,0.49432574084783687,70.0,0.5613722515844576,70.0,0.5613722515844576,70.0,0.5613722515844576,70.0,0.5613722515844576,73.0,0.6007022057262733,73.0,0.6007022057262733,75.0,0.6262504107069699
A0187,65.5,0.49825169770452216,70.5,0.5652354891287242,70.5,0.5652354891287242,70.5,0.5652354891287242,70.5,0.5652354891287242,73.5,0.6044631128030615,73.5,0.6044631128030615,75.5,0.6299189339519944
A0188,65.5,0.5025509405628664,70.5,0.5694567364458893,70.5,0.5694567364458893,70.5,0.5694567364458893,70.5,0.5694567364458893,73.5,0.6085672469064487,73.5,0.6085672469064487,75.5,0.6339189022092933
A0189,69.5,0.9795457038516386,65.0,0.974078216392834,65.0,0.974078216392834,65.0,0.974078216392834,74.5,0.98430088215627,65.0,0.974078216392834,65.0,0.974078216392834,65.0,0.974078216392834
A0190,65.5,0.5285373582664735,69.5,0.5817152245181922,70.5,0.5947663369247417,70.5,0.5947663369247417,70.5,0.5947663369247417,73.5,0.6330592105139387,73.5,0.6330592105139387,75.5,0.6577167861601914
A0191,65.0,0.34982397089020745,70.0,0.41328981297081313,70.0,0.41328981297081313,70.0,0.41328981297081313,70.0,0.41328981297081313,73.0,0.4529587329905204,73.0,0.4529587329905204,75.0,0.4797733544872537
A0192,65.0,0.5186106349709045,69.5,0.5785844166469659,70.0,0.5851395320797186,70.0,0.5851395320797186,70.0,0.5851395320797186,73.0,0.6237666509112081,73.0,0.6237666509112081,75.0,0.6487021510644745
A0193,65.5,0.42380162520834563,70.5,0.4905622774007773,70.5,0.4905622774007773,70.5,0.4905622774007773,70.5,0.4905622774007773,73.5,0.5309362605921594,73.5,0.5309362605921594,75.5,0.5576612658168782
A0194,66.0,0.749037735401631,65.0,0.7387729238820192,65.0,0.7387729238820192,71.0,0.7962335273117359,71.0,0.7962335273117359,65.5,0.7439390602256594,72.5,0.8090342664800763,74.5,0.8251331189887665
A0195,65.5,0.5590156013835254,68.0,0.5919140097808999,70.5,0.6240088702545024,70.5,0.6240088702545024,70.5,0.6240088702545024,73.5,0.6611129237323168,73.5,0.6611129237323168,75.5,0.6848238964287805
A0196,66.5,0.5248258912731641,70.5,0.5780882104887682,71.5,0.5911729569777341,71.5,0.5911729569777341,71.5,0.5911729569777341,74.5,0.6295939205393997,74.5,0.6295939205393997,76.5,0.6543572171754872
A0197,65.0,0.3816172894883315,70.0,0.4468866067568993,70.0,0.4468866067568993,70.0,0.4468866067568993,70.0,0.4468866067568993,73.0,0.4871029970835749,73.0,0.4871029970835749,75.0,0.5140395588414868
A0198,75.0,0.9834592686343051,70.0,0.9784547500426821,70.0,0.9784547500426821,70.0,0.9784547500426821,80.0,0.9873164091080404,67.0,0.9747698204131585,67.0,0.9747698204131585,65.0,0.9719792193011703
A0199,74.5,0.9819708070143846,69.5,0.9765266924110544,69.5,0.9765266924110544,69.5,0.9765266924110544,79.5,0.9861701615090733,66.5,0.9725212639207788,66.5,0.9725212639207788,65.0,0.9702767024753961
A0200,75.0,0.9837468194471634,70.0,0.9788274284384827,70.0,0.9788274284384827,70.0,0.9788274284384827,80.0,0.9875377555187327,67.0,0.975204623524761,67.0,0.975204623524761,65.0,0.9724607554167476
A0201,67.0,0.6084635627422167,67.0,0.6084635627422167,72.0,0.670465146538507,72.0,0.670465146538507,72.0,0.670465146538507,75.0,0.7051509333745353,75.0,0.7051509333745353,77.0,0.727052801862701
A0202,70.0,0.6172489962898585,68.0,0.5914868595931019,75.0,0.678594240531673,75.0,0.678594240531673,75.0,0.678594240531673,76.5,0.6959632629100465,78.0,0.712790918911407,80.0,0.7343390826639454
A0203,67.0,0.6083000876390459,67.0,0.6083000876390459,72.0,0.6703135319826581,72.0,0.6703135319826581,72.0,0.6703135319826581,75.0,0.7050082558661758,75.0,0.7050082558661758,77.0,0.7269166182677428
A0204,66.5,0.9803244647321775,65.0,0.978703338742931,65.0,0.978703338742931,65.0,0.978703338742931,71.5,0.9849013887026994,65.0,0.978703338742931,65.0,0.978703338742931,65.0,0.978703338742931
A0205,66.5,0.9804099959152424,65.0,0.9787957646661224,65.0,0.9787957646661224,65.0,0.9787957646661224,71.5,0.9849673287148045,65.0,0.9787957646661224,65.0,0.9787957646661224,65.0,0.9787957646661224
A0206,70.0,0.9835788062693257,65.0,0.9786096680234402,65.0,0.9786096680234402,65.0,0.9786096680234402,75.0,0.9874084286027679,65.0,0.9786096680234402,65.0,0.9786096680234402,65.0,0.9786096680234402
A0207,70.0,0.9778088302244182,65.0,0.9711448902254749,65.0,0.9711448902254749,65.0,0.9711448902254749,75.0,0.9829607699551434,65.0,0.9711448902254749,65.0,0.9711448902254749,65.0,0.9711448902254749
A0208,75.0,0.9822665312996938,70.0,0.9769096141567958,70.0,0.9769096141567958,70.0,0.9769096141567958,80.0,0.9863979598886722,67.0,0.9729677177381081,67.0,0.9729677177381081,65.0,0.9699839315812251
A0209,70.0,0.9778796120640827,65.0,0.971236302369696,65.0,0.971236302369696,65.0,0.971236302369696,75.0,0.9830154044017266,65.0,0.971236302369696,65.0,0.971236302369696,65.0,0.971236302369696
A0210,67.0,0.6124967840616828,66.5,0.6060829322167278,72.0,0.6742016658640017,72.0,0.6742016658640017,72.0,0.6742016658640017,75.0,0.7086650553518454,75.0,0.7086650553518454,77.0,0.7304056882997655
A0211,66.0,0.654229179103142,65.0,0.6419402362863447,70.5,0.7068573569927598,71.0,0.7124089636382024,71.0,0.7124089636382024,71.5,0.7178973924345899,74.0,0.7443631929014788,76.0,0.7643258048200496
A0212,70.0,0.7276974450354555,65.0,0.6711829940443865,68.5,0.7113895341261441,75.0,0.7777155078481771,75.0,0.7777155078481771,70.0,0.7276974450354555,77.5,0.8001317979369368,79.5,0.8168112144802115
A0213,68.0,0.4584974796047211,73.0,0.5257367887885452,73.0,0.5257367887885452,73.0,0.5257367887885452,73.0,0.5257367887885452,76.0,0.5657905434057585,76.0,0.5657905434057585,78.0,0.5920555295726284
A0214,70.0,0.731859457249962,65.0,0.6758239967740627,68.5,0.7157034246152918,75.0,0.7813427344499027,75.0,0.7813427344499027,69.5,0.7265391943827815,77.0,0.7991966310092766,79.0,0.8159361363293334
A0215,66.0,0.6559773337778253,65.0,0.6437166862081393,70.0,0.7028619403854467,71.0,0.7139915634420458,71.0,0.7139915634420458,71.5,0.7194616830915874,74.0,0.7458326857549737,76.0,0.7657166628819282
A0216,70.5,0.6660807590212887,66.0,0.610169253219362,72.5,0.6896073377282055,75.5,0.723110372496345,75.5,0.723110372496345,74.0,0.7066384943273027,78.5,0.7542856736202935,80.5,0.7737089989321965
A0217,70.0,0.7296003253161628,65.0,0.6733035018437556,68.5,0.713361486696216,75.0,0.7793748283164863,75.0,0.7793748283164863,70.0,0.7296003253161628,77.5,0.8016664578498083,79.5,0.8182468955700454
A0218,66.0,0.36386535054066904,71.0,0.42820090094213187,71.0,0.42820090094213187,71.0,0.42820090094213187,71.0,0.42820090094213187,74.0,0.4681590136025107,74.0,0.4681590136025107,76.0,0.49505914149165725
A0219,70.5,0.6214789789487072,68.5,0.5958151197403913,75.0,0.6766280513426379,75.5,0.6824949978570066,75.5,0.6824949978570066,76.5,0.6940554232813643,78.5,0.7164500662732501,80.5,0.7378246754538648
A0220,65.0,0.5555901493817009,68.0,0.5950645813417208,70.0,0.6207457619626842,70.0,0.6207457619626842,70.0,0.6207457619626842,73.0,0.6579953412674284,73.0,0.6579953412674284,75.0,0.6818194615170513
A0221,70.0,0.7106917099674073,65.0,0.6523340611123889,69.5,0.7051206749804516,75.0,0.7628153445331712,75.0,0.7628153445331712,71.0,0.7216442058842025,78.0,0.7908134568161881,80.0,0.8080839882665631
A0222,75.0,0.9796140814056744,70.0,0.9734775483502496,70.0,0.9734775483502496,70.0,0.9734775483502496,80.0,0.984353617331519,67.0,0.9689683551090051,67.0,0.9689683551090051,65.0,0.9655587511051764
A0223,70.0,0.731144500859188,65.0,0.675025974160134,68.5,0.7149621680709166,75.0,0.7807201859777078,75.0,0.7807201859777078,69.5,0.7258153668507801,77.0,0.7986118132189141,79.0,0.815388809003632
A0224,70.0,0.6052672537107124,69.0,0.5923225239487863,75.0,0.66749839633777,75.0,0.66749839633777,75.0,0.66749839633777,77.5,0.6966947998002354,78.0,0.702357826315615,80.0,0.7243860774654082
A0225,75.0,0.7562747181697101,70.0,0.7032728377391173,70.0,0.7032728377391173,80.0,0.8024684377453956,80.0,0.8024684377453956,71.5,0.7198587746979099,79.5,0.7981627797632826,81.5,0.8149685160666746
A0226,75.0,0.6667868128986423,70.0,0.6045014004722288,76.0,0.6786498817457445,80.0,0.7237458529119497,80.0,0.7237458529119497,77.5,0.696017244196175,83.0,0.7548738590479243,85.0,0.774264603854806
A0227,70.0,0.7356227717028505,65.0,0.6800299239317464,68.0,0.7141381975712624,75.0,0.7846159446942166,75.0,0.7846159446942166,69.5,0.7303496664623067,77.0,0.8022702110076069,79.0,0.8188115833578307
A0228,65.5,0.5685868701825403,68.0,0.6012805302872793,70.5,0.6330953610700781,70.5,0.6330953610700781,70.5,0.6330953610700781,73.5,0.6697772512610329,73.5,0.6697772512610329,75.5,0.6931633643888518
A0229,70.0,0.6267007901438842,68.0,0.601163764800901,74.5,0.6814789894583648,75.0,0.6872985991198427,75.0,0.6872985991198427,76.0,0.6987613215725043,78.0,0.7209499947700553,80.0,0.7421074927768949
A0230,66.0,0.4483559853084443,71.0,0.5155239429895944,71.0,0.5155239429895944,71.0,0.5155239429895944,71.0,0.5155239429895944,74.0,0.5557113212205901,74.0,0.5557113212205901,76.0,0.582135709653135
A0231,70.0,0.6149130257100552,68.5,0.5956042060202003,75.0,0.676436406855708,75.0,0.676436406855708,75.0,0.676436406855708,77.0,0.6995624646060803,78.0,0.7107648163442827,80.0,0.7324079236312638
A0232,70.0,0.7658656825189857,65.0,0.7141612020057714,66.0,0.7250331694937544,75.0,0.8106966208373124,75.0,0.8106966208373124,67.0,0.7356446872001298,74.5,0.8065270738189689,76.5,0.8227909921848215
A0233,70.0,0.6772878798222239,65.5,0.6221885034450608,71.5,0.6946957369931998,75.0,0.7331702061639854,75.0,0.7331702061639854,73.0,0.7115644725056317,78.0,0.7635831724535818,80.0,0.7824834866313849
A0234,70.0,0.6347951043442944,67.5,0.6030352457336797,74.0,0.6831722211417771,75.0,0.6947190182099606,75.0,0.6947190182099606,75.5,0.7004030710159537,78.0,0.7278880224340958,80.0,0.748702839378061
A0235,70.0,0.6718617997868761,65.5,0.6163607507443045,72.0,0.6951674751919078,75.0,0.7283068098516544,75.0,0.7283068098516544,73.5,0.7120209509316903,78.0,0.7590919584879952,80.0,0.7782470502766691
A0236,70.0,0.6543265763344065,66.5,0.6105227992692273,73.0,0.6899254508800179,75.0,0.7124971745279071,75.0,0.7124971745279071,74.5,0.7069465702305074,78.0,0.7444451185298752,80.0,0.7644033577712155
A0237,66.0,0.40366916814094117,71.0,0.469844442520856,71.0,0.469844442520856,71.0,0.469844442520856,71.0,0.469844442520856,74.0,0.5102210475309895,74.0,0.5102210475309895,76.0,0.5370972890704095
A0238,70.0,0.6934506112756973,65.0,0.6334091012094225,70.5,0.6991480533686005,75.0,0.7475772318986272,75.0,0.7475772318986272,72.0,0.7158714019965563,78.0,0.7768478997640262,80.0,0.7949725044855566
A0239,65.0,0.49505600067305866,70.0,0.5620914609318132,70.0,0.5620914609318132,70.0,0.5620914609318132,70.0,0.5620914609318132,73.0,0.6014027160325155,73.0,0.6014027160325155,75.0,0.6269339362303211
A0240,70.0,0.6052672537107124,69.0,0.5923225239487863,75.0,0.66749839633777,75.0,0.66749839633777,75.0,0.66749839633777,77.5,0.6966947998002354,78.0,0.702357826315615,80.0,0.7243860774654082
A0241,65.5,0.5049864740846183,70.5,0.571843777838543,70.5,0.571843777838543,70.5,0.571843777838543,70.5,0.571843777838543,73.5,0.6108856172575615,73.5,0.6108856172575615,75.5,0.6361768866402046
A0242,71.5,0.6773285587986994,66.5,0.6158784842968993,73.0,0.6947352106655373,76.5,0.7332066157757925,76.5,0.7332066157757925,74.0,0.7060419217389072,79.5,0.7636167701263435,81.5,0.7825151633617671
A0243,65.5,0.3957283847903399,70.5,0.4616095677169499,70.5,0.4616095677169499,70.5,0.4616095677169499,70.5,0.4616095677169499,73.5,0.5019485208310844,73.5,0.5019485208310844,75.5,0.5288595327337988
A0244,66.0,0.3639424186607445,71.0,0.42828242142676776,71.0,0.42828242142676776,71.0,0.42828242142676776,71.0,0.42828242142676776,74.0,0.4682419118070177,74.0,0.4682419118070177,76.0,0.49514236837670017
A0245,70.0,0.736163148299151,65.0,0.6806345986339271,68.0,0.7147054568896586,75.0,0.7850854374380225,75.0,0.7850854374380225,69.5,0.7308968782975629,77.0,0.8027108974348892,79.0,0.8192237106317571
A0246,66.5,0.5562879424340529,69.0,0.5892403180262215,71.5,0.621410962621597,71.5,0.621410962621597,71.5,0.621410962621597,74.5,0.6586311369841713,74.5,0.6586311369841713,76.5,0.6824323430443054
A0247,66.0,0.6055964621844436,66.5,0.612013164299753,71.0,0.6678041892416591,71.0,0.6678041892416591,71.0,0.6678041892416591,74.0,0.7026458415549818,74.0,0.7026458415549818,76.0,0.7246611331598574
A0248,65.0,0.41564736553806386,70.0,0.48219846278807676,70.0,0.48219846278807676,70.0,0.48219846278807676,70.0,0.48219846278807676,73.0,0.5225902176762146,73.0,0.5225902176762146,75.0,0.5493871622279801
A0249,66.5,0.5555690218526292,69.0,0.5885352971319916,71.5,0.6207256174335194,71.5,0.6207256174335194,71.5,0.6207256174335194,74.5,0.6579760851316135,74.5,0.6579760851316135,76.5,0.6818008980884979
A0250,65.5,0.4684731919639984,70.5,0.5357281016292966,70.5,0.5357281016292966,70.5,0.5357281016292966,70.5,0.5357281016292966,73.5,0.5756191788142826,73.5,0.5756191788142826,75.5,0.6017081592186038
A0251,66.5,0.6442949448608289,65.0,0.6255622728776503,71.0,0.6977365803011601,71.5,0.703388436827444,71.5,0.703388436827444,72.5,0.7145063496106019,74.5,0.7359734841689355,76.5,0.7563768216802633
A0252,67.0,0.6437588074057241,65.0,0.6186786806019171,71.5,0.6972431420982352,72.0,0.7029002964510844,72.0,0.7029002964510844,73.0,0.7140290673720503,75.0,0.7355188058417577,77.0,0.7559456282928838
A0253,65.0,0.5158051630776811,70.0,0.5824095844751812,70.0,0.5824095844751812,70.0,0.5824095844751812,70.0,0.5824095844751812,73.0,0.6211263042199745,73.0,0.6211263042199745,75.0,0.6461375241284922
A0254,65.5,0.42012592302520196,70.5,0.48679673480753494,70.5,0.48679673480753494,70.5,0.48679673480753494,70.5,0.48679673480753494,73.5,0.5271815121947182,73.5,0.5271815121947182,75.5,0.5539407164893344
A0255,65.0,0.5121125160142763,70.0,0.5788101117413301,70.0,0.5788101117413301,70.0,0.5788101117413301,70.0,0.5788101117413301,73.0,0.6176414617347223,73.0,0.6176414617347223,75.0,0.6427504154304272
A0256,65.5,0.5426129305159215,69.0,0.588911651021789,70.5,0.6083298847684542,70.5,0.6083298847684542,70.5,0.6083298847684542,73.5,0.6461036928952163,73.5,0.6461036928952163,75.5,0.6703411682136757
A0257,65.0,0.524855970974639,69.5,0.5846747930863145,70.0,0.5912021081618541,70.0,0.5912021081618541,70.0,0.5912021081618541,73.0,0.6296220485258953,73.0,0.6296220485258953,75.0,0.6543844969706941
A0258,66.5,0.5884810421954295,67.5,0.6014656785026083,71.5,0.6518363192378414,71.5,0.6518363192378414,71.5,0.6518363192378414,74.5,0.6875691965098463,74.5,0.6875691965098463,76.5,0.7102404053951544
A0259,68.0,0.7244770202941252,65.0,0.6910687002781384,67.5,0.7190665072821857,73.0,0.7749036478477574,73.0,0.7749036478477574,68.5,0.7298224839102628,76.0,0.8018454881636594,78.0,0.8184143492853595
A0260,65.5,0.5449437347094614,69.0,0.5911842786853984,70.5,0.6105661504731463,70.5,0.6105661504731463,70.5,0.6105661504731463,73.5,0.6482489933561765,73.5,0.6482489933561765,75.5,0.6724140366102738
A0261,69.0,0.5638868225343464,70.0,0.5770897943423439,74.0,0.6286390905958236,74.0,0.6286390905958236,74.0,0.6286390905958236,77.0,0.6655311307155957,77.0,0.6655311307155957,79.0,0.6890783576368835
A0262,65.0,0.49466032604862736,70.0,0.5617018087250994,70.0,0.5617018087250994,70.0,0.5617018087250994,70.0,0.5617018087250994,73.0,0.6010232145419814,73.0,0.6010232145419814,75.0,0.6265636489074654
A0263,65.0,0.4100795414037215,70.0,0.4764660468716022,70.0,0.4764660468716022,70.0,0.4764660468716022,70.0,0.4764660468716022,73.0,0.5168569257792048,73.0,0.5168569257792048,75.0,0.5436946882994547
A0264,65.5,0.4963800997466278,70.5,0.5633948052300678,70.5,0.5633948052300678,70.5,0.5633948052300678,70.5,0.5633948052300678,73.5,0.6026717641350527,73.5,0.6026717641350527,75.5,0.6281719548951566
A0265,65.5,0.48539479172247485,70.5,0.5525536002524926,70.5,0.5525536002524926,70.5,0.5525536002524926,70.5,0.5525536002524926,73.5,0.592099730490423,73.5,0.592099730490423,75.5,0.6178481885857734
A0266,75.0,0.9834087819580556,70.0,0.9783893239127939,70.0,0.9783893239127939,70.0,0.9783893239127939,80.0,0.9872775431414048,67.0,0.9746934937285527,67.0,0.9746934937285527,65.0,0.9718946938628104
A0267,67.0,0.9486544081787986,65.0,0.9431437749349406,65.0,0.9431437749349406,65.0,0.9431437749349406,72.0,0.9603000792945633,65.0,0.9431437749349406,65.0,0.9431437749349406,65.0,0.9431437749349406
A0268,70.0,0.9576578967106328,65.0,0.9452813251292579,65.0,0.9452813251292579,65.0,0.9452813251292579,75.0,0.9673318122211206,65.0,0.9452813251292579,65.0,0.9452813251292579,65.0,0.9452813251292579
A0269,70.5,0.7925523198885513,65.5,0.7447771976656018,65.5,0.7447771976656018,75.5,0.833385075908723,75.5,0.833385075908723,65.5,0.7447771976656018,72.5,0.8097138338834998,74.5,0.8257677349752287
A0270,66.0,0.9572857924571223,65.0,0.9550272943969522,65.0,0.9550272943969522,65.0,0.9550272943969522,71.0,0.96704179693958,65.0,0.9550272943969522,65.0,0.9550272943969522,65.0,0.9550272943969522
A0271,72.0,0.9819161390310488,67.0,0.9764559126166459,67.0,0.9764559126166459,67.0,0.9764559126166459,77.0,0.9861280468987245,65.0,0.9738467992878401,65.0,0.9738467992878401,65.0,0.9738467992878401
A0272,68.0,0.5235213095243354,71.0,0.5636068611899245,73.0,0.5899081967152205,73.0,0.5899081967152205,73.0,0.5899081967152205,76.0,0.628373301903268,76.0,0.628373301903268,78.0,0.6531732489469698
A0273,75.0,0.9828932757822821,70.0,0.9777213912082865,70.0,0.9777213912082865,70.0,0.9777213912082865,80.0,0.9868806397098384,67.0,0.9739143775781056,67.0,0.9739143775781056,65.0,0.9710319714371258
A0274,67.0,0.6071503926041456,67.0,0.6071503926041456,72.0,0.6692468858032598,72.0,0.6692468858032598,72.0,0.6692468858032598,75.0,0.7040042920290411,75.0,0.7040042920290411,77.0,0.7259582337067703
A0275,65.5,0.3905782070031856,70.5,0.4562493599793815,70.5,0.4562493599793815,70.5,0.4562493599793815,70.5,0.4562493599793815,73.5,0.4965519123359681,73.5,0.4965519123359681,75.5,0.5234776948767004
A0276,65.0,0.942036504942803,65.0,0.942036504942803,65.0,0.942036504942803,65.0,0.942036504942803,70.0,0.9551121562152769,65.0,0.942036504942803,65.0,0.942036504942803,65.0,0.942036504942803
A0277,66.5,0.3958489968194788,71.5,0.4617349161563422,71.5,0.4617349161563422,71.5,0.4617349161563422,71.5,0.4617349161563422,74.5,0.502074608139269,74.5,0.502074608139269,76.5,0.5289852001861873
A0278,70.0,0.9576578967106328,65.0,0.9452813251292579,65.0,0.9452813251292579,65.0,0.9452813251292579,75.0,0.9673318122211206,65.0,0.9452813251292579,65.0,0.9452813251292579,65.0,0.9452813251292579
A0279,66.0,0.4281876770469476,71.0,0.4950456404424081,71.0,0.4950456404424081,71.0,0.4950456404424081,71.0,0.4950456404424081,74.0,0.5354008184867762,74.0,0.5354008184867762,76.0,0.5620812594446388
A0280,67.0,0.9590263357110732,65.0,0.954575561554339,65.0,0.954575561554339,65.0,0.954575561554339,72.0,0.9683979206424228,65.0,0.954575561554339,65.0,0.954575561554339,65.0,0.954575561554339
A0281,65.5,0.9460036285325168,65.0,0.9446106994836342,65.0,0.9446106994836342,65.0,0.9446106994836342,70.5,0.9582240457562761,65.0,0.9446106994836342,65.0,0.9446106994836342,65.0,0.9446106994836342
A0282,66.5,0.4275141503816201,71.5,0.4943578686390692,71.5,0.4943578686390692,71.5,0.4943578686390692,71.5,0.4943578686390692,74.5,0.5347163512024795,74.5,0.5347163512024795,76.5,0.5614038991347119
A0283,68.0,0.9365066877234575,65.0,0.9261885110419636,65.0,0.9261885110419636,65.0,0.9261885110419636,73.0,0.9507645813636241,65.0,0.9261885110419636,65.0,0.9261885110419636,65.0,0.9261885110419636
A0284,65.0,0.39746099283075015,70.0,0.4634094156146315,70.0,0.4634094156146315,70.0,0.4634094156146315,70.0,0.4634094156146315,73.0,0.503758486041897,73.0,0.503758486041897,75.0,0.5306631440528315
A0285,65.5,0.3865217257577025,70.5,0.45201671485476674,70.5,0.45201671485476674,70.5,0.45201671485476674,70.5,0.45201671485476674,73.5,0.49228387813694896,73.5,0.49228387813694896,75.5,0.5192169096446474
A0286,65.5,0.38811354096305795,70.5,0.45367878922790533,70.5,0.45367878922790533,70.5,0.45367878922790533,70.5,0.45367878922790533,73.5,0.4939605492630258,73.5,0.4939605492630258,75.5,0.52089120037167
A0287,65.5,0.9451411010945514,65.0,0.9437272452276758,65.0,0.9437272452276758,65.0,0.9437272452276758,70.5,0.9575479649451291,65.0,0.9437272452276758,65.0,0.9437272452276758,65.0,0.9437272452276758
A0288,65.5,0.4731619609554232,70.5,0.5404056264330405,70.5,0.5404056264330405,70.5,0.5404056264330405,70.5,0.5404056264330405,73.5,0.5802097274636089,73.5,0.5802097274636089,75.5,0.6062095636392615
A0289,65.0,0.3962982305801081,70.0,0.4622017179507324,70.0,0.4622017179507324,70.0,0.4622017179507324,70.0,0.4622017179507324,73.0,0.502544116379754,73.0,0.502544116379754,75.0,0.5294531150203051
A0290,69.0,0.6673903006616915,65.0,0.6179510221088114,71.5,0.6965918814177064,74.0,0.7242888368651806,74.0,0.7242888368651806,73.0,0.7133990726762182,77.0,0.7553763397680378,79.0,0.7747391971404853
A0291,65.0,0.39820797292781857,70.0,0.46418485512614954,70.0,0.46418485512614954,70.0,0.46418485512614954,70.0,0.46418485512614954,73.0,0.5045379586365213,73.0,0.5045379586365213,75.0,0.531439663856549
A0292,70.0,0.7804617333834923,65.0,0.7308477605998491,65.0,0.7308477605998491,75.0,0.8231432708831489,75.0,0.8231432708831489,66.0,0.7413149442808155,73.0,0.8069040963261562,75.0,0.8231432708831489
A0293,65.0,0.9443466182955337,65.0,0.9443466182955337,65.0,0.9443466182955337,65.0,0.9443466182955337,70.0,0.9569249730656332,65.0,0.9443466182955337,65.0,0.9443466182955337,65.0,0.9443466182955337
A0294,67.5,0.608986505127991,67.0,0.6025522538108088,72.5,0.6709500614531688,72.5,0.6709500614531688,72.5,0.6709500614531688,75.5,0.7056072189744298,75.5,0.7056072189744298,77.5,0.7274882923162993
A0295,70.0,0.7997189748378779,65.0,0.753080123722179,65.0,0.753080123722179,75.0,0.8394268890344136,75.0,0.8394268890344136,65.0,0.753080123722179,71.5,0.8123523576219767,73.5,0.8282308763761527
A0296,70.0,0.5448840416506392,71.5,0.564845255790949,75.0,0.6105089130131066,75.0,0.6105089130131066,75.0,0.6105089130131066,78.0,0.6481941031235023,78.0,0.6481941031235023,80.0,0.6723610113934153
A0297,70.0,0.7536090152542927,65.0,0.7002571944893435,67.0,0.7223794607051925,75.0,0.8001744754631022,75.0,0.8001744754631022,68.0,0.7330556840768843,75.5,0.8044477333868515,77.5,0.8208476203541203
A0298,75.0,0.8001744754631022,70.0,0.7536090152542927,70.0,0.7536090152542927,80.0,0.8398101710392615,80.0,0.8398101710392615,68.0,0.7330556840768843,75.5,0.8044477333868515,77.5,0.8208476203541203
A0299,70.0,0.7714501706235704,65.0,0.7205289080059744,65.5,0.7259219916737205,75.0,0.8154694565171401,75.0,0.8154694565171401,67.0,0.7417068943991422,74.0,0.8072225112901151,76.0,0.823440766859799
A0300,70.0,0.7759861426782223,65.0,0.7257161821657575,65.0,0.7257161821657575,75.0,0.8193363837941491,75.0,0.8193363837941491,66.5,0.741508717279215,73.5,0.8070615255531812,75.5,0.8232903599108484
A0301,70.0,0.7813505089085488,65.0,0.731868387339602,65.0,0.731868387339602,75.0,0.8238982433644697,75.0,0.8238982433644697,66.0,0.7423098742988212,73.0,0.807712197352563,75.0,0.8238982433644697
A0302,70.0,0.7921951636856385,65.0,0.7443643189947852,65.0,0.7443643189947852,75.0,0.8330834144575878,75.0,0.8330834144575878,65.0,0.7443643189947852,72.0,0.8093791177552805,74.0,0.8254551705818287
A0303,75.0,0.8001744754631022,70.0,0.7536090152542927,70.0,0.7536090152542927,80.0,0.8398101710392615,80.0,0.8398101710392615,68.0,0.7330556840768843,75.5,0.8044477333868515,77.5,0.8208476203541203
A0304,70.0,0.7970182775351786,65.0,0.7499471659374594,65.0,0.7499471659374594,75.0,0.8371526019920197,75.0,0.8371526019920197,65.0,0.7499471659374594,71.5,0.8097814955053454,73.5,0.8258309160571988
A0305,66.5,0.6554613966643626,65.0,0.6369854564637074,70.5,0.7023844157923439,71.5,0.7135246349137971,71.5,0.7135246349137971,72.0,0.7190001702672962,74.5,0.7453992036063208,76.5,0.7653064216080396
A0306,70.0,0.8131711386666713,65.0,0.7687590632667508,65.0,0.7687590632667508,75.0,0.8507098916832406,75.0,0.8507098916832406,65.0,0.7687590632667508,70.0,0.8131711386666713,72.0,0.8289949579040365
A0307,70.0,0.7659625390083366,65.0,0.7142714677464165,66.0,0.7251408553838296,75.0,0.8107795137219082,75.0,0.8107795137219082,67.0,0.7357497319316298,74.5,0.8066113569483953,76.5,0.82286974625515
A0308,70.0,0.5581034677043979,71.0,0.5713484299398512,75.0,0.623140541560818,75.0,0.623140541560818,75.0,0.623140541560818,78.0,0.6602836343867177,78.0,0.6602836343867177,80.0,0.6840248983444188
A0309,65.5,0.5634231247193792,68.0,0.5962302180862744,70.5,0.6281988455345061,70.5,0.6281988455345061,70.5,0.6281988455345061,73.5,0.6651113222277423,73.5,0.6651113222277423,75.5,0.6886742789090574
A0310,66.5,0.456133701482531,71.5,0.5233613973385242,71.5,0.5233613973385242,71.5,0.5233613973385242,71.5,0.5233613973385242,74.5,0.5634491839319878,74.5,0.5634491839319878,76.5,0.5897531053153305
A0311,70.0,0.810300896135883,65.0,0.7654033612077448,65.0,0.7654033612077448,75.0,0.8483087747981993,75.0,0.8483087747981993,65.0,0.7654033612077448,70.5,0.8144078283185708,72.5,0.8301487821777509
A0312,65.5,0.4483730410792541,70.5,0.5155411659822773,70.5,0.5155411659822773,70.5,0.5155411659822773,70.5,0.5155411659822773,73.5,0.5557283467547166,73.5,0.5557283467547166,75.5,0.5821524839746374
A0313,67.5,0.5376733656000579,70.5,0.5775291079279776,72.5,0.603581535327195,72.5,0.603581535327195,72.5,0.603581535327195,75.5,0.6415434456039166,75.5,0.6415434456039166,77.5,0.665931755688529
A0314,65.5,0.41728283437164887,70.5,0.4838789562105214,70.5,0.4838789562105214,70.5,0.4838789562105214,70.5,0.4838789562105214,73.5,0.524268952886994,73.5,0.524268952886994,75.5,0.551052619049471
A0315,66.0,0.6457230794604234,65.0,0.6333012716462425,70.5,0.6990503730416023,71.0,0.7046880610158932,71.0,0.7046880610158932,72.0,0.715776944058582,74.0,0.737183681112962,76.0,0.757524309206555
A0316,65.5,0.5118816612725433,70.5,0.5785848463143671,70.5,0.5785848463143671,70.5,0.5785848463143671,70.5,0.5785848463143671,73.5,0.6174232373313925,73.5,0.6174232373313925,75.5,0.6425382277061504
A0317,65.5,0.5208723090872345,70.0,0.5807920835443751,70.5,0.5873373511609741,70.5,0.5873373511609741,70.5,0.5873373511609741,73.5,0.6258906681212625,73.5,0.6258906681212625,75.5,0.650764211635688
A0318,65.5,0.5124396166551177,70.5,0.5791292452840306,70.5,0.5791292452840306,70.5,0.5791292452840306,70.5,0.5791292452840306,73.5,0.617950593452062,73.5,0.617950593452062,75.5,0.6430509788729889
A0319,65.5,0.6955984418806753,65.0,0.6898635972241189,67.5,0.7179260414664127,70.5,0.7494828294412749,70.5,0.7494828294412749,69.0,0.7340027101258294,73.5,0.7785979689438737,75.5,0.7966176450081384
A0320,65.0,0.5395820069050258,69.0,0.5924746476917979,70.0,0.6054177649148613,70.0,0.6054177649148613,70.0,0.6054177649148613,73.0,0.6433077489347511,73.0,0.6433077489347511,75.0,0.6676382086574104
A0321,69.0,0.7730226265689021,65.0,0.7330031357488984,65.0,0.7330031357488984,74.0,0.8168109704957353,74.0,0.8168109704957353,66.0,0.7434159258464027,73.0,0.8086099083077486,75.0,0.8247367852942129
A0322,66.0,0.5878367138935413,67.0,0.6008278903216789,71.0,0.6512323982575111,71.0,0.6512323982575111,71.0,0.6512323982575111,74.0,0.6869974945868146,74.0,0.6869974945868146,76.0,0.7096926725295251
A0323,65.5,0.4753667597564615,70.5,0.5426010502059704,70.5,0.5426010502059704,70.5,0.5426010502059704,70.5,0.5426010502059704,73.5,0.5823619560532651,73.5,0.5823619560532651,75.5,0.6083184792586072
A0324,65.0,0.5961698776623,66.0,0.6090730709044062,70.0,0.6590272905455681,70.0,0.6590272905455681,70.0,0.6590272905455681,73.0,0.694368185714718,73.0,0.694368185714718,75.0,0.716749278147314
A0325,65.5,0.5579438931157314,68.5,0.5973607692959929,70.5,0.6229885875658998,70.5,0.6229885875658998,70.5,0.6229885875658998,73.5,0.6601384886996653,73.5,0.6601384886996653,75.5,0.6838850399373501
A0326,65.5,0.5621416176159145,68.0,0.5949757845550704,70.5,0.6269815947118922,70.5,0.6269815947118922,70.5,0.6269815947118922,73.5,0.6639502731727767,73.5,0.6639502731727767,75.5,0.687556546162912
A0327,66.0,0.4218561037955818,71.0,0.4885701473979428,71.0,0.4885701473979428,71.0,0.4885701473979428,71.0,0.4885701473979428,74.0,0.5289504104661,74.0,0.5289504104661,76.0,0.5556938768523718
A0328,66.0,0.7601060527036045,65.0,0.750142943209103,65.0,0.750142943209103,71.0,0.8057601174366695,71.0,0.8057601174366695,65.0,0.750142943209103,71.5,0.8099422981938542,73.5,0.8259810668476383
A0329,65.0,0.6199844189808723,65.0,0.6199844189808723,70.0,0.6811177397714958,70.0,0.6811177397714958,70.0,0.6811177397714958,73.0,0.7151586254864589,73.0,0.7151586254864589,75.0,0.7365947946388615
A0330,65.5,0.5978077711885594,66.5,0.6106928052486656,70.5,0.6605553993109813,70.5,0.6605553993109813,70.5,0.6605553993109813,73.5,0.6958110160315715,73.5,0.6958110160315715,75.5,0.7181293417323741
A0331,65.5,0.5329903675115888,69.5,0.5860593323276597,70.5,0.5990683212256694,70.5,0.5990683212256694,70.5,0.5990683212256694,73.5,0.6372026453425308,73.5,0.6372026453425308,75.5,0.6617305678651942
A0332,65.0,0.46615688593858623,70.0,0.5334129756263934,70.0,0.5334129756263934,70.0,0.5334129756263934,70.0,0.5334129756263934,73.0,0.5733445522918256,73.0,0.5733445522918256,75.0,0.5994760680997405
A0333,65.5,0.5434023963776524,69.0,0.5896816332334482,70.5,0.6090876386055186,70.5,0.6090876386055186,70.5,0.6090876386055186,73.5,0.6468307937259707,73.5,0.6468307937259707,75.5,0.6710438254491716
A0334,65.0,0.5806539403361257,67.0,0.6066449162149814,70.0,0.6444862591677258,70.0,0.6444862591677258,70.0,0.6444862591677258,73.0,0.6806038614020878,73.0,0.6806038614020878,75.0,0.70356259127363
A0335,69.0,0.7730226265689021,65.0,0.7330031357488984,65.0,0.7330031357488984,74.0,0.8168109704957353,74.0,0.8168109704957353,66.0,0.7434159258464027,73.0,0.8086099083077486,75.0,0.8247367852942129
A0336,65.5,0.5764073965011094,67.5,0.6024813842841565,70.5,0.6404858956186269,70.5,0.6404858956186269,70.5,0.6404858956186269,73.5,0.6768061021812715,73.5,0.6768061021812715,75.5,0.6999174586457719
A0337,65.5,0.5557973823983018,68.5,0.5952668162922575,70.5,0.6209433411486417,70.5,0.6209433411486417,70.5,0.6209433411486417,73.5,0.6581842005127839,73.5,0.6581842005127839,75.5,0.6820015228558083
A0338,65.0,0.46638215896323787,70.0,0.5336382611230782,70.0,0.5336382611230782,70.0,0.5336382611230782,70.0,0.5336382611230782,73.0,0.5735659709879191,73.0,0.5735659709879191,75.0,0.5996933939323636
A0339,65.0,0.618788261390597,65.0,0.618788261390597,70.0,0.6800146938648711,70.0,0.6800146938648711,70.0,0.6800146938648711,73.0,0.7141239085050171,73.0,0.7141239085050171,75.0,0.7356091589699937
A0340,65.5,0.64132088228191,65.0,0.6350998896253793,70.5,0.7006789202429506,70.5,0.7006789202429506,70.5,0.7006789202429506,72.0,0.7173515752504445,73.5,0.7334488291165012,75.5,0.7539820490012222
A0341,69.0,0.7730226265689021,65.0,0.7330031357488984,65.0,0.7330031357488984,74.0,0.8168109704957353,74.0,0.8168109704957353,66.0,0.7434159258464027,73.0,0.8086099083077486,75.0,0.8247367852942129
A0342,66.5,0.6554613966643626,65.0,0.6369854564637074,70.5,0.7023844157923439,71.5,0.7135246349137971,71.5,0.7135246349137971,72.0,0.7190001702672962,74.5,0.7453992036063208,76.5,0.7653064216080396
A0343,65.5,0.5415625465731888,69.0,0.5878868383776934,70.5,0.6073212023559864,70.5,0.6073212023559864,70.5,0.6073212023559864,73.5,0.6451355430732826,73.5,0.6451355430732826,75.5,0.6694053974022011
A0344,66.0,0.5903906328961434,67.0,0.6033556274893007,71.0,0.6536249598145909,71.0,0.6536249598145909,71.0,0.6536249598145909,74.0,0.6892617758129383,74.0,0.6892617758129383,76.0,0.7118616345251941
A0345,65.5,0.597543895544166,66.5,0.6104318743856801,70.5,0.6603092990147784,70.5,0.6603092990147784,70.5,0.6603092990147784,73.5,0.6955786965805979,73.5,0.6955786965805979,75.5,0.7179071571238008
A0346,65.5,0.6886379330500165,65.0,0.6828317467762726,68.0,0.7167657474797238,70.5,0.7432997523413224,70.5,0.7432997523413224,69.0,0.7275764394389177,73.5,0.7729157633778421,75.5,0.7912739297948078
A0347,66.0,0.5046070840960128,71.0,0.5714721461106412,71.0,0.5714721461106412,71.0,0.5714721461106412,71.0,0.5714721461106412,74.0,0.6105247927346644,74.0,0.6105247927346644,76.0,0.6358255336065121
A0348,65.5,0.4221340891442344,70.5,0.48885492222985144,70.5,0.48885492222985144,70.5,0.48885492222985144,70.5,0.48885492222985144,73.5,0.5292343659133035,73.5,0.5292343659133035,75.5,0.5559752439363769
A0349,65.5,0.6070934225545432,66.0,0.6135013134503855,70.5,0.6691940144122851,70.5,0.6691940144122851,70.5,0.6691940144122851,73.5,0.703954518920929,73.5,0.703954518920929,75.5,0.7259107149891921
A0350,65.0,0.5083627629125624,70.0,0.5751477048551135,70.0,0.5751477048551135,70.0,0.5751477048551135,70.0,0.5751477048551135,73.0,0.6140915855650512,73.0,0.6140915855650512,75.0,0.6392975153297407
A0351,65.5,0.5309719636176274,69.5,0.5840913124098913,70.5,0.5971196329591751,70.5,0.5971196329591751,70.5,0.5971196329591751,73.5,0.6353264773885005,73.5,0.6353264773885005,75.5,0.6599135447857324
A0352,65.5,0.5588564275662917,68.0,0.5917580387265394,70.5,0.6238573708010491,70.5,0.6238573708010491,70.5,0.6238573708010491,73.5,0.6609682519729964,73.5,0.6609682519729964,75.5,0.6846845191609758
A0353,65.5,0.4826791458258565,70.5,0.5498636980305892,70.5,0.5498636980305892,70.5,0.5498636980305892,70.5,0.5498636980305892,73.5,0.5894709349123456,73.5,0.5894709349123456,75.5,0.6152775122953911
A0354,66.5,0.4867389081688766,71.5,0.5538835220902256,71.5,0.5538835220902256,71.5,0.5538835220902256,71.5,0.5538835220902256,74.5,0.5933986049208086,74.5,0.5933986049208086,76.5,0.6191178147901559
A0355,65.5,0.2352545705721394,70.5,0.2871136965668272,70.5,0.2871136965668272,70.5,0.2871136965668272,70.5,0.2871136965668272,73.5,0.3213041373309557,73.5,0.3213041373309557,75.5,0.34524371236686785
A0356,65.5,0.3345633746807564,70.5,0.39695092125890485,70.5,0.39695092125890485,70.5,0.39695092125890485,70.5,0.39695092125890485,73.5,0.4362175785345849,73.5,0.4362175785345849,75.5,0.46287972735633565
A0357,72.5,0.43685459195245957,77.0,0.49713767172841106,77.5,0.5038733416442434,77.5,0.5038733416442434,77.5,0.5038733416442434,80.5,0.544172629193834,80.5,0.544172629193834,82.5,0.5707531941384594
A0358,66.5,0.2238841915336971,71.5,0.27413533377481797,71.5,0.27413533377481797,71.5,0.27413533377481797,71.5,0.27413533377481797,74.5,0.30744679960596183,74.5,0.30744679960596183,76.5,0.33085722007788504
A0359,66.0,0.1776503690232499,71.0,0.220472138456155,71.0,0.220472138456155,71.0,0.220472138456155,71.0,0.220472138456155,74.0,0.24950418017080178,74.0,0.24950418017080178,76.0,0.2702240867274225
A0360,65.5,0.22124659693994728,70.5,0.2711125285874552,70.5,0.2711125285874552,70.5,0.2711125285874552,70.5,0.2711125285874552,73.5,0.3042106214001432,73.5,0.3042106214001432,75.5,0.32749114903110815
A0361,65.5,0.33027162690112694,70.5,0.39233071680020604,70.5,0.39233071680020604,70.5,0.39233071680020604,70.5,0.39233071680020604,73.5,0.43146733714046764,73.5,0.43146733714046764,75.5,0.4580750480555678
A0362,66.0,0.4005042825322872,71.0,0.46656665644586265,71.0,0.46656665644586265,71.0,0.46656665644586265,71.0,0.46656665644586265,74.0,0.506930921832693,74.0,0.506930921832693,76.0,0.5338227483890788
A0363,68.0,0.7237134484752766,65.0,0.6902521271441141,67.5,0.7182937714679861,73.0,0.7742362767488953,73.0,0.7742362767488953,69.0,0.7343572365092661,76.0,0.8012375062529927,78.0,0.8178456557391661
A0364,65.0,0.19825110863604872,70.0,0.24456181552982278,70.0,0.24456181552982278,70.0,0.24456181552982278,70.0,0.24456181552982278,73.0,0.27564432700016783,73.0,0.27564432700016783,75.0,0.2976740096160762
A0365,65.5,0.6303620969664363,65.0,0.6240624514933949,70.5,0.6906589329389254,70.5,0.6906589329389254,70.5,0.6906589329389254,72.5,0.7131994586720337,73.5,0.7240938741187395,75.5,0.745097282650105
A0366,66.0,0.5042458068248629,71.0,0.5711181865898712,71.0,0.5711181865898712,71.0,0.5711181865898712,71.0,0.5711181865898712,74.0,0.6101810867361409,74.0,0.6101810867361409,76.0,0.6354908246532638
A0367,65.5,0.6055629131304816,66.0,0.6119798113466786,70.5,0.6677730288267273,70.5,0.6677730288267273,70.5,0.6677730288267273,73.5,0.7026164939568305,73.5,0.7026164939568305,75.5,0.7246331068512719
A0368,65.5,0.5577195001321145,68.5,0.5971419378601811,70.5,0.6227748889846286,70.5,0.6227748889846286,70.5,0.6227748889846286,73.5,0.6599343530902331,73.5,0.6599343530902331,75.5,0.6836883331854339
A0369,66.5,0.34840890923482903,71.5,0.4117806202925894,71.5,0.4117806202925894,71.5,0.4117806202925894,71.5,0.4117806202925894,74.5,0.4514161365460369,74.5,0.4514161365460369,76.5,0.47821926929895436
A0370,66.0,0.6551750606120901,65.0,0.6429013857314874,70.0,0.70211935383557,71.0,0.713265444310617,71.0,0.713265444310617,71.5,0.7187439809218459,74.0,0.7451585517398566,76.0,0.7650786560355665
A0371,65.5,0.6058090662582912,66.0,0.6122245242628309,70.5,0.6680016435862903,70.5,0.6680016435862903,70.5,0.6680016435862903,73.5,0.702831801938168,73.5,0.702831801938168,75.5,0.7248387171931525
A0372,65.5,0.4189784092547076,70.5,0.4856196216741565,70.5,0.4856196216741565,70.5,0.4856196216741565,70.5,0.4856196216741565,73.5,0.5260068353565811,73.5,0.5260068353565811,75.5,0.5527761228172573
A0373,68.0,0.9785454202396963,65.0,0.9748755999293127,65.0,0.9748755999293127,65.0,0.9748755999293127,73.0,0.9835292325350135,65.0,0.9748755999293127,65.0,0.9748755999293127,65.0,0.9748755999293127
A0374,75.0,0.9702489077412756,70.0,0.9614043554765962,70.0,0.9614043554765962,70.0,0.9614043554765962,80.0,0.9771148941650002,67.0,0.9549375639268296,67.0,0.9549375639268296,65.0,0.95006577146593
A0375,65.5,0.2729751362152041,70.5,0.32956595816259826,70.5,0.32956595816259826,70.5,0.32956595816259826,70.5,0.32956595816259826,73.5,0.3662147817707775,73.5,0.3662147817707775,75.5,0.391569976360619
A0376,65.0,0.4428897726993523,70.0,0.5099959056732947,70.0,0.5099959056732947,70.0,0.5099959056732947,70.0,0.5099959056732947,73.0,0.5502417816446704,73.0,0.5502417816446704,75.0,0.5767437071984488
A0377,66.0,0.4274424030666469,71.0,0.4942845889501596,71.0,0.4942845889501596,71.0,0.4942845889501596,71.0,0.4942845889501596,74.0,0.5346434146374598,74.0,0.5346434146374598,76.0,0.5613317140218643
A0378,65.0,0.35720452855977713,70.0,0.4211420518988704,70.0,0.4211420518988704,70.0,0.4211420518988704,70.0,0.4211420518988704,73.0,0.4609724936801024,73.0,0.4609724936801024,75.0,0.48783845704107626
A0379,65.0,0.3557153436669583,70.0,0.41956029550716223,70.0,0.41956029550716223,70.0,0.41956029550716223,70.0,0.41956029550716223,73.0,0.45935985460078366,73.0,0.45935985460078366,75.0,0.48621660970968095
A0380,66.0,0.960756724362157,65.0,0.9586738277839882,65.0,0.9586738277839882,65.0,0.9586738277839882,71.0,0.9697450169212445,65.0,0.9586738277839882,65.0,0.9586738277839882,65.0,0.9586738277839882
A0381,65.5,0.49570902625854724,70.5,0.5627343662333022,70.5,0.5627343662333022,70.5,0.5627343662333022,70.5,0.5627343662333022,73.5,0.6020287699476996,73.5,0.6020287699476996,75.5,0.6275447243521449
A0382,65.0,0.45663040208250444,70.0,0.5238607907638069,70.0,0.5238607907638069,70.0,0.5238607907638069,70.0,0.5238607907638069,73.0,0.5639415709882224,73.0,0.5639415709882224,75.0,0.5902374000426863
A0383,66.0,0.4729399763698348,71.0,0.5401844410400477,71.0,0.5401844410400477,71.0,0.5401844410400477,71.0,0.5401844410400477,74.0,0.5799928099343452,74.0,0.5799928099343452,76.0,0.6059969577565586
A0384,75.0,0.9776139850468556,70.0,0.9708932753670145,70.0,0.9708932753670145,70.0,0.9708932753670145,80.0,0.9828103651351786,67.0,0.9659600823945698,67.0,0.9659600823945698,65.0,0.9622328273555522
A0385,75.0,0.727548348396502,70.0,0.6710169428382421,72.0,0.6943553257005279,80.0,0.7775854275403896,80.0,0.7775854275403896,73.5,0.7112350515491568,81.5,0.7912505224561918,83.5,0.8084937078918472
A0386,65.0,0.5062684654467802,70.0,0.573098995563623,70.0,0.573098995563623,70.0,0.573098995563623,70.0,0.573098995563623,73.0,0.6121040166379293,73.0,0.6121040166379293,75.0,0.6373631042352572
A0387,65.5,0.5408380738213068,69.0,0.5871797685988018,70.5,0.6066251649464235,70.5,0.6066251649464235,70.5,0.6066251649464235,73.5,0.6444672944196489,73.5,0.6444672944196489,75.5,0.6687593857430941
A0388,72.0,0.9853625296648437,67.0,0.9809226861918059,67.0,0.9809226861918059,67.0,0.9809226861918059,77.0,0.988780910883762,65.0,0.9787978245324473,65.0,0.9787978245324473,65.0,0.9787978245324473
A0389,65.5,0.4364681912443851,70.5,0.50348066043081,70.5,0.50348066043081,70.5,0.50348066043081,70.5,0.50348066043081,73.5,0.5437829647623906,73.5,0.5437829647623906,75.5,0.5703683124674555
A0390,74.0,0.9820262375354005,69.0,0.9765984619089043,69.0,0.9765984619089043,69.0,0.9765984619089043,79.0,0.9862128624409299,66.0,0.9726049364321724,66.0,0.9726049364321724,65.0,0.9711320062387696
A0391,65.0,0.4338680971485901,70.0,0.5008361532338175,70.0,0.5008361532338175,70.0,0.5008361532338175,70.0,0.5008361532338175,73.0,0.5411574885758051,73.0,0.5411574885758051,75.0,0.5677742233591995
A0392,65.0,0.39432986821702776,70.0,0.4601555231366341,70.0,0.4601555231366341,70.0,0.4601555231366341,70.0,0.4601555231366341,73.0,0.5004855303188737,73.0,0.5004855303188737,75.0,0.5274011643453721
A0393,75.0,0.7403220441354418,70.0,0.6852946111959519,71.0,0.6967983869881287,80.0,0.7886945179641826,80.0,0.7886945179641826,72.5,0.7135988421681055,80.5,0.7931498112899148,82.5,0.810273729189282
A0394,66.0,0.4533205990082351,71.0,0.5205305050241924,71.0,0.5205305050241924,71.0,0.5205305050241924,71.0,0.5205305050241924,74.0,0.5606565138817086,74.0,0.5606565138817086,76.0,0.5870053672801653
A0395,75.0,0.7806299058031813,70.0,0.7310408413578693,70.0,0.7310408413578693,80.0,0.8232861509864847,80.0,0.8232861509864847,69.5,0.7257104234768768,77.5,0.8028268060337693,79.0,0.8153094257238674
A0396,65.5,0.38806964531772026,70.5,0.453632975714233,70.5,0.453632975714233,70.5,0.453632975714233,70.5,0.453632975714233,73.5,0.49391434554358565,73.5,0.49391434554358565,75.5,0.5208450703532906
A0397,72.0,0.5999038848675649,70.0,0.5737804360517376,77.0,0.6625091099543723,77.0,0.6625091099543723,77.0,0.6625091099543723,79.0,0.6861687676958312,80.0,0.6976546872740192,82.0,0.7198921976556958
A0398,75.0,0.689774688011726,70.0,0.6293979803075685,74.5,0.6839799717771082,80.0,0.7443110398705418,80.0,0.7443110398705418,76.0,0.7011861062964412,83.0,0.773845875626813,85.0,0.7921490697582967
A0399,72.0,0.601180662176601,70.0,0.5750815298857028,77.0,0.6636981006277576,77.0,0.6636981006277576,77.0,0.6636981006277576,79.0,0.6873137453483977,80.0,0.6987761559204301,82.0,0.7209641727829986
A0400,75.0,0.610523112557508,71.5,0.5648599335336357,79.0,0.6603953545315634,80.0,0.6723741661062478,80.0,0.6723741661062478,80.5,0.678281594750969,83.0,0.7069468431870873,85.0,0.7287666215216194
A0401,75.0,0.773193231889017,70.0,0.7225206398022038,70.0,0.7225206398022038,80.0,0.8169564562035154,80.0,0.8169564562035154,70.5,0.7278898033452561,78.0,0.800287030591801,80.0,0.8169564562035154
A0402,65.0,0.46181767590536466,70.0,0.529068165887523,70.0,0.529068165887523,70.0,0.529068165887523,70.0,0.529068165887523,73.0,0.5690711835868445,73.0,0.5690711835868445,75.0,0.5952796765679798
A0403,66.0,0.42947223561588865,71.0,0.49635666640526527,71.0,0.49635666640526527,71.0,0.49635666640526527,71.0,0.49635666640526527,74.0,0.5367051244788293,74.0,0.5367051244788293,76.0,0.5633717472404355
A0404,68.0,0.7215663137806835,65.0,0.6879570728383129,67.5,0.7161210393892771,73.0,0.7723582738609358,73.0,0.7723582738609358,69.0,0.732262217779767,76.0,0.7995259534713873,78.0,0.8162443177818672
A0405,72.0,0.9819161390310488,67.0,0.9764559126166459,67.0,0.9764559126166459,67.0,0.9764559126166459,77.0,0.9861280468987245,65.0,0.9738467992878401,65.0,0.9738467992878401,65.0,0.9738467992878401
A0406,73.0,0.7658948199964998,68.0,0.7141943727599882,68.0,0.7141943727599882,78.0,0.8107215580456402,78.0,0.8107215580456402,69.5,0.7304038585658454,77.0,0.8023138614235885,79.0,0.8188524066521458
A0407,75.0,0.81802513376478,70.0,0.7744468731241129,70.0,0.7744468731241129,79.5,0.8513859044550681,80.0,0.8547627867388266,67.0,0.7449646581166812,74.0,0.8098657748123214,75.5,0.8220015731814659
A0408,65.0,0.4764848722104316,70.0,0.5437134112548184,70.0,0.5437134112548184,70.0,0.5437134112548184,70.0,0.5437134112548184,73.0,0.5834518535151944,73.0,0.5834518535151944,75.0,0.6093860733745671
A0409,75.0,0.9674918474532136,70.0,0.9578632582867258,70.0,0.9578632582867258,70.0,0.9578632582867258,80.0,0.9749777016601592,67.0,0.9508334900494465,67.0,0.9508334900494465,65.0,0.9455433003650252
A0410,73.5,0.9815934643643539,68.5,0.9760381873708551,68.5,0.9760381873708551,68.5,0.9760381873708551,78.5,0.9858794455522275,65.5,0.9719517957843266,65.5,0.9719517957843266,65.0,0.9712078713678378
A0411,75.0,0.6327035154634587,70.5,0.5747711626363948,77.5,0.6634145767518236,80.0,0.6928045420522209,80.0,0.6928045420522209,79.0,0.6812185601242414,83.0,0.7260995456388991,85.0,0.7470036187430249
A0412,65.0,0.46131350540000415,70.0,0.5285626830862622,70.0,0.5285626830862622,70.0,0.5285626830862622,70.0,0.5285626830862622,73.0,0.5685736251637982,73.0,0.5685736251637982,75.0,0.5947908316380511
A0413,65.5,0.4044121874460657,70.5,0.47061314090244155,70.5,0.47061314090244155,70.5,0.47061314090244155,70.5,0.47061314090244155,73.5,0.5109921337318655,73.5,0.5109921337318655,75.5,0.5378643875340975
A0414,65.5,0.43775232212263526,70.5,0.5047853443274203,70.5,0.5047853443274203,70.5,0.5047853443274203,70.5,0.5047853443274203,73.5,0.5450774350821053,73.5,0.5450774350821053,75.5,0.5716467704382471
A0415,72.0,0.9756569892741191,67.0,0.9683677624256563,67.0,0.9683677624256563,67.0,0.9683677624256563,77.0,0.9812989494547006,65.0,0.9648945590658814,65.0,0.9648945590658814,65.0,0.9648945590658814
A0416,65.5,0.9475806287794571,65.0,0.9462260686927692,65.0,0.9462260686927692,65.0,0.9462260686927692,70.5,0.9594594355468893,65.0,0.9462260686927692,65.0,0.9462260686927692,65.0,0.9462260686927692
A0417,65.5,0.9435098152713514,65.0,0.942056494430543,65.0,0.942056494430543,65.0,0.942056494430543,70.5,0.9562685396425079,65.0,0.942056494430543,65.0,0.942056494430543,65.0,0.942056494430543
A0418,75.0,0.8134609209297701,70.0,0.7690981709558846,70.0,0.7690981709558846,80.0,0.850952121330772,80.0,0.850952121330772,67.0,0.7391523037097731,74.0,0.8051456602374008,76.0,0.8215000035216
A0419,65.0,0.9426486622968929,65.0,0.9426486622968929,65.0,0.9426486622968929,65.0,0.9426486622968929,70.0,0.9555927301728664,65.0,0.9426486622968929,65.0,0.9426486622968929,65.5,0.9440880120836259
A0420,70.0,0.9469447327086548,65.0,0.931660174484708,65.0,0.931660174484708,65.0,0.931660174484708,75.0,0.9589613996815504,65.0,0.931660174484708,65.0,0.931660174484708,65.0,0.931660174484708
A0421,65.5,0.4798535191122914,70.5,0.5470606815030629,70.5,0.5470606815030629,70.5,0.5470606815030629,70.5,0.5470606815030629,73.5,0.5867291857482086,73.5,0.5867291857482086,75.5,0.6125948436896985
A0422,66.5,0.598771851007587,67.0,0.6052272062848291,71.5,0.66145424813937,71.5,0.66145424813937,71.5,0.66145424813937,74.5,0.6966593794090838,74.5,0.6966593794090838,76.5,0.7189406031517285
A0423,65.5,0.37297588178616004,70.5,0.4378136287303822,70.5,0.4378136287303822,70.5,0.4378136287303822,70.5,0.4378136287303822,73.5,0.47791901808358367,73.5,0.47791901808358367,75.5,0.5048476093474441
A0424,75.0,0.8357497136192165,70.0,0.7953541617238727,70.0,0.7953541617238727,77.5,0.8534166103397766,80.0,0.8694800077572531,67.0,0.7677853329703636,72.0,0.8123387708123176,74.0,0.828218196148074
A0425,65.5,0.6241912871140305,65.0,0.6178502307064642,70.5,0.6849917027305689,70.5,0.6849917027305689,70.5,0.6849917027305689,73.0,0.7133117799172713,73.5,0.7187897802536086,75.5,0.7400520096400617
A0426,80.0,0.8378193061388922,75.0,0.7978096085089782,75.0,0.7978096085089782,81.5,0.848504657039225,85.0,0.8711900951894728,72.0,0.7704761066387305,75.5,0.8021209326494534,77.5,0.818671970554336
A0427,66.0,0.5480203422724318,69.0,0.5876681475550988,71.0,0.6135137489465675,71.0,0.6135137489465675,71.0,0.6135137489465675,74.0,0.6510743694978534,74.0,0.6510743694978534,76.0,0.6751425815435399
A0428,75.0,0.6952519054067563,70.0,0.6353776928374415,74.0,0.6837160877560516,80.0,0.7491755164166535,80.0,0.7491755164166535,75.5,0.7009303076086238,83.0,0.7783158077105784,85.0,0.7963524419784795
A0429,75.0,0.8357935269742574,70.0,0.7954061126403523,70.0,0.7954061126403523,77.5,0.8534565374190286,80.0,0.869516228395883,67.0,0.7678422396201334,72.0,0.8123874271169857,74.0,0.8282636056888224
A0430,66.0,0.5164785030847927,70.5,0.5765010007180313,71.0,0.5830651704240998,71.0,0.5830651704240998,71.0,0.5830651704240998,74.0,0.6217605822301591,74.0,0.6217605822301591,76.0,0.6467537436865711
A0431,75.0,0.8359180950751488,70.0,0.7955538243980073,70.0,0.7955538243980073,77.5,0.8535700537806996,80.0,0.8696192049766989,67.0,0.7680040474593056,72.0,0.8125257684405237,74.0,0.8283927131836956
A0432,65.0,0.5776325658469932,67.0,0.6036829914103956,70.0,0.641640954418995,70.0,0.641640954418995,70.0,0.641640954418995,73.0,0.6779031533650958,73.0,0.6779031533650958,75.0,0.7009707213144145
A0433,65.5,0.5434023963776524,69.0,0.5896816332334482,70.5,0.6090876386055186,70.5,0.6090876386055186,70.5,0.6090876386055186,73.5,0.6468307937259707,73.5,0.6468307937259707,75.5,0.6710438254491716
A0434,65.5,0.5660102079016682,68.0,0.5987613394264845,70.5,0.6306537075618958,70.5,0.6306537075618958,70.5,0.6306537075618958,73.5,0.6674514823131329,73.5,0.6674514823131329,75.5,0.6909262983063478
A0435,75.0,0.7658643029284846,70.0,0.7141596314629978,70.0,0.7141596314629978,80.0,0.8106954401105937,80.0,0.8106954401105937,71.0,0.725031635687308,78.5,0.7979782468840374,80.5,0.8147957828527945
A0436,75.0,0.6635788845005318,70.0,0.6010526056188168,76.0,0.6755005811262502,80.0,0.7208567189156191,80.0,0.7208567189156191,77.5,0.6929611428088583,83.0,0.7521988072481613,85.0,0.7717371745791868
A0437,75.0,0.7298605437725029,70.0,0.673593659821094,72.0,0.6968318352866912,80.0,0.7796016161940381,80.0,0.7796016161940381,73.5,0.7136311987873195,81.5,0.7931757853540718,83.5,0.8102980672972688
A0438,75.0,0.769519701268488,70.0,0.7183253709157854,70.0,0.7183253709157854,80.0,0.8138210684688099,80.0,0.8138210684688099,70.5,0.7237446738000907,78.0,0.7969370814406525,80.0,0.8138210684688099
A0439,75.0,0.7792599678768751,70.0,0.7294685464451471,70.0,0.7294685464451471,80.0,0.8221218965460914,80.0,0.8221218965460914,70.0,0.7294685464451471,77.5,0.801560247855305,79.5,0.8181475504545032
A0440,69.5,0.46602014007854115,74.5,0.53327620881507,74.5,0.53327620881507,74.5,0.53327620881507,74.5,0.53327620881507,77.5,0.5732101251378353,77.5,0.5732101251378353,79.5,0.5993441207789697
A0441,67.0,0.21321086480528467,72.0,0.26187469402224345,72.0,0.26187469402224345,72.0,0.26187469402224345,72.0,0.26187469402224345,75.0,0.2943003679357324,75.0,0.2943003679357324,77.0,0.3171681995124452
A0442,69.0,0.3785776403349844,74.0,0.44370009987002373,74.0,0.44370009987002373,74.0,0.44370009987002373,74.0,0.44370009987002373,77.0,0.483880596489897,77.0,0.483880596489897,79.0,0.5108164353905574
A0443,73.0,0.3817526346625214,78.0,0.4470283664129761,78.0,0.4470283664129761,78.0,0.4470283664129761,78.0,0.4470283664129761,81.0,0.48724627593240943,81.0,0.48724627593240943,83.0,0.5141828178270059
A0444,66.5,0.4072544113570744,71.5,0.4735506980694634,71.5,0.4735506980694634,71.5,0.4735506980694634,71.5,0.4735506980694634,74.5,0.5139370466633456,74.5,0.5139370466633456,76.5,0.5407929002046767
A0445,72.0,0.282001055679845,77.0,0.3395890376945297,77.0,0.3395890376945297,77.0,0.3395890376945297,77.0,0.3395890376945297,80.0,0.3767261519711482,80.0,0.3767261519711482,82.0,0.4023471026282414
A0446,72.0,0.2692932673201868,77.0,0.3254624947307921,77.0,0.3254624947307921,77.0,0.3254624947307921,77.0,0.3254624947307921,80.0,0.36190132117407425,80.0,0.36190132117407425,82.0,0.38714029412663825
A0447,66.5,0.23078948589024562,71.5,0.28202732308825645,71.5,0.28202732308825645,71.5,0.28202732308825645,71.5,0.28202732308825645,74.5,0.31588044883590205,74.5,0.31588044883590205,76.5,0.3396181319587222
A0448,67.0,0.18801490333166118,72.0,0.23262826285158475,72.0,0.23262826285158475,72.0,0.23262826285158475,72.0,0.23262826285158475,75.0,0.26272154837201106,75.0,0.26272154837201106,77.0,0.2841235413515787
A0449,66.0,0.38034663505746485,71.0,0.4455552138370682,71.0,0.4455552138370682,71.0,0.4455552138370682,71.0,0.4455552138370682,74.0,0.4857570134494384,74.0,0.4857570134494384,76.0,0.5126935456813843
A0450,85.0,0.5613407241048513,80.0,0.4942937354998395,85.0,0.5613407241048513,85.0,0.5613407241048513,85.0,0.5613407241048513,85.0,0.5613407241048513,85.0,0.5613407241048513,85.0,0.5613407241048513
A0451,66.0,0.16593585449025597,71.0,0.20664345444503376,71.0,0.20664345444503376,71.0,0.20664345444503376,71.0,0.20664345444503376,74.0,0.2344020816427051,74.0,0.2344020816427051,76.0,0.25429278990535104
A0452,65.5,0.2483267456003896,70.5,0.3019297898100339,70.5,0.3019297898100339,70.5,0.3019297898100339,70.5,0.3019297898100339,73.5,0.3370504009098737,73.5,0.3370504009098737,75.5,0.3615382246436842
A0453,65.5,0.2275697066641516,70.5,0.27835138877662485,70.5,0.27835138877662485,70.5,0.27835138877662485,70.5,0.27835138877662485,73.5,0.3119549904998643,73.5,0.3119549904998643,75.5,0.33554236880303673
A0454,66.0,0.3716178007159728,71.0,0.4363837676619628,71.0,0.4363837676619628,71.0,0.4363837676619628,71.0,0.4363837676619628,74.0,0.4764691862415283,74.0,0.4764691862415283,76.0,0.5033948536330412
A0455,72.0,0.31533475326066,77.0,0.3761635768820265,77.0,0.3761635768820265,77.0,0.3761635768820265,77.0,0.3761635768820265,80.0,0.41478829579420184,80.0,0.41478829579420184,82.0,0.4411655801923376
A0456,65.0,0.1709766853784915,70.0,0.2126056892187041,70.0,0.2126056892187041,70.0,0.2126056892187041,70.0,0.2126056892187041,73.0,0.2409220127809703,73.0,0.2409220127809703,75.0,0.26117724319725755
A0457,72.0,0.7524737917815912,67.0,0.6989743465663841,68.5,0.7157034246152918,77.0,0.7991966310092766,77.0,0.7991966310092766,69.5,0.7265391943827815,77.0,0.7991966310092766,79.0,0.8159361363293334
A0458,66.5,0.3253015483422664,71.5,0.38696634459371726,71.5,0.38696634459371726,71.5,0.38696634459371726,71.5,0.38696634459371726,74.5,0.42594293525789995,74.5,0.42594293525789995,76.5,0.4524811052570076
A0459,72.0,0.98453480806189,67.0,0.97984903408786,67.0,0.97984903408786,67.0,0.97984903408786,77.0,0.9881441665397556,65.0,0.9776073172538357,65.0,0.9776073172538357,65.0,0.9776073172538357
A0460,85.0,0.7000191863316553,80.0,0.6405974250824901,80.5,0.6467768198886031,85.0,0.7000191863316553,85.0,0.7000191863316553,82.0,0.6650164915363159,85.0,0.7000191863316553,85.0,0.7000191863316553
A0461,65.5,0.4322715275131853,70.5,0.49921045325855556,70.5,0.49921045325855556,70.5,0.49921045325855556,70.5,0.49921045325855556,73.5,0.5395423759441177,73.5,0.5395423759441177,75.5,0.5661776935795014
A0462,65.5,0.3172393822953606,70.5,0.3782326448556758,70.5,0.3782326448556758,70.5,0.3782326448556758,70.5,0.3782326448556758,73.5,0.4169278283940281,73.5,0.4169278283940281,75.5,0.44333809738315794
A0463,65.0,0.46719472520742783,70.0,0.534450644489582,70.0,0.534450644489582,70.0,0.534450644489582,70.0,0.534450644489582,73.0,0.5743642776978579,73.0,0.5743642776978579,75.0,0.6004768588188822
A0464,65.5,0.224780741634903,70.5,0.2751617716948398,70.5,0.2751617716948398,70.5,0.2751617716948398,70.5,0.2751617716948398,73.5,0.3085449466910899,73.5,0.3085449466910899,75.5,0.3319989000320074
A0465,67.0,0.19275982116067092,72.0,0.23816883814139542,72.0,0.23816883814139542,72.0,0.23816883814139542,72.0,0.23816883814139542,75.0,0.26872786702363555,75.0,0.26872786702363555,77.0,0.29042641080049625
A0466,67.0,0.2873689170372395,72.0,0.34552556058961376,72.0,0.34552556058961376,72.0,0.34552556058961376,72.0,0.34552556058961376,75.0,0.3829354451369564,75.0,0.3829354451369564,77.0,0.40870177621616705
A0467,65.5,0.33433109944742456,70.5,0.3967011539755878,70.5,0.3967011539755878,70.5,0.3967011539755878,70.5,0.3967011539755878,73.5,0.4359609655875047,73.5,0.4359609655875047,75.5,0.46262030006676647
A0468,80.0,0.3673333127822796,83.0,0.40564090165038896,85.0,0.43186575962042323,85.0,0.43186575962042323,85.0,0.43186575962042323,85.0,0.43186575962042323,85.0,0.43186575962042323,85.0,0.43186575962042323
A0469,65.0,0.49388757824037327,70.0,0.5609405841093721,70.0,0.5609405841093721,70.0,0.5609405841093721,70.0,0.5609405841093721,73.0,0.6002816840706777,73.0,0.6002816840706777,75.0,0.6258400361484153
A0470,75.0,0.7354739280019845,70.0,0.6798634024906308,71.5,0.6971944433530309,80.0,0.7844866030987316,80.0,0.7844866030987316,73.0,0.7139819610718185,81.0,0.7934573154975111,83.0,0.8105618570177863
A0471,80.0,0.5874799268070429,75.0,0.5210191212674233,83.0,0.6260284048407359,85.0,0.650897898509025,85.0,0.650897898509025,85.0,0.650897898509025,85.0,0.650897898509025,85.0,0.650897898509025
A0472,65.0,0.4390078109467064,70.0,0.5060600457564278,70.0,0.5060600457564278,70.0,0.5060600457564278,70.0,0.5060600457564278,73.0,0.5463416319440384,73.0,0.5463416319440384,75.0,0.5728949871737017
A0473,66.0,0.5772624249077516,67.5,0.5968542337629144,71.0,0.6412920731519302,71.0,0.6412920731519302,71.0,0.6412920731519302,74.0,0.6775718352161977,74.0,0.6775718352161977,76.0,0.7006526533773044
A0474,65.0,0.3843834539406738,70.0,0.44978176288832794,70.0,0.44978176288832794,70.0,0.44978176288832794,70.0,0.44978176288832794,73.0,0.4900278694152838,73.0,0.4900278694152838,75.0,0.5169631488984813
A0475,65.5,0.5775977227072261,67.5,0.603648822710488,70.5,0.641608115443079,70.5,0.641608115443079,70.5,0.641608115443079,73.5,0.6778719690985379,73.5,0.6778719690985379,75.5,0.7009407851311172
A0476,65.0,0.5087348863546084,70.0,0.5755114881111543,70.0,0.5755114881111543,70.0,0.5755114881111543,70.0,0.5755114881111543,73.0,0.6144443766174181,73.0,0.6144443766174181,75.0,0.6396407854653811
A0477,80.0,0.577342775269751,75.5,0.5173396976099855,83.5,0.6225712922587602,85.0,0.6413678142132211,85.0,0.6413678142132211,85.0,0.6413678142132211,85.0,0.6413678142132211,85.0,0.6413678142132211
A0478,80.0,0.581567503719381,75.5,0.5216672820535652,83.5,0.6266362950369186,85.0,0.6453456976512418,85.0,0.6453456976512418,85.0,0.6453456976512418,85.0,0.6453456976512418,85.0,0.6453456976512418
A0479,66.0,0.9113022612608774,65.0,0.9068489904457392,65.0,0.9068489904457392,65.0,0.9068489904457392,71.0,0.9308017915899676,65.0,0.9068489904457392,65.0,0.9068489904457392,65.0,0.9068489904457392
A0480,66.5,0.41460373100227726,71.5,0.4811253094795684,71.5,0.4811253094795684,71.5,0.4811253094795684,71.5,0.4811253094795684,74.5,0.5215177095184119,74.5,0.5215177095184119,76.5,0.5483228228915502
A0481,80.0,0.6524320381811132,75.0,0.5891168325645704,80.0,0.6524320381811132,85.0,0.7107805325550353,85.0,0.7107805325550353,81.5,0.6705284448551189,85.0,0.7107805325550353,85.0,0.7107805325550353
A0482,65.5,0.5486184795595583,68.5,0.5882532376781168,70.5,0.614086248268071,70.5,0.614086248268071,70.5,0.614086248268071,73.5,0.6516228241380543,73.5,0.6516228241380543,75.5,0.6756720502521872
A0483,65.5,0.9102962306189951,65.0,0.9080716795382953,65.0,0.9080716795382953,65.0,0.9080716795382953,70.5,0.9299999405671698,65.0,0.9080716795382953,65.0,0.9080716795382953,65.0,0.9080716795382953
A0484,65.5,0.4744551254237686,70.5,0.5416936087808913,70.5,0.5416936087808913,70.5,0.5416936087808913,70.5,0.5416936087808913,73.5,0.5814725522164826,73.5,0.5814725522164826,75.5,0.607447091878428
A0485,65.5,0.5407214415676517,69.0,0.5870659201677683,70.5,0.6065130855054464,70.5,0.6065130855054464,70.5,0.6065130855054464,73.5,0.6443596758738527,73.5,0.6443596758738527,75.5,0.6686553398108888
A0486,70.0,0.9212223167073382,65.0,0.8993153590855482,65.0,0.8993153590855482,65.0,0.8993153590855482,75.0,0.9386877247235726,65.0,0.8993153590855482,65.0,0.8993153590855482,65.0,0.8993153590855482
A0487,70.5,0.4545042076832635,75.5,0.5217221249522052,75.5,0.5217221249522052,75.5,0.5217221249522052,75.5,0.5217221249522052,78.5,0.5618323545010749,78.5,0.5618323545010749,80.5,0.5881624895519334
A0488,72.0,0.513421736138819,74.0,0.5402805933080916,77.0,0.5800871087941478,77.0,0.5800871087941478,77.0,0.5800871087941478,80.0,0.6188782482909084,80.0,0.6188782482909084,82.0,0.6439528031024414
A0489,66.5,0.8886863424052689,65.0,0.8804357475228536,65.0,0.8804357475228536,65.0,0.8804357475228536,71.5,0.9126814141174476,65.0,0.8804357475228536,65.0,0.8804357475228536,65.0,0.8804357475228536
A0490,65.5,0.47636277414951234,70.5,0.5435919738562782,70.5,0.5435919738562782,70.5,0.5435919738562782,70.5,0.5435919738562782,73.5,0.5833328873716552,73.5,0.5833328873716552,75.5,0.6092695537934446
A0491,70.5,0.968440396237989,65.5,0.9590808751865202,65.5,0.9590808751865202,65.5,0.9590808751865202,75.5,0.9757133053709315,65.0,0.958010322406643,65.0,0.958010322406643,65.0,0.958010322406643
A0492,71.5,0.959602047531355,66.5,0.9477627524984187,66.5,0.9477627524984187,66.5,0.9477627524984187,76.5,0.9688462319462459,65.0,0.943613084214507,65.0,0.943613084214507,65.0,0.943613084214507
A0493,70.0,0.42197695870690677,75.0,0.4886939593773561,75.0,0.4886939593773561,75.0,0.4886939593773561,75.0,0.4886939593773561,78.0,0.5290738694117259,78.0,0.5290738694117259,80.0,0.5558162125295616
A0494,66.5,0.9651506563613803,65.0,0.9623273592853934,65.0,0.9623273592853934,65.0,0.9623273592853934,71.5,0.9731606753637848,65.0,0.9623273592853934,65.0,0.9623273592853934,65.0,0.9623273592853934
A0495,69.0,0.9752463788285346,65.0,0.9694739571705461,65.0,0.9694739571705461,65.0,0.9694739571705461,74.0,0.9809816507900054,65.0,0.9694739571705461,65.0,0.9694739571705461,65.0,0.9694739571705461
A0496,67.5,0.9661689457924981,65.0,0.9614780672711367,65.0,0.9614780672711367,65.0,0.9614780672711367,72.5,0.973951230842973,65.0,0.9614780672711367,65.0,0.9614780672711367,65.0,0.9614780672711367
A0497,68.5,0.9477677398898527,65.0,0.9376028791583548,65.0,0.9376028791583548,65.0,0.9376028791583548,73.5,0.9596059527336445,65.0,0.9376028791583548,65.0,0.9376028791583548,65.0,0.9376028791583548
A0498,70.0,0.9600635003965166,65.0,0.948352163120182,65.0,0.948352163120182,65.0,0.948352163120182,75.0,0.9692054800439805,65.0,0.948352163120182,65.0,0.948352163120182,65.0,0.948352163120182
A0499,70.0,0.5620717700766882,70.5,0.5686922668320259,75.0,0.6269152257924138,75.0,0.6269152257924138,75.0,0.6269152257924138,78.0,0.6638869557323045,78.0,0.6638869557323045,80.0,0.6874955830674329
A0500,67.5,0.8852334391014441,65.0,0.8708208025078995,65.0,0.8708208025078995,65.0,0.8708208025078995,72.5,0.9098973626962313,65.0,0.8708208025078995,65.0,0.8708208025078995,65.0,0.8708208025078995
A0501,70.0,0.9338667376986027,65.0,0.9151521567561284,65.0,0.9151521567561284,65.0,0.9151521567561284,75.0,0.9486849686234384,65.0,0.9151521567561284,65.0,0.9151521567561284,65.0,0.9151521567561284
A0502,70.0,0.5757224279055281,70.0,0.5757224279055281,75.0,0.6398398006949934,75.0,0.6398398006949934,75.0,0.6398398006949934,78.0,0.6761922801039219,78.0,0.6761922801039219,80.0,0.6993280305824099
A0503,70.0,0.5735652916973704,70.0,0.5735652916973704,75.0,0.6378035685291987,75.0,0.6378035685291987,75.0,0.6378035685291987,78.0,0.6742569401844039,78.0,0.6742569401844039,80.0,0.6974691026786021
A0504,70.0,0.943518461016649,65.0,0.9273225935035326,65.0,0.9273225935035326,65.0,0.9273225935035326,75.0,0.956275323175934,65.0,0.9273225935035326,65.0,0.9273225935035326,65.0,0.9273225935035326
A0505,68.0,0.9775768637979838,65.0,0.9737458162100782,65.0,0.9737458162100782,65.0,0.9737458162100782,73.0,0.982781708935724,65.0,0.9737458162100782,65.0,0.9737458162100782,65.0,0.9737458162100782
A0506,69.5,0.9452554609862263,65.0,0.9312652702702942,65.0,0.9312652702702942,65.0,0.9312652702702942,74.5,0.9576376204925882,65.0,0.9312652702702942,65.0,0.9312652702702942,65.0,0.9312652702702942
A0507,67.5,0.9386111991871299,65.0,0.9303746312837929,65.0,0.9303746312837929,65.0,0.9303746312837929,72.5,0.9524205189299888,65.0,0.9303746312837929,65.0,0.9303746312837929,65.0,0.9303746312837929
A0508,72.5,0.9567110942830993,67.5,0.9440739347693181,67.5,0.9440739347693181,67.5,0.9440739347693181,77.5,0.966593780268265,65.0,0.9365207356132659,65.0,0.9365207356132659,65.0,0.9365207356132659
A0509,65.0,0.9047215048970952,65.0,0.9047215048970952,65.0,0.9047215048970952,65.0,0.9047215048970952,70.0,0.925549571874686,65.0,0.9047215048970952,65.0,0.9047215048970952,65.0,0.9047215048970952
A0510,70.0,0.5223021279050133,72.5,0.5557628954213737,75.0,0.5887254356561493,75.0,0.5887254356561493,75.0,0.5887254356561493,78.0,0.6272313762994614,78.0,0.6272313762994614,80.0,0.652065332962986
A0511,67.0,0.8574892099187049,65.0,0.8438052928257407,65.0,0.8438052928257407,68.0,0.8639481989043993,72.0,0.887356817059385,65.0,0.8438052928257407,65.0,0.8438052928257407,65.0,0.8438052928257407
A0512,67.0,0.9741392675104058,65.0,0.971280978452884,65.0,0.971280978452884,65.0,0.971280978452884,72.0,0.9801258234630408,65.0,0.971280978452884,65.0,0.971280978452884,65.0,0.971280978452884
A0513,66.0,0.8915929398631475,65.0,0.8862736094307019,65.0,0.8862736094307019,65.0,0.8862736094307019,71.0,0.9150213704143781,65.0,0.8862736094307019,65.0,0.8862736094307019,65.0,0.8862736094307019
A0514,72.5,0.45937521931462144,76.0,0.5064355640996624,77.5,0.5266180667153534,77.5,0.5266180667153534,77.5,0.5266180667153534,80.5,0.566658740985132,80.5,0.566658740985132,82.5,0.5929089966871163
A0515,68.5,0.9745431235427683,65.0,0.9694208689361441,65.0,0.9694208689361441,65.0,0.9694208689361441,73.5,0.980438067389443,65.0,0.9694208689361441,65.0,0.9694208689361441,65.0,0.9694208689361441
A0516,66.0,0.9036774549309101,65.0,0.8988838404153606,65.0,0.8988838404153606,65.0,0.8988838404153606,71.0,0.9247147613091256,65.0,0.8988838404153606,65.0,0.8988838404153606,65.0,0.8988838404153606
A0517,69.5,0.9740216754468664,65.0,0.9671271537918592,65.0,0.9671271537918592,65.0,0.9671271537918592,74.5,0.9800348951255137,65.0,0.9671271537918592,65.0,0.9671271537918592,65.0,0.9671271537918592
A0518,67.5,0.9682928613765638,65.0,0.9638854685775681,65.0,0.9638854685775681,65.0,0.9638854685775681,72.5,0.9755989132529191,65.0,0.9638854685775681,65.0,0.9638854685775681,65.0,0.9638854685775681
A0519,69.0,0.9679143154752281,65.0,0.960501342017144,65.0,0.960501342017144,65.0,0.960501342017144,74.0,0.9753053684691877,65.0,0.960501342017144,65.0,0.960501342017144,65.0,0.960501342017144
A0520,66.5,0.9651181720309466,65.0,0.9622923460761729,65.0,0.9622923460761729,65.0,0.9622923460761729,71.5,0.9731354496362536,65.0,0.9622923460761729,65.0,0.9622923460761729,65.0,0.9622923460761729
A0521,65.5,0.923942109534882,65.0,0.9220269742363201,65.0,0.9220269742363201,65.0,0.9220269742363201,70.5,0.9408432472382297,65.0,0.9220269742363201,65.0,0.9220269742363201,65.0,0.9220269742363201
A0522,70.0,0.5268394748164004,72.0,0.5536016453966441,75.0,0.5931233548615663,75.0,0.5931233548615663,75.0,0.5931233548615663,78.0,0.6314752854520685,78.0,0.6314752854520685,80.0,0.6561814910780088
A0523,75.0,0.951329459041005,70.0,0.9372243454706057,70.0,0.9372243454706057,70.0,0.9372243454706057,80.0,0.9623924555533137,67.0,0.9270137048364,67.0,0.9270137048364,65.0,0.9193778825523868
A0524,65.0,0.9060995913574007,65.0,0.9060995913574007,65.0,0.9060995913574007,65.0,0.9060995913574007,70.0,0.9266508295813762,65.0,0.9060995913574007,65.0,0.9060995913574007,65.0,0.9060995913574007
A0525,68.0,0.8714013906989594,65.0,0.8521731432637731,65.0,0.8521731432637731,67.0,0.8652410466092996,73.0,0.8986977235948999,65.0,0.8521731432637731,65.0,0.8521731432637731,65.0,0.8521731432637731
A0526,66.5,0.9520079377789036,65.0,0.9481770626195795,65.0,0.9481770626195795,65.0,0.9481770626195795,71.5,0.962922724155424,65.0,0.9481770626195795,65.0,0.9481770626195795,65.0,0.9481770626195795
A0527,69.0,0.9553353482935288,65.0,0.9451807677663809,65.0,0.9451807677663809,65.0,0.9451807677663809,74.0,0.9655207925160094,65.0,0.9451807677663809,65.0,0.9451807677663809,65.0,0.9451807677663809
A0528,67.0,0.978980179866687,65.0,0.976644110297801,65.0,0.976644110297801,65.0,0.976644110297801,72.0,0.9838646645375525,65.0,0.976644110297801,65.0,0.976644110297801,65.0,0.976644110297801
A0529,69.5,0.9335659983531474,65.0,0.916851292463437,65.0,0.916851292463437,65.0,0.916851292463437,74.5,0.948447894936682,65.0,0.916851292463437,65.0,0.916851292463437,65.0,0.916851292463437
A0530,65.5,0.9423764862934242,65.0,0.9408958348261992,65.0,0.9408958348261992,65.0,0.9408958348261992,70.5,0.9553790758727008,65.0,0.9408958348261992,65.0,0.9408958348261992,65.0,0.9408958348261992
A0531,71.0,0.9681315795390435,66.0,0.9586843809890329,66.0,0.9586843809890329,66.0,0.9586843809890329,76.0,0.9754738531370764,65.0,0.9564964721585246,65.0,0.9564964721585246,65.0,0.9564964721585246
A0532,68.0,0.9708924201063728,65.0,0.9659590872612416,65.0,0.9659590872612416,65.0,0.9659590872612416,73.0,0.9776133227114976,65.0,0.9659590872612416,65.0,0.9659590872612416,65.0,0.9659590872612416
A0533,68.0,0.9522288284621668,65.0,0.9443137035843635,65.0,0.9443137035843635,65.0,0.9443137035843635,73.0,0.9630953253328453,65.0,0.9443137035843635,65.0,0.9443137035843635,65.0,0.9443137035843635
A0534,67.0,0.9499926175335744,65.0,0.9446172220337502,65.0,0.9446172220337502,65.0,0.9446172220337502,72.0,0.9613471368227178,65.0,0.9446172220337502,65.0,0.9446172220337502,65.0,0.9446172220337502
A0535,66.0,0.9527025306071492,65.0,0.9502142975803041,65.0,0.9502142975803041,65.0,0.9502142975803041,71.0,0.9634654087695391,65.0,0.9502142975803041,65.0,0.9502142975803041,65.0,0.9502142975803041
A0536,67.5,0.9603262730641311,65.0,0.9548631196932723,65.0,0.9548631196932723,65.0,0.9548631196932723,72.5,0.9694100172523359,65.0,0.9548631196932723,65.0,0.9548631196932723,65.0,0.9548631196932723
A0537,66.0,0.8997609763726937,65.0,0.8947951442778199,65.0,0.8947951442778199,65.0,0.8947951442778199,71.0,0.9215794313267364,65.0,0.8947951442778199,65.0,0.8947951442778199,65.0,0.8947951442778199
A0538,66.0,0.6965542054437893,65.0,0.6850453527321315,67.5,0.7133626249605469,71.0,0.7503301320926217,71.0,0.7503301320926217,69.0,0.7296014235379871,74.0,0.7793757855110022,76.0,0.797348632937781
A0539,67.0,0.9677642694265712,65.0,0.9642272506954446,65.0,0.9642272506954446,65.0,0.9642272506954446,72.0,0.9751890000821304,65.0,0.9642272506954446,65.0,0.9642272506954446,65.0,0.9642272506954446
A0540,70.0,0.6171885924734698,68.0,0.5914250812979599,75.0,0.678538475971134,75.0,0.678538475971134,75.0,0.678538475971134,76.5,0.6959091614772258,78.0,0.712738575914745,80.0,0.7342892028344383
A0541,75.0,0.7271803250351567,70.0,0.6706071300357891,72.0,0.6939613259708769,80.0,0.7772643013087432,80.0,0.7772643013087432,73.5,0.7108537500110204,81.5,0.7909438216920508,83.5,0.808206200477793
A0542,70.0,0.47463257424202554,74.5,0.5351745837980786,75.0,0.5418702764212401,75.0,0.5418702764212401,75.0,0.5418702764212401,78.0,0.5816457284356904,78.0,0.5816457284356904,80.0,0.607616773075254
A0543,70.0,0.6626607523712805,66.0,0.6129261995169853,72.5,0.6920859896026816,75.0,0.7200289524498321,75.0,0.7200289524498321,74.0,0.7090385260968,78.0,0.7514319337500358,80.0,0.7710123595027831
A0544,75.0,0.8168230693939618,70.0,0.7730368139132352,70.0,0.7730368139132352,79.5,0.8503638991775146,80.0,0.8537600151064004,67.0,0.7434313495593631,74.0,0.8086224219460194,76.0,0.8247484730373961
A0545,70.0,0.6884428204048154,65.0,0.6279467159594369,71.0,0.6998819143654851,75.0,0.7431261159897616,75.0,0.7431261159897616,72.5,0.7165810066432106,78.0,0.772756035311636,80.0,0.7911236249808417
A0546,70.0,0.6997919151769054,65.0,0.6403482644984587,70.5,0.7054215656142132,75.0,0.7531973637951992,75.0,0.7531973637951992,72.0,0.721934885051064,78.0,0.7820063644044633,80.0,0.7998199566779809
A0547,75.0,0.6489934864231534,70.0,0.5854498945168107,76.5,0.6671775957557368,80.0,0.7076605798068848,80.0,0.7076605798068848,78.5,0.6906627851177779,83.0,0.7399498149781513,85.0,0.7601460142382395
A0548,75.0,0.7926781282683844,70.0,0.7449226547127846,70.0,0.7449226547127846,80.0,0.8334913235004077,80.0,0.8334913235004077,68.5,0.7292625400877935,76.0,0.8013941921438222,78.0,0.8179922233375466
A0549,70.0,0.6322318925692786,67.5,0.6003894488614193,74.5,0.6866043315078355,75.0,0.6923725693021964,75.0,0.6923725693021964,76.0,0.7037294716135067,78.0,0.7256958546060448,80.0,0.7466199860344
A0550,69.5,0.7419887630104821,65.0,0.6929278039668642,67.0,0.7153711376288739,74.5,0.7901387736303306,74.5,0.7901387736303306,68.5,0.7315389703800631,76.0,0.8032277693371974,78.0,0.8197070378400743
A0551,70.0,0.6612875758315122,66.0,0.6114692733122614,72.5,0.6907766983414663,75.0,0.7187902003333388,75.0,0.7187902003333388,74.0,0.7077708820552245,78.0,0.7502839384159646,80.0,0.769927107009974
A0552,70.5,0.7744687934430454,65.5,0.7239794487235685,65.5,0.7239794487235685,75.5,0.8180438139882471,75.5,0.8180438139882471,67.0,0.7398361323384499,74.0,0.8057019604662617,76.0,0.822019934024036
A0553,68.0,0.6011786180399358,68.0,0.6011786180399358,73.0,0.663696197671331,73.0,0.663696197671331,73.0,0.663696197671331,76.0,0.6987743613665478,76.0,0.6987743613665478,78.0,0.7209624576302109
A0554,66.5,0.6546929850109267,65.0,0.6361987093206398,70.5,0.7016730240573895,71.5,0.7128289845795371,71.5,0.7128289845795371,72.0,0.718312567069853,74.5,0.7447532660436548,76.5,0.7646950463631248
A0555,67.5,0.6566827855579821,65.0,0.6257040410133085,71.0,0.697864220241321,72.5,0.7146298043157341,72.5,0.7146298043157341,72.5,0.7146298043157341,75.5,0.7464251069439767,77.5,0.7662772614505556
A0556,67.0,0.6199708998104801,66.5,0.613602714622334,72.0,0.681105276790355,72.0,0.681105276790355,72.0,0.681105276790355,74.5,0.7096266405444313,75.0,0.715146936531406,77.0,0.7365836613425567
A0557,70.0,0.6582174866383846,66.5,0.6146163669335208,73.0,0.6936032929775736,75.0,0.7160174898038194,75.0,0.7160174898038194,74.5,0.7105072353131758,78.0,0.7477127629196676,80.0,0.7674955091843128
A0558,66.5,0.6544756399763764,65.0,0.6359761960428126,70.5,0.7014717658702787,71.5,0.7126321701831406,71.5,0.7126321701831406,72.0,0.7181180247301324,74.5,0.7445704910199142,76.5,0.7645220360815776
A0559,75.0,0.7740077849129288,70.0,0.7234520875134834,70.0,0.7234520875134834,80.0,0.8176509052061616,80.0,0.8176509052061616,70.0,0.7234520875134834,78.0,0.8010293190411356,80.0,0.8176509052061616
A0560,66.5,0.6577404337993132,65.0,0.639319456824464,70.5,0.7044930018201919,71.5,0.7155862531297358,71.5,0.7155862531297358,72.0,0.7210377896157334,74.5,0.7473126710446784,76.5,0.7671170186098936
A0561,71.5,0.710260561376197,66.5,0.6518585464627769,70.5,0.6990469489021668,76.5,0.7624359087160018,76.5,0.7624359087160018,72.0,0.7157736328519113,79.5,0.7904665078406148,81.5,0.8077587203276313
A0562,73.0,0.5647708847839112,72.5,0.5581369639488029,78.0,0.6294781412442194,78.0,0.6294781412442194,78.0,0.6294781412442194,81.0,0.66633107014386,81.0,0.66633107014386,83.0,0.6898482248796833
A0563,73.5,0.7123330385888982,68.5,0.654145351075235,72.0,0.6954900161080495,78.5,0.7642590505160581,78.5,0.7642590505160581,73.5,0.7123330385888982,81.5,0.7921331820659591,83.5,0.80932102789075
A0564,75.0,0.7214067997232181,70.0,0.6641892558990198,72.5,0.6935428249177523,80.0,0.7722186726702714,80.0,0.7722186726702714,74.0,0.710448710625893,82.0,0.7906179274965683,84.0,0.8079006805819655
A0565,70.0,0.7467143514390873,65.0,0.6924788165045991,67.0,0.7149414660281062,75.0,0.794227044410213,75.0,0.794227044410213,68.5,0.7311245321271043,76.0,0.8028941821616221,78.0,0.8193951062447832
A0566,73.5,0.7895912268970364,68.5,0.7413567114381713,68.5,0.7413567114381713,78.5,0.8308824574759638,78.5,0.8308824574759638,68.0,0.7361569527366464,75.5,0.8069380314626265,77.0,0.819218986561526
A0567,70.0,0.6322318925692786,67.5,0.6003894488614193,74.5,0.6866043315078355,75.0,0.6923725693021964,75.0,0.6923725693021964,76.0,0.7037294716135067,78.0,0.7256958546060448,80.0,0.7466199860344
A0568,66.0,0.5751697430857053,68.0,0.601267213889452,71.0,0.6393183127276381,71.0,0.6393183127276381,71.0,0.6393183127276381,74.0,0.6756967495271949,74.0,0.6756967495271949,76.0,0.6988521371959432
A0569,73.0,0.7834115501496677,68.0,0.734237210560096,68.0,0.734237210560096,78.0,0.8256477142200516,78.0,0.8256477142200516,68.0,0.734237210560096,75.5,0.8053971554893943,77.5,0.8217350640169837
A0570,66.5,0.6311889145700876,65.5,0.618558536356977,71.5,0.691416901905913,71.5,0.691416901905913,71.5,0.691416901905913,73.5,0.7139250740127177,74.5,0.724802561853861,76.5,0.7457709628588077
A0571,75.0,0.7922840857621073,70.0,0.7444671064223766,70.0,0.7444671064223766,80.0,0.8331585248700322,80.0,0.8331585248700322,69.0,0.7340817165490144,76.0,0.8010125570641796,78.0,0.8176352247015868
A0572,66.5,0.4047955895938779,71.5,0.47100967080930384,71.5,0.47100967080930384,71.5,0.47100967080930384,71.5,0.47100967080930384,74.5,0.5113898202709243,74.5,0.5113898202709243,76.5,0.5382599676787687
A0573,66.5,0.6073277263747997,66.5,0.6073277263747997,71.5,0.6694114514178612,71.5,0.6694114514178612,71.5,0.6694114514178612,74.5,0.7041592087491652,74.5,0.7041592087491652,76.5,0.7261061305411146
A0574,70.0,0.6409699933360908,67.0,0.6029849351375582,74.0,0.6889299763886615,75.0,0.7003589689326766,75.0,0.7003589689326766,75.5,0.7059824534346424,78.0,0.7331505659227525,80.0,0.7536990462497466
A0575,66.0,0.669180715617075,65.0,0.6571446817801458,69.5,0.709526129153702,71.0,0.7258987623547815,71.0,0.7258987623547815,71.0,0.7258987623547815,74.0,0.756865675607146,76.0,0.7761455820169758
A0576,67.5,0.637587123895988,65.5,0.6123341493585696,72.5,0.6972713899188502,72.5,0.6972713899188502,72.5,0.6972713899188502,73.5,0.7085235749401447,75.5,0.7302707472580126,77.5,0.7509656592596398
A0577,65.5,0.4233965855001957,70.5,0.49014770890252074,70.5,0.49014770890252074,70.5,0.49014770890252074,70.5,0.49014770890252074,73.5,0.5305231042870954,73.5,0.5305231042870954,75.5,0.5572520194402444
A0578,73.5,0.7836291991043876,68.5,0.7344875269468101,68.5,0.7344875269468101,78.5,0.8258323561039685,78.5,0.8258323561039685,68.5,0.7344875269468101,76.0,0.8055981935798483,78.0,0.8219229557708918
A0579,67.5,0.45081374496688287,72.5,0.5180041556203167,72.5,0.5180041556203167,72.5,0.5180041556203167,72.5,0.5180041556203167,75.5,0.5581621273859081,75.5,0.5581621273859081,77.5,0.5845497252504925
A0580,67.5,0.637587123895988,65.5,0.6123341493585696,72.5,0.6972713899188502,72.5,0.6972713899188502,72.5,0.6972713899188502,73.5,0.7085235749401447,75.5,0.7302707472580126,77.5,0.7509656592596398
A0581,72.5,0.5326686397848189,73.5,0.5460558815665644,77.5,0.5987578458846397,77.5,0.5987578458846397,77.5,0.5987578458846397,80.5,0.6369038020750483,80.5,0.6369038020750483,82.5,0.661441193859431
A0582,66.0,0.3813279545860319,71.0,0.44658352366166326,71.0,0.44658352366166326,71.0,0.44658352366166326,71.0,0.44658352366166326,74.0,0.48679664377174064,74.0,0.48679664377174064,76.0,0.513733233150668
A0583,65.5,0.423852293292832,70.5,0.49061413101984763,70.5,0.49061413101984763,70.5,0.49061413101984763,70.5,0.49061413101984763,73.5,0.5309879336822408,73.5,0.5309879336822408,75.5,0.5577124473425923
A0584,70.0,0.7146533446609084,65.0,0.6567088097470544,69.5,0.7091273737385408,75.0,0.766297934636189,75.0,0.766297934636189,71.0,0.7255137878772765,78.0,0.7939959696119665,80.0,0.8110665250216818
A0585,73.0,0.7128418746578933,68.0,0.6547072205619324,71.5,0.6960159309359342,78.0,0.7647063768228566,78.0,0.7647063768228566,73.0,0.7128418746578933,81.0,0.7925419738316585,83.0,0.8097041382189245
A0586,68.0,0.5515426500129074,70.0,0.5780267066556305,73.0,0.6168824757238431,73.0,0.6168824757238431,73.0,0.6168824757238431,76.0,0.6543001827393508,76.0,0.6543001827393508,78.0,0.6782558433198009
A0587,75.0,0.7456911330290626,70.0,0.6913270687269945,71.0,0.7027059953691212,80.0,0.7933426461498986,80.0,0.7933426461498986,72.5,0.7193109708845865,80.0,0.7933426461498986,82.0,0.810454415349222
A0588,65.5,0.46659866041145837,70.5,0.5338547487101456,70.5,0.5338547487101456,70.5,0.5338547487101456,70.5,0.5338547487101456,73.5,0.5737787277016797,73.5,0.5737787277016797,75.5,0.5999022082120637
A0589,67.0,0.710948609884824,65.0,0.6883084946539754,67.5,0.7164538158912067,72.0,0.7630413919577618,72.0,0.7630413919577618,69.0,0.7325831385499805,75.0,0.7910201309643515,77.0,0.8082777360323327
A0590,73.0,0.7815291396903326,68.0,0.7320735816939395,68.0,0.7320735816939395,78.0,0.824049941370911,78.0,0.824049941370911,68.0,0.7320735816939395,75.5,0.8036579364513848,77.5,0.8201092476346941
A0591,65.0,0.5257985558337679,69.5,0.5855924060081009,70.0,0.592115360450916,70.0,0.592115360450916,70.0,0.592115360450916,73.0,0.630503113944133,73.0,0.630503113944133,75.0,0.6552389116275806
A0592,66.0,0.5009546703315142,71.0,0.5678905595306819,71.0,0.5678905595306819,71.0,0.5678905595306819,71.0,0.5678905595306819,74.0,0.6070451666985375,74.0,0.6070451666985375,76.0,0.6324358611885059
A0593,66.0,0.5136136143716293,70.5,0.5736982057941477,71.0,0.5802741894740644,71.0,0.5802741894740644,71.0,0.5802741894740644,74.0,0.6190593958698001,74.0,0.6190593958698001,76.0,0.6441288858575572
A0594,75.0,0.7407721672248052,70.0,0.6857996363162367,71.0,0.697293105805183,80.0,0.7890846808252272,80.0,0.7890846808252272,72.5,0.714077396890711,80.5,0.7935339012521744,82.5,0.8106336140931467
A0595,66.0,0.5350295071020844,69.5,0.5815038139164072,71.0,0.6010349095398236,71.0,0.6010349095398236,71.0,0.6010349095398236,74.0,0.6390948705675754,74.0,0.6390948705675754,76.0,0.6635624094505934
A0596,72.5,0.6950131943649819,67.5,0.6351166960124773,72.5,0.6950131943649819,77.5,0.7489637928460069,77.5,0.7489637928460069,74.0,0.7118716645454776,80.5,0.7781213968407794,82.5,0.7961697063145607
A0597,65.0,0.523577474634745,69.5,0.583429504701778,70.0,0.589962665514094,70.0,0.589962665514094,70.0,0.589962665514094,73.0,0.6284258797927154,73.0,0.6284258797927154,75.0,0.6532242544540937
A0598,65.5,0.546358310011106,69.0,0.5925625833739216,70.5,0.6119220052909045,70.5,0.6119220052909045,70.5,0.6119220052909045,73.5,0.6495489553566263,73.5,0.6495489553566263,75.5,0.6736696492706158
A0599,66.5,0.5828987815298011,67.5,0.5959386160211312,71.5,0.6465973660982959,71.5,0.6465973660982959,71.5,0.6465973660982959,74.5,0.6826061180623355,74.5,0.6826061180623355,76.5,0.7054832030855963
A0600,66.0,0.5413656199380817,69.5,0.5876946611486842,71.0,0.6071320314709728,71.0,0.6071320314709728,71.0,0.6071320314709728,74.0,0.6449539392868466,74.0,0.6449539392868466,76.0,0.6692298458164662
A0601,66.0,0.5794580384896817,67.5,0.5990187736928815,71.0,0.6433605872774556,71.0,0.6433605872774556,71.0,0.6433605872774556,74.0,0.6795356851769239,74.0,0.6795356851769239,76.0,0.702537639141712
A0602,65.5,0.4947727108413141,70.5,0.5618124913587325,70.5,0.5618124913587325,70.5,0.5618124913587325,70.5,0.5618124913587325,73.5,0.6011310186176194,73.5,0.6011310186176194,75.5,0.6266688385805537
A0603,66.0,0.4880385456810679,71.0,0.5551685213229214,71.0,0.5551685213229214,71.0,0.5551685213229214,71.0,0.5551685213229214,74.0,0.5946530807792219,74.0,0.5946530807792219,76.0,0.6203437084882703
A0604,68.0,0.6802890707076267,65.0,0.6441544830237378,70.0,0.7032605627201586,73.0,0.7358543825406936,73.0,0.7358543825406936,71.5,0.7198469124833649,76.0,0.7660590289528185,78.0,0.7848171896521099
A0605,66.0,0.43057619843196326,71.0,0.49748264118717445,71.0,0.49748264118717445,71.0,0.49748264118717445,71.0,0.49748264118717445,74.0,0.5378248872749035,74.0,0.5378248872749035,76.0,0.5644793589606644
A0606,65.5,0.5106643302520638,70.5,0.5773965291828487,70.5,0.5773965291828487,70.5,0.5773965291828487,70.5,0.5773965291828487,73.5,0.6162718036566084,73.5,0.6162718036566084,75.5,0.6414184827487642
A0607,66.0,0.5728317608862566,68.0,0.5989727160238811,71.0,0.6371106251644307,71.0,0.6371106251644307,71.0,0.6371106251644307,74.0,0.673598047452961,74.0,0.673598047452961,76.0,0.6968360511350591
A0608,66.0,0.5522487492547004,69.0,0.5918019184700789,71.0,0.6175570331809294,71.0,0.6175570331809294,71.0,0.6175570331809294,74.0,0.654945709587006,74.0,0.654945709587006,76.0,0.6788785917475126
A0609,65.5,0.4781150403058229,70.5,0.5453339932961169,70.5,0.5453339932961169,70.5,0.5453339932961169,70.5,0.5453339932961169,73.5,0.5850390137801302,73.5,0.5850390137801302,75.5,0.6109403104050587
A0610,67.0,0.6649473168708887,65.0,0.6405259335996792,70.5,0.705581868517735,72.0,0.7220897420040193,72.0,0.7220897420040193,72.0,0.7220897420040193,75.0,0.7533407588870166,77.0,0.7728162810728056
A0611,65.5,0.46111178712463957,70.5,0.5283604011264923,70.5,0.5283604011264923,70.5,0.5283604011264923,70.5,0.5283604011264923,73.5,0.5683744917195105,73.5,0.5683744917195105,75.5,0.5945951709502207
A0612,70.0,0.9545553532263624,65.0,0.9413274710532504,65.0,0.9413274710532504,65.0,0.9413274710532504,75.0,0.9649121366237027,65.0,0.9413274710532504,65.0,0.9413274710532504,65.0,0.9413274710532504
A0613,70.0,0.56260879182168,70.5,0.5692273920908124,75.0,0.6274254394317216,75.0,0.6274254394317216,75.0,0.6274254394317216,78.0,0.6643736768609555,78.0,0.6643736768609555,80.0,0.6879641853557829
A0614,66.0,0.505740666143608,71.0,0.5725823232586321,71.0,0.5725823232586321,71.0,0.5725823232586321,71.0,0.5725823232586321,74.0,0.6116025585436035,74.0,0.6116025585436035,76.0,0.6368749284755039
A0615,67.0,0.8712394228649878,65.0,0.8586581765309159,65.0,0.8586581765309159,66.0,0.8650725213011107,72.0,0.8985661331866238,65.0,0.8586581765309159,65.0,0.8586581765309159,65.0,0.8586581765309159
A0616,66.0,0.5396678463568616,69.5,0.5860372479253805,71.0,0.6055003040661305,71.0,0.6055003040661305,71.0,0.6055003040661305,74.0,0.643387030840622,74.0,0.643387030840622,76.0,0.6677148759713196
A0617,65.5,0.5484378136635361,68.5,0.58807652445454,70.5,0.6139133453423208,70.5,0.6139133453423208,70.5,0.6139133453423208,73.5,0.6514571935317716,73.5,0.6514571935317716,75.5,0.675512159788821
A0618,65.5,0.8823277976140026,65.0,0.8795014731884457,65.0,0.8795014731884457,65.0,0.8795014731884457,70.5,0.9075509455969757,65.0,0.8795014731884457,65.0,0.8795014731884457,65.0,0.8795014731884457
A0619,70.0,0.9553643550389743,65.0,0.9423577346062452,65.0,0.9423577346062452,65.0,0.9423577346062452,75.0,0.9655434230657125,65.0,0.9423577346062452,65.0,0.9423577346062452,65.0,0.9423577346062452
A0620,69.0,0.9504800729682418,65.0,0.9392917838721077,65.0,0.9392917838721077,65.0,0.9392917838721077,74.0,0.9617283710414342,65.0,0.9392917838721077,65.0,0.9392917838721077,65.0,0.9392917838721077
A0621,70.0,0.5681990964704602,70.5,0.5747970367442177,75.0,0.632728116990195,75.0,0.632728116990195,75.0,0.632728116990195,78.0,0.6694275517398656,78.0,0.6694275517398656,80.0,0.6928270723947153
A0622,67.0,0.8620197856927415,65.0,0.848694134019116,65.0,0.848694134019116,67.5,0.8651932986414851,72.0,0.8910585028249522,65.0,0.848694134019116,65.0,0.848694134019116,65.0,0.848694134019116
A0623,70.0,0.9288859728643222,65.0,0.9088994175045609,65.0,0.9088994175045609,65.0,0.9088994175045609,75.0,0.9447542032882246,65.0,0.9088994175045609,65.0,0.9088994175045609,65.0,0.9088994175045609
A0624,69.0,0.9371560629195267,65.0,0.9232006514037262,65.0,0.9232006514037262,65.0,0.9232006514037262,74.0,0.9512757213309729,65.0,0.9232006514037262,65.0,0.9232006514037262,65.0,0.9232006514037262
A0625,72.0,0.6056258337108118,70.0,0.5796141835658721,77.0,0.6678314691152328,77.0,0.6678314691152328,77.0,0.6678314691152328,78.5,0.6855125704392853,80.0,0.7026715341338776,82.0,0.7246856688634171
A0626,70.0,0.5373345455324654,72.0,0.5639943708860677,75.0,0.603255375457991,75.0,0.603255375457991,75.0,0.603255375457991,78.0,0.6412299540994344,78.0,0.6412299540994344,80.0,0.6656284765507617
A0627,70.0,0.5598910378343018,71.0,0.5731234020794896,75.0,0.6248418714187768,75.0,0.6248418714187768,75.0,0.6248418714187768,78.0,0.6619082598265785,78.0,0.6619082598265785,80.0,0.6855900497219529
A0628,65.0,0.9060995913574007,65.0,0.9060995913574007,65.0,0.9060995913574007,65.0,0.9060995913574007,70.0,0.9266508295813762,65.0,0.9060995913574007,65.0,0.9060995913574007,65.0,0.9060995913574007
A0629,70.0,0.9789120036629277,65.0,0.9725700500432399,65.0,0.9725700500432399,65.0,0.9725700500432399,75.0,0.9838120688289705,65.0,0.9725700500432399,65.0,0.9725700500432399,65.0,0.9725700500432399
A0630,65.0,0.9066611748679769,65.0,0.9066611748679769,65.0,0.9066611748679769,65.0,0.9066611748679769,70.0,0.9270993924796801,65.0,0.9066611748679769,65.0,0.9066611748679769,65.0,0.9066611748679769
A0631,66.0,0.9266749322776103,65.0,0.922928205914412,65.0,0.922928205914412,65.0,0.922928205914412,71.0,0.9430062579692542,65.0,0.922928205914412,65.0,0.922928205914412,65.0,0.922928205914412
A0632,68.5,0.895496489563963,65.0,0.8764848755731044,65.0,0.8764848755731044,65.0,0.8764848755731044,73.5,0.9181587405232389,65.0,0.8764848755731044,65.0,0.8764848755731044,65.0,0.8764848755731044
A0633,67.5,0.9615383229028371,65.0,0.9562344649596757,65.0,0.9562344649596757,65.0,0.9562344649596757,72.5,0.9703531219751524,65.0,0.9562344649596757,65.0,0.9562344649596757,65.0,0.9562344649596757
A0634,66.5,0.9730074247704241,65.0,0.9708013824030288,65.0,0.9708013824030288,65.0,0.9708013824030288,71.5,0.9792504124221932,65.0,0.9708013824030288,65.0,0.9708013824030288,65.0,0.9708013824030288
A0635,70.0,0.6051219773399695,69.0,0.5921756934769681,75.0,0.6673634363430977,75.0,0.6673634363430977,75.0,0.6673634363430977,77.5,0.6965663033242548,78.0,0.7022307035943265,80.0,0.7242646694523092
A0636,71.5,0.9519550533410416,66.5,0.93801942990288,66.5,0.93801942990288,66.5,0.93801942990288,76.5,0.9628813982239263,65.0,0.9331503563494764,65.0,0.9331503563494764,65.0,0.9331503563494764
A0637,70.0,0.47061393104072713,74.5,0.531161593957495,75.0,0.5378651758640606,75.0,0.5378651758640606,75.0,0.5378651758640606,78.0,0.5777173695168054,78.0,0.5777173695168054,80.0,0.6037661525189023
A0638,65.5,0.92632690272663,65.0,0.9244669073850693,65.0,0.9244669073850693,65.0,0.9244669073850693,70.5,0.9427309528353847,65.0,0.9244669073850693,65.0,0.9244669073850693,65.0,0.9244669073850693
A0639,65.5,0.9004759505020594,65.0,0.8980351463627912,65.0,0.8980351463627912,65.0,0.8980351463627912,70.5,0.922152245818806,65.0,0.8980351463627912,65.0,0.8980351463627912,65.0,0.8980351463627912
A0640,75.0,0.5625273286062055,73.5,0.5425458990794795,80.0,0.6273480521441656,80.0,0.6273480521441656,80.0,0.6273480521441656,83.0,0.6642998578796462,83.0,0.6642998578796462,85.0,0.6878931174887154
A0641,70.0,0.4448595892023714,75.0,0.5119898947834337,75.0,0.5119898947834337,75.0,0.5119898947834337,75.0,0.5119898947834337,78.0,0.5522157928551744,78.0,0.5522157928551744,80.0,0.5786904627984242
A0642,75.0,0.5891706882024299,72.5,0.5562169336963954,80.0,0.6524824904022634,80.0,0.6524824904022634,80.0,0.6524824904022634,81.5,0.6705775965680585,83.0,0.6881807741911654,85.0,0.710826269029338
A0643,68.0,0.455319130705229,73.0,0.5225421193350445,73.0,0.5225421193350445,73.0,0.5225421193350445,73.0,0.5225421193350445,76.0,0.5626412289983854,76.0,0.5626412289983854,78.0,0.5889583185213486
A0644,75.0,0.5562228917734123,73.5,0.5361909291653137,80.0,0.621348960688125,80.0,0.621348960688125,80.0,0.621348960688125,83.0,0.6585718814780293,83.0,0.6585718814780293,85.0,0.6823752266032336
A0645,69.0,0.9825309219223007,65.0,0.9784196301096912,65.0,0.9784196301096912,65.0,0.9784196301096912,74.0,0.9866015946856095,65.0,0.9784196301096912,65.0,0.9784196301096912,65.0,0.9784196301096912
A0646,67.5,0.9455170198630252,65.0,0.9381459498511006,65.0,0.9381459498511006,65.0,0.9381459498511006,72.5,0.9578426582443614,65.0,0.9381459498511006,65.0,0.9381459498511006,65.0,0.9381459498511006
A0647,69.5,0.956144569774032,65.0,0.9447745560410692,65.0,0.9447745560410692,65.0,0.9447745560410692,74.5,0.9661520152424937,65.0,0.9447745560410692,65.0,0.9447745560410692,65.0,0.9447745560410692
A0648,68.0,0.9620469369143353,65.0,0.9556828484021838,65.0,0.9556828484021838,65.0,0.9556828484021838,73.0,0.9707487159175935,65.0,0.9556828484021838,65.0,0.9556828484021838,65.0,0.9556828484021838
A0649,70.0,0.5481124574929142,71.5,0.5680443253355268,75.0,0.6136019276275788,75.0,0.6136019276275788,75.0,0.6136019276275788,78.0,0.6511588511997906,78.0,0.6511588511997906,80.0,0.6752241427394547
A0650,68.5,0.9771373213285122,65.0,0.9725223354233602,65.0,0.9725223354233602,65.0,0.9725223354233602,73.5,0.9824423603742592,65.0,0.9725223354233602,65.0,0.9725223354233602,65.0,0.9725223354233602
A0651,68.0,0.9651972051461392,65.0,0.959339037099903,65.0,0.959339037099903,65.0,0.959339037099903,73.0,0.973196822171958,65.0,0.959339037099903,65.0,0.959339037099903,65.0,0.959339037099903
A0652,70.0,0.5461787809707428,71.5,0.566128425602983,75.0,0.611749984907699,75.0,0.611749984907699,75.0,0.611749984907699,78.0,0.6493840571596441,78.0,0.6493840571596441,80.0,0.6735103958764226
A0653,67.5,0.959470869997397,65.0,0.9538955809044536,65.0,0.9538955809044536,65.0,0.9538955809044536,72.5,0.9687440938016461,65.0,0.9538955809044536,65.0,0.9538955809044536,65.0,0.9538955809044536
A0654,70.5,0.7249159747077852,65.5,0.668087551871569,69.0,0.7085082107134053,75.5,0.7752871828321772,75.5,0.7752871828321772,70.5,0.7249159747077852,78.0,0.797884716062926,80.0,0.8147082301735782
A0655,69.0,0.7035387811202776,65.0,0.6567088097470544,69.5,0.7091273737385408,74.0,0.7565096051087997,74.0,0.7565096051087997,71.0,0.7255137878772765,77.0,0.7850423143689101,79.0,0.8026704220386398
A0656,70.5,0.7091080610439093,65.5,0.6505880226056544,70.0,0.7035192525038308,75.5,0.7614212340842501,75.5,0.7614212340842501,71.5,0.7200968977279123,78.5,0.7895385082375705,80.5,0.8068885961249083
A0657,68.0,0.7525931003935104,65.0,0.7212824036914911,65.5,0.7266664627807665,73.0,0.7992994257433422,73.0,0.7992994257433422,66.5,0.7372377921432117,74.0,0.807804616102538,76.0,0.8239845779472124
A0658,74.0,0.5402231573620024,74.0,0.5402231573620024,79.0,0.6060341741190431,79.0,0.6060341741190431,79.0,0.6060341741190431,82.0,0.6438997826298696,82.0,0.6438997826298696,84.0,0.6682106868925352
A0659,71.5,0.6837525562249669,66.5,0.6228446571046501,72.5,0.6952876365548651,76.5,0.7389469100899572,76.5,0.7389469100899572,74.0,0.7121372198450787,79.5,0.7689089849472306,81.5,0.7875020158663386
A0660,75.0,0.731784938211745,70.0,0.6757408046335817,72.0,0.6988944484779398,80.0,0.781277857455916,80.0,0.781277857455916,73.5,0.7156261602703697,81.0,0.7903464386281072,83.5,0.8117972063352872
A0661,75.0,0.731784938211745,70.0,0.6757408046335817,72.0,0.6988944484779398,80.0,0.781277857455916,80.0,0.781277857455916,73.5,0.7156261602703697,81.0,0.7903464386281072,83.5,0.8117972063352872
A0662,75.0,0.8271503637018432,70.0,0.7851835024814925,70.0,0.7851835024814925,78.5,0.8524775160872388,80.0,0.8623557679032494,67.0,0.7566637250153704,73.0,0.8111947309248452,74.5,0.8232642163158842
A0663,65.5,0.47623928995623577,70.5,0.5434691496962714,70.5,0.5434691496962714,70.5,0.5434691496962714,70.5,0.5434691496962714,73.5,0.5832125579793609,73.5,0.5832125579793609,75.5,0.6091516959895384
A0664,72.5,0.6921573035922438,67.5,0.6319969108851979,72.5,0.6921573035922438,77.5,0.7464287781825197,77.5,0.7464287781825197,74.0,0.7091075640779677,80.5,0.7757926791832246,82.5,0.7939802606500529
A0665,75.0,0.8258696893604991,70.0,0.7836732090187204,70.0,0.7836732090187204,79.0,0.8547283159255082,80.0,0.8612921950590142,67.0,0.7550154813188977,73.0,0.809823018922631,75.0,0.8258696893604991
A0666,68.0,0.7667726481780078,65.0,0.7366284620038228,65.0,0.7366284620038228,73.0,0.8114726739107928,73.0,0.8114726739107928,65.5,0.7418221872473414,73.0,0.8114726739107928,74.5,0.8235282569118
A0667,70.0,0.7545872283050108,65.0,0.7013632858114346,66.5,0.7180131619944552,75.0,0.801016629787711,75.0,0.801016629787711,68.0,0.7340867043978513,75.5,0.8052762609094467,77.5,0.821622071215935
A0668,68.0,0.7013777278379636,65.0,0.6664580215475248,69.0,0.7125402070679495,73.0,0.7545999970122225,73.0,0.7545999970122225,70.0,0.7234499544520419,76.0,0.7832923770545726,78.0,0.8010276197763232
A0669,70.0,0.6265396468145226,68.0,0.6009986162437084,74.5,0.6813294685379324,75.0,0.6871505559304748,75.0,0.6871505559304748,76.0,0.6986163255237712,78.0,0.7208114116316474,80.0,0.7419756564529791
A0670,72.5,0.4883386822840296,75.0,0.5220012442999735,77.5,0.5554651498400188,77.5,0.5554651498400188,77.5,0.5554651498400188,80.5,0.5949425900717594,80.5,0.5949425900717594,82.5,0.6206265750039452
A0671,70.0,0.6736586366167931,65.5,0.6182888367605383,72.0,0.6968942677268315,75.0,0.7299188107378533,75.0,0.7299188107378533,73.5,0.7136915931086093,78.0,0.760581350211477,80.0,0.779652393451972
A0672,70.5,0.7248129980177995,65.5,0.667973045391983,69.0,0.7084015625401473,75.5,0.7751972149220032,75.5,0.7751972149220032,70.5,0.7248129980177995,78.0,0.7978014359023099,80.0,0.8146302715328393
A0673,70.0,0.7120685398614784,65.0,0.6538533491110716,69.5,0.7065130689496822,75.0,0.764026479686783,75.0,0.764026479686783,71.0,0.7229892288599715,78.0,0.7919206234941281,80.0,0.8091218099198858
A0674,68.5,0.7598173736844062,65.0,0.7237373940418199,65.0,0.7237373940418199,73.5,0.8055123197174848,73.5,0.8055123197174848,66.5,0.7396029816568538,74.0,0.8096985757301507,75.5,0.8218426983585628
A0675,70.0,0.6322318925692786,67.5,0.6003894488614193,74.5,0.6866043315078355,75.0,0.6923725693021964,75.0,0.6923725693021964,76.0,0.7037294716135067,78.0,0.7256958546060448,80.0,0.7466199860344
A0676,67.5,0.7286553122415598,65.0,0.7012160491031889,66.5,0.7178708320765297,72.5,0.7785509717098884,72.5,0.7785509717098884,68.0,0.7339494812828218,75.5,0.8051660244149214,77.5,0.8215190373958019
A0677,71.0,0.7539100136028064,66.0,0.700597475037217,67.5,0.7172728361213232,76.0,0.8004336522422972,76.0,0.8004336522422972,69.0,0.7333729075587367,76.5,0.8047027204291496,78.0,0.8170936368166246
A0678,67.0,0.7059070270777639,65.0,0.6830480727916564,68.0,0.7169685221163958,72.0,0.7585998925946149,72.0,0.7585998925946149,69.0,0.7277744139222476,75.0,0.7869566372476846,77.0,0.804466858055449
A0679,72.0,0.739662595014038,67.0,0.6845549632484238,69.0,0.707351801597115,77.0,0.7881227534687771,77.0,0.7881227534687771,70.5,0.7237992831420987,78.0,0.796981280892159,80.0,0.813862451250583
A0680,68.0,0.6403781895989298,66.0,0.6152023228741196,72.5,0.6941289203353114,73.0,0.6998192128211904,73.0,0.6998192128211904,74.0,0.7110159459083892,76.0,0.7326473299461408,78.0,0.7532215178160812
A0681,66.0,0.6889019366812676,65.0,0.677237338408538,68.0,0.7115170127764162,71.0,0.7435346692646239,71.0,0.7435346692646239,69.5,0.7278204764672093,74.0,0.7731318497339305,76.0,0.7914772600151476
A0682,66.5,0.6804397742785656,65.0,0.6626138374689982,69.0,0.7089952286543579,71.5,0.7359890588282122,71.5,0.7359890588282122,70.5,0.7253862043299518,74.5,0.7661831985524729,76.5,0.7849341980935395
A0683,70.0,0.7120685398614784,65.0,0.6538533491110716,69.5,0.7065130689496822,75.0,0.764026479686783,75.0,0.764026479686783,71.0,0.7229892288599715,78.0,0.7919206234941281,80.0,0.8091218099198858
A0684,66.5,0.6895343520773337,65.0,0.671971164753526,68.5,0.7121226662818232,71.5,0.7440972794640993,71.5,0.7440972794640993,70.0,0.7284049671163771,74.5,0.7736492979396343,76.5,0.7919641245625533
A0685,72.0,0.9224068397620773,67.0,0.9007938083185957,67.0,0.9007938083185957,67.0,0.9007938083185957,77.0,0.939626843766091,65.0,0.8907381782783536,65.0,0.8907381782783536,65.0,0.8907381782783536
A0686,75.0,0.966694161342508,70.0,0.9568398454784945,70.0,0.9568398454784945,70.0,0.9568398454784945,80.0,0.9743588354498518,67.0,0.949648314103687,67.0,0.949648314103687,65.0,0.9442380811028624
A0687,72.0,0.9665755509434439,67.0,0.9566877137586485,67.0,0.9566877137586485,67.0,0.9566877137586485,77.0,0.9742667942579277,65.0,0.95199562195268,65.0,0.95199562195268,65.0,0.95199562195268
A0688,72.5,0.7504639877939548,67.5,0.6967052381779013,69.0,0.7135087326242812,77.5,0.7974640849632344,77.5,0.7974640849632344,70.0,0.7243959398340788,77.5,0.7974640849632344,80.0,0.8183539815204578
A0689,72.0,0.9249321414934044,67.0,0.9039492692031099,67.0,0.9039492692031099,67.0,0.9039492692031099,77.0,0.9416271792135418,65.0,0.8941759051183233,65.0,0.8941759051183233,65.0,0.8941759051183233
A0690,75.0,0.8382562719353531,70.0,0.7983284247754607,70.0,0.7983284247754607,77.5,0.8557001113859708,80.0,0.8715509342223936,67.0,0.771044932151942,71.5,0.8110287946272581,73.5,0.8269954597108196
A0691,75.0,0.7916863914708071,70.0,0.7437763175782182,70.0,0.7437763175782182,80.0,0.8326536025802898,80.0,0.8326536025802898,69.0,0.7333729075587367,76.5,0.8047027204291496,78.0,0.8170936368166246
A0692,68.0,0.7673057248282887,65.0,0.7372068242385756,65.0,0.7372068242385756,73.0,0.8119286414334673,73.0,0.8119286414334673,65.5,0.7423931326806047,73.0,0.8119286414334673,74.5,0.8239613924103769
A0693,65.5,0.5448284425247498,69.0,0.5910719106187783,70.5,0.6104555994469377,70.5,0.6104555994469377,70.5,0.6104555994469377,73.5,0.648142974975578,73.5,0.648142974975578,75.5,0.6723116198813047
A0694,68.0,0.5757290103296081,69.0,0.5888348834742384,73.0,0.639846010655736,73.0,0.639846010655736,73.0,0.639846010655736,76.0,0.676198180468764,76.0,0.676198180468764,78.0,0.699333696823737
A0695,72.0,0.967632173996219,67.0,0.958043345694101,67.0,0.958043345694101,67.0,0.958043345694101,77.0,0.9750865464384884,65.0,0.9534909723025088,65.0,0.9534909723025088,65.0,0.9534909723025088
A0696,68.0,0.9028630697414405,65.0,0.887732952173419,65.0,0.887732952173419,65.0,0.887732952173419,73.0,0.9240632955708776,65.0,0.887732952173419,65.0,0.887732952173419,65.0,0.887732952173419
A0697,75.0,0.513465142714751,75.5,0.5201931884344657,80.0,0.5801294317473709,80.0,0.5801294317473709,80.0,0.5801294317473709,83.0,0.6189192299531961,83.0,0.6189192299531961,85.0,0.643992639525177
A0698,66.0,0.9528759696255586,65.0,0.950396385838846,65.0,0.950396385838846,65.0,0.950396385838846,71.0,0.9636008883901189,65.0,0.950396385838846,65.0,0.950396385838846,65.0,0.950396385838846
A0699,66.5,0.4603741861365032,71.5,0.527620550909073,71.5,0.527620550909073,71.5,0.527620550909073,71.5,0.527620550909073,74.5,0.5676460470627164,74.5,0.5676460470627164,76.5,0.5938793589250052
A0700,72.0,0.9418987957529933,67.0,0.9252752774858289,67.0,0.9252752774858289,67.0,0.9252752774858289,77.0,0.955004028241486,65.0,0.9174737721452024,65.0,0.9174737721452024,65.0,0.9174737721452024
A0701,65.5,0.8815738506742853,65.0,0.8787319063692483,65.0,0.8787319063692483,65.0,0.8787319063692483,70.5,0.9069415630947832,65.0,0.8787319063692483,65.0,0.8787319063692483,65.0,0.8787319063692483
A0702,75.0,0.6139602763638962,71.5,0.5684152071383275,78.5,0.657594271324805,80.0,0.675555560259991,80.0,0.675555560259991,80.5,0.6814328037650728,83.0,0.7099373493047656,85.0,0.7316189948869433
A0703,69.0,0.5239143467307247,72.0,0.5639943708860677,74.0,0.5902893291523067,74.0,0.5902893291523067,74.0,0.5902893291523067,77.0,0.6287411840447116,77.0,0.6287411840447116,79.0,0.6535301173394964
A0704,75.0,0.9227831234042748,70.0,0.9012636839318784,70.0,0.9012636839318784,70.0,0.9012636839318784,80.0,0.9399250586838371,67.0,0.8859159234091878,67.0,0.8859159234091878,65.0,0.8745622550946591
A0705,68.5,0.9769964308616035,65.0,0.9723538099108159,65.0,0.9723538099108159,65.0,0.9723538099108159,73.5,0.9823335709606915,65.0,0.9723538099108159,65.0,0.9723538099108159,65.0,0.9723538099108159
A0706,75.0,0.594959940911823,72.0,0.5554829282423451,79.5,0.6518080334367392,80.0,0.6578976138644206,80.0,0.6578976138644206,81.0,0.6699204923752238,83.0,0.6933011064397523,85.0,0.7157283492959828
A0707,72.0,0.9543122230988428,67.0,0.9410179442429796,67.0,0.9410179442429796,67.0,0.9410179442429796,77.0,0.9647223678152559,65.0,0.9347441093749403,65.0,0.9347441093749403,65.0,0.9347441093749403
A0708,75.0,0.9752702355038588,70.0,0.967869013704077,70.0,0.967869013704077,70.0,0.967869013704077,80.0,0.981000087697367,67.0,0.9624430773274086,67.0,0.9624430773274086,65.0,0.9583473279163166
A0709,65.5,0.8940013691966107,65.0,0.8914209240117458,65.0,0.8914209240117458,65.0,0.8914209240117458,70.5,0.9169577799822809,65.0,0.8914209240117458,65.0,0.8914209240117458,65.0,0.8914209240117458
A0710,72.0,0.9479263027379897,67.0,0.9329044863882296,67.0,0.9329044863882296,67.0,0.9329044863882296,77.0,0.9597301049660306,65.0,0.9258356517322125,65.0,0.9258356517322125,65.0,0.9258356517322125
A0711,75.0,0.6548179626629327,70.0,0.5916653691489518,76.5,0.6728524341636634,80.0,0.7129421467500867,80.0,0.7129421467500867,78.0,0.6903901771451934,83.0,0.7448583509304223,85.0,0.764794514093805
A0712,72.0,0.9144230052381651,67.0,0.8908492853008259,67.0,0.8908492853008259,67.0,0.8908492853008259,77.0,0.9332866884729202,65.0,0.879920038504016,65.0,0.879920038504016,65.0,0.879920038504016
A0713,68.0,0.9782317445025914,65.0,0.9745096674020131,65.0,0.9745096674020131,65.0,0.9745096674020131,73.0,0.9832871779158063,65.0,0.9745096674020131,65.0,0.9745096674020131,65.0,0.9745096674020131
A0714,66.0,0.9019982152635132,65.0,0.8971305443137034,65.0,0.8971305443137034,65.0,0.8971305443137034,71.0,0.9233711761363125,65.0,0.8971305443137034,65.0,0.8971305443137034,65.0,0.8971305443137034
A0715,72.0,0.9466944418776406,67.0,0.9313430059256076,67.0,0.9313430059256076,67.0,0.9313430059256076,77.0,0.9587653295378917,65.0,0.9241230420336388,65.0,0.9241230420336388,65.0,0.9241230420336388
A0716,75.0,0.48466214562163784,76.5,0.50486451444836,80.0,0.5518282864515633,80.0,0.5518282864515633,80.0,0.5518282864515633,83.0,0.5913911164495698,83.0,0.5913911164495698,85.0,0.6171553829554016
A0717,72.0,0.911876027178708,67.0,0.8876868710772512,67.0,0.8876868710772512,67.0,0.8876868710772512,77.0,0.9312589341998312,65.0,0.8764848755731044,65.0,0.8764848755731044,65.0,0.8764848755731044
A0718,75.0,0.5093567022740987,75.5,0.5160880179726212,80.0,0.5761192062256381,80.0,0.5761192062256381,80.0,0.5761192062256381,83.0,0.6150336404683135,83.0,0.6150336404683135,85.0,0.6402140891670007
A0719,72.0,0.9448170328145348,67.0,0.9289654920062922,67.0,0.9289654920062922,67.0,0.9289654920062922,77.0,0.9572938761472264,65.0,0.921516577831115,65.0,0.921516577831115,65.0,0.921516577831115
A0720,75.0,0.958851436015685,70.0,0.9468043563086112,70.0,0.9468043563086112,70.0,0.9468043563086112,80.0,0.9682617004973911,67.0,0.9380489329800034,67.0,0.9380489329800034,65.0,0.9314822835523973
A0721,75.0,0.47015839452676633,77.0,0.4970660341678635,80.0,0.5374106261004928,80.0,0.5374106261004928,80.0,0.5374106261004928,83.0,0.5772712105681319,83.0,0.5772712105681319,85.0,0.6033286183359622
A0722,75.0,0.9613317689864408,70.0,0.9499729702220044,70.0,0.9499729702220044,70.0,0.9499729702220044,80.0,0.9701924394033169,67.0,0.9417069572104875,67.0,0.9417069572104875,65.0,0.9355013882971281
A0723,65.5,0.34868018261877726,70.5,0.412070031364778,70.5,0.412070031364778,70.5,0.412070031364778,70.5,0.412070031364778,73.5,0.4517120123501448,73.5,0.4517120123501448,75.5,0.47851738890834666
A0724,68.5,0.9769964308616035,65.0,0.9723538099108159,65.0,0.9723538099108159,65.0,0.9723538099108159,73.5,0.9823335709606915,65.0,0.9723538099108159,65.0,0.9723538099108159,65.0,0.9723538099108159
A0725,75.0,0.5891706882024299,72.5,0.5562169336963954,80.0,0.6524824904022634,80.0,0.6524824904022634,80.0,0.6524824904022634,81.5,0.6705775965680585,83.0,0.6881807741911654,85.0,0.710826269029338
A0726,75.0,0.5548628905152206,74.0,0.5415173022048385,80.0,0.6200522110125881,80.0,0.6200522110125881,80.0,0.6200522110125881,83.0,0.6573323059427156,83.0,0.6573323059427156,85.0,0.6811802342118252
A0727,72.0,0.9669353275921645,67.0,0.9571492034855714,67.0,0.9571492034855714,67.0,0.9571492034855714,77.0,0.9745459634606026,65.0,0.9525046236454902,65.0,0.9525046236454902,65.0,0.9525046236454902
A0728,72.0,0.9519313602402127,67.0,0.9379893121885838,67.0,0.9379893121885838,67.0,0.9379893121885838,77.0,0.9628628831859676,65.0,0.9314168051603736,65.0,0.9314168051603736,65.0,0.9314168051603736
A0729,69.5,0.7630428760010666,65.0,0.7164554832849204,65.5,0.7218968338006854,74.5,0.8082790079499723,74.5,0.8082790079499723,67.0,0.7378298335452967,74.5,0.8082790079499723,76.5,0.8244277131664625
A0730,72.5,0.6988613535670902,67.5,0.6393284107712519,72.0,0.6931608648876794,77.5,0.7523737660268482,77.5,0.7523737660268482,73.5,0.710079013333172,80.5,0.781250983304719,82.5,0.7991104453900393
A0731,73.0,0.7106691566934932,68.0,0.6523091841765172,72.0,0.6994646665608196,78.0,0.7627954983973415,78.0,0.7627954983973415,73.0,0.7106691566934932,81.0,0.7907953108926086,83.0,0.8080669768759234
A0732,66.0,0.6798101888091085,65.0,0.6679689974754145,68.5,0.7083977923409533,71.0,0.7354263607581912,71.0,0.7354263607581912,70.0,0.7248093575800164,74.0,0.7656643645177916,76.0,0.7844452662628371
A0733,75.0,0.4698261737719278,77.0,0.4967326252995689,80.0,0.5370790544712348,80.0,0.5370790544712348,80.0,0.5370790544712348,83.0,0.5769457186002258,83.0,0.5769457186002258,85.0,0.6030093922002775
A0734,75.0,0.8227376028160817,70.0,0.7799843316445373,70.0,0.7799843316445373,79.0,0.8520223023806563,80.0,0.8586882342516198,67.0,0.7509931978299915,73.5,0.8106404262780472,75.0,0.8227376028160817
A0735,75.0,0.8180515450374612,70.0,0.7744778655173201,70.0,0.7744778655173201,79.5,0.8514083533599917,80.0,0.854784812552223,67.0,0.7449983676655006,74.0,0.8098930950986493,75.5,0.8220275328880233
A0736,72.0,0.7959428112898346,67.0,0.7487009361051541,67.0,0.7487009361051541,77.0,0.8362460913423314,77.0,0.8362460913423314,66.5,0.7435977606226138,73.5,0.8087574269507769,75.5,0.8248745658278624
A0737,75.0,0.8157483266731227,70.0,0.7717769467274727,70.0,0.7717769467274727,80.0,0.8528629521439286,80.0,0.8528629521439286,67.0,0.7420619779717939,74.0,0.8075109026868017,76.0,0.8237101946952801
A0738,68.0,0.9625559543753976,65.0,0.9562733400383248,65.0,0.9562733400383248,65.0,0.9562733400383248,73.0,0.9711445276526665,65.0,0.9562733400383248,65.0,0.9562733400383248,65.0,0.9562733400383248
A0739,85.0,0.8525360633325252,80.0,0.8153568333004527,80.0,0.8153568333004527,84.0,0.84563209381328,85.0,0.8525360633325252,77.0,0.7897704040349393,78.0,0.7985776494711132,80.0,0.8153568333004527
A0740,80.0,0.8150657695858305,75.0,0.7709772304261836,75.0,0.7709772304261836,84.0,0.8453797044755008,85.0,0.8522929902248406,72.0,0.7411930543744701,78.0,0.7982666799426855,80.0,0.8150657695858305
A0741,66.0,0.9019982152635132,65.0,0.8971305443137034,65.0,0.8971305443137034,65.0,0.8971305443137034,71.0,0.9233711761363125,65.0,0.8971305443137034,65.0,0.8971305443137034,65.0,0.8971305443137034
A0742,85.0,0.9842016730079812,80.0,0.9794170731665222,80.0,0.9794170731665222,80.0,0.9794170731665222,85.0,0.9842016730079812,77.0,0.9758926765452952,77.0,0.9758926765452952,75.0,0.9732228580529668
A0743,72.0,0.9253864254320255,67.0,0.904517425523985,67.0,0.904517425523985,67.0,0.904517425523985,77.0,0.9419867676471096,65.0,0.8947951442778199,65.0,0.8947951442778199,65.0,0.8947951442778199
A0744,72.0,0.4950247194091136,74.5,0.5286719588089888,77.0,0.5620606587987271,77.0,0.5620606587987271,77.0,0.5620606587987271,80.0,0.6013727180361579,80.0,0.6013727180361579,82.0,0.6269046676646949
A0745,75.0,0.737608575886612,70.0,0.6822529327963477,71.5,0.6995117882985842,80.0,0.7863406332688921,80.0,0.7863406332688921,73.0,0.7162231247243938,80.5,0.7908323948938842,83.0,0.812245253505683
A0746,66.5,0.9432910286338942,65.0,0.938809066457033,65.0,0.938809066457033,65.0,0.938809066457033,71.5,0.9560968682339035,65.0,0.938809066457033,65.0,0.938809066457033,65.0,0.938809066457033
A0747,66.0,0.9019982152635132,65.0,0.8971305443137034,65.0,0.8971305443137034,65.0,0.8971305443137034,71.0,0.9233711761363125,65.0,0.8971305443137034,65.0,0.8971305443137034,65.0,0.8971305443137034
A0748,68.0,0.9786388143374491,65.0,0.974984560763869,65.0,0.974984560763869,65.0,0.974984560763869,73.0,0.9836012951321169,65.0,0.974984560763869,65.0,0.974984560763869,65.0,0.974984560763869
A0749,85.0,0.9622457323656507,80.0,0.9511417655515785,80.0,0.9511417655515785,80.0,0.9511417655515785,85.0,0.9622457323656507,77.0,0.9430572977372423,77.0,0.9430572977372423,75.0,0.936985859921008
A0750,85.0,0.9697150915844189,80.0,0.9607182687899045,80.0,0.9607182687899045,80.0,0.9607182687899045,85.0,0.9697150915844189,77.0,0.9541420050487696,77.0,0.9541420050487696,75.0,0.9491887795595075
A0751,85.0,0.9831172649510805,80.0,0.9780115841916834,80.0,0.9780115841916834,80.0,0.9780115841916834,85.0,0.9831172649510805,77.0,0.974252853462211,77.0,0.974252853462211,75.0,0.9714067501351098
A0752,65.0,0.9006734219026119,65.0,0.9006734219026119,65.0,0.9006734219026119,65.0,0.9006734219026119,70.0,0.9223104186991801,65.0,0.9006734219026119,65.0,0.9006734219026119,65.0,0.9006734219026119
A0753,66.5,0.8153135340748193,65.0,0.8028311249046985,65.0,0.8028311249046985,71.5,0.8524999054989829,71.5,0.8524999054989829,65.0,0.8028311249046985,67.0,0.8193361400564181,69.0,0.8347439178054995
A0754,65.5,0.9276220190794479,65.0,0.9257921016502305,65.0,0.9257921016502305,65.0,0.9257921016502305,70.5,0.943755207919585,65.0,0.9257921016502305,65.0,0.9257921016502305,65.0,0.9257921016502305
A0755,72.0,0.9156751407195544,67.0,0.892405759103009,67.0,0.892405759103009,67.0,0.892405759103009,77.0,0.9342826524964783,65.0,0.8816116503893543,65.0,0.8816116503893543,65.0,0.8816116503893543
A0756,67.5,0.9678789491970722,65.0,0.9634161950701089,65.0,0.9634161950701089,65.0,0.9634161950701089,72.5,0.975277940859744,65.0,0.9634161950701089,65.0,0.9634161950701089,65.0,0.9634161950701089
A0757,75.0,0.9547475106776633,70.0,0.9415721374744298,70.0,0.9415721374744298,70.0,0.9415721374744298,80.0,0.9650621044679225,67.0,0.9320173815489659,67.0,0.9320173815489659,65.0,0.9248626135923066
A0758,72.0,0.763745096546534,67.0,0.711748575143758,67.5,0.7172446047739146,77.0,0.808880748798031,77.0,0.808880748798031,69.0,0.7333456862000586,76.5,0.8046808419749032,78.5,0.821065527844009
A0759,67.0,0.9351053642747831,65.0,0.9282505693822998,65.0,0.9282505693822998,65.0,0.9282505693822998,72.0,0.9496610209714429,65.0,0.9282505693822998,65.0,0.9282505693822998,65.0,0.9282505693822998
A0760,85.0,0.6887929056257093,80.0,0.6283280793136323,81.0,0.6408228072659251,85.0,0.6887929056257093,85.0,0.6887929056257093,83.0,0.6652345629152,85.0,0.6887929056257093,85.0,0.6887929056257093
A0761,72.0,0.9675804745443972,67.0,0.9579769956461087,67.0,0.9579769956461087,67.0,0.9579769956461087,77.0,0.9750464464221107,65.0,0.9534177731900099,65.0,0.9534177731900099,65.0,0.9534177731900099
A0762,66.0,0.9519315593676201,65.0,0.9494049209424195,65.0,0.9494049209424195,65.0,0.9494049209424195,71.0,0.9628630387954938,65.0,0.9494049209424195,65.0,0.9494049209424195,65.0,0.9494049209424195
A0763,72.0,0.9730974806866105,67.0,0.9650692786144164,67.0,0.9650692786144164,67.0,0.9650692786144164,77.0,0.9793200824060226,65.0,0.9612483966253451,65.0,0.9612483966253451,65.0,0.9612483966253451
A0764,66.0,0.9567834353685422,65.0,0.9544996378666372,65.0,0.9544996378666372,65.0,0.9544996378666372,71.0,0.9666501818697683,65.0,0.9544996378666372,65.0,0.9544996378666372,65.0,0.9544996378666372
A0765,85.0,0.9846037180659049,80.0,0.9799383975802556,80.0,0.9799383975802556,80.0,0.9799383975802556,85.0,0.9846037180659049,77.0,0.9765011251520859,77.0,0.9765011251520859,75.0,0.973896888255186
A0766,72.0,0.9559107971960478,67.0,0.9430539162676659,67.0,0.9430539162676659,67.0,0.9430539162676659,77.0,0.9659696890179846,65.0,0.9369821419995059,65.0,0.9369821419995059,65.0,0.9369821419995059
A0767,70.0,0.9727299212281236,65.0,0.9645960234105766,65.0,0.9645960234105766,65.0,0.9645960234105766,75.0,0.9790357085203648,65.0,0.9645960234105766,65.0,0.9645960234105766,65.0,0.9645960234105766
A0768,72.0,0.9654195431820469,67.0,0.9552055767067168,67.0,0.9552055767067168,67.0,0.9552055767067168,77.0,0.9733694646109788,65.0,0.9503612534825486,65.0,0.9503612534825486,65.0,0.9503612534825486
A0769,66.5,0.9450943114172882,65.0,0.9407459180224222,65.0,0.9407459180224222,65.0,0.9407459180224222,71.5,0.9575112814905352,65.0,0.9407459180224222,65.0,0.9407459180224222,65.0,0.9407459180224222
A0770,65.5,0.9394803556819833,65.0,0.9379301888505649,65.0,0.9379301888505649,65.0,0.9379301888505649,70.5,0.953103928548922,65.0,0.9379301888505649,65.0,0.9379301888505649,65.0,0.9379301888505649
A0771,72.0,0.9167746049540288,67.0,0.8937734229562565,67.0,0.8937734229562565,67.0,0.8937734229562565,77.0,0.9351566844599594,65.0,0.8830985479315266,65.0,0.8830985479315266,65.0,0.8830985479315266
A0772,66.5,0.9211047606403715,65.0,0.9150272744617304,65.0,0.9150272744617304,65.0,0.9150272744617304,71.5,0.9385944941725471,65.0,0.9150272744617304,65.0,0.9150272744617304,65.0,0.9150272744617304
A0773,85.0,0.96515504292186,80.0,0.954866603831467,80.0,0.954866603831467,80.0,0.954866603831467,85.0,0.96515504292186,77.0,0.9473643691062313,77.0,0.9473643691062313,75.0,0.9417237884321207
A0774,72.0,0.975227064791082,67.0,0.9678133490956765,67.0,0.9678133490956765,67.0,0.9678133490956765,77.0,0.9809667243693438,65.0,0.9642815168018533,65.0,0.9642815168018533,65.0,0.9642815168018533
A0775,85.0,0.8482853720957645,80.0,0.8102729410913336,80.0,0.8102729410913336,84.5,0.8447852327992014,85.0,0.8482853720957645,77.0,0.7841685084311258,78.5,0.7975344534391199,80.5,0.8143803398523711
A0776,66.0,0.8886029328959819,65.0,0.8831561154237854,65.0,0.8831561154237854,65.0,0.8831561154237854,71.0,0.9126142165898669,65.0,0.8831561154237854,65.0,0.8831561154237854,65.0,0.8831561154237854
A0777,85.0,0.8206566862147604,80.0,0.7775372337134778,80.0,0.7775372337134778,85.0,0.8206566862147604,85.0,0.8206566862147604,77.0,0.7483276923944336,81.5,0.7912044945602313,83.5,0.8084505615982281
A0778,80.0,0.7731075365939996,75.0,0.722422672056971,75.0,0.722422672056971,85.0,0.8168833800740369,85.0,0.8168833800740369,74.0,0.7114885605837536,82.0,0.7914543826015538,84.0,0.8086848002729864
A0779,72.0,0.9622527188878357,67.0,0.95115070257606,67.0,0.95115070257606,67.0,0.95115070257606,77.0,0.9709087434455295,65.0,0.9458927018984808,65.0,0.9458927018984808,65.0,0.9458927018984808
A0780,72.0,0.9744626478046572,67.0,0.966827948883082,67.0,0.966827948883082,67.0,0.966827948883082,77.0,0.9803758518285531,65.0,0.9631921012115137,65.0,0.9631921012115137,65.0,0.9631921012115137
A0781,72.0,0.959289122849017,67.0,0.9473631504379433,67.0,0.9473631504379433,67.0,0.9473631504379433,77.0,0.9686025703161208,65.0,0.9417224472016135,65.0,0.9417224472016135,65.0,0.9417224472016135
A0782,67.5,0.9566436287799316,65.0,0.9506994013156963,65.0,0.9506994013156963,65.0,0.9506994013156963,72.5,0.966541178218552,65.0,0.9506994013156963,65.0,0.9506994013156963,65.0,0.9506994013156963
A0783,70.0,0.7309574192959877,65.0,0.6748172105548121,68.5,0.714768218989226,75.0,0.780557247594599,75.0,0.780557247594599,69.5,0.7256259686211349,77.5,0.8027596421338419,79.5,0.8192692940522074
A0784,68.0,0.7367018733136264,65.0,0.7041705869258915,66.5,0.7207262701616859,73.0,0.7855533680422851,73.0,0.7855533680422851,68.0,0.7367018733136264,75.0,0.8031500745611434,77.0,0.8196343887378388
A0785,66.0,0.9497060535128198,65.0,0.9470689395784827,65.0,0.9470689395784827,65.0,0.9470689395784827,71.0,0.9611229763871045,65.0,0.9470689395784827,65.0,0.9470689395784827,65.0,0.9470689395784827
A0786,80.0,0.8192150611110329,75.0,0.775843672985888,75.0,0.775843672985888,83.5,0.845487750201576,85.0,0.8557548477543966,72.0,0.7464842680911773,77.5,0.7983997964233447,79.5,0.8151903673121064
A0787,71.0,0.9709654374102799,66.0,0.9623256274116174,66.0,0.9623256274116174,66.0,0.9623256274116174,76.0,0.9776698681782221,65.0,0.960322563777754,65.0,0.960322563777754,65.0,0.960322563777754
A0788,85.0,0.8776927643526001,80.0,0.8457082635200979,80.0,0.8457082635200979,80.5,0.8491913039659689,85.0,0.8776927643526001,77.0,0.8234168302369699,77.0,0.8234168302369699,77.0,0.8234168302369699
A0789,85.0,0.7299380840945634,80.0,0.673680129904911,80.0,0.673680129904911,85.0,0.7299380840945634,85.0,0.7299380840945634,80.5,0.6795752325913779,85.0,0.7299380840945634,85.0,0.7299380840945634
A0790,85.0,0.8985898528663222,80.0,0.8712686172488562,80.0,0.8712686172488562,80.0,0.8712686172488562,85.0,0.8985898528663222,77.0,0.8520238885653643,77.0,0.8520238885653643,75.0,0.8379143861342304
A0791,85.0,0.8309611902776866,80.0,0.7896843170327315,80.0,0.7896843170327315,85.0,0.8309611902776866,85.0,0.8309611902776866,77.0,0.7615806402982866,80.5,0.7941241884813178,82.5,0.8111866456253058
A0792,66.5,0.5276844592012481,70.0,0.5743087955471433,71.5,0.5939412019079501,71.5,0.5939412019079501,71.5,0.5939412019079501,74.5,0.6322638383573943,74.5,0.6322638383573943,76.5,0.6569458982129529
A0793,85.0,0.8523283750998664,80.0,0.8151081379939099,80.0,0.8151081379939099,84.0,0.8454164451227985,85.0,0.8523283750998664,77.0,0.7894961437083021,78.0,0.7983119446666621,80.0,0.8151081379939099
A0794,85.0,0.9000831402746269,80.0,0.8731074044358317,80.0,0.8731074044358317,80.0,0.8731074044358317,85.0,0.9000831402746269,77.0,0.854091530774577,77.0,0.854091530774577,75.0,0.8401421883274247
A0795,70.0,0.7322310410152275,65.0,0.676238881180725,68.0,0.7105792806692802,75.0,0.7816662024760471,75.0,0.7816662024760471,69.5,0.7269153998215021,77.0,0.7995004646283579,79.0,0.8162204659629639
A0796,85.0,0.805193284137414,80.0,0.7594457655312286,80.0,0.7594457655312286,85.0,0.805193284137414,85.0,0.805193284137414,77.0,0.7286896696604896,83.0,0.7877309507355794,85.0,0.805193284137414
A0797,85.0,0.8513569257147068,80.0,0.8139452859537084,80.0,0.8139452859537084,84.5,0.8479149442505335,85.0,0.8513569257147068,77.0,0.7882140620545823,78.0,0.7970697548653092,80.0,0.8139452859537084
A0798,85.0,0.8319262325360557,80.0,0.7908256898200203,80.0,0.7908256898200203,85.0,0.8319262325360557,85.0,0.8319262325360557,77.0,0.7628287237972716,80.5,0.7952477137377381,82.5,0.812239071873283
A0799,67.5,0.7609723939234246,65.0,0.735615378475342,65.0,0.735615378475342,72.5,0.8065035566755758,72.5,0.8065035566755758,65.5,0.7408220526897965,73.0,0.8106734915410719,75.0,0.8266637610067028
A0800,85.0,0.7768645496839675,80.0,0.7267222893942047,80.0,0.7267222893942047,85.0,0.7768645496839675,85.0,0.7768645496839675,77.0,0.6934710284033203,85.0,0.7768645496839675,85.0,0.7768645496839675
A0801,72.0,0.7159212210281464,67.0,0.658110979775051,70.5,0.6991995725646281,77.0,0.7674110225523182,77.0,0.7674110225523182,72.0,0.7159212210281464,80.0,0.7950124254587667,82.0,0.8120186935535245
A0802,80.0,0.9862566688988651,75.0,0.9820831046659506,75.0,0.9820831046659506,75.0,0.9820831046659506,85.0,0.9894684679147138,72.0,0.9790054248098815,72.0,0.9790054248098815,70.0,0.976672094021152
A0803,72.0,0.9661369842635439,67.0,0.9561252965696517,67.0,0.9561252965696517,67.0,0.9561252965696517,77.0,0.9739264231336907,65.0,0.9513753738833529,65.0,0.9513753738833529,65.0,0.9513753738833529
A0804,72.0,0.9541754949143502,67.0,0.9408438969634666,67.0,0.9408438969634666,67.0,0.9408438969634666,77.0,0.9646156385577241,65.0,0.9345528365186558,65.0,0.9345528365186558,65.0,0.9345528365186558
A0805,80.0,0.5462672809471552,76.5,0.4992495702333776,85.0,0.6118347854860361,85.0,0.6118347854860361,85.0,0.6118347854860361,85.0,0.6118347854860361,85.0,0.6118347854860361,85.0,0.6118347854860361
A0806,72.0,0.9490887989778019,67.0,0.9343791158270202,67.0,0.9343791158270202,67.0,0.9343791158270202,77.0,0.9606400338981445,65.0,0.9274535590962433,65.0,0.9274535590962433,65.0,0.9274535590962433
A0807,65.5,0.9045836576376929,65.0,0.9022326563580464,65.0,0.9022326563580464,65.0,0.9022326563580464,70.5,0.9254393748971774,65.0,0.9022326563580464,65.0,0.9022326563580464,65.0,0.9022326563580464
A0808,85.0,0.7725612233008914,80.0,0.7217982351005787,80.0,0.7217982351005787,85.0,0.7725612233008914,85.0,0.7725612233008914,77.5,0.6939568016925015,85.0,0.7725612233008914,85.0,0.7725612233008914
A0809,85.0,0.805193284137414,80.0,0.7594457655312286,80.0,0.7594457655312286,85.0,0.805193284137414,85.0,0.805193284137414,77.0,0.7286896696604896,83.0,0.7877309507355794,85.0,0.805193284137414
A0810,72.0,0.6940740972985887,67.0,0.6340902675772195,72.0,0.6940740972985887,77.0,0.7481306156247594,77.0,0.7481306156247594,73.5,0.7109628892802085,80.0,0.7773562247880987,82.0,0.7954504139700455
A0811,72.0,0.627386252157281,69.0,0.5888858238244212,76.0,0.6762442482646328,77.0,0.6879281984573249,77.0,0.6879281984573249,77.5,0.6936829404167689,80.0,0.721539290567348,82.0,0.7426680562464653
A0812,72.0,0.6264909658498603,69.0,0.5879587857060403,76.0,0.6754056182209882,77.0,0.687105830051902,77.0,0.687105830051902,77.5,0.6928689663857974,80.0,0.7207695425005118,82.0,0.741935824932685
A0813,72.0,0.6151722474037329,69.5,0.5828273638673184,76.5,0.6707533901125142,77.0,0.6766759899650912,77.0,0.6766759899650912,78.0,0.6883515396746381,80.0,0.7109898410989703,82.0,0.732622444352952
A0814,74.0,0.5577731869631994,73.0,0.5444432147110781,79.0,0.6228260194431878,79.0,0.6228260194431878,79.0,0.6228260194431878,82.0,0.6599831967261969,82.0,0.6599831967261969,84.0,0.6837354000883251
A0815,80.0,0.7601470692450986,75.0,0.7076617768887121,75.0,0.7076617768887121,85.0,0.8057953225114289,85.0,0.8057953225114289,75.0,0.7076617768887121,83.0,0.7883727715515748,85.0,0.8057953225114289
A0816,72.0,0.6290093270914959,69.0,0.5905671592215073,76.0,0.6777638104569546,77.0,0.6894181077373814,77.0,0.6894181077373814,77.5,0.6951575499573452,80.0,0.7229333612785219,82.0,0.7439938796300297
A0817,72.0,0.6702105639754816,67.0,0.6081890725519705,73.5,0.6878242240712498,77.0,0.7268241240630301,77.0,0.7268241240630301,75.0,0.704911353521864,80.0,0.7577213864084812,82.0,0.7769534341106201
A0818,72.0,0.7159540107585971,67.0,0.6581472560058379,70.5,0.6992334815341664,77.0,0.76743979967545,77.0,0.76743979967545,72.0,0.7159540107585971,80.0,0.795038699672805,82.0,0.812043303336304
A0819,72.0,0.6260742537148037,69.0,0.5875273878651281,76.0,0.6750151697521347,77.0,0.6867229275437974,77.0,0.6867229275437974,77.5,0.692489960132824,80.0,0.7204110728769043,82.0,0.7415947862990663
A0820,72.0,0.5636714283954911,72.0,0.5636714283954911,77.0,0.628434603961018,77.0,0.628434603961018,77.0,0.628434603961018,80.0,0.6653361438001513,80.0,0.6653361438001513,82.0,0.6888906811292179
A0821,74.0,0.7176987413213527,69.0,0.6600784778525038,72.0,0.6953607843389416,79.0,0.7689703319781601,79.0,0.7689703319781601,73.5,0.7122079970267763,81.5,0.792032700628509,83.5,0.8092268539710022
A0822,72.0,0.6348812158527172,68.5,0.5901567428212626,75.5,0.6773930531571468,77.0,0.694797793554012,77.0,0.694797793554012,77.0,0.694797793554012,80.0,0.7279615903159188,82.0,0.7487727220858437
A0823,72.0,0.6538343281843372,67.5,0.5971125756717744,74.5,0.6836619372683251,77.0,0.7120513091095855,77.0,0.7120513091095855,76.0,0.7008778149479093,80.0,0.7440309991124816,82.0,0.7640113277939669
A0824,72.0,0.6106177035691266,69.5,0.5781525174781433,77.0,0.6724617944377261,77.0,0.6724617944377261,77.0,0.6724617944377261,78.5,0.6900108309461573,80.0,0.7070292536920514,82.0,0.7288452495252316
A0825,72.0,0.6701454785562252,67.0,0.6081189039339419,73.5,0.6877609953181982,77.0,0.7267656565507207,77.0,0.7267656565507207,75.0,0.7048501005532729,80.0,0.7576673269719985,82.0,0.7769024024289016
A0826,72.0,0.5750502989649878,71.5,0.5684533380994728,77.0,0.6392055908636844,77.0,0.6392055908636844,77.0,0.6392055908636844,80.0,0.6755896277476003,80.0,0.6755896277476003,82.0,0.6987492539526162
A0827,65.5,0.5912211875275726,66.5,0.6041775184296411,70.5,0.6544023512926566,70.5,0.6544023512926566,70.5,0.6544023512926566,73.5,0.6899971193713007,73.5,0.6899971193713007,75.5,0.7125657994642665
A0828,66.0,0.9461220153910969,65.0,0.9433081939577808,65.0,0.9433081939577808,65.0,0.9433081939577808,71.0,0.958316819965563,65.0,0.9433081939577808,65.0,0.9433081939577808,65.0,0.9433081939577808
A0829,80.0,0.5468006386226422,76.5,0.49978758752658925,85.0,0.612345764154087,85.0,0.612345764154087,85.0,0.612345764154087,85.0,0.612345764154087,85.0,0.612345764154087,85.0,0.612345764154087
A0830,85.0,0.8242078959700826,80.0,0.7817151547644182,80.0,0.7817151547644182,85.0,0.8242078959700826,85.0,0.8242078959700826,77.0,0.7528798308009464,81.0,0.790770460445552,83.0,0.8080436800424389
A0831,65.5,0.49460164217888375,70.5,0.5616440110185928,70.5,0.5616440110185928,70.5,0.5616440110185928,70.5,0.5616440110185928,73.5,0.600966918483708,73.5,0.600966918483708,75.5,0.6265087171487755
A0832,72.0,0.6963729286299403,67.0,0.6366038445889206,72.0,0.6963729286299403,77.0,0.750169458402899,77.0,0.750169458402899,73.5,0.7131872548207735,80.0,0.7792283041447061,82.0,0.7972100398553558
A0833,85.0,0.9648690584118201,80.0,0.9545001593238059,80.0,0.9545001593238059,80.0,0.9545001593238059,85.0,0.9648690584118201,77.0,0.9469403975955839,77.0,0.9469403975955839,75.0,0.9412572001583359
A0834,65.5,0.9275842957297376,65.0,0.9257535008868204,65.0,0.9257535008868204,65.0,0.9257535008868204,70.5,0.943725383063919,65.0,0.9257535008868204,65.0,0.9257535008868204,65.0,0.9257535008868204
A0835,85.0,0.8509433072801584,80.0,0.8134503758466735,80.0,0.8134503758466735,84.5,0.8474934637574479,85.0,0.8509433072801584,77.0,0.7876685614791541,78.0,0.796541176246522,80.5,0.8175044793471117
