task_id,latitude,longitude,actual_completed,original_price,threshold_price,threshold_price_change,predicted_probability_original,threshold_probability,threshold_probability_change,target_unreachable_at_85,nearest_member_km,members_2km,tasks_2km,region,improved_price,improved_price_change,improved_probability,improved_probability_change
A0001,22.566142254795,113.980836777953,0,66.0,85.0,19.0,0.34387688083547585,0.5933360086887183,0.24945912785324242,1,1.5013517453854646,5,3,2,71.0,5.0,0.4069390834863085,0.06306220265083262
A0002,22.6862052598878,113.940525211308,0,65.5,85.0,19.5,0.20338947570449586,0.42202607120449737,0.2186365955000015,1,0.3061147556867157,22,2,2,70.5,5.0,0.2505254225460459,0.04713594684155001
A0003,22.5765118283363,113.95719800411,1,65.5,85.0,19.5,0.233727943950429,0.4659035025854811,0.23217555863505207,1,0.49623836475812916,9,2,2,70.5,5.0,0.2853761229769267,0.05164817902649771
A0004,22.5648408102711,114.24457109293,0,75.0,85.0,10.0,0.6403954115803158,0.7532354182034354,0.11284000662311966,0,1.0814832962707055,1,1,2,77.0,2.0,0.6648210219596379,0.024425610379322116
A0005,22.5588877510826,113.950722665736,0,65.5,85.0,19.5,0.2880077426430243,0.5363611466397696,0.24835340399674533,1,0.2976804118431548,8,3,2,70.5,5.0,0.3462308572898056,0.058223114646781315
A0006,22.5589990603263,114.241317401629,0,75.0,85.0,10.0,0.6333425633786072,0.7475231562845813,0.11418059290597415,1,0.4005780392310109,1,1,2,77.5,2.5,0.6640285649749468,0.030686001596339607
A0007,22.5490037129604,113.97225969676,1,65.5,85.0,19.5,0.24946316411310276,0.48732871524900523,0.23786555113590246,1,0.2519405716527475,11,3,2,70.5,5.0,0.30321256062019547,0.053749396507092706
A0008,22.5627735077314,113.956573538052,0,65.5,85.0,19.5,0.2978263221935654,0.5481283262669749,0.2503020040734095,1,0.5991166089528872,9,4,2,70.5,5.0,0.35703898252839544,0.059212660334830025
A0009,22.5000119233833,113.895660567915,0,66.0,85.0,19.0,0.4856659436442267,0.7244186124919378,0.23875266884771112,1,0.14405020350454778,1,1,2,71.0,5.0,0.5528219660516658,0.06715602240743906
A0010,22.5437860995949,113.923977803989,1,66.0,85.0,19.0,0.2454086352456056,0.47516712699571684,0.22975849175011123,1,0.27313809451820514,14,2,2,71.0,5.0,0.2986320356754998,0.05322340042989418
A0011,22.5248636906434,113.930859554515,0,65.5,85.0,19.5,0.30074949324489186,0.5515783901797547,0.2508288969348629,1,0.15364054756084494,23,10,2,70.5,5.0,0.3602451601398937,0.05949566689500185
A0012,22.519087000679,113.935843611296,0,65.5,85.0,19.5,0.32836599966015273,0.5830232890683834,0.2546572894082307,1,0.45271385899140326,18,10,2,70.5,5.0,0.3902756788622046,0.06190967920205187
A0013,22.5479724310799,113.977909038602,1,65.5,85.0,19.5,0.30464858219364105,0.556143005723673,0.251494423530032,1,0.03879394394267685,9,3,2,70.5,5.0,0.36451349400241606,0.05986491180877501
A0014,22.5061687130557,113.931428439716,1,66.0,85.0,19.0,0.3538946921450922,0.603931891342455,0.2500371991973627,1,0.6894665684939888,12,8,2,71.0,5.0,0.4176246836989923,0.06372999155390008
A0015,22.4996256609397,113.936514493699,1,66.0,85.0,19.0,0.3575588052362898,0.6077496871938347,0.2501908819575449,1,0.30580641733001807,7,6,2,71.0,5.0,0.421518158161241,0.0639593529249512
A0016,22.540321415216,113.923645598933,1,66.0,85.0,19.0,0.2975421482041851,0.5411092028652237,0.24356705466103856,1,0.11701750877049505,16,6,2,71.0,5.0,0.3567270131806321,0.05918486497644698
A0017,22.5245541889304,113.92473190182,1,65.5,85.0,19.5,0.3172171268934915,0.5705734141079732,0.2533562872144817,1,0.6452551334802169,20,10,2,70.5,5.0,0.37820848081654473,0.060991353923053215
A0018,22.4981900986281,113.898481737691,0,66.0,85.0,19.0,0.42929947724988227,0.676805258517688,0.24750578126780576,1,0.33668533011127155,2,1,2,71.0,5.0,0.4961804019916268,0.06688092474174451
A0019,22.5460394638191,113.974968421143,1,65.5,85.0,19.5,0.3054903846974125,0.5571229523949752,0.2516325676975627,1,0.12744737666990869,9,3,2,70.5,5.0,0.3654337811310839,0.05994339643367136
A0020,22.497728920198,113.937337700868,1,66.0,85.0,19.0,0.33034377042066937,0.5786435988270971,0.24829982840642778,1,0.4379062503033972,7,4,2,71.0,5.0,0.3924084735621638,0.062064703141494426
A0021,22.4941624669753,113.927139030908,1,66.0,85.0,19.0,0.4819434102540008,0.7214329334465567,0.2394895231925559,1,1.2648413636071707,3,4,2,71.0,5.0,0.5491342601711875,0.06719084991718671
A0022,22.5159201164617,113.93567688759,1,65.0,85.0,20.0,0.3275887572736143,0.5887047596725723,0.261116002398958,1,0.24474880259986717,18,11,2,70.0,5.0,0.3894368653951949,0.06184810812158059
A0023,22.5157856773782,113.94205574693,0,65.5,85.0,19.5,0.3309005731411602,0.58580904179133,0.25490846865016975,1,0.5624254213481261,15,8,2,70.5,5.0,0.39300849333251753,0.0621079201913573
A0024,22.5422096257037,114.019649276618,0,66.5,85.0,18.5,0.2869924158129957,0.5217011018842257,0.23470868607122997,1,0.44858638067773315,6,2,2,71.5,5.0,0.3451097637847019,0.058117347971706146
A0025,22.5445896135667,113.99866008452,0,67.5,85.0,17.5,0.31678504272222335,0.5434955134665684,0.22671047074434508,1,1.0303017924733355,2,0,2,72.5,5.0,0.3777392808054602,0.060954238083236856
A0026,22.4930831267728,113.935839142226,1,66.0,85.0,19.0,0.33571165737841074,0.5845244105395658,0.2488127531611551,1,0.3911611796389046,4,4,2,71.0,5.0,0.3981852006316604,0.062473543253249664
A0027,22.5248894876791,113.919142922515,1,65.5,85.0,19.5,0.30914305311687196,0.5613524746062891,0.25220942148941716,1,0.5127290790138778,17,8,2,70.5,5.0,0.36942193701488546,0.0602788838980135
A0028,22.5480858154297,113.945311875335,1,66.5,85.0,18.5,0.2971875028109323,0.5339895888750157,0.23680208606408337,1,0.44686641974202157,8,3,2,71.5,5.0,0.3563376091119544,0.059150106301022076
A0029,22.5647073449243,113.982009250796,0,66.0,85.0,19.0,0.38249502440983746,0.6329438492008422,0.2504488247910048,1,1.4193355386397588,6,4,2,71.0,5.0,0.4478057518884154,0.06531072747857797
A0030,22.5819344788478,114.156395293242,0,68.0,85.0,17.0,0.46558912694938065,0.6852930080114258,0.21970388106204514,1,1.1136272231623014,2,2,2,73.0,5.0,0.5328450634923262,0.06725593654294554
A0031,22.5429361050784,114.131407227026,0,67.0,85.0,18.0,0.18878610481896674,0.38037308340253245,0.19158697858356571,1,0.3856145168478826,16,1,2,72.0,5.0,0.23352982970614808,0.04474372488718134
A0032,22.5239495360594,113.943441614942,0,65.5,85.0,19.5,0.3172393822953606,0.5705985900279127,0.2533592077325521,1,0.3549592299329545,16,7,2,70.5,5.0,0.3782326448556758,0.06099326256031523
A0033,22.5510130545882,113.956744570929,1,65.5,85.0,19.5,0.29643694837648693,0.5464800437349411,0.25004309535845415,1,0.27454649980084556,10,5,2,70.5,5.0,0.35551323509798594,0.059076286721499005
A0034,22.5829932950536,114.147122731579,1,66.0,85.0,19.0,0.28606231427712586,0.5272859505793038,0.24122363630217797,1,0.2168647512422674,4,2,2,71.0,5.0,0.344082205905634,0.058019891628508125
A0035,22.549270134625,114.131744697949,0,66.5,85.0,18.5,0.18857924564830555,0.38642299410383246,0.1978437484555269,1,0.08918256703519424,21,2,2,71.5,5.0,0.23328804254253652,0.04470879689423096
A0036,22.5259613413852,113.935399270764,1,65.5,85.0,19.5,0.30537769569979883,0.5569918840004862,0.2516141883006873,1,0.2715193555589743,23,10,2,70.5,5.0,0.3653106110647808,0.059932915364981965
A0037,22.7563792952752,114.04213561073,0,70.0,85.0,15.0,0.37897222081013954,0.5779541377530242,0.19898191694288464,1,0.668541191550366,6,2,2,75.0,5.0,0.44411404695698065,0.06514182614684111
A0038,22.6414407060529,114.422742132399,0,75.0,85.0,10.0,0.6362347546913619,0.7498703929985615,0.11363563830719958,1,0.7002963612571562,1,1,2,77.5,2.5,0.6668060454418957,0.030571290750533775
A0039,22.711660071995,114.072883627376,0,66.5,85.0,18.5,0.3142545645009321,0.5539373403727309,0.23968277587179881,1,0.9578603546932933,8,3,2,71.5,5.0,0.3749891413150365,0.060734576814104435
A0040,22.6064932325456,114.124153601375,0,66.0,85.0,19.0,0.16361321684058475,0.35257317200386884,0.1889599551632841,1,0.26592648956360665,30,2,2,71.0,5.0,0.20389031235318728,0.04027709551260253
A0041,22.6622997110033,114.072996896515,0,65.0,85.0,20.0,0.34921094147976967,0.6118784719926562,0.26266753051288655,1,0.1660901285923242,5,3,2,70.0,5.0,0.41263615070258786,0.06342520922281819
A0042,22.635398280659,114.226377185934,1,66.5,85.0,18.5,0.3542144556570546,0.5978056581625582,0.24359120250550353,1,0.4698432436430151,5,1,2,71.5,5.0,0.41796478004192034,0.06375032438486572
A0043,22.7380284355305,114.264097001048,0,67.0,85.0,18.0,0.35342663101020555,0.5904779059659918,0.23705127495578626,1,0.47803942737652033,8,2,2,72.0,5.0,0.41712675059172416,0.06370011958151861
A0044,22.6255834838843,114.154966375968,0,69.0,85.0,16.0,0.2540922299490726,0.44652406456677035,0.19243183461769775,1,0.260031364558319,17,2,2,74.0,5.0,0.3084291382483886,0.05433690829931598
A0045,22.6526549643723,114.027229172221,0,66.0,85.0,19.0,0.16211980819224617,0.350076913357076,0.18795710516482986,1,0.2449045841603797,32,3,2,71.0,5.0,0.20211810899762314,0.039998300805376974
A0046,22.7889219689206,113.896632665629,0,66.0,85.0,19.0,0.22187517934076026,0.4425218117364158,0.22064663239565555,1,0.44817593970936426,9,1,2,71.0,5.0,0.27183333183068903,0.04995815248992877
A0047,22.7010356427446,114.244292079239,0,67.0,85.0,18.0,0.23200306350382158,0.4434719453752108,0.2114688818713892,1,0.8777665413931655,10,0,2,72.0,5.0,0.2834110593934173,0.05140799588959574
A0048,22.6315405076403,114.12149281776,0,67.0,85.0,18.0,0.21804730338103784,0.42381540473497203,0.2057681013539342,1,0.18663135815434986,15,1,2,72.0,5.0,0.2674397907998206,0.04939248741878277
A0049,22.6417147970367,114.195532954479,0,68.5,85.0,16.5,0.26410070112183537,0.466141887598934,0.20204118647709862,1,0.2001723179397615,8,0,2,73.5,5.0,0.3196606689319103,0.05555996781007494
A0050,22.689403355188,114.345418821992,0,70.0,85.0,15.0,0.34821253315383494,0.5452230562688763,0.1970105231150414,1,0.541468530723705,5,0,2,75.0,5.0,0.41157108690269206,0.06335855374885713
A0051,22.6301004227929,114.063832661281,0,66.5,85.0,18.5,0.28336969029677,0.5172650116786652,0.23389532138189523,1,0.5379156776629476,9,3,2,71.5,5.0,0.34110438399824,0.05773469370147
A0052,22.6639167291901,114.071717684316,0,65.5,85.0,19.5,0.3573140191915043,0.6139010876275042,0.2565870684359999,1,0.356426763577305,5,3,2,70.5,5.0,0.4212582969748071,0.0639442777833028
A0053,22.7506640039026,114.378843000345,0,70.0,85.0,15.0,0.39208653734566445,0.5913969911248513,0.19931045377918688,1,0.907102953642667,3,0,2,75.0,5.0,0.4578207783899891,0.06573424104432463
A0054,22.7227256081329,114.073801635421,0,67.0,85.0,18.0,0.4291243120165214,0.6647483936788701,0.23562408166234866,1,0.30533345082984986,5,6,2,72.0,5.0,0.4960016648893455,0.06687735287282409
A0055,22.6413803215711,114.229981802978,0,67.0,85.0,18.0,0.36147931830333213,0.5989285916788408,0.2374492733755087,1,0.49357506073747875,5,1,2,72.0,5.0,0.42567529429176004,0.06419597598842791
A0056,22.7764075422069,114.309587840635,0,73.0,85.0,12.0,0.5600612303460075,0.7084866290291235,0.148425398683116,1,1.3566389476814436,2,1,2,78.0,5.0,0.6250037695078015,0.06494253916179393
A0057,22.5870653356629,113.905761364795,0,66.0,85.0,19.0,0.3492715004496424,0.5990709145041062,0.24979941405446382,1,0.16876175032592877,8,4,2,71.0,5.0,0.41270073360231885,0.06342923315267646
A0058,22.6933957055509,114.147487353786,0,69.0,85.0,16.0,0.4668250229441031,0.6746482449833405,0.20782322203923742,1,1.6613120714462362,2,1,2,74.0,5.0,0.5340810696636942,0.06725604671959107
A0059,22.6040496991942,114.058613751507,0,66.0,85.0,19.0,0.18311325835559086,0.3842477318262783,0.20113447347068744,1,0.21589436587596822,9,0,2,71.0,5.0,0.22688852142262456,0.04377526306703369
A0060,22.6376363999893,114.06791620901,0,65.5,85.0,19.5,0.2511663052790674,0.48959646182894123,0.23843015654987382,1,0.2099415226240624,11,3,2,70.5,5.0,0.30513347240859306,0.05396716712952565
A0061,22.6578852114526,114.07477225632,0,65.5,85.0,19.5,0.342939686282654,0.5988222578435158,0.25588257156086186,1,0.41241921059910325,7,4,2,70.5,5.0,0.40593635369196307,0.06299666740930909
A0062,22.6178181688603,114.157260801849,0,67.5,85.0,17.5,0.2412103013481761,0.44941206445835874,0.20820176311018265,1,0.5207742547868089,17,2,2,72.5,5.0,0.29387778608408544,0.05266748473590935
A0063,22.6414407060529,114.422742132399,0,75.0,85.0,10.0,0.6362347546913619,0.7498703929985615,0.11363563830719958,1,0.7002963612571562,1,1,2,77.5,2.5,0.6668060454418957,0.030571290750533775
A0064,22.7813987573364,114.300806526091,0,73.0,85.0,12.0,0.6134845029217783,0.7518713354824682,0.13838683256068995,0,0.38751581050628875,1,1,2,77.5,4.5,0.6691783200030623,0.05569381708128407
A0065,22.7229412237494,114.27771560183,0,67.0,85.0,18.0,0.38418339099345467,0.6220181140684817,0.23783472307502707,1,0.3832641808804919,10,3,2,72.0,5.0,0.4495725191211751,0.06538912812772041
A0066,22.6747071093467,114.22093326141,0,67.0,85.0,18.0,0.31507648444236924,0.5482148084472694,0.2331383240049002,1,0.7047978490012519,5,0,2,72.0,5.0,0.37588283905975606,0.060806354617386815
A0067,22.6628381443602,114.026397428454,0,65.0,85.0,20.0,0.16830278079226316,0.3728570870143939,0.20455430622213075,1,0.16290230890525312,31,4,2,70.0,5.0,0.20944522694713083,0.04114244615486767
A0068,22.6577697242095,114.079493396147,0,65.5,85.0,19.5,0.35866017932934485,0.615288456940561,0.25662827761121615,1,0.6690949497018731,6,4,2,70.5,5.0,0.42268692224352195,0.06402674291417709
A0069,22.6569132739748,114.210092791689,0,66.0,85.0,19.0,0.31792539382127305,0.5647631458369456,0.2468377520156726,1,0.25095509378222636,7,1,2,71.0,5.0,0.37897734063470834,0.06105194681343529
A0070,22.7385903883485,113.818449251052,0,66.5,85.0,18.5,0.27542653783411436,0.5074077159186149,0.23198117808450053,1,0.37802775489813967,11,4,2,71.5,5.0,0.3322932841059656,0.05686674627185123
A0071,22.7163633127048,114.32225700256,0,70.0,85.0,15.0,0.47199727969547367,0.6673370058719068,0.19533972617643314,1,0.5535816419372672,2,0,2,75.0,5.0,0.5392448430798085,0.0672475633843348
A0072,22.5233140084978,114.04663858269,0,66.5,85.0,18.5,0.27194359953242203,0.5030278166536268,0.2310842171212048,1,0.12780309134238424,8,2,2,71.5,5.0,0.32841717387048547,0.05647357433806344
A0073,22.6530142206891,114.212454874348,0,66.0,85.0,19.0,0.31329166660769076,0.5594828027209375,0.24619113611324678,1,0.7009284371016029,8,1,2,71.0,5.0,0.3739416272951397,0.060649960687448934
A0074,22.5331754025637,114.083134154717,0,66.5,85.0,18.5,0.1831959069773866,0.3780230351284074,0.1948271281510208,1,0.5378761505413066,18,1,2,71.5,5.0,0.22698543801149554,0.04378953103410893
A0075,22.5995590515513,114.130362976515,0,66.5,85.0,18.5,0.1714237570551179,0.3592375302140863,0.18781377315896838,1,0.5180657429202986,27,2,2,71.5,5.0,0.2131336281070874,0.041709871051969494
A0076,22.6502783683962,113.936624148954,0,68.5,85.0,16.5,0.3210909729524561,0.5350325378567394,0.21394156490428334,1,0.35391634694188995,6,1,2,73.5,5.0,0.38240999342272364,0.06131902047026755
A0077,22.7378203776219,114.285890066086,1,65.5,85.0,19.5,0.38068887316689853,0.6374136428982445,0.256724769731346,1,0.2890933107692763,8,3,2,70.5,5.0,0.44591390335868286,0.06522503019178433
A0078,22.7385903883485,113.818449251052,1,66.5,85.0,18.5,0.27542653783411436,0.5074077159186149,0.23198117808450053,1,0.37802775489813967,11,4,2,71.5,5.0,0.3322932841059656,0.05686674627185123
A0079,22.7430010931667,113.995040147773,0,71.0,84.0,13.0,0.6018657863993655,0.7528305968450252,0.15096481044565968,0,2.109081824933631,0,0,2,76.0,5.0,0.6643357918359845,0.06247000543661896
A0080,22.6349541735094,114.044819584999,0,66.0,85.0,19.0,0.1573267970865545,0.34199515741037284,0.18466836032381834,1,0.4282427558026429,21,1,2,71.0,5.0,0.19641977848028191,0.03909298139372741
A0081,22.7513933784059,114.026239909685,1,70.0,85.0,15.0,0.3040328115335603,0.4950318015726523,0.190998990039092,1,0.1302684040209385,8,1,2,75.0,5.0,0.36384003523668396,0.059807223703123635
A0082,22.6155646326245,114.152415879117,0,67.0,85.0,18.0,0.22425059405349143,0.4326338119330931,0.20838321787960165,1,0.28275999524492806,19,2,2,72.0,5.0,0.27455488321764704,0.05030428916415561
A0083,22.6844700633893,114.000085031516,0,66.0,85.0,19.0,0.13192477859790244,0.297295866741135,0.16537108814323256,1,0.20836221433278682,18,0,2,71.0,5.0,0.16594882222640955,0.03402404362850711
A0084,22.6651428008973,114.020001901954,0,65.5,85.0,19.5,0.1593970224064326,0.3516168061496007,0.19221978374316812,1,0.2460361275940109,29,4,2,70.5,5.0,0.1988830095287984,0.039485987122365784
A0085,22.6933155162664,113.81707837037,0,66.0,85.0,19.0,0.21492980281686525,0.43250861997775625,0.217578817160891,1,0.26213063913945694,15,3,2,71.0,5.0,0.2638543952345199,0.04892459241765468
A0086,22.7560020308019,113.851361212011,0,66.5,85.0,18.5,0.27971076199582023,0.512746854527705,0.23303609253188473,1,0.14362979900174422,7,2,2,71.5,5.0,0.33705059383118086,0.05733983183536062
A0087,22.7333561925431,113.831291899127,0,66.0,85.0,19.0,0.2682750281359248,0.5051114005298925,0.23683637239396765,1,0.6821880501465626,12,4,2,71.0,5.0,0.32432613849090935,0.05605111035498456
A0088,22.7778578024144,113.917004348147,0,70.0,85.0,15.0,0.2780193209042142,0.46356113548938455,0.18554181458517033,1,0.26964284999867927,8,1,2,75.0,5.0,0.3351737619470547,0.05715444104284051
A0089,22.7059717485156,113.8079954237,0,66.5,85.0,18.5,0.18681407796985353,0.3836816073456482,0.1968675293757947,1,0.5885023339038339,16,2,2,71.5,5.0,0.23122363840325727,0.044409560433403744
A0090,22.7046649683488,113.972689897065,0,70.0,85.0,15.0,0.42878784171094086,0.6274972805773861,0.1987094388664452,1,0.5175544190620182,1,0,2,75.0,5.0,0.4956582855155502,0.06687044380460933
A0091,22.6520496098925,114.053593678065,0,65.5,85.0,19.5,0.1545187350229853,0.34325793467425525,0.18873919965126995,1,0.2033501508217825,20,1,2,70.5,5.0,0.19307383169796474,0.038555096674979444
A0092,22.7213341121282,114.061619587743,0,67.0,85.0,18.0,0.43707132078004485,0.6719230356077424,0.2348517148276975,1,1.0280114643366889,5,6,2,72.0,5.0,0.504093556966988,0.06702223618694314
A0093,22.6800886065083,113.834786135085,0,70.0,85.0,15.0,0.38592624733982633,0.5851192839805774,0.1991930366407511,1,0.1781877593486054,8,4,2,75.0,5.0,0.45139457765289254,0.0654683303130662
A0094,22.7087497447993,113.816054302089,0,66.0,85.0,19.0,0.203666331902746,0.41588310685430635,0.21221677495156036,1,0.11151438095659735,13,2,2,71.0,5.0,0.2508462366591816,0.0471799047564356
A0095,22.607669788426,113.868531174692,0,65.5,85.0,19.5,0.30687230611320443,0.5587274184919226,0.2518551123787182,1,0.06354954971979503,7,3,2,70.5,5.0,0.36694359582787905,0.060071289714674625
A0096,22.7271036717407,114.061381858376,1,67.0,85.0,18.0,0.44212263313020755,0.6764271025788982,0.2343044694486906,1,0.4980804847140127,4,5,2,72.0,5.0,0.5092187739797797,0.0670961408495721
A0097,22.6795558910636,113.832938493127,0,65.5,85.0,19.5,0.3441379556959603,0.6000980375772565,0.25596008188129626,1,0.31174513993612885,7,4,2,70.5,5.0,0.40721832099367317,0.06308036529771288
A0098,22.675097731447,113.822362023717,0,65.5,85.0,19.5,0.3532673263033104,0.609705271227139,0.2564379449238286,1,0.16382454414675637,8,5,2,70.5,5.0,0.4169572493138885,0.06368992301057808
A0099,22.7333561925431,113.831291899127,0,66.0,85.0,19.0,0.2682750281359248,0.5051114005298925,0.23683637239396765,1,0.6821880501465626,12,4,2,71.0,5.0,0.32432613849090935,0.05605111035498456
A0100,22.611775078928,114.038058741903,0,66.0,85.0,19.0,0.14634825543612826,0.3230706528047302,0.17672239736860193,1,0.34332522637203144,14,0,2,71.0,5.0,0.18330667638268597,0.03695842094655771
A0101,22.7300665719473,114.066647673172,0,66.5,85.0,18.5,0.43177728743312455,0.6731114693162982,0.24133418188317363,1,0.1607560999344536,4,5,2,71.5,5.0,0.49870690843961596,0.06692962100649141
A0102,22.6523537636241,113.929912549169,0,70.0,85.0,15.0,0.3034001307596933,0.49428394100071854,0.19088381024102524,1,0.4182503994487078,7,1,2,75.0,5.0,0.3631478379293676,0.05974770716967431
A0103,22.7136525650851,114.065237460183,0,66.0,85.0,19.0,0.4194513844926117,0.6679244227717407,0.24847303827912898,1,0.6242740846383232,5,6,2,71.0,5.0,0.4861048865766162,0.0666535020840045
A0104,22.5607343074643,113.89007789741,1,70.0,85.0,15.0,0.41116594391149625,0.610436150573701,0.1992702066622048,1,1.067933969541159,8,4,2,75.0,5.0,0.4775859399259605,0.06641999601446424
A0105,22.6734335276973,113.825705157502,0,65.0,85.0,20.0,0.35003292772986316,0.6127366096718053,0.26270368194194216,1,0.44863787598707067,8,5,2,70.0,5.0,0.4135125688013976,0.06347964107153442
A0106,22.5915549765801,114.125910235104,0,67.5,85.0,17.5,0.21526292588488677,0.4132661438967582,0.19800321801187143,1,0.15149618025520306,16,2,2,72.5,5.0,0.26423782487895464,0.04897489899406787
A0107,22.6705219973773,113.923561080063,0,70.0,85.0,15.0,0.25694538673339096,0.43693452900537816,0.1799891422719872,1,0.1537846942309935,7,0,2,75.0,5.0,0.31163752052407945,0.05469213379068849
A0108,22.7003870654451,113.844902563379,0,66.0,85.0,19.0,0.2152456812450045,0.43296791529176115,0.21772223404675664,1,0.3691826119103055,6,0,2,71.0,5.0,0.2642179778577359,0.048972296612731364
A0109,22.5635036060249,113.906894768535,1,65.5,85.0,19.5,0.27441375043997424,0.5195995843883333,0.24518583394835908,1,0.5612137755194926,14,4,2,70.5,5.0,0.33116696165222514,0.05675321121225091
A0110,22.7074327930824,113.930013135693,0,68.5,85.0,16.5,0.25398896338708526,0.4530569631820368,0.19906799979495154,1,1.530935777265884,7,0,2,73.5,5.0,0.30831291630113566,0.0543239529140504
A0111,22.6335574972806,113.851360434976,0,70.5,85.0,14.5,0.42341031988182004,0.6159897716859244,0.19257945180410435,1,1.5326629416709052,3,0,2,75.5,5.0,0.4901617678973328,0.06675144801551275
A0112,22.5641925131759,113.896166355239,0,65.5,85.0,19.5,0.3073771089076671,0.5593122061768165,0.2519350972691494,1,0.37917852459866386,12,4,2,70.5,5.0,0.3674948229899317,0.06011771408226457
A0113,22.6691926689555,114.038411728358,0,66.5,85.0,18.5,0.19630592578653921,0.39827707249036665,0.20197114670382743,1,0.7001943857540617,24,3,2,71.5,5.0,0.24229956746230366,0.045993641675764446
A0114,22.5962807681237,113.855062769694,0,66.5,85.0,18.5,0.3407442277525731,0.5834411380719858,0.2426969103194127,1,0.6917167630376851,10,3,2,71.5,5.0,0.4035853147343376,0.0628410869817645
A0115,22.6851882278014,113.81156753556,0,67.0,85.0,18.0,0.23834736500424775,0.4521941438901424,0.21384677888589465,1,0.8444107123048801,13,3,2,72.0,5.0,0.29062916559038776,0.052281800586140015
A0116,22.7070081399144,114.096776550712,0,66.0,85.0,19.0,0.2433546266188059,0.4723939589369304,0.2290393323181245,1,0.391208932264718,5,0,2,71.0,5.0,0.29630748311960287,0.05295285650079695
A0117,22.7303490034601,114.068783000165,0,67.0,85.0,18.0,0.4399848538143606,0.6745262108984353,0.23454135708407475,1,0.30447070059404185,4,5,2,72.0,5.0,0.5070514373985054,0.06706658358414486
A0118,22.6076110049139,113.869894332642,0,65.5,85.0,19.5,0.30716710979143497,0.5590690180530745,0.25190190826163955,1,0.09448604205794656,7,3,2,70.5,5.0,0.3672655303212563,0.06009842052982134
A0119,22.5848807593367,113.91327495018,1,66.0,85.0,19.0,0.28065005710136054,0.5206380064444547,0.23998794934309414,1,0.7530749120658214,9,2,2,71.0,5.0,0.3380920604550977,0.05744200335373717
A0120,22.5609901044042,113.894562979616,0,65.5,85.0,19.5,0.3359776924317627,0.5913406911781718,0.2553629987464091,1,0.6422839127382225,9,4,2,70.5,5.0,0.39847104617353873,0.06249335374177606
A0121,22.7356517809663,114.280464023231,1,65.0,85.0,20.0,0.3469024743054677,0.6094597340715707,0.262557259766103,1,0.4339100461040726,11,4,2,70.0,5.0,0.41017266531064406,0.06327019100517633
A0122,22.5819431420697,113.888016568333,1,66.5,85.0,18.5,0.3252199156114404,0.5663587232182273,0.2411388076067869,1,0.1903820749108138,10,4,2,71.5,5.0,0.3868781105963999,0.0616581949849595
A0123,22.5829728906449,113.907183429129,1,65.5,85.0,19.5,0.28951613711033986,0.5381870591250516,0.24867092201471175,1,0.23324199225541253,12,5,2,70.5,5.0,0.34789518837616873,0.058379051265828874
A0124,22.5413895409741,113.919110416432,1,66.0,85.0,19.0,0.2826125332949368,0.5230584031158969,0.2404458698209601,1,0.3660068661588561,14,4,2,71.0,5.0,0.3402662088257545,0.05765367553081768
A0125,22.7704017692631,113.855116111075,0,66.0,85.0,19.0,0.3513136233018622,0.6012241474934625,0.24991052419160031,1,0.4631576623279717,5,2,2,71.0,5.0,0.41487727106918715,0.06356364776732493
A0126,23.1676903546272,113.665172812936,1,75.0,65.0,-10.0,0.9784688125315553,0.9636531595242478,-0.014815653007307472,0,0.9283743041847441,1,0,1,70.0,-5.0,0.9719973873796012,-0.006471425151954091
A0127,23.1654980452292,113.387590060323,1,65.5,85.0,19.5,0.4020942651284212,0.6579191449141484,0.25582487978572716,1,0.38372403971777075,9,0,0,70.5,5.0,0.46821407148763483,0.0661198063592136
A0128,23.1593359975333,113.338711283964,0,65.5,85.0,19.5,0.5057327559014118,0.7453024793042725,0.23956972340286076,1,0.7793958425948828,12,4,0,70.5,5.0,0.5725745786699081,0.06684182276849637
A0129,23.1687891455769,113.419959772635,1,66.5,66.0,-0.5,0.7558177535250576,0.7508109993352347,-0.005006754189822993,0,1.8034770173829315,1,1,0,65.0,-1.5,0.740593599069542,-0.015224154455515615
A0130,23.1284929476215,113.350618568732,0,65.0,85.0,20.0,0.5082343732937712,0.7522530780793955,0.24401870478562426,0,0.7147255236573447,17,6,0,70.0,5.0,0.5750221759709714,0.06678780267720019
A0131,23.1307022473192,113.416260868546,0,65.5,85.0,19.5,0.404755326944641,0.660403236668923,0.255647909724282,1,0.2888304834919975,23,6,0,70.5,5.0,0.4709680334865385,0.06621270654189748
A0132,23.1382207893585,113.389486698559,0,65.0,85.0,20.0,0.3559048164516772,0.618819684503253,0.26291486805157577,1,0.3144428451116377,26,5,0,70.0,5.0,0.4197616192625296,0.06385680281085238
A0133,23.1861168487634,113.597485671544,1,75.0,66.0,-9.0,0.8331527771759966,0.7545748391860084,-0.07857793798998813,0,3.252701243891225,0,0,0,70.0,-5.0,0.7922772810156511,-0.04087549616034547
A0134,23.1240189591638,113.411547026554,0,65.0,85.0,20.0,0.3793585232328466,0.6423211127388049,0.2629625895059583,1,0.09624982201460877,26,6,0,70.0,5.0,0.44451922210947625,0.06516069887662967
A0135,23.1381658955335,113.372836112767,1,65.5,85.0,19.5,0.3889136647270611,0.6454047403130857,0.2564910755860246,1,0.5950939853441298,20,5,0,70.5,5.0,0.4545136770817698,0.06560001235470869
A0136,23.1996730122491,113.406846999602,0,68.5,85.0,16.5,0.5507384146661829,0.748904367128397,0.19816595246221413,1,0.42545996144169707,3,0,0,73.5,5.0,0.616113859342508,0.06537544467632506
A0137,23.1224808721127,113.361124926295,0,65.5,85.0,19.5,0.4731902293941825,0.719793884308281,0.24660365491409847,1,0.3884768721492323,12,3,0,70.5,5.0,0.540433791197886,0.06724356180370356
A0138,23.2001391478776,113.374908952731,0,65.5,85.0,19.5,0.4463585836433216,0.6974927522965622,0.25113416865324056,1,0.31656847312805847,6,0,0,70.5,5.0,0.5135058539482067,0.0671472703048851
A0139,23.1012502166771,113.548436650122,0,68.0,85.0,17.0,0.49224657926127313,0.7078675551865198,0.21562097592524665,1,1.0053521555174934,6,1,0,73.0,5.0,0.5593230085073626,0.06707642924608948
A0140,23.1248664643703,113.561445341886,0,69.0,85.0,16.0,0.5485330393213662,0.7421024684567628,0.19356942913539654,1,0.7521025296621612,4,1,0,74.0,5.0,0.6140044813404328,0.06547144201906663
A0141,23.1087118142391,113.492884574249,0,66.5,79.0,12.5,0.6060829322167278,0.7510937758182014,0.14501084360147354,0,0.6261557178759821,4,5,0,71.5,5.0,0.6682559621974169,0.062173029980689076
A0142,23.1243156395216,113.408115078202,0,65.0,85.0,20.0,0.38833146432850324,0.650989913188746,0.26265844886024275,1,0.15914841795753976,24,6,0,70.0,5.0,0.4539062175609971,0.06557475323249384
A0143,23.1675143840217,113.337954403182,0,66.0,80.5,14.5,0.5801984601805974,0.7511842816588786,0.17098582147828123,0,0.6375024635163339,7,5,0,71.0,5.0,0.6440576105481691,0.06385915036757173
A0144,23.1354420411307,113.390007969091,0,65.0,85.0,20.0,0.33596493804452554,0.5978215585801615,0.26185662053563596,1,0.1710396021696453,30,5,0,70.0,5.0,0.39845734299412094,0.062492404949595404
A0145,23.1368057684525,113.331549452559,0,65.0,85.0,20.0,0.4959342506398927,0.7429696894057611,0.24703543876586842,1,0.33146989459413784,22,8,0,70.0,5.0,0.5629560479827308,0.06702179734283809
A0146,23.1159303246968,113.42048908658,0,66.0,85.0,19.0,0.4413963501165255,0.6874750850243703,0.24607873490784477,1,0.2375285289818922,16,6,0,71.0,5.0,0.5084827320470056,0.06708638193048005
A0147,23.1618940670467,113.343334634253,0,66.0,84.0,18.0,0.5376140340488659,0.7541172485238545,0.21650321447498866,0,1.3027701009035404,10,4,0,71.0,5.0,0.6035244249645121,0.06591039091564621
A0148,23.1097973945641,113.453448444076,0,66.0,85.0,19.0,0.4621593070682689,0.7052002729580059,0.243040965889737,1,0.325786318288057,8,1,0,71.0,5.0,0.52941060789483,0.06725130082656106
A0149,23.1097580892894,113.453481189203,0,66.0,85.0,19.0,0.46210870399836745,0.7051579483893441,0.24304924439097664,1,0.32124104358024946,8,1,0,71.0,5.0,0.5293598887150341,0.06725118471666669
A0150,23.1909047341958,113.449201701942,1,73.0,78.0,5.0,0.7008769654085474,0.754157200490473,0.05328023508192559,0,1.3453339693156279,1,0,0,72.5,-0.5,0.6951979908250329,-0.005678974583514518
A0151,23.1087118142391,113.492884574249,1,66.5,79.0,12.5,0.6060829322167278,0.7510937758182014,0.14501084360147354,0,0.6261557178759821,4,5,0,71.5,5.0,0.6682559621974169,0.062173029980689076
A0152,23.0998282189715,113.484963504791,0,65.5,79.5,14.0,0.5890740467341055,0.752975667021941,0.1639016202878355,0,0.24992016604323633,4,5,0,70.5,5.0,0.652391955195666,0.06331790846156049
A0153,23.0797894313979,113.429744979892,1,70.5,66.5,-4.0,0.7910976022096391,0.7532477300895102,-0.03784987212012891,0,2.491443531236058,0,0,0,65.5,-5.0,0.7430960552916883,-0.04800154691795078
A0154,23.1181011943149,113.544217136668,1,67.0,84.0,17.0,0.5462033824414392,0.7505238634637696,0.20432048102233047,0,0.690758565286919,4,2,0,72.0,5.0,0.6117735584078553,0.06557017596641612
A0155,23.1087118142391,113.492884574249,1,66.5,79.0,12.5,0.6060829322167278,0.7510937758182014,0.14501084360147354,0,0.6261557178759821,4,5,0,71.5,5.0,0.6682559621974169,0.062173029980689076
A0156,23.1011247274453,113.487241158411,0,65.5,79.5,14.0,0.588140613559886,0.7522579635960032,0.16411735003611716,0,0.1638551906425933,4,5,0,70.5,5.0,0.6515172650417101,0.06337665148182414
A0157,23.1487229407005,113.515291376765,0,73.5,80.5,7.0,0.6735870366655204,0.7505705395026123,0.07698350283709188,0,0.9106242837626628,1,0,0,74.5,1.0,0.6853222591763961,0.011735222510875665
A0158,23.0479763966089,113.289293329367,0,69.0,85.0,16.0,0.5638868225343464,0.7538275720627771,0.18994074952843065,0,0.8836895553309139,5,1,0,74.0,5.0,0.6286390905958236,0.06475226806147716
A0159,23.1111406826233,113.278240859545,0,66.0,85.0,19.0,0.37603209886959127,0.6265428604520316,0.2505107615824403,1,0.27730279232382116,30,4,0,71.0,5.0,0.44102744439247177,0.0649953455228805
A0160,22.9345907957979,113.416799529649,0,70.0,65.0,-5.0,0.9576578967106328,0.9452813251292579,-0.012376571581374951,0,1.0386834280139714,3,5,1,65.0,-5.0,0.9452813251292579,-0.012376571581374951
A0161,23.3969086250469,113.347511423398,0,75.0,75.0,0.0,0.754635507958852,0.754635507958852,0.0,0,4.1080818720606915,0,0,4,70.0,-5.0,0.7014178929965192,-0.05321761496233279
A0162,23.0913807065672,113.531677147482,0,70.0,85.0,15.0,0.5564890287157306,0.737926331581664,0.1814373028659334,1,0.46546671057392935,3,0,0,75.0,5.0,0.62160261114203,0.06511358242629939
A0163,23.2156529919026,113.300569151175,0,66.0,84.0,18.0,0.5366622423923179,0.7534066999851557,0.2167444575928379,0,0.5544052834542494,11,7,0,71.0,5.0,0.6026080197471565,0.06594577735483864
A0164,22.9609932512206,113.442775215343,0,66.5,65.0,-1.5,0.9675319539143257,0.9648945590658814,-0.0026373948484442744,0,1.2747381864482141,1,4,1,65.0,-1.5,0.9648945590658814,-0.0026373948484442744
A0165,23.2128091257282,113.256333074606,0,65.5,78.5,13.0,0.6036912976785431,0.7542465475850315,0.1505552499064884,0,0.7066757989001616,8,9,0,70.5,5.0,0.6660338064100394,0.06234250873149627
A0166,23.2945140830139,113.331306286413,0,69.0,67.0,-2.0,0.7730226265689021,0.7535591526963472,-0.01946347387255487,0,1.3501814571812236,2,3,0,65.0,-4.0,0.7330031357488984,-0.04001949082000367
A0167,23.2374577140508,113.204265310992,0,70.0,74.0,4.0,0.7077694755991975,0.7502826643784055,0.042513188779208066,0,1.4613205357597985,1,0,0,70.0,0.0,0.7077694755991975,0.0
A0168,23.3718457592623,113.360399252647,0,74.5,85.0,10.5,0.6283678658452875,0.7485750063059593,0.12020714046067182,1,1.3047025518192572,1,0,4,77.5,3.0,0.6652725033714227,0.036904637526135264
A0169,23.3862789522872,113.410598974178,0,74.0,76.5,2.5,0.7285944773510937,0.7544000457860175,0.025805568434923765,0,2.2750433346141654,0,0,4,71.5,-2.5,0.7011515854790327,-0.02744289187206106
A0170,23.2577840626908,113.319993212109,0,65.5,85.0,19.5,0.48733495499357715,0.7310802945100653,0.24374533951648814,1,0.11452478348950554,6,2,0,70.5,5.0,0.5544729668540158,0.06713801186043866
A0171,23.0802913180246,113.204206100083,0,67.5,85.0,17.5,0.3598976843665047,0.5907824112565091,0.2308847268900044,1,0.9467158519265404,4,0,3,72.5,5.0,0.4239992920923697,0.06410160772586498
A0172,23.2128091257282,113.256333074606,0,65.5,78.5,13.0,0.6036912976785431,0.7542465475850315,0.1505552499064884,0,0.7066757989001616,8,9,0,70.5,5.0,0.6660338064100394,0.06234250873149627
A0173,23.2523133871887,113.264093640781,0,66.5,80.5,14.0,0.5875112226769804,0.7517735213146108,0.16426229863763042,0,0.06165923766212809,7,3,0,71.5,5.0,0.6509272419260532,0.06341601924907281
A0174,23.2617120579038,113.273631743806,0,65.5,81.0,15.5,0.5655556441152435,0.7500684468495327,0.18451280273428916,0,0.4693738074547953,6,2,0,70.5,5.0,0.6302226178010523,0.06466697368580876
A0175,23.1965714623088,113.248217962292,0,65.0,82.0,17.0,0.5487046329151206,0.7524094242547731,0.20370479133965247,0,0.7165586074853025,11,8,0,70.0,5.0,0.6141686939140293,0.06546406099890867
A0176,23.233763172406,113.223460705564,0,67.5,73.5,6.0,0.684773415294618,0.7500939995132226,0.06532058421860465,0,0.6416521546770535,4,3,0,69.5,2.0,0.7075612106237361,0.02278779532911812
A0177,22.604959707051,113.857589590804,0,66.0,85.0,19.0,0.34031133459456475,0.589507852651462,0.24919651805689724,1,0.2807952992013802,9,3,2,71.0,5.0,0.4031214038601199,0.06281006926555516
A0178,22.7503426275261,113.583522613719,1,70.0,65.0,-5.0,0.9754960870364047,0.968160252237406,-0.007335834798998686,0,0.5852964566338515,1,2,1,65.0,-5.0,0.968160252237406,-0.007335834798998686
A0179,23.112957963072,113.218596106348,1,67.0,81.5,14.5,0.5795971200632288,0.7507226375941429,0.1711255175309141,0,0.7447067482096124,5,1,0,72.0,5.0,0.6434915374926904,0.06389441742946156
A0180,23.1317590111482,113.27575799971,0,65.0,85.0,20.0,0.3546043370879838,0.6174795068122795,0.2628751697242957,1,0.36104283688082983,34,5,0,70.0,5.0,0.4183793708956393,0.06377503380765553
A0181,23.1404538960516,113.288511874539,1,65.5,85.0,19.5,0.4341988130192278,0.6869806764585866,0.2527818634393588,1,0.5455335233708986,27,10,0,70.5,5.0,0.5011727262753314,0.06697391325610358
A0182,23.1288238498394,113.422445466624,0,65.5,85.0,19.5,0.42174765618907595,0.6759405806970898,0.2541929245080139,1,0.3772960859417102,18,6,0,70.5,5.0,0.4884590393354843,0.06671138314640834
A0183,23.1381658955335,113.372836112767,1,65.5,85.0,19.5,0.3889136647270611,0.6454047403130857,0.2564910755860246,1,0.5950939853441298,20,5,0,70.5,5.0,0.4545136770817698,0.06560001235470869
A0184,23.135343036366,113.303714558036,0,65.0,85.0,20.0,0.43912431226825327,0.696990546084582,0.2578662338163287,1,0.3486954877524199,20,8,0,70.0,5.0,0.5061782857024014,0.06705397343414815
A0185,23.1441611874437,113.293760883836,1,65.5,85.0,19.5,0.4364681912443851,0.688962464212492,0.2524942729681069,1,0.1777032811515143,23,8,0,70.5,5.0,0.50348066043081,0.0670124691864249
A0186,23.1350887199493,113.308793343828,0,65.0,85.0,20.0,0.49432574084783687,0.7417389708943615,0.2474132300465246,1,0.5093225171326674,14,8,0,70.0,5.0,0.5613722515844576,0.06704651073662071
A0187,23.1291226806063,113.350269600398,0,65.5,85.0,19.5,0.49825169770452216,0.7395802868511814,0.24132858914665922,1,0.7926615758880904,18,6,0,70.5,5.0,0.5652354891287242,0.06698379142420208
A0188,23.1355991942272,113.350753117381,0,65.5,85.0,19.5,0.5025509405628664,0.7428787967807159,0.24032785621784947,1,0.8307404942045462,18,6,0,70.5,5.0,0.5694567364458893,0.06690579588302292
A0189,22.8914003692739,113.463408611086,1,69.5,65.0,-4.5,0.9795457038516386,0.974078216392834,-0.005467487458804654,0,2.608193671644073,0,2,1,65.0,-4.5,0.974078216392834,-0.005467487458804654
A0190,23.1324472006173,113.339825712796,1,65.5,84.0,18.5,0.5285373582664735,0.7523469601395238,0.22380960187305032,0,0.13925463617004208,17,9,0,70.5,5.0,0.5947663369247417,0.06622897865826816
A0191,23.1378221906984,113.391320724901,0,65.0,85.0,20.0,0.34982397089020745,0.6125186172445656,0.26269464635435813,1,0.19260852823688493,27,5,0,70.0,5.0,0.41328981297081313,0.06346584208060568
A0192,23.1370846778693,113.334185837298,0,65.0,84.5,19.5,0.5186106349709045,0.7549627959488487,0.2363521609779442,0,0.43429722139482513,22,10,0,70.0,5.0,0.5851395320797186,0.06652889710881404
A0193,23.1996540489449,113.347128721895,0,65.5,85.0,19.5,0.42380162520834563,0.6777814722774589,0.25397984706911325,1,0.3221343928472581,19,5,0,70.5,5.0,0.4905622774007773,0.06676065219243166
A0194,23.1628186802684,113.418328010558,1,66.0,66.5,0.5,0.749037735401631,0.7540684479934666,0.005030712591835629,0,1.5923658338891453,1,1,0,65.0,-1.0,0.7387729238820192,-0.010264811519611783
A0195,23.1621334712159,113.33624247722,0,65.5,81.5,16.0,0.5590156013835254,0.7501378369463683,0.1911222355628429,0,0.8475838355244629,8,5,0,70.5,5.0,0.6240088702545024,0.064993268870977
A0196,23.1745217883214,113.359043890192,0,66.5,85.0,18.5,0.5248258912731641,0.7495625410450959,0.22473664977193175,1,0.48798471601063703,4,1,0,71.5,5.0,0.5911729569777341,0.06634706570456994
A0197,23.1396300112367,113.373441000257,0,65.0,85.0,20.0,0.3816172894883315,0.6445196403014293,0.26290235081309776,1,0.5087943540875137,20,5,0,70.0,5.0,0.4468866067568993,0.06526931726856777
A0198,22.8292607570027,113.512806615216,1,75.0,65.0,-10.0,0.9834592686343051,0.9719792193011703,-0.011480049333134845,0,4.226999212331515,0,1,1,70.0,-5.0,0.9784547500426821,-0.005004518591622986
A0199,22.7740343384781,113.563484892444,1,74.5,65.0,-9.5,0.9819708070143846,0.9702767024753961,-0.011694104538988448,0,2.8709200507829125,0,1,1,69.5,-5.0,0.9765266924110544,-0.0054441146033301635
A0200,22.7609687421639,113.567051785148,1,75.0,65.0,-10.0,0.9837468194471634,0.9724607554167476,-0.011286064030415766,0,1.5077739378164623,1,3,1,70.0,-5.0,0.9788274284384827,-0.0049193910086806625
A0201,23.06873265818,113.259724537227,1,67.0,79.5,12.5,0.6084635627422167,0.7529552522729828,0.14449168953076608,0,0.16429416863356264,4,2,0,72.0,5.0,0.670465146538507,0.06200158379629028
A0202,23.3804385369808,113.214808316726,1,70.0,82.0,12.0,0.6172489962898585,0.7548266478721903,0.13757765158233182,0,0.34533655750880277,10,8,4,75.0,5.0,0.678594240531673,0.061345244241814534
A0203,23.0683224425615,113.259826043953,0,67.0,79.5,12.5,0.6083000876390459,0.7528275987768981,0.14452751113785223,0,0.14897490676204603,4,2,0,72.0,5.0,0.6703135319826581,0.06201344434361222
A0204,22.8066172363972,113.553841124661,1,66.5,65.0,-1.5,0.9803244647321775,0.978703338742931,-0.0016211259892464636,0,1.595161945207894,1,4,1,65.0,-1.5,0.978703338742931,-0.0016211259892464636
A0205,22.8080831187483,113.554093517069,1,66.5,65.0,-1.5,0.9804099959152424,0.9787957646661224,-0.0016142312491199684,0,1.6943775720289374,1,4,1,65.0,-1.5,0.9787957646661224,-0.0016142312491199684
A0206,22.807546702812,113.552166166666,1,70.0,65.0,-5.0,0.9835788062693257,0.9786096680234402,-0.004969138245885518,0,1.4950389189354638,1,4,1,65.0,-5.0,0.9786096680234402,-0.004969138245885518
A0207,22.7515565254918,113.582300593937,1,70.0,65.0,-5.0,0.9778088302244182,0.9711448902254749,-0.0066639399989433246,0,0.43544133929409384,1,3,1,65.0,-5.0,0.9711448902254749,-0.0066639399989433246
A0208,22.7372249570996,113.493320018744,1,75.0,65.0,-10.0,0.9822665312996938,0.9699839315812251,-0.012282599718468679,0,8.466893372423362,0,0,1,70.0,-5.0,0.9769096141567958,-0.005356917142897988
A0209,22.7514939634161,113.583011167968,1,70.0,65.0,-5.0,0.9778796120640827,0.971236302369696,-0.006643309694386645,0,0.5083855446835552,1,3,1,65.0,-5.0,0.971236302369696,-0.006643309694386645
A0210,23.1087118142391,113.492884574249,1,67.0,79.0,12.0,0.6124967840616828,0.7510937758182014,0.13859699175651852,0,0.6261557178759821,4,5,0,72.0,5.0,0.6742016658640017,0.06170488180231881
A0211,23.1438110113331,113.225977000331,0,66.0,75.0,9.0,0.654229179103142,0.754481339796267,0.10025216069312493,0,0.30867525446243543,7,6,0,70.5,4.5,0.7068573569927598,0.05262817788961771
A0212,23.452313317277,113.18650320598,0,70.0,72.5,2.5,0.7276974450354555,0.7535594555070758,0.02586201047162029,0,1.046431041985533,2,3,4,68.5,-1.5,0.7113895341261441,-0.016307910909311385
A0213,23.3387320144502,113.28750899998,1,68.0,85.0,17.0,0.4584974796047211,0.6791074373691139,0.22060995776439285,1,0.9056923756083298,6,1,4,73.0,5.0,0.5257367887885452,0.06723930918382415
A0214,23.4663327934283,113.159491967779,0,70.0,72.0,2.0,0.731859457249962,0.7524737917815912,0.020614334531629197,0,0.4598955287928258,4,7,4,68.5,-1.5,0.7157034246152918,-0.016156032634670248
A0215,23.1421736666503,113.225830285482,0,66.0,74.5,8.5,0.6559773337778253,0.7509062801974542,0.0949289464196289,0,0.4814208517132224,7,6,0,70.0,4.0,0.7028619403854467,0.04688460660762139
A0216,23.374775772357,113.178884764987,1,70.5,78.5,8.0,0.6660807590212887,0.7542856736202935,0.08820491459900481,0,1.876034006426717,1,0,4,72.5,2.0,0.6896073377282055,0.023526578706916768
A0217,23.4707976950687,113.162317292602,0,70.0,72.0,2.0,0.7296003253161628,0.750329089250498,0.020728763934335204,0,0.20355113956729776,4,7,4,68.5,-1.5,0.713361486696216,-0.016238838619946794
A0218,23.1369726166487,113.251180512779,1,66.0,85.0,19.0,0.36386535054066904,0.6142498736104652,0.2503845230697962,1,0.10237620759408578,24,2,0,71.0,5.0,0.42820090094213187,0.06433555040146283
A0219,23.4567319436188,113.281831122566,1,70.5,82.0,11.5,0.6214789789487072,0.753157170525226,0.13167819157651883,0,0.19983670469331197,2,1,4,75.0,4.5,0.6766280513426379,0.05514907239393074
A0220,23.3928644657187,113.216877071196,1,65.0,81.5,16.5,0.5555901493817009,0.7525774742866059,0.196987324904905,0,0.31490855499483394,12,10,4,70.0,5.0,0.6207457619626842,0.06515561258098324
A0221,23.4594832741594,113.190665542288,0,70.0,74.0,4.0,0.7106917099674073,0.7529281808025421,0.04223647083513482,0,0.34896661095368936,3,4,4,69.5,-0.5,0.7051206749804516,-0.005571034986955659
A0222,22.7102301705629,113.552891213297,1,75.0,65.0,-10.0,0.9796140814056744,0.9655587511051764,-0.014055330300497992,0,5.294383389887917,0,0,1,70.0,-5.0,0.9734775483502496,-0.006136533055424831
A0223,23.466897437603,113.156847690528,0,70.0,72.0,2.0,0.731144500859188,0.7517951594217095,0.020650658562521462,0,0.3786221264808713,4,7,4,68.5,-1.5,0.7149621680709166,-0.016182332788271414
A0224,23.3948402819022,113.221447149273,0,70.0,82.5,12.5,0.6052672537107124,0.7504547369094098,0.14518748319869734,0,0.31784345977167966,13,9,4,75.0,5.0,0.66749839633777,0.062231142627057534
A0225,23.3388714432594,113.111064901651,1,75.0,74.5,-0.5,0.7562747181697101,0.7512742502705579,-0.005000467899152206,0,4.306186195962648,0,0,4,70.0,-5.0,0.7032728377391173,-0.05300188043059284
A0226,23.4739306979279,113.228661761516,0,75.0,83.0,8.0,0.6667868128986423,0.7548738590479243,0.08808704614928198,0,1.015818294692571,2,0,4,76.0,1.0,0.6786498817457445,0.011863068847102198
A0227,23.415362495971,113.255981176897,1,70.0,71.5,1.5,0.7356227717028505,0.7510405876597596,0.015417815956909053,0,2.0660366427466266,0,1,4,68.0,-2.0,0.7141381975712624,-0.021484574131588108
A0228,23.3962014611059,113.214823185478,1,65.5,81.0,15.5,0.5685868701825403,0.752375955494608,0.18378908531206772,0,0.057743922700101605,10,9,4,70.5,5.0,0.6330953610700781,0.06450849088753785
A0229,23.4049935441326,113.218564358435,1,70.0,81.0,11.0,0.6267007901438842,0.7522852090560002,0.1255844189121159,0,0.7325108467406642,10,8,4,74.5,4.5,0.6814789894583648,0.05477819931448058
A0230,23.0756222678072,113.288290696452,1,66.0,85.0,19.0,0.4483559853084443,0.6934977602341491,0.24514177492570483,1,0.03180733989600689,9,1,0,71.0,5.0,0.5155239429895944,0.06716795768115008
A0231,23.3724341706871,113.207607097319,1,70.0,82.0,12.0,0.6149130257100552,0.752994323724461,0.13808129801440572,0,0.3575598674061658,5,3,4,75.0,5.0,0.676436406855708,0.06152338114565281
A0232,23.425831172849,113.208056767498,1,70.0,68.5,-1.5,0.7658656825189857,0.7510616576009352,-0.01480402491805044,0,2.272474932141197,0,2,4,66.0,-4.0,0.7250331694937544,-0.040832513025231276
A0233,23.3984107824574,113.25153069652,1,70.0,77.0,7.0,0.6772878798222239,0.7537176821561624,0.07642980233393848,0,0.408384325145722,2,2,4,71.5,1.5,0.6946957369931998,0.017407857170975816
A0234,23.3895943664696,113.209449233563,1,70.0,80.5,10.5,0.6347951043442944,0.7537380580793394,0.11894295373504493,0,0.17651201672267475,10,10,4,74.0,4.0,0.6831722211417771,0.04837711679748269
A0235,23.4038021496939,113.209090840207,1,70.0,77.5,7.5,0.6718617997868761,0.7541305000077323,0.0822687002208562,0,0.4208935006649896,7,8,4,72.0,2.0,0.6951674751919078,0.0233056754050317
A0236,23.3950883145195,113.209232887461,1,70.0,79.0,9.0,0.6543265763344065,0.754561091987292,0.10023451565288555,0,0.6400644405043746,8,9,4,73.0,3.0,0.6899254508800179,0.03559887454561139
A0237,23.0969280105105,113.239735000161,1,66.0,85.0,19.0,0.40366916814094117,0.6533140020607786,0.24964483391983744,1,0.3909064043984828,11,0,0,71.0,5.0,0.469844442520856,0.06617527437991483
A0238,23.4084128090178,113.212755376026,1,70.0,75.5,5.5,0.6934506112756973,0.752627552523911,0.05917694124821371,0,0.7590638758893341,5,8,4,70.5,0.5,0.6991480533686005,0.005697442092903238
A0239,23.0918714635254,113.337875769111,1,65.0,85.0,20.0,0.49505600067305866,0.7422981996791472,0.24724219900608857,1,0.09820160218797815,19,8,0,70.0,5.0,0.5620914609318132,0.06703546025875451
A0240,23.3948402819022,113.221447149273,0,70.0,82.5,12.5,0.6052672537107124,0.7504547369094098,0.14518748319869734,0,0.31784345977167966,13,9,4,75.0,5.0,0.66749839633777,0.062231142627057534
A0241,23.0953786446699,113.340585953241,0,65.5,85.0,19.5,0.5049864740846183,0.7447353423245509,0.23974886823993258,1,0.38353921428959903,19,8,0,70.5,5.0,0.571843777838543,0.06685730375392474
A0242,23.4064905563046,113.169637572138,1,71.5,78.5,7.0,0.6773285587986994,0.7537522297014675,0.07642367090276814,0,1.8118199245718363,1,0,4,73.0,1.5,0.6947352106655373,0.017406651866837985
A0243,23.1002261378906,113.272654115225,0,65.5,85.0,19.5,0.3957283847903399,0.6519191476083516,0.2561907628180117,1,0.4585639881259094,28,4,0,70.5,5.0,0.4616095677169499,0.06588118292661
A0244,23.1140539351209,113.268162269676,0,66.0,85.0,19.0,0.3639424186607445,0.6143287596151239,0.2503863409543794,1,0.3559450870937788,41,5,0,71.0,5.0,0.42828242142676776,0.06434000276602325
A0245,23.4260402551923,113.205743562539,1,70.0,71.5,1.5,0.736163148299151,0.7515600937882279,0.015396945489076885,0,2.1281131549189767,0,1,4,68.0,-2.0,0.7147054568896586,-0.021457691409492385
A0246,23.0914437936008,113.361995204673,0,66.5,83.0,16.5,0.5562879424340529,0.7531034154596601,0.1968154730256072,0,0.49777005494039156,7,3,0,71.5,5.0,0.621410962621597,0.06512302018754412
A0247,23.0725067756973,113.323263141182,1,66.0,78.5,12.5,0.6055964621844436,0.7507127297358032,0.14511626755135953,0,0.8464932471969538,7,4,0,71.0,5.0,0.6678041892416591,0.062207727057215445
A0248,23.0987470300923,113.314500058647,0,65.0,85.0,20.0,0.41564736553806386,0.6763520080639582,0.26070464252589437,1,0.31201825046069354,20,4,0,70.0,5.0,0.48219846278807676,0.0665510972500129
A0249,23.0922354401604,113.361821053777,0,66.5,83.0,16.5,0.5555690218526292,0.7525615408937033,0.19699251904107407,0,0.43275193039167525,7,3,0,71.5,5.0,0.6207256174335194,0.06515659558089015
A0250,23.0922576316007,113.309217218266,1,65.5,85.0,19.5,0.4684731919639984,0.7159594895953152,0.2474862976313168,1,0.2798583087221105,14,4,0,70.5,5.0,0.5357281016292966,0.06725490966529823
A0251,23.0781382751711,113.356352889423,0,66.5,76.0,9.5,0.6442949448608289,0.7513777599505821,0.10708281508975315,0,1.4724953266390013,6,5,0,71.0,4.5,0.6977365803011601,0.0534416354403312
A0252,23.0720749507871,113.357390647834,0,67.0,76.5,9.5,0.6437588074057241,0.7509406320707888,0.10718182466506465,0,1.2891742798805,2,1,0,71.5,4.5,0.6972431420982352,0.053484334692511126
A0253,23.0868626906769,113.332467287231,1,65.0,84.5,19.5,0.5158051630776811,0.7528783981286395,0.23707323505095845,0,0.18634601063139833,17,9,0,70.0,5.0,0.5824095844751812,0.06660442139750011
A0254,23.0934910827144,113.279266420157,1,65.5,85.0,19.5,0.42012592302520196,0.6744815070529379,0.2543555840277359,1,0.12310393032233925,22,4,0,70.5,5.0,0.48679673480753494,0.06667081178233297
A0255,23.0888786540514,113.328379781568,1,65.0,84.5,19.5,0.5121125160142763,0.7501178680892783,0.23800535207500195,0,0.18002820761738178,20,11,0,70.0,5.0,0.5788101117413301,0.0666975957270538
A0256,23.0869086308023,113.343204462598,1,65.5,83.0,17.5,0.5426129305159215,0.7528508684741515,0.21023793795822998,0,0.18959029370231634,15,10,0,70.5,5.0,0.6083298847684542,0.06571695425253266
A0257,23.0876292287885,113.333841266126,1,65.0,84.0,19.0,0.524855970974639,0.7546085161250334,0.22975254515039445,0,0.31006519513708825,16,9,0,70.0,5.0,0.5912021081618541,0.06634613718721516
A0258,23.0688473269984,113.322619933776,1,66.5,80.5,14.0,0.5884810421954295,0.7525198194485803,0.16403877725315075,0,0.787806248898758,4,1,0,71.5,5.0,0.6518363192378414,0.06335527704241184
A0259,23.0140365266132,113.399594747459,1,68.0,70.5,2.5,0.7244770202941252,0.7505400402204293,0.02606301992630411,0,0.7082221147844053,1,2,0,67.5,-0.5,0.7190665072821857,-0.005410513011939511
A0260,23.0830827872767,113.339986287601,1,65.5,83.0,17.5,0.5449437347094614,0.7545948551910208,0.20965112048155932,0,0.06431556781031961,12,8,0,70.5,5.0,0.6105661504731463,0.06562241576368488
A0261,23.0479763966089,113.289293329367,0,69.0,85.0,16.0,0.5638868225343464,0.7538275720627771,0.18994074952843065,0,0.8836895553309139,5,1,0,74.0,5.0,0.6286390905958236,0.06475226806147716
A0262,23.0923158175952,113.333797010249,1,65.0,85.0,20.0,0.49466032604862736,0.7419952946334851,0.24733496858485776,1,0.0628613675015127,19,8,0,70.0,5.0,0.5617018087250994,0.06704148267647209
A0263,22.941040742845,113.364357668065,1,65.0,85.0,20.0,0.4100795414037215,0.6713038325830669,0.2612242911793454,1,0.3620894436984179,9,8,3,70.0,5.0,0.4764660468716022,0.06638650546788072
A0264,23.0960712672027,113.321480990538,1,65.5,85.0,19.5,0.4963800997466278,0.738135770715815,0.24175567096918726,1,0.532250339155661,22,9,0,70.5,5.0,0.5633948052300678,0.06701470548344002
A0265,23.0191955713843,113.325271269013,1,65.5,85.0,19.5,0.48539479172247485,0.7295506604631452,0.24415586874067036,1,0.5952835343330496,18,6,0,70.5,5.0,0.5525536002524926,0.06715880853001771
A0266,22.814592396584,113.419107833613,0,75.0,65.0,-10.0,0.9834087819580556,0.9718946938628104,-0.011514088095245234,0,4.157809715476716,0,1,1,70.0,-5.0,0.9783893239127939,-0.0050194580452617155
A0267,22.9663956802127,113.418650592067,1,67.0,65.0,-2.0,0.9486544081787986,0.9431437749349406,-0.005510633243858032,0,1.2747183292976345,3,5,1,65.0,-2.0,0.9431437749349406,-0.005510633243858032
A0268,22.9345907957979,113.416799529649,1,70.0,65.0,-5.0,0.9576578967106328,0.9452813251292579,-0.012376571581374951,0,1.0386834280139714,3,5,1,65.0,-5.0,0.9452813251292579,-0.012376571581374951
A0269,22.9910604358432,113.405244729793,1,70.5,66.5,-4.0,0.7925523198885513,0.7548843541481174,-0.03766796574043396,0,2.6884804396054442,0,0,0,65.5,-5.0,0.7447771976656018,-0.04777512222294955
A0270,22.9617871362599,113.442038240113,1,66.0,65.0,-1.0,0.9572857924571223,0.9550272943969522,-0.002258498060170089,0,1.1759787520473584,2,4,1,65.0,-1.0,0.9550272943969522,-0.002258498060170089
A0271,22.889927928137,113.461447492481,1,72.0,65.0,-7.0,0.9819161390310488,0.9738467992878401,-0.00806933974320867,0,2.404450935110729,0,2,1,67.0,-5.0,0.9764559126166459,-0.005460226414402913
A0272,23.0217001615757,113.357449441031,1,68.0,85.0,17.0,0.5235213095243354,0.7330633252651945,0.20954201574085907,1,0.41074267579084633,5,0,0,73.0,5.0,0.5899081967152205,0.06638688719088515
A0273,22.8100654032477,113.414159872993,0,75.0,65.0,-10.0,0.9828932757822821,0.9710319714371258,-0.01186130434515631,0,3.4629472623791333,0,1,1,70.0,-5.0,0.9777213912082865,-0.005171884573995644
A0274,23.0074313211394,113.320175523213,1,67.0,79.5,12.5,0.6071503926041456,0.7519291159520337,0.1447787233478881,0,1.3213914134204592,5,2,0,72.0,5.0,0.6692468858032598,0.062096493199114144
A0275,22.9419492749117,113.371203549402,0,65.5,85.0,19.5,0.3905782070031856,0.6470047575072252,0.2564265505040396,1,0.8413019567485287,12,9,3,70.5,5.0,0.4562493599793815,0.06567115297619591
A0276,22.9442835155064,113.404493207404,1,65.0,65.0,0.0,0.942036504942803,0.942036504942803,0.0,0,0.12277340878053049,4,7,1,65.0,0.0,0.942036504942803,0.0
A0277,22.9648193856445,113.35658051101,1,66.5,85.0,18.5,0.3958489968194788,0.6397095856790719,0.24386058885959305,1,0.4630104653511326,8,5,3,71.5,5.0,0.4617349161563422,0.06588591933686339
A0278,22.9345907957979,113.416799529649,1,70.0,65.0,-5.0,0.9576578967106328,0.9452813251292579,-0.012376571581374951,0,1.0386834280139714,3,5,1,65.0,-5.0,0.9452813251292579,-0.012376571581374951
A0279,22.9803507142826,113.322274897324,1,66.0,85.0,19.0,0.4281876770469476,0.6758115152768831,0.2476238382299355,1,0.29861358722899267,4,3,3,71.0,5.0,0.4950456404424081,0.06685796339546052
A0280,22.9570529358364,113.423847297525,1,67.0,65.0,-2.0,0.9590263357110732,0.954575561554339,-0.004450774156734227,0,1.1277976317041007,3,6,1,65.0,-2.0,0.954575561554339,-0.004450774156734227
A0281,22.9685945194393,113.408129594819,1,65.5,65.0,-0.5,0.9460036285325168,0.9446106994836342,-0.0013929290488826629,0,0.5120733068397668,2,4,1,65.0,-0.5,0.9446106994836342,-0.0013929290488826629
A0282,22.954544920309,113.345148218755,1,66.5,85.0,18.5,0.4275141503816201,0.6692720760411062,0.24175792565948606,1,0.5270472742011382,6,3,3,71.5,5.0,0.4943578686390692,0.06684371825744911
A0283,22.9226513421145,113.37549023365,1,68.0,65.0,-3.0,0.9365066877234575,0.9261885110419636,-0.010318176681493818,0,0.37582034798457986,3,0,1,65.0,-3.0,0.9261885110419636,-0.010318176681493818
A0284,22.9422816695258,113.36044210182,1,65.0,85.0,20.0,0.39746099283075015,0.659635201828816,0.2621742089980658,1,0.18502804541508572,10,8,3,70.0,5.0,0.4634094156146315,0.06594842278388136
A0285,22.9532139767131,113.365905849252,0,65.5,85.0,19.5,0.3865217257577025,0.6430954317701211,0.2565737060124186,1,0.3511402698362158,13,10,3,70.5,5.0,0.45201671485476674,0.06549498909706425
A0286,22.9543575536001,113.368049181045,1,65.5,85.0,19.5,0.38811354096305795,0.6446335853540067,0.2565200443909488,1,0.28642359503510784,12,10,3,70.5,5.0,0.45367878922790533,0.06556524826484739
A0287,22.9677616002698,113.404437697513,1,65.5,65.0,-0.5,0.9451411010945514,0.9437272452276758,-0.0014138558668755907,0,0.1378829727522436,2,4,1,65.0,-0.5,0.9437272452276758,-0.0014138558668755907
A0288,22.9541090079089,113.35841800032,0,65.5,85.0,19.5,0.4731619609554232,0.7197710119923564,0.2466090510369332,1,0.7014981093004197,10,11,3,70.5,5.0,0.5404056264330405,0.06724366547761729
A0289,22.9400120209537,113.360734032246,0,65.0,85.0,20.0,0.3962982305801081,0.658543729125185,0.2622454985450769,1,0.07657202839347904,10,8,3,70.0,5.0,0.4622017179507324,0.06590348737062429
A0290,23.0539947236249,113.269913812089,1,69.0,76.5,7.5,0.6673903006616915,0.7503635241210846,0.08297322345939318,0,1.0196061435258692,3,2,0,71.5,2.5,0.6965918814177064,0.029201580756014978
A0291,22.9428917947507,113.360686171427,0,65.0,85.0,20.0,0.39820797292781857,0.6603349194531863,0.2621269465253678,1,0.25464517446602086,10,8,3,70.0,5.0,0.46418485512614954,0.06597688219833098
A0292,23.5552806571256,113.598866296147,1,70.0,67.0,-3.0,0.7804617333834923,0.7515134653930142,-0.028948267990478116,0,0.48130207184879625,4,12,4,65.0,-5.0,0.7308477605998491,-0.04961397278364321
A0293,22.9454816134881,113.403309240742,1,65.0,65.0,0.0,0.9443466182955337,0.9443466182955337,0.0,0,0.09627145501373308,4,8,1,65.0,0.0,0.9443466182955337,0.0
A0294,22.9695087864523,113.382774251672,1,67.5,80.0,12.5,0.608986505127991,0.7533634345580847,0.14437692943009373,0,1.2926249789947009,3,1,0,72.5,5.0,0.6709500614531688,0.061963556325177804
A0295,23.5634113272119,113.580384782268,1,70.0,65.0,-5.0,0.7997189748378779,0.753080123722179,-0.046638851115698876,0,1.1231995972929216,2,6,4,65.0,-5.0,0.753080123722179,-0.046638851115698876
A0296,23.625476281953,113.431395570977,1,70.0,85.0,15.0,0.5448840416506392,0.728754817628102,0.18387077597746282,1,0.5326746321985847,1,0,4,75.0,5.0,0.6105089130131066,0.06562487136246742
A0297,23.8783980646874,113.539711364689,1,70.0,70.0,0.0,0.7536090152542927,0.7536090152542927,0.0,0,29.8572382869881,0,0,4,67.0,-3.0,0.7223794607051925,-0.031229554549100147
A0298,23.7231177315918,113.739427045502,1,75.0,70.0,-5.0,0.8001744754631022,0.7536090152542927,-0.04656546020880947,0,10.757442067176944,0,0,4,70.0,-5.0,0.7536090152542927,-0.04656546020880947
A0299,23.5603869306323,113.601878162707,1,70.0,68.0,-2.0,0.7714501706235704,0.7518951347365225,-0.019555035887047878,0,0.7268950779474755,4,10,4,65.5,-4.5,0.7259219916737205,-0.04552817894984984
A0300,23.5443598586509,113.592683288069,1,70.0,67.5,-2.5,0.7759861426782223,0.751702157752293,-0.024283984925929314,0,0.7761771824146032,5,11,4,65.0,-5.0,0.7257161821657575,-0.050269960512464795
A0301,23.5445699394393,113.592693395803,1,70.0,67.0,-3.0,0.7813505089085488,0.7524822675250852,-0.028868241383463666,0,0.7988882948427839,5,12,4,65.0,-5.0,0.731868387339602,-0.049482121568946824
A0302,23.5507963621779,113.596300622424,1,70.0,66.0,-4.0,0.7921951636856385,0.7544824360197089,-0.03771272766592959,0,0.34207517504381674,4,12,4,65.0,-5.0,0.7443643189947852,-0.0478308446908533
A0303,23.8161076699866,113.957929440388,1,75.0,70.0,-5.0,0.8001744754631022,0.7536090152542927,-0.04656546020880947,0,34.00201338206223,0,0,4,70.0,-5.0,0.7536090152542927,-0.04656546020880947
A0304,23.5496608593721,113.592775572791,1,70.0,65.5,-4.5,0.7970182775351786,0.754965612038486,-0.04205266549669262,0,0.37949046318821356,4,13,4,65.0,-5.0,0.7499471659374594,-0.04707111159771926
A0305,23.2315862158006,113.264376444648,1,66.5,75.0,8.5,0.6554613966643626,0.7504785561589294,0.0950171594945668,0,0.9703688438973898,7,7,0,70.5,4.0,0.7023844157923439,0.04692301912798125
A0306,23.5565433531905,113.59466398704,1,70.0,65.0,-5.0,0.8131711386666713,0.7687590632667508,-0.044412075399920536,0,0.40954958731291263,3,13,4,65.0,-5.0,0.7687590632667508,-0.044412075399920536
A0307,23.5509090172857,113.602250999917,1,70.0,68.5,-1.5,0.7659625390083366,0.7511626484207619,-0.014799890587574693,0,0.35943449651082926,5,12,4,66.0,-4.0,0.7251408553838296,-0.040821683624507
A0308,23.451655228992,113.284509235392,1,70.0,85.0,15.0,0.5581034677043979,0.739189851032678,0.1810863833282801,1,0.6750895677139461,3,1,4,75.0,5.0,0.623140541560818,0.0650370738564201
A0309,23.2141768895224,113.283053118991,1,65.5,81.5,16.0,0.5634231247193792,0.7534775375307947,0.19005441281141555,0,0.39741614910855927,11,11,0,70.5,5.0,0.6281988455345061,0.06477572081512695
A0310,23.3433234671707,113.30125296199,1,66.5,85.0,18.5,0.456133701482531,0.6944438546584458,0.2383101531759148,1,0.3129626108086916,7,2,4,71.5,5.0,0.5233613973385242,0.06722769585599314
A0311,23.5584065115483,113.589514390519,1,70.0,65.0,-5.0,0.810300896135883,0.7654033612077448,-0.044897534928138194,0,0.6126195236984809,3,12,4,65.0,-5.0,0.7654033612077448,-0.044897534928138194
A0312,23.2410397884986,113.311197191406,1,65.5,85.0,19.5,0.4483730410792541,0.6992092094079463,0.2508361683286922,1,0.437970412712158,10,4,0,70.5,5.0,0.5155411659822773,0.06716812490302321
A0313,23.1726853608924,113.282908079482,0,67.5,85.0,17.5,0.5376733656000579,0.7491320604148275,0.21145869481476964,1,0.6047643534698789,7,1,0,72.5,5.0,0.603581535327195,0.0659081697271372
A0314,23.1791674407324,113.25790735052,0,65.5,85.0,19.5,0.41728283437164887,0.6719116201777676,0.25462878580611875,1,0.49587144457004295,18,3,0,70.5,5.0,0.4838789562105214,0.06659612183887254
A0315,23.2290590127881,113.274368000391,1,66.0,75.5,9.5,0.6457230794604234,0.7525410901110028,0.10681801065057939,0,0.3632400997546752,10,12,0,70.5,4.5,0.6990503730416023,0.053327293581178936
A0316,23.1991462436325,113.259458632508,0,65.5,85.0,19.5,0.5118816612725433,0.7499446417369052,0.23806298046436192,1,0.50338890551105,17,10,0,70.5,5.0,0.5785848463143671,0.06670318504182382
A0317,23.21375407025,113.284813628909,1,65.5,84.5,19.0,0.5208723090872345,0.7516396195026477,0.2307673104154132,0,0.2276727419469964,12,8,0,70.5,5.0,0.5873373511609741,0.0664650420737396
A0318,23.2539606231786,113.3157819451,1,65.5,85.0,19.5,0.5124396166551177,0.7503631840134108,0.23792356735829312,0,0.03928972385583204,7,4,0,70.5,5.0,0.5791292452840306,0.06668962862891292
A0319,23.2138522396319,113.250263998616,1,65.5,71.0,5.5,0.6955984418806753,0.7545075440161148,0.05890910213543943,0,0.5719617236936179,6,13,0,67.5,2.0,0.7179260414664127,0.02232759958573738
A0320,23.2169617302372,113.286259611525,1,65.0,82.5,17.5,0.5395820069050258,0.750572701756552,0.21099069485152622,0,0.2950056847336579,11,9,0,70.0,5.0,0.6054177649148613,0.06583575800983554
A0321,23.2945140830139,113.331306286413,1,69.0,67.0,-2.0,0.7730226265689021,0.7535591526963472,-0.01946347387255487,0,1.3501814571812236,2,3,0,65.0,-4.0,0.7330031357488984,-0.04001949082000367
A0322,23.2418876586757,113.277071510111,0,66.0,80.0,14.0,0.5878367138935413,0.7520241035601203,0.16418738966657898,0,0.42892724082066475,12,8,0,71.0,5.0,0.6512323982575111,0.0633956843639698
A0323,23.2422595225982,113.311166428036,1,65.5,85.0,19.5,0.4753667597564615,0.721551107011591,0.2461843472551295,1,0.5291025180682928,9,5,0,70.5,5.0,0.5426010502059704,0.0672342904495089
A0324,23.1836503160286,113.23346030743,1,65.0,78.5,13.5,0.5961698776623,0.7534309784405965,0.15726110077829647,0,0.48055535142647776,9,5,0,70.0,5.0,0.6590272905455681,0.06285741288326807
A0325,23.1990704508838,113.238775254148,0,65.5,82.0,16.5,0.5579438931157314,0.7543492006274528,0.19640530751172136,0,0.6967165505998029,10,4,0,70.5,5.0,0.6229885875658998,0.06504469445016836
A0326,23.2370947579221,113.283780707827,1,65.5,81.5,16.0,0.5621416176159145,0.7525088523384009,0.1903672347224864,0,0.23242922271601654,13,7,0,70.5,5.0,0.6269815947118922,0.06483997709597766
A0327,23.1871881251048,113.33669812113,0,66.0,85.0,19.0,0.4218561037955818,0.6701093858151695,0.24825328201958774,1,0.5794806057252772,18,4,0,71.0,5.0,0.4885701473979428,0.066714043602361
A0328,23.2203504832305,113.249281992413,0,66.0,65.0,-1.0,0.7601060527036045,0.750142943209103,-0.00996310949450152,0,1.246648983714213,3,12,0,65.0,-1.0,0.750142943209103,-0.00996310949450152
A0329,23.2184431225644,113.233372520524,1,65.0,76.5,11.5,0.6199844189808723,0.7519750370738356,0.1319906180929633,0,0.4074113817072913,8,7,0,70.0,5.0,0.6811177397714958,0.0611333207906235
A0330,23.2127790884372,113.264933810878,1,65.5,79.0,13.5,0.5978077711885594,0.7546934875304266,0.1568857163418672,0,0.2893809308489761,11,11,0,70.5,5.0,0.6605553993109813,0.06274762812242185
A0331,23.2278329763257,113.309807315155,0,65.5,83.5,18.0,0.5329903675115888,0.7506544229791384,0.21766405546754963,0,0.1969709434990976,11,4,0,70.5,5.0,0.5990683212256694,0.06607795371408065
A0332,23.1780159610261,113.246117778807,1,65.0,85.0,20.0,0.46615688593858623,0.7195326989269962,0.25337581298841,1,0.1812415574478647,18,6,0,70.0,5.0,0.5334129756263934,0.06725608968780722
A0333,23.2205046444513,113.282637918591,1,65.5,83.0,17.5,0.5434023963776524,0.7534423443498703,0.21003994797221792,0,0.623283197627187,13,11,0,70.5,5.0,0.6090876386055186,0.0656852422278662
A0334,23.1862330842068,113.236325834633,1,65.0,79.5,14.5,0.5806539403361257,0.7515336908481253,0.17087975051199955,0,0.7473062331657641,11,6,0,70.0,5.0,0.6444862591677258,0.06383231883160012
A0335,23.2945140830139,113.331306286413,1,69.0,67.0,-2.0,0.7730226265689021,0.7535591526963472,-0.01946347387255487,0,1.3501814571812236,2,3,0,65.0,-4.0,0.7330031357488984,-0.04001949082000367
A0336,23.1589895713282,113.227692632702,1,65.5,80.5,15.0,0.5764073965011094,0.7533084467811579,0.17690105028004854,0,0.4382003632826692,11,7,0,70.5,5.0,0.6404858956186269,0.0640784991175175
A0337,23.2139486173374,113.28101500123,1,65.5,82.0,16.5,0.5557973823983018,0.7527337312531027,0.19693634885480094,0,0.6069366890936246,12,11,0,70.5,5.0,0.6209433411486417,0.0651459587503399
A0338,23.1788683820703,113.248234670775,1,65.0,85.0,20.0,0.46638215896323787,0.7197153392264893,0.25333318026325147,1,0.41175012192479665,20,7,0,70.0,5.0,0.5336382611230782,0.06725610215984035
A0339,23.2187216190125,113.232305309581,1,65.0,76.5,11.5,0.618788261390597,0.7510275001041946,0.13223923871359766,0,0.2941275409133538,8,7,0,70.0,5.0,0.6800146938648711,0.06122643247427417
A0340,23.2179401249466,113.236867505669,1,65.5,75.5,10.0,0.64132088228191,0.7539820490012222,0.11266116671931226,0,0.6378637804625988,6,6,0,70.5,5.0,0.7006789202429506,0.059358037961040666
A0341,23.2945140830139,113.331306286413,1,69.0,67.0,-2.0,0.7730226265689021,0.7535591526963472,-0.01946347387255487,0,1.3501814571812236,2,3,0,65.0,-4.0,0.7330031357488984,-0.04001949082000367
A0342,23.2315862158006,113.264376444648,1,66.5,75.0,8.5,0.6554613966643626,0.7504785561589294,0.0950171594945668,0,0.9703688438973898,7,7,0,70.5,4.0,0.7023844157923439,0.04692301912798125
A0343,23.2315970128017,113.283056999671,0,65.5,83.0,17.5,0.5415625465731888,0.752062682508345,0.21050013593515615,0,0.5318382795130376,14,13,0,70.5,5.0,0.6073212023559864,0.0657586557827976
A0344,23.153345169411,113.239681806102,1,66.0,80.0,14.0,0.5903906328961434,0.7539864304545688,0.16359579755842546,0,0.4712898931739994,14,7,0,71.0,5.0,0.6536249598145909,0.06323432691844755
A0345,23.2127106445265,113.264474385999,1,65.5,79.0,13.5,0.597543895544166,0.7544902712302255,0.1569463756860595,0,0.2648799884935797,11,11,0,70.5,5.0,0.6603092990147784,0.06276540347061244
A0346,23.2213710444092,113.236085547791,1,65.5,71.5,6.0,0.6886379330500165,0.7534460486191549,0.06480811556913835,0,0.2595421365307015,4,7,0,68.0,2.5,0.7167657474797238,0.028127814429707243
A0347,23.1728152741435,113.322414943153,0,66.0,85.0,19.0,0.5046070840960128,0.7392872298901673,0.23468014579415442,1,0.17612461924958064,7,2,0,71.0,5.0,0.5714721461106412,0.06686506201462838
A0348,23.206365215514,113.335895625293,0,65.5,85.0,19.5,0.4221340891442344,0.6762875270741543,0.2541534379299199,1,0.11556848765763171,15,3,0,70.5,5.0,0.48885492222985144,0.06672083308561705
A0349,23.2363716469651,113.279566039833,1,65.5,78.0,12.5,0.6070934225545432,0.751884561438281,0.14479113888373774,0,0.3266096359901132,10,8,0,70.5,5.0,0.6691940144122851,0.06210059185774186
A0350,23.1953868141147,113.24107025225,0,65.0,85.0,20.0,0.5083627629125624,0.7523488031092579,0.24398604019669545,0,0.2706844363497752,13,7,0,70.0,5.0,0.5751477048551135,0.06678494194255102
A0351,23.2262087621914,113.309597291327,0,65.5,84.0,18.5,0.5309719636176274,0.7541633907276623,0.2231914271100348,0,0.01597269362517668,11,4,0,70.5,5.0,0.5971196329591751,0.0661476693415477
A0352,23.1570952030703,113.229730924734,1,65.5,81.5,16.0,0.5588564275662917,0.750016799530574,0.19116037196428226,0,0.6957512947967991,14,7,0,70.5,5.0,0.6238573708010491,0.06500094323475736
A0353,23.1618569962278,113.267647183093,0,65.5,85.0,19.5,0.4826791458258565,0.7273998627448028,0.2447207169189463,1,0.3562344980880946,10,2,0,70.5,5.0,0.5498636980305892,0.06718455220473268
A0354,23.1564503764983,113.25493629847,0,66.5,85.0,18.5,0.4867389081688766,0.7198743504707271,0.23313544230185052,1,0.7000981088738021,11,3,0,71.5,5.0,0.5538835220902256,0.06714461392134902
A0355,22.6389990620084,114.067579305816,0,65.5,85.0,19.5,0.2352545705721394,0.46802038273656527,0.23276581216442588,1,0.36497498046894405,13,3,2,70.5,5.0,0.2871136965668272,0.05185912599468784
A0356,22.5192435219873,113.919528084477,1,65.5,85.0,19.5,0.3345633746807564,0.5898062272760315,0.25524285259527507,1,0.052383817603865644,12,7,2,70.5,5.0,0.39695092125890485,0.062387546578148434
A0357,22.6705773556367,113.873589422526,0,72.5,85.0,12.5,0.43685459195245957,0.6033971967290704,0.16654260477661087,1,0.5570857582281226,2,0,2,77.5,5.0,0.5038733416442434,0.06701874969178379
A0358,22.5878132063265,113.972902100183,0,66.5,85.0,18.5,0.2238841915336971,0.43873992267405454,0.21485573114035744,1,0.1560348269124267,8,1,2,71.5,5.0,0.27413533377481797,0.05025114224112087
A0359,22.5720465259862,114.118813432035,0,66.0,85.0,19.0,0.1776503690232499,0.3755429072076222,0.19789253818437227,1,0.15667666637222452,17,1,2,71.0,5.0,0.220472138456155,0.04282176943290508
A0360,22.5824326423416,113.959148610744,0,65.5,85.0,19.5,0.22124659693994728,0.44827692549820086,0.22703032855825359,1,0.06614159464444108,10,2,2,70.5,5.0,0.2711125285874552,0.04986593164750794
A0361,22.6800886065083,113.834786135085,0,65.5,85.0,19.5,0.33027162690112694,0.5851192839805774,0.2548476570794505,1,0.1781877593486054,8,4,2,70.5,5.0,0.39233071680020604,0.0620590898990791
A0362,22.5635259004334,113.989355615712,0,66.0,85.0,19.0,0.4005042825322872,0.6503263416225761,0.24982205909028887,1,1.8497719441558962,3,3,2,71.0,5.0,0.46656665644586265,0.06606237391357545
A0363,23.0121795664196,113.397404768457,0,68.0,71.0,3.0,0.7237134484752766,0.7548438690948102,0.031130420619533528,0,0.6228884302863033,1,2,0,67.5,-0.5,0.7182937714679861,-0.005419677007290513
A0364,22.6873086955968,113.945959701828,0,65.0,85.0,20.0,0.19825110863604872,0.4207887309085365,0.2225376222724878,1,0.19281221207567242,22,2,2,70.0,5.0,0.24456181552982278,0.04631070689377406
A0365,23.2177188982725,113.235560013017,0,65.5,76.0,10.5,0.6303620969664363,0.7501806398711798,0.11981854290474347,0,0.6442308944233234,7,6,0,70.5,5.0,0.6906589329389254,0.06029683597248914
A0366,23.2737321369292,113.301097836307,0,66.0,85.0,19.0,0.5042458068248629,0.7390085790628926,0.23476277223802977,1,0.44348096351133437,5,1,0,71.0,5.0,0.5711181865898712,0.06687237976500837
A0367,23.3008098153715,113.362141773997,0,65.5,78.0,12.5,0.6055629131304816,0.7506864428655556,0.14512352973507403,0,0.3532385213086764,5,2,0,70.5,5.0,0.6677730288267273,0.06221011569624568
A0368,23.2617227071835,113.278165851035,0,65.5,82.0,16.5,0.5577195001321145,0.7541805804366952,0.19646108030458076,0,0.39170168984339004,5,3,0,70.5,5.0,0.6227748889846286,0.06505538885251416
A0369,22.5460535462053,114.025973657322,0,66.5,85.0,18.5,0.34840890923482903,0.5916655255283316,0.2432566162935026,1,0.8680705419510573,5,2,2,71.5,5.0,0.4117806202925894,0.06337171105776035
A0370,23.1431172149711,113.225451178099,0,66.0,74.5,8.5,0.6551750606120901,0.7502410966793752,0.09506603606728514,0,0.40209196398667785,7,6,0,70.0,4.0,0.70211935383557,0.04694429322347993
A0371,23.300429499058,113.362121549546,0,65.5,78.0,12.5,0.6058090662582912,0.7508792876365751,0.14507022137828385,0,0.37624980883592735,5,2,0,70.5,5.0,0.6680016435862903,0.0621925773279991
A0372,23.199247592595,113.334818026987,0,65.5,85.0,19.5,0.4189784092547076,0.6734461001009718,0.25446769084626425,1,0.583601848991832,18,4,0,70.5,5.0,0.4856196216741565,0.06664121241944893
A0373,23.0970508132233,113.65815243231,1,68.0,65.0,-3.0,0.9785454202396963,0.9748755999293127,-0.0036698203103835425,0,3.324043856731362,0,2,1,65.0,-3.0,0.9748755999293127,-0.0036698203103835425
A0374,23.1292895501859,113.660440161324,1,75.0,65.0,-10.0,0.9702489077412756,0.95006577146593,-0.020183136275345626,0,0.26209668062007035,1,0,1,70.0,-5.0,0.9614043554765962,-0.008844552264679395
A0375,22.6415353446723,114.071911743459,0,65.5,85.0,19.5,0.2729751362152041,0.5177928610781639,0.24481772486295983,1,0.5282471761134977,12,5,2,70.5,5.0,0.32956595816259826,0.056590821947394176
A0376,23.0309814250994,113.315793623072,1,65.0,85.0,20.0,0.4428897726993523,0.7002067106964079,0.25731693799705563,1,0.2537018833609202,17,4,0,70.0,5.0,0.5099959056732947,0.06710613297394236
A0377,22.9798450837371,113.32124534938,1,66.0,85.0,19.0,0.4274424030666469,0.6751441264616234,0.24770172339497648,1,0.2306386449701167,4,3,3,71.0,5.0,0.4942845889501596,0.0668421858835127
A0378,23.1320667530002,113.274983579513,0,65.0,85.0,20.0,0.35720452855977713,0.6201550831447036,0.26295055458492644,1,0.28367601599922193,33,5,0,70.0,5.0,0.4211420518988704,0.06393752333909325
A0379,23.129749076947,113.27520379821,1,65.0,85.0,20.0,0.3557153436669583,0.6186246767436544,0.2629093330766961,1,0.2773552120409143,37,6,0,70.0,5.0,0.41956029550716223,0.06384495184020395
A0380,22.9626785886346,113.44558975742,1,66.0,65.0,-1.0,0.960756724362157,0.9586738277839882,-0.002082896578168736,0,1.5090056006594974,2,3,1,65.0,-1.0,0.9586738277839882,-0.002082896578168736
A0381,23.1285800369406,113.301162220558,1,65.5,85.0,19.5,0.49570902625854724,0.7376165557457712,0.241907529487224,1,0.47566534607988753,17,9,0,70.5,5.0,0.5627343662333022,0.06702533997475496
A0382,23.1424679663343,113.300500023872,0,65.0,85.0,20.0,0.45663040208250444,0.7117316556857233,0.25510125360321884,1,0.09290952255290275,19,8,0,70.0,5.0,0.5238607907638069,0.06723038868130243
A0383,23.1824607136605,113.349796552716,0,66.0,85.0,19.0,0.4729399763698348,0.7141227613953566,0.24118278502552176,1,0.0709809412862011,13,4,0,71.0,5.0,0.5401844410400477,0.06724446467021289
A0384,22.7766539600848,113.593355832336,1,75.0,65.0,-10.0,0.9776139850468556,0.9622328273555522,-0.015381157691303438,0,3.1591470056415196,0,0,1,70.0,-5.0,0.9708932753670145,-0.006720709679841064
A0385,22.6494630437426,113.61298488569,1,75.0,77.5,2.5,0.727548348396502,0.753419721079082,0.025871372682579996,0,11.919845051127988,0,0,2,72.0,-3.0,0.6943553257005279,-0.03319302269597402
A0386,23.1389117583799,113.327461284846,0,65.0,85.0,20.0,0.5062684654467802,0.7507843291040371,0.24451586365725697,0,0.22160391126597695,22,8,0,70.0,5.0,0.573098995563623,0.06683053011684281
A0387,23.123828970428,113.329808547261,1,65.5,83.0,17.5,0.5408380738213068,0.751518234857848,0.2106801610365412,0,0.21652921050500268,14,6,0,70.5,5.0,0.6066251649464235,0.06578709112511671
A0388,22.8083933706056,113.553916809104,1,72.0,65.0,-7.0,0.9853625296648437,0.9787978245324473,-0.006564705132396376,0,1.6965935746249037,1,4,1,67.0,-5.0,0.9809226861918059,-0.00443984347303783
A0389,23.1441611874437,113.293760883836,1,65.5,85.0,19.5,0.4364681912443851,0.688962464212492,0.2524942729681069,1,0.1777032811515143,23,8,0,70.5,5.0,0.50348066043081,0.0670124691864249
A0390,22.8277143535964,113.521871138538,1,74.0,65.0,-9.0,0.9820262375354005,0.9711320062387696,-0.010894231296630918,0,3.5424812031255657,0,1,1,69.0,-5.0,0.9765984619089043,-0.005427775626496212
A0391,23.1356204334411,113.304810722521,0,65.0,85.0,20.0,0.4338680971485901,0.6924584542684615,0.25859035711987144,1,0.28830662494103876,21,8,0,70.0,5.0,0.5008361532338175,0.06696805608522738
A0392,23.127426434224,113.258166227795,1,65.0,85.0,20.0,0.39432986821702776,0.6566896928684463,0.2623598246514185,1,0.08577615589031234,30,6,0,70.0,5.0,0.4601555231366341,0.06582565491960635
A0393,23.4466609971413,113.220175512121,1,75.0,76.0,1.0,0.7403220441354418,0.7505465376123124,0.0102244934768706,0,2.414666187552604,0,0,4,71.0,-4.0,0.6967983869881287,-0.0435236571473131
A0394,23.0806820394645,113.275790383623,1,66.0,85.0,19.0,0.4533205990082351,0.697743472236816,0.24442287322858086,1,0.6361450046246818,16,3,0,71.0,5.0,0.5205305050241924,0.06720990601595728
A0395,23.4743092941471,113.163008025374,0,75.0,72.0,-3.0,0.7806299058031813,0.7516967579769465,-0.028933147826234795,0,0.3668498802888697,4,7,4,70.0,-5.0,0.7310408413578693,-0.04958906444531197
A0396,23.120114010906,113.253472000303,1,65.5,85.0,19.5,0.38806964531772026,0.6445912403964227,0.2565215950787024,1,0.44706900406745526,26,3,0,70.5,5.0,0.453632975714233,0.06556333039651274
A0397,23.4418427444799,113.328650207459,1,72.0,85.0,13.0,0.5999038848675649,0.7513052200095252,0.1514013351419603,0,0.12505244494892725,2,1,4,77.0,5.0,0.6625091099543723,0.06260522508680744
A0398,23.378032945333,113.256925866412,1,75.0,81.0,6.0,0.689774688011726,0.7544305699917415,0.06465588198001548,0,1.006493261104746,1,0,4,74.5,-0.5,0.6839799717771082,-0.005794716234617803
A0399,23.4422022951455,113.330027902687,0,72.0,85.0,13.0,0.601180662176601,0.7522983419879347,0.15111767981133362,0,0.24388250569491124,2,1,4,77.0,5.0,0.6636981006277576,0.06251743845115654
A0400,23.4032988937471,113.239851353182,1,75.0,85.0,10.0,0.610523112557508,0.7287666215216194,0.1182435089641114,1,0.559952421582379,6,1,4,79.0,4.0,0.6603953545315634,0.049872241974055376
A0401,23.4311596868872,113.425450543792,1,75.0,73.0,-2.0,0.773193231889017,0.7537397270460227,-0.01945350484299435,0,6.406408536091953,0,0,4,70.0,-5.0,0.7225206398022038,-0.050672592086813184
A0402,23.0303004946802,113.314598833626,1,65.0,85.0,20.0,0.46181767590536466,0.7159982584130063,0.2541805825076417,1,0.2754252973514801,15,4,0,70.0,5.0,0.529068165887523,0.06725048998215838
A0403,22.9747908619712,113.329363505152,1,66.0,85.0,19.0,0.42947223561588865,0.6769594721191795,0.24748723650329085,1,1.2203029692056313,5,3,3,71.0,5.0,0.49635666640526527,0.06688443078937661
A0404,23.0133503923012,113.395322940947,1,68.0,71.0,3.0,0.7215663137806835,0.7528560448001166,0.03128973101943311,0,0.38371094765401764,1,2,0,67.5,-0.5,0.7161210393892771,-0.005445274391406407
A0405,22.889927928137,113.461447492481,1,72.0,65.0,-7.0,0.9819161390310488,0.9738467992878401,-0.00806933974320867,0,2.404450935110729,0,2,1,67.0,-5.0,0.9764559126166459,-0.005460226414402913
A0406,22.842244770478,113.34507674867,1,73.0,71.5,-1.5,0.7658948199964998,0.7510920386451995,-0.01480278135130031,0,4.129649247932969,0,1,3,68.0,-5.0,0.7141943727599882,-0.05170044723651157
A0407,23.4644497271334,113.17289253005,0,75.0,67.5,-7.5,0.81802513376478,0.7500497729426572,-0.06797536082212285,0,1.1417048877710998,3,10,4,70.0,-5.0,0.7744468731241129,-0.043578260640667166
A0408,23.0276837498034,113.317861522355,1,65.0,85.0,20.0,0.4764848722104316,0.7278208878226707,0.2513360156122391,1,0.2072768277496977,15,5,0,70.0,5.0,0.5437134112548184,0.0672285390443868
A0409,22.9755619199802,113.497229597034,1,75.0,65.0,-10.0,0.9674918474532136,0.9455433003650252,-0.021948547088188386,0,1.3365403465626655,1,0,1,70.0,-5.0,0.9578632582867258,-0.009628589166487789
A0410,22.8399689196883,113.349896587119,0,73.5,65.0,-8.5,0.9815934643643539,0.9712078713678378,-0.010385592996516091,0,3.6029772414063967,0,1,1,68.5,-5.0,0.9760381873708551,-0.005555276993498781
A0411,22.9122911460487,113.350763623513,1,75.0,85.0,10.0,0.6327035154634587,0.7470036187430249,0.11430010327956619,1,1.5715914936151494,1,0,3,77.5,2.5,0.6634145767518236,0.03071106128836487
A0412,23.0274921446275,113.320897653944,1,65.0,85.0,20.0,0.46131350540000415,0.715585558471931,0.2542720530719268,1,0.09769262941091612,17,5,0,70.0,5.0,0.5285626830862622,0.06724917768625804
A0413,22.9505863015384,113.360998992846,1,65.5,85.0,19.5,0.4044121874460657,0.6600837052896849,0.25567151784361913,1,0.5810318807841821,13,11,3,70.5,5.0,0.47061314090244155,0.06620095345637583
A0414,22.9728433412892,113.33540875269,1,65.5,85.0,19.5,0.43775232212263526,0.6900797763026666,0.25232745418003133,1,0.6622963616871056,5,3,3,70.5,5.0,0.5047853443274203,0.06703302220478502
A0415,22.9609932512206,113.442775215343,1,72.0,65.0,-7.0,0.9756569892741191,0.9648945590658814,-0.01076243020823775,0,1.2747381864482141,1,4,1,67.0,-5.0,0.9683677624256563,-0.007289226848462893
A0416,22.9628339452883,113.406359711981,1,65.5,65.0,-0.5,0.9475806287794571,0.9462260686927692,-0.0013545600866879948,0,0.5388322922186454,3,6,1,65.0,-0.5,0.9462260686927692,-0.0013545600866879948
A0417,22.9537741327476,113.406340583464,1,65.5,65.0,-0.5,0.9435098152713514,0.942056494430543,-0.001453320840808403,0,0.6396010456698061,5,9,1,65.0,-0.5,0.942056494430543,-0.001453320840808403
A0418,23.5419698533912,113.597955232004,1,75.0,68.5,-6.5,0.8134609209297701,0.7544329979383511,-0.05902792299141901,0,0.6317363586813771,5,10,4,70.0,-5.0,0.7690981709558846,-0.04436274997388545
A0419,22.9429413696911,113.406527119341,1,65.0,65.0,0.0,0.9426486622968929,0.9426486622968929,0.0,0,0.37432565947745283,4,7,1,65.0,0.0,0.9426486622968929,0.0
A0420,22.8944532099976,113.409663520219,1,70.0,65.0,-5.0,0.9469447327086548,0.931660174484708,-0.01528455822394681,0,0.17011934485721714,2,0,1,65.0,-5.0,0.931660174484708,-0.01528455822394681
A0421,23.0161960097444,113.331499140264,1,65.5,85.0,19.5,0.4798535191122914,0.7251497726753574,0.245296253563066,1,0.15139325516450186,14,4,0,70.5,5.0,0.5470606815030629,0.06720716239077146
A0422,23.156559482763,113.214927947664,1,66.5,79.5,13.0,0.598771851007587,0.7504233456547024,0.15165149464711536,0,0.9152883270646337,8,5,0,71.5,5.0,0.66145424813937,0.06268239713178303
A0423,22.9564903004594,113.37569955141,1,65.5,85.0,19.5,0.37297588178616004,0.6297886489782379,0.2568127671920779,1,0.34519156630424574,9,6,3,70.5,5.0,0.4378136287303822,0.06483774694422217
A0424,23.5536667149567,113.595113187405,1,75.0,65.5,-9.5,0.8357497136192165,0.7530635498160255,-0.08268616380319094,0,0.15052889822428314,4,13,4,70.0,-5.0,0.7953541617238727,-0.04039555189534372
A0425,23.2988137457814,113.362942086053,1,65.5,76.5,11.0,0.6241912871140305,0.750283549038079,0.12609226192404854,0,0.4485076218313578,4,2,0,70.5,5.0,0.6849917027305689,0.06080041561653837
A0426,23.4545743426997,113.498304440238,1,80.0,70.0,-10.0,0.8378193061388922,0.750864643400244,-0.08695466273864827,0,9.671238949770743,0,0,4,75.0,-5.0,0.7978096085089782,-0.04000969762991402
A0427,23.2516148006236,113.292355934019,1,66.0,83.0,17.0,0.5480203422724318,0.7518943450994408,0.20387400282700896,0,1.2545429479948114,7,4,0,71.0,5.0,0.6135137489465675,0.06549340667413572
A0428,23.2811907548296,113.237639583208,1,75.0,80.5,5.5,0.6952519054067563,0.7542043734111635,0.05895246800440723,0,1.2879391114647132,3,0,0,74.0,-1.0,0.6837160877560516,-0.01153581765070466
A0429,23.5532427964904,113.595383667194,1,75.0,65.5,-9.5,0.8357935269742574,0.7531229041489637,-0.0826706228252937,0,0.1576557211858476,4,13,4,70.0,-5.0,0.7954061126403523,-0.040387414333905025
A0430,23.2584006380005,113.299976259658,1,66.0,85.0,19.0,0.5164785030847927,0.7483395856720083,0.2318610825872156,1,0.6266636683924329,7,3,0,71.0,5.0,0.5830651704240998,0.06658666733930707
A0431,23.5538084332656,113.595332846458,1,75.0,65.5,-9.5,0.8359180950751488,0.7532916747556444,-0.0826264203195044,0,0.17792672559324996,4,13,4,70.0,-5.0,0.7955538243980073,-0.040364270677141545
A0432,23.2071763291842,113.264351529246,1,65.0,80.0,15.0,0.5776325658469932,0.7542401122279253,0.17660754638093212,0,0.23664565447428218,11,9,0,70.0,5.0,0.641640954418995,0.06400838857200186
A0433,23.2205046444513,113.282637918591,1,65.5,83.0,17.5,0.5434023963776524,0.7534423443498703,0.21003994797221792,0,0.623283197627187,13,11,0,70.5,5.0,0.6090876386055186,0.0656852422278662
A0434,23.2177287604034,113.273663975906,1,65.5,81.0,15.5,0.5660102079016682,0.7504151510416237,0.18440494313995548,0,0.9410898902450962,13,15,0,70.5,5.0,0.6306537075618958,0.06464349966022753
A0435,23.4580336555592,113.186915348548,0,75.0,73.5,-1.5,0.7658643029284846,0.75106021913412,-0.014804083794364598,0,0.7268944324345531,3,4,4,70.0,-5.0,0.7141596314629978,-0.05170467146548685
A0436,23.3754397964086,113.213463779751,0,75.0,83.0,8.0,0.6635788845005318,0.7521988072481613,0.08861992274762953,0,0.23771978371572283,7,4,4,76.0,1.0,0.6755005811262502,0.011921696625718403
A0437,23.474842874825,113.190817204106,0,75.0,77.0,2.0,0.7298605437725029,0.7505761790219736,0.020715635249470732,0,0.6447166852235984,3,2,4,72.0,-3.0,0.6968318352866912,-0.03302870848581163
A0438,23.472901888906,113.17009429132,0,75.0,73.5,-1.5,0.769519701268488,0.7548727677980495,-0.01464693347043855,0,0.8512120667574845,5,7,4,70.0,-5.0,0.7183253709157854,-0.0511943303527026
A0439,23.4684162918268,113.161180117391,0,75.0,72.0,-3.0,0.7792599678768751,0.750203953805781,-0.02905601407109415,0,0.18863991537398328,4,7,4,70.0,-5.0,0.7294685464451471,-0.04979142143172799
A0440,22.5261987627598,113.989221103445,0,69.5,85.0,15.5,0.46602014007854115,0.6679898159083172,0.20196967582977604,1,1.7839119140061683,1,0,2,74.5,5.0,0.53327620881507,0.06725606873652884
A0441,22.5552812580573,114.116091331883,0,67.0,85.0,18.0,0.21321086480528467,0.4168479339036311,0.20363706909834645,1,0.2869821024619982,23,4,2,72.0,5.0,0.26187469402224345,0.048663829216958776
A0442,22.7228646081948,114.244500689134,0,69.0,85.0,16.0,0.3785776403349844,0.5906347142103634,0.21205707387537898,1,1.4739887610614748,4,0,2,74.0,5.0,0.44370009987002373,0.06512245953503931
A0443,22.5677825311535,114.178127474059,0,73.0,85.0,12.0,0.3817526346625214,0.5410372188324363,0.15928458416991487,1,0.11052827170140671,3,0,2,78.0,5.0,0.4470283664129761,0.0652757317504547
A0444,22.5638244435893,113.990763435615,0,66.5,85.0,18.5,0.4072544113570744,0.6505750906546737,0.24332067929759926,1,1.874198592831964,3,3,2,71.5,5.0,0.4735506980694634,0.06629628671238902
A0445,22.6315777017323,114.123302633871,1,72.0,85.0,13.0,0.282001055679845,0.44175652935965337,0.15975547367980836,1,0.37077914498205133,13,1,2,77.0,5.0,0.3395890376945297,0.05758798201468468
A0446,22.6815574126063,113.946203836112,0,72.0,85.0,13.0,0.2692932673201868,0.4261222268101991,0.1568289594900123,1,0.13480643318351393,21,2,2,77.0,5.0,0.3254624947307921,0.05616922741060526
A0447,22.5470051749444,114.111156285752,0,66.5,85.0,18.5,0.23078948589024562,0.44844303552525067,0.21765354963500505,1,0.33886512433393184,16,2,2,71.5,5.0,0.28202732308825645,0.05123783719801084
A0448,22.5493806296082,114.0502176654,0,67.0,85.0,18.0,0.18801490333166118,0.37918506900216314,0.19117016567050196,1,0.46472274564796434,9,0,2,72.0,5.0,0.23262826285158475,0.04461335951992357
A0449,22.5342988046997,114.031744934255,0,66.0,85.0,19.0,0.38034663505746485,0.6308258055388408,0.25047917048137597,1,0.45661786425711537,4,3,2,71.0,5.0,0.4455552138370682,0.06520857877960334
A0450,22.5787279784552,114.493609587007,0,85.0,85.0,0.0,0.5613407241048513,0.5613407241048513,0.0,1,1.3604564798721637,1,0,2,85.0,0.0,0.5613407241048513,0.0
A0451,22.6404087152961,114.043871991263,0,66.0,85.0,19.0,0.16593585449025597,0.3564351094236854,0.19049925493342942,1,0.0998937255176772,24,2,2,71.0,5.0,0.20664345444503376,0.040707599954777796
A0452,22.7338322090264,113.831527301883,0,65.5,85.0,19.5,0.2483267456003896,0.48581009802410774,0.23748335242371815,1,0.6404446662571384,13,4,2,70.5,5.0,0.3019297898100339,0.05360304420964429
A0453,22.7856717283286,113.900408872501,0,65.5,85.0,19.5,0.2275697066641516,0.457278494943301,0.22970878827914937,1,0.08018701043217259,11,2,2,70.5,5.0,0.27835138877662485,0.05078168211247325
A0454,22.7724830477487,113.853852033528,0,66.0,85.0,19.0,0.3716178007159728,0.6221198523755775,0.25050205165960476,1,0.42094950711929624,4,2,2,71.0,5.0,0.4363837676619628,0.06476596694599002
A0455,22.7404093434381,113.789079515329,0,72.0,85.0,13.0,0.31533475326066,0.48131513929415315,0.16598038603349313,1,0.9515401251009117,4,0,2,77.0,5.0,0.3761635768820265,0.06082882362136649
A0456,22.6614932964768,114.027289854554,0,65.0,85.0,20.0,0.1709766853784915,0.3773065191927404,0.20632983381424888,1,0.049821241722285706,30,4,2,70.0,5.0,0.2126056892187041,0.04162900384021259
A0457,23.4663327934283,113.159491967779,0,72.0,72.0,0.0,0.7524737917815912,0.7524737917815912,0.0,0,0.4598955287928258,4,7,4,68.5,-3.5,0.7157034246152918,-0.036770367166299445
A0458,22.5819774592918,113.887926800664,0,66.5,85.0,18.5,0.3253015483422664,0.5664500731421571,0.24114852479989074,1,0.198686737490888,10,4,2,71.5,5.0,0.38696634459371726,0.06166479625145088
A0459,22.8051790039117,113.562851527771,0,72.0,65.0,-7.0,0.98453480806189,0.9776073172538357,-0.006927490808054326,0,1.8238559534602314,1,4,1,67.0,-5.0,0.97984903408786,-0.0046857739740300275
A0460,22.7052890344912,114.140315372427,0,85.0,85.0,0.0,0.7000191863316553,0.7000191863316553,0.0,1,1.717295673323276,1,1,2,80.5,-4.5,0.6467768198886031,-0.053242366443052136
A0461,23.1909642166212,113.333153377047,1,65.5,85.0,19.5,0.4322715275131853,0.6852903471046576,0.2530188195914723,1,0.26621113565516646,18,5,0,70.5,5.0,0.49921045325855556,0.06693892574537025
A0462,22.5239495360594,113.943441614942,1,65.5,85.0,19.5,0.3172393822953606,0.5705985900279127,0.2533592077325521,1,0.3549592299329545,16,7,2,70.5,5.0,0.3782326448556758,0.06099326256031523
A0463,23.0978520176137,113.30579152751,0,65.0,85.0,20.0,0.46719472520742783,0.7203734326077098,0.253178707400282,1,0.1772730073925299,12,3,0,70.0,5.0,0.534450644489582,0.06725591928215419
A0464,22.5271284915562,114.053908802739,0,65.5,85.0,19.5,0.224780741634903,0.4533265322156931,0.22854579058079008,1,0.1164737062737616,13,2,2,70.5,5.0,0.2751617716948398,0.0503810300599368
A0465,22.5466030450199,114.104955103158,0,67.0,85.0,18.0,0.19275982116067092,0.38645832619220055,0.19369850503152963,1,0.32095118634033726,21,2,2,72.0,5.0,0.23816883814139542,0.0454090169807245
A0466,22.5751764354803,114.144938591563,0,67.0,85.0,18.0,0.2873689170372395,0.5154338634240158,0.22806494638677627,1,0.5853517046392372,6,2,2,72.0,5.0,0.34552556058961376,0.058156643552374265
A0467,22.5684783990602,113.900111175851,0,65.5,85.0,19.5,0.33433109944742456,0.589553744420743,0.2552226449733185,1,0.1473668429590556,13,7,2,70.5,5.0,0.3967011539755878,0.06237005452816324
A0468,22.5382641984622,114.065868116464,0,80.0,85.0,5.0,0.3673333127822796,0.43186575962042323,0.06453244683814363,1,0.08896336567679465,16,2,2,85.0,5.0,0.43186575962042323,0.06453244683814363
A0469,23.1387561070194,113.328810272924,0,65.0,85.0,20.0,0.49388757824037327,0.7414030402662328,0.24751546202585956,1,0.10507509864824349,22,7,0,70.0,5.0,0.5609405841093721,0.06705300586899882
A0470,23.1433909799207,113.601178905529,1,75.0,76.5,1.5,0.7354739280019845,0.7508974847934893,0.015423556791504756,0,1.7427060073200682,3,0,0,71.5,-3.5,0.6971944433530309,-0.03827948464895359
A0471,23.1200324874268,113.28906062063,0,80.0,85.0,5.0,0.5874799268070429,0.650897898509025,0.06341797170198216,1,0.5475557186071371,23,5,0,83.0,3.0,0.6260284048407359,0.03854847803369299
A0472,23.1354253191953,113.30376769101,0,65.0,85.0,20.0,0.4390078109467064,0.6968906352017142,0.25788282425500786,1,0.33813425646332884,20,8,0,70.0,5.0,0.5060600457564278,0.06705223480972144
A0473,23.1643204372819,113.243143347333,1,66.0,81.0,15.0,0.5772624249077516,0.7539588172151429,0.17669639230739131,0,0.20442382750356977,14,6,0,71.0,5.0,0.6412920731519302,0.06402964824417856
A0474,23.1258531131285,113.412053885556,1,65.0,85.0,20.0,0.3843834539406738,0.6471970084013785,0.2628135544607047,1,0.16288744797721175,25,6,0,70.0,5.0,0.44978176288832794,0.06539830894765414
A0475,23.1260611995584,113.332338938238,1,65.5,80.5,15.0,0.5775977227072261,0.7542136390080195,0.17661591630079343,0,0.4891788458164434,13,8,0,70.5,5.0,0.641608115443079,0.06401039273585296
A0476,23.1526315749439,113.331979797491,1,65.0,85.0,20.0,0.5087348863546084,0.7526261162537453,0.24389122989913692,0,0.17135430732240584,18,8,0,70.0,5.0,0.5755114881111543,0.06677660175654587
A0477,23.1284220021568,113.411186844672,0,80.0,85.0,5.0,0.577342775269751,0.6413678142132211,0.06402503894347011,1,0.26199671499262783,27,6,0,83.5,3.5,0.6225712922587602,0.045228516989009204
A0478,23.188455969486,113.271628398553,0,80.0,85.0,5.0,0.581567503719381,0.6453456976512418,0.0637781939318608,1,0.17856455807808766,20,3,0,83.5,3.5,0.6266362950369186,0.045068791317537604
A0479,22.9429569540966,113.393421646793,1,66.0,65.0,-1.0,0.9113022612608774,0.9068489904457392,-0.004453270815138244,0,0.9655157528748463,7,4,1,65.0,-1.0,0.9068489904457392,-0.004453270815138244
A0480,23.0945011126069,113.266406830693,1,66.5,85.0,18.5,0.41460373100227726,0.6574451259984343,0.24284139499615703,1,0.21389253995941995,23,3,0,71.5,5.0,0.4811253094795684,0.06652157847729112
A0481,23.1967696624656,113.270313368219,1,80.0,85.0,5.0,0.6524320381811132,0.7107805325550353,0.05834849437392209,1,0.23873464887328452,15,5,0,80.0,0.0,0.6524320381811132,0.0
A0482,23.005695836616,113.124366095163,0,65.5,82.5,17.0,0.5486184795595583,0.75234460682411,0.20372612726455164,0,0.172020554869937,6,5,3,70.5,5.0,0.614086248268071,0.06546776870851267
A0483,23.0449075056443,113.788434186424,1,65.5,65.0,-0.5,0.9102962306189951,0.9080716795382953,-0.0022245510806998547,0,0.22754242518569653,18,2,1,65.0,-0.5,0.9080716795382953,-0.0022245510806998547
A0484,23.0327255181001,113.120130016956,0,65.5,85.0,19.5,0.4744551254237686,0.7208160184729965,0.24636089304922787,1,0.5456616521442383,16,10,3,70.5,5.0,0.5416936087808913,0.06723848335712274
A0485,23.0062112801321,113.124130949323,0,65.5,83.0,17.5,0.5407214415676517,0.7514305221412092,0.21070908057355753,0,0.18650186061708832,6,5,3,70.5,5.0,0.6065130855054464,0.06579164393779469
A0486,22.7775913935574,113.751681280112,1,70.0,65.0,-5.0,0.9212223167073382,0.8993153590855482,-0.02190695762179007,0,0.06207308919888322,6,2,1,65.0,-5.0,0.8993153590855482,-0.02190695762179007
A0487,22.7210375151079,114.179051768446,1,70.5,85.0,14.5,0.4545042076832635,0.6453959993393747,0.19089179165611125,1,0.7194323457089441,3,1,2,75.5,5.0,0.5217221249522052,0.06721791726894166
A0488,22.8123049141894,114.172988181103,1,72.0,85.0,13.0,0.513421736138819,0.6800976998006436,0.16667596366182458,1,1.2438086124639047,2,0,2,77.0,5.0,0.5800871087941478,0.06666537265532879
A0489,22.801073004636,113.761810573039,1,66.5,65.0,-1.5,0.8886863424052689,0.8804357475228536,-0.008250594882415307,0,0.6514649933656191,6,1,1,65.0,-1.5,0.8804357475228536,-0.008250594882415307
A0490,23.0312231929567,113.120797190255,0,65.5,85.0,19.5,0.47636277414951234,0.7223527238022049,0.2459899496526926,1,0.7253970461388943,14,8,3,70.5,5.0,0.5435919738562782,0.06722919970676589
A0491,23.0559517080781,113.871321006181,1,70.5,65.0,-5.5,0.968440396237989,0.958010322406643,-0.010430073831346087,0,0.23558403558481955,2,1,1,65.5,-5.0,0.9590808751865202,-0.009359521051468866
A0492,22.9169247082038,113.643302609506,1,71.5,65.0,-6.5,0.959602047531355,0.943613084214507,-0.01598896331684807,0,1.4870886288897123,2,1,1,66.5,-5.0,0.9477627524984187,-0.011839295032936348
A0493,22.8773995767733,114.127590783255,1,70.0,85.0,15.0,0.42197695870690677,0.620961293018179,0.19898433431127227,1,0.9192354676106612,3,0,2,75.0,5.0,0.4886939593773561,0.06671700067044933
A0494,23.0648320643372,113.797148630807,1,66.5,65.0,-1.5,0.9651506563613803,0.9623273592853934,-0.0028232970759869414,0,0.8520149343439996,3,4,1,65.0,-1.5,0.9623273592853934,-0.0028232970759869414
A0495,23.0102541618787,113.681719877102,1,69.0,65.0,-4.0,0.9752463788285346,0.9694739571705461,-0.005772421657988525,0,2.2574550735175505,0,1,1,65.0,-4.0,0.9694739571705461,-0.005772421657988525
A0496,23.061598763352,113.662638304127,1,67.5,65.0,-2.5,0.9661689457924981,0.9614780672711367,-0.004690878521361408,0,1.265698545262053,1,1,1,65.0,-2.5,0.9614780672711367,-0.004690878521361408
A0497,23.0416214033427,113.711922278254,1,68.5,65.0,-3.5,0.9477677398898527,0.9376028791583548,-0.010164860731497916,0,0.41417991269297905,2,1,1,65.0,-3.5,0.9376028791583548,-0.010164860731497916
A0498,23.0854273134241,113.693671167163,1,70.0,65.0,-5.0,0.9600635003965166,0.948352163120182,-0.011711337276334555,0,1.1913184210470542,1,0,1,65.0,-5.0,0.948352163120182,-0.011711337276334555
A0499,22.8552256842654,114.153499810477,1,70.0,85.0,15.0,0.5620717700766882,0.7422828966890943,0.18021112661240613,1,0.7074631617336345,3,4,2,75.0,5.0,0.6269152257924138,0.06484345571572558
A0500,22.8054401830895,113.823866505784,1,67.5,65.0,-2.5,0.8852334391014441,0.8708208025078995,-0.014412636593544637,0,0.7086666668630076,8,1,1,65.0,-2.5,0.8708208025078995,-0.014412636593544637
A0501,22.822327887882,113.742463672955,1,70.0,65.0,-5.0,0.9338667376986027,0.9151521567561284,-0.018714580942474357,0,0.7178138145048332,5,3,1,65.0,-5.0,0.9151521567561284,-0.018714580942474357
A0502,22.8509409792328,114.166906113819,1,70.0,85.0,15.0,0.5757224279055281,0.7527868493460371,0.17706442144050905,0,0.5853666624724665,4,7,2,75.0,5.0,0.6398398006949934,0.06411737278946528
A0503,22.8503093107703,114.17089092789,1,70.0,85.0,15.0,0.5735652916973704,0.7511408200355313,0.17757552833816093,0,0.38832769222819136,4,7,2,75.0,5.0,0.6378035685291987,0.06423827683182837
A0504,23.005676034913,113.707651898251,1,70.0,65.0,-5.0,0.943518461016649,0.9273225935035326,-0.016195867513116413,0,0.4439063155362337,3,0,1,65.0,-5.0,0.9273225935035326,-0.016195867513116413
A0505,23.0620925439786,113.826672991858,1,68.0,65.0,-3.0,0.9775768637979838,0.9737458162100782,-0.003831047587905645,0,0.7431092091422374,1,4,1,65.0,-3.0,0.9737458162100782,-0.003831047587905645
A0506,22.8447841362007,113.645469398751,1,69.5,65.0,-4.5,0.9452554609862263,0.9312652702702942,-0.013990190715932105,0,0.7412309635532185,2,1,1,65.0,-4.5,0.9312652702702942,-0.013990190715932105
A0507,22.8517147667039,113.631544853978,1,67.5,65.0,-2.5,0.9386111991871299,0.9303746312837929,-0.008236567903336933,0,0.43242475477165804,2,1,1,65.0,-2.5,0.9303746312837929,-0.008236567903336933
A0508,22.8613970561248,113.853997648851,1,72.5,65.0,-7.5,0.9567110942830993,0.9365207356132659,-0.02019035866983343,0,0.9001670341668462,1,0,1,67.5,-5.0,0.9440739347693181,-0.012637159513781193
A0509,22.8196359913028,113.803729101343,1,65.0,65.0,0.0,0.9047215048970952,0.9047215048970952,0.0,0,0.615465434820322,8,4,1,65.0,0.0,0.9047215048970952,0.0
A0510,22.7956613516103,114.156533919082,1,70.0,85.0,15.0,0.5223021279050133,0.7104480674260569,0.18814593952104364,1,0.3461887973896476,2,1,2,75.0,5.0,0.5887254356561493,0.06642330775113603
A0511,22.8056751375083,113.790786495221,1,67.0,65.0,-2.0,0.8574892099187049,0.8438052928257407,-0.013683917092964237,0,0.8621312367560306,9,2,1,65.0,-2.0,0.8438052928257407,-0.013683917092964237
A0512,23.0006485235747,113.615440171139,1,67.0,65.0,-2.0,0.9741392675104058,0.971280978452884,-0.0028582890575218345,0,3.661420494827929,0,1,1,65.0,-2.0,0.971280978452884,-0.0028582890575218345
A0513,22.7824964256032,113.763894855302,1,66.0,65.0,-1.0,0.8915929398631475,0.8862736094307019,-0.00531933043244559,0,0.5116461995635571,7,2,1,65.0,-1.0,0.8862736094307019,-0.00531933043244559
A0514,22.9599826103358,113.047410471082,1,72.5,85.0,12.5,0.45937521931462144,0.6249751836766482,0.16559996436202673,1,0.26871033569051833,1,0,3,77.5,5.0,0.5266180667153534,0.06724284740073194
A0515,23.0147858347414,113.685852854091,1,68.5,65.0,-3.5,0.9745431235427683,0.9694208689361441,-0.005122254606624188,0,2.217437437596061,0,1,1,65.0,-3.5,0.9694208689361441,-0.005122254606624188
A0516,22.7813971598431,113.767262814975,1,66.0,65.0,-1.0,0.9036774549309101,0.8988838404153606,-0.004793614515549494,0,0.20679232459427205,5,2,1,65.0,-1.0,0.8988838404153606,-0.004793614515549494
A0517,23.0517083437427,113.842971110415,1,69.5,65.0,-4.5,0.9740216754468664,0.9671271537918592,-0.006894521655007146,0,1.3319532309891526,2,3,1,65.0,-4.5,0.9671271537918592,-0.006894521655007146
A0518,22.9914280505848,113.772501843648,1,67.5,65.0,-2.5,0.9682928613765638,0.9638854685775681,-0.004407392798995713,0,1.7257928800435627,2,2,1,65.0,-2.5,0.9638854685775681,-0.004407392798995713
A0519,23.0782913463907,113.798738433932,1,69.0,65.0,-4.0,0.9679143154752281,0.960501342017144,-0.0074129734580841156,0,0.8895343234020108,2,2,1,65.0,-4.0,0.960501342017144,-0.0074129734580841156
A0520,23.0628645421618,113.798758391046,1,66.5,65.0,-1.5,0.9651181720309466,0.9622923460761729,-0.002825825954773764,0,0.8304615999338464,3,4,1,65.0,-1.5,0.9622923460761729,-0.002825825954773764
A0521,23.0553868990725,113.770091056211,1,65.5,65.0,-0.5,0.923942109534882,0.9220269742363201,-0.0019151352985619097,0,0.1338079140017804,14,5,1,65.0,-0.5,0.9220269742363201,-0.0019151352985619097
A0522,22.8001634735636,114.062761463402,1,70.0,85.0,15.0,0.5268394748164004,0.7141762937501571,0.18733681893375675,1,0.9784753307062061,2,1,2,75.0,5.0,0.5931233548615663,0.06628388004516594
A0523,23.0484554136479,113.549906052461,1,75.0,65.0,-10.0,0.951329459041005,0.9193778825523868,-0.03195157648861813,0,0.793923544899948,1,0,1,70.0,-5.0,0.9372243454706057,-0.01410511357039923
A0524,22.8210452694299,113.809035656989,1,65.0,65.0,0.0,0.9060995913574007,0.9060995913574007,0.0,0,0.9747350230789279,8,4,1,65.0,0.0,0.9060995913574007,0.0
A0525,22.7958978994958,113.797833496682,1,68.0,65.0,-3.0,0.8714013906989594,0.8521731432637731,-0.019228247435186252,0,0.16511543667454975,7,2,1,65.0,-3.0,0.8521731432637731,-0.019228247435186252
A0526,23.0606086523514,113.737400338018,1,66.5,65.0,-1.5,0.9520079377789036,0.9481770626195795,-0.003830875159324121,0,0.8494662051479267,5,3,1,65.0,-1.5,0.9481770626195795,-0.003830875159324121
A0527,23.0178395430925,113.823368605583,1,69.0,65.0,-4.0,0.9553353482935288,0.9451807677663809,-0.010154580527147905,0,0.6680748562509016,3,3,1,65.0,-4.0,0.9451807677663809,-0.010154580527147905
A0528,23.0582848424311,113.814796412968,1,67.0,65.0,-2.0,0.978980179866687,0.976644110297801,-0.00233606956888599,0,0.5952240701507098,1,6,1,65.0,-2.0,0.976644110297801,-0.00233606956888599
A0529,22.9693645389803,113.896613801214,1,69.5,65.0,-4.5,0.9335659983531474,0.916851292463437,-0.016714705889710357,0,1.136777506916765,5,0,1,65.0,-4.5,0.916851292463437,-0.016714705889710357
A0530,23.0146520620935,113.768067630237,1,65.5,65.0,-0.5,0.9423764862934242,0.9408958348261992,-0.0014806514672249804,0,0.10526542319021492,3,1,1,65.0,-0.5,0.9408958348261992,-0.0014806514672249804
A0531,22.9952256500461,113.800023321624,1,71.0,65.0,-6.0,0.9681315795390435,0.9564964721585246,-0.011635107380518872,0,1.8895857796454236,1,0,1,66.0,-5.0,0.9586843809890329,-0.009447198550010638
A0532,23.0586652539435,113.832168844729,1,68.0,65.0,-3.0,0.9708924201063728,0.9659590872612416,-0.0049333328451312,0,1.3406823672578136,3,4,1,65.0,-3.0,0.9659590872612416,-0.0049333328451312
A0533,22.9874480584181,113.725147041239,1,68.0,65.0,-3.0,0.9522288284621668,0.9443137035843635,-0.007915124877803326,0,0.5038396259755418,4,3,1,65.0,-3.0,0.9443137035843635,-0.007915124877803326
A0534,22.9931322469322,113.732371574368,1,67.0,65.0,-2.0,0.9499926175335744,0.9446172220337502,-0.005375395499824243,0,0.9143556816927643,4,2,1,65.0,-2.0,0.9446172220337502,-0.005375395499824243
A0535,23.0287129725023,113.804578898355,1,66.0,65.0,-1.0,0.9527025306071492,0.9502142975803041,-0.002488233026845088,0,0.9129870655779951,6,3,1,65.0,-1.0,0.9502142975803041,-0.002488233026845088
A0536,22.9741748502627,113.734588322874,1,67.5,65.0,-2.5,0.9603262730641311,0.9548631196932723,-0.0054631533708587865,0,0.2194752121010479,2,2,1,65.0,-2.5,0.9548631196932723,-0.0054631533708587865
A0537,22.9413278534327,113.676795108485,1,66.0,65.0,-1.0,0.8997609763726937,0.8947951442778199,-0.004965832094873779,0,0.4599761776896757,6,3,1,65.0,-1.0,0.8947951442778199,-0.004965832094873779
A0538,22.8433968694871,113.255757350605,0,66.0,71.0,5.0,0.6965542054437893,0.7503301320926217,0.05377592664883235,0,0.6992915496405492,4,6,3,67.5,1.5,0.7133626249605469,0.0168084195167576
A0539,23.0616798513549,113.810219858108,1,67.0,65.0,-2.0,0.9677642694265712,0.9642272506954446,-0.003537018731126662,0,0.9408986297413422,3,4,1,65.0,-2.0,0.9642272506954446,-0.003537018731126662
A0540,23.1793488547003,112.899403058306,1,70.0,82.0,12.0,0.6171885924734698,0.7547793301953911,0.13759073772192132,0,1.0885795494430086,2,4,3,75.0,5.0,0.678538475971134,0.06134988349766424
A0541,23.1745526562453,113.068851324902,1,75.0,77.5,2.5,0.7271803250351567,0.7530747836929451,0.02589445865778839,0,2.9700003787974922,0,0,3,72.0,-3.0,0.6939613259708769,-0.03321899906427983
A0542,23.176777556242,112.87840230232,1,70.0,85.0,15.0,0.47463257424202554,0.6696796539880947,0.19504707974606916,1,1.3665485248601055,4,2,3,75.0,5.0,0.5418702764212401,0.06723770217921454
A0543,23.1694339716979,112.907385715472,1,70.0,78.0,8.0,0.6626607523712805,0.7514319337500358,0.08877118137875528,0,1.1642942150095343,2,6,3,72.5,2.5,0.6920859896026816,0.029425237231401113
A0544,23.2615298960726,113.024751811431,1,75.0,68.0,-7.0,0.8168230693939618,0.7535741687932835,-0.06324890060067823,0,0.6115780332332837,1,1,0,70.0,-5.0,0.7730368139132352,-0.043786255480726566
A0545,23.1686518599911,112.893812550085,1,70.0,76.0,6.0,0.6884428204048154,0.7532769973199317,0.06483417691511628,0,0.27326014812045396,1,6,3,71.0,1.0,0.6998819143654851,0.011439093960669666
A0546,23.1632181205162,112.914899704195,1,70.0,75.0,5.0,0.6997919151769054,0.7531973637951992,0.05340544861829377,0,1.4591925479577224,1,4,3,70.5,0.5,0.7054215656142132,0.005629650437307787
A0547,23.0705795085387,112.84454078101,1,75.0,84.0,9.0,0.6489934864231534,0.750184018937438,0.10119053251428467,0,0.7577624445302322,1,0,3,76.5,1.5,0.6671775957557368,0.01818410933258341
A0548,22.9042229182472,112.901982569526,1,75.0,70.5,-4.5,0.7926781282683844,0.7500083259946054,-0.04266980227377892,0,0.4551635122658302,2,4,3,70.0,-5.0,0.7449226547127846,-0.047755473555599726
A0549,23.038668502773,113.2034172001,1,70.0,80.5,10.5,0.6322318925692786,0.7516830970829577,0.11945120451367908,0,0.8900744488555662,3,3,3,74.5,4.5,0.6866043315078355,0.05437243893855692
A0550,23.2030049778886,113.171393135087,1,69.5,70.5,1.0,0.7419887630104821,0.7521696001539658,0.010180837143483723,0,0.920375399287478,2,2,0,67.0,-2.5,0.7153711376288739,-0.026617625381608168
A0551,23.1701889270547,112.906063634338,1,70.0,78.0,8.0,0.6612875758315122,0.7502839384159646,0.08899636258445243,0,1.0272814050047212,2,6,3,72.5,2.5,0.6907766983414663,0.029489122509954058
A0552,22.8779429180473,113.226557750351,1,70.5,68.0,-2.5,0.7744687934430454,0.7500732991182991,-0.024395494324746303,0,2.3974650126781474,0,3,3,65.5,-5.0,0.7239794487235685,-0.05048934471947697
A0553,23.1882857509082,113.205158375788,1,68.0,81.0,13.0,0.6011786180399358,0.752296753264523,0.15111813522458728,0,0.029397482373985855,2,0,0,73.0,5.0,0.663696197671331,0.06251757963139526
A0554,23.1176526030152,113.177420842311,1,66.5,75.5,9.0,0.6546929850109267,0.754861058312173,0.10016807330124633,0,0.9886045208524236,7,4,0,70.5,4.0,0.7016730240573895,0.04698003904646286
A0555,23.1465983899744,113.110448529325,1,67.5,76.0,8.5,0.6566827855579821,0.7514908159778362,0.09480803041985408,0,0.07916135794944396,2,4,3,71.0,3.5,0.697864220241321,0.0411814346833389
A0556,23.1223276296192,113.191485208337,1,67.0,78.5,11.5,0.6199708998104801,0.7519643349500603,0.13199343513958017,0,0.1503930830178589,6,2,0,72.0,5.0,0.681105276790355,0.061134376979874894
A0557,23.1673058447853,112.902415982172,1,70.0,78.5,8.5,0.6582174866383846,0.7527612687105939,0.09454378207220926,0,0.7219281730319269,2,6,3,73.0,3.0,0.6936032929775736,0.035385806339188974
A0558,23.1043540831342,113.199121080051,1,66.5,75.5,9.0,0.6544756399763764,0.7546831370757313,0.10020749709935495,0,1.0977780483746535,7,4,0,70.5,4.0,0.7014717658702787,0.04699612589390234
A0559,23.1858571842096,113.092755151871,1,75.0,73.0,-2.0,0.7740077849129288,0.7546019713086328,-0.01940581360429594,0,0.5413568918570462,1,0,0,70.0,-5.0,0.7234520875134834,-0.05055569739944532
A0560,23.0667704175712,113.142195274851,1,66.5,75.0,8.5,0.6577404337993132,0.7523665314893079,0.09462609768999464,0,1.0191475953879987,2,4,3,70.5,4.0,0.7044930018201919,0.04675256802087868
A0561,23.0440368254211,112.921450878294,1,71.5,75.5,4.0,0.710260561376197,0.7525380591325291,0.04227749775633216,0,1.181374922944756,1,3,3,70.5,-1.0,0.6990469489021668,-0.011213612474030188
A0562,22.8366157391784,113.000031758026,1,73.0,85.0,12.0,0.5647708847839112,0.7124232269322343,0.147652342148323,1,1.8852659850240503,1,0,3,78.0,5.0,0.6294781412442194,0.06470725646030817
A0563,23.0070736517263,113.008964017539,1,73.5,77.5,4.0,0.7123330385888982,0.7544126930209076,0.04207965443200945,0,3.1309321536683123,0,0,3,72.0,-1.5,0.6954900161080495,-0.01684302248084868
A0564,22.9534378642144,112.971287414513,1,75.0,78.0,3.0,0.7214067997232181,0.7527083131126256,0.031301513389407565,0,2.3244695952400134,0,0,3,72.5,-2.5,0.6935428249177523,-0.027863974805465763
A0565,23.0782653874698,113.041381325849,1,70.0,70.5,0.5,0.7467143514390873,0.7517762037564191,0.005061852317331805,0,2.009145343224085,0,2,3,67.0,-3.0,0.7149414660281062,-0.03177288541098111
A0566,23.1136000139085,113.015288870752,1,73.5,69.5,-4.0,0.7895912268970364,0.7515541377634556,-0.03803708913358084,0,1.9974020770914902,1,3,3,68.5,-5.0,0.7413567114381713,-0.048234515458865146
A0567,23.038668502773,113.2034172001,1,70.0,80.5,10.5,0.6322318925692786,0.7516830970829577,0.11945120451367908,0,0.8900744488555662,3,3,3,74.5,4.5,0.6866043315078355,0.05437243893855692
A0568,23.0695963041142,113.156188978369,1,66.0,81.0,15.0,0.5751697430857053,0.7523656070866271,0.1771958640009218,0,0.5059340190027676,2,2,3,71.0,5.0,0.6393183127276381,0.06414856964193272
A0569,22.903113126007,112.892336616166,1,73.0,70.0,-3.0,0.7834115501496677,0.7547300080550023,-0.028681542094665335,0,1.0072504185615316,2,4,3,68.0,-5.0,0.734237210560096,-0.049174339589571625
A0570,23.0636965078897,113.135579080501,1,66.5,77.0,10.5,0.6311889145700876,0.7508453777962374,0.11965646322614976,0,0.3051460682127968,2,3,3,71.5,5.0,0.691416901905913,0.06022798733582535
A0571,22.9105595649827,112.884142464646,1,75.0,71.0,-4.0,0.7922840857621073,0.7545824964360358,-0.03770158932607148,0,1.3363216333508672,2,4,3,70.0,-5.0,0.7444671064223766,-0.047816979339730725
A0572,23.0386304064782,113.170454746287,1,66.5,85.0,18.5,0.4047955895938779,0.6482538407146169,0.243458251120739,1,0.7973796267037073,10,2,3,71.5,5.0,0.47100967080930384,0.06621408121542594
A0573,23.0657334258076,113.132115298896,1,66.5,79.0,12.5,0.6073277263747997,0.7520677834872437,0.14474005711244398,0,0.18297116407851785,2,2,3,71.5,5.0,0.6694114514178612,0.06208372504306148
A0574,23.1566635900953,112.904940835095,1,70.0,80.0,10.0,0.6409699933360908,0.7536990462497466,0.11272905291365576,0,0.3245847362205387,2,5,3,74.0,4.0,0.6889299763886615,0.047959983052570654
A0575,23.0705953200904,113.057661099931,0,66.0,73.5,7.5,0.669180715617075,0.7518733543187315,0.08269263870165644,0,0.7240229103471043,1,4,3,69.5,3.5,0.709526129153702,0.040345413536626906
A0576,23.0723987956829,113.089683174299,1,67.5,77.5,10.0,0.637587123895988,0.7509656592596398,0.11337853536365172,0,1.1553517020240727,2,2,3,72.5,5.0,0.6972713899188502,0.05968426602286214
A0577,23.0379121696856,113.156351582446,1,65.5,85.0,19.5,0.4233965855001957,0.6774190739781357,0.25402248847794,1,0.3436766243574814,11,4,3,70.5,5.0,0.49014770890252074,0.06675112340232503
A0578,22.8962453837208,112.88832892405,1,73.5,70.5,-3.0,0.7836291991043876,0.7549674641575764,-0.028661734946811124,0,0.434347880241143,2,4,3,68.5,-5.0,0.7344875269468101,-0.049141672157577476
A0579,23.3355556593312,113.307528712027,1,67.5,85.0,17.5,0.45081374496688287,0.6782248016945251,0.22741105672764228,1,0.5087243137193536,6,1,4,72.5,5.0,0.5180041556203167,0.06719041065343379
A0580,23.0723987956829,113.089683174299,1,67.5,77.5,10.0,0.637587123895988,0.7509656592596398,0.11337853536365172,0,1.1553517020240727,2,2,3,72.5,5.0,0.6972713899188502,0.05968426602286214
A0581,23.0681764740523,112.970763459859,1,72.5,85.0,12.5,0.5326686397848189,0.6909231930047609,0.15825455321994197,1,0.35040741803445197,3,0,3,77.5,5.0,0.5987578458846397,0.06608920609982072
A0582,23.0437280570501,113.147041134516,1,66.0,85.0,19.0,0.3813279545860319,0.6317944627957567,0.25046650820972477,1,0.5128610768213185,15,3,3,71.0,5.0,0.44658352366166326,0.06525556907563135
A0583,23.0396461884037,113.154622038916,1,65.5,85.0,19.5,0.423852293292832,0.6778267846867924,0.25397449139396033,1,0.3853467883591572,11,4,3,70.5,5.0,0.49061413101984763,0.0667618377270156
A0584,22.9879600740101,113.017085872534,1,70.0,73.5,3.5,0.7146533446609084,0.751512372930178,0.03685902826926968,0,0.877261502354428,1,2,3,69.5,-0.5,0.7091273737385408,-0.005525970922367507
A0585,23.0968614013705,113.041882016009,1,73.0,77.0,4.0,0.7128418746578933,0.7548727105081972,0.04203083585030387,0,3.787954182875426,0,0,3,71.5,-1.5,0.6960159309359342,-0.016825943721959113
A0586,23.0147948092885,113.165181581555,1,68.0,85.0,17.0,0.5515426500129074,0.7545394806871246,0.20299683067421725,0,1.3312178864342095,3,1,3,73.0,5.0,0.6168824757238431,0.06533982571093577
A0587,22.8245226834435,112.683258303145,1,75.0,75.5,0.5,0.7456911330290626,0.750766608862154,0.005075475833091314,0,5.099937800436504,0,0,3,71.0,-4.0,0.7027059953691212,-0.0429851376599415
A0588,23.0411249226136,113.137340153956,0,65.5,85.0,19.5,0.46659866041145837,0.714425715294756,0.2478270548832976,1,0.4293815726984791,13,8,3,70.5,5.0,0.5338547487101456,0.06725608829868723
A0589,23.0002230812856,113.108061364898,0,67.0,71.0,4.0,0.710948609884824,0.7531606019728934,0.04221199208806936,0,1.9454584128712236,1,4,3,67.5,0.5,0.7164538158912067,0.005505206006382712
A0590,22.9011991118098,112.885001154883,1,73.0,70.0,-3.0,0.7815291396903326,0.7526770175965499,-0.02885212209378263,0,0.7603309003981469,2,4,3,68.0,-5.0,0.7320735816939395,-0.04945555799639301
A0591,23.0067591551232,113.129028721165,1,65.0,83.5,18.5,0.5257985558337679,0.7502940535048362,0.22449549767106836,0,0.049377954258046565,8,7,3,70.0,5.0,0.592115360450916,0.06631680461714806
A0592,23.0348060377823,113.088038588012,1,66.0,85.0,19.0,0.5009546703315142,0.7364614127835329,0.23550674245201875,1,0.80707249223495,4,3,3,71.0,5.0,0.5678905595306819,0.06693588919916771
A0593,23.0348960488659,113.090144599704,0,66.0,85.0,19.0,0.5136136143716293,0.7461733282151242,0.23255971384349483,1,0.8221974286308712,6,6,3,71.0,5.0,0.5802741894740644,0.06666057510243506
A0594,23.0057363854141,112.970789906871,0,75.0,76.0,1.0,0.7407721672248052,0.7509848989981077,0.010212731773302508,0,4.524439980818496,0,0,3,71.0,-4.0,0.697293105805183,-0.04347906141962221
A0595,23.0390570488889,113.07259701903,0,66.0,84.0,18.0,0.5350295071020844,0.7521850513228753,0.21715554422079086,0,0.38698515699777025,7,6,3,71.0,5.0,0.6010349095398236,0.06600540243773922
A0596,22.9408169212329,113.062678084999,0,72.5,78.0,5.5,0.6950131943649819,0.7539955008627922,0.05898230649781033,0,2.4791346851348344,0,0,3,72.5,0.0,0.6950131943649819,0.0
A0597,23.0407652953817,113.111573746807,0,65.0,84.0,19.0,0.523577474634745,0.7536580708847265,0.23008059624998145,0,0.23633244937991615,8,8,3,70.0,5.0,0.589962665514094,0.06638519087934902
A0598,23.0387395974308,113.10737208987,0,65.5,82.5,17.0,0.546358310011106,0.7506408810467907,0.2042825710356847,0,0.5387116125569331,9,10,3,70.5,5.0,0.6119220052909045,0.06556369527979844
A0599,23.0042101659913,113.070423194968,0,66.5,81.0,14.5,0.5828987815298011,0.7532525013576874,0.17035371982788627,0,0.41923320637173084,4,4,3,71.5,5.0,0.6465973660982959,0.06369858456849475
A0600,23.0488614986084,113.071886353372,0,66.0,83.5,17.5,0.5413656199380817,0.7519147566142019,0.21054913667612019,0,0.445107754344912,5,4,3,71.0,5.0,0.6071320314709728,0.06576641153289109
A0601,23.0342933071827,113.064006671661,0,66.0,80.5,14.5,0.5794580384896817,0.7506158102406031,0.1711577717509214,0,0.616667344439024,4,3,3,71.0,5.0,0.6433605872774556,0.0639025487877739
A0602,23.0304158077439,113.121425020467,0,65.5,85.0,19.5,0.4947727108413141,0.7368909930956221,0.24211828225430804,1,0.6857126021327825,14,10,3,70.5,5.0,0.5618124913587325,0.06703978051741838
A0603,23.020849501249,113.139314774692,0,66.0,85.0,19.0,0.4880385456810679,0.726310510430744,0.2382719647496761,1,0.569283915040993,11,5,3,71.0,5.0,0.5551685213229214,0.06712997564185347
A0604,22.9908324994785,113.072310229606,0,68.0,74.5,6.5,0.6802890707076267,0.7512632586556907,0.07097418794806398,0,1.1579561753952066,1,2,3,70.0,2.0,0.7032605627201586,0.022971492012531902
A0605,23.0263055575238,113.14034911869,0,66.0,85.0,19.0,0.43057619843196326,0.6779436605553443,0.247367462123381,1,0.3547671139634003,15,5,3,71.0,5.0,0.49748264118717445,0.06690644275521118
A0606,23.0433406482801,113.105616652684,0,65.5,85.0,19.5,0.5106643302520638,0.7490299318382204,0.2383656015861566,1,0.009724964026982832,8,7,3,70.5,5.0,0.5773965291828487,0.06673219893078486
A0607,23.0299148275537,113.057659469996,0,66.0,81.0,15.0,0.5728317608862566,0.7505799150114417,0.17774815412518508,0,0.26288432631798314,3,2,3,71.0,5.0,0.6371106251644307,0.06427886427817409
A0608,23.0128103543391,113.12023264297,0,66.0,82.5,16.5,0.5522487492547004,0.7500508538028339,0.19780210454813352,0,0.9378921294332795,7,6,3,71.0,5.0,0.6175570331809294,0.065308283926229
A0609,23.0451643289461,113.121004643132,0,65.5,85.0,19.5,0.4781150403058229,0.7237591749550736,0.24564413464925067,1,0.6760035174785517,13,10,3,70.5,5.0,0.5453339932961169,0.06721895299029396
A0610,23.0024026000191,113.06518692922,0,67.0,75.0,8.0,0.6649473168708887,0.7533407588870166,0.08839344201612787,0,0.8053207760088847,1,2,3,70.5,3.5,0.705581868517735,0.04063455164684626
A0611,23.0300435166782,113.1298659419,0,65.5,85.0,19.5,0.46111178712463957,0.7099031711099014,0.24879138398526185,1,0.8620351473822021,16,8,3,70.5,5.0,0.5283604011264923,0.06724861400185272
A0612,22.914524735596,113.67609750868,1,70.0,65.0,-5.0,0.9545553532263624,0.9413274710532504,-0.013227882173111993,0,1.1023899812218092,3,2,1,65.0,-5.0,0.9413274710532504,-0.013227882173111993
A0613,22.8561568247489,114.153990724557,1,70.0,85.0,15.0,0.56260879182168,0.742700091726677,0.18009129990499695,1,0.7561802621153761,3,4,2,75.0,5.0,0.6274254394317216,0.06481664761004158
A0614,23.0094440004859,113.092542767296,0,66.0,85.0,19.0,0.505740666143608,0.7401603287062524,0.23441966256264435,1,0.9454417684288404,4,3,3,71.0,5.0,0.5725823232586321,0.0668416571150241
A0615,22.9799456310705,114.00208465958,1,67.0,65.0,-2.0,0.8712394228649878,0.8586581765309159,-0.012581246334071872,0,0.07982211738061547,9,0,1,65.0,-2.0,0.8586581765309159,-0.012581246334071872
A0616,23.0103936002526,113.146297253114,0,66.0,83.5,17.5,0.5396678463568616,0.7506373835833048,0.21096953722644318,0,0.26602154476404655,8,6,3,71.0,5.0,0.6055003040661305,0.06583245770926893
A0617,23.0057602389096,113.135566462902,0,65.5,82.5,17.0,0.5484378136635361,0.7522086530937566,0.20377083943022056,0,0.22269845035733674,8,7,3,70.5,5.0,0.6139133453423208,0.06547553167878473
A0618,22.9436279752327,113.675682632569,1,65.5,65.0,-0.5,0.8823277976140026,0.8795014731884457,-0.0028263244255568587,0,0.5842858985581296,8,3,1,65.0,-0.5,0.8795014731884457,-0.0028263244255568587
A0619,23.0804329753525,113.96781959271,1,70.0,65.0,-5.0,0.9553643550389743,0.9423577346062452,-0.013006620432729155,0,0.4524619297772662,2,1,1,65.0,-5.0,0.9423577346062452,-0.013006620432729155
A0620,22.9322496901802,113.940333894816,1,69.0,65.0,-4.0,0.9504800729682418,0.9392917838721077,-0.011188289096134119,0,0.796396147005711,4,2,1,65.0,-4.0,0.9392917838721077,-0.011188289096134119
A0621,22.7933995909888,114.160893619398,1,70.0,85.0,15.0,0.5681990964704602,0.7470236255047773,0.17882452903431711,1,0.34152297306228907,1,1,2,75.0,5.0,0.632728116990195,0.06452902051973486
A0622,22.8001848760928,113.78268970834,1,67.0,65.0,-2.0,0.8620197856927415,0.848694134019116,-0.013325651673625538,0,0.04967923683075879,8,2,1,65.0,-2.0,0.848694134019116,-0.013325651673625538
A0623,22.9789226838562,113.956267034415,1,70.0,65.0,-5.0,0.9288859728643222,0.9088994175045609,-0.019986555359761238,0,0.6342736012143314,4,0,1,65.0,-5.0,0.9088994175045609,-0.019986555359761238
A0624,22.8311081741368,113.780171847827,1,69.0,65.0,-4.0,0.9371560629195267,0.9232006514037262,-0.013955411515800487,0,1.9711284779941487,1,0,1,65.0,-4.0,0.9232006514037262,-0.013955411515800487
A0625,22.7283175842834,114.196704294559,1,72.0,84.5,12.5,0.6056258337108118,0.7507357424856861,0.14510990877487429,0,0.7803744986261468,1,1,2,77.0,5.0,0.6678314691152328,0.062205635404421034
A0626,22.7810824907836,114.057401414561,1,70.0,85.0,15.0,0.5373345455324654,0.722703176903714,0.1853686313712486,1,1.4028484367467222,2,2,2,75.0,5.0,0.603255375457991,0.06592082992552561
A0627,22.7963311816439,114.063232639014,1,70.0,85.0,15.0,0.5598910378343018,0.7405853791808438,0.18069434134654194,1,1.0661052045327344,3,3,2,75.0,5.0,0.6248418714187768,0.06495083358447495
A0628,22.8210452694299,113.809035656989,1,65.0,65.0,0.0,0.9060995913574007,0.9060995913574007,0.0,0,0.9747350230789279,8,4,1,65.0,0.0,0.9060995913574007,0.0
A0629,23.0488373689981,113.855765592247,1,70.0,65.0,-5.0,0.9789120036629277,0.9725700500432399,-0.006341953619687812,0,1.5990672126910315,1,3,1,65.0,-5.0,0.9725700500432399,-0.006341953619687812
A0630,22.8197357594223,113.809330215857,1,65.0,65.0,0.0,0.9066611748679769,0.9066611748679769,0.0,0,0.9280080055970646,9,5,1,65.0,0.0,0.9066611748679769,0.0
A0631,22.922770135563,113.668950192994,1,66.0,65.0,-1.0,0.9266749322776103,0.922928205914412,-0.003746726363198283,0,0.24746967381094398,6,2,1,65.0,-1.0,0.922928205914412,-0.003746726363198283
A0632,22.8387027978275,113.706687858337,1,68.5,65.0,-3.5,0.895496489563963,0.8764848755731044,-0.0190116139908586,0,0.7739425119056182,5,1,1,65.0,-3.5,0.8764848755731044,-0.0190116139908586
A0633,23.0312877339999,113.833431230766,1,67.5,65.0,-2.5,0.9615383229028371,0.9562344649596757,-0.005303857943161461,0,1.1449442218183399,4,5,1,65.0,-2.5,0.9562344649596757,-0.005303857943161461
A0634,22.9988913711559,113.620642866499,1,66.5,65.0,-1.5,0.9730074247704241,0.9708013824030288,-0.0022060423673953,0,3.280624809025928,0,1,1,65.0,-1.5,0.9708013824030288,-0.0022060423673953
A0635,22.7920915007785,114.101788080371,1,70.0,82.5,12.5,0.6051219773399695,0.7503408544537373,0.1452188771137678,0,1.127921680589393,1,2,2,75.0,5.0,0.6673634363430977,0.06224145900312816
A0636,22.9692111907922,113.763837072117,1,71.5,65.0,-6.5,0.9519550533410416,0.9331503563494764,-0.018804696991565173,0,0.3291056916325785,3,0,1,66.5,-5.0,0.93801942990288,-0.01393562343816157
A0637,22.7678133746856,114.042169117525,1,70.0,85.0,15.0,0.47061393104072713,0.666103398787498,0.1954894677467709,1,1.1695784191678615,2,1,2,75.0,5.0,0.5378651758640606,0.06725124482333344
A0638,23.0502978766506,113.756615851938,1,65.5,65.0,-0.5,0.92632690272663,0.9244669073850693,-0.0018599953415606718,0,0.5732255747333853,12,4,1,65.0,-0.5,0.9244669073850693,-0.0018599953415606718
A0639,22.8188764003867,113.677415476473,1,65.5,65.0,-0.5,0.9004759505020594,0.8980351463627912,-0.002440804139268171,0,0.5912614508470275,8,4,1,65.0,-0.5,0.8980351463627912,-0.002440804139268171
A0640,22.8824543531031,114.006817471989,1,75.0,85.0,10.0,0.5625273286062055,0.6878931174887154,0.12536578888250993,1,0.4226152422216902,1,0,2,80.0,5.0,0.6273480521441656,0.06482072353796009
A0641,22.7406896029042,114.16644492377,1,70.0,85.0,15.0,0.4448595892023714,0.6426377157855748,0.19777812658320343,1,0.5094039889371695,2,0,2,75.0,5.0,0.5119898947834337,0.06713030558106231
A0642,22.9654733746607,114.154279241422,1,75.0,85.0,10.0,0.5891706882024299,0.710826269029338,0.12165558082690808,1,0.45127417903911626,3,1,2,80.0,5.0,0.6524824904022634,0.06331180219983346
A0643,22.6979684232862,114.178714153794,1,68.0,85.0,17.0,0.455319130705229,0.6763098057675305,0.22099067506230152,1,0.9727745105520357,2,1,2,73.0,5.0,0.5225421193350445,0.06722298862981546
A0644,22.9692050712888,114.17415507996,1,75.0,85.0,10.0,0.5562228917734123,0.6823752266032336,0.12615233482982124,1,0.9667130464273103,2,0,2,80.0,5.0,0.621348960688125,0.06512606891471262
A0645,23.0350410631997,113.856110740986,1,69.0,65.0,-4.0,0.9825309219223007,0.9784196301096912,-0.004111291812609497,0,2.509680753205919,0,4,1,65.0,-4.0,0.9784196301096912,-0.004111291812609497
A0646,23.02874532138,113.831151892824,1,67.5,65.0,-2.5,0.9455170198630252,0.9381459498511006,-0.0073710700119246075,0,0.7803933673985817,5,5,1,65.0,-2.5,0.9381459498511006,-0.0073710700119246075
A0647,23.1021459843495,113.803077113899,1,69.5,65.0,-4.5,0.956144569774032,0.9447745560410692,-0.011370013732962758,0,1.066819370625777,3,1,1,65.0,-4.5,0.9447745560410692,-0.011370013732962758
A0648,23.0230261000922,113.841660492557,1,68.0,65.0,-3.0,0.9620469369143353,0.9556828484021838,-0.006364088512151533,0,0.9629377598324252,3,6,1,65.0,-3.0,0.9556828484021838,-0.006364088512151533
A0649,22.8442148547205,114.174437866534,1,70.0,85.0,15.0,0.5481124574929142,0.7313220693021604,0.18320961180924622,1,0.49667782728601306,4,5,2,75.0,5.0,0.6136019276275788,0.06548947013466466
A0650,23.0637715622437,113.834619040379,1,68.5,65.0,-3.5,0.9771373213285122,0.9725223354233602,-0.004614985905151969,0,1.5722185771025812,1,3,1,65.0,-3.5,0.9725223354233602,-0.004614985905151969
A0651,23.0284963036582,113.848423024468,1,68.0,65.0,-3.0,0.9651972051461392,0.959339037099903,-0.0058581680462361785,0,1.7689418510966815,2,5,1,65.0,-3.0,0.959339037099903,-0.0058581680462361785
A0652,22.8448561052026,114.17280891256,1,70.0,85.0,15.0,0.5461787809707428,0.7297858752483941,0.18360709427765132,1,0.3224377014903369,4,5,2,75.0,5.0,0.611749984907699,0.06557120393695626
A0653,23.0263155095615,113.842256654806,1,67.5,65.0,-2.5,0.959470869997397,0.9538955809044536,-0.0055752890929433585,0,1.3330801808585682,3,5,1,65.0,-2.5,0.9538955809044536,-0.0055752890929433585
A0654,22.8576093516002,113.053125232022,1,70.5,73.0,2.5,0.7249159747077852,0.7509517458473142,0.02603577113952893,0,2.3082423833268195,0,1,3,69.0,-1.5,0.7085082107134053,-0.01640776399437993
A0655,22.9879600740101,113.017085872534,1,69.0,73.5,4.5,0.7035387811202776,0.751512372930178,0.04797359180990046,0,0.877261502354428,1,2,3,69.5,0.5,0.7091273737385408,0.005588592618263277
A0656,22.8485100847874,113.187029876878,1,70.5,74.5,4.0,0.7091080610439093,0.7514948882215832,0.042386827177673836,0,1.3502701249702713,1,0,3,70.0,-0.5,0.7035192525038308,-0.005588808540078483
A0657,22.884598405881,113.218275910739,0,68.0,68.0,0.0,0.7525931003935104,0.7525931003935104,0.0,0,2.6985881208802627,0,3,3,65.5,-2.5,0.7266664627807665,-0.02592663761274383
A0658,22.9138948968317,113.22408782342,0,74.0,85.0,11.0,0.5402231573620024,0.6800473874875708,0.13982423012556833,1,0.39587902077501425,5,1,3,79.0,5.0,0.6060341741190431,0.06581101675704071
A0659,22.9652963044555,113.246073168058,0,71.5,78.0,6.5,0.6837525562249669,0.7542356358362813,0.07048307961131439,0,2.508048925678322,0,0,3,72.5,1.0,0.6952876365548651,0.01153508032989825
A0660,22.8785231192173,113.055362279538,0,75.0,77.0,2.0,0.731784938211745,0.7524030635117208,0.020618125299975865,0,1.785028721203574,1,1,3,72.0,-3.0,0.6988944484779398,-0.03289048973380515
A0661,22.8785231192173,113.055362279538,0,75.0,77.0,2.0,0.731784938211745,0.7524030635117208,0.020618125299975865,0,1.785028721203574,1,1,3,72.0,-3.0,0.6988944484779398,-0.03289048973380515
A0662,22.709901727628,113.168230689167,1,75.0,66.5,-8.5,0.8271503637018432,0.7516686175877103,-0.07548174611413294,0,1.0483434651277306,1,2,3,70.0,-5.0,0.7851835024814925,-0.04196686122035076
A0663,23.0097420550132,113.085522754975,0,65.5,85.0,19.5,0.47623928995623577,0.7222534262228744,0.2460141362666386,1,0.34635644164006785,5,3,3,70.5,5.0,0.5434691496962714,0.06722985974003559
A0664,22.803630662197,113.252398406643,1,72.5,78.0,5.5,0.6921573035922438,0.7514944382926525,0.05933713470040869,0,2.1791081056864527,0,0,3,72.5,0.0,0.6921573035922438,0.0
A0665,22.7203633425375,113.155094249377,1,75.0,67.0,-8.0,0.8258696893604991,0.7550154813188977,-0.07085420804160136,0,0.848935210582956,1,2,3,70.0,-5.0,0.7836732090187204,-0.0421964803417787
A0666,22.8572715949298,113.267790531992,1,68.0,66.5,-1.5,0.7667726481780078,0.7520074004474089,-0.014765247730598952,0,0.8980342596692895,2,6,3,65.0,-3.0,0.7366284620038228,-0.030144186174185017
A0667,22.7678996653103,113.292417323319,1,70.0,70.0,0.0,0.7545872283050108,0.7545872283050108,0.0,0,0.6056429019339774,1,1,3,66.5,-3.5,0.7180131619944552,-0.0365740663105556
A0668,22.8469006321086,113.27797488925,1,68.0,73.0,5.0,0.7013777278379636,0.7545999970122225,0.053222269174258874,0,0.7138226222200111,4,5,3,69.0,1.0,0.7125402070679495,0.011162479229985922
A0669,22.9095333434673,113.180925088087,1,70.0,81.0,11.0,0.6265396468145226,0.7521568380186435,0.12561719120412096,0,1.4077039895246322,2,0,3,74.5,4.5,0.6813294685379324,0.05478982172340985
A0670,22.9301721211053,113.218367086951,1,72.5,85.0,12.5,0.4883386822840296,0.6517916925719386,0.16345301028790898,1,1.2204166146255944,3,1,3,77.5,5.0,0.5554651498400188,0.06712646755598922
A0671,22.8663634695488,113.138382886031,1,70.0,77.0,7.0,0.6736586366167931,0.7506315044189166,0.07697286780212342,0,0.47345164955561525,1,1,3,72.0,2.0,0.6968942677268315,0.023235631110038346
A0672,22.8573761736994,113.053481894344,0,70.5,73.0,2.5,0.7248129980177995,0.7508551658344134,0.026042167816613837,0,2.296714203470138,0,1,3,69.0,-1.5,0.7084015625401473,-0.016411435477652225
A0673,22.8225054564589,113.241833078018,1,70.0,74.0,4.0,0.7120685398614784,0.7541735327667519,0.042104992905273475,0,0.2311016901610605,1,1,3,69.5,-0.5,0.7065130689496822,-0.005555470911796201
A0674,22.8821412994344,113.217936898324,0,68.5,68.0,-0.5,0.7598173736844062,0.7548660304849589,-0.0049513431994472334,0,2.971980208267078,0,3,3,65.0,-3.5,0.7237373940418199,-0.036079979642586246
A0675,23.038668502773,113.2034172001,1,70.0,80.5,10.5,0.6322318925692786,0.7516830970829577,0.11945120451367908,0,0.8900744488555662,3,3,3,74.5,4.5,0.6866043315078355,0.05437243893855692
A0676,22.8527143126952,113.256555405219,1,67.5,70.0,2.5,0.7286553122415598,0.7544570457675033,0.025801733525943504,0,0.8408579053709156,3,6,3,66.5,-1.0,0.7178708320765297,-0.010784480165030086
A0677,23.1282410171152,113.013931250855,1,71.0,71.0,0.0,0.7539100136028064,0.7539100136028064,0.0,0,0.4753463732569479,1,3,3,67.5,-3.5,0.7172728361213232,-0.03663717748148321
A0678,23.1010323160045,113.211687200944,1,67.0,71.5,4.5,0.7059070270777639,0.7536315891655994,0.04772456208783549,0,0.9098602875543677,2,2,0,68.0,1.0,0.7169685221163958,0.011061495038631963
A0679,22.8057463245352,113.275591790733,1,72.0,73.5,1.5,0.739662595014038,0.7549233074830312,0.015260712468993187,0,2.183371851890372,0,1,3,69.0,-3.0,0.707351801597115,-0.032310793416923
A0680,23.1463183060349,113.105092598317,1,68.0,78.0,10.0,0.6403781895989298,0.7532215178160812,0.11284332821715137,0,0.6259509739632787,3,4,3,72.5,4.5,0.6941289203353114,0.05375073073638159
A0681,22.8413902401261,113.263175388622,1,66.0,72.0,6.0,0.6889019366812676,0.7536747573427028,0.0647728206614352,0,0.7336940931733754,5,8,3,68.0,2.0,0.7115170127764162,0.022615076095148567
A0682,22.8479968450011,113.26544497456,1,66.5,73.0,6.5,0.6804397742785656,0.7513927328744765,0.07095295859591089,0,0.24622373043388288,5,7,3,69.0,2.5,0.7089952286543579,0.028555454375792322
A0683,22.8225054564589,113.241833078018,1,70.0,74.0,4.0,0.7120685398614784,0.7541735327667519,0.042104992905273475,0,0.2311016901610605,1,1,3,69.5,-0.5,0.7065130689496822,-0.005555470911796201
A0684,22.8413377965285,113.252832115729,1,66.5,72.5,6.0,0.6895343520773337,0.7542224760937043,0.06468812401637059,0,0.6556402729751095,4,5,3,68.5,2.0,0.7121226662818232,0.02258831420448948
A0685,22.8178291155714,113.728878210665,1,72.0,65.0,-7.0,0.9224068397620773,0.8907381782783536,-0.031668661483723715,0,0.8660563959984767,8,4,1,67.0,-5.0,0.9007938083185957,-0.02161303144348159
A0686,22.9133457843452,113.625675911473,1,75.0,65.0,-10.0,0.966694161342508,0.9442380811028624,-0.022456080239645515,0,0.42518633651771287,2,1,1,70.0,-5.0,0.9568398454784945,-0.009854315864013419
A0687,23.1042585145758,113.864423907207,1,72.0,65.0,-7.0,0.9665755509434439,0.95199562195268,-0.01457992899076399,0,0.3529032899680649,3,1,1,67.0,-5.0,0.9566877137586485,-0.009887837184795467
A0688,23.2543432887861,113.14167326952,1,72.5,72.5,0.0,0.7504639877939548,0.7504639877939548,0.0,0,1.6785441885163668,1,0,0,69.0,-3.5,0.7135087326242812,-0.036955255169673684
A0689,22.8046147160884,113.738957680873,1,72.0,65.0,-7.0,0.9249321414934044,0.8941759051183233,-0.03075623637508107,0,0.22917387753034718,10,4,1,67.0,-5.0,0.9039492692031099,-0.020982872290294496
A0690,23.2297821786792,113.08571823344,1,75.0,65.0,-10.0,0.8382562719353531,0.7514663938275039,-0.08678987810784922,0,0.2737339844110688,1,2,0,70.0,-5.0,0.7983284247754607,-0.03992784715989239
A0691,23.1282410171152,113.013931250855,1,75.0,71.0,-4.0,0.7916863914708071,0.7539100136028064,-0.0377763778680007,0,0.4753463732569479,1,3,3,70.0,-5.0,0.7437763175782182,-0.047910073892588945
A0692,23.1507239282908,113.106826651341,1,68.0,66.5,-1.5,0.7673057248282887,0.7525633348077015,-0.014742390020587193,0,0.6491894945701615,3,4,0,65.0,-3.0,0.7372068242385756,-0.030098900589713096
A0693,23.0401469705316,113.107472443172,0,65.5,83.0,17.5,0.5448284425247498,0.7545087512670741,0.20968030874232424,0,0.4009381062876772,9,10,3,70.5,5.0,0.6104555994469377,0.0656271569221879
A0694,23.0350962096639,113.215226958534,1,68.0,83.0,15.0,0.5757290103296081,0.7527918642677376,0.17706285393812948,0,1.226033495385342,4,3,3,73.0,5.0,0.639846010655736,0.06411700032612788
A0695,23.0671216566109,113.711024992321,1,72.0,65.0,-7.0,0.967632173996219,0.9534909723025088,-0.014141201693710248,0,0.7828787025425036,2,1,1,67.0,-5.0,0.958043345694101,-0.009588828302118046
A0696,22.9689426342209,113.985753238143,1,68.0,65.0,-3.0,0.9028630697414405,0.887732952173419,-0.015130117568021517,0,0.7262925843295939,5,0,1,65.0,-3.0,0.887732952173419,-0.015130117568021517
A0697,22.8249515950992,114.147304677072,1,75.0,85.0,10.0,0.513465142714751,0.643992639525177,0.13052749681042608,1,1.2723197155442951,3,0,2,80.0,5.0,0.5801294317473709,0.0666642890326199
A0698,23.0298667434828,113.806949257104,1,66.0,65.0,-1.0,0.9528759696255586,0.950396385838846,-0.002479583786712647,0,0.9990735179254795,6,3,1,65.0,-1.0,0.950396385838846,-0.002479583786712647
A0699,23.0639742531614,113.107355157709,0,66.5,85.0,18.5,0.4603741861365032,0.6980562378998517,0.2376820517633485,1,0.46603573206795235,5,1,3,71.5,5.0,0.527620550909073,0.06724636477256979
A0700,22.9246374356847,113.663224470031,1,72.0,65.0,-7.0,0.9418987957529933,0.9174737721452024,-0.024425023607790863,0,0.5311935121718758,7,2,1,67.0,-5.0,0.9252752774858289,-0.01662351826716435
A0701,22.9443423605056,113.677128266642,1,65.5,65.0,-0.5,0.8815738506742853,0.8787319063692483,-0.0028419443050370363,0,0.42260450505318126,8,3,1,65.0,-0.5,0.8787319063692483,-0.0028419443050370363
A0702,22.8444321776728,114.174983888962,1,75.0,85.0,10.0,0.6139602763638962,0.7316189948869433,0.1176587185230471,1,0.5304286336946246,4,5,2,78.5,3.5,0.657594271324805,0.043633994960908806
A0703,22.7810824907836,114.057401414561,1,69.0,85.0,16.0,0.5239143467307247,0.722703176903714,0.19878883017298932,1,1.4028484367467222,2,2,2,74.0,5.0,0.5902893291523067,0.06637498242158202
A0704,22.9178973547884,114.014809217311,1,75.0,65.0,-10.0,0.9227831234042748,0.8745622550946591,-0.048220868309615694,0,0.40255436864432176,6,1,1,70.0,-5.0,0.9012636839318784,-0.02151943947239643
A0705,23.0824818204854,113.87562020652,1,68.5,65.0,-3.5,0.9769964308616035,0.9723538099108159,-0.0046426209507876015,0,1.4079428854103075,1,2,1,65.0,-3.5,0.9723538099108159,-0.0046426209507876015
A0706,22.7884983701101,114.109162080758,1,75.0,85.0,10.0,0.594959940911823,0.7157283492959828,0.12076840838415981,1,1.298486338934218,2,1,2,79.5,4.5,0.6518080334367392,0.05684809252491618
A0707,23.1090441157491,113.824963965626,1,72.0,65.0,-7.0,0.9543122230988428,0.9347441093749403,-0.019568113723902436,0,0.9187419638750041,6,2,1,67.0,-5.0,0.9410179442429796,-0.013294278855863206
A0708,22.8886494830168,113.668795077192,1,75.0,65.0,-10.0,0.9752702355038588,0.9583473279163166,-0.016922907587542224,0,1.0197795886121714,1,1,1,70.0,-5.0,0.967869013704077,-0.007401221799781865
A0709,22.8231151648424,113.682687043119,1,65.5,65.0,-0.5,0.8940013691966107,0.8914209240117458,-0.002580445184864888,0,0.11319697551417549,9,4,1,65.0,-0.5,0.8914209240117458,-0.002580445184864888
A0710,23.0214706869108,113.976730290197,1,72.0,65.0,-7.0,0.9479263027379897,0.9258356517322125,-0.02209065100577723,0,0.795316282033043,2,0,1,67.0,-5.0,0.9329044863882296,-0.015021816349760075
A0711,22.8415806472933,113.983753398078,1,75.0,84.0,9.0,0.6548179626629327,0.7549633509910532,0.10014538832812048,0,2.3657306302661483,0,0,2,76.5,1.5,0.6728524341636634,0.018034471500730676
A0712,22.8019369732641,113.721548430265,1,72.0,65.0,-7.0,0.9144230052381651,0.879920038504016,-0.0345029667341491,0,0.030443623695589377,6,2,1,67.0,-5.0,0.8908492853008259,-0.023573719937339255
A0713,23.0999697184324,113.660367638426,1,68.0,65.0,-3.0,0.9782317445025914,0.9745096674020131,-0.0037220771005783693,0,2.9928219592725123,0,2,1,65.0,-3.0,0.9745096674020131,-0.0037220771005783693
A0714,22.8206529271952,113.67932364446,1,66.0,65.0,-1.0,0.9019982152635132,0.8971305443137034,-0.004867670949809777,0,0.37155736127906835,8,4,1,65.0,-1.0,0.8971305443137034,-0.004867670949809777
A0715,23.000784269834,113.950923237718,1,72.0,65.0,-7.0,0.9466944418776406,0.9241230420336388,-0.022571399844001805,0,1.084559415684941,5,1,1,67.0,-5.0,0.9313430059256076,-0.015351435952033032
A0716,22.7439453430623,114.143999862305,1,75.0,85.0,10.0,0.48466214562163784,0.6171553829554016,0.13249323733376378,1,0.4224385417149233,4,1,2,80.0,5.0,0.5518282864515633,0.0671661408299255
A0717,22.8387027978275,113.706687858337,1,72.0,65.0,-7.0,0.911876027178708,0.8764848755731044,-0.03539115160560358,0,0.7739425119056182,5,1,1,67.0,-5.0,0.8876868710772512,-0.024189156101456777
A0718,22.7022856763495,114.17366808878,1,75.0,85.0,10.0,0.5093567022740987,0.6402140891670007,0.13085738689290205,1,0.44913510082151004,3,1,2,80.0,5.0,0.5761192062256381,0.06676250395153938
A0719,22.8291522954934,113.734764672822,1,72.0,65.0,-7.0,0.9448170328145348,0.921516577831115,-0.023300454983419816,0,0.4481346980022917,2,2,1,67.0,-5.0,0.9289654920062922,-0.01585154080824258
A0720,23.0250614847676,114.103597283837,1,75.0,65.0,-10.0,0.958851436015685,0.9314822835523973,-0.02736915246328775,0,1.3437332972812641,2,0,1,70.0,-5.0,0.9468043563086112,-0.01204707970707386
A0721,22.7482989235827,114.139154251471,1,75.0,85.0,10.0,0.47015839452676633,0.6033286183359622,0.13317022380919585,1,0.5747879102097616,4,1,2,80.0,5.0,0.5374106261004928,0.0672522315737265
A0722,22.8766088620577,113.675043962504,1,75.0,65.0,-10.0,0.9613317689864408,0.9355013882971281,-0.02583038068931265,0,0.7364788956993014,1,1,1,70.0,-5.0,0.9499729702220044,-0.01135879876443635
A0723,22.7359118422042,114.275790353461,1,65.5,85.0,19.5,0.34868018261877726,0.6049027584678968,0.2562225758491195,1,0.05065895534795572,11,4,2,70.5,5.0,0.412070031364778,0.06338984874600073
A0724,23.0824818204854,113.87562020652,1,68.5,65.0,-3.5,0.9769964308616035,0.9723538099108159,-0.0046426209507876015,0,1.4079428854103075,1,2,1,65.0,-3.5,0.9723538099108159,-0.0046426209507876015
A0725,22.9654733746607,114.154279241422,1,75.0,85.0,10.0,0.5891706882024299,0.710826269029338,0.12165558082690808,1,0.45127417903911626,3,1,2,80.0,5.0,0.6524824904022634,0.06331180219983346
A0726,22.8358629451655,114.112857784184,1,75.0,85.0,10.0,0.5548628905152206,0.6811802342118252,0.12631734369660452,1,0.47556184660575856,3,1,2,80.0,5.0,0.6200522110125881,0.06518932049736748
A0727,22.9456590628681,113.950584289981,1,72.0,65.0,-7.0,0.9669353275921645,0.9525046236454902,-0.01443070394667434,0,1.185827856320092,2,2,1,67.0,-5.0,0.9571492034855714,-0.009786124106593075
A0728,23.0056171711805,113.938165520835,1,72.0,65.0,-7.0,0.9519313602402127,0.9314168051603736,-0.020514555079839125,0,0.3789082131234816,5,1,1,67.0,-5.0,0.9379893121885838,-0.013942048051628908
A0729,22.8889808795302,113.22103719857,0,69.5,68.5,-1.0,0.7630428760010666,0.7531621278799953,-0.009880748121071314,0,2.165320757071458,0,3,3,65.5,-4.0,0.7218968338006854,-0.041146042200381205
A0730,22.766760474344,113.262949835787,1,72.5,77.5,5.0,0.6988613535670902,0.7523737660268482,0.05351241245975802,0,0.6937045046050102,2,0,3,72.0,-0.5,0.6931608648876794,-0.0057004886794108645
A0731,22.8847994536314,113.258954240253,1,73.0,77.0,4.0,0.7106691566934932,0.7529077753493806,0.042238618655887405,0,3.551504707559762,0,0,3,72.0,-1.0,0.6994646665608196,-0.01120449013267355
A0732,22.8442556528527,113.258879341336,1,66.0,72.5,6.5,0.6798101888091085,0.7508517514847929,0.0710415626756844,0,0.7831639255569363,5,7,3,68.5,2.5,0.7083977923409533,0.028587603531844863
A0733,22.9511921373438,113.267032816684,1,75.0,85.0,10.0,0.4698261737719278,0.6030093922002775,0.13318321842834968,1,0.8301358980419564,4,0,3,80.0,5.0,0.5370790544712348,0.06725288069930702
A0734,22.7112985335732,113.161417171232,0,75.0,67.0,-8.0,0.8227376028160817,0.7509931978299915,-0.07174440498609014,0,0.366078087757139,1,2,3,70.0,-5.0,0.7799843316445373,-0.04275327117154437
A0735,23.2044587942103,113.163389144961,1,75.0,67.5,-7.5,0.8180515450374612,0.7500830358441813,-0.0679685091932799,0,0.7953700751774894,1,1,0,70.0,-5.0,0.7744778655173201,-0.04357367952014113
A0736,22.7836039192068,113.291565936306,1,72.0,67.5,-4.5,0.7959428112898346,0.7537361803985194,-0.042206630891315156,0,1.1612197553589245,1,1,3,67.0,-5.0,0.7487009361051541,-0.04724187518468048
A0737,23.2604804048825,113.023625339017,1,75.0,68.0,-7.0,0.8157483266731227,0.7522408908002208,-0.06350743587290186,0,0.4515685707921771,1,1,0,70.0,-5.0,0.7717769467274727,-0.043971379945650035
A0738,22.9870641976251,113.768942907685,1,68.0,65.0,-3.0,0.9625559543753976,0.9562733400383248,-0.006282614337072889,0,1.1260998484412774,3,2,1,65.0,-3.0,0.9562733400383248,-0.006282614337072889
A0739,23.0955424458077,113.184764535666,1,85.0,73.0,-12.0,0.8525360633325252,0.7517555223795513,-0.10078054095297384,0,0.6433036175339739,5,4,0,80.0,-5.0,0.8153568333004527,-0.03717923003207246
A0740,23.1035079563968,113.183697797873,1,80.0,73.0,-7.0,0.8150657695858305,0.7513947693915023,-0.06367100019432825,0,0.26877091073913734,6,5,0,75.0,-5.0,0.7709772304261836,-0.044088539159646944
A0741,22.8206529271952,113.67932364446,1,66.0,65.0,-1.0,0.9019982152635132,0.8971305443137034,-0.004867670949809777,0,0.37155736127906835,8,4,1,65.0,-1.0,0.8971305443137034,-0.004867670949809777
A0742,22.9896558558926,113.88973869186,1,85.0,65.0,-20.0,0.9842016730079812,0.9549636008883381,-0.029238072119643133,0,0.6067221271126485,3,1,1,80.0,-5.0,0.9794170731665222,-0.00478459984145907
A0743,22.9413278534327,113.676795108485,1,72.0,65.0,-7.0,0.9253864254320255,0.8947951442778199,-0.03059128115420562,0,0.4599761776896757,6,3,1,67.0,-5.0,0.904517425523985,-0.020868999908040586
A0744,22.833992257428,114.096809684656,1,72.0,85.0,13.0,0.4950247194091136,0.6638768829187388,0.16885216350962523,1,1.0414896075638613,4,1,2,77.0,5.0,0.5620606587987271,0.06703593938961355
A0745,23.221138677572,112.92484586407,1,75.0,76.5,1.5,0.737608575886612,0.7529494772296796,0.015340901343067648,0,4.158061590000454,0,0,3,71.5,-3.5,0.6995117882985842,-0.038096787588027814
A0746,23.024293694452,113.791300864956,1,66.5,65.0,-1.5,0.9432910286338942,0.938809066457033,-0.004481962176861254,0,1.3961252804035647,8,2,1,65.0,-1.5,0.938809066457033,-0.004481962176861254
A0747,22.8206529271952,113.67932364446,1,66.0,65.0,-1.0,0.9019982152635132,0.8971305443137034,-0.004867670949809777,0,0.37155736127906835,8,4,1,65.0,-1.0,0.8971305443137034,-0.004867670949809777
A0748,23.0962141788758,113.657281174779,1,68.0,65.0,-3.0,0.9786388143374491,0.974984560763869,-0.0036542535735801795,0,3.4235775136963236,0,2,1,65.0,-3.0,0.974984560763869,-0.0036542535735801795
A0749,22.9704957404223,113.919336448962,1,85.0,65.0,-20.0,0.9622457323656507,0.8966409589489082,-0.06560477341674253,0,1.14435519674733,7,0,1,80.0,-5.0,0.9511417655515785,-0.01110396681407222
A0750,23.0294146213547,113.995516745558,1,85.0,65.0,-20.0,0.9697150915844189,0.9159560267681044,-0.05375906481631454,0,0.36292297132353607,3,0,1,80.0,-5.0,0.9607182687899045,-0.008996822794514414
A0751,23.1175980334657,113.88363678999,1,85.0,65.0,-20.0,0.9831172649510805,0.9519702106932336,-0.031147054257846918,0,0.7826352354503541,2,0,1,80.0,-5.0,0.9780115841916834,-0.005105680759397102
A0752,22.8184991007943,113.806716820553,1,65.0,65.0,0.0,0.9006734219026119,0.9006734219026119,0.0,0,0.9231269178523503,9,4,1,65.0,0.0,0.9006734219026119,0.0
A0753,22.9629450030037,113.678640867595,1,66.5,65.0,-1.5,0.8153135340748193,0.8028311249046985,-0.012482409170120778,0,0.07215334793829918,7,0,1,65.0,-1.5,0.8028311249046985,-0.012482409170120778
A0754,23.0635445240355,113.771058201567,1,65.5,65.0,-0.5,0.9276220190794479,0.9257921016502305,-0.0018299174292173426,0,0.3592423201105485,10,3,1,65.0,-0.5,0.9257921016502305,-0.0018299174292173426
A0755,22.8002965692193,113.747257394969,1,72.0,65.0,-7.0,0.9156751407195544,0.8816116503893543,-0.034063490330200064,0,0.4975532742533353,9,2,1,67.0,-5.0,0.892405759103009,-0.023269381616545348
A0756,23.0781565993019,113.874114264706,1,67.5,65.0,-2.5,0.9678789491970722,0.9634161950701089,-0.0044627541269632864,0,1.0026597604480871,2,2,1,65.0,-2.5,0.9634161950701089,-0.0044627541269632864
A0757,23.0598321533773,113.587232366643,1,75.0,65.0,-10.0,0.9547475106776633,0.9248626135923066,-0.029884897085356688,0,0.6772990088053549,1,0,1,70.0,-5.0,0.9415721374744298,-0.013175373203233476
A0758,23.1270333724732,113.012003662401,1,72.0,71.0,-1.0,0.763745096546534,0.7538841853305991,-0.009860911215934909,0,0.4722382957805584,1,3,3,67.5,-4.5,0.7172446047739146,-0.04650049177261939
A0759,23.0423525405033,113.73183708259,1,67.0,65.0,-2.0,0.9351053642747831,0.9282505693822998,-0.006854794892483307,0,0.16521388903437567,7,2,1,65.0,-2.0,0.9282505693822998,-0.006854794892483307
A0760,22.8086981089585,114.100226422955,1,85.0,85.0,0.0,0.6887929056257093,0.6887929056257093,0.0,1,0.7597126575496087,3,1,2,81.0,-4.0,0.6408228072659251,-0.047970098359784163
A0761,23.1050098142636,113.81981570219,1,72.0,65.0,-7.0,0.9675804745443972,0.9534177731900099,-0.014162701354387353,0,1.609610141054917,4,2,1,67.0,-5.0,0.9579769956461087,-0.009603478898288498
A0762,23.0546665424943,113.741403919488,1,66.0,65.0,-1.0,0.9519315593676201,0.9494049209424195,-0.0025266384252006224,0,0.3036053951609721,6,5,1,65.0,-1.0,0.9494049209424195,-0.0025266384252006224
A0763,23.0571480063294,113.663448043001,1,72.0,65.0,-7.0,0.9730974806866105,0.9612483966253451,-0.011849084061265391,0,1.1276462257923314,1,1,1,67.0,-5.0,0.9650692786144164,-0.008028202072194124
A0764,23.0422956723757,113.807775788003,1,66.0,65.0,-1.0,0.9567834353685422,0.9544996378666372,-0.002283797501904994,0,1.1489057482470566,6,4,1,65.0,-1.0,0.9544996378666372,-0.002283797501904994
A0765,23.0037161609897,113.881268016751,1,85.0,65.0,-20.0,0.9846037180659049,0.9560765068370772,-0.02852721122882762,0,1.191379381782765,3,1,1,80.0,-5.0,0.9799383975802556,-0.004665320485649271
A0766,23.0087768345489,113.738185622321,1,72.0,65.0,-7.0,0.9559107971960478,0.9369821419995059,-0.018928655196541855,0,0.5039576068021023,4,1,1,67.0,-5.0,0.9430539162676659,-0.012856880928381886
A0767,22.9381595638576,113.887040884362,1,70.0,65.0,-5.0,0.9727299212281236,0.9645960234105766,-0.008133897817547031,0,1.8508678296050158,1,1,1,65.0,-5.0,0.9645960234105766,-0.008133897817547031
A0768,23.050802973719,113.715671602434,1,72.0,65.0,-7.0,0.9654195431820469,0.9503612534825486,-0.015058289699498295,0,1.2251107120872269,3,3,1,67.0,-5.0,0.9552055767067168,-0.010213966475330127
A0769,23.0832246049506,113.728526388413,1,66.5,65.0,-1.5,0.9450943114172882,0.9407459180224222,-0.004348393394865924,0,0.9661105231028382,2,0,1,65.0,-1.5,0.9407459180224222,-0.004348393394865924
A0770,23.0543426926731,113.754890746037,1,65.5,65.0,-0.5,0.9394803556819833,0.9379301888505649,-0.001550166831418398,0,0.36728260022986026,11,7,1,65.0,-0.5,0.9379301888505649,-0.001550166831418398
A0771,22.9166930484938,114.024871476885,1,72.0,65.0,-7.0,0.9167746049540288,0.8830985479315266,-0.033676057022502204,0,0.8655400791453536,5,1,1,67.0,-5.0,0.8937734229562565,-0.023001181997772346
A0772,23.0260996458756,113.746607957814,1,66.5,65.0,-1.5,0.9211047606403715,0.9150272744617304,-0.006077486178641123,0,0.29984255068303345,5,0,1,65.0,-1.5,0.9150272744617304,-0.006077486178641123
A0773,23.0732836216131,114.023446723923,1,85.0,65.0,-20.0,0.96515504292186,0.9041018860218358,-0.06105315690002422,0,0.7906136407259482,3,0,1,80.0,-5.0,0.954866603831467,-0.010288439090393009
A0774,23.0863688268226,113.950534371144,1,72.0,65.0,-7.0,0.975227064791082,0.9642815168018533,-0.010945547989228754,0,1.3345359787483821,1,1,1,67.0,-5.0,0.9678133490956765,-0.007413715695405498
A0775,23.138716748176,113.111198007171,1,85.0,73.5,-11.5,0.8482853720957645,0.7505455777962863,-0.09773979429947821,0,0.8633876987137086,2,5,3,80.0,-5.0,0.8102729410913336,-0.03801243100443086
A0776,22.9880788465572,114.02085788919,1,66.0,65.0,-1.0,0.8886029328959819,0.8831561154237854,-0.005446817472196552,0,0.060706587446660576,6,0,1,65.0,-1.0,0.8831561154237854,-0.005446817472196552
A0777,23.0432640719596,112.92608125962,1,85.0,77.5,-7.5,0.8206566862147604,0.753367951759047,-0.06728873445571337,0,1.2909386754119707,1,2,3,80.0,-5.0,0.7775372337134778,-0.043119452501282574
A0778,23.061022998073,112.922148208607,1,80.0,78.0,-2.0,0.7731075365939996,0.753649023438937,-0.01945851315506253,0,0.7231740069938554,1,2,3,75.0,-5.0,0.722422672056971,-0.050684864537028584
A0779,22.9408117474556,113.945322628052,1,72.0,65.0,-7.0,0.9622527188878357,0.9458927018984808,-0.016360016989354853,0,1.0475877567595617,3,2,1,67.0,-5.0,0.95115070257606,-0.011102016311775653
A0780,22.9958708444062,113.762143365587,1,72.0,65.0,-7.0,0.9744626478046572,0.9631921012115137,-0.011270546593143527,0,1.7512352802984499,2,3,1,67.0,-5.0,0.966827948883082,-0.0076346989215752
A0781,22.9133414171648,113.84836931568,1,72.0,65.0,-7.0,0.959289122849017,0.9417224472016135,-0.01756667564740355,0,0.24734295649220386,3,1,1,67.0,-5.0,0.9473631504379433,-0.011925972411073738
A0782,22.9733332699073,113.730314028056,1,67.5,65.0,-2.5,0.9566436287799316,0.9506994013156963,-0.0059442274642352855,0,0.6215407739972214,3,2,1,65.0,-2.5,0.9506994013156963,-0.0059442274642352855
A0783,23.1127608293168,112.929911359432,1,70.0,72.0,2.0,0.7309574192959877,0.7516175658850811,0.02066014658909343,0,3.5909025577114524,0,1,3,68.5,-1.5,0.714768218989226,-0.01618920030676163
A0784,23.1235871810544,113.164835494985,1,68.0,69.5,1.5,0.7367018733136264,0.7520779678197026,0.015376094506076243,0,0.8830709494435587,2,2,0,66.5,-1.5,0.7207262701616859,-0.015975603151940465
A0785,23.0591386340413,113.743130759118,1,66.0,65.0,-1.0,0.9497060535128198,0.9470689395784827,-0.0026371139343370764,0,0.3611860940358265,5,4,1,65.0,-1.0,0.9470689395784827,-0.0026371139343370764
A0786,23.0681283794355,113.025536318701,1,80.0,72.5,-7.5,0.8192150611110329,0.7515491886439801,-0.0676658724670528,0,2.981173963800401,0,1,3,75.0,-5.0,0.775843672985888,-0.04337138812514496
A0787,23.0972442086687,113.752357670924,1,71.0,65.0,-6.0,0.9709654374102799,0.960322563777754,-0.010642873632525807,0,2.013124316652146,0,0,1,66.0,-5.0,0.9623256274116174,-0.008639809998662429
A0788,23.1988536579718,113.185160535684,1,85.0,69.0,-16.0,0.8776927643526001,0.751864421363228,-0.12582834298937218,0,1.8441800301976565,1,1,0,80.0,-5.0,0.8457082635200979,-0.03198450083250226
A0789,23.0934829483957,113.182621538042,1,85.0,85.0,0.0,0.7299380840945634,0.7299380840945634,0.0,1,0.915671573441399,6,3,3,80.0,-5.0,0.673680129904911,-0.056257954189652404
A0790,23.2319069152492,113.089087363288,1,85.0,65.0,-20.0,0.8985898528663222,0.7509955504635963,-0.14759430240272586,0,0.2174827514085888,1,2,0,80.0,-5.0,0.8712686172488562,-0.027321235617466022
A0791,23.0627911897857,113.062378415671,0,85.0,76.0,-9.0,0.8309611902776866,0.7516587635653617,-0.0793024267123249,0,0.8363988197839048,2,4,3,80.0,-5.0,0.7896843170327315,-0.0412768732449551
A0792,23.062334149945,113.105684107343,1,66.5,85.0,18.5,0.5276844592012481,0.7517087417510275,0.22402428254977946,0,0.6657285847227215,5,3,3,71.5,5.0,0.5939412019079501,0.06625674270670201
A0793,23.1097103215366,113.180840492262,1,85.0,73.0,-12.0,0.8523283750998664,0.7514472765346643,-0.10088109856520211,0,0.7604525159091113,7,6,0,80.0,-5.0,0.8151081379939099,-0.037220237105956455
A0794,23.2292311126214,113.082718812903,1,85.0,65.0,-20.0,0.9000831402746269,0.7540673765433867,-0.14601576373124014,0,0.5857656919263946,1,2,0,80.0,-5.0,0.8731074044358317,-0.0269757358387952
A0795,23.1150190928058,112.930563684639,1,70.0,72.0,2.0,0.7322310410152275,0.7528264566296958,0.020595415614468315,0,3.73571445667253,0,1,3,68.0,-2.0,0.7105792806692802,-0.02165176034594729
A0796,23.1152677456473,113.116939915803,1,85.0,79.5,-5.5,0.805193284137414,0.754489236964039,-0.050704047173374955,0,1.0946529431184326,3,4,3,80.0,-5.0,0.7594457655312286,-0.04574751860618542
A0797,22.8025686356877,113.287397853538,1,85.0,73.0,-12.0,0.8513569257147068,0.750006836448028,-0.10135008926667877,0,2.19558217492883,0,1,3,80.0,-5.0,0.8139452859537084,-0.03741163976099837
A0798,23.0600749433877,112.921689887746,1,85.0,76.0,-9.0,0.8319262325360557,0.7529419371551624,-0.07898429538089324,0,0.6282711441608392,1,3,3,80.0,-5.0,0.7908256898200203,-0.04110054271603536
A0799,23.1502912237444,113.109264614765,1,67.5,66.5,-1.0,0.7609723939234246,0.7510334796654184,-0.009938914258006193,0,0.466139086338973,3,4,0,65.0,-2.5,0.735615378475342,-0.025357015448082665
A0800,23.110656485148,113.130968681083,1,85.0,82.5,-2.5,0.7768645496839675,0.752645434175321,-0.024219115508646416,0,0.4302070648461737,4,3,3,80.0,-5.0,0.7267222893942047,-0.05014226028976276
A0801,23.0650595011001,113.057277936699,1,72.0,75.5,3.5,0.7159212210281464,0.7526731533645418,0.0367519323363954,0,0.28775658019261563,1,3,3,70.5,-1.5,0.6991995725646281,-0.016721648463518313
A0802,22.9359515728405,113.899085229213,1,80.0,65.0,-15.0,0.9862566688988651,0.969677381429392,-0.016579287469473125,0,2.411421792489038,0,1,1,75.0,-5.0,0.9820831046659506,-0.004173564232914484
A0803,23.1145839344212,113.861314181041,1,72.0,65.0,-7.0,0.9661369842635439,0.9513753738833529,-0.01476161038019097,0,0.05172377859197771,3,1,1,67.0,-5.0,0.9561252965696517,-0.010011687693892157
A0804,22.9067297737592,113.847587430565,1,72.0,65.0,-7.0,0.9541754949143502,0.9345528365186558,-0.019622658395694326,0,0.7354761552196453,4,1,1,67.0,-5.0,0.9408438969634666,-0.013331597950883567
A0805,22.909766201816,114.074039829211,1,80.0,85.0,5.0,0.5462672809471552,0.6118347854860361,0.06556750453888094,1,1.4249829436542203,2,0,2,85.0,5.0,0.6118347854860361,0.06556750453888094
A0806,23.1146532512226,113.836965417065,1,72.0,65.0,-7.0,0.9490887989778019,0.9274535590962433,-0.021635239881558577,0,0.38885932701429743,5,1,1,67.0,-5.0,0.9343791158270202,-0.014709683150781694
A0807,23.0390982506854,113.773177736349,1,65.5,65.0,-0.5,0.9045836576376929,0.9022326563580464,-0.002351001279646492,0,0.323303551365816,13,2,1,65.0,-0.5,0.9022326563580464,-0.002351001279646492
A0808,22.8467040067956,114.159286453825,1,85.0,83.0,-2.0,0.7725612233008914,0.7530708223555421,-0.019490400945349262,0,0.4431014653852746,3,7,2,80.0,-5.0,0.7217982351005787,-0.050762988200312664
A0809,23.1152677456473,113.116939915803,1,85.0,79.5,-5.5,0.805193284137414,0.754489236964039,-0.050704047173374955,0,1.0946529431184326,3,4,3,80.0,-5.0,0.7594457655312286,-0.04574751860618542
A0810,22.8640296541497,113.139840112737,1,72.0,77.5,5.5,0.6940740972985887,0.7531735200343386,0.05909942273574986,0,0.17614414841226522,1,1,3,72.0,0.0,0.6940740972985887,0.0
A0811,22.9662958675475,113.090602899005,0,72.0,83.0,11.0,0.627386252157281,0.752831018149835,0.12544476599255394,0,0.22226845849807714,6,6,3,76.0,4.0,0.6762442482646328,0.04885799610735175
A0812,22.964117958076,113.089718547773,0,72.0,83.0,11.0,0.6264909658498603,0.7521180531063534,0.12562708725649308,0,0.13680468486714092,6,6,3,76.0,4.0,0.6754056182209882,0.04891465237112791
A0813,22.9588149646884,113.08996379955,0,72.0,84.0,12.0,0.6151722474037329,0.7531979021802738,0.13802565477654094,0,0.6195041765608214,8,7,3,76.5,4.5,0.6707533901125142,0.05558114270878134
A0814,22.8896740066287,113.081987000235,0,74.0,85.0,11.0,0.5577731869631994,0.6952708272989236,0.1374976403357242,1,0.7866972425040161,4,0,3,79.0,5.0,0.6228260194431878,0.06505283247998839
A0815,23.1127516798931,113.12539121536,1,80.0,79.0,-1.0,0.7601470692450986,0.7501851033620641,-0.00996196588303444,0,0.1871041220392646,3,4,3,75.0,-5.0,0.7076617768887121,-0.05248529235638644
A0816,22.9642070520217,113.095785867576,0,72.0,83.0,11.0,0.6290093270914959,0.7541218155562228,0.1251124884647269,0,0.377419969062695,6,6,3,76.0,4.0,0.6777638104569546,0.04875448336545862
A0817,22.9604996933944,113.107183817611,0,72.0,79.5,7.5,0.6702105639754816,0.7527408955213486,0.08253033154586698,0,0.2821774475110921,4,6,3,73.5,1.5,0.6878242240712498,0.017613660095768147
A0818,23.0636785372865,113.05707444984,0,72.0,75.5,3.5,0.7159540107585971,0.7527031663315557,0.03674915557295855,0,0.2913563458027166,1,3,3,70.5,-1.5,0.6992334815341664,-0.01672052922443068
A0819,22.9653213803937,113.092568377088,0,72.0,83.0,11.0,0.6260742537148037,0.7517859688346109,0.12571171511980717,0,0.0970537078420755,6,6,3,76.0,4.0,0.6750151697521347,0.04894091603733097
A0820,23.0095891526153,113.085642361659,0,72.0,85.0,13.0,0.5636714283954911,0.7224399357947696,0.1587685073992785,1,0.36711885687499085,5,3,3,77.0,5.0,0.628434603961018,0.06476317556552691
A0821,22.7898213335287,113.164103868266,0,74.0,77.5,3.5,0.7176987413213527,0.754299633439738,0.03660089211838535,0,3.1173098565402753,0,0,3,72.0,-2.0,0.6953607843389416,-0.022337956982411145
A0822,23.0418187677355,113.088398158149,0,72.0,82.5,10.5,0.6348812158527172,0.7538070009868376,0.11892578513412044,0,0.03705744763937156,6,7,3,75.5,3.5,0.6773930531571468,0.042511837304429645
A0823,22.9681791710674,113.097867107594,0,72.0,81.0,9.0,0.6538343281843372,0.7541579517865858,0.10032362360224867,0,0.5563365850763096,5,6,3,74.5,2.5,0.6836619372683251,0.02982760908398796
A0824,22.9945666637602,113.140925647573,0,72.0,84.5,12.5,0.6106177035691266,0.754635003963528,0.14401730039440142,0,1.0863838971959319,6,3,3,77.0,5.0,0.6724617944377261,0.061844090868599544
A0825,22.9788820160337,113.016650621057,0,72.0,79.5,7.5,0.6701454785562252,0.7526860875085815,0.08254060895235626,0,0.18495650919619072,2,2,3,73.5,1.5,0.6877609953181982,0.017615516761973038
A0826,22.9456383638471,113.09004145357,0,72.0,85.0,13.0,0.5750502989649878,0.7316495139826481,0.15659921501766028,1,0.33335311604746276,4,1,3,77.0,5.0,0.6392055908636844,0.06415529189869662
A0827,23.0666723454291,113.154870338644,1,65.5,79.5,14.0,0.5912211875275726,0.7546231343586386,0.16340194683106601,0,0.16579271401394644,2,3,3,70.5,5.0,0.6544023512926566,0.06318116376508398
A0828,23.0128081082158,113.760312199449,1,66.0,65.0,-1.0,0.9461220153910969,0.9433081939577808,-0.0028138214333160994,0,0.38498903504378706,4,2,1,65.0,-1.0,0.9433081939577808,-0.0028138214333160994
A0829,23.1790300071117,112.876192460885,1,80.0,85.0,5.0,0.5468006386226422,0.612345764154087,0.06554512553144487,1,1.0338045704180572,3,1,3,85.0,5.0,0.612345764154087,0.06554512553144487
A0830,23.1234111293555,113.151774758095,1,85.0,77.0,-8.0,0.8242078959700826,0.7528798308009464,-0.07132806516913615,0,0.9414367362141016,4,1,0,80.0,-5.0,0.7817151547644182,-0.042492741205664375
A0831,23.0440623974563,113.125784041664,0,65.5,85.0,19.5,0.49460164217888375,0.7367582876176452,0.24215664543876142,1,0.6371485068651187,11,9,3,70.5,5.0,0.5616440110185928,0.0670423688397091
A0832,22.8332623991325,113.280151555364,1,72.0,77.0,5.0,0.6963729286299403,0.750169458402899,0.05379652977295868,0,0.857042275787153,4,2,3,72.0,0.0,0.6963729286299403,0.0
A0833,22.8146759735082,113.827731195748,1,85.0,65.0,-20.0,0.9648690584118201,0.9033649877845085,-0.06150407062731167,0,1.2170574800230813,6,2,1,80.0,-5.0,0.9545001593238059,-0.010368899088014194
A0834,23.0636739781751,113.771188397476,1,65.5,65.0,-0.5,0.9275842957297376,0.9257535008868204,-0.0018307948429171494,0,0.3467006983092026,10,3,1,65.0,-0.5,0.9257535008868204,-0.0018307948429171494
A0835,23.1232943054161,113.110382335887,1,85.0,73.5,-11.5,0.8509433072801584,0.7544201233786219,-0.09652318390153658,0,0.14718133744582845,1,4,3,80.0,-5.0,0.8134503758466735,-0.03749293143348498
