task_id,latitude,longitude,region,original_price,original_probability,greedy_price,greedy_probability,exact_milp_price,exact_milp_probability,practical_milp_price,practical_milp_probability,practical_price_change,practical_probability_change
A0001,22.566142254795,113.980836777953,2,66.0,0.34387688083547585,74.0,0.44646229261591164,74.0,0.44646229261591164,74.0,0.44646229261591164,8.0,0.10258541178043579
A0002,22.6862052598878,113.940525211308,2,65.5,0.20338947570449586,73.5,0.2820828587683909,73.5,0.2820828587683909,73.5,0.2820828587683909,8.0,0.07869338306389503
A0003,22.5765118283363,113.95719800411,2,65.5,0.233727943950429,73.5,0.31945236914812036,73.5,0.31945236914812036,73.5,0.31945236914812036,8.0,0.08572442519769136
A0004,22.5648408102711,114.24457109293,2,75.0,0.6403954115803158,83.0,0.7326619779032874,83.0,0.7326619779032874,82.0,0.721975980497439,7.0,0.08158056891712329
A0005,22.5588877510826,113.950722665736,2,65.5,0.2880077426430243,73.5,0.3836723382208787,73.5,0.3836723382208787,73.5,0.3836723382208787,8.0,0.0956645955778544
A0006,22.5589990603263,114.241317401629,2,75.0,0.6333425633786072,83.0,0.7266463019384604,83.0,0.7266463019384604,82.0,0.7158131161800798,7.0,0.08247055280147264
A0007,22.5490037129604,113.97225969676,2,65.5,0.24946316411310276,73.5,0.33841004906880834,73.5,0.33841004906880834,73.5,0.33841004906880834,8.0,0.08894688495570557
A0008,22.5627735077314,113.956573538052,2,65.5,0.2978263221935654,73.5,0.3949431863927579,73.5,0.3949431863927579,73.5,0.3949431863927579,8.0,0.09711686419919247
A0009,22.5000119233833,113.895660567915,2,66.0,0.4856659436442267,74.0,0.5923618757150785,74.0,0.5923618757150785,74.0,0.5923618757150785,8.0,0.10669593207085176
A0010,22.5437860995949,113.923977803989,2,66.0,0.2454086352456056,74.0,0.3335523407141734,74.0,0.3335523407141734,74.0,0.3335523407141734,8.0,0.08814370546856778
A0011,22.5248636906434,113.930859554515,2,65.5,0.30074949324489186,73.5,0.3982788959576605,73.5,0.3982788959576605,73.5,0.3982788959576605,8.0,0.09752940271276861
A0012,22.519087000679,113.935843611296,2,65.5,0.32836599966015273,73.5,0.42935214352023593,73.5,0.42935214352023593,73.5,0.42935214352023593,8.0,0.1009861438600832
A0013,22.5479724310799,113.977909038602,2,65.5,0.30464858219364105,73.5,0.4027141998188525,73.5,0.4027141998188525,73.5,0.4027141998188525,8.0,0.09806561762521143
A0014,22.5061687130557,113.931428439716,2,66.0,0.3538946921450922,74.0,0.45738531658153186,74.0,0.45738531658153186,74.0,0.45738531658153186,8.0,0.10349062443643964
A0015,22.4996256609397,113.936514493699,2,66.0,0.3575588052362898,74.0,0.46135582050127283,74.0,0.46135582050127283,74.0,0.46135582050127283,8.0,0.10379701526498303
A0016,22.540321415216,113.923645598933,2,66.0,0.2975421482041851,74.0,0.394618424697849,74.0,0.394618424697849,74.0,0.394618424697849,8.0,0.0970762764936639
A0017,22.5245541889304,113.92473190182,2,65.5,0.3172171268934915,73.5,0.4169028498264908,73.5,0.4169028498264908,73.5,0.4169028498264908,8.0,0.09968572293299927
A0018,22.4981900986281,113.898481737691,2,66.0,0.42929947724988227,74.0,0.5365297956685856,74.0,0.5365297956685856,74.0,0.5365297956685856,8.0,0.10723031841870334
A0019,22.5460394638191,113.974968421143,2,65.5,0.3054903846974125,73.5,0.4036696688862485,73.5,0.4036696688862485,73.5,0.4036696688862485,8.0,0.09817928418883598
A0020,22.497728920198,113.937337700868,2,66.0,0.33034377042066937,74.0,0.43154734200101935,74.0,0.43154734200101935,74.0,0.43154734200101935,8.0,0.10120357158034998
A0021,22.4941624669753,113.927139030908,2,66.0,0.4819434102540008,74.0,0.5887576776284094,74.0,0.5887576776284094,74.0,0.5887576776284094,8.0,0.10681426737440858
A0022,22.5159201164617,113.93567688759,2,65.0,0.3275887572736143,73.0,0.4284883657174973,73.0,0.4284883657174973,73.0,0.4284883657174973,8.0,0.10089960844388302
A0023,22.5157856773782,113.94205574693,2,65.5,0.3309005731411602,73.5,0.43216464082266554,73.5,0.43216464082266554,73.5,0.43216464082266554,8.0,0.10126406768150531
A0024,22.5422096257037,114.019649276618,2,66.5,0.2869924158129957,74.5,0.3825009405959868,74.5,0.3825009405959868,74.5,0.3825009405959868,8.0,0.0955085247829911
A0025,22.5445896135667,113.99866008452,2,67.5,0.31678504272222335,75.5,0.4164177945102531,75.5,0.4164177945102531,75.5,0.4164177945102531,8.0,0.09963275178802977
A0026,22.4930831267728,113.935839142226,2,66.0,0.33571165737841074,74.0,0.43748537860540726,74.0,0.43748537860540726,74.0,0.43748537860540726,8.0,0.10177372122699652
A0027,22.5248894876791,113.919142922515,2,65.5,0.30914305311687196,73.5,0.407806940249612,73.5,0.407806940249612,73.5,0.407806940249612,8.0,0.09866388713274005
A0028,22.5480858154297,113.945311875335,2,66.5,0.2971875028109323,74.5,0.39421300610988097,74.5,0.39421300610988097,74.5,0.39421300610988097,8.0,0.09702550329894866
A0029,22.5647073449243,113.982009250796,2,66.0,0.38249502440983746,74.0,0.48803187491518546,74.0,0.48803187491518546,74.0,0.48803187491518546,8.0,0.105536850505348
A0030,22.5819344788478,114.156395293242,2,68.0,0.46558912694938065,76.0,0.5727863167623747,76.0,0.5727863167623747,76.0,0.5727863167623747,8.0,0.10719718981299403
A0031,22.5429361050784,114.131407227026,2,67.0,0.18878610481896674,75.0,0.2636996655685478,75.0,0.2636996655685478,75.0,0.2636996655685478,8.0,0.07491356074958105
A0032,22.5239495360594,113.943441614942,2,65.5,0.3172393822953606,73.5,0.4169278283940281,73.5,0.4169278283940281,73.5,0.4169278283940281,8.0,0.0996884460986675
A0033,22.5510130545882,113.956744570929,2,65.5,0.29643694837648693,73.5,0.3933545570748389,73.5,0.3933545570748389,73.5,0.3933545570748389,8.0,0.09691760869835198
A0034,22.5829932950536,114.147122731579,2,66.0,0.28606231427712586,74.0,0.38142689386905976,74.0,0.38142689386905976,74.0,0.38142689386905976,8.0,0.0953645795919339
A0035,22.549270134625,114.131744697949,2,66.5,0.18857924564830555,74.5,0.26343737788549837,74.5,0.26343737788549837,74.5,0.26343737788549837,8.0,0.07485813223719281
A0036,22.5259613413852,113.935399270764,2,65.5,0.30537769569979883,73.5,0.40354180692168345,73.5,0.40354180692168345,73.5,0.40354180692168345,8.0,0.09816411122188462
A0037,22.7563792952752,114.04213561073,2,70.0,0.37897222081013954,78.0,0.4842993953128824,78.0,0.4842993953128824,78.0,0.4842993953128824,8.0,0.10532717450274287
A0038,22.6414407060529,114.422742132399,2,75.0,0.6362347546913619,83.0,0.7291172947610015,83.0,0.7291172947610015,82.0,0.7183440784815746,7.0,0.08210932379021263
A0039,22.711660071995,114.072883627376,2,66.5,0.3142545645009321,74.5,0.41357321492618265,74.5,0.41357321492618265,74.5,0.41357321492618265,8.0,0.09931865042525057
A0040,22.6064932325456,114.124153601375,2,66.0,0.16361321684058475,74.0,0.23138697088321858,74.0,0.23138697088321858,74.0,0.23138697088321858,8.0,0.06777375404263383
A0041,22.6622997110033,114.072996896515,2,65.0,0.34921094147976967,73.0,0.4522906963890357,73.0,0.4522906963890357,73.0,0.4522906963890357,8.0,0.10307975490926602
A0042,22.635398280659,114.226377185934,2,66.5,0.3542144556570546,74.5,0.4577323429355893,74.5,0.4577323429355893,74.5,0.4577323429355893,8.0,0.10351788727853467
A0043,22.7380284355305,114.264097001048,2,67.0,0.35342663101020555,75.0,0.45687716767167896,75.0,0.45687716767167896,75.0,0.45687716767167896,8.0,0.10345053666147341
A0044,22.6255834838843,114.154966375968,2,69.0,0.2540922299490726,77.0,0.34393327819579717,77.0,0.34393327819579717,77.0,0.34393327819579717,8.0,0.08984104824672456
A0045,22.6526549643723,114.027229172221,2,66.0,0.16211980819224617,74.0,0.22944464947859392,74.0,0.22944464947859392,74.0,0.22944464947859392,8.0,0.06732484128634775
A0046,22.7889219689206,113.896632665629,2,66.0,0.22187517934076026,74.0,0.30498260202164656,74.0,0.30498260202164656,74.0,0.30498260202164656,8.0,0.0831074226808863
A0047,22.7010356427446,114.244292079239,2,67.0,0.23200306350382158,75.0,0.3173568640890148,75.0,0.3173568640890148,75.0,0.3173568640890148,8.0,0.08535380058519323
A0048,22.6315405076403,114.12149281776,2,67.0,0.21804730338103784,75.0,0.3002742210839268,75.0,0.3002742210839268,75.0,0.3002742210839268,8.0,0.08222691770288898
A0049,22.6417147970367,114.195532954479,2,68.5,0.26410070112183537,76.5,0.3557925469996345,76.5,0.3557925469996345,76.5,0.3557925469996345,8.0,0.0916918458777991
A0050,22.689403355188,114.345418821992,2,70.0,0.34821253315383494,78.0,0.45120190520512043,78.0,0.45120190520512043,78.0,0.45120190520512043,8.0,0.1029893720512855
A0051,22.6301004227929,114.063832661281,2,66.5,0.28336969029677,74.5,0.3783122852185615,74.5,0.3783122852185615,74.5,0.3783122852185615,8.0,0.09494259492179147
A0052,22.6639167291901,114.071717684316,2,65.5,0.3573140191915043,73.5,0.46109097548103106,73.5,0.46109097548103106,73.5,0.46109097548103106,8.0,0.10377695628952677
A0053,22.7506640039026,114.378843000345,2,70.0,0.39208653734566445,78.0,0.49813497566211323,78.0,0.49813497566211323,78.0,0.49813497566211323,8.0,0.10604843831644878
A0054,22.7227256081329,114.073801635421,2,67.0,0.4291243120165214,75.0,0.5363519971070972,75.0,0.5363519971070972,75.0,0.5363519971070972,8.0,0.10722768509057584
A0055,22.6413803215711,114.229981802978,2,67.0,0.36147931830333213,75.0,0.4655896302670061,75.0,0.4655896302670061,75.0,0.4655896302670061,8.0,0.10411031196367398
A0056,22.7764075422069,114.309587840635,2,73.0,0.5600612303460075,81.0,0.6620628131972078,81.0,0.6620628131972078,81.0,0.6620628131972078,8.0,0.10200158285120031
A0057,22.5870653356629,113.905761364795,2,66.0,0.3492715004496424,74.0,0.45235670585776144,74.0,0.45235670585776144,74.0,0.45235670585776144,8.0,0.10308520540811905
A0058,22.6933957055509,114.147487353786,2,69.0,0.4668250229441031,77.0,0.5740011325167572,77.0,0.5740011325167572,77.0,0.5740011325167572,8.0,0.10717610957265411
A0059,22.6040496991942,114.058613751507,2,66.0,0.18311325835559086,74.0,0.25648747784152387,74.0,0.25648747784152387,74.0,0.25648747784152387,8.0,0.073374219485933
A0060,22.6376363999893,114.06791620901,2,65.5,0.2511663052790674,73.5,0.3404449961150665,73.5,0.3404449961150665,73.5,0.3404449961150665,8.0,0.0892786908359991
A0061,22.6578852114526,114.07477225632,2,65.5,0.342939686282654,73.5,0.4454353207864541,73.5,0.4454353207864541,73.5,0.4454353207864541,8.0,0.10249563450380011
A0062,22.6178181688603,114.157260801849,2,67.5,0.2412103013481761,75.5,0.3285025419162345,75.5,0.3285025419162345,75.5,0.3285025419162345,8.0,0.08729224056805843
A0063,22.6414407060529,114.422742132399,2,75.0,0.6362347546913619,83.0,0.7291172947610015,83.0,0.7291172947610015,82.0,0.7183440784815746,7.0,0.08210932379021263
A0064,22.7813987573364,114.300806526091,2,73.0,0.6134845029217783,81.0,0.7095238988794779,81.0,0.7095238988794779,80.5,0.7039397440507609,7.5,0.09045524112898262
A0065,22.7229412237494,114.27771560183,2,67.0,0.38418339099345467,75.0,0.48981657028527986,75.0,0.48981657028527986,75.0,0.48981657028527986,8.0,0.1056331792918252
A0066,22.6747071093467,114.22093326141,2,67.0,0.31507648444236924,75.0,0.4144978848207188,75.0,0.4144978848207188,75.0,0.4144978848207188,8.0,0.09942140037834957
A0067,22.6628381443602,114.026397428454,2,65.0,0.16830278079226316,73.0,0.23746756551485737,73.0,0.23746756551485737,73.0,0.23746756551485737,8.0,0.06916478472259421
A0068,22.6577697242095,114.079493396147,2,65.5,0.35866017932934485,73.5,0.462546722140862,73.5,0.462546722140862,73.5,0.462546722140862,8.0,0.10388654281151716
A0069,22.6569132739748,114.210092791689,2,66.0,0.31792539382127305,74.0,0.41769752921982994,74.0,0.41769752921982994,74.0,0.41769752921982994,8.0,0.0997721353985569
A0070,22.7385903883485,113.818449251052,2,66.5,0.27542653783411436,74.5,0.3690784334834348,74.5,0.3690784334834348,74.5,0.3690784334834348,8.0,0.09365189564932042
A0071,22.7163633127048,114.32225700256,2,70.0,0.47199727969547367,78.0,0.5790711704525835,78.0,0.5790711704525835,78.0,0.5790711704525835,8.0,0.10707389075710982
A0072,22.5233140084978,114.04663858269,2,66.5,0.27194359953242203,74.5,0.3650077996914159,74.5,0.3650077996914159,74.5,0.3650077996914159,8.0,0.09306420015899386
A0073,22.6530142206891,114.212454874348,2,66.0,0.31329166660769076,74.0,0.4124890516499065,74.0,0.4124890516499065,74.0,0.4124890516499065,8.0,0.09919738504221576
A0074,22.5331754025637,114.083134154717,2,66.5,0.1831959069773866,74.5,0.25659284149604267,74.5,0.25659284149604267,74.5,0.25659284149604267,8.0,0.07339693451865606
A0075,22.5995590515513,114.130362976515,2,66.5,0.1714237570551179,74.5,0.24149870036137913,74.5,0.24149870036137913,74.5,0.24149870036137913,8.0,0.07007494330626124
A0076,22.6502783683962,113.936624148954,2,68.5,0.3210909729524561,76.5,0.421243005076388,76.5,0.421243005076388,76.5,0.421243005076388,8.0,0.10015203212393192
A0077,22.7378203776219,114.285890066086,2,65.5,0.38068887316689853,73.5,0.4861196912414419,73.5,0.4861196912414419,73.5,0.4861196912414419,8.0,0.10543081807454335
A0078,22.7385903883485,113.818449251052,2,66.5,0.27542653783411436,74.5,0.3690784334834348,74.5,0.3690784334834348,74.5,0.3690784334834348,8.0,0.09365189564932042
A0079,22.7430010931667,113.995040147773,2,71.0,0.6018657863993655,79.0,0.6993774603959946,79.0,0.6993774603959946,79.0,0.6993774603959946,8.0,0.09751167399662908
A0080,22.6349541735094,114.044819584999,2,66.0,0.1573267970865545,74.0,0.2231914090787271,74.0,0.2231914090787271,74.0,0.2231914090787271,8.0,0.06586461199217258
A0081,22.7513933784059,114.026239909685,2,70.0,0.3040328115335603,78.0,0.40201481140103934,78.0,0.40201481140103934,78.0,0.40201481140103934,8.0,0.09798199986747902
A0082,22.6155646326245,114.152415879117,2,67.0,0.22425059405349143,75.0,0.30789570527675947,75.0,0.30789570527675947,75.0,0.30789570527675947,8.0,0.08364511122326804
A0083,22.6844700633893,114.000085031516,2,66.0,0.13192477859790244,74.0,0.18954695391816448,74.0,0.18954695391816448,74.0,0.18954695391816448,8.0,0.05762217532026204
A0084,22.6651428008973,114.020001901954,2,65.5,0.1593970224064326,73.5,0.225895994975713,73.5,0.225895994975713,73.5,0.225895994975713,8.0,0.06649897256928039
A0085,22.6933155162664,113.81707837037,2,66.0,0.21492980281686525,74.0,0.29642675593829454,74.0,0.29642675593829454,74.0,0.29642675593829454,8.0,0.0814969531214293
A0086,22.7560020308019,113.851361212011,2,66.5,0.27971076199582023,74.5,0.3740673444743194,74.5,0.3740673444743194,74.5,0.3740673444743194,8.0,0.09435658247849915
A0087,22.7333561925431,113.831291899127,2,66.0,0.2682750281359248,74.0,0.36070577216108046,74.0,0.36070577216108046,74.0,0.36070577216108046,8.0,0.09243074402515566
A0088,22.7778578024144,113.917004348147,2,70.0,0.2780193209042142,78.0,0.37210008181726506,78.0,0.37210008181726506,78.0,0.37210008181726506,8.0,0.09408076091305084
A0089,22.7059717485156,113.8079954237,2,66.5,0.18681407796985353,74.5,0.2611970673220209,74.5,0.2611970673220209,74.5,0.2611970673220209,8.0,0.07438298935216739
A0090,22.7046649683488,113.972689897065,2,70.0,0.42878784171094086,78.0,0.5360103920153695,78.0,0.5360103920153695,78.0,0.5360103920153695,8.0,0.10722255030442862
A0091,22.6520496098925,114.053593678065,2,65.5,0.1545187350229853,73.5,0.21951399438511585,73.5,0.21951399438511585,73.5,0.21951399438511585,8.0,0.06499525936213055
A0092,22.7213341121282,114.061619587743,2,67.0,0.43707132078004485,75.0,0.5443911311175218,75.0,0.5443911311175218,75.0,0.5443911311175218,8.0,0.10731981033747695
A0093,22.6800886065083,113.834786135085,2,70.0,0.38592624733982633,78.0,0.4916560440969293,78.0,0.4916560440969293,78.0,0.4916560440969293,8.0,0.10572979675710298
A0094,22.7087497447993,113.816054302089,2,66.0,0.203666331902746,74.0,0.2824288557888601,74.0,0.2824288557888601,74.0,0.2824288557888601,8.0,0.07876252388611413
A0095,22.607669788426,113.868531174692,2,65.5,0.30687230611320443,73.5,0.40523657481087877,73.5,0.40523657481087877,73.5,0.40523657481087877,8.0,0.09836426869767434
A0096,22.7271036717407,114.061381858376,2,67.0,0.44212263313020755,75.0,0.5494720926925267,75.0,0.5494720926925267,75.0,0.5494720926925267,8.0,0.10734945956231917
A0097,22.6795558910636,113.832938493127,2,65.5,0.3441379556959603,73.5,0.4467482209419058,73.5,0.4467482209419058,73.5,0.4467482209419058,8.0,0.10261026524594552
A0098,22.675097731447,113.822362023717,2,65.5,0.3532673263033104,73.5,0.4567041699590409,73.5,0.4567041699590409,73.5,0.4567041699590409,8.0,0.10343684365573047
A0099,22.7333561925431,113.831291899127,2,66.0,0.2682750281359248,74.0,0.36070577216108046,74.0,0.36070577216108046,74.0,0.36070577216108046,8.0,0.09243074402515566
A0100,22.611775078928,114.038058741903,2,66.0,0.14634825543612826,74.0,0.20875532188845086,74.0,0.20875532188845086,74.0,0.20875532188845086,8.0,0.06240706645232261
A0101,22.7300665719473,114.066647673172,2,66.5,0.43177728743312455,74.5,0.5390419385936284,74.5,0.5390419385936284,74.5,0.5390419385936284,8.0,0.10726465116050382
A0102,22.6523537636241,113.929912549169,2,70.0,0.3034001307596933,78.0,0.4012958010361129,78.0,0.4012958010361129,78.0,0.4012958010361129,8.0,0.0978956702764196
A0103,22.7136525650851,114.065237460183,2,66.0,0.4194513844926117,74.0,0.5264911500613463,74.0,0.5264911500613463,74.0,0.5264911500613463,8.0,0.10703976556873457
A0104,22.5607343074643,113.89007789741,2,70.0,0.41116594391149625,78.0,0.5179778263570761,78.0,0.5179778263570761,78.0,0.5179778263570761,8.0,0.10681188244557988
A0105,22.6734335276973,113.825705157502,2,65.0,0.35003292772986316,73.0,0.4531863546845487,73.0,0.4531863546845487,73.0,0.4531863546845487,8.0,0.10315342695468555
A0106,22.5915549765801,114.125910235104,2,67.5,0.21526292588488677,75.5,0.29683843276676214,75.5,0.29683843276676214,75.5,0.29683843276676214,8.0,0.08157550688187537
A0107,22.6705219973773,113.923561080063,2,70.0,0.25694538673339096,78.0,0.34732550093839765,78.0,0.34732550093839765,78.0,0.34732550093839765,8.0,0.09038011420500669
A0108,22.7003870654451,113.844902563379,2,66.0,0.2152456812450045,74.0,0.2968171249186847,74.0,0.2968171249186847,74.0,0.2968171249186847,8.0,0.08157144367368022
A0109,22.5635036060249,113.906894768535,2,65.5,0.27441375043997424,73.5,0.367896125611438,73.5,0.367896125611438,73.5,0.367896125611438,8.0,0.09348237517146374
A0110,22.7074327930824,113.930013135693,2,68.5,0.25398896338708526,76.5,0.34381032872308315,76.5,0.34381032872308315,76.5,0.34381032872308315,8.0,0.08982136533599788
A0111,22.6335574972806,113.851360434976,2,70.5,0.42341031988182004,78.5,0.5305371162977371,78.5,0.5305371162977371,78.5,0.5305371162977371,8.0,0.1071267964159171
A0112,22.5641925131759,113.896166355239,2,65.5,0.3073771089076671,73.5,0.4058084514008051,73.5,0.4058084514008051,73.5,0.4058084514008051,8.0,0.09843134249313801
A0113,22.6691926689555,114.038411728358,2,66.5,0.19630592578653921,74.5,0.2731985385395398,74.5,0.2731985385395398,74.5,0.2731985385395398,8.0,0.07689261275300058
A0114,22.5962807681237,113.855062769694,2,66.5,0.3407442277525731,74.5,0.4430261198054987,74.5,0.4430261198054987,74.5,0.4430261198054987,8.0,0.1022818920529256
A0115,22.6851882278014,113.81156753556,2,67.0,0.23834736500424775,75.0,0.32504735993262357,75.0,0.32504735993262357,75.0,0.32504735993262357,8.0,0.08669999492837582
A0116,22.7070081399144,114.096776550712,2,66.0,0.2433546266188059,74.0,0.33108428229285064,74.0,0.33108428229285064,74.0,0.33108428229285064,8.0,0.08772965567404473
A0117,22.7303490034601,114.068783000165,2,67.0,0.4399848538143606,75.0,0.5473244947235136,75.0,0.5473244947235136,75.0,0.5473244947235136,8.0,0.10733964090915304
A0118,22.6076110049139,113.869894332642,2,65.5,0.30716710979143497,73.5,0.40557058186170464,73.5,0.40557058186170464,73.5,0.40557058186170464,8.0,0.09840347207026967
A0119,22.5848807593367,113.91327495018,2,66.0,0.28065005710136054,74.0,0.3751584640747875,74.0,0.3751584640747875,74.0,0.3751584640747875,8.0,0.09450840697342694
A0120,22.5609901044042,113.894562979616,2,65.5,0.3359776924317627,73.5,0.4377789139788899,73.5,0.4377789139788899,73.5,0.4377789139788899,8.0,0.10180122154712723
A0121,22.7356517809663,114.280464023231,2,65.0,0.3469024743054677,73.0,0.4497717532823302,73.0,0.4497717532823302,73.0,0.4497717532823302,8.0,0.10286927897686249
A0122,22.5819431420697,113.888016568333,2,66.5,0.3252199156114404,74.5,0.42585198766200805,74.5,0.42585198766200805,74.5,0.42585198766200805,8.0,0.10063207205056762
A0123,22.5829728906449,113.907183429129,2,65.5,0.28951613711033986,73.5,0.38541054780618894,73.5,0.38541054780618894,73.5,0.38541054780618894,8.0,0.09589441069584909
A0124,22.5413895409741,113.919110416432,2,66.0,0.2826125332949368,74.0,0.3774350544206587,74.0,0.3774350544206587,74.0,0.3774350544206587,8.0,0.09482252112572193
A0125,22.7704017692631,113.855116111075,2,66.0,0.3513136233018622,74.0,0.45458050535436867,74.0,0.45458050535436867,74.0,0.45458050535436867,8.0,0.10326688205250645
A0126,23.1676903546272,113.665172812936,1,75.0,0.9784688125315553,67.0,0.9672450130769978,67.0,0.9672450130769978,67.5,0.9680879645305779,-7.5,-0.010380848000977383
A0127,23.1654980452292,113.387590060323,0,65.5,0.4020942651284212,73.5,0.508584975896147,73.5,0.508584975896147,73.5,0.508584975896147,8.0,0.10649071076772582
A0128,23.1593359975333,113.338711283964,0,65.5,0.5057327559014118,73.5,0.6115950413777212,73.5,0.6115950413777212,73.5,0.6115950413777212,8.0,0.10586228547630949
A0129,23.1687891455769,113.419959772635,0,66.5,0.7558177535250576,72.5,0.8104908583989304,72.5,0.8104908583989304,71.0,0.79776335014364,4.5,0.041945596618582326
A0130,23.1284929476215,113.350618568732,0,65.0,0.5082343732937712,73.0,0.6139698402124293,73.0,0.6139698402124293,73.0,0.6139698402124293,8.0,0.1057354669186581
A0131,23.1307022473192,113.416260868546,0,65.5,0.404755326944641,73.5,0.5113480638986766,73.5,0.5113480638986766,73.5,0.5113480638986766,8.0,0.1065927369540356
A0132,23.1382207893585,113.389486698559,0,65.0,0.3559048164516772,73.0,0.4595651553659033,73.0,0.4595651553659033,73.0,0.4595651553659033,8.0,0.1036603389142261
A0133,23.1861168487634,113.597485671544,0,75.0,0.8331527771759966,72.0,0.8094560778742608,72.0,0.8094560778742608,76.0,0.840509607792049,1.0,0.007356830616052412
A0134,23.1240189591638,113.411547026554,0,65.0,0.3793585232328466,73.0,0.48470926473585646,73.0,0.48470926473585646,73.0,0.48470926473585646,8.0,0.10535074150300988
A0135,23.1381658955335,113.372836112767,0,65.5,0.3889136647270611,73.5,0.49480242757504656,73.5,0.49480242757504656,73.5,0.49480242757504656,8.0,0.10588876284798543
A0136,23.1996730122491,113.406846999602,0,68.5,0.5507384146661829,76.5,0.6535644768555402,76.5,0.6535644768555402,76.5,0.6535644768555402,8.0,0.1028260621893573
A0137,23.1224808721127,113.361124926295,0,65.5,0.4731902293941825,73.5,0.5802373476738695,73.5,0.5802373476738695,73.5,0.5802373476738695,8.0,0.10704711827968699
A0138,23.2001391478776,113.374908952731,0,65.5,0.4463585836433216,73.5,0.5537157156708481,73.5,0.5537157156708481,73.5,0.5537157156708481,8.0,0.1073571320275265
A0139,23.1012502166771,113.548436650122,0,68.0,0.49224657926127313,76.0,0.5987053589305004,76.0,0.5987053589305004,76.0,0.5987053589305004,8.0,0.10645877966922723
A0140,23.1248664643703,113.561445341886,0,69.0,0.5485330393213662,77.0,0.6515444974686883,77.0,0.6515444974686883,77.0,0.6515444974686883,8.0,0.10301145814732204
A0141,23.1087118142391,113.492884574249,0,66.5,0.6060829322167278,74.5,0.7030712994841519,74.5,0.7030712994841519,74.5,0.7030712994841519,8.0,0.0969883672674241
A0142,23.1243156395216,113.408115078202,0,65.0,0.38833146432850324,73.0,0.49418990447792466,73.0,0.49418990447792466,73.0,0.49418990447792466,8.0,0.10585844014942142
A0143,23.1675143840217,113.337954403182,0,66.0,0.5801984601805974,74.0,0.6801971514571017,74.0,0.6801971514571017,74.0,0.6801971514571017,8.0,0.09999869127650429
A0144,23.1354420411307,113.390007969091,0,65.0,0.33596493804452554,73.0,0.43776484278384836,73.0,0.43776484278384836,73.0,0.43776484278384836,8.0,0.10179990473932282
A0145,23.1368057684525,113.331549452559,0,65.0,0.4959342506398927,73.0,0.6022446113257179,73.0,0.6022446113257179,73.0,0.6022446113257179,8.0,0.10631036068582522
A0146,23.1159303246968,113.42048908658,0,66.0,0.4413963501165255,74.0,0.5487429222824846,74.0,0.5487429222824846,74.0,0.5487429222824846,8.0,0.10734657216595905
A0147,23.1618940670467,113.343334634253,0,66.0,0.5376140340488659,74.0,0.6414885558061209,74.0,0.6414885558061209,74.0,0.6414885558061209,8.0,0.10387452175725498
A0148,23.1097973945641,113.453448444076,0,66.0,0.4621593070682689,74.0,0.5694082112959464,74.0,0.5694082112959464,74.0,0.5694082112959464,8.0,0.10724890422767752
A0149,23.1097580892894,113.453481189203,0,66.0,0.46210870399836745,74.0,0.5693582963672348,74.0,0.5693582963672348,74.0,0.5693582963672348,8.0,0.10724959236886733
A0150,23.1909047341958,113.449201701942,0,73.0,0.7008769654085474,81.0,0.7828864567985505,81.0,0.7828864567985505,78.5,0.7591182922755172,5.5,0.05824132686696981
A0151,23.1087118142391,113.492884574249,0,66.5,0.6060829322167278,74.5,0.7030712994841519,74.5,0.7030712994841519,74.5,0.7030712994841519,8.0,0.0969883672674241
A0152,23.0998282189715,113.484963504791,0,65.5,0.5890740467341055,73.5,0.688095093382138,73.5,0.688095093382138,73.5,0.688095093382138,8.0,0.09902104664803257
A0153,23.0797894313979,113.429744979892,0,70.5,0.7910976022096391,72.5,0.8083503597037994,72.5,0.8083503597037994,73.5,0.8165600205041952,3.0,0.02546241829455609
A0154,23.1181011943149,113.544217136668,0,67.0,0.5462033824414392,75.0,0.6494066551740966,75.0,0.6494066551740966,75.0,0.6494066551740966,8.0,0.10320327273265739
A0155,23.1087118142391,113.492884574249,0,66.5,0.6060829322167278,74.5,0.7030712994841519,74.5,0.7030712994841519,74.5,0.7030712994841519,8.0,0.0969883672674241
A0156,23.1011247274453,113.487241158411,0,65.5,0.588140613559886,73.5,0.6872671773356213,73.5,0.6872671773356213,73.5,0.6872671773356213,8.0,0.09912656377573525
A0157,23.1487229407005,113.515291376765,0,73.5,0.6735870366655204,81.5,0.7605220417490073,81.5,0.7605220417490073,79.5,0.7403466894643651,6.0,0.06675965279884466
A0158,23.0479763966089,113.289293329367,0,69.0,0.5638868225343464,77.0,0.6655311307155957,77.0,0.6655311307155957,77.0,0.6655311307155957,8.0,0.10164430818124925
A0159,23.1111406826233,113.278240859545,0,66.0,0.37603209886959127,74.0,0.4811752564859976,74.0,0.4811752564859976,74.0,0.4811752564859976,8.0,0.10514315761640636
A0160,22.9345907957979,113.416799529649,1,70.0,0.9576578967106328,65.0,0.9452813251292579,65.0,0.9452813251292579,65.0,0.9452813251292579,-5.0,-0.012376571581374951
A0161,23.3969086250469,113.347511423398,4,75.0,0.754635507958852,79.5,0.7967295724131307,79.5,0.7967295724131307,79.0,0.7923311947784384,4.0,0.03769568681958635
A0162,23.0913807065672,113.531677147482,0,70.0,0.5564890287157306,78.0,0.658814288923702,78.0,0.658814288923702,78.0,0.658814288923702,8.0,0.10232526020797139
A0163,23.2156529919026,113.300569151175,0,66.0,0.5366622423923179,74.0,0.6406076461920274,74.0,0.6406076461920274,74.0,0.6406076461920274,8.0,0.10394540379970951
A0164,22.9609932512206,113.442775215343,1,66.5,0.9675319539143257,65.0,0.9648945590658814,65.0,0.9648945590658814,65.0,0.9648945590658814,-1.5,-0.0026373948484442744
A0165,23.2128091257282,113.256333074606,0,65.5,0.6036912976785431,73.5,0.7009779985497696,73.5,0.7009779985497696,73.5,0.7009779985497696,8.0,0.09728670087122648
A0166,23.2945140830139,113.331306286413,0,69.0,0.7730226265689021,73.0,0.8086099083077486,73.0,0.8086099083077486,72.5,0.8044054888774285,3.5,0.03138286230852638
A0167,23.2374577140508,113.204265310992,0,70.0,0.7077694755991975,78.0,0.788459624401757,78.0,0.788459624401757,75.5,0.765118527417591,5.5,0.05734905181839356
A0168,23.3718457592623,113.360399252647,4,74.5,0.6283678658452875,82.5,0.722382623343752,82.5,0.722382623343752,81.5,0.7114475644199582,7.0,0.08307969857467068
A0169,23.3862789522872,113.410598974178,4,74.0,0.7285944773510937,80.5,0.792121942095416,80.5,0.792121942095416,78.5,0.7738170412104254,4.5,0.045222563859331655
A0170,23.2577840626908,113.319993212109,0,65.5,0.48733495499357715,73.5,0.5939741122432076,73.5,0.5939741122432076,73.5,0.5939741122432076,8.0,0.10663915724963047
A0171,23.0802913180246,113.204206100083,3,67.5,0.3598976843665047,75.5,0.4638834077481384,75.5,0.4638834077481384,75.5,0.4638834077481384,8.0,0.1039857233816337
A0172,23.2128091257282,113.256333074606,0,65.5,0.6036912976785431,73.5,0.7009779985497696,73.5,0.7009779985497696,73.5,0.7009779985497696,8.0,0.09728670087122648
A0173,23.2523133871887,113.264093640781,0,66.5,0.5875112226769804,74.5,0.6867085769271476,74.5,0.6867085769271476,74.5,0.6867085769271476,8.0,0.09919735425016718
A0174,23.2617120579038,113.273631743806,0,65.5,0.5655556441152435,73.5,0.6670406663539887,73.5,0.6670406663539887,73.5,0.6670406663539887,8.0,0.10148502223874523
A0175,23.1965714623088,113.248217962292,0,65.0,0.5487046329151206,73.0,0.6517017989152087,73.0,0.6517017989152087,73.0,0.6517017989152087,8.0,0.10299716600008813
A0176,23.233763172406,113.223460705564,0,67.5,0.684773415294618,75.5,0.7697475238907282,75.5,0.7697475238907282,73.5,0.7500939995132226,6.0,0.06532058421860465
A0177,22.604959707051,113.857589590804,2,66.0,0.34031133459456475,74.0,0.4425505130178502,74.0,0.4425505130178502,74.0,0.4425505130178502,8.0,0.10223917842328545
A0178,22.7503426275261,113.583522613719,1,70.0,0.9754960870364047,65.0,0.968160252237406,65.0,0.968160252237406,65.0,0.968160252237406,-5.0,-0.007335834798998686
A0179,23.112957963072,113.218596106348,0,67.0,0.5795971200632288,75.0,0.6796599663678462,75.0,0.6796599663678462,75.0,0.6796599663678462,8.0,0.10006284630461737
A0180,23.1317590111482,113.27575799971,0,65.0,0.3546043370879838,73.0,0.458155329559706,73.0,0.458155329559706,73.0,0.458155329559706,8.0,0.10355099247172223
A0181,23.1404538960516,113.288511874539,0,65.5,0.4341988130192278,73.5,0.5414917638696318,73.5,0.5414917638696318,73.5,0.5414917638696318,8.0,0.10729295085040402
A0182,23.1288238498394,113.422445466624,0,65.5,0.42174765618907595,73.5,0.528839615007663,73.5,0.528839615007663,73.5,0.528839615007663,8.0,0.10709195881858702
A0183,23.1381658955335,113.372836112767,0,65.5,0.3889136647270611,73.5,0.49480242757504656,73.5,0.49480242757504656,73.5,0.49480242757504656,8.0,0.10588876284798543
A0184,23.135343036366,113.303714558036,0,65.0,0.43912431226825327,73.0,0.5464588711751724,73.0,0.5464588711751724,73.0,0.5464588711751724,8.0,0.10733455890691918
A0185,23.1441611874437,113.293760883836,0,65.5,0.4364681912443851,73.5,0.5437829647623906,73.5,0.5437829647623906,73.5,0.5437829647623906,8.0,0.10731477351800556
A0186,23.1350887199493,113.308793343828,0,65.0,0.49432574084783687,73.0,0.6007022057262733,73.0,0.6007022057262733,73.0,0.6007022057262733,8.0,0.10637646487843644
A0187,23.1291226806063,113.350269600398,0,65.5,0.49825169770452216,73.5,0.6044631128030615,73.5,0.6044631128030615,73.5,0.6044631128030615,8.0,0.10621141509853937
A0188,23.1355991942272,113.350753117381,0,65.5,0.5025509405628664,73.5,0.6085672469064487,73.5,0.6085672469064487,73.5,0.6085672469064487,8.0,0.10601630634358228
A0189,22.8914003692739,113.463408611086,1,69.5,0.9795457038516386,65.0,0.974078216392834,65.0,0.974078216392834,65.0,0.974078216392834,-4.5,-0.005467487458804654
A0190,23.1324472006173,113.339825712796,0,65.5,0.5285373582664735,73.5,0.6330592105139387,73.5,0.6330592105139387,73.5,0.6330592105139387,8.0,0.10452185224746513
A0191,23.1378221906984,113.391320724901,0,65.0,0.34982397089020745,73.0,0.4529587329905204,73.0,0.4529587329905204,73.0,0.4529587329905204,8.0,0.10313476210031297
A0192,23.1370846778693,113.334185837298,0,65.0,0.5186106349709045,73.0,0.6237666509112081,73.0,0.6237666509112081,73.0,0.6237666509112081,8.0,0.10515601594030355
A0193,23.1996540489449,113.347128721895,0,65.5,0.42380162520834563,73.5,0.5309362605921594,73.5,0.5309362605921594,73.5,0.5309362605921594,8.0,0.10713463538381374
A0194,23.1628186802684,113.418328010558,0,66.0,0.749037735401631,72.5,0.8090342664800763,72.5,0.8090342664800763,70.5,0.791827220704426,4.5,0.04278948530279503
A0195,23.1621334712159,113.33624247722,0,65.5,0.5590156013835254,73.5,0.6611129237323168,73.5,0.6611129237323168,73.5,0.6611129237323168,8.0,0.10209732234879143
A0196,23.1745217883214,113.359043890192,0,66.5,0.5248258912731641,74.5,0.6295939205393997,74.5,0.6295939205393997,74.5,0.6295939205393997,8.0,0.10476802926623552
A0197,23.1396300112367,113.373441000257,0,65.0,0.3816172894883315,73.0,0.4871029970835749,73.0,0.4871029970835749,73.0,0.4871029970835749,8.0,0.1054857075952434
A0198,22.8292607570027,113.512806615216,1,75.0,0.9834592686343051,67.0,0.9747698204131585,67.0,0.9747698204131585,67.0,0.9747698204131585,-8.0,-0.00868944822114659
A0199,22.7740343384781,113.563484892444,1,74.5,0.9819708070143846,66.5,0.9725212639207788,66.5,0.9725212639207788,66.5,0.9725212639207788,-8.0,-0.009449543093605794
A0200,22.7609687421639,113.567051785148,1,75.0,0.9837468194471634,67.0,0.975204623524761,67.0,0.975204623524761,67.0,0.975204623524761,-8.0,-0.008542195922402351
A0201,23.06873265818,113.259724537227,0,67.0,0.6084635627422167,75.0,0.7051509333745353,75.0,0.7051509333745353,75.0,0.7051509333745353,8.0,0.09668737063231858
A0202,23.3804385369808,113.214808316726,4,70.0,0.6172489962898585,78.0,0.712790918911407,78.0,0.712790918911407,77.5,0.7072436555318237,7.5,0.08999465924196515
A0203,23.0683224425615,113.259826043953,0,67.0,0.6083000876390459,75.0,0.7050082558661758,75.0,0.7050082558661758,75.0,0.7050082558661758,8.0,0.09670816822712991
A0204,22.8066172363972,113.553841124661,1,66.5,0.9803244647321775,65.0,0.978703338742931,65.0,0.978703338742931,65.0,0.978703338742931,-1.5,-0.0016211259892464636
A0205,22.8080831187483,113.554093517069,1,66.5,0.9804099959152424,65.0,0.9787957646661224,65.0,0.9787957646661224,65.0,0.9787957646661224,-1.5,-0.0016142312491199684
A0206,22.807546702812,113.552166166666,1,70.0,0.9835788062693257,65.0,0.9786096680234402,65.0,0.9786096680234402,65.0,0.9786096680234402,-5.0,-0.004969138245885518
A0207,22.7515565254918,113.582300593937,1,70.0,0.9778088302244182,65.0,0.9711448902254749,65.0,0.9711448902254749,65.0,0.9711448902254749,-5.0,-0.0066639399989433246
A0208,22.7372249570996,113.493320018744,1,75.0,0.9822665312996938,67.0,0.9729677177381081,67.0,0.9729677177381081,67.0,0.9729677177381081,-8.0,-0.009298813561585684
A0209,22.7514939634161,113.583011167968,1,70.0,0.9778796120640827,65.0,0.971236302369696,65.0,0.971236302369696,65.0,0.971236302369696,-5.0,-0.006643309694386645
A0210,23.1087118142391,113.492884574249,0,67.0,0.6124967840616828,75.0,0.7086650553518454,75.0,0.7086650553518454,75.0,0.7086650553518454,8.0,0.09616827129016259
A0211,23.1438110113331,113.225977000331,0,66.0,0.654229179103142,74.0,0.7443631929014788,74.0,0.7443631929014788,73.0,0.7339750888895692,7.0,0.07974590978642715
A0212,23.452313317277,113.18650320598,4,70.0,0.7276974450354555,77.5,0.8001317979369368,77.5,0.8001317979369368,75.0,0.7777155078481771,5.0,0.050018062812721586
A0213,23.3387320144502,113.28750899998,4,68.0,0.4584974796047211,76.0,0.5657905434057585,76.0,0.5657905434057585,76.0,0.5657905434057585,8.0,0.10729306380103742
A0214,23.4663327934283,113.159491967779,4,70.0,0.731859457249962,77.0,0.7991966310092766,77.0,0.7991966310092766,75.0,0.7813427344499027,5.0,0.04948327719994061
A0215,23.1421736666503,113.225830285482,0,66.0,0.6559773337778253,74.0,0.7458326857549737,74.0,0.7458326857549737,73.0,0.7354830761484382,7.0,0.07950574237061292
A0216,23.374775772357,113.178884764987,4,70.5,0.6660807590212887,78.5,0.7542856736202935,78.5,0.7542856736202935,77.0,0.7389989834951048,6.5,0.07291822447381613
A0217,23.4707976950687,113.162317292602,4,70.0,0.7296003253161628,77.5,0.8016664578498083,77.5,0.8016664578498083,75.0,0.7793748283164863,5.0,0.04977450300032349
A0218,23.1369726166487,113.251180512779,0,66.0,0.36386535054066904,74.0,0.4681590136025107,74.0,0.4681590136025107,74.0,0.4681590136025107,8.0,0.10429366306184168
A0219,23.4567319436188,113.281831122566,4,70.5,0.6214789789487072,78.5,0.7164500662732501,78.5,0.7164500662732501,78.0,0.7109448168376787,7.5,0.08946583788897156
A0220,23.3928644657187,113.216877071196,4,65.0,0.5555901493817009,73.0,0.6579953412674284,73.0,0.6579953412674284,73.0,0.6579953412674284,8.0,0.1024051918857275
A0221,23.4594832741594,113.190665542288,4,70.0,0.7106917099674073,78.0,0.7908134568161881,78.0,0.7908134568161881,75.5,0.7676555443700582,5.5,0.05696383440265096
A0222,22.7102301705629,113.552891213297,1,75.0,0.9796140814056744,67.0,0.9689683551090051,67.0,0.9689683551090051,67.5,0.9697683424450683,-7.5,-0.009845738960606143
A0223,23.466897437603,113.156847690528,4,70.0,0.731144500859188,77.0,0.7986118132189141,77.5,0.8029102575895511,75.0,0.7807201859777078,5.0,0.04957568511851973
A0224,23.3948402819022,113.221447149273,4,70.0,0.6052672537107124,78.0,0.702357826315615,78.0,0.702357826315615,78.0,0.702357826315615,8.0,0.09709057260490261
A0225,23.3388714432594,113.111064901651,4,75.0,0.7562747181697101,79.5,0.7981627797632826,79.5,0.7981627797632826,79.0,0.7937873873545802,4.0,0.03751266918487006
A0226,23.4739306979279,113.228661761516,4,75.0,0.6667868128986423,83.0,0.7548738590479243,83.0,0.7548738590479243,81.0,0.734388850746393,6.0,0.06760203784775076
A0227,23.415362495971,113.255981176897,4,70.0,0.7356227717028505,77.0,0.8022702110076069,77.0,0.8022702110076069,74.5,0.7800278201249161,4.5,0.04440504842206561
A0228,23.3962014611059,113.214823185478,4,65.5,0.5685868701825403,73.5,0.6697772512610329,73.5,0.6697772512610329,73.5,0.6697772512610329,8.0,0.10119038107849265
A0229,23.4049935441326,113.218564358435,4,70.0,0.6267007901438842,78.0,0.7209499947700553,78.0,0.7209499947700553,77.5,0.7154974195513224,7.5,0.08879662940743815
A0230,23.0756222678072,113.288290696452,0,66.0,0.4483559853084443,74.0,0.5557113212205901,74.0,0.5557113212205901,74.0,0.5557113212205901,8.0,0.1073553359121458
A0231,23.3724341706871,113.207607097319,4,70.0,0.6149130257100552,78.0,0.7107648163442827,78.0,0.7107648163442827,78.0,0.7107648163442827,8.0,0.09585179063422744
A0232,23.425831172849,113.208056767498,4,70.0,0.7658656825189857,74.5,0.8065270738189689,74.5,0.8065270738189689,74.0,0.8022880866487592,4.0,0.03642240412977349
A0233,23.3984107824574,113.25153069652,4,70.0,0.6772878798222239,78.0,0.7635831724535818,78.0,0.7635831724535818,76.5,0.7486821857490403,6.5,0.07139430592681639
A0234,23.3895943664696,113.209449233563,4,70.0,0.6347951043442944,78.0,0.7278880224340958,78.0,0.7278880224340958,77.5,0.7225188371467576,7.5,0.08772373280246315
A0235,23.4038021496939,113.209090840207,4,70.0,0.6718617997868761,78.0,0.7590919584879952,78.0,0.7590919584879952,76.5,0.7440028003685463,6.5,0.07214100058167017
A0236,23.3950883145195,113.209232887461,4,70.0,0.6543265763344065,78.0,0.7444451185298752,78.0,0.7444451185298752,77.0,0.7340591542493333,7.0,0.07973257791492683
A0237,23.0969280105105,113.239735000161,0,66.0,0.40366916814094117,74.0,0.5102210475309895,74.0,0.5102210475309895,74.0,0.5102210475309895,8.0,0.10655187939004834
A0238,23.4084128090178,113.212755376026,4,70.0,0.6934506112756973,78.0,0.7768478997640262,78.0,0.7768478997640262,76.0,0.7576095912920583,6.0,0.064158980016361
A0239,23.0918714635254,113.337875769111,0,65.0,0.49505600067305866,73.0,0.6014027160325155,73.0,0.6014027160325155,73.0,0.6014027160325155,8.0,0.10634671535945683
A0240,23.3948402819022,113.221447149273,4,70.0,0.6052672537107124,78.0,0.702357826315615,78.0,0.702357826315615,78.0,0.702357826315615,8.0,0.09709057260490261
A0241,23.0953786446699,113.340585953241,0,65.5,0.5049864740846183,73.5,0.6108856172575615,73.5,0.6108856172575615,73.5,0.6108856172575615,8.0,0.10589914317294324
A0242,23.4064905563046,113.169637572138,4,71.5,0.6773285587986994,79.5,0.7636167701263435,79.5,0.7636167701263435,77.5,0.743614245907969,6.0,0.06628568710926963
A0243,23.1002261378906,113.272654115225,0,65.5,0.3957283847903399,73.5,0.5019485208310844,73.5,0.5019485208310844,73.5,0.5019485208310844,8.0,0.10622013604074454
A0244,23.1140539351209,113.268162269676,0,66.0,0.3639424186607445,74.0,0.4682419118070177,74.0,0.4682419118070177,74.0,0.4682419118070177,8.0,0.10429949314627318
A0245,23.4260402551923,113.205743562539,4,70.0,0.736163148299151,77.0,0.8027108974348892,77.0,0.8027108974348892,74.5,0.7805045162174066,4.5,0.0443413679182556
A0246,23.0914437936008,113.361995204673,0,66.5,0.5562879424340529,74.5,0.6586311369841713,74.5,0.6586311369841713,74.5,0.6586311369841713,8.0,0.10234319455011842
A0247,23.0725067756973,113.323263141182,0,66.0,0.6055964621844436,74.0,0.7026458415549818,74.0,0.7026458415549818,74.0,0.7026458415549818,8.0,0.09704937937053815
A0248,23.0987470300923,113.314500058647,0,65.0,0.41564736553806386,73.0,0.5225902176762146,73.0,0.5225902176762146,73.0,0.5225902176762146,8.0,0.10694285213815075
A0249,23.0922354401604,113.361821053777,0,66.5,0.5555690218526292,74.5,0.6579760851316135,74.5,0.6579760851316135,74.5,0.6579760851316135,8.0,0.1024070632789843
A0250,23.0922576316007,113.309217218266,0,65.5,0.4684731919639984,73.5,0.5756191788142826,73.5,0.5756191788142826,73.5,0.5756191788142826,8.0,0.1071459868502842
A0251,23.0781382751711,113.356352889423,0,66.5,0.6442949448608289,74.5,0.7359734841689355,74.5,0.7359734841689355,74.0,0.7307048132740015,7.5,0.08640986841317255
A0252,23.0720749507871,113.357390647834,0,67.0,0.6437588074057241,75.0,0.7355188058417577,75.0,0.7355188058417577,74.5,0.7302443873733755,7.5,0.08648557996765138
A0253,23.0868626906769,113.332467287231,0,65.0,0.5158051630776811,73.0,0.6211263042199745,73.0,0.6211263042199745,73.0,0.6211263042199745,8.0,0.1053211411422934
A0254,23.0934910827144,113.279266420157,0,65.5,0.42012592302520196,73.5,0.5271815121947182,73.5,0.5271815121947182,73.5,0.5271815121947182,8.0,0.10705558916951624
A0255,23.0888786540514,113.328379781568,0,65.0,0.5121125160142763,73.0,0.6176414617347223,73.0,0.6176414617347223,73.0,0.6176414617347223,8.0,0.10552894572044602
A0256,23.0869086308023,113.343204462598,0,65.5,0.5426129305159215,73.5,0.6461036928952163,73.5,0.6461036928952163,73.5,0.6461036928952163,8.0,0.10349076237929478
A0257,23.0876292287885,113.333841266126,0,65.0,0.524855970974639,73.0,0.6296220485258953,73.0,0.6296220485258953,73.0,0.6296220485258953,8.0,0.10476607755125633
A0258,23.0688473269984,113.322619933776,0,66.5,0.5884810421954295,74.5,0.6875691965098463,74.5,0.6875691965098463,74.5,0.6875691965098463,8.0,0.09908815431441675
A0259,23.0140365266132,113.399594747459,0,68.0,0.7244770202941252,76.0,0.8018454881636594,76.0,0.8018454881636594,73.0,0.7749036478477574,5.0,0.05042662755363225
A0260,23.0830827872767,113.339986287601,0,65.5,0.5449437347094614,73.5,0.6482489933561765,73.5,0.6482489933561765,73.5,0.6482489933561765,8.0,0.10330525864671503
A0261,23.0479763966089,113.289293329367,0,69.0,0.5638868225343464,77.0,0.6655311307155957,77.0,0.6655311307155957,77.0,0.6655311307155957,8.0,0.10164430818124925
A0262,23.0923158175952,113.333797010249,0,65.0,0.49466032604862736,73.0,0.6010232145419814,73.0,0.6010232145419814,73.0,0.6010232145419814,8.0,0.10636288849335401
A0263,22.941040742845,113.364357668065,3,65.0,0.4100795414037215,73.0,0.5168569257792048,73.0,0.5168569257792048,73.0,0.5168569257792048,8.0,0.10677738437548334
A0264,23.0960712672027,113.321480990538,0,65.5,0.4963800997466278,73.5,0.6026717641350527,73.5,0.6026717641350527,73.5,0.6026717641350527,8.0,0.10629166438842497
A0265,23.0191955713843,113.325271269013,0,65.5,0.48539479172247485,73.5,0.592099730490423,73.5,0.592099730490423,73.5,0.592099730490423,8.0,0.10670493876794812
A0266,22.814592396584,113.419107833613,1,75.0,0.9834087819580556,67.0,0.9746934937285527,67.0,0.9746934937285527,67.0,0.9746934937285527,-8.0,-0.008715288229502849
A0267,22.9663956802127,113.418650592067,1,67.0,0.9486544081787986,65.0,0.9431437749349406,65.0,0.9431437749349406,65.0,0.9431437749349406,-2.0,-0.005510633243858032
A0268,22.9345907957979,113.416799529649,1,70.0,0.9576578967106328,65.0,0.9452813251292579,65.0,0.9452813251292579,65.0,0.9452813251292579,-5.0,-0.012376571581374951
A0269,22.9910604358432,113.405244729793,0,70.5,0.7925523198885513,72.5,0.8097138338834998,72.5,0.8097138338834998,73.5,0.817878246892038,3.0,0.02532592700348668
A0270,22.9617871362599,113.442038240113,1,66.0,0.9572857924571223,65.0,0.9550272943969522,65.0,0.9550272943969522,65.0,0.9550272943969522,-1.0,-0.002258498060170089
A0271,22.889927928137,113.461447492481,1,72.0,0.9819161390310488,65.0,0.9738467992878401,65.0,0.9738467992878401,65.0,0.9738467992878401,-7.0,-0.00806933974320867
A0272,23.0217001615757,113.357449441031,0,68.0,0.5235213095243354,76.0,0.628373301903268,76.0,0.628373301903268,76.0,0.628373301903268,8.0,0.10485199237893261
A0273,22.8100654032477,113.414159872993,1,75.0,0.9828932757822821,67.0,0.9739143775781056,67.0,0.9739143775781056,67.0,0.9739143775781056,-8.0,-0.008978898204176522
A0274,23.0074313211394,113.320175523213,0,67.0,0.6071503926041456,75.0,0.7040042920290411,75.0,0.7040042920290411,75.0,0.7040042920290411,8.0,0.09685389942489553
A0275,22.9419492749117,113.371203549402,3,65.5,0.3905782070031856,73.5,0.4965519123359681,73.5,0.4965519123359681,73.5,0.4965519123359681,8.0,0.10597370533278255
A0276,22.9442835155064,113.404493207404,1,65.0,0.942036504942803,65.0,0.942036504942803,65.0,0.942036504942803,65.0,0.942036504942803,0.0,0.0
A0277,22.9648193856445,113.35658051101,3,66.5,0.3958489968194788,74.5,0.502074608139269,74.5,0.502074608139269,74.5,0.502074608139269,8.0,0.10622561131979014
A0278,22.9345907957979,113.416799529649,1,70.0,0.9576578967106328,65.0,0.9452813251292579,65.0,0.9452813251292579,65.0,0.9452813251292579,-5.0,-0.012376571581374951
A0279,22.9803507142826,113.322274897324,3,66.0,0.4281876770469476,74.0,0.5354008184867762,74.0,0.5354008184867762,74.0,0.5354008184867762,8.0,0.10721314143982863
A0280,22.9570529358364,113.423847297525,1,67.0,0.9590263357110732,65.0,0.954575561554339,65.0,0.954575561554339,65.0,0.954575561554339,-2.0,-0.004450774156734227
A0281,22.9685945194393,113.408129594819,1,65.5,0.9460036285325168,65.0,0.9446106994836342,65.0,0.9446106994836342,65.0,0.9446106994836342,-0.5,-0.0013929290488826629
A0282,22.954544920309,113.345148218755,3,66.5,0.4275141503816201,74.5,0.5347163512024795,74.5,0.5347163512024795,74.5,0.5347163512024795,8.0,0.1072022008208594
A0283,22.9226513421145,113.37549023365,1,68.0,0.9365066877234575,65.0,0.9261885110419636,65.0,0.9261885110419636,65.0,0.9261885110419636,-3.0,-0.010318176681493818
A0284,22.9422816695258,113.36044210182,3,65.0,0.39746099283075015,73.0,0.503758486041897,73.0,0.503758486041897,73.0,0.503758486041897,8.0,0.10629749321114684
A0285,22.9532139767131,113.365905849252,3,65.5,0.3865217257577025,73.5,0.49228387813694896,73.5,0.49228387813694896,73.5,0.49228387813694896,8.0,0.10576215237924647
A0286,22.9543575536001,113.368049181045,3,65.5,0.38811354096305795,73.5,0.4939605492630258,73.5,0.4939605492630258,73.5,0.4939605492630258,8.0,0.10584700829996785
A0287,22.9677616002698,113.404437697513,1,65.5,0.9451411010945514,65.0,0.9437272452276758,65.0,0.9437272452276758,65.0,0.9437272452276758,-0.5,-0.0014138558668755907
A0288,22.9541090079089,113.35841800032,3,65.5,0.4731619609554232,73.5,0.5802097274636089,73.5,0.5802097274636089,73.5,0.5802097274636089,8.0,0.1070477665081857
A0289,22.9400120209537,113.360734032246,3,65.0,0.3962982305801081,73.0,0.502544116379754,73.0,0.502544116379754,73.0,0.502544116379754,8.0,0.10624588579964594
A0290,23.0539947236249,113.269913812089,0,69.0,0.6673903006616915,77.0,0.7553763397680378,77.0,0.7553763397680378,75.5,0.7401341265738777,6.5,0.0727438259121862
A0291,22.9428917947507,113.360686171427,3,65.0,0.39820797292781857,73.0,0.5045379586365213,73.0,0.5045379586365213,73.0,0.5045379586365213,8.0,0.10632998570870272
A0292,23.5552806571256,113.598866296147,4,70.0,0.7804617333834923,73.0,0.8069040963261562,73.0,0.8069040963261562,73.5,0.8110674214818678,3.5,0.030605688098375494
A0293,22.9454816134881,113.403309240742,1,65.0,0.9443466182955337,65.0,0.9443466182955337,65.0,0.9443466182955337,65.0,0.9443466182955337,0.0,0.0
A0294,22.9695087864523,113.382774251672,0,67.5,0.608986505127991,75.5,0.7056072189744298,75.5,0.7056072189744298,75.5,0.7056072189744298,8.0,0.09662071384643878
A0295,23.5634113272119,113.580384782268,4,70.0,0.7997189748378779,71.5,0.8123523576219767,71.5,0.8123523576219767,72.5,0.8204286685894413,2.5,0.020709693751563396
A0296,23.625476281953,113.431395570977,4,70.0,0.5448840416506392,78.0,0.6481941031235023,78.0,0.6481941031235023,78.0,0.6481941031235023,8.0,0.10331006147286315
A0297,23.8783980646874,113.539711364689,4,70.0,0.7536090152542927,75.5,0.8044477333868515,75.5,0.8044477333868515,74.0,0.7914188148910224,4.0,0.0378097996367297
A0298,23.7231177315918,113.739427045502,4,75.0,0.8001744754631022,75.5,0.8044477333868515,75.5,0.8044477333868515,77.5,0.8208476203541203,2.5,0.020673144891018125
A0299,23.5603869306323,113.601878162707,4,70.0,0.7714501706235704,74.0,0.8072225112901151,74.0,0.8072225112901151,73.5,0.8029950392939109,3.5,0.031544868670340565
A0300,23.5443598586509,113.592683288069,4,70.0,0.7759861426782223,73.5,0.8070615255531812,73.5,0.8070615255531812,73.5,0.8070615255531812,3.5,0.031075382874958923
A0301,23.5445699394393,113.592693395803,4,70.0,0.7813505089085488,73.0,0.807712197352563,73.0,0.807712197352563,73.5,0.8118621615492826,3.5,0.030511652640733744
A0302,23.5507963621779,113.596300622424,4,70.0,0.7921951636856385,72.0,0.8093791177552805,72.0,0.8093791177552805,73.0,0.817554656180917,3.0,0.02535949249527858
A0303,23.8161076699866,113.957929440388,4,75.0,0.8001744754631022,75.5,0.8044477333868515,75.5,0.8044477333868515,77.5,0.8208476203541203,2.5,0.020673144891018125
A0304,23.5496608593721,113.592775572791,4,70.0,0.7970182775351786,71.5,0.8097814955053454,71.5,0.8097814955053454,72.5,0.8179436581574497,2.5,0.020925380622271117
A0305,23.2315862158006,113.264376444648,0,66.5,0.6554613966643626,74.5,0.7453992036063208,74.5,0.7453992036063208,73.5,0.7350382134676515,7.0,0.07957681680328887
A0306,23.5565433531905,113.59466398704,4,70.0,0.8131711386666713,70.0,0.8131711386666713,70.0,0.8131711386666713,72.0,0.8289949579040365,2.0,0.0158238192373652
A0307,23.5509090172857,113.602250999917,4,70.0,0.7659625390083366,74.5,0.8066113569483953,74.5,0.8066113569483953,73.5,0.7980665616069812,3.5,0.032104022598644644
A0308,23.451655228992,113.284509235392,4,70.0,0.5581034677043979,78.0,0.6602836343867177,78.0,0.6602836343867177,78.0,0.6602836343867177,8.0,0.10218016668231977
A0309,23.2141768895224,113.283053118991,0,65.5,0.5634231247193792,73.5,0.6651113222277423,73.5,0.6651113222277423,73.5,0.6651113222277423,8.0,0.10168819750836311
A0310,23.3433234671707,113.30125296199,4,66.5,0.456133701482531,74.5,0.5634491839319878,74.5,0.5634491839319878,74.5,0.5634491839319878,8.0,0.10731548244945682
A0311,23.5584065115483,113.589514390519,4,70.0,0.810300896135883,70.5,0.8144078283185708,70.5,0.8144078283185708,72.5,0.8301487821777509,2.5,0.019847886041867935
A0312,23.2410397884986,113.311197191406,0,65.5,0.4483730410792541,73.5,0.5557283467547166,73.5,0.5557283467547166,73.5,0.5557283467547166,8.0,0.10735530567546253
A0313,23.1726853608924,113.282908079482,0,67.5,0.5376733656000579,75.5,0.6415434456039166,75.5,0.6415434456039166,75.5,0.6415434456039166,8.0,0.10387008000385878
A0314,23.1791674407324,113.25790735052,0,65.5,0.41728283437164887,73.5,0.524268952886994,73.5,0.524268952886994,73.5,0.524268952886994,8.0,0.10698611851534517
A0315,23.2290590127881,113.274368000391,0,66.0,0.6457230794604234,74.0,0.737183681112962,74.0,0.737183681112962,73.5,0.7319303635990375,7.5,0.08620728413861412
A0316,23.1991462436325,113.259458632508,0,65.5,0.5118816612725433,73.5,0.6174232373313925,73.5,0.6174232373313925,73.5,0.6174232373313925,8.0,0.10554157605884917
A0317,23.21375407025,113.284813628909,0,65.5,0.5208723090872345,73.5,0.6258906681212625,73.5,0.6258906681212625,73.5,0.6258906681212625,8.0,0.10501835903402801
A0318,23.2539606231786,113.3157819451,0,65.5,0.5124396166551177,73.5,0.617950593452062,73.5,0.617950593452062,73.5,0.617950593452062,8.0,0.10551097679694432
A0319,23.2138522396319,113.250263998616,0,65.5,0.6955984418806753,73.5,0.7785979689438737,73.5,0.7785979689438737,71.5,0.7594638208179886,6.0,0.06386537893731326
A0320,23.2169617302372,113.286259611525,0,65.0,0.5395820069050258,73.0,0.6433077489347511,73.0,0.6433077489347511,73.0,0.6433077489347511,8.0,0.10372574202972529
A0321,23.2945140830139,113.331306286413,0,69.0,0.7730226265689021,73.0,0.8086099083077486,73.0,0.8086099083077486,72.5,0.8044054888774285,3.5,0.03138286230852638
A0322,23.2418876586757,113.277071510111,0,66.0,0.5878367138935413,74.0,0.6869974945868146,74.0,0.6869974945868146,74.0,0.6869974945868146,8.0,0.09916078069327328
A0323,23.2422595225982,113.311166428036,0,65.5,0.4753667597564615,73.5,0.5823619560532651,73.5,0.5823619560532651,73.5,0.5823619560532651,8.0,0.10699519629680365
A0324,23.1836503160286,113.23346030743,0,65.0,0.5961698776623,73.0,0.694368185714718,73.0,0.694368185714718,73.0,0.694368185714718,8.0,0.09819830805241803
A0325,23.1990704508838,113.238775254148,0,65.5,0.5579438931157314,73.5,0.6601384886996653,73.5,0.6601384886996653,73.5,0.6601384886996653,8.0,0.10219459558393384
A0326,23.2370947579221,113.283780707827,0,65.5,0.5621416176159145,73.5,0.6639502731727767,73.5,0.6639502731727767,73.5,0.6639502731727767,8.0,0.10180865555686214
A0327,23.1871881251048,113.33669812113,0,66.0,0.4218561037955818,74.0,0.5289504104661,74.0,0.5289504104661,74.0,0.5289504104661,8.0,0.10709430667051822
A0328,23.2203504832305,113.249281992413,0,66.0,0.7601060527036045,71.5,0.8099422981938542,71.5,0.8099422981938542,70.0,0.7971871674416844,4.0,0.037081114738079846
A0329,23.2184431225644,113.233372520524,0,65.0,0.6199844189808723,73.0,0.7151586254864589,73.0,0.7151586254864589,73.0,0.7151586254864589,8.0,0.09517420650558661
A0330,23.2127790884372,113.264933810878,0,65.5,0.5978077711885594,73.5,0.6958110160315715,73.5,0.6958110160315715,73.5,0.6958110160315715,8.0,0.09800324484301204
A0331,23.2278329763257,113.309807315155,0,65.5,0.5329903675115888,73.5,0.6372026453425308,73.5,0.6372026453425308,73.5,0.6372026453425308,8.0,0.104212277830942
A0332,23.1780159610261,113.246117778807,0,65.0,0.46615688593858623,73.0,0.5733445522918256,73.0,0.5733445522918256,73.0,0.5733445522918256,8.0,0.10718766635323934
A0333,23.2205046444513,113.282637918591,0,65.5,0.5434023963776524,73.5,0.6468307937259707,73.5,0.6468307937259707,73.5,0.6468307937259707,8.0,0.10342839734831832
A0334,23.1862330842068,113.236325834633,0,65.0,0.5806539403361257,73.0,0.6806038614020878,73.0,0.6806038614020878,73.0,0.6806038614020878,8.0,0.09994992106596212
A0335,23.2945140830139,113.331306286413,0,69.0,0.7730226265689021,73.0,0.8086099083077486,73.0,0.8086099083077486,72.5,0.8044054888774285,3.5,0.03138286230852638
A0336,23.1589895713282,113.227692632702,0,65.5,0.5764073965011094,73.5,0.6768061021812715,73.5,0.6768061021812715,73.5,0.6768061021812715,8.0,0.10039870568016207
A0337,23.2139486173374,113.28101500123,0,65.5,0.5557973823983018,73.5,0.6581842005127839,73.5,0.6581842005127839,73.5,0.6581842005127839,8.0,0.10238681811448214
A0338,23.1788683820703,113.248234670775,0,65.0,0.46638215896323787,73.0,0.5735659709879191,73.0,0.5735659709879191,73.0,0.5735659709879191,8.0,0.10718381202468119
A0339,23.2187216190125,113.232305309581,0,65.0,0.618788261390597,73.0,0.7141239085050171,73.0,0.7141239085050171,73.0,0.7141239085050171,8.0,0.09533564711442011
A0340,23.2179401249466,113.236867505669,0,65.5,0.64132088228191,73.5,0.7334488291165012,73.5,0.7334488291165012,73.0,0.7281483876197008,7.5,0.08682750533779082
A0341,23.2945140830139,113.331306286413,0,69.0,0.7730226265689021,73.0,0.8086099083077486,73.0,0.8086099083077486,72.5,0.8044054888774285,3.5,0.03138286230852638
A0342,23.2315862158006,113.264376444648,0,66.5,0.6554613966643626,74.5,0.7453992036063208,74.5,0.7453992036063208,73.5,0.7350382134676515,7.0,0.07957681680328887
A0343,23.2315970128017,113.283056999671,0,65.5,0.5415625465731888,73.5,0.6451355430732826,73.5,0.6451355430732826,73.5,0.6451355430732826,8.0,0.10357299650009377
A0344,23.153345169411,113.239681806102,0,66.0,0.5903906328961434,74.0,0.6892617758129383,74.0,0.6892617758129383,74.0,0.6892617758129383,8.0,0.098871142916795
A0345,23.2127106445265,113.264474385999,0,65.5,0.597543895544166,73.5,0.6955786965805979,73.5,0.6955786965805979,73.5,0.6955786965805979,8.0,0.09803480103643192
A0346,23.2213710444092,113.236085547791,0,65.5,0.6886379330500165,73.5,0.7729157633778421,73.5,0.7729157633778421,71.5,0.7534460486191549,6.0,0.06480811556913835
A0347,23.1728152741435,113.322414943153,0,66.0,0.5046070840960128,74.0,0.6105247927346644,74.0,0.6105247927346644,74.0,0.6105247927346644,8.0,0.10591770863865158
A0348,23.206365215514,113.335895625293,0,65.5,0.4221340891442344,73.5,0.5292343659133035,73.5,0.5292343659133035,73.5,0.5292343659133035,8.0,0.10710027676906914
A0349,23.2363716469651,113.279566039833,0,65.5,0.6070934225545432,73.5,0.703954518920929,73.5,0.703954518920929,73.5,0.703954518920929,8.0,0.09686109636638573
A0350,23.1953868141147,113.24107025225,0,65.0,0.5083627629125624,73.0,0.6140915855650512,73.0,0.6140915855650512,73.0,0.6140915855650512,8.0,0.10572882265248873
A0351,23.2262087621914,113.309597291327,0,65.5,0.5309719636176274,73.5,0.6353264773885005,73.5,0.6353264773885005,73.5,0.6353264773885005,8.0,0.10435451377087301
A0352,23.1570952030703,113.229730924734,0,65.5,0.5588564275662917,73.5,0.6609682519729964,73.5,0.6609682519729964,73.5,0.6609682519729964,8.0,0.10211182440670463
A0353,23.1618569962278,113.267647183093,0,65.5,0.4826791458258565,73.5,0.5894709349123456,73.5,0.5894709349123456,73.5,0.5894709349123456,8.0,0.10679178908648906
A0354,23.1564503764983,113.25493629847,0,66.5,0.4867389081688766,74.5,0.5933986049208086,74.5,0.5933986049208086,74.5,0.5933986049208086,8.0,0.10665969675193204
A0355,22.6389990620084,114.067579305816,2,65.5,0.2352545705721394,73.5,0.3213041373309557,73.5,0.3213041373309557,73.5,0.3213041373309557,8.0,0.08604956675881631
A0356,22.5192435219873,113.919528084477,2,65.5,0.3345633746807564,73.5,0.4362175785345849,73.5,0.4362175785345849,73.5,0.4362175785345849,8.0,0.1016542038538285
A0357,22.6705773556367,113.873589422526,2,72.5,0.43685459195245957,80.5,0.544172629193834,80.5,0.544172629193834,80.5,0.544172629193834,8.0,0.10731803724137445
A0358,22.5878132063265,113.972902100183,2,66.5,0.2238841915336971,74.5,0.30744679960596183,74.5,0.30744679960596183,74.5,0.30744679960596183,8.0,0.08356260807226473
A0359,22.5720465259862,114.118813432035,2,66.0,0.1776503690232499,74.0,0.24950418017080178,74.0,0.24950418017080178,74.0,0.24950418017080178,8.0,0.07185381114755188
A0360,22.5824326423416,113.959148610744,2,65.5,0.22124659693994728,73.5,0.3042106214001432,73.5,0.3042106214001432,73.5,0.3042106214001432,8.0,0.08296402446019593
A0361,22.6800886065083,113.834786135085,2,65.5,0.33027162690112694,73.5,0.43146733714046764,73.5,0.43146733714046764,73.5,0.43146733714046764,8.0,0.10119571023934071
A0362,22.5635259004334,113.989355615712,2,66.0,0.4005042825322872,74.0,0.506930921832693,74.0,0.506930921832693,74.0,0.506930921832693,8.0,0.10642663930040575
A0363,23.0121795664196,113.397404768457,0,68.0,0.7237134484752766,76.0,0.8012375062529927,76.0,0.8012375062529927,73.0,0.7742362767488953,5.0,0.05052282827361865
A0364,22.6873086955968,113.945959701828,2,65.0,0.19825110863604872,73.0,0.27564432700016783,73.0,0.27564432700016783,73.0,0.27564432700016783,8.0,0.07739321836411911
A0365,23.2177188982725,113.235560013017,0,65.5,0.6303620969664363,73.5,0.7240938741187395,73.5,0.7240938741187395,73.0,0.7186787587856915,7.5,0.08831666181925524
A0366,23.2737321369292,113.301097836307,0,66.0,0.5042458068248629,74.0,0.6101810867361409,74.0,0.6101810867361409,74.0,0.6101810867361409,8.0,0.10593527991127805
A0367,23.3008098153715,113.362141773997,0,65.5,0.6055629131304816,73.5,0.7026164939568305,73.5,0.7026164939568305,73.5,0.7026164939568305,8.0,0.09705358082634885
A0368,23.2617227071835,113.278165851035,0,65.5,0.5577195001321145,73.5,0.6599343530902331,73.5,0.6599343530902331,73.5,0.6599343530902331,8.0,0.10221485295811861
A0369,22.5460535462053,114.025973657322,2,66.5,0.34840890923482903,74.5,0.4514161365460369,74.5,0.4514161365460369,74.5,0.4514161365460369,8.0,0.10300722731120787
A0370,23.1431172149711,113.225451178099,0,66.0,0.6551750606120901,74.0,0.7451585517398566,74.0,0.7451585517398566,73.0,0.7347912526765913,7.0,0.07961619206450121
A0371,23.300429499058,113.362121549546,0,65.5,0.6058090662582912,73.5,0.702831801938168,73.5,0.702831801938168,73.5,0.702831801938168,8.0,0.09702273567987674
A0372,23.199247592595,113.334818026987,0,65.5,0.4189784092547076,73.5,0.5260068353565811,73.5,0.5260068353565811,73.5,0.5260068353565811,8.0,0.10702842610187352
A0373,23.0970508132233,113.65815243231,1,68.0,0.9785454202396963,65.0,0.9748755999293127,65.0,0.9748755999293127,65.0,0.9748755999293127,-3.0,-0.0036698203103835425
A0374,23.1292895501859,113.660440161324,1,75.0,0.9702489077412756,67.0,0.9549375639268296,67.0,0.9549375639268296,68.5,0.9582906702929982,-6.5,-0.011958237448277398
A0375,22.6415353446723,114.071911743459,2,65.5,0.2729751362152041,73.5,0.3662147817707775,73.5,0.3662147817707775,73.5,0.3662147817707775,8.0,0.0932396455555734
A0376,23.0309814250994,113.315793623072,0,65.0,0.4428897726993523,73.0,0.5502417816446704,73.0,0.5502417816446704,73.0,0.5502417816446704,8.0,0.1073520089453181
A0377,22.9798450837371,113.32124534938,3,66.0,0.4274424030666469,74.0,0.5346434146374598,74.0,0.5346434146374598,74.0,0.5346434146374598,8.0,0.10720101157081291
A0378,23.1320667530002,113.274983579513,0,65.0,0.35720452855977713,73.0,0.4609724936801024,73.0,0.4609724936801024,73.0,0.4609724936801024,8.0,0.10376796512032527
A0379,23.129749076947,113.27520379821,0,65.0,0.3557153436669583,73.0,0.45935985460078366,73.0,0.45935985460078366,73.0,0.45935985460078366,8.0,0.10364451093382537
A0380,22.9626785886346,113.44558975742,1,66.0,0.960756724362157,65.0,0.9586738277839882,65.0,0.9586738277839882,65.0,0.9586738277839882,-1.0,-0.002082896578168736
A0381,23.1285800369406,113.301162220558,0,65.5,0.49570902625854724,73.5,0.6020287699476996,73.5,0.6020287699476996,73.5,0.6020287699476996,8.0,0.10631974368915237
A0382,23.1424679663343,113.300500023872,0,65.0,0.45663040208250444,73.0,0.5639415709882224,73.0,0.5639415709882224,73.0,0.5639415709882224,8.0,0.10731116890571796
A0383,23.1824607136605,113.349796552716,0,66.0,0.4729399763698348,74.0,0.5799928099343452,74.0,0.5799928099343452,74.0,0.5799928099343452,8.0,0.1070528335645104
A0384,22.7766539600848,113.593355832336,1,75.0,0.9776139850468556,67.0,0.9659600823945698,67.0,0.9659600823945698,67.5,0.9668349677803038,-7.5,-0.010779017266551838
A0385,22.6494630437426,113.61298488569,2,75.0,0.727548348396502,81.5,0.7912505224561918,81.5,0.7912505224561918,79.5,0.7728908881820983,4.5,0.045342539785596325
A0386,23.1389117583799,113.327461284846,0,65.0,0.5062684654467802,73.0,0.6121040166379293,73.0,0.6121040166379293,73.0,0.6121040166379293,8.0,0.10583555119114918
A0387,23.123828970428,113.329808547261,0,65.5,0.5408380738213068,73.5,0.6444672944196489,73.5,0.6444672944196489,73.5,0.6444672944196489,8.0,0.10362922059834212
A0388,22.8083933706056,113.553916809104,1,72.0,0.9853625296648437,65.0,0.9787978245324473,65.0,0.9787978245324473,65.0,0.9787978245324473,-7.0,-0.006564705132396376
A0389,23.1441611874437,113.293760883836,0,65.5,0.4364681912443851,73.5,0.5437829647623906,73.5,0.5437829647623906,73.5,0.5437829647623906,8.0,0.10731477351800556
A0390,22.8277143535964,113.521871138538,1,74.0,0.9820262375354005,66.0,0.9726049364321724,66.0,0.9726049364321724,66.0,0.9726049364321724,-8.0,-0.009421301103228141
A0391,23.1356204334411,113.304810722521,0,65.0,0.4338680971485901,73.0,0.5411574885758051,73.0,0.5411574885758051,73.0,0.5411574885758051,8.0,0.10728939142721505
A0392,23.127426434224,113.258166227795,0,65.0,0.39432986821702776,73.0,0.5004855303188737,73.0,0.5004855303188737,73.0,0.5004855303188737,8.0,0.1061556621018459
A0393,23.4466609971413,113.220175512121,4,75.0,0.7403220441354418,80.5,0.7931498112899148,80.5,0.7931498112899148,79.0,0.7795744111595615,4.0,0.039252367024119716
A0394,23.0806820394645,113.275790383623,0,66.0,0.4533205990082351,74.0,0.5606565138817086,74.0,0.5606565138817086,74.0,0.5606565138817086,8.0,0.10733591487347344
A0395,23.4743092941471,113.163008025374,4,75.0,0.7806299058031813,77.5,0.8028268060337693,77.5,0.8028268060337693,78.0,0.807057020674194,3.0,0.02642711487101279
A0396,23.120114010906,113.253472000303,0,65.5,0.38806964531772026,73.5,0.49391434554358565,73.5,0.49391434554358565,73.5,0.49391434554358565,8.0,0.1058447002258654
A0397,23.4418427444799,113.328650207459,4,72.0,0.5999038848675649,80.0,0.6976546872740192,80.0,0.6976546872740192,80.0,0.6976546872740192,8.0,0.0977508024064544
A0398,23.378032945333,113.256925866412,4,75.0,0.689774688011726,83.0,0.773845875626813,83.0,0.773845875626813,80.5,0.7494048031913282,5.5,0.05963011517960215
A0399,23.4422022951455,113.330027902687,4,72.0,0.601180662176601,80.0,0.6987761559204301,80.0,0.6987761559204301,80.0,0.6987761559204301,8.0,0.09759549374382903
A0400,23.4032988937471,113.239851353182,4,75.0,0.610523112557508,83.0,0.7069468431870873,83.0,0.7069468431870873,82.5,0.7013340006761244,7.5,0.09081088811861637
A0401,23.4311596868872,113.425450543792,4,75.0,0.773193231889017,78.0,0.800287030591801,78.0,0.800287030591801,78.0,0.800287030591801,3.0,0.027093798702783944
A0402,23.0303004946802,113.314598833626,0,65.0,0.46181767590536466,73.0,0.5690711835868445,73.0,0.5690711835868445,73.0,0.5690711835868445,8.0,0.10725350768147984
A0403,22.9747908619712,113.329363505152,3,66.0,0.42947223561588865,74.0,0.5367051244788293,74.0,0.5367051244788293,74.0,0.5367051244788293,8.0,0.10723288886294069
A0404,23.0133503923012,113.395322940947,0,68.0,0.7215663137806835,76.0,0.7995259534713873,76.0,0.7995259534713873,73.0,0.7723582738609358,5.0,0.05079196008025233
A0405,22.889927928137,113.461447492481,1,72.0,0.9819161390310488,65.0,0.9738467992878401,65.0,0.9738467992878401,65.0,0.9738467992878401,-7.0,-0.00806933974320867
A0406,22.842244770478,113.34507674867,3,73.0,0.7658948199964998,77.0,0.8023138614235885,77.0,0.8023138614235885,76.5,0.7980056822122449,3.5,0.032110862215745106
A0407,23.4644497271334,113.17289253005,4,75.0,0.81802513376478,74.0,0.8098657748123214,73.5,0.8056823141629926,76.5,0.8297496214831648,1.5,0.011724487718384746
A0408,23.0276837498034,113.317861522355,0,65.0,0.4764848722104316,73.0,0.5834518535151944,73.0,0.5834518535151944,73.0,0.5834518535151944,8.0,0.10696698130476273
A0409,22.9755619199802,113.497229597034,1,75.0,0.9674918474532136,67.0,0.9508334900494465,67.0,0.9508334900494465,68.5,0.9544774235768007,-6.5,-0.01301442387641294
A0410,22.8399689196883,113.349896587119,1,73.5,0.9815934643643539,65.5,0.9719517957843266,65.5,0.9719517957843266,65.5,0.9719517957843266,-8.0,-0.009641668580027352
A0411,22.9122911460487,113.350763623513,3,75.0,0.6327035154634587,83.0,0.7260995456388991,83.0,0.7260995456388991,82.0,0.7152531826100719,7.0,0.08254966714661316
A0412,23.0274921446275,113.320897653944,0,65.0,0.46131350540000415,73.0,0.5685736251637982,73.0,0.5685736251637982,73.0,0.5685736251637982,8.0,0.10726011976379402
A0413,22.9505863015384,113.360998992846,3,65.5,0.4044121874460657,73.5,0.5109921337318655,73.5,0.5109921337318655,73.5,0.5109921337318655,8.0,0.10657994628579975
A0414,22.9728433412892,113.33540875269,3,65.5,0.43775232212263526,73.5,0.5450774350821053,73.5,0.5450774350821053,73.5,0.5450774350821053,8.0,0.10732511295947
A0415,22.9609932512206,113.442775215343,1,72.0,0.9756569892741191,65.0,0.9648945590658814,65.0,0.9648945590658814,65.0,0.9648945590658814,-7.0,-0.01076243020823775
A0416,22.9628339452883,113.406359711981,1,65.5,0.9475806287794571,65.0,0.9462260686927692,65.0,0.9462260686927692,65.0,0.9462260686927692,-0.5,-0.0013545600866879948
A0417,22.9537741327476,113.406340583464,1,65.5,0.9435098152713514,65.0,0.942056494430543,65.0,0.942056494430543,65.0,0.942056494430543,-0.5,-0.001453320840808403
A0418,23.5419698533912,113.597955232004,4,75.0,0.8134609209297701,74.0,0.8051456602374008,74.0,0.8051456602374008,77.0,0.8292653497393946,2.0,0.015804428809624516
A0419,22.9429413696911,113.406527119341,1,65.0,0.9426486622968929,65.0,0.9426486622968929,65.0,0.9426486622968929,65.0,0.9426486622968929,0.0,0.0
A0420,22.8944532099976,113.409663520219,1,70.0,0.9469447327086548,65.0,0.931660174484708,65.0,0.931660174484708,65.5,0.9333558057330541,-4.5,-0.013588926975600657
A0421,23.0161960097444,113.331499140264,0,65.5,0.4798535191122914,73.5,0.5867291857482086,73.5,0.5867291857482086,73.5,0.5867291857482086,8.0,0.10687566663591724
A0422,23.156559482763,113.214927947664,0,66.5,0.598771851007587,74.5,0.6966593794090838,74.5,0.6966593794090838,74.5,0.6966593794090838,8.0,0.09788752840149684
A0423,22.9564903004594,113.37569955141,3,65.5,0.37297588178616004,73.5,0.47791901808358367,73.5,0.47791901808358367,73.5,0.47791901808358367,8.0,0.10494313629742363
A0424,23.5536667149567,113.595113187405,4,75.0,0.8357497136192165,72.0,0.8123387708123176,72.0,0.8123387708123176,76.0,0.843013612931717,1.0,0.007263899312500488
A0425,23.2988137457814,113.362942086053,0,65.5,0.6241912871140305,73.5,0.7187897802536086,73.5,0.7187897802536086,73.5,0.7187897802536086,8.0,0.09459849313957813
A0426,23.4545743426997,113.498304440238,4,80.0,0.8378193061388922,75.5,0.8021209326494534,75.5,0.8021209326494534,80.5,0.8414470470054247,0.5,0.003627740866532503
A0427,23.2516148006236,113.292355934019,0,66.0,0.5480203422724318,74.0,0.6510743694978534,74.0,0.6510743694978534,74.0,0.6510743694978534,8.0,0.10305402722542156
A0428,23.2811907548296,113.237639583208,0,75.0,0.6952519054067563,83.0,0.7783158077105784,83.0,0.7783158077105784,80.5,0.7542043734111635,5.5,0.05895246800440723
A0429,23.5532427964904,113.595383667194,4,75.0,0.8357935269742574,72.0,0.8123874271169857,72.0,0.8123874271169857,76.0,0.8430558525236893,1.0,0.007262325549431958
A0430,23.2584006380005,113.299976259658,0,66.0,0.5164785030847927,74.0,0.6217605822301591,74.0,0.6217605822301591,74.0,0.6217605822301591,8.0,0.10528207914536636
A0431,23.5538084332656,113.595332846458,4,75.0,0.8359180950751488,72.0,0.8125257684405237,72.0,0.8125257684405237,76.0,0.8431759451043129,1.0,0.007257850029164126
A0432,23.2071763291842,113.264351529246,0,65.0,0.5776325658469932,73.0,0.6779031533650958,73.0,0.6779031533650958,73.0,0.6779031533650958,8.0,0.10027058751810258
A0433,23.2205046444513,113.282637918591,0,65.5,0.5434023963776524,73.5,0.6468307937259707,73.5,0.6468307937259707,73.5,0.6468307937259707,8.0,0.10342839734831832
A0434,23.2177287604034,113.273663975906,0,65.5,0.5660102079016682,73.5,0.6674514823131329,73.5,0.6674514823131329,73.5,0.6674514823131329,8.0,0.10144127441146467
A0435,23.4580336555592,113.186915348548,4,75.0,0.7658643029284846,78.5,0.7979782468840374,78.5,0.7979782468840374,78.5,0.7979782468840374,3.5,0.03211394395555278
A0436,23.3754397964086,113.213463779751,4,75.0,0.6635788845005318,83.0,0.7521988072481613,83.0,0.7521988072481613,81.5,0.7368275846792952,6.5,0.07324870017876339
A0437,23.474842874825,113.190817204106,4,75.0,0.7298605437725029,81.5,0.7931757853540718,81.5,0.7931757853540718,79.5,0.7749373155247568,4.5,0.045076771752253886
A0438,23.472901888906,113.17009429132,4,75.0,0.769519701268488,78.0,0.7969370814406525,78.0,0.7969370814406525,78.5,0.8012623759804356,3.5,0.03174267471194758
A0439,23.4684162918268,113.161180117391,4,75.0,0.7792599678768751,77.5,0.801560247855305,77.5,0.801560247855305,78.0,0.8058110629492455,3.0,0.026551095072370412
A0440,22.5261987627598,113.989221103445,2,69.5,0.46602014007854115,77.5,0.5732101251378353,77.5,0.5732101251378353,77.5,0.5732101251378353,8.0,0.10718998505929417
A0441,22.5552812580573,114.116091331883,2,67.0,0.21321086480528467,75.0,0.2943003679357324,75.0,0.2943003679357324,75.0,0.2943003679357324,8.0,0.08108950313044772
A0442,22.7228646081948,114.244500689134,2,69.0,0.3785776403349844,77.0,0.483880596489897,77.0,0.483880596489897,77.0,0.483880596489897,8.0,0.10530295615491259
A0443,22.5677825311535,114.178127474059,2,73.0,0.3817526346625214,81.0,0.48724627593240943,81.0,0.48724627593240943,81.0,0.48724627593240943,8.0,0.10549364126988803
A0444,22.5638244435893,113.990763435615,2,66.5,0.4072544113570744,74.5,0.5139370466633456,74.5,0.5139370466633456,74.5,0.5139370466633456,8.0,0.1066826353062712
A0445,22.6315777017323,114.123302633871,2,72.0,0.282001055679845,80.0,0.3767261519711482,80.0,0.3767261519711482,80.0,0.3767261519711482,8.0,0.09472509629130321
A0446,22.6815574126063,113.946203836112,2,72.0,0.2692932673201868,80.0,0.36190132117407425,80.0,0.36190132117407425,80.0,0.36190132117407425,8.0,0.09260805385388743
A0447,22.5470051749444,114.111156285752,2,66.5,0.23078948589024562,74.5,0.31588044883590205,74.5,0.31588044883590205,74.5,0.31588044883590205,8.0,0.08509096294565643
A0448,22.5493806296082,114.0502176654,2,67.0,0.18801490333166118,75.0,0.26272154837201106,75.0,0.26272154837201106,75.0,0.26272154837201106,8.0,0.07470664504034988
A0449,22.5342988046997,114.031744934255,2,66.0,0.38034663505746485,74.0,0.4857570134494384,74.0,0.4857570134494384,74.0,0.4857570134494384,8.0,0.10541037839197354
A0450,22.5787279784552,114.493609587007,2,85.0,0.5613407241048513,85.0,0.5613407241048513,85.0,0.5613407241048513,85.0,0.5613407241048513,0.0,0.0
A0451,22.6404087152961,114.043871991263,2,66.0,0.16593585449025597,74.0,0.2344020816427051,74.0,0.2344020816427051,74.0,0.2344020816427051,8.0,0.06846622715244913
A0452,22.7338322090264,113.831527301883,2,65.5,0.2483267456003896,73.5,0.3370504009098737,73.5,0.3370504009098737,73.5,0.3370504009098737,8.0,0.08872365530948412
A0453,22.7856717283286,113.900408872501,2,65.5,0.2275697066641516,73.5,0.3119549904998643,73.5,0.3119549904998643,73.5,0.3119549904998643,8.0,0.0843852838357127
A0454,22.7724830477487,113.853852033528,2,66.0,0.3716178007159728,74.0,0.4764691862415283,74.0,0.4764691862415283,74.0,0.4764691862415283,8.0,0.10485138552555551
A0455,22.7404093434381,113.789079515329,2,72.0,0.31533475326066,80.0,0.41478829579420184,80.0,0.41478829579420184,80.0,0.41478829579420184,8.0,0.09945354253354183
A0456,22.6614932964768,114.027289854554,2,65.0,0.1709766853784915,73.0,0.2409220127809703,73.0,0.2409220127809703,73.0,0.2409220127809703,8.0,0.0699453274024788
A0457,23.4663327934283,113.159491967779,4,72.0,0.7524737917815912,77.0,0.7991966310092766,77.0,0.7991966310092766,76.0,0.7904093473267347,4.0,0.037935555545143496
A0458,22.5819774592918,113.887926800664,2,66.5,0.3253015483422664,74.5,0.42594293525789995,74.5,0.42594293525789995,74.5,0.42594293525789995,8.0,0.10064138691563357
A0459,22.8051790039117,113.562851527771,1,72.0,0.98453480806189,65.0,0.9776073172538357,65.0,0.9776073172538357,65.0,0.9776073172538357,-7.0,-0.006927490808054326
A0460,22.7052890344912,114.140315372427,2,85.0,0.7000191863316553,85.0,0.7000191863316553,85.0,0.7000191863316553,85.0,0.7000191863316553,0.0,0.0
A0461,23.1909642166212,113.333153377047,0,65.5,0.4322715275131853,73.5,0.5395423759441177,73.5,0.5395423759441177,73.5,0.5395423759441177,8.0,0.10727084843093238
A0462,22.5239495360594,113.943441614942,2,65.5,0.3172393822953606,73.5,0.4169278283940281,73.5,0.4169278283940281,73.5,0.4169278283940281,8.0,0.0996884460986675
A0463,23.0978520176137,113.30579152751,0,65.0,0.46719472520742783,73.0,0.5743642776978579,73.0,0.5743642776978579,73.0,0.5743642776978579,8.0,0.10716955249043009
A0464,22.5271284915562,114.053908802739,2,65.5,0.224780741634903,73.5,0.3085449466910899,73.5,0.3085449466910899,73.5,0.3085449466910899,8.0,0.0837642050561869
A0465,22.5466030450199,114.104955103158,2,67.0,0.19275982116067092,75.0,0.26872786702363555,75.0,0.26872786702363555,75.0,0.26872786702363555,8.0,0.07596804586296463
A0466,22.5751764354803,114.144938591563,2,67.0,0.2873689170372395,75.0,0.3829354451369564,75.0,0.3829354451369564,75.0,0.3829354451369564,8.0,0.09556652809971689
A0467,22.5684783990602,113.900111175851,2,65.5,0.33433109944742456,73.5,0.4359609655875047,73.5,0.4359609655875047,73.5,0.4359609655875047,8.0,0.10162986614008013
A0468,22.5382641984622,114.065868116464,2,80.0,0.3673333127822796,85.0,0.43186575962042323,85.0,0.43186575962042323,85.0,0.43186575962042323,5.0,0.06453244683814363
A0469,23.1387561070194,113.328810272924,0,65.0,0.49388757824037327,73.0,0.6002816840706777,73.0,0.6002816840706777,73.0,0.6002816840706777,8.0,0.10639410583030445
A0470,23.1433909799207,113.601178905529,0,75.0,0.7354739280019845,81.0,0.7934573154975111,81.0,0.7934573154975111,79.5,0.7798964961980651,4.5,0.04442256819608059
A0471,23.1200324874268,113.28906062063,0,80.0,0.5874799268070429,85.0,0.650897898509025,85.0,0.650897898509025,85.0,0.650897898509025,5.0,0.06341797170198216
A0472,23.1354253191953,113.30376769101,0,65.0,0.4390078109467064,73.0,0.5463416319440384,73.0,0.5463416319440384,73.0,0.5463416319440384,8.0,0.10733382099733202
A0473,23.1643204372819,113.243143347333,0,66.0,0.5772624249077516,74.0,0.6775718352161977,74.0,0.6775718352161977,74.0,0.6775718352161977,8.0,0.10030941030844609
A0474,23.1258531131285,113.412053885556,0,65.0,0.3843834539406738,73.0,0.4900278694152838,73.0,0.4900278694152838,73.0,0.4900278694152838,8.0,0.10564441547461001
A0475,23.1260611995584,113.332338938238,0,65.5,0.5775977227072261,73.5,0.6778719690985379,73.5,0.6778719690985379,73.5,0.6778719690985379,8.0,0.10027424639131177
A0476,23.1526315749439,113.331979797491,0,65.0,0.5087348863546084,73.0,0.6144443766174181,73.0,0.6144443766174181,73.0,0.6144443766174181,8.0,0.10570949026280974
A0477,23.1284220021568,113.411186844672,0,80.0,0.577342775269751,85.0,0.6413678142132211,85.0,0.6413678142132211,85.0,0.6413678142132211,5.0,0.06402503894347011
A0478,23.188455969486,113.271628398553,0,80.0,0.581567503719381,85.0,0.6453456976512418,85.0,0.6453456976512418,85.0,0.6453456976512418,5.0,0.0637781939318608
A0479,22.9429569540966,113.393421646793,1,66.0,0.9113022612608774,65.0,0.9068489904457392,65.0,0.9068489904457392,65.0,0.9068489904457392,-1.0,-0.004453270815138244
A0480,23.0945011126069,113.266406830693,0,66.5,0.41460373100227726,74.5,0.5215177095184119,74.5,0.5215177095184119,74.5,0.5215177095184119,8.0,0.10691397851613466
A0481,23.1967696624656,113.270313368219,0,80.0,0.6524320381811132,85.0,0.7107805325550353,85.0,0.7107805325550353,85.0,0.7107805325550353,5.0,0.05834849437392209
A0482,23.005695836616,113.124366095163,3,65.5,0.5486184795595583,73.5,0.6516228241380543,73.5,0.6516228241380543,73.5,0.6516228241380543,8.0,0.10300434457849594
A0483,23.0449075056443,113.788434186424,1,65.5,0.9102962306189951,65.0,0.9080716795382953,65.0,0.9080716795382953,65.0,0.9080716795382953,-0.5,-0.0022245510806998547
A0484,23.0327255181001,113.120130016956,3,65.5,0.4744551254237686,73.5,0.5814725522164826,73.5,0.5814725522164826,73.5,0.5814725522164826,8.0,0.10701742679271403
A0485,23.0062112801321,113.124130949323,3,65.5,0.5407214415676517,73.5,0.6443596758738527,73.5,0.6443596758738527,73.5,0.6443596758738527,8.0,0.103638234306201
A0486,22.7775913935574,113.751681280112,1,70.0,0.9212223167073382,65.0,0.8993153590855482,65.0,0.8993153590855482,67.0,0.9086625543213466,-3.0,-0.012559762385991657
A0487,22.7210375151079,114.179051768446,2,70.5,0.4545042076832635,78.5,0.5618323545010749,78.5,0.5618323545010749,78.5,0.5618323545010749,8.0,0.10732814681781144
A0488,22.8123049141894,114.172988181103,2,72.0,0.513421736138819,80.0,0.6188782482909084,80.0,0.6188782482909084,80.0,0.6188782482909084,8.0,0.1054565121520894
A0489,22.801073004636,113.761810573039,1,66.5,0.8886863424052689,65.0,0.8804357475228536,65.0,0.8804357475228536,65.5,0.8832430674142143,-1.0,-0.00544327499105457
A0490,23.0312231929567,113.120797190255,3,65.5,0.47636277414951234,73.5,0.5833328873716552,73.5,0.5833328873716552,73.5,0.5833328873716552,8.0,0.10697011322214289
A0491,23.0559517080781,113.871321006181,1,70.5,0.968440396237989,65.0,0.958010322406643,65.0,0.958010322406643,65.0,0.958010322406643,-5.5,-0.010430073831346087
A0492,22.9169247082038,113.643302609506,1,71.5,0.959602047531355,65.0,0.943613084214507,65.0,0.943613084214507,66.0,0.9464126324943222,-5.5,-0.013189415037032859
A0493,22.8773995767733,114.127590783255,2,70.0,0.42197695870690677,78.0,0.5290738694117259,78.0,0.5290738694117259,78.0,0.5290738694117259,8.0,0.10709691070481908
A0494,23.0648320643372,113.797148630807,1,66.5,0.9651506563613803,65.0,0.9623273592853934,65.0,0.9623273592853934,65.0,0.9623273592853934,-1.5,-0.0028232970759869414
A0495,23.0102541618787,113.681719877102,1,69.0,0.9752463788285346,65.0,0.9694739571705461,65.0,0.9694739571705461,65.0,0.9694739571705461,-4.0,-0.005772421657988525
A0496,23.061598763352,113.662638304127,1,67.5,0.9661689457924981,65.0,0.9614780672711367,65.0,0.9614780672711367,65.0,0.9614780672711367,-2.5,-0.004690878521361408
A0497,23.0416214033427,113.711922278254,1,68.5,0.9477677398898527,65.0,0.9376028791583548,65.0,0.9376028791583548,65.0,0.9376028791583548,-3.5,-0.010164860731497916
A0498,23.0854273134241,113.693671167163,1,70.0,0.9600635003965166,65.0,0.948352163120182,65.0,0.948352163120182,65.0,0.948352163120182,-5.0,-0.011711337276334555
A0499,22.8552256842654,114.153499810477,2,70.0,0.5620717700766882,78.0,0.6638869557323045,78.0,0.6638869557323045,78.0,0.6638869557323045,8.0,0.10181518565561631
A0500,22.8054401830895,113.823866505784,1,67.5,0.8852334391014441,65.0,0.8708208025078995,65.0,0.8708208025078995,66.5,0.8796441832831072,-1.0,-0.005589255818336913
A0501,22.822327887882,113.742463672955,1,70.0,0.9338667376986027,65.0,0.9151521567561284,65.0,0.9151521567561284,66.5,0.9212214799921271,-3.5,-0.012645257706475621
A0502,22.8509409792328,114.166906113819,2,70.0,0.5757224279055281,78.0,0.6761922801039219,78.0,0.6761922801039219,78.0,0.6761922801039219,8.0,0.10046985219839377
A0503,22.8503093107703,114.17089092789,2,70.0,0.5735652916973704,78.0,0.6742569401844039,78.0,0.6742569401844039,78.0,0.6742569401844039,8.0,0.10069164848703349
A0504,23.005676034913,113.707651898251,1,70.0,0.943518461016649,65.0,0.9273225935035326,65.0,0.9273225935035326,65.5,0.9291176596162318,-4.5,-0.014400801400417218
A0505,23.0620925439786,113.826672991858,1,68.0,0.9775768637979838,65.0,0.9737458162100782,65.0,0.9737458162100782,65.0,0.9737458162100782,-3.0,-0.003831047587905645
A0506,22.8447841362007,113.645469398751,1,69.5,0.9452554609862263,65.0,0.9312652702702942,65.0,0.9312652702702942,65.0,0.9312652702702942,-4.5,-0.013990190715932105
A0507,22.8517147667039,113.631544853978,1,67.5,0.9386111991871299,65.0,0.9303746312837929,65.0,0.9303746312837929,65.0,0.9303746312837929,-2.5,-0.008236567903336933
A0508,22.8613970561248,113.853997648851,1,72.5,0.9567110942830993,65.0,0.9365207356132659,65.0,0.9365207356132659,67.0,0.9426342446086091,-5.5,-0.014076849674490188
A0509,22.8196359913028,113.803729101343,1,65.0,0.9047215048970952,65.0,0.9047215048970952,65.0,0.9047215048970952,65.0,0.9047215048970952,0.0,0.0
A0510,22.7956613516103,114.156533919082,2,70.0,0.5223021279050133,78.0,0.6272313762994614,78.0,0.6272313762994614,78.0,0.6272313762994614,8.0,0.10492924839444806
A0511,22.8056751375083,113.790786495221,1,67.0,0.8574892099187049,65.0,0.8438052928257407,65.0,0.8438052928257407,67.5,0.8607500923308637,0.5,0.0032608824121588276
A0512,23.0006485235747,113.615440171139,1,67.0,0.9741392675104058,65.0,0.971280978452884,65.0,0.971280978452884,65.0,0.971280978452884,-2.0,-0.0028582890575218345
A0513,22.7824964256032,113.763894855302,1,66.0,0.8915929398631475,65.0,0.8862736094307019,65.0,0.8862736094307019,65.0,0.8862736094307019,-1.0,-0.00531933043244559
A0514,22.9599826103358,113.047410471082,3,72.5,0.45937521931462144,80.5,0.566658740985132,80.5,0.566658740985132,80.5,0.566658740985132,8.0,0.10728352167051058
A0515,23.0147858347414,113.685852854091,1,68.5,0.9745431235427683,65.0,0.9694208689361441,65.0,0.9694208689361441,65.0,0.9694208689361441,-3.5,-0.005122254606624188
A0516,22.7813971598431,113.767262814975,1,66.0,0.9036774549309101,65.0,0.8988838404153606,65.0,0.8988838404153606,65.0,0.8988838404153606,-1.0,-0.004793614515549494
A0517,23.0517083437427,113.842971110415,1,69.5,0.9740216754468664,65.0,0.9671271537918592,65.0,0.9671271537918592,65.0,0.9671271537918592,-4.5,-0.006894521655007146
A0518,22.9914280505848,113.772501843648,1,67.5,0.9682928613765638,65.0,0.9638854685775681,65.0,0.9638854685775681,65.0,0.9638854685775681,-2.5,-0.004407392798995713
A0519,23.0782913463907,113.798738433932,1,69.0,0.9679143154752281,65.0,0.960501342017144,65.0,0.960501342017144,65.0,0.960501342017144,-4.0,-0.0074129734580841156
A0520,23.0628645421618,113.798758391046,1,66.5,0.9651181720309466,65.0,0.9622923460761729,65.0,0.9622923460761729,65.0,0.9622923460761729,-1.5,-0.002825825954773764
A0521,23.0553868990725,113.770091056211,1,65.5,0.923942109534882,65.0,0.9220269742363201,65.0,0.9220269742363201,65.0,0.9220269742363201,-0.5,-0.0019151352985619097
A0522,22.8001634735636,114.062761463402,2,70.0,0.5268394748164004,78.0,0.6314752854520685,78.0,0.6314752854520685,78.0,0.6314752854520685,8.0,0.10463581063566818
A0523,23.0484554136479,113.549906052461,1,75.0,0.951329459041005,67.0,0.9270137048364,67.0,0.9270137048364,70.0,0.9372243454706057,-5.0,-0.01410511357039923
A0524,22.8210452694299,113.809035656989,1,65.0,0.9060995913574007,65.0,0.9060995913574007,65.0,0.9060995913574007,65.0,0.9060995913574007,0.0,0.0
A0525,22.7958978994958,113.797833496682,1,68.0,0.8714013906989594,65.0,0.8521731432637731,65.0,0.8521731432637731,68.0,0.8714013906989594,0.0,0.0
A0526,23.0606086523514,113.737400338018,1,66.5,0.9520079377789036,65.0,0.9481770626195795,65.0,0.9481770626195795,65.0,0.9481770626195795,-1.5,-0.003830875159324121
A0527,23.0178395430925,113.823368605583,1,69.0,0.9553353482935288,65.0,0.9451807677663809,65.0,0.9451807677663809,65.0,0.9451807677663809,-4.0,-0.010154580527147905
A0528,23.0582848424311,113.814796412968,1,67.0,0.978980179866687,65.0,0.976644110297801,65.0,0.976644110297801,65.0,0.976644110297801,-2.0,-0.00233606956888599
A0529,22.9693645389803,113.896613801214,1,69.5,0.9335659983531474,65.0,0.916851292463437,65.0,0.916851292463437,66.0,0.9208681092989248,-3.5,-0.012697889054222533
A0530,23.0146520620935,113.768067630237,1,65.5,0.9423764862934242,65.0,0.9408958348261992,65.0,0.9408958348261992,65.0,0.9408958348261992,-0.5,-0.0014806514672249804
A0531,22.9952256500461,113.800023321624,1,71.0,0.9681315795390435,65.0,0.9564964721585246,65.0,0.9564964721585246,65.0,0.9564964721585246,-6.0,-0.011635107380518872
A0532,23.0586652539435,113.832168844729,1,68.0,0.9708924201063728,65.0,0.9659590872612416,65.0,0.9659590872612416,65.0,0.9659590872612416,-3.0,-0.0049333328451312
A0533,22.9874480584181,113.725147041239,1,68.0,0.9522288284621668,65.0,0.9443137035843635,65.0,0.9443137035843635,65.0,0.9443137035843635,-3.0,-0.007915124877803326
A0534,22.9931322469322,113.732371574368,1,67.0,0.9499926175335744,65.0,0.9446172220337502,65.0,0.9446172220337502,65.0,0.9446172220337502,-2.0,-0.005375395499824243
A0535,23.0287129725023,113.804578898355,1,66.0,0.9527025306071492,65.0,0.9502142975803041,65.0,0.9502142975803041,65.0,0.9502142975803041,-1.0,-0.002488233026845088
A0536,22.9741748502627,113.734588322874,1,67.5,0.9603262730641311,65.0,0.9548631196932723,65.0,0.9548631196932723,65.0,0.9548631196932723,-2.5,-0.0054631533708587865
A0537,22.9413278534327,113.676795108485,1,66.0,0.8997609763726937,65.0,0.8947951442778199,65.0,0.8947951442778199,65.0,0.8947951442778199,-1.0,-0.004965832094873779
A0538,22.8433968694871,113.255757350605,3,66.0,0.6965542054437893,74.0,0.7793757855110022,74.0,0.7793757855110022,72.0,0.7602881626078353,6.0,0.06373395716404595
A0539,23.0616798513549,113.810219858108,1,67.0,0.9677642694265712,65.0,0.9642272506954446,65.0,0.9642272506954446,65.0,0.9642272506954446,-2.0,-0.003537018731126662
A0540,23.1793488547003,112.899403058306,3,70.0,0.6171885924734698,78.0,0.712738575914745,78.0,0.712738575914745,77.5,0.7071907168629452,7.5,0.09000212438947541
A0541,23.1745526562453,113.068851324902,3,75.0,0.7271803250351567,81.5,0.7909438216920508,81.5,0.7909438216920508,79.5,0.7725649663958065,4.5,0.04538464136064979
A0542,23.176777556242,112.87840230232,3,70.0,0.47463257424202554,78.0,0.5816457284356904,78.0,0.5816457284356904,78.0,0.5816457284356904,8.0,0.10701315419366486
A0543,23.1694339716979,112.907385715472,3,70.0,0.6626607523712805,78.0,0.7514319337500358,78.0,0.7514319337500358,76.5,0.736029835299921,6.5,0.07336908292864053
A0544,23.2615298960726,113.024751811431,0,75.0,0.8168230693939618,74.0,0.8086224219460194,74.0,0.8086224219460194,77.0,0.8324013312898265,2.0,0.015578261895864753
A0545,23.1686518599911,112.893812550085,3,70.0,0.6884428204048154,78.0,0.772756035311636,78.0,0.772756035311636,76.0,0.7532769973199317,6.0,0.06483417691511628
A0546,23.1632181205162,112.914899704195,3,70.0,0.6997919151769054,78.0,0.7820063644044633,78.0,0.7820063644044633,75.5,0.7581716140085586,5.5,0.05837969883165317
A0547,23.0705795085387,112.84454078101,3,75.0,0.6489934864231534,83.0,0.7399498149781513,83.0,0.7399498149781513,81.5,0.7240974762636894,6.5,0.07510398984053601
A0548,22.9042229182472,112.901982569526,3,75.0,0.7926781282683844,76.0,0.8013941921438222,76.0,0.8013941921438222,77.5,0.813946489038961,2.5,0.0212683607705767
A0549,23.038668502773,113.2034172001,3,70.0,0.6322318925692786,78.0,0.7256958546060448,78.0,0.7256958546060448,77.5,0.7203000356961745,7.5,0.08806814312689593
A0550,23.2030049778886,113.171393135087,0,69.5,0.7419887630104821,76.0,0.8032277693371974,76.0,0.8032277693371974,74.0,0.7856361543552348,4.5,0.043647391344752706
A0551,23.1701889270547,112.906063634338,3,70.0,0.6612875758315122,78.0,0.7502839384159646,78.0,0.7502839384159646,76.5,0.7348358078967091,6.5,0.0735482320651969
A0552,22.8779429180473,113.226557750351,3,70.5,0.7744687934430454,74.0,0.8057019604662617,74.0,0.8057019604662617,74.0,0.8057019604662617,3.5,0.031233167023216324
A0553,23.1882857509082,113.205158375788,0,68.0,0.6011786180399358,76.0,0.6987743613665478,76.0,0.6987743613665478,76.0,0.6987743613665478,8.0,0.09759574332661203
A0554,23.1176526030152,113.177420842311,0,66.5,0.6546929850109267,74.5,0.7447532660436548,74.5,0.7447532660436548,73.5,0.7343753566850987,7.0,0.07968237167417203
A0555,23.1465983899744,113.110448529325,3,67.5,0.6566827855579821,75.5,0.7464251069439767,75.5,0.7464251069439767,74.5,0.7360910846695126,7.0,0.07940829911153047
A0556,23.1223276296192,113.191485208337,0,67.0,0.6199708998104801,75.0,0.715146936531406,75.0,0.715146936531406,75.0,0.715146936531406,8.0,0.0951760367209259
A0557,23.1673058447853,112.902415982172,3,70.0,0.6582174866383846,78.0,0.7477127629196676,78.0,0.7477127629196676,76.5,0.7321623538657107,6.5,0.07394486722732607
A0558,23.1043540831342,113.199121080051,0,66.5,0.6544756399763764,74.5,0.7445704910199142,74.5,0.7445704910199142,73.5,0.7341878026705964,7.0,0.07971216269421999
A0559,23.1858571842096,113.092755151871,0,75.0,0.7740077849129288,78.0,0.8010293190411356,78.0,0.8010293190411356,78.0,0.8010293190411356,3.0,0.027021534128206848
A0560,23.0667704175712,113.142195274851,3,66.5,0.6577404337993132,74.5,0.7473126710446784,74.5,0.7473126710446784,73.5,0.7370020752858194,7.0,0.07926164148650616
A0561,23.0440368254211,112.921450878294,3,71.5,0.710260561376197,79.5,0.7904665078406148,79.5,0.7904665078406148,77.0,0.7672814894020447,5.5,0.057020928025847684
A0562,22.8366157391784,113.000031758026,3,73.0,0.5647708847839112,81.0,0.66633107014386,81.0,0.66633107014386,81.0,0.66633107014386,8.0,0.10156018535994871
A0563,23.0070736517263,113.008964017539,3,73.5,0.7123330385888982,81.5,0.7921331820659591,81.5,0.7921331820659591,78.5,0.7642590505160581,5.0,0.051926011927159954
A0564,22.9534378642144,112.971287414513,3,75.0,0.7214067997232181,82.0,0.7906179274965683,82.0,0.7906179274965683,80.0,0.7722186726702714,5.0,0.05081187294705336
A0565,23.0782653874698,113.041381325849,3,70.0,0.7467143514390873,76.0,0.8028941821616221,76.0,0.8028941821616221,74.5,0.7897888039622105,4.5,0.04307445252312325
A0566,23.1136000139085,113.015288870752,3,73.5,0.7895912268970364,75.5,0.8069380314626265,75.0,0.8027058457716465,76.5,0.81519436043815,3.0,0.025603133541113543
A0567,23.038668502773,113.2034172001,3,70.0,0.6322318925692786,78.0,0.7256958546060448,78.0,0.7256958546060448,77.5,0.7203000356961745,7.5,0.08806814312689593
A0568,23.0695963041142,113.156188978369,3,66.0,0.5751697430857053,74.0,0.6756967495271949,74.0,0.6756967495271949,74.0,0.6756967495271949,8.0,0.1005270064414896
A0569,22.903113126007,112.892336616166,3,73.0,0.7834115501496677,75.5,0.8053971554893943,75.5,0.8053971554893943,76.0,0.8095853043823605,3.0,0.02617375423269286
A0570,23.0636965078897,113.135579080501,3,66.5,0.6311889145700876,74.5,0.724802561853861,74.5,0.724802561853861,74.0,0.7193959655495982,7.5,0.08820705097951054
A0571,22.9105595649827,112.884142464646,3,75.0,0.7922840857621073,76.0,0.8010125570641796,76.5,0.805272254175928,77.5,0.8135833633712787,2.5,0.021299277609171385
A0572,23.0386304064782,113.170454746287,3,66.5,0.4047955895938779,74.5,0.5113898202709243,74.5,0.5113898202709243,74.5,0.5113898202709243,8.0,0.10659423067704638
A0573,23.0657334258076,113.132115298896,3,66.5,0.6073277263747997,74.5,0.7041592087491652,74.5,0.7041592087491652,74.5,0.7041592087491652,8.0,0.09683148237436545
A0574,23.1566635900953,112.904940835095,3,70.0,0.6409699933360908,78.0,0.7331505659227525,78.0,0.7331505659227525,77.0,0.7224767006519962,7.0,0.08150670731590537
A0575,23.0705953200904,113.057661099931,3,66.0,0.669180715617075,74.0,0.756865675607146,74.0,0.756865675607146,72.5,0.7416845268570073,6.5,0.07250381123993221
A0576,23.0723987956829,113.089683174299,3,67.5,0.637587123895988,75.5,0.7302707472580126,75.5,0.7302707472580126,75.0,0.7249308098599384,7.5,0.08734368596395037
A0577,23.0379121696856,113.156351582446,3,65.5,0.4233965855001957,73.5,0.5305231042870954,73.5,0.5305231042870954,73.5,0.5305231042870954,8.0,0.10712651878689966
A0578,22.8962453837208,112.88832892405,3,73.5,0.7836291991043876,76.0,0.8055981935798483,76.0,0.8055981935798483,76.5,0.80978303768537,3.0,0.026153838580982414
A0579,23.3355556593312,113.307528712027,4,67.5,0.45081374496688287,75.5,0.5581621273859081,75.5,0.5581621273859081,75.5,0.5581621273859081,8.0,0.10734838241902522
A0580,23.0723987956829,113.089683174299,3,67.5,0.637587123895988,75.5,0.7302707472580126,75.5,0.7302707472580126,75.0,0.7249308098599384,7.5,0.08734368596395037
A0581,23.0681764740523,112.970763459859,3,72.5,0.5326686397848189,80.5,0.6369038020750483,80.5,0.6369038020750483,80.5,0.6369038020750483,8.0,0.10423516229022933
A0582,23.0437280570501,113.147041134516,3,66.0,0.3813279545860319,74.0,0.48679664377174064,74.0,0.48679664377174064,74.0,0.48679664377174064,8.0,0.10546868918570873
A0583,23.0396461884037,113.154622038916,3,65.5,0.423852293292832,73.5,0.5309879336822408,73.5,0.5309879336822408,73.5,0.5309879336822408,8.0,0.10713564038940881
A0584,22.9879600740101,113.017085872534,3,70.0,0.7146533446609084,78.0,0.7939959696119665,78.0,0.7939959696119665,75.5,0.7710883925461488,5.5,0.05643504788524045
A0585,23.0968614013705,113.041882016009,3,73.0,0.7128418746578933,81.0,0.7925419738316585,81.0,0.7925419738316585,78.0,0.7647063768228566,5.0,0.0518645021649633
A0586,23.0147948092885,113.165181581555,3,68.0,0.5515426500129074,76.0,0.6543001827393508,76.0,0.6543001827393508,76.0,0.6543001827393508,8.0,0.10275753272644339
A0587,22.8245226834435,112.683258303145,3,75.0,0.7456911330290626,80.0,0.7933426461498986,80.0,0.7933426461498986,79.0,0.7843683068335537,4.0,0.038677173804491094
A0588,23.0411249226136,113.137340153956,3,65.5,0.46659866041145837,73.5,0.5737787277016797,73.5,0.5737787277016797,73.5,0.5737787277016797,8.0,0.10718006729022134
A0589,23.0002230812856,113.108061364898,3,67.0,0.710948609884824,75.0,0.7910201309643515,75.0,0.7910201309643515,72.5,0.767878382564965,5.5,0.05692977268014099
A0590,22.9011991118098,112.885001154883,3,73.0,0.7815291396903326,75.5,0.8036579364513848,75.5,0.8036579364513848,76.0,0.8078745869989287,3.0,0.026345447308596115
A0591,23.0067591551232,113.129028721165,3,65.0,0.5257985558337679,73.0,0.630503113944133,73.0,0.630503113944133,73.0,0.630503113944133,8.0,0.10470455811036516
A0592,23.0348060377823,113.088038588012,3,66.0,0.5009546703315142,74.0,0.6070451666985375,74.0,0.6070451666985375,74.0,0.6070451666985375,8.0,0.10609049636702328
A0593,23.0348960488659,113.090144599704,3,66.0,0.5136136143716293,74.0,0.6190593958698001,74.0,0.6190593958698001,74.0,0.6190593958698001,8.0,0.10544578149817074
A0594,23.0057363854141,112.970789906871,3,75.0,0.7407721672248052,80.5,0.7935339012521744,80.5,0.7935339012521744,79.0,0.7799767159450263,4.0,0.039204548720221055
A0595,23.0390570488889,113.07259701903,3,66.0,0.5350295071020844,74.0,0.6390948705675754,74.0,0.6390948705675754,74.0,0.6390948705675754,8.0,0.104065363465491
A0596,22.9408169212329,113.062678084999,3,72.5,0.6950131943649819,80.5,0.7781213968407794,80.5,0.7781213968407794,78.0,0.7539955008627922,5.5,0.05898230649781033
A0597,23.0407652953817,113.111573746807,3,65.0,0.523577474634745,73.0,0.6284258797927154,73.0,0.6284258797927154,73.0,0.6284258797927154,8.0,0.10484840515797034
A0598,23.0387395974308,113.10737208987,3,65.5,0.546358310011106,73.5,0.6495489553566263,73.5,0.6495489553566263,73.5,0.6495489553566263,8.0,0.10319064534552025
A0599,23.0042101659913,113.070423194968,3,66.5,0.5828987815298011,74.5,0.6826061180623355,74.5,0.6826061180623355,74.5,0.6826061180623355,8.0,0.09970733653253439
A0600,23.0488614986084,113.071886353372,3,66.0,0.5413656199380817,74.0,0.6449539392868466,74.0,0.6449539392868466,74.0,0.6449539392868466,8.0,0.10358831934876489
A0601,23.0342933071827,113.064006671661,3,66.0,0.5794580384896817,74.0,0.6795356851769239,74.0,0.6795356851769239,74.0,0.6795356851769239,8.0,0.10007764668724217
A0602,23.0304158077439,113.121425020467,3,65.5,0.4947727108413141,73.5,0.6011310186176194,73.5,0.6011310186176194,73.5,0.6011310186176194,8.0,0.10635830777630534
A0603,23.020849501249,113.139314774692,3,66.0,0.4880385456810679,74.0,0.5946530807792219,74.0,0.5946530807792219,74.0,0.5946530807792219,8.0,0.10661453509815394
A0604,22.9908324994785,113.072310229606,3,68.0,0.6802890707076267,76.0,0.7660590289528185,76.0,0.7660590289528185,74.5,0.7512632586556907,6.5,0.07097418794806398
A0605,23.0263055575238,113.14034911869,3,66.0,0.43057619843196326,74.0,0.5378248872749035,74.0,0.5378248872749035,74.0,0.5378248872749035,8.0,0.10724868884294025
A0606,23.0433406482801,113.105616652684,3,65.5,0.5106643302520638,73.5,0.6162718036566084,73.5,0.6162718036566084,73.5,0.6162718036566084,8.0,0.10560747340454457
A0607,23.0299148275537,113.057659469996,3,66.0,0.5728317608862566,74.0,0.673598047452961,74.0,0.673598047452961,74.0,0.673598047452961,8.0,0.10076628656670439
A0608,23.0128103543391,113.12023264297,3,66.0,0.5522487492547004,74.0,0.654945709587006,74.0,0.654945709587006,74.0,0.654945709587006,8.0,0.10269696033230569
A0609,23.0451643289461,113.121004643132,3,65.5,0.4781150403058229,73.5,0.5850390137801302,73.5,0.5850390137801302,73.5,0.5850390137801302,8.0,0.10692397347430732
A0610,23.0024026000191,113.06518692922,3,67.0,0.6649473168708887,75.0,0.7533407588870166,75.0,0.7533407588870166,74.0,0.7431916065376635,7.0,0.07824428966677477
A0611,23.0300435166782,113.1298659419,3,65.5,0.46111178712463957,73.5,0.5683744917195105,73.5,0.5683744917195105,73.5,0.5683744917195105,8.0,0.10726270459487092
A0612,22.914524735596,113.67609750868,1,70.0,0.9545553532263624,65.0,0.9413274710532504,65.0,0.9413274710532504,65.0,0.9413274710532504,-5.0,-0.013227882173111993
A0613,22.8561568247489,114.153990724557,2,70.0,0.56260879182168,78.0,0.6643736768609555,78.0,0.6643736768609555,78.0,0.6643736768609555,8.0,0.1017648850392755
A0614,23.0094440004859,113.092542767296,3,66.0,0.505740666143608,74.0,0.6116025585436035,74.0,0.6116025585436035,74.0,0.6116025585436035,8.0,0.10586189239999544
A0615,22.9799456310705,114.00208465958,1,67.0,0.8712394228649878,65.0,0.8586581765309159,65.0,0.8586581765309159,67.0,0.8712394228649878,0.0,0.0
A0616,23.0103936002526,113.146297253114,3,66.0,0.5396678463568616,74.0,0.643387030840622,74.0,0.643387030840622,74.0,0.643387030840622,8.0,0.10371918448376038
A0617,23.0057602389096,113.135566462902,3,65.5,0.5484378136635361,73.5,0.6514571935317716,73.5,0.6514571935317716,73.5,0.6514571935317716,8.0,0.1030193798682355
A0618,22.9436279752327,113.675682632569,1,65.5,0.8823277976140026,65.0,0.8795014731884457,65.0,0.8795014731884457,65.0,0.8795014731884457,-0.5,-0.0028263244255568587
A0619,23.0804329753525,113.96781959271,1,70.0,0.9553643550389743,65.0,0.9423577346062452,65.0,0.9423577346062452,65.0,0.9423577346062452,-5.0,-0.013006620432729155
A0620,22.9322496901802,113.940333894816,1,69.0,0.9504800729682418,65.0,0.9392917838721077,65.0,0.9392917838721077,65.0,0.9392917838721077,-4.0,-0.011188289096134119
A0621,22.7933995909888,114.160893619398,2,70.0,0.5681990964704602,78.0,0.6694275517398656,78.0,0.6694275517398656,78.0,0.6694275517398656,8.0,0.10122845526940538
A0622,22.8001848760928,113.78268970834,1,67.0,0.8620197856927415,65.0,0.848694134019116,65.0,0.848694134019116,67.5,0.8651932986414851,0.5,0.003173512948743573
A0623,22.9789226838562,113.956267034415,1,70.0,0.9288859728643222,65.0,0.9088994175045609,65.0,0.9088994175045609,66.5,0.9153746510913615,-3.5,-0.01351132177296066
A0624,22.8311081741368,113.780171847827,1,69.0,0.9371560629195267,65.0,0.9232006514037262,65.0,0.9232006514037262,65.0,0.9232006514037262,-4.0,-0.013955411515800487
A0625,22.7283175842834,114.196704294559,2,72.0,0.6056258337108118,80.0,0.7026715341338776,80.0,0.7026715341338776,80.0,0.7026715341338776,8.0,0.09704570042306582
A0626,22.7810824907836,114.057401414561,2,70.0,0.5373345455324654,78.0,0.6412299540994344,78.0,0.6412299540994344,78.0,0.6412299540994344,8.0,0.103895408566969
A0627,22.7963311816439,114.063232639014,2,70.0,0.5598910378343018,78.0,0.6619082598265785,78.0,0.6619082598265785,78.0,0.6619082598265785,8.0,0.1020172219922767
A0628,22.8210452694299,113.809035656989,1,65.0,0.9060995913574007,65.0,0.9060995913574007,65.0,0.9060995913574007,65.0,0.9060995913574007,0.0,0.0
A0629,23.0488373689981,113.855765592247,1,70.0,0.9789120036629277,65.0,0.9725700500432399,65.0,0.9725700500432399,65.0,0.9725700500432399,-5.0,-0.006341953619687812
A0630,22.8197357594223,113.809330215857,1,65.0,0.9066611748679769,65.0,0.9066611748679769,65.0,0.9066611748679769,65.0,0.9066611748679769,0.0,0.0
A0631,22.922770135563,113.668950192994,1,66.0,0.9266749322776103,65.0,0.922928205914412,65.0,0.922928205914412,65.0,0.922928205914412,-1.0,-0.003746726363198283
A0632,22.8387027978275,113.706687858337,1,68.5,0.895496489563963,65.0,0.8764848755731044,65.0,0.8764848755731044,67.0,0.8876868710772512,-1.5,-0.0078096184867118
A0633,23.0312877339999,113.833431230766,1,67.5,0.9615383229028371,65.0,0.9562344649596757,65.0,0.9562344649596757,65.0,0.9562344649596757,-2.5,-0.005303857943161461
A0634,22.9988913711559,113.620642866499,1,66.5,0.9730074247704241,65.0,0.9708013824030288,65.0,0.9708013824030288,65.0,0.9708013824030288,-1.5,-0.0022060423673953
A0635,22.7920915007785,114.101788080371,2,70.0,0.6051219773399695,78.0,0.7022307035943265,78.0,0.7022307035943265,78.0,0.7022307035943265,8.0,0.09710872625435696
A0636,22.9692111907922,113.763837072117,1,71.5,0.9519550533410416,65.0,0.9331503563494764,65.0,0.9331503563494764,66.5,0.93801942990288,-5.0,-0.01393562343816157
A0637,22.7678133746856,114.042169117525,2,70.0,0.47061393104072713,78.0,0.5777173695168054,78.0,0.5777173695168054,78.0,0.5777173695168054,8.0,0.10710343847607828
A0638,23.0502978766506,113.756615851938,1,65.5,0.92632690272663,65.0,0.9244669073850693,65.0,0.9244669073850693,65.0,0.9244669073850693,-0.5,-0.0018599953415606718
A0639,22.8188764003867,113.677415476473,1,65.5,0.9004759505020594,65.0,0.8980351463627912,65.0,0.8980351463627912,65.0,0.8980351463627912,-0.5,-0.002440804139268171
A0640,22.8824543531031,114.006817471989,2,75.0,0.5625273286062055,83.0,0.6642998578796462,83.0,0.6642998578796462,83.0,0.6642998578796462,8.0,0.10177252927344071
A0641,22.7406896029042,114.16644492377,2,70.0,0.4448595892023714,78.0,0.5522157928551744,78.0,0.5522157928551744,78.0,0.5522157928551744,8.0,0.10735620365280302
A0642,22.9654733746607,114.154279241422,2,75.0,0.5891706882024299,83.0,0.6881807741911654,83.0,0.6881807741911654,83.0,0.6881807741911654,8.0,0.09901008598873551
A0643,22.6979684232862,114.178714153794,2,68.0,0.455319130705229,76.0,0.5626412289983854,76.0,0.5626412289983854,76.0,0.5626412289983854,8.0,0.10732209829315642
A0644,22.9692050712888,114.17415507996,2,75.0,0.5562228917734123,83.0,0.6585718814780293,83.0,0.6585718814780293,83.0,0.6585718814780293,8.0,0.10234898970461692
A0645,23.0350410631997,113.856110740986,1,69.0,0.9825309219223007,65.0,0.9784196301096912,65.0,0.9784196301096912,65.0,0.9784196301096912,-4.0,-0.004111291812609497
A0646,23.02874532138,113.831151892824,1,67.5,0.9455170198630252,65.0,0.9381459498511006,65.0,0.9381459498511006,65.0,0.9381459498511006,-2.5,-0.0073710700119246075
A0647,23.1021459843495,113.803077113899,1,69.5,0.956144569774032,65.0,0.9447745560410692,65.0,0.9447745560410692,65.0,0.9447745560410692,-4.5,-0.011370013732962758
A0648,23.0230261000922,113.841660492557,1,68.0,0.9620469369143353,65.0,0.9556828484021838,65.0,0.9556828484021838,65.0,0.9556828484021838,-3.0,-0.006364088512151533
A0649,22.8442148547205,114.174437866534,2,70.0,0.5481124574929142,78.0,0.6511588511997906,78.0,0.6511588511997906,78.0,0.6511588511997906,8.0,0.1030463937068764
A0650,23.0637715622437,113.834619040379,1,68.5,0.9771373213285122,65.0,0.9725223354233602,65.0,0.9725223354233602,65.0,0.9725223354233602,-3.5,-0.004614985905151969
A0651,23.0284963036582,113.848423024468,1,68.0,0.9651972051461392,65.0,0.959339037099903,65.0,0.959339037099903,65.0,0.959339037099903,-3.0,-0.0058581680462361785
A0652,22.8448561052026,114.17280891256,2,70.0,0.5461787809707428,78.0,0.6493840571596441,78.0,0.6493840571596441,78.0,0.6493840571596441,8.0,0.1032052761889013
A0653,23.0263155095615,113.842256654806,1,67.5,0.959470869997397,65.0,0.9538955809044536,65.0,0.9538955809044536,65.0,0.9538955809044536,-2.5,-0.0055752890929433585
A0654,22.8576093516002,113.053125232022,3,70.5,0.7249159747077852,78.0,0.797884716062926,78.0,0.797884716062926,75.5,0.7752871828321772,5.0,0.050371208124392
A0655,22.9879600740101,113.017085872534,3,69.0,0.7035387811202776,77.0,0.7850423143689101,77.0,0.7850423143689101,74.5,0.7614382420906018,5.5,0.05789946097032428
A0656,22.8485100847874,113.187029876878,3,70.5,0.7091080610439093,78.5,0.7895385082375705,78.5,0.7895385082375705,76.0,0.7662811667506249,5.5,0.05717310570671552
A0657,22.884598405881,113.218275910739,3,68.0,0.7525931003935104,74.0,0.807804616102538,74.0,0.807804616102538,72.5,0.794942343032441,4.5,0.042349242638930695
A0658,22.9138948968317,113.22408782342,3,74.0,0.5402231573620024,82.0,0.6438997826298696,82.0,0.6438997826298696,82.0,0.6438997826298696,8.0,0.10367662526786714
A0659,22.9652963044555,113.246073168058,3,71.5,0.6837525562249669,79.5,0.7689089849472306,79.5,0.7689089849472306,77.5,0.7492072057671313,6.0,0.0654546495421644
A0660,22.8785231192173,113.055362279538,3,75.0,0.731784938211745,81.0,0.7903464386281072,81.5,0.7947759648983961,79.5,0.7766388675079916,4.5,0.04485392929624665
A0661,22.8785231192173,113.055362279538,3,75.0,0.731784938211745,81.0,0.7903464386281072,81.0,0.7903464386281072,79.5,0.7766388675079916,4.5,0.04485392929624665
A0662,22.709901727628,113.168230689167,3,75.0,0.8271503637018432,73.0,0.8111947309248452,73.0,0.8111947309248452,76.5,0.8384030634484061,1.5,0.011252699746562844
A0663,23.0097420550132,113.085522754975,3,65.5,0.47623928995623577,73.5,0.5832125579793609,73.5,0.5832125579793609,73.5,0.5832125579793609,8.0,0.10697326802312512
A0664,22.803630662197,113.252398406643,3,72.5,0.6921573035922438,80.5,0.7757926791832246,80.5,0.7757926791832246,78.0,0.7514944382926525,5.5,0.05933713470040869
A0665,22.7203633425375,113.155094249377,3,75.0,0.8258696893604991,73.0,0.809823018922631,73.0,0.809823018922631,76.5,0.837189351770641,1.5,0.011319662410141929
A0666,22.8572715949298,113.267790531992,3,68.0,0.7667726481780078,73.0,0.8114726739107928,73.0,0.8114726739107928,72.0,0.8030902380435923,4.0,0.03631758986558442
A0667,22.7678996653103,113.292417323319,3,70.0,0.7545872283050108,75.5,0.8052762609094467,75.5,0.8052762609094467,74.0,0.7922882908079542,4.0,0.03770106250294336
A0668,22.8469006321086,113.27797488925,3,68.0,0.7013777278379636,76.0,0.7832923770545726,76.0,0.7832923770545726,74.0,0.764441189715811,6.0,0.0630634618778474
A0669,22.9095333434673,113.180925088087,3,70.0,0.6265396468145226,78.0,0.7208114116316474,78.0,0.7208114116316474,77.5,0.7153571976457558,7.5,0.08881755083123322
A0670,22.9301721211053,113.218367086951,3,72.5,0.4883386822840296,80.5,0.5949425900717594,80.5,0.5949425900717594,80.5,0.5949425900717594,8.0,0.10660390778772982
A0671,22.8663634695488,113.138382886031,3,70.0,0.6736586366167931,78.0,0.760581350211477,78.0,0.760581350211477,76.5,0.7455542097323532,6.5,0.07189557311556005
A0672,22.8573761736994,113.053481894344,3,70.5,0.7248129980177995,78.0,0.7978014359023099,78.0,0.7978014359023099,75.5,0.7751972149220032,5.0,0.050384216904203694
A0673,22.8225054564589,113.241833078018,3,70.0,0.7120685398614784,78.0,0.7919206234941281,78.0,0.7919206234941281,75.5,0.7688494533905514,5.5,0.056780913529072996
A0674,22.8821412994344,113.217936898324,3,68.5,0.7598173736844062,74.0,0.8096985757301507,73.5,0.8055123197174848,72.5,0.7969311892507691,4.0,0.03711381556636295
A0675,23.038668502773,113.2034172001,3,70.0,0.6322318925692786,78.0,0.7256958546060448,78.0,0.7256958546060448,77.5,0.7203000356961745,7.5,0.08806814312689593
A0676,22.8527143126952,113.256555405219,3,67.5,0.7286553122415598,75.5,0.8051660244149214,75.5,0.8051660244149214,72.5,0.7785509717098884,5.0,0.049895659468328635
A0677,23.1282410171152,113.013931250855,3,71.0,0.7539100136028064,76.5,0.8047027204291496,76.5,0.8047027204291496,75.0,0.7916863914708071,4.0,0.0377763778680007
A0678,23.1010323160045,113.211687200944,0,67.0,0.7059070270777639,75.0,0.7869566372476846,75.0,0.7869566372476846,72.5,0.7634994460225304,5.5,0.05759241894476652
A0679,22.8057463245352,113.275591790733,3,72.0,0.739662595014038,78.0,0.796981280892159,78.0,0.796981280892159,76.5,0.7835887269239554,4.5,0.043926131909917454
A0680,23.1463183060349,113.105092598317,3,68.0,0.6403781895989298,76.0,0.7326473299461408,76.0,0.7326473299461408,75.5,0.7273368754611165,7.5,0.08695868586218669
A0681,22.8413902401261,113.263175388622,3,66.0,0.6889019366812676,74.0,0.7731318497339305,74.0,0.7731318497339305,72.0,0.7536747573427028,6.0,0.0647728206614352
A0682,22.8479968450011,113.26544497456,3,66.5,0.6804397742785656,74.5,0.7661831985524729,74.5,0.7661831985524729,73.0,0.7513927328744765,6.5,0.07095295859591089
A0683,22.8225054564589,113.241833078018,3,70.0,0.7120685398614784,78.0,0.7919206234941281,78.0,0.7919206234941281,75.5,0.7688494533905514,5.5,0.056780913529072996
A0684,22.8413377965285,113.252832115729,3,66.5,0.6895343520773337,74.5,0.7736492979396343,74.5,0.7736492979396343,72.5,0.7542224760937043,6.0,0.06468812401637059
A0685,22.8178291155714,113.728878210665,1,72.0,0.9224068397620773,65.0,0.8907381782783536,65.0,0.8907381782783536,69.0,0.9100174828788707,-3.0,-0.012389356883206526
A0686,22.9133457843452,113.625675911473,1,75.0,0.966694161342508,67.0,0.949648314103687,67.0,0.949648314103687,68.5,0.9533757787651257,-6.5,-0.01331838257738227
A0687,23.1042585145758,113.864423907207,1,72.0,0.9665755509434439,65.0,0.95199562195268,65.0,0.95199562195268,66.0,0.9543990988969301,-6.0,-0.012176452046513853
A0688,23.2543432887861,113.14167326952,0,72.5,0.7504639877939548,77.5,0.7974640849632344,78.0,0.8017809462159989,76.5,0.7886210368299686,4.0,0.0381570490360138
A0689,22.8046147160884,113.738957680873,1,72.0,0.9249321414934044,65.0,0.8941759051183233,65.0,0.8941759051183233,69.0,0.9129079303562634,-3.0,-0.012024211137141028
A0690,23.2297821786792,113.08571823344,0,75.0,0.8382562719353531,71.5,0.8110287946272581,71.5,0.8110287946272581,76.0,0.8454298215200055,1.0,0.007173549584652328
A0691,23.1282410171152,113.013931250855,3,75.0,0.7916863914708071,76.5,0.8047027204291496,76.5,0.8047027204291496,77.5,0.8130324938709453,2.5,0.021346102400138234
A0692,23.1507239282908,113.106826651341,0,68.0,0.7673057248282887,73.0,0.8119286414334673,72.5,0.8077797964606359,72.0,0.8035615713685275,4.0,0.03625584654023872
A0693,23.0401469705316,113.107472443172,3,65.5,0.5448284425247498,73.5,0.648142974975578,73.5,0.648142974975578,73.5,0.648142974975578,8.0,0.10331453245082822
A0694,23.0350962096639,113.215226958534,3,68.0,0.5757290103296081,76.0,0.676198180468764,76.0,0.676198180468764,76.0,0.676198180468764,8.0,0.1004691701391559
A0695,23.0671216566109,113.711024992321,1,72.0,0.967632173996219,65.0,0.9534909723025088,65.0,0.9534909723025088,65.5,0.9546712968469958,-6.5,-0.012960877149223227
A0696,22.9689426342209,113.985753238143,1,68.0,0.9028630697414405,65.0,0.887732952173419,65.0,0.887732952173419,66.5,0.8955397435043897,-1.5,-0.007323326237050787
A0697,22.8249515950992,114.147304677072,2,75.0,0.513465142714751,83.0,0.6189192299531961,83.0,0.6189192299531961,83.0,0.6189192299531961,8.0,0.10545408723844518
A0698,23.0298667434828,113.806949257104,1,66.0,0.9528759696255586,65.0,0.950396385838846,65.0,0.950396385838846,65.0,0.950396385838846,-1.0,-0.002479583786712647
A0699,23.0639742531614,113.107355157709,3,66.5,0.4603741861365032,74.5,0.5676460470627164,74.5,0.5676460470627164,74.5,0.5676460470627164,8.0,0.10727186092621316
A0700,22.9246374356847,113.663224470031,1,72.0,0.9418987957529933,65.0,0.9174737721452024,65.0,0.9174737721452024,67.5,0.9271169361402409,-4.5,-0.014781859612752357
A0701,22.9443423605056,113.677128266642,1,65.5,0.8815738506742853,65.0,0.8787319063692483,65.0,0.8787319063692483,65.0,0.8787319063692483,-0.5,-0.0028419443050370363
A0702,22.8444321776728,114.174983888962,2,75.0,0.6139602763638962,83.0,0.7099373493047656,83.0,0.7099373493047656,82.5,0.7043578308634244,7.5,0.09039755449952824
A0703,22.7810824907836,114.057401414561,2,69.0,0.5239143467307247,77.0,0.6287411840447116,77.0,0.6287411840447116,77.0,0.6287411840447116,8.0,0.1048268373139869
A0704,22.9178973547884,114.014809217311,1,75.0,0.9227831234042748,67.0,0.8859159234091878,67.0,0.8859159234091878,72.0,0.9104480149879381,-3.0,-0.012335108416336671
A0705,23.0824818204854,113.87562020652,1,68.5,0.9769964308616035,65.0,0.9723538099108159,65.0,0.9723538099108159,65.0,0.9723538099108159,-3.5,-0.0046426209507876015
A0706,22.7884983701101,114.109162080758,2,75.0,0.594959940911823,83.0,0.6933011064397523,83.0,0.6933011064397523,83.0,0.6933011064397523,8.0,0.09834116552792926
A0707,23.1090441157491,113.824963965626,1,72.0,0.9543122230988428,65.0,0.9347441093749403,65.0,0.9347441093749403,67.0,0.9410179442429796,-5.0,-0.013294278855863206
A0708,22.8886494830168,113.668795077192,1,75.0,0.9752702355038588,67.0,0.9624430773274086,67.0,0.9624430773274086,68.0,0.9643430644343292,-7.0,-0.010927171069529673
A0709,22.8231151648424,113.682687043119,1,65.5,0.8940013691966107,65.0,0.8914209240117458,65.0,0.8914209240117458,65.0,0.8914209240117458,-0.5,-0.002580445184864888
A0710,23.0214706869108,113.976730290197,1,72.0,0.9479263027379897,65.0,0.9258356517322125,65.0,0.9258356517322125,67.5,0.9345714122574976,-4.5,-0.013354890480492099
A0711,22.8415806472933,113.983753398078,2,75.0,0.6548179626629327,83.0,0.7448583509304223,83.0,0.7448583509304223,81.5,0.7291957236370481,6.5,0.07437776097411541
A0712,22.8019369732641,113.721548430265,1,72.0,0.9144230052381651,65.0,0.879920038504016,65.0,0.879920038504016,69.5,0.9032755291508682,-2.5,-0.011147476087296937
A0713,23.0999697184324,113.660367638426,1,68.0,0.9782317445025914,65.0,0.9745096674020131,65.0,0.9745096674020131,65.0,0.9745096674020131,-3.0,-0.0037220771005783693
A0714,22.8206529271952,113.67932364446,1,66.0,0.9019982152635132,65.0,0.8971305443137034,65.0,0.8971305443137034,65.0,0.8971305443137034,-1.0,-0.004867670949809777
A0715,23.000784269834,113.950923237718,1,72.0,0.9466944418776406,65.0,0.9241230420336388,65.0,0.9241230420336388,67.5,0.9330459411388017,-4.5,-0.013648500738838942
A0716,22.7439453430623,114.143999862305,2,75.0,0.48466214562163784,83.0,0.5913911164495698,83.0,0.5913911164495698,83.0,0.5913911164495698,8.0,0.10672897082793192
A0717,22.8387027978275,113.706687858337,1,72.0,0.911876027178708,65.0,0.8764848755731044,65.0,0.8764848755731044,69.5,0.9004329007423385,-2.5,-0.011443126436369466
A0718,22.7022856763495,114.17366808878,2,75.0,0.5093567022740987,83.0,0.6150336404683135,83.0,0.6150336404683135,83.0,0.6150336404683135,8.0,0.10567693819421486
A0719,22.8291522954934,113.734764672822,1,72.0,0.9448170328145348,65.0,0.921516577831115,65.0,0.921516577831115,67.5,0.9307230114606213,-4.5,-0.014094021353913466
A0720,23.0250614847676,114.103597283837,1,75.0,0.958851436015685,67.0,0.9380489329800034,67.0,0.9380489329800034,69.5,0.9454308918810311,-5.5,-0.013420544134653878
A0721,22.7482989235827,114.139154251471,2,75.0,0.47015839452676633,83.0,0.5772712105681319,83.0,0.5772712105681319,83.0,0.5772712105681319,8.0,0.10711281604136558
A0722,22.8766088620577,113.675043962504,1,75.0,0.9613317689864408,67.0,0.9417069572104875,67.0,0.9417069572104875,69.0,0.9473490759045053,-6.0,-0.013982693081935449
A0723,22.7359118422042,114.275790353461,2,65.5,0.34868018261877726,73.5,0.4517120123501448,73.5,0.4517120123501448,73.5,0.4517120123501448,8.0,0.10303182973136754
A0724,23.0824818204854,113.87562020652,1,68.5,0.9769964308616035,65.0,0.9723538099108159,65.0,0.9723538099108159,65.0,0.9723538099108159,-3.5,-0.0046426209507876015
A0725,22.9654733746607,114.154279241422,2,75.0,0.5891706882024299,83.0,0.6881807741911654,83.0,0.6881807741911654,83.0,0.6881807741911654,8.0,0.09901008598873551
A0726,22.8358629451655,114.112857784184,2,75.0,0.5548628905152206,83.0,0.6573323059427156,83.0,0.6573323059427156,83.0,0.6573323059427156,8.0,0.10246941542749499
A0727,22.9456590628681,113.950584289981,1,72.0,0.9669353275921645,65.0,0.9525046236454902,65.0,0.9525046236454902,65.5,0.953708764855946,-6.5,-0.013226562736218472
A0728,23.0056171711805,113.938165520835,1,72.0,0.9519313602402127,65.0,0.9314168051603736,65.0,0.9314168051603736,67.0,0.9379893121885838,-5.0,-0.013942048051628908
A0729,22.8889808795302,113.22103719857,3,69.5,0.7630428760010666,74.5,0.8082790079499723,74.5,0.8082790079499723,73.5,0.7997896077172458,4.0,0.03674673171617926
A0730,22.766760474344,113.262949835787,3,72.5,0.6988613535670902,80.5,0.781250983304719,80.5,0.781250983304719,78.0,0.7573592681987867,5.5,0.05849791463169651
A0731,22.8847994536314,113.258954240253,3,73.0,0.7106691566934932,81.0,0.7907953108926086,81.0,0.7907953108926086,78.0,0.7627954983973415,5.0,0.05212634170384833
A0732,22.8442556528527,113.258879341336,3,66.0,0.6798101888091085,74.0,0.7656643645177916,74.0,0.7656643645177916,72.5,0.7508517514847929,6.5,0.0710415626756844
A0733,22.9511921373438,113.267032816684,3,75.0,0.4698261737719278,83.0,0.5769457186002258,83.0,0.5769457186002258,83.0,0.5769457186002258,8.0,0.107119544828298
A0734,22.7112985335732,113.161417171232,3,75.0,0.8227376028160817,73.5,0.8106404262780472,73.0,0.8064699370039441,76.5,0.8342200014659982,1.5,0.011482398649916514
A0735,23.2044587942103,113.163389144961,0,75.0,0.8180515450374612,74.0,0.8098930950986493,73.5,0.8057100913577545,76.5,0.8297746852024867,1.5,0.011723140165025403
A0736,22.7836039192068,113.291565936306,3,72.0,0.7959428112898346,73.5,0.8087574269507769,73.5,0.8087574269507769,74.5,0.8169535989017255,2.5,0.021010787611890902
A0737,23.2604804048825,113.023625339017,0,75.0,0.8157483266731227,74.0,0.8075109026868017,74.0,0.8075109026868017,77.0,0.8313991237395324,2.0,0.015650797066409705
A0738,22.9870641976251,113.768942907685,1,68.0,0.9625559543753976,65.0,0.9562733400383248,65.0,0.9562733400383248,65.0,0.9562733400383248,-3.0,-0.006282614337072889
A0739,23.0955424458077,113.184764535666,0,85.0,0.8525360633325252,78.0,0.7985776494711132,78.0,0.7985776494711132,85.0,0.8525360633325252,0.0,0.0
A0740,23.1035079563968,113.183697797873,0,80.0,0.8150657695858305,78.0,0.7982666799426855,78.0,0.7982666799426855,81.5,0.8269405891074032,1.5,0.011874819521572655
A0741,22.8206529271952,113.67932364446,1,66.0,0.9019982152635132,65.0,0.8971305443137034,65.0,0.8971305443137034,65.0,0.8971305443137034,-1.0,-0.004867670949809777
A0742,22.9896558558926,113.88973869186,1,85.0,0.9842016730079812,77.0,0.9758926765452952,77.0,0.9758926765452952,77.0,0.9758926765452952,-8.0,-0.008308996462686014
A0743,22.9413278534327,113.676795108485,1,72.0,0.9253864254320255,65.0,0.8947951442778199,65.0,0.8947951442778199,69.0,0.913428169760106,-3.0,-0.011958255671919549
A0744,22.833992257428,114.096809684656,2,72.0,0.4950247194091136,80.0,0.6013727180361579,80.0,0.6013727180361579,80.0,0.6013727180361579,8.0,0.1063479986270443
A0745,23.221138677572,112.92484586407,3,75.0,0.737608575886612,80.5,0.7908323948938842,81.0,0.7952543137624762,79.5,0.7817790299868356,4.5,0.04417045410022358
A0746,23.024293694452,113.791300864956,1,66.5,0.9432910286338942,65.0,0.938809066457033,65.0,0.938809066457033,65.0,0.938809066457033,-1.5,-0.004481962176861254
A0747,22.8206529271952,113.67932364446,1,66.0,0.9019982152635132,65.0,0.8971305443137034,65.0,0.8971305443137034,65.0,0.8971305443137034,-1.0,-0.004867670949809777
A0748,23.0962141788758,113.657281174779,1,68.0,0.9786388143374491,65.0,0.974984560763869,65.0,0.974984560763869,65.0,0.974984560763869,-3.0,-0.0036542535735801795
A0749,22.9704957404223,113.919336448962,1,85.0,0.9622457323656507,77.0,0.9430572977372423,77.0,0.9430572977372423,79.0,0.9485758555476854,-6.0,-0.013669876817965276
A0750,23.0294146213547,113.995516745558,1,85.0,0.9697150915844189,77.0,0.9541420050487696,77.0,0.9541420050487696,78.0,0.9564429340485162,-7.0,-0.013272157535902718
A0751,23.1175980334657,113.88363678999,1,85.0,0.9831172649510805,77.0,0.974252853462211,77.0,0.974252853462211,77.0,0.974252853462211,-8.0,-0.008864411488869517
A0752,22.8184991007943,113.806716820553,1,65.0,0.9006734219026119,65.0,0.9006734219026119,65.0,0.9006734219026119,65.0,0.9006734219026119,0.0,0.0
A0753,22.9629450030037,113.678640867595,1,66.5,0.8153135340748193,67.0,0.8193361400564181,67.0,0.8193361400564181,69.0,0.8347439178054995,2.5,0.01943038373068018
A0754,23.0635445240355,113.771058201567,1,65.5,0.9276220190794479,65.0,0.9257921016502305,65.0,0.9257921016502305,65.0,0.9257921016502305,-0.5,-0.0018299174292173426
A0755,22.8002965692193,113.747257394969,1,72.0,0.9156751407195544,65.0,0.8816116503893543,65.0,0.8816116503893543,69.5,0.9046737675576105,-2.5,-0.011001373161943828
A0756,23.0781565993019,113.874114264706,1,67.5,0.9678789491970722,65.0,0.9634161950701089,65.0,0.9634161950701089,65.0,0.9634161950701089,-2.5,-0.0044627541269632864
A0757,23.0598321533773,113.587232366643,1,75.0,0.9547475106776633,67.0,0.9320173815489659,67.0,0.9320173815489659,69.5,0.9400721323733975,-5.5,-0.014675378304265796
A0758,23.1270333724732,113.012003662401,3,72.0,0.763745096546534,76.5,0.8046808419749032,76.5,0.8046808419749032,75.5,0.7960723129579227,3.5,0.03232721641138869
A0759,23.0423525405033,113.73183708259,1,67.0,0.9351053642747831,65.0,0.9282505693822998,65.0,0.9282505693822998,65.0,0.9282505693822998,-2.0,-0.006854794892483307
A0760,22.8086981089585,114.100226422955,2,85.0,0.6887929056257093,85.0,0.6887929056257093,85.0,0.6887929056257093,85.0,0.6887929056257093,0.0,0.0
A0761,23.1050098142636,113.81981570219,1,72.0,0.9675804745443972,65.0,0.9534177731900099,65.0,0.9534177731900099,65.5,0.9545998669580096,-6.5,-0.012980607586387638
A0762,23.0546665424943,113.741403919488,1,66.0,0.9519315593676201,65.0,0.9494049209424195,65.0,0.9494049209424195,65.0,0.9494049209424195,-1.0,-0.0025266384252006224
A0763,23.0571480063294,113.663448043001,1,72.0,0.9730974806866105,65.0,0.9612483966253451,65.0,0.9612483966253451,65.0,0.9612483966253451,-7.0,-0.011849084061265391
A0764,23.0422956723757,113.807775788003,1,66.0,0.9567834353685422,65.0,0.9544996378666372,65.0,0.9544996378666372,65.0,0.9544996378666372,-1.0,-0.002283797501904994
A0765,23.0037161609897,113.881268016751,1,85.0,0.9846037180659049,77.0,0.9765011251520859,77.0,0.9765011251520859,77.0,0.9765011251520859,-8.0,-0.008102592913818984
A0766,23.0087768345489,113.738185622321,1,72.0,0.9559107971960478,65.0,0.9369821419995059,65.0,0.9369821419995059,66.5,0.9415895926380401,-5.5,-0.014321204558007672
A0767,22.9381595638576,113.887040884362,1,70.0,0.9727299212281236,65.0,0.9645960234105766,65.0,0.9645960234105766,65.0,0.9645960234105766,-5.0,-0.008133897817547031
A0768,23.050802973719,113.715671602434,1,72.0,0.9654195431820469,65.0,0.9503612534825486,65.0,0.9503612534825486,66.0,0.9528425063240729,-6.0,-0.012577036857974067
A0769,23.0832246049506,113.728526388413,1,66.5,0.9450943114172882,65.0,0.9407459180224222,65.0,0.9407459180224222,65.0,0.9407459180224222,-1.5,-0.004348393394865924
A0770,23.0543426926731,113.754890746037,1,65.5,0.9394803556819833,65.0,0.9379301888505649,65.0,0.9379301888505649,65.0,0.9379301888505649,-0.5,-0.001550166831418398
A0771,22.9166930484938,114.024871476885,1,72.0,0.9167746049540288,65.0,0.8830985479315266,65.0,0.8830985479315266,69.5,0.9059019320047473,-2.5,-0.010872672949281514
A0772,23.0260996458756,113.746607957814,1,66.5,0.9211047606403715,65.0,0.9150272744617304,65.0,0.9150272744617304,65.0,0.9150272744617304,-1.5,-0.006077486178641123
A0773,23.0732836216131,114.023446723923,1,85.0,0.96515504292186,77.0,0.9473643691062313,77.0,0.9473643691062313,78.5,0.9512522318633567,-6.5,-0.013902811058503328
A0774,23.0863688268226,113.950534371144,1,72.0,0.975227064791082,65.0,0.9642815168018533,65.0,0.9642815168018533,65.0,0.9642815168018533,-7.0,-0.010945547989228754
A0775,23.138716748176,113.111198007171,3,85.0,0.8482853720957645,78.5,0.7975344534391199,78.5,0.7975344534391199,85.0,0.8482853720957645,0.0,0.0
A0776,22.9880788465572,114.02085788919,1,66.0,0.8886029328959819,65.0,0.8831561154237854,65.0,0.8831561154237854,65.0,0.8831561154237854,-1.0,-0.005446817472196552
A0777,23.0432640719596,112.92608125962,3,85.0,0.8206566862147604,81.5,0.7912044945602313,81.5,0.7912044945602313,85.0,0.8206566862147604,0.0,0.0
A0778,23.061022998073,112.922148208607,3,80.0,0.7731075365939996,82.0,0.7914543826015538,82.0,0.7914543826015538,83.0,0.8002089270511501,3.0,0.027101390457150543
A0779,22.9408117474556,113.945322628052,1,72.0,0.9622527188878357,65.0,0.9458927018984808,65.0,0.9458927018984808,66.0,0.9485852365508316,-6.0,-0.0136674823370041
A0780,22.9958708444062,113.762143365587,1,72.0,0.9744626478046572,65.0,0.9631921012115137,65.0,0.9631921012115137,65.0,0.9631921012115137,-7.0,-0.011270546593143527
A0781,22.9133414171648,113.84836931568,1,72.0,0.959289122849017,65.0,0.9417224472016135,65.0,0.9417224472016135,66.5,0.9460032907688359,-5.5,-0.013285832080181081
A0782,22.9733332699073,113.730314028056,1,67.5,0.9566436287799316,65.0,0.9506994013156963,65.0,0.9506994013156963,65.0,0.9506994013156963,-2.5,-0.0059442274642352855
A0783,23.1127608293168,112.929911359432,3,70.0,0.7309574192959877,77.5,0.8027596421338419,77.5,0.8027596421338419,75.0,0.780557247594599,5.0,0.049599828298611315
A0784,23.1235871810544,113.164835494985,0,68.0,0.7367018733136264,75.0,0.8031500745611434,75.0,0.8031500745611434,72.5,0.7809796382949132,4.5,0.04427776498128688
A0785,23.0591386340413,113.743130759118,1,66.0,0.9497060535128198,65.0,0.9470689395784827,65.0,0.9470689395784827,65.0,0.9470689395784827,-1.0,-0.0026371139343370764
A0786,23.0681283794355,113.025536318701,3,80.0,0.8192150611110329,77.5,0.7983997964233447,77.5,0.7983997964233447,81.5,0.8308787330009773,1.5,0.011663671889944327
A0787,23.0972442086687,113.752357670924,1,71.0,0.9709654374102799,65.0,0.960322563777754,65.0,0.960322563777754,65.0,0.960322563777754,-6.0,-0.010642873632525807
A0788,23.1988536579718,113.185160535684,0,85.0,0.8776927643526001,77.0,0.8234168302369699,77.0,0.8234168302369699,84.0,0.8717894576408866,-1.0,-0.005903306711713574
A0789,23.0934829483957,113.182621538042,3,85.0,0.7299380840945634,85.0,0.7299380840945634,85.0,0.7299380840945634,85.0,0.7299380840945634,0.0,0.0
A0790,23.2319069152492,113.089087363288,0,85.0,0.8985898528663222,77.0,0.8520238885653643,77.0,0.8520238885653643,83.0,0.8883385196998066,-2.0,-0.010251333166515608
A0791,23.0627911897857,113.062378415671,3,85.0,0.8309611902776866,80.5,0.7941241884813178,80.5,0.7941241884813178,85.0,0.8309611902776866,0.0,0.0
A0792,23.062334149945,113.105684107343,3,66.5,0.5276844592012481,74.5,0.6322638383573943,74.5,0.6322638383573943,74.5,0.6322638383573943,8.0,0.10457937915614623
A0793,23.1097103215366,113.180840492262,0,85.0,0.8523283750998664,78.0,0.7983119446666621,78.0,0.7983119446666621,85.0,0.8523283750998664,0.0,0.0
A0794,23.2292311126214,113.082718812903,0,85.0,0.9000831402746269,77.0,0.854091530774577,77.0,0.854091530774577,83.0,0.8899642755225579,-2.0,-0.010118864752069023
A0795,23.1150190928058,112.930563684639,3,70.0,0.7322310410152275,77.0,0.7995004646283579,77.0,0.7995004646283579,75.0,0.7816662024760471,5.0,0.04943516146081961
A0796,23.1152677456473,113.116939915803,3,85.0,0.805193284137414,83.0,0.7877309507355794,83.0,0.7877309507355794,85.0,0.805193284137414,0.0,0.0
A0797,22.8025686356877,113.287397853538,3,85.0,0.8513569257147068,78.0,0.7970697548653092,78.0,0.7970697548653092,85.0,0.8513569257147068,0.0,0.0
A0798,23.0600749433877,112.921689887746,3,85.0,0.8319262325360557,80.5,0.7952477137377381,80.5,0.7952477137377381,85.0,0.8319262325360557,0.0,0.0
A0799,23.1502912237444,113.109264614765,0,67.5,0.7609723939234246,73.0,0.8106734915410719,73.0,0.8106734915410719,71.5,0.7979551913167041,4.0,0.036982797393279476
A0800,23.110656485148,113.130968681083,3,85.0,0.7768645496839675,85.0,0.7768645496839675,85.0,0.7768645496839675,85.0,0.7768645496839675,0.0,0.0
A0801,23.0650595011001,113.057277936699,3,72.0,0.7159212210281464,80.0,0.7950124254587667,80.0,0.7950124254587667,77.0,0.7674110225523182,5.0,0.05148980152417182
A0802,22.9359515728405,113.899085229213,1,80.0,0.9862566688988651,72.0,0.9790054248098815,72.0,0.9790054248098815,72.0,0.9790054248098815,-8.0,-0.007251244088983588
A0803,23.1145839344212,113.861314181041,1,72.0,0.9661369842635439,65.0,0.9513753738833529,65.0,0.9513753738833529,66.0,0.9538083985375486,-6.0,-0.012328585725995267
A0804,22.9067297737592,113.847587430565,1,72.0,0.9541754949143502,65.0,0.9345528365186558,65.0,0.9345528365186558,67.0,0.9408438969634666,-5.0,-0.013331597950883567
A0805,22.909766201816,114.074039829211,2,80.0,0.5462672809471552,85.0,0.6118347854860361,85.0,0.6118347854860361,85.0,0.6118347854860361,5.0,0.06556750453888094
A0806,23.1146532512226,113.836965417065,1,72.0,0.9490887989778019,65.0,0.9274535590962433,65.0,0.9274535590962433,67.0,0.9343791158270202,-5.0,-0.014709683150781694
A0807,23.0390982506854,113.773177736349,1,65.5,0.9045836576376929,65.0,0.9022326563580464,65.0,0.9022326563580464,65.0,0.9022326563580464,-0.5,-0.002351001279646492
A0808,22.8467040067956,114.159286453825,2,85.0,0.7725612233008914,85.0,0.7725612233008914,85.0,0.7725612233008914,85.0,0.7725612233008914,0.0,0.0
A0809,23.1152677456473,113.116939915803,3,85.0,0.805193284137414,83.0,0.7877309507355794,83.0,0.7877309507355794,85.0,0.805193284137414,0.0,0.0
A0810,22.8640296541497,113.139840112737,3,72.0,0.6940740972985887,80.0,0.7773562247880987,80.0,0.7773562247880987,77.5,0.7531735200343386,5.5,0.05909942273574986
A0811,22.9662958675475,113.090602899005,3,72.0,0.627386252157281,80.0,0.721539290567348,80.0,0.721539290567348,79.5,0.7160936956260775,7.5,0.08870744346879644
A0812,22.964117958076,113.089718547773,3,72.0,0.6264909658498603,80.0,0.7207695425005118,80.0,0.7207695425005118,79.5,0.7153148336128272,7.5,0.08882386776296691
A0813,22.9588149646884,113.08996379955,3,72.0,0.6151722474037329,80.0,0.7109898410989703,80.0,0.7109898410989703,79.5,0.7054221674585363,7.5,0.09024992005480337
A0814,22.8896740066287,113.081987000235,3,74.0,0.5577731869631994,82.0,0.6599831967261969,82.0,0.6599831967261969,82.0,0.6599831967261969,8.0,0.10221000976299743
A0815,23.1127516798931,113.12539121536,3,80.0,0.7601470692450986,83.0,0.7883727715515748,83.0,0.7883727715515748,83.5,0.7928330668434681,3.5,0.03268599759836954
A0816,22.9642070520217,113.095785867576,3,72.0,0.6290093270914959,80.0,0.7229333612785219,80.0,0.7229333612785219,79.5,0.7175043550972035,7.5,0.08849502800570752
A0817,22.9604996933944,113.107183817611,3,72.0,0.6702105639754816,80.0,0.7577213864084812,80.0,0.7577213864084812,78.5,0.7425754951088476,6.5,0.07236493113336595
A0818,23.0636785372865,113.05707444984,3,72.0,0.7159540107585971,80.0,0.795038699672805,80.0,0.795038699672805,77.0,0.76743979967545,5.0,0.05148578891685285
A0819,22.9653213803937,113.092568377088,3,72.0,0.6260742537148037,80.0,0.7204110728769043,80.0,0.7204110728769043,79.5,0.7149521307395229,7.5,0.08887787702471917
A0820,23.0095891526153,113.085642361659,3,72.0,0.5636714283954911,80.0,0.6653361438001513,80.0,0.6653361438001513,80.0,0.6653361438001513,8.0,0.10166471540466016
A0821,22.7898213335287,113.164103868266,3,74.0,0.7176987413213527,81.5,0.792032700628509,81.5,0.792032700628509,79.0,0.7689703319781601,5.0,0.05127159065680742
A0822,23.0418187677355,113.088398158149,3,72.0,0.6348812158527172,80.0,0.7279615903159188,80.0,0.7279615903159188,79.0,0.7171602408768443,7.0,0.0822790250241271
A0823,22.9681791710674,113.097867107594,3,72.0,0.6538343281843372,80.0,0.7440309991124816,80.0,0.7440309991124816,78.5,0.7283361062419119,6.5,0.07450177805757474
A0824,22.9945666637602,113.140925647573,3,72.0,0.6106177035691266,80.0,0.7070292536920514,80.0,0.7070292536920514,79.5,0.7014173229397426,7.5,0.09079961937061598
A0825,22.9788820160337,113.016650621057,3,72.0,0.6701454785562252,80.0,0.7576673269719985,80.0,0.7576673269719985,78.5,0.7425192045640558,6.5,0.07237372600783065
A0826,22.9456383638471,113.09004145357,3,72.0,0.5750502989649878,80.0,0.6755896277476003,80.0,0.6755896277476003,80.0,0.6755896277476003,8.0,0.10053932878261251
A0827,23.0666723454291,113.154870338644,3,65.5,0.5912211875275726,73.5,0.6899971193713007,73.5,0.6899971193713007,73.5,0.6899971193713007,8.0,0.09877593184372813
A0828,23.0128081082158,113.760312199449,1,66.0,0.9461220153910969,65.0,0.9433081939577808,65.0,0.9433081939577808,65.0,0.9433081939577808,-1.0,-0.0028138214333160994
A0829,23.1790300071117,112.876192460885,3,80.0,0.5468006386226422,85.0,0.612345764154087,85.0,0.612345764154087,85.0,0.612345764154087,5.0,0.06554512553144487
A0830,23.1234111293555,113.151774758095,0,85.0,0.8242078959700826,81.0,0.790770460445552,81.0,0.790770460445552,85.0,0.8242078959700826,0.0,0.0
A0831,23.0440623974563,113.125784041664,3,65.5,0.49460164217888375,73.5,0.600966918483708,73.5,0.600966918483708,73.5,0.600966918483708,8.0,0.10636527630482423
A0832,22.8332623991325,113.280151555364,3,72.0,0.6963729286299403,80.0,0.7792283041447061,80.0,0.7792283041447061,77.5,0.7551848995591468,5.5,0.058811970929206536
A0833,22.8146759735082,113.827731195748,1,85.0,0.9648690584118201,77.0,0.9469403975955839,77.0,0.9469403975955839,78.5,0.9508579520185438,-6.5,-0.014011106393276296
A0834,23.0636739781751,113.771188397476,1,65.5,0.9275842957297376,65.0,0.9257535008868204,65.0,0.9257535008868204,65.0,0.9257535008868204,-0.5,-0.0018307948429171494
A0835,23.1232943054161,113.110382335887,3,85.0,0.8509433072801584,78.0,0.796541176246522,78.5,0.8008727965842324,85.0,0.8509433072801584,0.0,0.0
