package_id,task_count,task_ids,assigned_member_index,assigned_member_id,member_distance_km,member_quota,spread_km,allowed_radius_km,compactness,bundle_logit_bonus,average_price,total_reward,expected_payout,expected_completions,average_probability
OP0001,1,C0006,1373,B1374,0.5320697038581067,2.0,0.0,0.55,1.0,0.0,85.0,85.0,56.02379503189232,0.659103470963439,0.659103470963439
OP0002,1,C0039,1444,B1445,3.661736123726937,2.0,0.0,0.55,1.0,0.0,85.0,85.0,60.88362579849195,0.7162779505704935,0.7162779505704935
OP0003,1,C0043,1285,B1286,1.765142224794887,5.0,0.0,0.25,1.0,0.0,85.0,85.0,36.735398076337766,0.4321811538392678,0.4321811538392678
OP0004,1,C0046,1359,B1360,4.022191354708961,1.0,0.0,0.55,1.0,0.0,85.0,85.0,60.88362579849195,0.7162779505704935,0.7162779505704935
OP0005,1,C0063,1789,B1790,0.038647438651454674,1.0,0.0,0.25,1.0,0.0,85.0,85.0,34.078994944760446,0.4009293522912994,0.4009293522912994
OP0006,1,C0069,1852,B1853,0.9252889474518735,1.0,0.0,0.25,1.0,0.0,85.0,85.0,37.62099870955872,0.4425999848183379,0.4425999848183379
OP0007,1,C0083,1860,B1861,0.9494108131687832,1.0,0.0,0.55,1.0,0.0,85.0,85.0,55.714421126360726,0.655463777957185,0.655463777957185
OP0008,1,C0099,737,B0738,1.986687325006546,3.0,0.0,0.55,1.0,0.0,85.0,85.0,54.85572720964752,0.6453614965840885,0.6453614965840885
OP0009,1,C0121,300,B0301,1.5809648692490832,8.0,0.0,0.25,1.0,0.0,85.0,85.0,26.130729869710436,0.30742035140835805,0.30742035140835805
OP0010,1,C0123,1718,B1719,0.7898113126787071,1.0,0.0,0.55,1.0,0.0,85.0,85.0,27.852303627087522,0.32767416031867674,0.32767416031867674
OP0011,1,C0126,539,B0540,0.2747565570174019,6.0,0.0,0.25,1.0,0.0,85.0,85.0,37.43257542075896,0.44038324024422304,0.44038324024422304
OP0012,1,C0131,227,B0228,0.6449699935178854,7.0,0.0,0.55,1.0,0.0,85.0,85.0,42.28222316749508,0.4974379196175892,0.4974379196175892
OP0013,1,C0162,686,B0687,0.124205418761348,5.0,0.0,0.55,1.0,0.0,85.0,85.0,42.30627080159133,0.49772083295989805,0.49772083295989805
OP0014,1,C0164,300,B0301,1.6429192193382642,8.0,0.0,0.25,1.0,0.0,85.0,85.0,28.682339732888853,0.33743929097516295,0.33743929097516295
OP0015,1,C0173,1702,B1703,0.6908139101958395,1.0,0.0,0.25,1.0,0.0,85.0,85.0,32.87601962929608,0.38677670152113036,0.38677670152113036
OP0016,1,C0187,51,B0052,1.28833886731723,33.0,0.0,0.55,1.0,0.0,85.0,85.0,42.171217293007864,0.49613196815303373,0.49613196815303373
OP0017,1,C0189,907,B0908,0.4251866151243238,3.0,0.0,0.55,1.0,0.0,85.0,85.0,35.52459881161145,0.4179364566071935,0.4179364566071935
OP0018,1,C0212,300,B0301,1.9222001606449486,8.0,0.0,0.25,1.0,0.0,85.0,85.0,28.952172025188545,0.34061378853162994,0.34061378853162994
OP0019,1,C0235,12,B0013,0.16032016791230222,90.0,0.0,0.55,1.0,0.0,82.5,82.5,62.17529632598615,0.7536399554664989,0.7536399554664989
OP0020,1,C0236,1829,B1830,1.6046064243709097,1.0,0.0,0.25,1.0,0.0,85.0,85.0,49.11092116220633,0.5777755430847804,0.5777755430847804
OP0021,1,C0242,12,B0013,0.9092276683495385,90.0,0.0,0.55,1.0,0.0,85.0,85.0,59.97983846715552,0.7056451584371237,0.7056451584371237
OP0022,1,C0257,212,B0213,0.4077947052181611,8.0,0.0,0.55,1.0,0.0,72.0,72.0,54.11780882331589,0.7516362336571651,0.7516362336571651
OP0023,1,C0259,978,B0979,0.36118002836847396,3.0,0.0,0.55,1.0,0.0,85.0,85.0,60.104520603590714,0.7071120071010673,0.7071120071010673
OP0024,1,C0264,274,B0275,0.7628220165916121,7.0,0.0,0.55,1.0,0.0,82.5,82.5,61.960093501577575,0.7510314363827585,0.7510314363827585
OP0025,1,C0275,1845,B1846,1.9443413548100443,1.0,0.0,0.55,1.0,0.0,72.0,72.0,54.25936105081176,0.75360223681683,0.75360223681683
OP0026,1,C0276,924,B0925,0.7494508251904173,4.0,0.0,0.55,1.0,0.0,78.0,78.0,58.79216427317127,0.753745695809888,0.753745695809888
OP0027,1,C0280,924,B0925,0.640137575730409,4.0,0.0,0.55,1.0,0.0,81.5,81.5,61.43717367160092,0.7538303517987842,0.7538303517987842
OP0028,1,C0281,868,B0869,0.5709542493561072,3.0,0.0,0.55,1.0,0.0,85.0,85.0,60.104520603590714,0.7071120071010673,0.7071120071010673
OP0029,1,C0283,212,B0213,1.88001632427717,8.0,0.0,0.55,1.0,0.0,74.5,74.5,55.97883334702916,0.7513937362017337,0.7513937362017337
OP0030,1,C0287,1378,B1379,0.0549376672612726,1.0,0.0,0.55,1.0,0.0,75.5,75.5,56.70275239487087,0.7510298330446473,0.7510298330446473
OP0031,1,C0293,1759,B1760,0.8402111660577835,1.0,0.0,0.35,1.0,0.0,85.0,85.0,45.83744028445279,0.5392640033465034,0.5392640033465034
OP0032,1,C0301,522,B0523,0.27548383159582424,3.0,0.0,0.35,1.0,0.0,85.0,85.0,45.02801523263371,0.5297413556780437,0.5297413556780437
OP0033,1,C0327,395,B0396,0.5412047963797335,5.0,0.0,0.55,1.0,0.0,81.0,81.0,61.07510483599887,0.7540136399506033,0.7540136399506033
OP0034,1,C0334,395,B0396,0.448700735074114,5.0,0.0,0.55,1.0,0.0,80.0,80.0,60.255913461702036,0.7531989182712755,0.7531989182712755
OP0035,1,C0338,373,B0374,2.0875177542183243,5.0,0.0,0.55,1.0,0.0,82.0,82.0,61.772077408959994,0.753318017182439,0.753318017182439
OP0036,1,C0345,809,B0810,1.2095174967017104,3.0,0.0,0.4,1.0,0.0,85.0,85.0,56.106839623114155,0.6600804661542842,0.6600804661542842
OP0037,1,C0353,894,B0895,0.32508802592944736,3.0,0.0,0.55,1.0,0.0,81.0,81.0,61.094974208798355,0.7542589408493624,0.7542589408493624
OP0038,1,C0354,669,B0670,0.35648158605895797,3.0,0.0,0.55,1.0,0.0,85.0,85.0,60.104520603590714,0.7071120071010673,0.7071120071010673
OP0039,1,C0358,212,B0213,1.2761697818154416,8.0,0.0,0.55,1.0,0.0,78.5,78.5,59.1578469533392,0.7536031459024102,0.7536031459024102
OP0040,1,C0359,868,B0869,0.5709542493561072,3.0,0.0,0.55,1.0,0.0,85.0,85.0,60.104520603590714,0.7071120071010673,0.7071120071010673
OP0041,1,C0364,1802,B1803,0.5443996346872672,1.0,0.0,0.35,1.0,0.0,85.0,85.0,46.2265068675581,0.5438412572653895,0.5438412572653895
OP0042,1,C0366,516,B0517,0.5883128334410285,4.0,0.0,0.55,1.0,0.0,73.5,73.5,55.22450322531626,0.7513537853784525,0.7513537853784525
OP0043,1,C0367,819,B0820,0.5792989377194593,3.0,0.0,0.55,1.0,0.0,74.0,74.0,55.80248339061961,0.7540876133867515,0.7540876133867515
OP0044,1,C0370,516,B0517,0.10027974297360905,4.0,0.0,0.55,1.0,0.0,73.5,73.5,55.18626057619374,0.7508334772271257,0.7508334772271257
OP0045,1,C0396,12,B0013,1.7159826633183557,90.0,0.0,0.4,1.0,0.0,85.0,85.0,50.45276337133274,0.5935619220156794,0.5935619220156794
OP0046,1,C0402,727,B0728,0.1898748805206382,1.0,0.0,0.4,1.0,0.0,85.0,85.0,56.01260819273414,0.6589718610909899,0.6589718610909899
OP0047,1,C0407,924,B0925,0.17290634241330421,4.0,0.0,0.55,1.0,0.0,77.5,77.5,58.39121472651181,0.7534350287291847,0.7534350287291847
OP0048,1,C0408,1383,B1384,0.5072189284825196,1.0,0.0,0.55,1.0,0.0,75.0,75.0,56.56030124061083,0.7541373498748111,0.7541373498748111
OP0049,1,C0411,839,B0840,0.5449380405208263,3.0,0.0,0.55,1.0,0.0,85.0,85.0,60.104520603590714,0.7071120071010673,0.7071120071010673
OP0050,1,C0419,839,B0840,0.5449380405208263,3.0,0.0,0.55,1.0,0.0,85.0,85.0,60.104520603590714,0.7071120071010673,0.7071120071010673
OP0051,1,C0425,868,B0869,0.5709542493561072,3.0,0.0,0.55,1.0,0.0,85.0,85.0,60.104520603590714,0.7071120071010673,0.7071120071010673
OP0052,1,C0426,1698,B1699,0.863264672171377,1.0,0.0,0.4,1.0,0.0,85.0,85.0,53.44567024833246,0.6287725911568525,0.6287725911568525
OP0053,1,C0428,893,B0894,0.4878859241879892,2.0,0.0,0.55,1.0,0.0,74.5,74.5,56.20182797359577,0.754386952665715,0.754386952665715
OP0054,1,C0432,164,B0165,1.8079481693345252,13.0,0.0,0.25,1.0,0.0,85.0,85.0,51.59840632652073,0.6070400744296557,0.6070400744296557
OP0055,1,C0433,449,B0450,0.7874979371079432,4.0,0.0,0.35,1.0,0.0,85.0,85.0,50.3448172429111,0.59229196756366,0.59229196756366
OP0056,1,C0466,412,B0413,0.5213450343191802,5.0,0.0,0.55,1.0,0.0,85.0,85.0,60.104520603590714,0.7071120071010673,0.7071120071010673
OP0057,1,C0471,1705,B1706,0.37834307349240726,1.0,0.0,0.55,1.0,0.0,83.5,83.5,62.67505385053406,0.7505994473117852,0.7505994473117852
OP0058,1,C0476,743,B0744,1.2651338521626352,3.0,0.0,0.55,1.0,0.0,81.0,81.0,61.10597307077415,0.7543947292688167,0.7543947292688167
OP0059,1,C0478,74,B0075,2.6409134782352583,17.0,0.0,0.55,1.0,0.0,81.0,81.0,61.10597307077415,0.7543947292688167,0.7543947292688167
OP0060,1,C0480,958,B0959,1.3437259350023527,3.0,0.0,0.55,1.0,0.0,72.5,72.5,54.6566529117208,0.7538848677478731,0.7538848677478731
OP0061,1,C0495,256,B0257,0.3315081959386342,7.0,0.0,0.35,1.0,0.0,85.0,85.0,50.616170013722,0.5954843531026117,0.5954843531026117
OP0062,1,C0500,1272,B1273,1.307839603178865,1.0,0.0,0.55,1.0,0.0,85.0,85.0,59.49824377958338,0.6999793385833339,0.6999793385833339
OP0063,1,C0501,1454,B1455,1.6293495955761361,1.0,0.0,0.55,1.0,0.0,85.0,85.0,56.892873000004506,0.6693279176471119,0.6693279176471119
OP0064,1,C0506,743,B0744,0.05816359937498275,3.0,0.0,0.55,1.0,0.0,80.0,80.0,60.29929065295566,0.7537411331619458,0.7537411331619458
OP0065,1,C0513,940,B0941,1.6901497371316518,3.0,0.0,0.55,1.0,0.0,82.0,82.0,61.86668074540212,0.7544717164073429,0.7544717164073429
OP0066,1,C0517,74,B0075,2.619357707737783,17.0,0.0,0.55,1.0,0.0,81.0,81.0,61.1154551019807,0.7545117913824778,0.7545117913824778
OP0067,1,C0533,1772,B1773,0.8325077631968596,1.0,0.0,0.25,1.0,0.0,85.0,85.0,40.99355897705173,0.4822771644359027,0.4822771644359027
OP0068,1,C0546,1873,B1874,1.548277619333859,1.0,0.0,0.25,1.0,0.0,85.0,85.0,49.23095995749338,0.5791877642058045,0.5791877642058045
OP0069,1,C0551,958,B0959,1.504109700266484,3.0,0.0,0.55,1.0,0.0,72.5,72.5,54.40212978677964,0.7503742039555812,0.7503742039555812
OP0070,1,C0553,788,B0789,1.4835274783903696,3.0,0.0,0.55,1.0,0.0,72.0,72.0,54.168038928472384,0.7523338740065609,0.7523338740065609
OP0071,1,C0565,914,B0915,0.32042748419506123,4.0,0.0,0.55,1.0,0.0,85.0,85.0,62.07030186613186,0.7302388454839042,0.7302388454839042
OP0072,1,C0576,1769,B1770,0.8411954244149626,1.0,0.0,0.55,1.0,0.0,82.5,82.5,62.08920175997746,0.7525963849694238,0.7525963849694238
OP0073,1,C0585,1658,B1659,0.5086246905640824,1.0,0.0,0.25,1.0,0.0,85.0,85.0,43.965788337564796,0.5172445686772329,0.5172445686772329
OP0074,1,C0589,1760,B1761,0.19474410161515057,1.0,0.0,0.25,1.0,0.0,85.0,85.0,44.504109684127954,0.5235777609897406,0.5235777609897406
OP0075,1,C0594,1468,B1469,1.5996096341637278,1.0,0.0,0.4,1.0,0.0,85.0,85.0,54.364603435776566,0.6395835698326655,0.6395835698326655
OP0076,1,C0595,1550,B1551,0.499242017545742,1.0,0.0,0.55,1.0,0.0,85.0,85.0,60.84547540182224,0.7158291223743793,0.7158291223743793
OP0077,1,C0607,1814,B1815,1.955309195786745,1.0,0.0,0.55,1.0,0.0,66.0,66.0,49.597295112159586,0.7514741683660543,0.7514741683660543
OP0078,1,C0608,895,B0896,1.5033203897383922,1.0,0.0,0.35,1.0,0.0,85.0,85.0,51.181260957641385,0.6021324818546046,0.6021324818546046
OP0079,1,C0615,375,B0376,0.5478797912652511,5.0,0.0,0.25,1.0,0.0,85.0,85.0,43.965788337564796,0.5172445686772329,0.5172445686772329
OP0080,1,C0616,743,B0744,0.14432034989048081,3.0,0.0,0.55,1.0,0.0,81.5,81.5,61.49805234493852,0.7545773293857487,0.7545773293857487
OP0081,1,C0621,268,B0269,1.1222398262489088,1.0,0.0,0.25,1.0,0.0,85.0,85.0,43.965788337564796,0.5172445686772329,0.5172445686772329
OP0082,1,C0627,375,B0376,0.5478797912652511,5.0,0.0,0.25,1.0,0.0,85.0,85.0,43.965788337564796,0.5172445686772329,0.5172445686772329
OP0083,1,C0629,912,B0913,0.3099989019009078,4.0,0.0,0.25,1.0,0.0,85.0,85.0,43.965788337564796,0.5172445686772329,0.5172445686772329
OP0084,1,C0638,1447,B1448,0.9474576728386978,1.0,0.0,0.25,1.0,0.0,85.0,85.0,41.67010573059857,0.490236538007042,0.490236538007042
OP0085,1,C0645,1438,B1439,0.3954390778574077,1.0,0.0,0.25,1.0,0.0,85.0,85.0,43.965788337564796,0.5172445686772329,0.5172445686772329
OP0086,1,C0649,1694,B1695,0.3814628492001051,1.0,0.0,0.55,1.0,0.0,78.5,78.5,59.049987227252295,0.7522291366528955,0.7522291366528955
OP0087,1,C0650,1532,B1533,0.776760112099163,1.0,0.0,0.4,1.0,0.0,85.0,85.0,44.8148693177025,0.527233756678853,0.527233756678853
OP0088,1,C0662,881,B0882,0.23814590990478599,1.0,0.0,0.55,1.0,0.0,85.0,85.0,57.13127849787721,0.6721326882103201,0.6721326882103201
OP0089,1,C0672,168,B0169,0.40540917274750854,10.0,0.0,0.35,1.0,0.0,85.0,85.0,50.098758351656656,0.5893971570783136,0.5893971570783136
OP0090,1,C0674,912,B0913,0.3099989019009078,4.0,0.0,0.25,1.0,0.0,85.0,85.0,43.965788337564796,0.5172445686772329,0.5172445686772329
OP0091,1,C0676,1663,B1664,0.6032484745496576,1.0,0.0,0.35,1.0,0.0,85.0,85.0,45.05624753353063,0.530073500394478,0.530073500394478
OP0092,1,C0678,476,B0477,0.9205270076517051,5.0,0.0,0.25,1.0,0.0,85.0,85.0,43.08156466379771,0.5068419372211495,0.5068419372211495
OP0093,1,C0687,1803,B1804,1.1660387005320896,1.0,0.0,0.55,1.0,0.0,75.5,75.5,56.812486040008686,0.7524832588080621,0.7524832588080621
OP0094,1,C0698,1680,B1681,2.2201181372590355,1.0,0.0,0.55,1.0,0.0,85.0,85.0,60.46571496230884,0.711361352497751,0.711361352497751
OP0095,1,C0703,116,B0117,2.003817919956906,17.0,0.0,0.55,1.0,0.0,85.0,85.0,60.46571496230884,0.711361352497751,0.711361352497751
OP0096,1,C0708,116,B0117,2.003817919956906,17.0,0.0,0.55,1.0,0.0,85.0,85.0,60.46571496230884,0.711361352497751,0.711361352497751
OP0097,1,C0731,1472,B1473,0.4294228310457935,2.0,0.0,0.55,1.0,0.0,80.5,80.5,60.441534169163624,0.7508265114181817,0.7508265114181817
OP0098,1,C0744,1354,B1355,0.42381147976068395,1.0,0.0,0.25,1.0,0.0,85.0,85.0,49.975365169240845,0.5879454725793041,0.5879454725793041
OP0099,1,C0745,116,B0117,2.003817919956906,17.0,0.0,0.55,1.0,0.0,85.0,85.0,60.46571496230884,0.711361352497751,0.711361352497751
OP0100,1,C0758,599,B0600,2.3316419842036997,6.0,0.0,0.55,1.0,0.0,85.0,85.0,60.46571496230884,0.711361352497751,0.711361352497751
OP0101,1,C0776,263,B0264,0.8408873825535697,10.0,0.0,0.4,1.0,0.0,85.0,85.0,56.86975947178067,0.669055993785655,0.669055993785655
OP0102,1,C0782,1492,B1493,0.9485826816317166,1.0,0.0,0.55,1.0,0.0,85.0,85.0,63.88684161632338,0.7516099013685104,0.7516099013685104
OP0103,1,C0805,1813,B1814,0.8017247304822801,1.0,0.0,0.25,1.0,0.0,85.0,85.0,50.03292070620563,0.5886225965435956,0.5886225965435956
OP0104,1,C0806,52,B0053,0.2733214995237408,33.0,0.0,0.55,1.0,0.0,85.0,85.0,61.43468890473262,0.7227610459380308,0.7227610459380308
OP0105,1,C0808,959,B0960,1.2407027081821942,1.0,0.0,0.25,1.0,0.0,85.0,85.0,46.20203897048269,0.5435533996527375,0.5435533996527375
OP0106,1,C0809,116,B0117,2.003817919956906,17.0,0.0,0.55,1.0,0.0,85.0,85.0,60.46571496230884,0.711361352497751,0.711361352497751
OP0107,1,C0816,1245,B1246,0.38986351893554516,5.0,0.0,0.55,1.0,0.0,81.0,81.0,60.89045536078365,0.7517340167997981,0.7517340167997981
OP0108,1,C0832,116,B0117,2.003817919956906,17.0,0.0,0.55,1.0,0.0,85.0,85.0,60.46571496230884,0.711361352497751,0.711361352497751
OP0109,1,C0851,116,B0117,2.003817919956906,17.0,0.0,0.55,1.0,0.0,85.0,85.0,60.46571496230884,0.711361352497751,0.711361352497751
OP0110,1,C0854,116,B0117,2.003817919956906,17.0,0.0,0.55,1.0,0.0,85.0,85.0,60.46571496230884,0.711361352497751,0.711361352497751
OP0111,1,C0857,1275,B1276,0.3533234078879132,4.0,0.0,0.4,1.0,0.0,85.0,85.0,56.769395457704036,0.667875240678871,0.667875240678871
OP0112,1,C0871,1344,B1345,0.848902524450528,1.0,0.0,0.25,1.0,0.0,85.0,85.0,49.497194956215964,0.5823199406613643,0.5823199406613643
OP0113,1,C0886,1457,B1458,0.4266488304925093,1.0,0.0,0.25,1.0,0.0,85.0,85.0,46.68518793940316,0.5492375051694489,0.5492375051694489
OP0114,1,C0887,1473,B1474,0.36411560314041874,1.0,0.0,0.55,1.0,0.0,84.5,84.5,63.6985407899022,0.7538288850875999,0.7538288850875999
OP0115,1,C0893,578,B0579,0.980695041391764,4.0,0.0,0.55,1.0,0.0,77.0,77.0,57.77028548169258,0.7502634478141894,0.7502634478141894
OP0116,1,C0898,1540,B1541,1.128683898289711,3.0,0.0,0.55,1.0,0.0,85.0,85.0,63.86622430014934,0.7513673447076393,0.7513673447076393
OP0117,1,C0906,1477,B1478,1.230391902497358,1.0,0.0,0.25,1.0,0.0,85.0,85.0,53.56629628245039,0.6301917209700045,0.6301917209700045
OP0118,1,C0907,186,B0187,1.1834764542714287,10.0,0.0,0.25,1.0,0.0,85.0,85.0,56.418434774399735,0.6637462914635263,0.6637462914635263
OP0119,1,C0910,1654,B1655,1.3501809011621464,1.0,0.0,0.55,1.0,0.0,85.0,85.0,60.46571496230884,0.711361352497751,0.711361352497751
OP0120,1,C0911,990,B0991,2.2805720590485947,4.0,0.0,0.55,1.0,0.0,85.0,85.0,60.46571496230884,0.711361352497751,0.711361352497751
OP0121,1,C0916,664,B0665,2.042658785562208,4.0,0.0,0.55,1.0,0.0,85.0,85.0,60.46571496230884,0.711361352497751,0.711361352497751
OP0122,1,C0922,437,B0438,0.4610926795472027,6.0,0.0,0.55,1.0,0.0,82.0,82.0,61.63613987887179,0.7516602424252657,0.7516602424252657
OP0123,1,C0926,1555,B1556,0.8095109096961292,1.0,0.0,0.35,1.0,0.0,85.0,85.0,46.67236580987473,0.5490866565867615,0.5490866565867615
OP0124,1,C0933,704,B0705,0.3806092610883003,4.0,0.0,0.35,1.0,0.0,85.0,85.0,46.01581812310895,0.541362566154223,0.541362566154223
OP0125,1,C0934,1844,B1845,0.5608757595617748,1.0,0.0,0.55,1.0,0.0,85.0,85.0,55.35811098569579,0.6512718939493622,0.6512718939493622
OP0126,1,C0935,913,B0914,0.15661123114550413,5.0,0.0,0.55,1.0,0.0,81.5,81.5,61.454567567952694,0.7540437738399104,0.7540437738399104
OP0127,1,C0937,913,B0914,0.2701564768293916,5.0,0.0,0.55,1.0,0.0,81.0,81.0,61.05585130947545,0.7537759420922895,0.7537759420922895
OP0128,1,C0938,909,B0910,0.9173982700865436,1.0,0.0,0.35,1.0,0.0,85.0,85.0,49.728349351547266,0.5850394041358502,0.5850394041358502
OP0129,1,C0941,116,B0117,2.003817919956906,17.0,0.0,0.55,1.0,0.0,85.0,85.0,60.46571496230884,0.711361352497751,0.711361352497751
OP0130,1,C0945,1731,B1732,1.6909440404091454,1.0,0.0,0.55,1.0,0.0,85.0,85.0,60.46571496230884,0.711361352497751,0.711361352497751
OP0131,1,C0953,913,B0914,0.17547351377384865,5.0,0.0,0.55,1.0,0.0,84.0,84.0,63.37185672463636,0.7544268657694805,0.7544268657694805
OP0132,1,C0955,664,B0665,2.042658785562208,4.0,0.0,0.55,1.0,0.0,85.0,85.0,60.46571496230884,0.711361352497751,0.711361352497751
OP0133,1,C0959,1472,B1473,0.3474785402108885,2.0,0.0,0.55,1.0,0.0,80.0,80.0,60.36994543644552,0.754624317955569,0.754624317955569
OP0134,1,C0969,578,B0579,1.7080913209039492,4.0,0.0,0.55,1.0,0.0,71.0,71.0,53.5992194567821,0.7549185838983394,0.7549185838983394
OP0135,1,C0975,664,B0665,2.042658785562208,4.0,0.0,0.55,1.0,0.0,85.0,85.0,60.46571496230884,0.711361352497751,0.711361352497751
OP0136,1,C0988,699,B0700,1.71963263774131,2.0,0.0,0.55,1.0,0.0,80.0,80.0,60.184484204368516,0.7523060525546065,0.7523060525546065
OP0137,1,C0994,146,B0147,0.8527923942980584,13.0,0.0,0.35,1.0,0.0,85.0,85.0,47.09525896264205,0.55406187014873,0.55406187014873
OP0138,1,C0997,68,B0069,0.39459534293395593,1.0,0.0,0.55,1.0,0.0,85.0,85.0,57.20641650474539,0.6730166647617105,0.6730166647617105
OP0139,1,C0999,1508,B1509,4.294432916496054,1.0,0.0,0.55,1.0,0.0,85.0,85.0,60.88362579849195,0.7162779505704935,0.7162779505704935
OP0140,1,C1005,556,B0557,0.17703978779614224,7.0,0.0,0.55,1.0,0.0,85.0,85.0,61.895787983641426,0.7281857409840168,0.7281857409840168
OP0141,1,C1014,948,B0949,0.3980948574810865,4.0,0.0,0.55,1.0,0.0,85.0,85.0,55.49788648975256,0.6529163116441478,0.6529163116441478
OP0142,1,C1045,1657,B1658,0.591633191724099,1.0,0.0,0.25,1.0,0.0,85.0,85.0,28.447411047344083,0.334675424086401,0.334675424086401
OP0143,1,C1054,551,B0552,3.733874283724984,5.0,0.0,0.55,1.0,0.0,85.0,85.0,60.88362579849195,0.7162779505704935,0.7162779505704935
OP0144,1,C1055,551,B0552,3.733874283724984,5.0,0.0,0.55,1.0,0.0,85.0,85.0,60.88362579849195,0.7162779505704935,0.7162779505704935
OP0145,1,C1058,367,B0368,0.17372741339906927,10.0,0.0,0.55,1.0,0.0,85.0,85.0,50.90387701124736,0.5988691413087924,0.5988691413087924
OP0146,1,C1059,1790,B1791,0.3811820601573114,1.0,0.0,0.25,1.0,0.0,85.0,85.0,32.67511927212094,0.3844131679073052,0.3844131679073052
OP0147,1,C1060,1460,B1461,0.13223730015472487,1.0,0.0,0.55,1.0,0.0,85.0,85.0,29.897022525716068,0.3517296767731302,0.3517296767731302
OP0148,1,C1070,581,B0582,0.10686117291803328,3.0,0.0,0.55,1.0,0.0,85.0,85.0,28.30991837716161,0.3330578632607248,0.3330578632607248
OP0149,1,C1072,1016,B1017,1.2596121183662667,6.0,0.0,0.55,1.0,0.0,85.0,85.0,56.05404404601272,0.6594593417177967,0.6594593417177967
OP0150,1,C1088,880,B0881,0.17422573123338547,1.0,0.0,0.55,1.0,0.0,85.0,85.0,23.291623017707728,0.27401909432597327,0.27401909432597327
OP0151,1,C1091,1444,B1445,3.661736123726937,2.0,0.0,0.55,1.0,0.0,85.0,85.0,60.88362579849195,0.7162779505704935,0.7162779505704935
OP0152,1,C1107,324,B0325,1.9238730415660787,13.0,0.0,0.25,1.0,0.0,85.0,85.0,28.36819002866301,0.33374341210191777,0.33374341210191777
OP0153,1,C1110,778,B0779,1.7728980831630416,7.0,0.0,0.25,1.0,0.0,85.0,85.0,23.721187606754153,0.27907279537357826,0.27907279537357826
OP0154,1,C1126,398,B0399,0.8618239096403828,1.0,0.0,0.25,1.0,0.0,85.0,85.0,32.12164108878436,0.37790165986805124,0.37790165986805124
OP0155,1,C1139,551,B0552,3.733874283724984,5.0,0.0,0.55,1.0,0.0,85.0,85.0,60.88362579849195,0.7162779505704935,0.7162779505704935
OP0156,1,C1146,934,B0935,3.633063673716886,1.0,0.0,0.55,1.0,0.0,82.5,82.5,61.91492694331526,0.7504839629492759,0.7504839629492759
OP0157,1,C1163,759,B0760,0.6876749377001187,6.0,0.0,0.55,1.0,0.0,85.0,85.0,49.51783525313555,0.5825627676839477,0.5825627676839477
OP0158,1,C1166,1717,B1718,8.530459379623014,1.0,0.0,0.55,1.0,0.0,79.5,79.5,59.96408245220795,0.7542651880780874,0.7542651880780874
OP0159,1,C1171,96,B0097,1.5219664069353618,34.0,0.0,0.25,1.0,0.0,85.0,85.0,36.189564828764325,0.42575958622075677,0.42575958622075677
OP0160,1,C1172,160,B0161,0.14307405013234145,1.0,0.0,0.35,1.0,0.0,85.0,85.0,39.90546661685298,0.46947607784532924,0.46947607784532924
OP0161,1,C1205,334,B0335,0.9391057502858148,8.0,0.0,0.25,1.0,0.0,85.0,85.0,38.506743572347425,0.4530205126158521,0.4530205126158521
OP0162,1,C1220,1858,B1859,0.9442790742973376,1.0,0.0,0.25,1.0,0.0,85.0,85.0,33.19456561466822,0.39052430134903793,0.39052430134903793
OP0163,1,C1226,832,B0833,1.3320371294075664,4.0,0.0,0.4,1.0,0.0,85.0,85.0,38.513614047187346,0.4531013417316158,0.4531013417316158
OP0164,1,C1230,257,B0258,0.8939832396336446,1.0,0.0,0.55,1.0,0.0,85.0,85.0,41.772849020643605,0.4914452825958071,0.4914452825958071
OP0165,1,C1243,836,B0837,0.11782346890677925,5.0,0.0,0.55,1.0,0.0,85.0,85.0,37.92435981305306,0.4461689389770948,0.4461689389770948
OP0166,1,C1244,999,B1000,0.644110927620558,5.0,0.0,0.4,1.0,0.0,85.0,85.0,40.96267111326232,0.4819137778030861,0.4819137778030861
OP0167,1,C1262,971,B0972,0.7002847199344545,4.0,0.0,0.25,1.0,0.0,85.0,85.0,31.088361904385867,0.3657454341692455,0.3657454341692455
OP0168,1,C1277,967,B0968,0.8143521042083015,4.0,0.0,0.25,1.0,0.0,85.0,85.0,34.3015753563881,0.40354794536927174,0.40354794536927174
OP0169,1,C1283,1771,B1772,0.43271688506213324,1.0,0.0,0.25,1.0,0.0,85.0,85.0,34.14604777662633,0.4017182091367804,0.4017182091367804
OP0170,1,C1295,1527,B1528,0.27298538737087147,1.0,0.0,0.25,1.0,0.0,85.0,85.0,24.042309496565814,0.28285069995959783,0.28285069995959783
OP0171,1,C1309,1348,B1349,1.7057469067745872,1.0,0.0,0.25,1.0,0.0,85.0,85.0,25.487411069006598,0.2998518949294894,0.2998518949294894
OP0172,1,C1319,334,B0335,0.8500098164521454,8.0,0.0,0.25,1.0,0.0,85.0,85.0,32.284509637898545,0.37981776044586524,0.37981776044586524
OP0173,1,C1326,971,B0972,1.183336067916551,4.0,0.0,0.25,1.0,0.0,85.0,85.0,26.701065844307102,0.31413018640361295,0.31413018640361295
OP0174,1,C1329,1855,B1856,0.8803260767357518,1.0,0.0,0.25,1.0,0.0,85.0,85.0,25.971231107509464,0.3055438953824643,0.3055438953824643
OP0175,1,C1330,1376,B1377,1.4057409337883984,1.0,0.0,0.25,1.0,0.0,85.0,85.0,26.382218736602802,0.31037904396003296,0.31037904396003296
OP0176,1,C1348,815,B0816,0.5311551185891095,3.0,0.0,0.55,1.0,0.0,85.0,85.0,60.104520603590714,0.7071120071010673,0.7071120071010673
OP0177,1,C1355,924,B0925,0.7302540159588192,4.0,0.0,0.55,1.0,0.0,71.5,71.5,53.92752682431901,0.7542311443960701,0.7542311443960701
OP0178,1,C1367,1763,B1764,0.9405953327431399,1.0,0.0,0.55,1.0,0.0,85.0,85.0,47.05216185948962,0.5535548454057603,0.5535548454057603
OP0179,1,C1371,1510,B1511,0.5587421873062518,1.0,0.0,0.55,1.0,0.0,85.0,85.0,62.51824962162677,0.7355088190779621,0.7355088190779621
OP0180,1,C1403,516,B0517,1.4263970683380012,4.0,0.0,0.55,1.0,0.0,68.0,68.0,51.03743027381701,0.7505504452031913,0.7505504452031913
OP0181,1,C1408,1820,B1821,1.1018602439076481,1.0,0.0,0.55,1.0,0.0,85.0,85.0,56.48526349146372,0.6645325116642791,0.6645325116642791
OP0182,1,C1423,1797,B1798,0.29381339866617595,1.0,0.0,0.35,1.0,0.0,85.0,85.0,53.4798274192759,0.6291744402267753,0.6291744402267753
OP0183,1,C1443,839,B0840,0.5449380405208263,3.0,0.0,0.55,1.0,0.0,85.0,85.0,60.104520603590714,0.7071120071010673,0.7071120071010673
OP0184,1,C1458,815,B0816,0.5311551185891095,3.0,0.0,0.55,1.0,0.0,85.0,85.0,60.104520603590714,0.7071120071010673,0.7071120071010673
OP0185,1,C1464,395,B0396,0.5401573828224696,5.0,0.0,0.55,1.0,0.0,81.0,81.0,61.078701193046136,0.7540580394203227,0.7540580394203227
OP0186,1,C1467,1538,B1539,0.5405258068577269,1.0,0.0,0.55,1.0,0.0,85.0,85.0,60.104520603590714,0.7071120071010673,0.7071120071010673
OP0187,1,C1490,819,B0820,2.2572893118531008,3.0,0.0,0.55,1.0,0.0,79.0,79.0,59.26343027957023,0.7501700035388637,0.7501700035388637
OP0188,1,C1495,719,B0720,0.11388282580689411,4.0,0.0,0.4,1.0,0.0,85.0,85.0,56.67471856171738,0.6667613948437339,0.6667613948437339
OP0189,1,C1504,819,B0820,0.5792989377194593,3.0,0.0,0.55,1.0,0.0,74.0,74.0,55.80248339061961,0.7540876133867515,0.7540876133867515
OP0190,1,C1505,412,B0413,0.5213450343191802,5.0,0.0,0.55,1.0,0.0,85.0,85.0,60.104520603590714,0.7071120071010673,0.7071120071010673
OP0191,1,C1506,822,B0823,0.44664563301875804,3.0,0.0,0.55,1.0,0.0,80.0,80.0,60.32875306552468,0.7541094133190585,0.7541094133190585
OP0192,1,C1509,1530,B1531,0.48908426242805575,1.0,0.0,0.25,1.0,0.0,85.0,85.0,48.32176264390994,0.5684913252224699,0.5684913252224699
OP0193,1,C1521,815,B0816,0.5311551185891095,3.0,0.0,0.55,1.0,0.0,85.0,85.0,60.104520603590714,0.7071120071010673,0.7071120071010673
OP0194,1,C1528,412,B0413,0.5213450343191802,5.0,0.0,0.55,1.0,0.0,85.0,85.0,60.104520603590714,0.7071120071010673,0.7071120071010673
OP0195,1,C1537,995,B0996,0.7023566408014204,1.0,0.0,0.4,1.0,0.0,85.0,85.0,50.555600024747086,0.5947717649970246,0.5947717649970246
OP0196,1,C1539,212,B0213,0.8262841731936958,8.0,0.0,0.55,1.0,0.0,79.0,79.0,59.3480153812038,0.7512407010278962,0.7512407010278962
OP0197,1,C1543,669,B0670,0.35648158605895797,3.0,0.0,0.55,1.0,0.0,85.0,85.0,60.104520603590714,0.7071120071010673,0.7071120071010673
OP0198,1,C1549,1446,B1447,0.3616313697151449,1.0,0.0,0.55,1.0,0.0,85.0,85.0,53.524541333647356,0.6297004862782042,0.6297004862782042
OP0199,1,C1554,944,B0945,0.39010545993341744,3.0,0.0,0.55,1.0,0.0,82.0,82.0,61.90323552987721,0.7549175064619171,0.7549175064619171
OP0200,1,C1556,516,B0517,2.165275652192298,4.0,0.0,0.55,1.0,0.0,65.0,65.0,49.77653961528329,0.7657929171582045,0.7657929171582045
OP0201,1,C1558,27,B0028,1.0250809876165274,58.0,0.0,0.55,1.0,0.0,85.0,85.0,53.8718760504826,0.6337867770645012,0.6337867770645012
OP0202,1,C1560,669,B0670,0.35648158605895797,3.0,0.0,0.55,1.0,0.0,85.0,85.0,60.104520603590714,0.7071120071010673,0.7071120071010673
OP0203,1,C1570,978,B0979,0.36118002836847396,3.0,0.0,0.55,1.0,0.0,85.0,85.0,60.104520603590714,0.7071120071010673,0.7071120071010673
OP0204,1,C1575,893,B0894,2.188377935177749,2.0,0.0,0.55,1.0,0.0,71.0,71.0,53.35127984814742,0.7514264767344707,0.7514264767344707
OP0205,1,C1576,1725,B1726,0.5218170432694236,1.0,0.0,0.35,1.0,0.0,85.0,85.0,48.010526673558616,0.5648297255712779,0.5648297255712779
OP0206,1,C1579,978,B0979,0.36118002836847396,3.0,0.0,0.55,1.0,0.0,85.0,85.0,60.104520603590714,0.7071120071010673,0.7071120071010673
OP0207,1,C1598,912,B0913,0.3099989019009078,4.0,0.0,0.25,1.0,0.0,85.0,85.0,43.965788337564796,0.5172445686772329,0.5172445686772329
OP0208,1,C1601,950,B0951,0.6678100524459595,4.0,0.0,0.25,1.0,0.0,85.0,85.0,41.3211308298708,0.48613095093965647,0.48613095093965647
OP0209,1,C1603,190,B0191,0.7577067340288035,8.0,0.0,0.55,1.0,0.0,83.0,83.0,62.59878115841902,0.7542021826315545,0.7542021826315545
OP0210,1,C1604,958,B0959,1.3437259350023527,3.0,0.0,0.55,1.0,0.0,72.5,72.5,54.6566529117208,0.7538848677478731,0.7538848677478731
OP0211,1,C1616,796,B0797,1.5655213323198802,4.0,0.0,0.25,1.0,0.0,85.0,85.0,43.536365902785946,0.5121925400327758,0.5121925400327758
OP0212,1,C1621,887,B0888,0.9046036012365083,1.0,0.0,0.35,1.0,0.0,85.0,85.0,48.513643919848015,0.570748751998212,0.570748751998212
OP0213,1,C1624,528,B0529,2.115349561226834,3.0,0.0,0.55,1.0,0.0,75.5,75.5,56.94534104439454,0.754242927740325,0.754242927740325
OP0214,1,C1625,528,B0529,0.36257634008581957,3.0,0.0,0.55,1.0,0.0,82.5,82.5,62.123573311580564,0.7530130098373402,0.7530130098373402
OP0215,1,C1643,702,B0703,0.8633764995683688,4.0,0.0,0.25,1.0,0.0,85.0,85.0,43.965788337564796,0.5172445686772329,0.5172445686772329
OP0216,1,C1659,92,B0093,2.159544839565659,16.0,0.0,0.55,1.0,0.0,83.0,83.0,62.44339376187762,0.7523300453238267,0.7523300453238267
OP0217,1,C1661,796,B0797,0.5566613787569517,4.0,0.0,0.25,1.0,0.0,85.0,85.0,57.72965876304288,0.6791724560357986,0.6791724560357986
OP0218,1,C1662,1831,B1832,1.8085291666656629,1.0,0.0,0.25,1.0,0.0,85.0,85.0,51.37775270599202,0.6044441494822591,0.6044441494822591
OP0219,1,C1668,375,B0376,0.5478797912652511,5.0,0.0,0.25,1.0,0.0,85.0,85.0,43.965788337564796,0.5172445686772329,0.5172445686772329
OP0220,1,C1688,1811,B1812,0.509006832762317,1.0,0.0,0.35,1.0,0.0,85.0,85.0,52.922785191428126,0.6226210022520956,0.6226210022520956
OP0221,1,C1705,375,B0376,0.5478797912652511,5.0,0.0,0.25,1.0,0.0,85.0,85.0,43.965788337564796,0.5172445686772329,0.5172445686772329
OP0222,1,C1716,912,B0913,0.3099989019009078,4.0,0.0,0.25,1.0,0.0,85.0,85.0,43.965788337564796,0.5172445686772329,0.5172445686772329
OP0223,1,C1720,702,B0703,0.8633764995683688,4.0,0.0,0.25,1.0,0.0,85.0,85.0,43.965788337564796,0.5172445686772329,0.5172445686772329
OP0224,1,C1721,375,B0376,0.5478797912652511,5.0,0.0,0.25,1.0,0.0,85.0,85.0,43.965788337564796,0.5172445686772329,0.5172445686772329
OP0225,1,C1722,904,B0905,2.27802714658387,3.0,0.0,0.55,1.0,0.0,65.0,65.0,52.26333794551768,0.8040513530079643,0.8040513530079643
OP0226,1,C1725,754,B0755,1.404130268896676,3.0,0.0,0.25,1.0,0.0,85.0,85.0,43.965788337564796,0.5172445686772329,0.5172445686772329
OP0227,1,C1728,643,B0644,0.2767376011388708,4.0,0.0,0.55,1.0,0.0,85.0,85.0,56.42685596499334,0.6638453642940393,0.6638453642940393
OP0228,1,C1731,1375,B1376,0.7116306888510974,1.0,0.0,0.25,1.0,0.0,85.0,85.0,41.23043387806272,0.48506392797720843,0.48506392797720843
OP0229,1,C1741,269,B0270,0.28866682994712123,1.0,0.0,0.35,1.0,0.0,85.0,85.0,52.68360692424337,0.6198071402852161,0.6198071402852161
OP0230,1,C1751,1449,B1450,0.9127311560847695,1.0,0.0,0.25,1.0,0.0,85.0,85.0,43.965788337564796,0.5172445686772329,0.5172445686772329
OP0231,1,C1756,835,B0836,0.44886088328500817,4.0,0.0,0.55,1.0,0.0,85.0,85.0,57.34335788152269,0.6746277397826199,0.6746277397826199
OP0232,1,C1783,116,B0117,2.003817919956906,17.0,0.0,0.55,1.0,0.0,85.0,85.0,60.46571496230884,0.711361352497751,0.711361352497751
OP0233,1,C1785,664,B0665,2.042658785562208,4.0,0.0,0.55,1.0,0.0,85.0,85.0,60.46571496230884,0.711361352497751,0.711361352497751
OP0234,1,C1798,116,B0117,2.003817919956906,17.0,0.0,0.55,1.0,0.0,85.0,85.0,60.46571496230884,0.711361352497751,0.711361352497751
OP0235,1,C1804,1307,B1308,0.5000832367088486,2.0,0.0,0.55,1.0,0.0,85.0,85.0,51.51023553620248,0.6060027710141468,0.6060027710141468
OP0236,1,C1824,1229,B1230,1.298646998902238,7.0,0.0,0.55,1.0,0.0,71.0,71.0,53.34685539744773,0.7513641605274328,0.7513641605274328
OP0237,1,C1827,116,B0117,2.003817919956906,17.0,0.0,0.55,1.0,0.0,85.0,85.0,60.46571496230884,0.711361352497751,0.711361352497751
OP0238,1,C1831,1874,B1875,0.27539561031102855,1.0,0.0,0.55,1.0,0.0,85.0,85.0,53.559783683113075,0.6301151021542715,0.6301151021542715
OP0239,1,C1838,72,B0073,0.4879944399481331,21.0,0.0,0.55,1.0,0.0,85.0,85.0,64.03486604518463,0.7533513652374662,0.7533513652374662
OP0240,1,C1850,1627,B1628,0.3702722513940374,2.0,0.0,0.55,1.0,0.0,74.0,74.0,55.81787364403814,0.7542955897842991,0.7542955897842991
OP0241,1,C1869,826,B0827,0.3869287017653273,5.0,0.0,0.55,1.0,0.0,84.0,84.0,63.26796678720864,0.7531900808001029,0.7531900808001029
OP0242,1,C1873,454,B0455,0.6028482430854779,5.0,0.0,0.25,1.0,0.0,85.0,85.0,48.25198510236093,0.5676704129689522,0.5676704129689522
OP0243,1,C1880,1823,B1824,1.3601732619842273,1.0,0.0,0.55,1.0,0.0,85.0,85.0,56.509989776053004,0.6648234091300353,0.6648234091300353
OP0244,1,C1881,116,B0117,2.003817919956906,17.0,0.0,0.55,1.0,0.0,85.0,85.0,60.46571496230884,0.711361352497751,0.711361352497751
OP0245,1,C1884,1649,B1650,1.3350154653637325,1.0,0.0,0.55,1.0,0.0,74.0,74.0,55.86350061243358,0.7549121704382916,0.7549121704382916
OP0246,1,C1885,437,B0438,0.2938981077176277,6.0,0.0,0.55,1.0,0.0,84.5,84.5,63.67605867777176,0.7535628245890149,0.7535628245890149
OP0247,1,C1925,116,B0117,2.003817919956906,17.0,0.0,0.55,1.0,0.0,85.0,85.0,60.46571496230884,0.711361352497751,0.711361352497751
OP0248,1,C1926,990,B0991,2.2805720590485947,4.0,0.0,0.55,1.0,0.0,85.0,85.0,60.46571496230884,0.711361352497751,0.711361352497751
OP0249,1,C1930,875,B0876,2.178581394384117,4.0,0.0,0.55,1.0,0.0,76.5,76.5,57.65029805593992,0.7535986673979075,0.7535986673979075
OP0250,1,C1939,1498,B1499,0.05382847343855338,1.0,0.0,0.25,1.0,0.0,85.0,85.0,49.61564440751196,0.5837134636177878,0.5837134636177878
OP0251,1,C1950,1768,B1769,0.5447803033687948,1.0,0.0,0.25,1.0,0.0,85.0,85.0,48.32036488407748,0.5684748809891468,0.5684748809891468
OP0252,1,C1956,246,B0247,0.9543294054353347,1.0,0.0,0.25,1.0,0.0,85.0,85.0,44.10868929256812,0.5189257563831544,0.5189257563831544
OP0253,1,C1979,1471,B1472,2.1606207175216183,2.0,0.0,0.55,1.0,0.0,85.0,85.0,60.46571496230884,0.711361352497751,0.711361352497751
OP0254,1,C1991,116,B0117,2.003817919956906,17.0,0.0,0.55,1.0,0.0,85.0,85.0,60.46571496230884,0.711361352497751,0.711361352497751
OP0255,1,C1995,116,B0117,2.003817919956906,17.0,0.0,0.55,1.0,0.0,85.0,85.0,60.46571496230884,0.711361352497751,0.711361352497751
OP0256,1,C2009,116,B0117,2.003817919956906,17.0,0.0,0.55,1.0,0.0,85.0,85.0,60.46571496230884,0.711361352497751,0.711361352497751
OP0257,1,C2017,1751,B1752,0.8438785438392453,1.0,0.0,0.35,1.0,0.0,85.0,85.0,44.81269869637979,0.5272082199574093,0.5272082199574093
OP0258,1,C2018,1339,B1340,0.4265231858009315,1.0,0.0,0.55,1.0,0.0,85.0,85.0,59.21306762994956,0.6966243250582301,0.6966243250582301
OP0259,1,C2021,1471,B1472,2.1606207175216183,2.0,0.0,0.55,1.0,0.0,85.0,85.0,60.46571496230884,0.711361352497751,0.711361352497751
OP0260,1,C2036,116,B0117,2.003817919956906,17.0,0.0,0.55,1.0,0.0,85.0,85.0,60.46571496230884,0.711361352497751,0.711361352497751
OP0261,1,C2052,889,B0890,0.7174121811894695,4.0,0.0,0.55,1.0,0.0,85.0,85.0,52.22530792742039,0.6144153873814163,0.6144153873814163
OP0262,1,C2066,1463,B1464,0.7131541553850078,1.0,0.0,0.25,1.0,0.0,85.0,85.0,51.42462745304823,0.6049956170946851,0.6049956170946851
OP0263,2,C0002;C0116,238,B0239,0.4048861517695189,15.0,0.07113393546500599,0.55,0.8706655718818073,0.34287579723859607,85.0,170.0,121.34102590522636,1.4275414812379572,0.7137707406189786
OP0264,4,C0003;C1016;C1024;C1081,129,B0130,0.7626145453579599,22.0,0.09386320959869092,0.4,0.7653419760032727,0.39363289434595117,85.0,340.0,217.31037383029548,2.5565926332975937,0.6391481583243984
OP0265,3,C0004;C1004;C1064,749,B0750,0.06184940614452768,7.0,0.15535079235999494,0.35,0.5561405932571573,0.3842095408847406,85.0,255.0,154.99535197213328,1.823474729083921,0.6078249096946403
OP0266,3,C0005;C0054;C1087,96,B0097,0.7900888285218456,34.0,0.21265380531633646,0.4,0.4683654867091589,0.3736765280989808,85.0,255.0,146.60339494479354,1.7247458228799237,0.5749152742933079
OP0267,2,C0008;C1069,252,B0253,0.29863335304935196,16.0,0.08559190448477047,0.35,0.7554517014720843,0.3290501327894293,85.0,170.0,111.43335622426369,1.310980661461926,0.655490330730963
OP0268,2,C0009;C1167,1088,B1089,2.7850016810869413,7.0,0.13612235792554683,0.55,0.752504803771733,0.32869650506538717,85.0,170.0,117.87954041797465,1.3868181225644078,0.6934090612822039
OP0269,3,C0010;C0047;C1012,96,B0097,0.35926092394046566,34.0,0.09227392547679704,0.35,0.736360212923437,0.4058358952446942,85.0,255.0,160.01946737455188,1.8825819691123753,0.6275273230374584
OP0270,2,C0012;C0056,96,B0097,2.055406362512171,34.0,0.11891608384981522,0.25,0.5243356646007391,0.3013162083648679,85.0,170.0,74.61026553926197,0.8777678298736704,0.4388839149368352
OP0271,2,C0013;C0026,238,B0239,0.45921055360259216,15.0,0.09835936200494683,0.35,0.7189732514144376,0.3246727187825117,85.0,170.0,107.2812734263182,1.26213262854492,0.63106631427246
OP0272,3,C0016;C0019;C1018,45,B0046,1.0131945556374709,64.0,0.0,0.4,1.0,0.43747266969388177,85.0,255.0,155.13050182775993,1.8250647273854108,0.6083549091284702
OP0273,2,C0020;C0103,45,B0046,2.161759099030803,64.0,0.09302682057698225,0.55,0.8308603262236687,0.33809916775961946,85.0,170.0,123.27577886905755,1.4503032808124416,0.7251516404062208
OP0274,3,C0021;C1000;C1041,252,B0253,0.6617866557560197,16.0,0.055609907783215756,0.35,0.8411145491908121,0.41840641559677916,85.0,255.0,154.34607637645425,1.8158361926641673,0.6052787308880557
OP0275,2,C0022;C1040,1088,B1089,2.5692819119864105,7.0,0.03922065459030374,0.55,0.9286897189267205,0.34983869488398567,85.0,170.0,118.59743197668757,1.395263905608089,0.6976319528040446
OP0276,2,C0023;C0029,45,B0046,1.4067998061814087,64.0,0.15443325115169942,0.4,0.6139168721207515,0.3120659532672694,85.0,170.0,106.10360890091394,1.2482777517754582,0.6241388758877291
OP0277,3,C0024;C1036;C1048,320,B0321,0.8118723389296248,13.0,0.13018468996367433,0.35,0.6280437429609305,0.3928379188491934,85.0,255.0,156.9024431292911,1.8459110956387188,0.6153036985462396
OP0278,3,C0025;C1017;C1023,324,B0325,0.15065733485174143,13.0,0.09597509231084575,0.35,0.7257854505404406,0.4045669237587346,85.0,255.0,154.0538536709453,1.8123982784817094,0.6041327594939031
OP0279,2,C0028;C1043,831,B0832,0.3762547750738134,7.0,0.0,0.55,1.0,0.3583959286127792,85.0,170.0,120.18146696523037,1.4138996113556515,0.7069498056778257
OP0280,2,C0030;C0033,831,B0832,0.6046710378047805,7.0,0.0,0.4,1.0,0.3583959286127792,85.0,170.0,110.11723908813418,1.2954969304486375,0.6477484652243187
OP0281,3,C0031;C1050;C1102,45,B0046,1.4104490407578594,64.0,0.1806621549477438,0.4,0.5483446126306406,0.3832740232095586,85.0,255.0,144.60420833989465,1.701225980469349,0.5670753268231163
OP0282,2,C0032;C1047,79,B0080,1.68552007327995,34.0,0.0,0.25,1.0,0.3583959286127792,85.0,170.0,77.16932601506475,0.9078744237066442,0.4539372118533221
OP0283,2,C0034;C1084,671,B0672,4.436489184040315,4.0,0.0,0.55,1.0,0.3583959286127792,82.0,164.0,123.73958389012412,1.509019315733221,0.7545096578666105
OP0284,3,C0035;C1044;C1046,45,B0046,1.4450816326908862,64.0,0.027639121774829377,0.25,0.8894435129006825,0.4242058912419636,85.0,255.0,139.3255665736754,1.6391243126314752,0.5463747708771584
OP0285,2,C0036;C0061,831,B0832,0.3998687194632976,7.0,0.19392712485839092,0.55,0.6474052275301984,0.316084555916403,85.0,170.0,119.59483525253978,1.4069980617945856,0.7034990308972928
OP0286,4,C0037;C0038;C1061;C1063,45,B0046,1.495548417324703,64.0,0.08217165771827162,0.35,0.7652238350906525,0.3936187174364367,85.0,340.0,188.49741866817664,2.217616690213842,0.5544041725534605
OP0287,3,C0040;C1067;C1111,45,B0046,0.15252232344962396,64.0,0.14419965588093145,0.35,0.5880009831973387,0.38803278767756244,85.0,255.0,146.97313820344357,1.7290957435699243,0.5763652478566414
OP0288,3,C0041;C0065;C1068,749,B0750,0.1419089979218519,7.0,0.15722845320961362,0.35,0.5507758479725324,0.3835657714505857,85.0,255.0,155.29214317229537,1.8269663902622986,0.6089887967540996
OP0289,2,C0042;C0084,96,B0097,0.41174812488394463,34.0,0.029905732423153836,0.4,0.9252356689421154,0.34942420888583303,85.0,170.0,114.99383666325971,1.3528686666265848,0.6764343333132924
OP0290,3,C0044;C0045;C1020,79,B0080,1.4043944133218362,34.0,0.21347031704062858,0.4,0.4663242073984286,0.3734315745816932,85.0,255.0,134.42208877698394,1.5814363385527521,0.5271454461842507
OP0291,2,C0048;C1062,45,B0046,1.0008249675857015,64.0,0.08078788208251589,0.35,0.7691774797642403,0.33069722618448805,85.0,170.0,91.83744053026652,1.0804404768266649,0.5402202384133324
OP0292,3,C0049;C0064;C1114,99,B0100,0.15580218840570695,34.0,0.19626027581880595,0.35,0.4392563548034115,0.37018343227029116,85.0,255.0,146.71019825247294,1.7260023323820348,0.5753341107940116
OP0293,3,C0050;C1083;C1137,79,B0080,0.8129469005293635,34.0,0.07384161115149733,0.4,0.8153959721212567,0.4153201863484326,85.0,255.0,154.84445667123717,1.821699490249849,0.6072331634166163
OP0294,2,C0052;C0110,608,B0609,4.553335547981689,6.0,0.0,0.55,1.0,0.3583959286127792,82.0,164.0,123.73958389012412,1.509019315733221,0.7545096578666105
OP0295,2,C0053;C1103,96,B0097,1.7354908760154426,34.0,0.03237245029574301,0.25,0.870510198817028,0.34285715247082255,85.0,170.0,82.60271712505397,0.9717966720594584,0.4858983360297292
OP0296,2,C0055;C1099,99,B0100,0.29172086567500644,34.0,0.0,0.35,1.0,0.3583959286127792,85.0,170.0,92.60353072561985,1.0894533026543511,0.5447266513271756
OP0297,3,C0057;C0066;C1104,252,B0253,0.35102645484229744,16.0,0.07467070990879587,0.35,0.7866551145462974,0.41187128343943746,85.0,255.0,159.48703264600886,1.8763180311295162,0.6254393437098388
OP0298,3,C0058;C0097;C1119,778,B0779,0.2674897859381813,7.0,0.15475870204312167,0.35,0.5578322798767952,0.38441254327909713,85.0,255.0,145.6271757745801,1.7132608914656484,0.5710869638218828
OP0299,2,C0059;C1105,1285,B1286,0.4782531613750847,5.0,0.0,0.25,1.0,0.3583959286127792,85.0,170.0,71.77819949104916,0.844449405777049,0.4222247028885245
OP0300,3,C0060;C1038;C1106,96,B0097,1.9854269005037684,34.0,0.10906876345199577,0.25,0.5637249461920169,0.3851196632369238,85.0,255.0,116.19376398604493,1.366985458659352,0.4556618195531173
OP0301,2,C0062;C1115,238,B0239,0.8149444325937084,15.0,0.0391797766041226,0.4,0.9020505584896935,0.3466419956315424,85.0,170.0,106.78350017961782,1.2562764727013862,0.6281382363506931
OP0302,2,C0067;C1113,741,B0742,0.2528694459628033,7.0,0.0,0.55,1.0,0.3583959286127792,85.0,170.0,123.25322189763793,1.4500379046780933,0.7250189523390467
OP0303,3,C0068;C0071;C0078,991,B0992,0.3970886599283958,7.0,0.11294923827755803,0.4,0.717626904306105,0.40358789821061436,85.0,255.0,174.95420329997626,2.058284744705603,0.6860949149018677
OP0304,2,C0070;C0072,324,B0325,2.6940614042679685,13.0,0.0,0.55,1.0,0.3583959286127792,85.0,170.0,101.38277432057195,1.1927385214184936,0.5963692607092468
OP0305,2,C0073;C0081,991,B0992,0.8739987192268855,7.0,0.19469699904528356,0.4,0.5132575023867911,0.29998682889919415,85.0,170.0,106.65530311740251,1.2547682719694413,0.6273841359847206
OP0306,4,C0074;C0096;C1150;C1153,320,B0321,0.7300522310783341,13.0,0.1811406352793674,0.35,0.48245532777323596,0.3596864965583467,85.0,340.0,213.40707068211498,2.5106714197895874,0.6276678549473969
OP0307,3,C0075;C0076;C1122,324,B0325,0.45751694497331824,13.0,0.07893631246411181,0.35,0.7744676786739663,0.4104087911347577,85.0,255.0,146.59254329703145,1.724618156435664,0.574872718811888
OP0308,2,C0079;C1019,556,B0557,2.014477911274129,7.0,0.04410826062535987,0.25,0.8235669574985605,0.3372239635126064,85.0,170.0,81.17744201420157,0.9550287295788422,0.4775143647894211
OP0309,3,C0080;C0098;C1145,99,B0100,0.7417275895568785,34.0,0.16781576033224227,0.35,0.5205263990507363,0.37993583757997007,85.0,255.0,148.13017829205057,1.7427079799064773,0.5809026599688257
OP0310,3,C0082;C1134;C1140,79,B0080,0.9303911564346105,34.0,0.0575393547286778,0.4,0.8561516131783056,0.42021086327527846,85.0,255.0,150.64483497396736,1.7722921761643216,0.5907640587214406
OP0311,3,C0085;C1132;C1135,45,B0046,1.6181176946270985,64.0,0.0,0.25,1.0,0.43747266969388177,85.0,255.0,138.35163670646895,1.6276663141937524,0.5425554380645842
OP0312,3,C0086;C1138;C1183,129,B0130,1.013116536282562,22.0,0.12891895559274702,0.4,0.6777026110181325,0.3987969830160576,85.0,255.0,156.3625674890421,1.8395596175181423,0.6131865391727142
OP0313,3,C0087;C1142;C1147,79,B0080,0.8172122052385156,34.0,0.06598252255034692,0.4,0.8350436936241327,0.41767791292877765,85.0,255.0,157.5845208085938,1.8539355389246328,0.6179785129748776
OP0314,3,C0088;C1082;C1131,99,B0100,0.25976647055369706,34.0,0.07212415415507135,0.35,0.7939309881283676,0.41274438826928583,85.0,255.0,145.72609960944794,1.7144247012876228,0.5714749004292076
OP0315,3,C0089;C1141;C1174,79,B0080,0.8041879234568742,34.0,0.05296260300624972,0.4,0.8675934924843757,0.4215838887920068,85.0,255.0,155.1515882343304,1.8253128027568284,0.6084376009189428
OP0316,2,C0090;C1157,589,B0590,2.4993970248783284,8.0,0.03370097499173523,0.55,0.9387255000150269,0.3510429886145824,85.0,170.0,122.68789177792962,1.4433869620932898,0.7216934810466449
OP0317,3,C0091;C0092;C1151,96,B0097,1.887378649834957,34.0,0.037691564688302606,0.25,0.8492337412467896,0.41938071864349646,85.0,255.0,133.14805528315017,1.5664477092135316,0.5221492364045105
OP0318,3,C0001;C0094;C1162,96,B0097,2.993296518948701,34.0,0.130827791480457,0.25,0.476688834078172,0.37467532978326235,85.0,255.0,146.1739905138248,1.719694006044998,0.5732313353483326
OP0319,2,C0095;C1161,1285,B1286,1.1965393828345832,5.0,0.09475794857917681,0.25,0.6209682056832928,0.3129121132947743,85.0,170.0,74.27466102678773,0.8738195414916203,0.43690977074581017
OP0320,3,C0100;C1009;C1010,320,B0321,0.024706668270326675,13.0,0.14991578473168615,0.35,0.5716691864808967,0.3860729720715893,85.0,255.0,152.8041015542209,1.7976953124025987,0.5992317708008662
OP0321,2,C0101;C1149,45,B0046,1.280294348797608,64.0,0.024840300452609092,0.4,0.9378992488684773,0.35094383847699645,85.0,170.0,101.12548199425254,1.1897115528735593,0.5948557764367797
OP0322,3,C0018;C0102;C1169,252,B0253,0.41208508616013156,16.0,0.18460525946937206,0.35,0.4725564015160798,0.3741794378758113,85.0,255.0,154.51725254218374,1.817850029908044,0.605950009969348
OP0323,2,C0104;C1079,1088,B1089,2.423742021521807,7.0,0.19088483285088978,0.55,0.6529366675438368,0.3167483287180396,85.0,170.0,115.60157425428446,1.3600185206386406,0.6800092603193203
OP0324,3,C0105;C0108;C1170,96,B0097,0.7642103257860625,34.0,0.21249522547441838,0.4,0.46876193631395413,0.37372410205155626,85.0,255.0,165.36204032960012,1.9454357685835308,0.6484785895278437
OP0325,3,C0106;C0107;C1129,45,B0046,2.7044513616109906,64.0,0.1617724437886089,0.25,0.35291022484556445,0.3598218966753495,85.0,255.0,95.37774320935503,1.1220910965806474,0.37403036552688246
OP0326,3,C0111;C0127;C1192,20,B0021,1.5481665145892856,77.0,1.8189894035458565e-12,0.35,0.9999999999948029,0.43747266969325815,85.0,255.0,119.26853471278974,1.4031592319151733,0.46771974397172444
OP0327,2,C0113;C1260,67,B0068,1.9620957501537872,27.0,0.11855484505760878,0.25,0.5257806197695649,0.301489602985127,85.0,170.0,62.525588781802966,0.7355951621388584,0.3677975810694292
OP0328,2,C0114;C0206,67,B0068,1.0966569442302128,27.0,0.10215181512416356,0.25,0.5913927395033458,0.3093630573531807,85.0,170.0,62.759404083703494,0.7383459303965116,0.3691729651982558
OP0329,4,C0115;C0118;C1193;C1302,120,B0121,1.7552260513407867,17.0,0.08808275911531892,0.35,0.7483349739562317,0.3915920541003063,85.0,340.0,163.23467001708468,1.920407882553937,0.48010197063848425
OP0330,2,C0117;C1181,589,B0590,2.334993999556676,8.0,0.0,0.55,1.0,0.3583959286127792,85.0,170.0,104.34403457346984,1.2275768773349394,0.6137884386674697
OP0331,2,C0119;C0181,273,B0274,1.0756076984810568,9.0,0.08067140486757918,0.25,0.6773143805296833,0.3196736542763412,85.0,170.0,69.24390321431093,0.8146341554624816,0.4073170777312408
OP0332,2,C0120;C1197,624,B0625,1.065412924489304,4.0,0.009778408787308564,0.25,0.9608863648507657,0.35370229239487105,85.0,170.0,78.46246400197536,0.9230878117879454,0.4615439058939727
OP0333,2,C0125;C1202,273,B0274,1.078686697253583,9.0,0.03557754000055412,0.25,0.8576898399977835,0.3413187094125132,85.0,170.0,67.38889727222666,0.792810556143843,0.3964052780719215
OP0334,3,C0128;C0155;C1252,51,B0052,3.0324093552363367,33.0,0.11435298804728361,0.25,0.5425880478108656,0.38258323543118566,85.0,255.0,99.20553945995614,1.167123993646543,0.3890413312155143
OP0335,3,C0129;C0130;C0133,51,B0052,3.5426562828138852,33.0,0.06259365568042019,0.25,0.7496253772783192,0.40742771496728003,85.0,255.0,105.66830762783064,1.2431565603274195,0.4143855201091398
OP0336,3,C0132;C1211;C1294,301,B0302,2.381978836058566,13.0,0.10045194804015271,0.4,0.7488701298996182,0.407337085281836,85.0,255.0,139.9332459645366,1.6462734819357248,0.5487578273119083
OP0337,3,C0135;C1218;C1221,20,B0021,4.219179786881959,77.0,0.0,0.25,1.0,0.43747266969388177,85.0,255.0,107.61236839192699,1.2660278634344353,0.42200928781147845
OP0338,3,C0136;C1231;C1234,301,B0302,2.9048982721847865,13.0,0.12463568093281785,0.25,0.5014572762687286,0.3776475428461292,85.0,255.0,128.65018699912395,1.5135316117543993,0.5045105372514664
OP0339,3,C0137;C0139;C1238,120,B0121,1.1400164162695599,17.0,0.13385797537832794,0.35,0.6175486417762058,0.39157850670702643,85.0,255.0,136.56600981563406,1.6066589390074595,0.5355529796691532
OP0340,2,C0138;C1224,424,B0425,0.4979684134517209,6.0,0.058466401261960704,0.25,0.7661343949521572,0.3303320560070381,85.0,170.0,69.48004173554492,0.8174122557122931,0.4087061278561466
OP0341,3,C0124;C0141;C1199,20,B0021,1.3173962802207,77.0,0.11175357149228932,0.35,0.6807040814506019,0.39915715946795394,85.0,255.0,128.0045392312878,1.5059357556622093,0.5019785852207365
OP0342,2,C0142;C0193,67,B0068,1.9572775324386698,27.0,0.07501418334641977,0.25,0.6999432666143209,0.3223891206064977,85.0,170.0,65.04348325593241,0.765217450069793,0.3826087250348965
OP0343,3,C0143;C0149;C1247,20,B0021,1.4009442739902698,77.0,0.04784340990410102,0.35,0.8633045431311399,0.42106921486961857,85.0,255.0,112.37201242173471,1.3220236755498203,0.44067455851660675
OP0344,3,C0134;C0144;C1210,20,B0021,1.0631373621243743,77.0,0.14039884315066853,0.35,0.598860448140947,0.3893359234707954,85.0,255.0,126.64053100509275,1.4898886000599147,0.4966295333533049
OP0345,3,C0145;C0159;C1258,20,B0021,3.4137814381055422,77.0,0.1503174231310426,0.25,0.3987303074758296,0.36532030659098125,85.0,255.0,123.03252015914887,1.4474414136370455,0.4824804712123485
OP0346,3,C0146;C1194;C1195,20,B0021,1.3867410405076919,77.0,1.8189894035458565e-12,0.35,0.9999999999948029,0.43747266969325815,85.0,255.0,128.9780441031273,1.5173887541544389,0.505796251384813
OP0347,3,C0147;C1198;C1256,20,B0021,1.3144853839195552,77.0,0.06788442567414675,0.35,0.8060444980738664,0.41419800946274576,85.0,255.0,119.34068063492438,1.4040080074696986,0.4680026691565662
OP0348,3,C0148;C1245;C1276,20,B0021,1.785732668808396,77.0,0.1420446219419979,0.25,0.4318215122320084,0.3692912511617228,85.0,255.0,115.68395813926864,1.3609877428149253,0.4536625809383084
OP0349,3,C0150;C1182;C1188,67,B0068,0.5237195622494271,27.0,0.09377078283435436,0.25,0.6249168686625826,0.3924626939333916,85.0,255.0,106.43276325556477,1.2521501559478208,0.41738338531594027
OP0350,2,C0151;C1325,700,B0701,1.8636314804352847,3.0,0.0,0.55,1.0,0.3583959286127792,85.0,170.0,118.88460793593985,1.3986424463051748,0.6993212231525874
OP0351,3,C0152;C1246;C1251,20,B0021,1.726355085640366,77.0,0.18709327447112306,0.25,0.25162690211550776,0.34766789794774267,85.0,255.0,109.52905683789345,1.2885771392693346,0.4295257130897782
OP0352,3,C0154;C1263;C1328,20,B0021,2.8901267367137273,77.0,0.1029047524681621,0.25,0.5883809901273516,0.388078388509164,85.0,255.0,102.56543195745932,1.2066521406759922,0.40221738022533077
OP0353,3,C0156;C1248;C1249,20,B0021,1.4870608943619523,77.0,0.07866223604831217,0.35,0.7752507541476795,0.41050276019160326,85.0,255.0,110.19901210634248,1.2964589659569703,0.43215298865232343
OP0354,2,C0157;C1261,67,B0068,1.2235081451805763,27.0,0.0,0.25,1.0,0.3583959286127792,85.0,170.0,66.7566619679077,0.7853724937400905,0.3926862468700453
OP0355,3,C0158;C0161;C1269,20,B0021,2.9896482433923426,77.0,0.0,0.25,1.0,0.43747266969388177,85.0,255.0,104.14651687721265,1.2252531397319135,0.4084177132439712
OP0356,2,C0160;C1289,273,B0274,1.8800682232851975,9.0,0.07265092253068653,0.25,0.7093963098772539,0.3235234857980497,85.0,170.0,66.05520464625943,0.7771200546618755,0.38856002733093775
OP0357,2,C0163;C1266,424,B0425,0.5875233110653179,6.0,0.0,0.25,1.0,0.3583959286127792,85.0,170.0,72.811798589642,0.8566093951722588,0.4283046975861294
OP0358,2,C0165;C1274,334,B0335,0.7228221706227268,8.0,0.0,0.25,1.0,0.3583959286127792,85.0,170.0,84.762006656869,0.9972000783161059,0.49860003915805295
OP0359,2,C0166;C1273,675,B0676,0.8649988894908971,4.0,0.02517530073375031,0.55,0.9542267259386358,0.3529031357254155,85.0,170.0,101.18918872386081,1.190461043810127,0.5952305219050635
OP0360,3,C0167;C0170;C1279,20,B0021,1.9121271999946687,77.0,0.04623606425243751,0.25,0.81505574299025,0.4152793588527117,85.0,255.0,118.81663243778084,1.3978427345621274,0.4659475781873758
OP0361,2,C0168;C1267,334,B0335,1.1279833784021598,8.0,0.0,0.25,1.0,0.3583959286127792,85.0,170.0,67.79365998275833,0.7975724703853921,0.39878623519269607
OP0362,3,C0169;C1281;C1286,539,B0540,0.8739944539922233,6.0,0.0639135454136697,0.25,0.7443458183453212,0.4067941678953203,85.0,255.0,123.55375797113666,1.4535736231898433,0.4845245410632811
OP0363,2,C0171;C1264,933,B0934,1.6767575509168704,4.0,0.0,0.25,1.0,0.3583959286127792,85.0,170.0,67.79365998275833,0.7975724703853921,0.39878623519269607
OP0364,2,C0172;C1270,724,B0725,1.0128205627112592,4.0,0.03364689669473399,0.55,0.9388238241913928,0.3510547875157463,85.0,170.0,93.42051375920123,1.0990648677553085,0.5495324338776543
OP0365,2,C0174;C0177,67,B0068,1.0873723653912746,27.0,0.04226487910765384,0.25,0.8309404835693847,0.33810878664110533,85.0,170.0,65.58604921127991,0.7716005789562344,0.3858002894781172
OP0366,3,C0175;C0176;C1292,20,B0021,3.020501691008949,77.0,0.004582629666835721,0.25,0.9816694813326571,0.4352730074538006,85.0,255.0,107.02189098258583,1.2590810703833628,0.4196936901277876
OP0367,2,C0178;C1318,334,B0335,0.9859429243315144,8.0,0.05843742206697569,0.25,0.7662503117320972,0.3303459660206309,85.0,170.0,82.08181251362224,0.9656683825132029,0.48283419125660143
OP0368,2,C0179;C1217,51,B0052,1.9512551485524345,33.0,0.09327787344907855,0.25,0.6268885062036857,0.3136225493572215,85.0,170.0,79.63112620669014,0.936836778902237,0.4684183894511185
OP0369,3,C0180;C1196;C1288,301,B0302,2.3296161349245863,13.0,0.17853379297959837,0.4,0.5536655175510041,0.3839125318000023,85.0,255.0,135.76079444682688,1.5971858170214928,0.5323952723404975
OP0370,3,C0182;C1236;C1324,20,B0021,1.8305049814144874,77.0,0.21461741033309847,0.35,0.3868073990482901,0.36388955757967656,85.0,255.0,107.23388604611634,1.26157512995431,0.42052504331810336
OP0371,3,C0183;C0205;C1212,617,B0618,0.37347804940379153,4.0,0.18824117554216444,0.35,0.4621680698795302,0.37293283807942534,85.0,255.0,130.39576730293922,1.5340678506228143,0.5113559502076047
OP0372,3,C0184;C1272;C1275,20,B0021,2.901105900074932,77.0,0.05243368809861824,0.25,0.7902652476055271,0.412304499406545,85.0,255.0,105.4429237788772,1.2405049856338495,0.41350166187794984
OP0373,3,C0185;C1250;C1305,273,B0274,2.6459860279480525,9.0,0.07991001313449346,0.25,0.6803599474620261,0.3991158633893249,85.0,255.0,106.07137416765352,1.247898519619453,0.4159661732064843
OP0374,2,C0186;C1291,51,B0052,0.8296934204413912,33.0,0.1916565583328898,0.4,0.5208586041677755,0.30089896111291226,85.0,170.0,100.6545178369764,1.1841707980820753,0.5920853990410376
OP0375,2,C0188;C1301,539,B0540,1.174300276723675,6.0,0.05927582502918743,0.25,0.7628966998832503,0.32994353259876924,85.0,170.0,75.09548016611035,0.883476237248357,0.4417381186241785
OP0376,2,C0190;C1303,51,B0052,1.5282392208540971,33.0,0.06443543967685599,0.4,0.8389114008078601,0.3390652967097224,85.0,170.0,95.80713381237315,1.1271427507338019,0.5635713753669009
OP0377,2,C0191;C1298,67,B0068,2.0050346170372544,27.0,0.01651730415202178,0.25,0.9339307833919128,0.35046762261980874,85.0,170.0,64.95327336656194,0.7641561572536699,0.38207807862683496
OP0378,2,C0194;C1317,300,B0301,0.6091521338365424,8.0,0.06045894438571618,0.25,0.7581642224571352,0.3293756353076354,85.0,170.0,75.73719296805046,0.8910257996241231,0.44551289981206155
OP0379,3,C0195;C0208;C0214,300,B0301,0.9031317111557947,8.0,0.1393759340979192,0.25,0.44249626360832317,0.3705722213268805,85.0,255.0,106.48128660046754,1.25272101882903,0.41757367294301
OP0380,3,C0196;C1229;C1232,20,B0021,0.6667924047725873,77.0,0.15883267856372643,0.4,0.602918303590684,0.3898228661247638,85.0,255.0,137.29858915225836,1.6152775194383335,0.5384258398127778
OP0381,2,C0197;C0202,724,B0725,0.11853726130247377,4.0,0.021784878416924492,0.4,0.9455378039576887,0.35186046508770186,85.0,170.0,90.44874485226498,1.064102880614882,0.532051440307441
OP0382,3,C0198;C0204;C1312,444,B0445,0.15140951126292493,6.0,1.8189894035458565e-12,0.4,0.9999999999954525,0.4374726696933361,85.0,255.0,138.55360849505666,1.6300424528830193,0.5433474842943398
OP0383,2,C0199;C1278,368,B0369,1.5306342770331947,4.0,0.0,0.55,1.0,0.3583959286127792,85.0,170.0,118.88460793593985,1.3986424463051748,0.6993212231525874
OP0384,3,C0200;C0213;C1306,686,B0687,2.42877250385968,5.0,0.16197845661036328,0.4,0.5950538584740919,0.3888791327107728,85.0,255.0,139.1574215251473,1.6371461355899681,0.5457153785299894
OP0385,2,C0201;C1206,624,B0625,0.6836127875512619,4.0,0.04930527355868284,0.35,0.8591277898323347,0.34149126339265934,85.0,170.0,81.99319557021252,0.9646258302377944,0.4823129151188972
OP0386,3,C0203;C1310;C1311,120,B0121,1.5836781117772807,17.0,0.050473402428819855,0.35,0.8557902787748004,0.4201675031468578,85.0,255.0,137.58465160483613,1.6186429600568957,0.5395476533522986
OP0387,3,C0207;C1314;C1315,20,B0021,2.4153853472155595,77.0,0.08793377980179892,0.25,0.6482648807928043,0.3952644553890182,85.0,255.0,123.60433868406434,1.4541686904007571,0.4847228968002524
OP0388,3,C0209;C1219;C1290,659,B0660,0.5027656022184727,4.0,0.24884903311744172,0.35,0.28900276252159507,0.3521530011964732,85.0,255.0,143.56246204759697,1.688970141736435,0.5629900472454783
OP0389,2,C0210;C1322,51,B0052,3.099521622128092,33.0,0.0,0.25,1.0,0.3583959286127792,85.0,170.0,66.50400393197327,0.7824000462585091,0.39120002312925456
OP0390,2,C0211;C1332,435,B0436,0.411096121092143,7.0,0.0,0.55,1.0,0.3583959286127792,85.0,170.0,90.34462794591906,1.0628779758343418,0.5314389879171709
OP0391,3,C0215;C0217;C1334,120,B0121,0.7131460596496836,17.0,0.06434751768492612,0.4,0.8391312057876847,0.4181684143884039,85.0,255.0,147.53828039913034,1.7357444752838864,0.5785814917612955
OP0392,2,C0216;C1333,120,B0121,0.8172136691176846,17.0,0.03697886235816296,0.4,0.9075528441045926,0.3473022699053303,85.0,170.0,95.07393115946587,1.1185168371701868,0.5592584185850934
OP0393,3,C0218;C1222;C1335,20,B0021,4.187652512085868,77.0,0.05097664065078423,0.25,0.7960934373968631,0.4130038821815053,85.0,255.0,104.68061994602732,1.2315367052473802,0.4105122350824601
OP0394,3,C0219;C1204;C1327,592,B0593,2.4317646481762503,5.0,0.23117320200208688,0.4,0.42206699499478284,0.36812070909325567,85.0,255.0,142.00599196083306,1.670658728950977,0.556886242983659
OP0395,3,C0220;C0228;C0230,534,B0535,0.1937419020334006,3.0,0.05923446843936249,0.35,0.8307586616018214,0.41716370908610034,85.0,255.0,156.04058605507942,1.8357716006479934,0.6119238668826644
OP0396,3,C0221;C0378;C0379,966,B0967,2.655852609680912,3.0,0.1183925849571051,0.4,0.7040185376072372,0.40195489420675024,85.0,255.0,182.3059704455476,2.144776122888795,0.714925374296265
OP0397,3,C0222;C1460;C1462,550,B0551,0.5498884659526506,3.0,0.13662953486114518,0.35,0.609629900396728,0.3906282577414891,85.0,255.0,158.00692576601946,1.8589050090119938,0.619635003003998
OP0398,2,C0223;C0954,373,B0374,1.9669119252106544,5.0,0.1790995827730583,0.55,0.6743643949580759,0.3193196560077483,65.25,130.5,100.05741446197396,1.5335419173276266,0.7667709586638133
OP0399,3,C0224;C1337;C1342,31,B0032,1.7768493469170406,34.0,0.0,0.35,1.0,0.43747266969388177,85.0,255.0,157.58591684708085,1.8539519629068333,0.6179839876356111
OP0400,3,C0225;C0441;C0458,34,B0035,0.7990575787575261,29.0,0.1389171909192903,0.35,0.6030937402305991,0.38984391852155365,85.0,255.0,159.09575031169803,1.8717147095493885,0.6239049031831295
OP0401,4,C0227;C1336;C1338;C1341,206,B0207,0.49456262474055035,7.0,0.0,0.35,1.0,0.42179185722555845,85.0,340.0,218.72471222849575,2.573231908570538,0.6433079771426345
OP0402,3,C0229;C0390;C1466,720,B0721,0.3844025060862642,3.0,0.052288102937010944,0.35,0.8506054201799688,0.41954532011547807,85.0,255.0,154.0591454243596,1.8124605344042306,0.6041535114680768
OP0403,3,C0233;C0468;C1597,653,B0654,0.20542264912690272,3.0,0.06674396576152072,0.4,0.8331400855961982,0.4174494799654256,85.0,255.0,158.55812709647262,1.8653897305467368,0.6217965768489123
OP0404,3,C0234;C1436;C1577,36,B0037,0.6173165085117364,33.0,0.07658622226095863,0.35,0.7811822221115468,0.41121453634726735,85.0,255.0,165.397457850745,1.9458524453028825,0.6486174817676275
OP0405,2,C0237;C1358,12,B0013,0.14835426362845686,90.0,0.0341371020788968,0.55,0.9379325416747331,0.35094783361374715,75.0,150.0,112.81685286488965,1.5042247048651953,0.7521123524325977
OP0406,2,C0238;C0243,609,B0610,0.5521651685954532,4.0,0.0,0.4,1.0,0.3583959286127792,85.0,170.0,101.61470207234524,1.1954670832040617,0.5977335416020308
OP0407,2,C0239;C0424,12,B0013,0.7465432767494136,90.0,0.2363536570908892,0.55,0.5702660780165651,0.306827857974767,81.25,162.5,122.3492409928742,1.5057849246658894,0.7528924623329447
OP0408,3,C0240;C1352;C1574,31,B0032,0.16884031134451838,34.0,0.03434580278600072,0.35,0.9018691348971408,0.4256969658815387,85.0,255.0,158.7362074968474,1.867484794080558,0.622494931360186
OP0409,2,C0241;C0244,12,B0013,0.20472957872038752,90.0,0.11152576307742065,0.55,0.7972258853137806,0.33406303485043287,77.75,155.5,117.18820178003119,1.5072684385309687,0.7536342192654844
OP0410,2,C0245;C0254,152,B0153,0.21896323329961517,10.0,0.10385229951917602,0.55,0.8111776372378618,0.33573724508132263,81.0,162.0,122.01232404269888,1.5063249881814675,0.7531624940907338
OP0411,2,C0247;C0253,152,B0153,0.4063652326674524,10.0,0.06348648876219347,0.55,0.8845700204323755,0.34454433106466426,82.75,165.5,124.58706662343424,1.5055823547465497,0.7527911773732748
OP0412,2,C0248;C1374,731,B0732,0.8793758296007206,4.0,0.12118639760509414,0.4,0.6970340059872646,0.32204000933125093,85.0,170.0,117.40464061952935,1.38123106611211,0.690615533056055
OP0413,2,C0249;C1366,12,B0013,2.2741491139688876,90.0,0.03234843590546464,0.55,0.9411846619900643,0.3513380880515869,85.0,170.0,109.13472475444351,1.2839379382875706,0.6419689691437853
OP0414,3,C0250;C0266;C0442,36,B0037,1.8024318664390055,33.0,0.16895549270347585,0.4,0.5776112682413104,0.38678602188283895,85.0,255.0,168.9411432190999,1.9875428614011752,0.6625142871337251
OP0415,3,C0251;C1501;C1503,470,B0471,1.0367767588920591,5.0,0.14745668832429856,0.4,0.6313582791892536,0.3932356631965922,85.0,255.0,176.49587219854763,2.076422025865266,0.6921406752884219
OP0416,2,C0252;C1362,164,B0165,0.9668869378683986,13.0,0.0058486511796026226,0.4,0.9853783720509934,0.3566413332588984,84.0,168.0,126.40321174802781,1.504800139857474,0.752400069928737
OP0417,2,C0255;C0263,810,B0811,0.24972524460958834,3.0,0.09659534025316285,0.55,0.824372108630613,0.33732058164845274,68.0,136.0,102.8016648052162,1.5118969304193959,0.7559484652096979
OP0418,3,C0256;C1383;C1385,27,B0028,1.9360259447636778,58.0,0.035905655303278966,0.4,0.9102358617418026,0.4267009731028981,84.83333333333333,254.5,191.31440651599596,2.2551804617119333,0.7517268205706444
OP0419,3,C0258;C0260;C0365,897,B0898,1.5432419736418208,3.0,0.14105095487752858,0.35,0.5969972717784897,0.3891123423073005,85.0,255.0,158.28918855792807,1.8622257477403301,0.6207419159134434
OP0420,2,C0261;C1492,1297,B1298,1.2103601653829283,2.0,0.13262761658125014,0.55,0.7588588789431816,0.32945899408596097,74.75,149.5,112.65098286461232,1.5070527997785461,0.7535263998892731
OP0421,2,C0262;C0836,123,B0124,0.11445035137708667,14.0,0.17270629765994136,0.4,0.5682342558501466,0.3065840393147968,84.0,168.0,126.17562998743318,1.5020988458454565,0.7510494229227282
OP0422,2,C0265;C1386,769,B0770,0.20280577316729342,4.0,0.03082738496476455,0.55,0.9439502091549735,0.351669953711376,84.5,169.0,126.77870105438288,1.5003485657576854,0.7501742828788427
OP0423,2,C0267;C0986,53,B0054,0.5766811948498312,28.0,0.2507497508956974,0.55,0.5440913620078229,0.30368689205371796,80.75,161.5,121.54709075513168,1.5051321607129748,0.7525660803564874
OP0424,2,C0268;C1394,373,B0374,3.0278483514494843,5.0,0.0963199046123203,0.55,0.8248729007048722,0.3373806766973638,65.0,130.0,97.99868769643888,1.5076721184067519,0.7538360592033759
OP0425,2,C0269;C1388,769,B0770,0.6097399097946582,4.0,0.05214265231681501,0.4,0.8696433692079625,0.3427531329177347,85.0,170.0,126.53585816699479,1.488657154905821,0.7443285774529105
OP0426,2,C0270;C0279,253,B0254,0.46833634374959976,9.0,0.1829045285156701,0.4,0.5427386787108248,0.3035245700580782,85.0,170.0,122.02844196141648,1.4356287289578409,0.7178143644789204
OP0427,2,C0271;C1511,31,B0032,0.22713838915805087,34.0,0.10347564101643758,0.35,0.7043553113816069,0.32291856597857205,85.0,170.0,102.19434488932268,1.2022864104626199,0.6011432052313099
OP0428,2,C0272;C0274,253,B0254,0.6472541191536358,9.0,0.12914885147909075,0.4,0.6771278713022731,0.31965127316905195,85.0,170.0,122.85435411085439,1.44534534248064,0.72267267124032
OP0429,2,C0273;C1393,333,B0334,0.36178804295933237,6.0,0.045602000479096357,0.55,0.9170872718561884,0.3484464012355218,84.75,169.5,126.48608207634355,1.4924845829997562,0.7462422914998781
OP0430,2,C0277;C1825,380,B0381,0.17723426282416793,5.0,0.14583342618750006,0.55,0.7348483160227273,0.32657772653550643,82.75,165.5,124.60378027228748,1.5057928310869735,0.7528964155434867
OP0431,3,C0282;C0430;C1390,34,B0035,0.9491161191921412,29.0,0.12433204871953665,0.35,0.6447655750870381,0.39484453870432634,85.0,255.0,159.92962653227994,1.8815250180268228,0.6271750060089409
OP0432,3,C0284;C0286;C1401,7,B0008,2.5334817509674794,95.0,0.10960366139077186,0.4,0.7259908465230703,0.40459157127665024,85.0,255.0,173.5160199436665,2.0413649405137235,0.6804549801712412
OP0433,3,C0285;C1419;C1498,719,B0720,0.5398714105686627,4.0,0.15005142176309305,0.4,0.6248714455922674,0.3924572431649538,84.5,253.5,190.4126996797691,2.2534031334251923,0.7511343778083974
OP0434,3,C0289;C1409;C1447,283,B0284,0.2626747255974639,8.0,0.18832290970811855,0.35,0.4619345436910899,0.3729048149368125,85.0,255.0,177.55452309676548,2.0888767423148877,0.6962922474382959
OP0435,2,C0290;C1479,930,B0931,0.5797315077417579,4.0,0.1628549666678628,0.4,0.5928625833303429,0.30953943861242034,85.0,170.0,116.77762999567975,1.3738544705374087,0.6869272352687044
OP0436,3,C0291;C1421;C1426,17,B0018,2.4046112856445707,85.0,0.09247030837874283,0.4,0.768824229053143,0.4097315771802589,85.0,255.0,190.52510665848882,2.241471843041045,0.7471572810136817
OP0437,3,C0292;C1406;C1493,31,B0032,0.6806294610116611,34.0,0.16317156971990235,0.35,0.5337955150859932,0.38152813150420095,85.0,255.0,157.65066191153582,1.8547136695474804,0.6182378898491602
OP0438,3,C0295;C1435;C1441,682,B0683,0.3900596240645926,3.0,0.014445584535194145,0.35,0.9587269013280167,0.43251989785324374,85.0,255.0,164.97003108692118,1.9408238951402494,0.6469412983800832
OP0439,3,C0296;C0311;C1473,685,B0686,0.09278037102421839,3.0,0.12040141963280503,0.35,0.6559959439062713,0.39619218296263425,85.0,255.0,170.6506141945648,2.0076542846419385,0.6692180948806462
OP0440,2,C0297;C1508,36,B0037,0.920943390806526,33.0,0.12435726360831273,0.35,0.6446935325476779,0.31575915251850056,85.0,170.0,98.1195648599055,1.154347821881241,0.5771739109406205
OP0441,3,C0298;C1343;C1439,968,B0969,0.4922999222835624,3.0,0.15860992183743888,0.35,0.5468287947501747,0.38309212506390267,85.0,255.0,160.92138995807713,1.8931928230362014,0.6310642743454005
OP0442,4,C0299;C0304;C0764;C1438,36,B0037,1.3316525954949163,33.0,0.19035463557462723,0.35,0.45612961264392216,0.3565274107428291,85.0,340.0,215.6872097238833,2.5374965849868625,0.6343741462467156
OP0443,4,C0300;C1430;C1437;C1471,36,B0037,0.6811170435382233,33.0,0.049113915599302824,0.35,0.8596745268591348,0.40495280044865467,85.0,340.0,216.5038948167164,2.547104644902546,0.6367761612256365
OP0444,2,C0302;C1351,12,B0013,0.5292264510652824,90.0,0.1309050627769269,0.55,0.761990794951042,0.3298348240069042,80.0,160.0,120.4192772130684,1.5051903641762125,0.7525951820881063
OP0445,3,C0305;C0313;C1451,517,B0518,0.9466453012653069,3.0,0.0,0.35,1.0,0.43747266969388177,85.0,255.0,161.1490420494577,1.8958710829347967,0.6319570276449322
OP0446,2,C0306;C0307,522,B0523,0.7153867845311116,3.0,0.10711952472000992,0.35,0.6939442150856859,0.3216692344230615,85.0,170.0,99.90891740339157,1.1753990282751952,0.5876995141375976
OP0447,2,C0308;C0314,17,B0018,1.1468498646446805,85.0,0.21911540663586082,0.55,0.6016083515711621,0.31058893080131866,82.0,164.0,123.55773766743023,1.5068016788711005,0.7534008394355503
OP0448,3,C0309;C0417;C1545,36,B0037,0.32784309973810083,33.0,0.21559814367296715,0.35,0.3840053037915224,0.3635533061488644,85.0,255.0,168.43435569593663,1.9815806552463133,0.6605268850821044
OP0449,2,C0312;C0389,12,B0013,2.469434443842159,90.0,0.0871507278715114,0.55,0.8415441311427065,0.339381224349904,85.0,170.0,112.5563588621527,1.3241924572017965,0.6620962286008982
OP0450,3,C0315;C0317;C1454,7,B0008,0.15377571412290544,95.0,0.09162787721613525,0.4,0.7709303069596619,0.40998430652904116,85.0,255.0,170.13573393101296,2.0015968697766233,0.6671989565922077
OP0451,2,C0316;C0414,27,B0028,0.8437418416136474,58.0,0.13794301899361694,0.55,0.7491945109206966,0.32829926992326275,80.5,161.0,120.9083323221216,1.5019601445817508,0.7509800722908754
OP0452,3,C0318;C0319;C1562,7,B0008,0.6738364937227255,95.0,0.16136145367596127,0.35,0.5389672752115392,0.38214874271926647,85.0,255.0,165.59105600833294,1.94813007068627,0.6493766902287567
OP0453,3,C0320;C0321;C0357,7,B0008,0.2505902513131908,95.0,0.07345078464467945,0.4,0.8163730383883014,0.41543743430047797,85.0,255.0,170.910304719467,2.010709467287847,0.670236489095949
OP0454,2,C0322;C1459,27,B0028,0.9026377431033201,58.0,0.12569431254119592,0.55,0.7714648862887347,0.33097171496742733,83.0,166.0,125.01364970028413,1.5061793236945644,0.7530896618472822
OP0455,3,C0323;C0395;C1453,7,B0008,0.322345401550665,95.0,0.1110603426900855,0.4,0.7223491432747863,0.40415456688685614,85.0,255.0,169.36751966375004,1.992559054867648,0.6641863516225494
OP0456,3,C0324;C0332;C1513,10,B0011,0.6698582218243175,89.0,0.034211319089609886,0.4,0.9144717022759753,0.4272092739669988,84.0,252.0,189.66896973679798,2.257941561286289,0.7526471870954298
OP0457,3,C0325;C0397;C1548,523,B0524,0.18507746653610752,4.0,0.009908099966893597,0.4,0.975229750082766,0.4345002397038137,85.0,255.0,170.01467713400757,2.000172672164795,0.6667242240549317
OP0458,3,C0326;C0328;C1463,856,B0857,0.06418343210910557,3.0,0.026997343099068795,0.35,0.9228647340026606,0.42821643777420104,85.0,255.0,156.4210682127391,1.840247861326342,0.6134159537754473
OP0459,2,C0329;C1359,12,B0013,0.45332431303297427,90.0,0.1172533953481695,0.55,0.7868120084578736,0.332813369627724,78.75,157.5,118.77692327857756,1.5082483893300305,0.7541241946650152
OP0460,2,C0330;C1461,27,B0028,0.6002959422191203,58.0,0.022443094670039417,0.55,0.959194373327201,0.3534992534120433,82.5,165.0,124.40999015807103,1.5079998807038915,0.7539999403519457
OP0461,2,C0331;C1573,803,B0804,3.003974074645578,2.0,0.12498268494892535,0.55,0.7727587546383176,0.3311269791693773,76.5,153.0,115.19180385118396,1.5057773916117936,0.7528886958058968
OP0462,2,C0333;C1384,27,B0028,1.0335146275493863,58.0,0.16473518749909413,0.4,0.5881620312522646,0.30897537236305095,84.0,168.0,122.32628429749448,1.4567874315041114,0.7283937157520557
OP0463,2,C0335;C1474,36,B0037,3.606385523030683,33.0,0.11299041269881877,0.55,0.7945628860021478,0.3337434749330369,75.5,151.0,113.893812089487,1.5085273124435363,0.7542636562217682
OP0464,3,C0336;C1420;C1486,285,B0286,1.265848809533057,9.0,0.22178428070473846,0.4,0.44553929823815386,0.37093738548246025,85.0,255.0,180.19510021227353,2.1199423554385124,0.7066474518128375
OP0465,2,C0339;C0438,36,B0037,3.1587956519273828,33.0,0.11944235197603005,0.25,0.5222305920958799,0.30106359966428475,85.0,170.0,120.34636210319744,1.415839554155264,0.707919777077632
OP0466,3,C0340;C1344;C1402,31,B0032,0.8662243133480215,34.0,0.21850247844535237,0.35,0.37570720444185035,0.36255753422690373,85.0,255.0,154.78266300538598,1.8209725059457176,0.6069908353152392
OP0467,2,C0341;C1368,152,B0153,0.16559753337809296,10.0,0.09720792662266074,0.55,0.8232583152315259,0.3371869264405623,81.75,163.5,123.24445076442204,1.5075869681424563,0.7537934840712281
OP0468,3,C0343;C0459;C1583,449,B0450,0.15873821676376226,4.0,0.08322014901065512,0.35,0.7622281456838425,0.4089400471759429,85.0,255.0,166.62426876191427,1.96028551484605,0.6534285049486833
OP0469,2,C0344;C1470,894,B0895,0.08501727572012013,3.0,0.19445504237242264,0.55,0.6464453775046861,0.3159693739133415,75.75,151.5,114.29700692714093,1.508873775995748,0.754436887997874
OP0470,2,C0346;C1381,274,B0275,0.1876113416119207,7.0,0.10112786569199006,0.55,0.8161311532872908,0.3363316670072541,76.0,152.0,114.61147093601579,1.5080530821284894,0.7540265410642447
OP0471,2,C0347;C1488,944,B0945,0.17970964766137543,3.0,0.1521226919114536,0.55,0.7234132874337207,0.32520552310482564,75.25,150.5,113.3771976655043,1.5066917482308866,0.7533458741154433
OP0472,2,C0348;C0349,212,B0213,4.280605306518726,8.0,0.22879584039745984,0.55,0.5840075629137094,0.30847683616242433,76.0,152.0,114.50661439288,1.5066085485070797,0.7533042742535399
OP0473,2,C0350;C1387,395,B0396,0.9966666751085184,5.0,0.08597640931610108,0.55,0.8436792557889071,0.33963743930744805,74.0,148.0,111.52068872590883,1.5070305183515553,0.7535152591757777
OP0474,3,C0351;C1407;C1410,392,B0393,0.6204019363614126,6.0,0.12638548764651666,0.4,0.6840362808837084,0.3995570233999267,85.0,255.0,186.26643373635937,2.1913698086630515,0.7304566028876839
OP0475,2,C0231;C0352,274,B0275,0.5356302568015312,7.0,0.26141939353278926,0.55,0.524692011758565,0.30135897002380696,76.75,153.5,115.62809592986946,1.5065354552009596,0.7532677276004798
OP0476,2,C0355;C1497,1323,B1324,0.24169426414713363,2.0,0.03518881383042952,0.4,0.9120279654239262,0.3478392844636503,85.0,170.0,119.88084483378103,1.4103628803974237,0.7051814401987119
OP0477,2,C0356;C1502,212,B0213,1.2192762796817245,8.0,0.0,0.55,1.0,0.3583959286127792,77.5,155.0,117.02074340056707,1.5099450761363493,0.7549725380681747
OP0478,3,C0360;C1489;C1491,164,B0165,0.579979886682116,13.0,0.01842187925250432,0.4,0.9539453018687392,0.43194610591813043,85.0,255.0,187.07194926259086,2.200846461912834,0.7336154873042781
OP0479,3,C0361;C0391;C1520,31,B0032,0.9099470177733666,34.0,0.0947908517127824,0.35,0.729168995106336,0.40497294910664206,85.0,255.0,156.5652809371056,1.841944481613007,0.6139814938710023
OP0480,2,C0362;C0363,688,B0689,2.5771948176474324,3.0,0.17919142368839996,0.4,0.5520214407790001,0.3046385015062592,85.0,170.0,114.7129189534756,1.3495637523938304,0.6747818761969152
OP0481,2,C0368;C1515,731,B0732,0.46304455413862006,4.0,0.06192240997661154,0.4,0.8451939750584712,0.33981920561979573,85.0,170.0,109.01962194034962,1.2825837875335249,0.6412918937667624
OP0482,2,C0369;C0373,1303,B1304,0.4936925790551372,2.0,0.01851305791016223,0.35,0.9471055488281079,0.35204859447215214,85.0,170.0,105.58304407125543,1.2421534596618287,0.6210767298309143
OP0483,2,C0371;C0372,27,B0028,1.12326545330661,58.0,0.09373315566690368,0.55,0.8295760806056297,0.33794505828545474,82.0,164.0,123.34629907821957,1.5042462300872652,0.7521231150436326
OP0484,3,C0374;C0472;C1525,31,B0032,1.2256764005319956,34.0,0.15800977642990593,0.35,0.5485434959145544,0.3832978892036283,85.0,255.0,153.38193974807035,1.8044934088008278,0.6014978029336092
OP0485,2,C0375;C0381,276,B0277,3.2270744030119265,5.0,0.05633203610320831,0.55,0.8975781161759849,0.3461053025538974,85.0,170.0,124.2753524288129,1.46206296975074,0.73103148487537
OP0486,2,C0377;C1429,904,B0905,0.4189564629963978,3.0,0.10023729878691472,0.4,0.7494067530327132,0.3283247389767048,85.0,170.0,112.16252699312419,1.3195591410955787,0.6597795705477894
OP0487,2,C0380;C1510,31,B0032,2.7700155580733115,34.0,0.054621555853694645,0.4,0.8634461103657634,0.3420094618566708,85.0,170.0,120.37301199300742,1.4161530822706756,0.7080765411353378
OP0488,3,C0382;C0383;C1561,465,B0466,1.6917105344181615,5.0,0.05351963674589102,0.4,0.8662009081352724,0.4214167786701145,85.0,255.0,169.80820663574485,1.9977436074793513,0.6659145358264504
OP0489,2,C0384;C1431,363,B0364,0.9099359348339425,4.0,0.0802748784366133,0.35,0.7706432044668191,0.33087311314879747,85.0,170.0,102.26473102766136,1.203114482678369,0.6015572413391845
OP0490,3,C0385;C1398;C1523,31,B0032,0.923998420706424,34.0,0.18997148975176048,0.35,0.45722431499497007,0.3723395874932781,85.0,255.0,152.71373671030992,1.7966321965918812,0.5988773988639604
OP0491,3,C0386;C0387;C0388,34,B0035,1.5661954809704053,29.0,0.2013538354583928,0.35,0.42470332726173476,0.36843706896528994,85.0,255.0,155.7608039562095,1.8324800465436408,0.6108266821812136
OP0492,2,C0392;C1531,616,B0617,1.7583622528296357,4.0,0.11279472086400376,0.55,0.794918689338175,0.3337861713333602,84.0,168.0,126.48586458702135,1.5057841022264447,0.7528920511132223
OP0493,2,C0394;C0457,809,B0810,0.18679957052886864,3.0,0.18505067516361534,0.4,0.5373733120909616,0.3028807260636946,82.75,165.5,124.7972081969731,1.5081200850867253,0.7540600425433627
OP0494,2,C0398;C0427,609,B0610,0.4106314422287689,4.0,0.1371572012045201,0.35,0.6081222822727996,0.3113706024855152,85.0,170.0,104.48763601676194,1.2292663060795523,0.6146331530397762
OP0495,2,C0399;C1551,10,B0011,1.7237489442910026,89.0,0.06397560424614557,0.4,0.840060989384636,0.33920324733893553,85.0,170.0,117.05409329916426,1.3771069799901678,0.6885534899950839
OP0496,2,C0401;C1547,315,B0316,1.181381339144439,6.0,0.04712877042430444,0.55,0.9143113265012647,0.34811328779293094,84.75,169.5,127.8998760518122,1.509144285633744,0.754572142816872
OP0497,2,C0403;C1538,7,B0008,0.8844607283048486,95.0,0.071573626895996,0.4,0.82106593276001,0.3369238405439804,85.0,170.0,119.64152336518899,1.4075473337081057,0.7037736668540528
OP0498,4,C0406;C0469;C1559;C1806,53,B0054,0.694598267553411,28.0,0.11380391471208036,0.4,0.7154902132197991,0.3876506828119344,84.0,336.0,253.15740734651698,3.013778658887107,0.7534446647217767
OP0499,2,C0409;C0904,27,B0028,0.9120646298571654,58.0,0.028180325165049935,0.55,0.9487630451544546,0.3522474940313137,85.0,170.0,124.9717584762901,1.470255982074001,0.7351279910370005
OP0500,3,C0410;C0422;C1578,639,B0640,0.07376709493761062,3.0,0.158173087443332,0.4,0.60456728139167,0.3900207434608821,85.0,255.0,169.86962142184407,1.9984661343746364,0.6661553781248788
OP0501,3,C0412;C1452;C1591,283,B0284,0.6717985306904928,8.0,0.17825789916631835,0.4,0.5543552520842041,0.3839952999439863,85.0,255.0,181.85077578171828,2.1394208915496264,0.7131402971832088
OP0502,3,C0415;C1475;C1572,782,B0783,0.4543438527283749,3.0,0.2011694141822202,0.35,0.4252302451936565,0.36850029911712057,85.0,255.0,169.1945102650756,1.9905236501773598,0.6635078833924533
OP0503,3,C0418;C1563;C1565,164,B0165,0.2963972678611427,13.0,0.0,0.4,1.0,0.43747266969388177,84.0,252.0,189.9539122410178,2.261356098107355,0.7537853660357849
OP0504,3,C0420;C1442;C1444,400,B0401,0.37896027506737373,5.0,0.07318195782604256,0.35,0.7909086919255927,0.41238171272495283,85.0,255.0,166.15450340549293,1.9547588635940345,0.6515862878646782
OP0505,2,C0421;C1494,164,B0165,0.19457151457279995,13.0,0.09942282095332418,0.4,0.7514429476166895,0.32856908232678195,84.5,169.0,126.24587304882732,1.4940970859904865,0.7470485429952433
OP0506,2,C0423;C0431,931,B0932,1.002897544958554,3.0,0.1424549404395857,0.55,0.7409910173825714,0.32731485069868776,77.0,154.0,116.08646480238671,1.5076164260050222,0.7538082130025111
OP0507,2,C0434;C0439,470,B0471,0.8302046779390361,5.0,0.04923676030291231,0.55,0.9104786176310685,0.34765336272850744,81.75,163.5,123.09377945677463,1.5057389427902987,0.7528694713951494
OP0508,2,C0435;C1370,980,B0981,0.3053435230532669,3.0,0.2724985911898748,0.55,0.5045480160184095,0.2989416905349883,82.75,165.5,124.81595253727752,1.508346881462427,0.7541734407312135
OP0509,2,C0437;C1373,12,B0013,1.0916949198461285,90.0,0.12669723566244787,0.4,0.6832569108438804,0.32038675791404486,84.75,169.5,126.0478425579364,1.4873501313328177,0.7436750656664088
OP0510,3,C0440;C1584;C1587,329,B0330,0.4430250970856798,5.0,0.0,0.35,1.0,0.43747266969388177,85.0,255.0,163.872665013875,1.9279137060455884,0.6426379020151961
OP0511,3,C0443;C1350;C1586,755,B0756,0.24746524406096285,3.0,0.03502941399626645,0.35,0.8999159600106673,0.42546258489516187,85.0,255.0,161.36003225505743,1.8983533206477348,0.6327844402159116
OP0512,3,C0429;C0444;C0445,34,B0035,0.29453923891059886,29.0,0.13249619928367218,0.35,0.6214394306180795,0.3920454013680513,85.0,255.0,161.31239805523316,1.8977929182968605,0.6325976394322869
OP0513,3,C0446;C0452;C1590,34,B0035,0.029544964542239472,29.0,0.05250620588321716,0.35,0.8499822689050938,0.419470541962493,85.0,255.0,167.5980049728759,1.9717412349750107,0.6572470783250036
OP0514,3,C0448;C0450;C1589,206,B0207,0.08893333906113277,7.0,0.10062678153974704,0.35,0.712494909886437,0.4029720588802542,85.0,255.0,163.53651060863268,1.923958948336855,0.6413196494456184
OP0515,3,C0447;C0449;C0451,360,B0361,0.33214085375777147,4.0,0.09409785440269726,0.35,0.731148987420865,0.4052105481843856,85.0,255.0,162.90549878417045,1.91653527981377,0.6388450932712567
OP0516,2,C0453;C0454,12,B0013,2.9231716506007235,90.0,0.09336630639261558,0.55,0.8302430792861535,0.3380250981271176,81.25,162.5,122.28703378823727,1.5050352849732085,0.7525176424866042
OP0517,2,C0455;C1593,412,B0413,0.14543388638658397,5.0,0.02667182351776836,0.55,0.9515057754222394,0.35257662166344794,81.0,162.0,121.6655975242069,1.5020444138790978,0.7510222069395489
OP0518,2,C0456;C1596,12,B0013,2.9452764435400858,90.0,0.19646496835759666,0.55,0.6427909666225515,0.3155308446074854,82.5,165.0,124.21321279740249,1.5055979798430836,0.7527989899215418
OP0519,3,C0460;C0461;C1595,7,B0008,2.863311033053764,95.0,0.20653149263092827,0.4,0.4836712684226794,0.37551322190460323,82.5,247.5,186.1665895091091,2.2565894221732483,0.7521964740577495
OP0520,3,C0288;C0310;C0462,1292,B1293,1.0441879495096593,3.0,0.15198657151139008,0.4,0.6200335712215248,0.39187669824046467,85.0,255.0,179.09431960920293,2.1069919954023875,0.7023306651341291
OP0521,2,C0463;C1703,475,B0476,0.5774351788892215,5.0,0.24924645958633146,0.55,0.5468246189339429,0.30401488288485234,83.5,167.0,125.76908236640426,1.5062013003441153,0.7531006501720576
OP0522,2,C0464;C1701,393,B0394,0.37264644971876076,5.0,0.06387604365749622,0.4,0.8403098908562594,0.3392331155155303,85.0,170.0,118.68113679045408,1.396248668122989,0.6981243340614945
OP0523,3,C0465;C1607;C1622,403,B0404,0.5420628852223668,5.0,0.23063511222818447,0.4,0.4234122194295389,0.36828213602542637,85.0,255.0,183.0976174354749,2.15408961688794,0.71802987229598
OP0524,3,C0467;C0512;C0514,690,B0691,0.2676774769142299,3.0,0.18779667881888537,0.4,0.5305083029527866,0.3811336660482162,85.0,255.0,173.87389396151812,2.0455752230766837,0.6818584076922279
OP0525,3,C0473;C0474;C1611,222,B0223,0.13206960481892663,8.0,0.059555717940454576,0.35,0.8298408058844154,0.41705356640001157,85.0,255.0,172.9134467573496,2.034275844204113,0.6780919480680376
OP0526,2,C0475;C1646,333,B0334,1.8213027614434247,6.0,0.07712135568416492,0.55,0.8597793533015183,0.3415694510089614,85.0,170.0,125.17588521496063,1.472657473117184,0.736328736558592
OP0527,2,C0477;C1613,576,B0577,0.3629549205260217,4.0,0.17854560733143351,0.35,0.4898696933387614,0.29718029181343053,85.0,170.0,102.16033843036436,1.201886334474875,0.6009431672374375
OP0528,2,C0479;C0685,74,B0075,2.102028355924641,17.0,0.0,0.55,1.0,0.3583959286127792,74.0,148.0,111.63286024033118,1.5085521654098808,0.7542760827049404
OP0529,2,C0481;C0591,71,B0072,1.3278043191951383,20.0,0.148780830480636,0.35,0.5749119129124685,0.3073853581622754,85.0,170.0,110.42891117076175,1.299163660832491,0.6495818304162455
OP0530,4,C0482;C1609;C1618;C1755,245,B0246,2.4103357557678926,8.0,0.19956034408405005,0.35,0.42982758833128554,0.35337116782531275,85.0,340.0,212.3374408644416,2.4980875395816655,0.6245218848954164
OP0531,2,C0483;C0563,370,B0371,0.826347942405511,5.0,0.18283294697488253,0.55,0.6675764600456682,0.31850510381825936,85.0,170.0,124.48985012236571,1.464586472027832,0.732293236013916
OP0532,3,C0484;C0599;C1683,71,B0072,1.4202661631790066,20.0,0.09734800324244602,0.25,0.6106079870302159,0.3907456281375077,85.0,255.0,168.07962530093852,1.9774073564816295,0.6591357854938765
OP0533,2,C0485;C1619,223,B0224,1.7215359025841739,8.0,0.0,0.25,1.0,0.3583959286127792,85.0,170.0,111.75925682480398,1.3148147861741646,0.6574073930870823
OP0534,3,C0486;C1658;C1694,371,B0372,0.46188389506407174,5.0,0.1555109336513474,0.35,0.5556830467104359,0.3841546352991341,85.0,255.0,181.11864850321973,2.130807629449644,0.710269209816548
OP0535,2,C0487;C0499,754,B0755,0.5719031959537654,3.0,0.13738467409455468,0.4,0.6565383147636132,0.3171805263844128,85.0,170.0,104.99331387548031,1.235215457358592,0.617607728679296
OP0536,3,C0488;C0521;C0536,950,B0951,1.7451425778748713,4.0,0.018150965139005906,0.25,0.9273961394439764,0.42876020642715895,85.0,255.0,146.11792714672706,1.7190344370203183,0.5730114790067727
OP0537,2,C0489;C1623,152,B0153,2.5988910316641847,10.0,0.11876862437561621,0.4,0.7030784390609595,0.3227653413000943,85.0,170.0,115.88221115365434,1.3633201312194627,0.6816600656097314
OP0538,3,C0490;C0493;C1617,197,B0198,1.526190207397621,9.0,0.10754894193280755,0.35,0.692717308763407,0.40059874674549056,85.0,255.0,162.20090715635897,1.9082459665453997,0.6360819888484666
OP0539,2,C0491;C1691,1282,B1283,0.24688127949566802,3.0,0.0736552657255223,0.4,0.8158618356861942,0.3362993488951225,85.0,170.0,123.70984428641734,1.4554099327813803,0.7277049663906902
OP0540,3,C0492;C0531;C1647,71,B0072,0.7432410639338624,20.0,0.17969815104289236,0.35,0.48657671130602176,0.3758618750506043,85.0,255.0,182.40297800514693,2.1459173882958464,0.7153057960986154
OP0541,3,C0494;C0497;C1615,29,B0030,1.1263237580652077,43.0,0.12775886734266678,0.35,0.6349746647352377,0.39366962946211026,85.0,255.0,178.45842136699684,2.0995108396117277,0.6998369465372426
OP0542,3,C0498;C0619;C1696,29,B0030,0.2056669471048422,43.0,0.09020518554693195,0.35,0.7422708984373373,0.4065451775063622,85.0,255.0,178.8382066998036,2.103978902350631,0.7013263007835436
OP0543,4,C0502;C0503;C0568;C1627,71,B0072,0.6571748648395696,20.0,0.1872981117594179,0.35,0.46486253783023457,0.35757536176518656,85.0,340.0,235.81633401656305,2.7743098119595655,0.6935774529898914
OP0544,3,C0504;C1626;C1640,197,B0198,0.1533868633898254,9.0,0.14470125444145968,0.35,0.5865678444529723,0.38786081102823844,85.0,255.0,188.56518022586113,2.218413885010131,0.7394712950033769
OP0545,4,C0496;C0505;C1629;C1632,125,B0126,0.7907317582907675,11.0,0.1731732457494733,0.35,0.5052192978586477,0.36241817296859613,85.0,340.0,224.57328555763286,2.6420386536192098,0.6605096634048024
OP0546,3,C0507;C0508;C0673,92,B0093,2.828362364233874,16.0,0.1596551979131512,0.25,0.36137920834739523,0.3608381746955692,85.0,255.0,190.1018017917008,2.2364917857847155,0.7454972619282385
OP0547,3,C0509;C1600;C1602,92,B0093,3.1015955500550763,16.0,0.10409467855850173,0.25,0.583621285765993,0.38750722398580095,85.0,255.0,183.51322663719333,2.158979136908157,0.719659712302719
OP0548,2,C0510;C1738,125,B0126,0.4251791913418745,11.0,0.017517861810387062,0.35,0.949948966256037,0.35238980456350366,85.0,170.0,109.44050461732753,1.2875353484391474,0.6437676742195737
OP0549,3,C0511;C0532;C0541,197,B0198,0.309518835246091,9.0,0.1070004934518126,0.35,0.6942843044233926,0.4007867862246889,85.0,255.0,183.71431191160588,2.1613448460188924,0.7204482820062975
OP0550,3,C0516;C0597;C1673,204,B0205,0.3073215920427673,8.0,0.12142829863448736,0.4,0.6964292534137817,0.4010441801035356,84.83333333333333,254.5,189.37387941875224,2.2323656625851047,0.7441218875283683
OP0551,2,C0519;C1635,475,B0476,0.3954269227618906,5.0,0.2436241503951217,0.55,0.557046999281597,0.3052415685265708,82.0,164.0,122.41010770717207,1.4933527156570863,0.7466763578285431
OP0552,2,C0520;C0566,899,B0900,0.2556337878237406,4.0,0.2489936235492034,0.4,0.3775159411269915,0.2836978415480182,85.0,170.0,120.4880840170304,1.417506870788593,0.7087534353942965
OP0553,3,C0523;C0526;C1641,190,B0191,3.1760444808053396,8.0,0.06300566733970102,0.25,0.7479773306411959,0.40722994937082524,85.0,255.0,158.53564992485775,1.8651252932336209,0.6217084310778737
OP0554,2,C0525;C0539,822,B0823,2.777656545620649,3.0,0.12356591553882618,0.55,0.775334699020316,0.3314360924952171,85.0,170.0,124.24656045473027,1.4617242406438855,0.7308621203219428
OP0555,3,C0527;C0567;C1682,71,B0072,0.5694838507741591,20.0,0.18005437445004524,0.35,0.4855589301427279,0.37573974131100907,85.0,255.0,176.2887527855301,2.0739853268885895,0.6913284422961965
OP0556,2,C0528;C0657,1310,B1311,0.593317207775477,2.0,0.23928103465009362,0.4,0.40179741337476593,0.2866116182177511,84.75,169.5,125.58062599126497,1.4818584090241411,0.7409292045120706
OP0557,2,C0535;C0540,364,B0365,2.3515512722930825,5.0,0.10624625078510097,0.25,0.5750149968595961,0.3073977282359307,85.0,170.0,93.67566861577737,1.1020666895973807,0.5510333447986904
OP0558,2,C0537;C0573,476,B0477,1.3436947452715862,5.0,0.0,0.25,1.0,0.3583959286127792,85.0,170.0,102.89301299273562,1.2105060352086543,0.6052530176043271
OP0559,2,C0538;C0552,168,B0169,2.0038833127984805,10.0,0.04374673832507677,0.25,0.8250130466996929,0.33739749421674237,85.0,170.0,95.11710948007476,1.1190248174126443,0.5595124087063221
OP0560,2,C0542;C1650,649,B0650,0.783499553600087,4.0,0.014759660325169791,0.25,0.9409613586993208,0.3513112916566977,85.0,170.0,109.26717786075044,1.2854962101264757,0.6427481050632379
OP0561,2,C0543;C0544,71,B0072,1.6324983145659977,20.0,0.056704554800025744,0.25,0.7731817807998971,0.33117774230876684,85.0,170.0,109.11513991571928,1.2837075284202268,0.6418537642101134
OP0562,2,C0548;C1651,649,B0650,0.4288181574777917,4.0,0.03868520604895145,0.25,0.8452591758041942,0.33982702970928247,85.0,170.0,110.29588687784886,1.297598669151163,0.6487993345755815
OP0563,3,C0549;C0558;C1750,326,B0327,0.43580186323588904,6.0,0.23969356936668795,0.4,0.4007660765832801,0.3655645988838754,84.83333333333333,254.5,190.93998707545614,2.2507805557246265,0.7502601852415421
OP0564,3,C0550;C0557;C1675,204,B0205,0.7226345504200397,8.0,0.21584944096863756,0.35,0.3832873115181784,0.3634671470760632,85.0,255.0,182.05380241483167,2.14180944017449,0.7139364800581633
OP0565,3,C0554;C1653;C1734,161,B0162,2.409339582392068,10.0,0.07560028762972386,0.4,0.8109992809256904,0.4147925834049646,85.0,255.0,176.14745452589233,2.072322994422263,0.6907743314740876
OP0566,2,C0555;C1644,190,B0191,2.9085600152496625,8.0,0.11782375707394238,0.25,0.5287049717042305,0.3018405252172869,85.0,170.0,103.31693634226066,1.2154933687324783,0.6077466843662391
OP0567,2,C0559;C1638,899,B0900,0.25691736702299733,4.0,0.17480699453288298,0.55,0.6821691008493037,0.3202562207146956,85.0,170.0,124.88070576626842,1.469184773720805,0.7345923868604025
OP0568,2,C0561;C0562,1320,B1321,0.09289857732971374,2.0,0.10065095076848905,0.25,0.5973961969260437,0.3100834722439044,85.0,170.0,106.31972109801046,1.2508202482118878,0.6254101241059439
OP0569,2,C0564;C1754,403,B0404,0.7710783509206465,5.0,0.14545103488366304,0.55,0.7355435729387945,0.32666115736543455,84.5,169.0,127.29405575983685,1.5064321784172572,0.7532160892086286
OP0570,4,C0569;C0575;C0578;C0665,29,B0030,1.9876399580319237,43.0,0.09935112445743051,0.35,0.7161396444073413,0.3877286145544394,85.0,340.0,218.36330367667713,2.568980043255025,0.6422450108137563
OP0571,3,C0570;C0584;C1670,29,B0030,1.6773140281233583,43.0,0.06508648235477375,0.35,0.8140386218435036,0.4151573043151022,85.0,255.0,172.78257106109606,2.0327361301305418,0.6775787100435139
OP0572,3,C0571;C0574;C0577,29,B0030,1.724857213983723,43.0,0.0676618526635637,0.35,0.8066804209612466,0.4142743202092314,85.0,255.0,170.86520833955984,2.0101789216418804,0.6700596405472935
OP0573,2,C0572;C1699,97,B0098,2.5818844177333053,15.0,0.0,0.25,1.0,0.3583959286127792,85.0,170.0,102.89301299273562,1.2105060352086543,0.6052530176043271
OP0574,3,C0581;C0583;C1669,29,B0030,2.0586249698827968,43.0,0.0,0.25,1.0,0.43747266969388177,85.0,255.0,161.4363266993074,1.899250902344793,0.633083634114931
OP0575,3,C0582;C0586;C0587,29,B0030,2.0669870042207354,43.0,0.04707812376571837,0.25,0.8116875049371265,0.4148751702863369,85.0,255.0,159.206394205938,1.8730164024228,0.6243388008076
OP0576,3,C0580;C0588;C1676,97,B0098,1.033364419909463,15.0,0.16109133186200209,0.25,0.35563467255199166,0.3601488304001207,85.0,255.0,155.18625825467558,1.8257206853491246,0.6085735617830416
OP0577,2,C0590;C0661,97,B0098,1.379118873626995,15.0,0.10756684565194864,0.35,0.6926661552801467,0.3215158672463968,85.0,170.0,102.26965742799595,1.203172440329364,0.601586220164682
OP0578,2,C0592;C0596,702,B0703,0.06431322502835221,4.0,0.0,0.25,1.0,0.3583959286127792,85.0,170.0,108.34836721984438,1.2746866731746398,0.6373433365873199
OP0579,2,C0593;C0647,190,B0191,3.9507619004230152,8.0,0.04276042623289223,0.25,0.8289582950684311,0.33787092402099095,85.0,170.0,105.01983058161537,1.2355274186072398,0.6177637093036199
OP0580,3,C0598;C0603;C1684,29,B0030,1.898718349913501,43.0,0.04281557666325784,0.35,0.8776697809621204,0.4227930434093362,85.0,255.0,163.6287378132955,1.9250439742740644,0.6416813247580214
OP0581,3,C0601;C1605;C1633,92,B0093,3.082183767101597,16.0,0.046886048775864275,0.25,0.8124558048965429,0.4149673662814669,85.0,255.0,187.0677961132374,2.2007976013322046,0.7335992004440682
OP0582,3,C0602;C1678;C1680,364,B0365,0.4201648383553956,5.0,0.1499545434269738,0.35,0.5715584473515034,0.3860596833760621,85.0,255.0,168.8867287454056,1.986902691122419,0.6623008970408063
OP0583,3,C0600;C0605;C1704,625,B0626,0.5103981106460679,3.0,0.2265590164874041,0.35,0.3526885243217025,0.359795292612486,85.0,255.0,168.6127046939823,1.9836788787527326,0.6612262929175775
OP0584,3,C0604;C0606;C1671,29,B0030,1.6924405362243098,43.0,0.19210536062563935,0.35,0.45112754106960185,0.37160797462223394,85.0,255.0,164.04913219867848,1.9299897905726882,0.643329930190896
OP0585,2,C0609;C1740,476,B0477,1.0790229477016227,5.0,0.14145582279279859,0.35,0.5958405063062897,0.30989678936953396,85.0,170.0,102.10918599497472,1.2012845411173498,0.6006422705586749
OP0586,3,C0610;C0613;C1735,183,B0184,3.0294204292299005,9.0,0.0782741310570017,0.25,0.6869034757719932,0.3999010867865209,85.0,255.0,153.64824628856988,1.8076264269243518,0.6025421423081173
OP0587,3,C0612;C0655;C1685,223,B0224,0.19130275024671908,8.0,0.1377754591660032,0.35,0.6063558309542765,0.39023536940839487,85.0,255.0,188.94096915563335,2.2228349312427453,0.7409449770809151
OP0588,3,C0515;C0617;C1656,312,B0313,0.7600463226674449,6.0,0.18483647503953568,0.4,0.5379088124011608,0.3820217271820211,85.0,255.0,174.7441682153521,2.0558137437100243,0.6852712479033415
OP0589,2,C0620;C1700,890,B0891,0.4540334185233878,4.0,0.0,0.55,1.0,0.3583959286127792,83.0,166.0,124.72162685919739,1.50267020312286,0.75133510156143
OP0590,3,C0622;C0652;C1695,914,B0915,0.5373387374537606,4.0,0.12965856770087605,0.4,0.6758535807478099,0.3985750993836189,84.83333333333333,254.5,189.47701378919047,2.233564402205098,0.7445214674016993
OP0591,3,C0626;C0660;C1715,393,B0394,1.4585031342752948,5.0,0.19670552904439553,0.4,0.5082361773890112,0.37846101098056306,85.0,255.0,172.9726517894785,2.0349723739938645,0.6783241246646216
OP0592,2,C0628;C0634,74,B0075,2.915215707225699,17.0,0.14312170419345585,0.55,0.7397787196482621,0.32716937497057064,78.0,156.0,117.52882120603212,1.5067227527832183,0.7533613763916092
OP0593,2,C0630;C1636,74,B0075,2.8737898779565167,17.0,0.10607342094556794,0.55,0.8071392346444219,0.33525263677010986,76.25,152.5,114.9134861373368,1.5070630799047273,0.7535315399523637
OP0594,2,C0631;C0637,74,B0075,3.5289503586710866,17.0,0.03620433659748113,0.55,0.9341739334591252,0.35049680062787425,85.0,170.0,126.86911189554075,1.492577787006362,0.746288893503181
OP0595,3,C0633;C0646;C1711,92,B0093,2.562689556638101,16.0,0.12201408459525707,0.25,0.5119436616189716,0.37890590908815835,85.0,255.0,170.0353692254409,2.0004161085345986,0.6668053695115329
OP0596,2,C0635;C0636,74,B0075,3.3574365607033476,17.0,0.06558482327208562,0.55,0.8807548667780262,0.3440865126261423,85.0,170.0,125.17845050045955,1.4726876529465829,0.7363438264732914
OP0597,2,C0639;C1709,940,B0941,1.8298665269741188,3.0,0.0,0.55,1.0,0.3583959286127792,85.0,170.0,127.37729275121856,1.4985563853084536,0.7492781926542268
OP0598,3,C0640;C0643;C1714,92,B0093,2.68013119223198,16.0,0.11404178597814948,0.25,0.5438328560874021,0.38273261242436996,85.0,255.0,167.02830254251583,1.9650388534413628,0.6550129511471209
OP0599,3,C0641;C1712;C1713,530,B0531,1.8030902880378155,4.0,0.06441857334422472,0.4,0.8389535666394382,0.4181470976906143,84.66666666666667,254.0,190.73146971120525,2.2527490117295352,0.7509163372431784
OP0600,2,C0625;C0642,371,B0372,0.6417628573226165,5.0,0.21562840926369936,0.4,0.4609289768407516,0.2937074058336694,85.0,170.0,125.08734756808721,1.4716158537422024,0.7358079268711012
OP0601,2,C0644;C1707,222,B0223,0.6861531916366691,8.0,0.12585076564429717,0.4,0.685373085889257,0.32064069891949004,85.0,170.0,115.51114881659521,1.3589546919599438,0.6794773459799719
OP0602,2,C0653;C1723,642,B0643,0.15451623576514642,3.0,0.17902512533644518,0.55,0.6744997721155542,0.3193359012666457,80.75,161.5,121.23214382678142,1.5013357411964399,0.7506678705982199
OP0603,3,C0530;C0654;C1718,125,B0126,1.049608271075053,11.0,0.19655662760882525,0.35,0.4384096354033564,0.37008182594228456,85.0,255.0,170.73157010658446,2.0086067071362876,0.6695355690454292
OP0604,2,C0656;C0682,204,B0205,0.22662158261000734,8.0,0.10548158178184826,0.55,0.808215305851185,0.33538176531492137,83.25,166.5,125.47088257847201,1.5071446519604277,0.7535723259802138
OP0605,4,C0658;C0669;C1710;C1729,183,B0184,1.4649238927885477,9.0,0.1555823954923489,0.35,0.5554788700218602,0.36844932162818167,85.0,340.0,208.57587189955245,2.4538337870535587,0.6134584467633897
OP0606,3,C0659;C1724;C1726,97,B0098,0.5778002738396556,15.0,0.12454771467722602,0.35,0.6441493866364971,0.39477059609026144,85.0,255.0,166.5756245658818,1.959713230186845,0.653237743395615
OP0607,2,C0624;C0663,97,B0098,2.5818844177333053,15.0,0.0,0.25,1.0,0.3583959286127792,85.0,170.0,102.89301299273562,1.2105060352086543,0.6052530176043271
OP0608,3,C0614;C0664;C1681,319,B0320,3.6365565037656644,6.0,0.11709770881193193,0.25,0.5316091647522723,0.38126576946415447,85.0,255.0,153.91705251954068,1.8107888531710667,0.6035962843903556
OP0609,2,C0667;C1630,168,B0169,1.6976408937694527,10.0,0.07679831879799039,0.25,0.6928067248080385,0.3215327355897438,85.0,170.0,95.61774117935877,1.124914602110103,0.5624573010550515
OP0610,3,C0668;C1620;C1631,97,B0098,0.03828740513451819,15.0,0.19681444401296966,0.35,0.437673017105801,0.36999343174657784,85.0,255.0,179.39250731653055,2.11050008607683,0.7035000286922767
OP0611,2,C0670;C0671,576,B0577,0.6293437889895515,4.0,0.15570458373208074,0.25,0.37718166507167705,0.28365772842138043,85.0,170.0,100.77213931732216,1.1855545802037901,0.5927772901018951
OP0612,2,C0675;C1742,394,B0395,0.5404656049815617,4.0,0.11221828472580873,0.55,0.7959667550439842,0.3339119392180573,80.5,161.0,121.33074356040927,1.5071753836737396,0.7535876918368698
OP0613,2,C0677;C1733,394,B0395,0.4304360998717058,4.0,0.07741151543880458,0.55,0.8592517901112644,0.34150614342613095,80.5,161.0,121.2979316934107,1.5067675885688885,0.7533837942844442
OP0614,4,C0679;C0680;C1739;C1752,843,B0844,0.6843912642882637,4.0,0.28749557428834227,0.4,0.2812610642791443,0.33554318493905577,85.0,340.0,241.45768228959258,2.8406786151716776,0.7101696537929194
OP0615,2,C0681;C1744,566,B0567,0.21634556211106826,4.0,0.0,0.25,1.0,0.3583959286127792,85.0,170.0,118.12914089890407,1.3897545988106361,0.6948772994053181
OP0616,3,C0684;C0686;C1674,533,B0534,0.47258474827496416,4.0,0.2478601728248273,0.4,0.38034956793793173,0.3631146178464335,85.0,255.0,186.29570877852453,2.191714220923818,0.730571406974606
OP0617,2,C0688;C1761,1491,B1492,0.1968613514438251,2.0,0.14164348522042347,0.55,0.742466390508321,0.3274918954737777,76.25,152.5,114.75690710450479,1.504987183640138,0.752493591820069
OP0618,2,C0689;C1698,125,B0126,0.12939249404999137,11.0,0.09750642954465973,0.35,0.7214102013009722,0.32496515276889587,85.0,170.0,114.12252685230524,1.342617962968297,0.6713089814841485
OP0619,2,C0690;C0856,279,B0280,2.8858664441062842,8.0,0.09044735520980639,0.55,0.8355502632548975,0.3386619602033669,85.0,170.0,120.97083475482012,1.4231862912331779,0.7115931456165889
OP0620,2,C0691;C1758,922,B0923,0.9933549136233432,4.0,0.016534255860021753,0.35,0.9527592689713664,0.35272704088934315,85.0,170.0,104.68074493557788,1.2315381757126809,0.6157690878563404
OP0621,2,C0692;C1760,366,B0367,1.5144825068792442,6.0,0.04248863221275136,0.25,0.8300454711489946,0.33800138515065853,85.0,170.0,119.26865504256156,1.403160647559548,0.701580323779774
OP0622,2,C0693;C0694,869,B0870,2.321409651706852,4.0,0.0,0.25,1.0,0.3583959286127792,85.0,170.0,117.68675283594207,1.3845500333640244,0.6922750166820122
OP0623,2,C0695;C0699,318,B0319,0.09168183190300773,8.0,0.0,0.55,1.0,0.3583959286127792,79.5,159.0,119.67264652821851,1.5053163085310504,0.7526581542655252
OP0624,3,C0697;C0840;C1779,3,B0004,3.108755011306244,98.0,0.11881072318561134,0.4,0.7029731920359716,0.40182945273819837,85.0,255.0,185.25922882135998,2.1795203390748235,0.7265067796916078
OP0625,3,C0702;C1766;C1924,28,B0029,1.5770080863941938,56.0,0.14037620613411736,0.35,0.5989251253310932,0.3893436847336129,85.0,255.0,151.30320993559417,1.7800377639481668,0.5933459213160556
OP0626,3,C0704;C0709;C1772,72,B0073,2.9199767709796975,21.0,0.03402430486689463,0.4,0.9149392378327634,0.4272653782338134,85.0,255.0,173.02896804364443,2.0356349181605227,0.6785449727201742
OP0627,3,C0705;C0707;C1763,674,B0675,0.2148962889905314,4.0,0.06447709536457001,0.35,0.8157797275298,0.4153662369974578,85.0,255.0,163.14832407864944,1.9193920479841111,0.639797349328037
OP0628,2,C0706;C1768,633,B0634,0.2369513041922987,5.0,0.10075535413941386,0.4,0.7481116146514654,0.32816932237095503,85.0,170.0,124.97575412915484,1.4703029897547628,0.7351514948773814
OP0629,3,C0710;C0717;C1776,72,B0073,2.9235532834310343,21.0,0.0636075946418488,0.35,0.8182640153090034,0.41566435153096215,85.0,255.0,171.05343996219173,2.012393411319903,0.670797803773301
OP0630,3,C0711;C0810;C0811,633,B0634,1.1365577943503582,5.0,0.14775269709798772,0.35,0.5778494368628921,0.3868146021174288,85.0,255.0,166.11261001500966,1.9542660001765844,0.6514220000588614
OP0631,3,C0712;C1778;C1781,568,B0569,0.21623941352596152,4.0,0.06903361630283769,0.35,0.8027610962776066,0.4138040012471945,85.0,255.0,169.92855844620948,1.9991595111318765,0.6663865037106255
OP0632,3,C0713;C1770;C1849,521,B0522,0.17696602761945857,5.0,0.1254592993187739,0.35,0.6415448590892174,0.3944580527845878,85.0,255.0,172.58539758862815,2.030416442219155,0.6768054807397182
OP0633,3,C0714;C1784;C2057,889,B0890,0.7939522496160939,4.0,0.08171508039666373,0.4,0.7957122990083407,0.41295814557488264,85.0,255.0,186.40093441499323,2.1929521695881555,0.7309840565293851
OP0634,4,C0715;C0719;C1786;C2040,72,B0073,3.390560189022382,21.0,0.11619067579383777,0.35,0.6680266405890349,0.38195505409624264,85.0,340.0,225.85306153391647,2.6570948415754883,0.6642737103938721
OP0635,3,C0718;C0877;C1960,3,B0004,2.099136890754807,98.0,0.18281840606256627,0.4,0.5429539848435843,0.3826271478751119,84.5,253.5,185.64934226153272,2.197403149093612,0.7324677163645373
OP0636,2,C0720;C0728,726,B0727,0.4301594751176232,4.0,0.07159334318951244,0.4,0.8210166420262189,0.3369179256559255,85.0,170.0,112.96328228386434,1.328979791574875,0.6644898957874374
OP0637,4,C0721;C0723;C0936;C0942,1267,B1268,0.1438136623588514,4.0,0.05533098417262661,0.4,0.8616725395684335,0.4051925619737705,85.0,340.0,248.37315453580874,2.9220371121859854,0.7305092780464963
OP0638,3,C0722;C0843;C1861,28,B0029,0.9909501000476018,56.0,0.15574340196519015,0.35,0.5550188515280281,0.3840749318772452,85.0,255.0,155.38719625689666,1.828084661845843,0.6093615539486144
OP0639,2,C0724;C1793,657,B0658,1.4568766462798375,4.0,0.05399500680571963,0.4,0.8650124829857009,0.3421974265710633,85.0,170.0,123.39339054194177,1.4516869475522562,0.7258434737761281
OP0640,3,C0725;C0730;C1803,863,B0864,0.3802802379185711,5.0,0.04505916783030185,0.35,0.8712595204848519,0.42202381215206397,85.0,255.0,171.51252251540672,2.0177943825341966,0.6725981275113989
OP0641,2,C0726;C1909,922,B0923,0.2855988789713473,4.0,0.07692134880285792,0.25,0.6923146047885683,0.3214736811874074,85.0,170.0,106.09242749912285,1.2481462058720334,0.6240731029360167
OP0642,3,C0727;C0827;C1796,1298,B1299,2.211577528424665,3.0,0.14421611040410906,0.25,0.42313555838356376,0.36824893669990943,85.0,255.0,183.04292846586188,2.153446217245434,0.7178154057484779
OP0643,3,C0729;C1780;C1782,159,B0160,0.5520748686839606,11.0,0.0684469612744958,0.4,0.8288825968137605,0.41693858131153305,85.0,255.0,186.92672738939933,2.199137969287051,0.7330459897623504
OP0644,3,C0732;C1800;C1967,28,B0029,1.6853632604127617,56.0,0.19808076497890387,0.35,0.4340549572031318,0.3695592645582576,85.0,255.0,159.04844979177284,1.8711582328443863,0.6237194109481288
OP0645,3,C0733;C0772;C1762,878,B0879,1.1503094224650128,4.0,0.08579666468591698,0.35,0.7548666723259514,0.408056670372996,85.0,255.0,159.74496501132538,1.8793525295450042,0.6264508431816681
OP0646,3,C0734;C0738;C0797,165,B0166,2.0917458909940927,12.0,0.08126965243816277,0.25,0.674921390247349,0.39846323652356364,85.0,255.0,162.35761426986508,1.9100895796454713,0.6366965265484904
OP0647,2,C0735;C1812,781,B0782,0.840283308666843,4.0,0.03293201380484234,0.25,0.8682719447806306,0.3425885619864549,85.0,170.0,104.82604261354615,1.2332475601593664,0.6166237800796832
OP0648,3,C0736;C1810;C1814,28,B0029,1.4207892229794994,56.0,0.0826389582526722,0.35,0.7638886907066509,0.40913931257867986,85.0,255.0,160.61060200018363,1.8895364941198074,0.6298454980399358
OP0649,2,C0737;C1811,781,B0782,0.8303081956299371,4.0,0.07537844071486616,0.25,0.6984862371405354,0.32221427706964345,85.0,170.0,106.02491603812848,1.2473519533897468,0.6236759766948734
OP0650,2,C0741;C1753,26,B0027,1.830036329208632,62.0,0.10783800135491253,0.55,0.8039309066274318,0.334867637408071,85.0,170.0,121.14153708926304,1.42519455399133,0.712597276995665
OP0651,3,C0742;C0927;C1821,186,B0187,0.11222198508507517,10.0,0.11732327324114104,0.25,0.5307069070354358,0.3811574985381341,85.0,255.0,178.84792843233333,2.1040932756745097,0.7013644252248366
OP0652,3,C0700;C0743;C0812,28,B0029,1.0587505628490215,56.0,0.19509214589934293,0.35,0.4425938688590202,0.3705839339569642,85.0,255.0,152.30673916773296,1.7918439902086232,0.5972813300695411
OP0653,4,C0746;C0747;C0748;C1816,628,B0629,0.14038517386877114,4.0,0.14118368449000068,0.35,0.5966180443142837,0.37338602254327247,85.0,340.0,215.63095700178874,2.536834788256338,0.6342086970640844
OP0654,4,C0749;C1817;C1820;C1974,891,B0892,0.13526787140429608,4.0,0.11735393357406122,0.35,0.6647030469312536,0.38155622285730895,85.0,340.0,195.32874891318863,2.2979852813316306,0.5744963203329077
OP0655,3,C0750;C1828;C1902,53,B0054,0.026021122558602474,28.0,0.23873881476579745,0.4,0.4031529630855064,0.3658510252641425,83.0,249.0,187.5562573499766,2.2597691403177156,0.7532563801059052
OP0656,3,C0752;C0807;C1879,372,B0373,1.1007041137116893,7.0,0.13030100414382761,0.35,0.6277114167319211,0.39279803970171223,84.83333333333333,254.5,187.01311063906016,2.2045789060203607,0.7348596353401202
OP0657,2,C0753;C1813,885,B0886,0.09611453943923727,4.0,0.0414332847928452,0.4,0.896416788017887,0.3459659431749256,85.0,170.0,125.09651388604127,1.4717236927769561,0.7358618463884781
OP0658,3,C0755;C0777;C0786,165,B0166,1.1873843942478883,12.0,0.11934351327551881,0.35,0.6590185334985177,0.3965548937137039,85.0,255.0,157.90080177981173,1.8576564915271967,0.6192188305090656
OP0659,2,C0756;C1876,53,B0054,0.11939134189487582,28.0,0.11270349330209772,0.4,0.7182412667447557,0.32458488062214985,83.75,167.5,126.29156874702002,1.507964560086731,0.7539822800433655
OP0660,3,C0757;C0767;C0834,22,B0023,2.0381309711020537,73.0,0.0,0.25,1.0,0.43747266969388177,85.0,255.0,186.00731499959747,2.1883213529364407,0.7294404509788136
OP0661,2,C0759;C0970,885,B0886,0.3631653921170365,4.0,0.15428393949645852,0.55,0.7194837463700754,0.32473397817718824,85.0,170.0,125.13188354565341,1.472139806419452,0.736069903209726
OP0662,2,C0761;C1852,239,B0240,1.3040101858430015,9.0,0.016213120283903197,0.55,0.9705215994838123,0.35485852055083666,73.0,146.0,110.01025187282347,1.5069897516825133,0.7534948758412566
OP0663,2,C0762;C1845,22,B0023,2.292252632467431,73.0,0.06739211617781138,0.4,0.8315197095554716,0.33817829375943576,85.0,170.0,123.25651962747253,1.4500767014996767,0.7250383507498384
OP0664,2,C0765;C1846,1520,B1521,0.9507192241113882,2.0,0.016668371030356958,0.4,0.9583290724241076,0.3533954173036721,84.25,168.5,127.15959473656986,1.509313116694753,0.7546565583473765
OP0665,2,C0766;C1843,22,B0023,2.0381309711020537,73.0,0.0,0.25,1.0,0.3583959286127792,85.0,170.0,121.30420413995341,1.427108283999452,0.713554141999726
OP0666,2,C0768;C1759,288,B0289,1.7529705735552585,10.0,0.08629647219869604,0.55,0.8430973232750981,0.33956760740579095,85.0,170.0,124.64649791716579,1.466429387260774,0.733214693630387
OP0667,2,C0769;C0920,577,B0578,2.03400464468945,5.0,0.11359334097003194,0.55,0.7934666527817601,0.3336119269465904,81.75,163.5,123.3017615517923,1.5082910129532303,0.7541455064766152
OP0668,2,C0770;C0820,372,B0373,0.8194695282491958,7.0,0.23305480988287633,0.55,0.5762639820311339,0.30754760645651524,80.0,160.0,120.69088494028443,1.5086373235661092,0.7543186617830546
OP0669,2,C0773;C1847,372,B0373,1.077996243105815,7.0,0.0,0.55,1.0,0.3583959286127792,81.0,162.0,122.10967300226447,1.5075268271884503,0.7537634135942252
OP0670,3,C0774;C1860;C1862,28,B0029,0.9354035109529659,56.0,0.049444930983137104,0.35,0.8587287686196082,0.42052012192823474,85.0,255.0,162.98470061086826,1.9174670660102149,0.6391556886700717
OP0671,3,C0775;C1856;C1857,28,B0029,0.7706300799117799,56.0,0.09811625481449018,0.35,0.7196678433871708,0.4038328109003423,85.0,255.0,161.04171245585724,1.8946083818336146,0.6315361272778716
OP0672,3,C0779;C0971;C2035,165,B0166,1.8575203662291864,12.0,0.07161066371269816,0.25,0.7135573451492074,0.40309955111178664,85.0,255.0,158.53084814999391,1.8650688017646344,0.6216896005882114
OP0673,2,C0780;C1867,679,B0680,0.0724671498825066,5.0,0.057883512928786546,0.55,0.8947572492203881,0.34576679851922576,85.0,170.0,124.67864781161796,1.4668076213131527,0.7334038106565763
OP0674,2,C0781;C0793,826,B0827,0.12047980971112683,5.0,0.23988676010173313,0.55,0.5638422543604853,0.30605699913603746,79.0,158.0,118.98252768474849,1.5060604174886874,0.7530302087443437
OP0675,3,C0783;C0789;C1863,28,B0029,1.603280255365677,56.0,0.07961517227750395,0.35,0.7725280792071316,0.4101760391987376,85.0,255.0,160.22904995904798,1.8850476465770352,0.6283492155256784
OP0676,3,C0784;C1889;C2038,28,B0029,0.236103296449628,56.0,0.15630146869595718,0.35,0.553424375154408,0.38388359471241074,85.0,255.0,165.1598675481511,1.9430572652723659,0.6476857550907886
OP0677,3,C0785;C0817;C1865,28,B0029,0.881957016325491,56.0,0.14418568432304596,0.35,0.5880409019341544,0.38803757792598026,85.0,255.0,165.28699417609062,1.94455287265989,0.64818429088663
OP0678,3,C0787;C1894;C2006,28,B0029,0.1671739040588219,56.0,0.15101997027092925,0.35,0.5685143706544878,0.38569439417242024,85.0,255.0,159.7056134248433,1.8788895697040386,0.6262965232346795
OP0679,2,C0788;C1870,826,B0827,0.6058729672911476,5.0,0.14353307646362198,0.55,0.7390307700661418,0.3270796210207162,78.0,156.0,117.37900429635383,1.5048590294404338,0.7524295147202169
OP0680,2,C0754;C0790,599,B0600,2.3316419842036997,6.0,0.0,0.55,1.0,0.3583959286127792,82.0,164.0,123.00399530576478,1.5000487232410338,0.7500243616205169
OP0681,2,C0791;C1757,318,B0319,0.4415324214621479,8.0,0.18603088076166827,0.55,0.6617620349787849,0.3178073728102334,80.75,161.5,121.76304772417967,1.507898184368052,0.753949092184026
OP0682,2,C0792;C1853,1276,B1277,0.727487100422748,4.0,0.1582670300251029,0.4,0.6043324249372428,0.31091581960524833,81.5,163.0,122.61667686205229,1.504519383264749,0.7522596916323745
OP0683,2,C0794;C0798,1276,B1277,0.17541660555573563,4.0,0.19662362063278752,0.55,0.6425025079403863,0.31549622956562556,80.75,161.5,121.71420966019576,1.5072696677731767,0.7536348338865884
OP0684,2,C0795;C0822,557,B0558,0.2436611934850297,4.0,0.14879653164712214,0.55,0.7294608515506871,0.32593123079886166,82.5,165.0,124.40068639532159,1.5078951076877969,0.7539475538438984
OP0685,2,C0796;C1963,454,B0455,0.6708469926869688,5.0,0.05327226157210935,0.25,0.7869109537115626,0.3328252430581667,85.0,170.0,105.67927287716873,1.2432855632608086,0.6216427816304043
OP0686,3,C0801;C0835;C1883,679,B0680,1.025468450734789,5.0,0.1519473405004169,0.35,0.5658647414273803,0.38537643866516735,85.0,255.0,167.74662903514903,1.9734897533546945,0.6578299177848982
OP0687,2,C0802;C1936,869,B0870,2.474896678359903,4.0,0.1130406944151539,0.25,0.5478372223393844,0.30413639529350533,85.0,170.0,113.3688706145779,1.3337514189950341,0.6668757094975171
OP0688,2,C0803;C1886,863,B0864,0.19382229804088713,5.0,0.02561798103777168,0.35,0.9268057684635095,0.34961262082840033,85.0,170.0,112.70351710880776,1.3259237306918559,0.6629618653459279
OP0689,3,C0804;C0899;C1972,23,B0024,0.2410959934297022,60.0,0.16385659625522098,0.35,0.5318382964136543,0.38129326526352025,85.0,255.0,173.29145397374612,2.038722987926425,0.6795743293088083
OP0690,3,C0800;C0813;C2020,28,B0029,0.07747370913181593,56.0,0.1317583588090233,0.35,0.6235475462599334,0.3922983752450737,85.0,255.0,162.65565605742736,1.9135959536167926,0.6378653178722642
OP0691,2,C0814;C0921,593,B0594,2.019477927627109,5.0,0.10461891705252187,0.55,0.809783787177233,0.3355699830740472,78.25,156.5,117.90218440521662,1.506733741917369,0.7533668709586845
OP0692,2,C0815;C0860,828,B0829,0.9538618022188938,4.0,0.056473907379774466,0.25,0.7741043704809021,0.33128845307048743,85.0,170.0,112.7129952252565,1.3260352379441942,0.6630176189720971
OP0693,3,C0818;C0890;C1855,146,B0147,0.3395078841839912,13.0,0.1743798382015508,0.35,0.501771890852712,0.3776852965962072,85.0,255.0,157.18560528112374,1.8492424150720437,0.6164141383573479
OP0694,2,C0819;C0923,1196,B1197,3.790677778804754,5.0,0.09381278076818501,0.55,0.829431307694209,0.33792768553608427,80.25,160.5,120.90482280859364,1.506603321565113,0.7533016607825564
OP0695,2,C0823;C1891,955,B0956,0.4595888174218041,4.0,0.06502950293669739,0.55,0.8817645401150956,0.34420767342659064,75.75,151.5,114.20909996695912,1.5077139023907544,0.7538569511953772
OP0696,2,C0824;C1989,557,B0558,0.1400663325421698,4.0,0.2683220455205344,0.55,0.5121417354172102,0.2998529368628444,82.25,164.5,123.9638534368695,1.507158897767643,0.7535794488838214
OP0697,2,C0825;C1765,478,B0479,2.3741479012915594,6.0,0.11727495100719927,0.25,0.530900195971203,0.30210395212932356,85.0,170.0,115.08083592400338,1.3538921873412162,0.6769460936706081
OP0698,2,C0826;C1841,53,B0054,0.9064180415102397,28.0,0.05238373060372655,0.55,0.9047568534477699,0.3469667510265116,76.0,152.0,114.6214701804959,1.5081772392170514,0.7540886196085257
OP0699,3,C0829;C1904;C1906,23,B0024,2.65025398222355,60.0,0.10613377553801137,0.25,0.5754648978479545,0.38652845743563624,85.0,255.0,166.900011484394,1.9635295468752236,0.6545098489584079
OP0700,3,C0830;C1835;C1836,22,B0023,2.5674026957807916,73.0,0.14314288288375424,0.25,0.42742846846498306,0.3687640859096797,85.0,255.0,181.07381271938374,2.130280149639809,0.7100933832132696
OP0701,3,C0831;C1899;C1984,598,B0599,2.1785495688972465,4.0,0.08387291361862256,0.25,0.6645083455255097,0.39721367115694295,85.0,255.0,188.18974523706885,2.2139970027890454,0.7379990009296818
OP0702,4,C0833;C0837;C1907;C1908,22,B0023,3.138238996993467,73.0,0.14570405243813866,0.4,0.6357398689046534,0.3780806414941169,85.0,340.0,241.63636071230633,2.8427807142624273,0.7106951785656068
OP0703,3,C0838;C1898;C1916,1289,B1290,2.0894033376535974,3.0,0.004629611068418685,0.35,0.9867725398045181,0.43588537447042397,85.0,255.0,172.74373085228754,2.0322791864975005,0.6774263954991668
OP0704,3,C0839;C1920;C1966,23,B0024,2.8337365301969153,60.0,0.04634076235224741,0.25,0.8146369505910104,0.41522910376480304,85.0,255.0,160.30149399963958,1.8858999294075245,0.6286333098025082
OP0705,2,C0841;C1829,263,B0264,0.49562119900218476,10.0,0.10111677825116698,0.4,0.7472080543720825,0.3280608951374291,83.5,167.0,125.7906446639914,1.506480752507219,0.7532403762536095
OP0706,3,C0842;C1787;C1912,286,B0287,2.14985771004634,9.0,0.07726600208090058,0.4,0.8068349947977486,0.4142928690696116,85.0,255.0,185.63010861697018,2.1838836307878844,0.7279612102626282
OP0707,2,C0844;C0861,53,B0054,1.4333475667054207,28.0,0.14733532227953008,0.4,0.6316616943011748,0.3141953319289202,85.0,170.0,125.91042028858087,1.4812990622185986,0.7406495311092993
OP0708,3,C0845;C1842;C1915,159,B0160,0.6111825578874291,11.0,0.06169212307942201,0.4,0.8457696923014449,0.41896503277005515,85.0,255.0,187.01715769694516,2.2002018552581784,0.7334006184193927
OP0709,3,C0846;C0859;C0940,53,B0054,1.7400280514021391,28.0,0.10797765441423454,0.4,0.7300558639644137,0.4050793733696114,85.0,255.0,190.0228701205469,2.2355631778887872,0.745187725962929
OP0710,2,C0847;C0852,46,B0047,1.5197417175427061,40.0,0.0,0.55,1.0,0.3583959286127792,75.5,151.0,113.89012333569654,1.5084784547774377,0.7542392273887188
OP0711,2,C0853;C1929,913,B0914,0.21789558183361604,5.0,0.07945599483483981,0.55,0.8555345548457458,0.3410600751942687,76.5,153.0,115.36581745356526,1.508049130640266,0.754024565320133
OP0712,2,C0858;C1931,828,B0829,0.826447233612755,4.0,0.07216876264654382,0.25,0.7113249494138247,0.32375492254243815,85.0,170.0,111.71930029326997,1.314344709332588,0.657172354666294
OP0713,3,C0855;C0862;C1928,146,B0147,0.09052648167430181,13.0,0.14344725979290748,0.35,0.5901506863059787,0.38829075205059915,85.0,255.0,160.00046513779063,1.8823584133857718,0.627452804461924
OP0714,3,C0863;C0867;C1940,917,B0918,1.1432793788990272,4.0,0.11273325482023176,0.4,0.7181668629494207,0.4036526932478123,85.0,255.0,185.6135524313512,2.1836888521335434,0.7278962840445145
OP0715,4,C0865;C0866;C0873;C1943,23,B0024,0.9671578742699892,60.0,0.10906943151583863,0.35,0.6883730528118897,0.3843966235629852,85.0,340.0,215.6962983624029,2.5376035101459165,0.6344008775364791
OP0716,4,C0869;C1942;C1945;C1946,816,B0817,0.030774191362176153,4.0,0.05513595491166926,0.35,0.8424687002523735,0.4028881012558433,85.0,340.0,212.75482158935955,2.502997901051289,0.6257494752628222
OP0717,2,C0870;C0872,26,B0027,2.054767039245889,62.0,0.0637462053448306,0.55,0.8840978084639444,0.3444876656284525,85.0,170.0,123.40035105439867,1.4517688359341019,0.7258844179670509
OP0718,3,C0874;C0881;C1830,23,B0024,0.9450395309595239,60.0,0.18162044013850512,0.35,0.4810844567471282,0.37520280450353716,85.0,255.0,163.11123558532933,1.9189557127685801,0.6396519042561933
OP0719,3,C0875;C0882;C1947,23,B0024,1.0188691081169885,60.0,0.055099676836299794,0.35,0.8425723518962863,0.4185813519214361,85.0,255.0,164.96520671146402,1.94076713778193,0.6469223792606433
OP0720,3,C0876;C0983;C2050,23,B0024,0.4715709597656983,60.0,0.10094935739091673,0.35,0.7115732645973807,0.40286146144556745,85.0,255.0,183.3800713916112,2.157412604607191,0.7191375348690636
OP0721,3,C0821;C0878;C2056,23,B0024,0.6196456238321149,60.0,0.18237724047751272,0.35,0.4789221700642493,0.37494333010159164,85.0,255.0,168.55716397901222,1.983025458576614,0.6610084861922046
OP0722,2,C0885;C1957,478,B0479,1.7292535730433114,6.0,0.03476583765745852,0.4,0.9130854058563537,0.34796617731554164,85.0,170.0,120.66215951427765,1.4195548178150312,0.7097774089075156
OP0723,2,C0889;C1962,595,B0596,0.24548501055580227,4.0,0.06796923593692382,0.25,0.7281230562523047,0.32577069536305575,85.0,170.0,106.54863110193652,1.2535133070816062,0.6267566535408031
OP0724,3,C0891;C1964;C1965,23,B0024,3.0123770775607808,60.0,0.043081824581965425,0.25,0.8276727016721384,0.4167933938945384,85.0,255.0,164.6494421322084,1.9370522603789224,0.6456840867929742
OP0725,3,C0864;C0892;C2004,146,B0147,0.26688565947492915,13.0,0.17795166551472444,0.35,0.4915666699579302,0.3764606700888333,85.0,255.0,160.42038232038988,1.8872986155339984,0.6290995385113328
OP0726,3,C0895;C0896;C1954,23,B0024,1.3359159659484843,60.0,0.12036778120585657,0.25,0.5185288751765738,0.3796961347150706,85.0,255.0,157.75401606914852,1.855929600813512,0.6186432002711707
OP0727,2,C0897;C1970,23,B0024,1.5275723489438187,60.0,0.12278830074608411,0.25,0.5088467970156636,0.2994575442546588,85.0,170.0,98.15003567521714,1.1547063020613781,0.5773531510306891
OP0728,3,C0902;C1919;C1921,23,B0024,2.8456992326643733,60.0,0.07882027385167109,0.25,0.6847189045933156,0.3996389382450797,85.0,255.0,159.25861137119333,1.873630722014039,0.6245435740046796
OP0729,2,C0903;C1973,595,B0596,0.4785498646385209,4.0,0.03182293630606684,0.25,0.8727082547757327,0.3431209191858671,85.0,170.0,104.6465067408476,1.2311353734217365,0.6155676867108683
OP0730,3,C0900;C0905;C0908,22,B0023,3.6089945255290337,73.0,0.096922715120719,0.25,0.6123091395171241,0.3909497664359366,85.0,255.0,168.1940100908302,1.97875305989212,0.6595843532973733
OP0731,4,C0912;C0913;C0914;C1975,308,B0309,3.6372551923984116,8.0,0.14166075815650725,0.35,0.5952549766956936,0.3732224544290417,85.0,340.0,200.41967541975242,2.3578785343500286,0.5894696335875071
OP0732,2,C0915;C1987,577,B0578,1.6580422794749419,5.0,0.0892728402277877,0.55,0.8376857450403861,0.3389182180176255,75.25,150.5,113.61351339453832,1.5098134098375398,0.7549067049187699
OP0733,2,C0917;C0974,726,B0727,0.6922398098411343,4.0,0.05792536107278997,0.25,0.7682985557088401,0.33059175529784,85.0,170.0,108.14008894368254,1.2722363405139123,0.6361181702569562
OP0734,2,C0918;C1990,437,B0438,0.17024172508916305,6.0,0.015606892745893247,0.55,0.9716238313711032,0.3549907883773116,81.25,162.5,122.34956953370316,1.5058283170815525,0.7529141585407763
OP0735,2,C0919;C1910,437,B0438,0.23679193024505094,6.0,0.10063614424004659,0.55,0.8170251922908244,0.3364389516876781,79.25,158.5,119.34573187660592,1.506014439095562,0.753007219547781
OP0736,2,C0924;C0984,1315,B1316,0.8302728945174837,2.0,0.16701379315444073,0.4,0.5824655171138982,0.30829179066644696,85.0,170.0,118.2535054993487,1.3912177117570437,0.6956088558785218
OP0737,3,C0925;C0996;C2005,704,B0705,0.44569124262026216,4.0,0.05126527134562551,0.25,0.794938914617498,0.41286533944798154,85.0,255.0,166.16375850057142,1.954867747065546,0.651622582355182
OP0738,3,C0928;C0931;C1997,186,B0187,0.5252002855773156,10.0,0.07205774331267187,0.25,0.7117690267493125,0.40288495290379933,85.0,255.0,169.23010281675948,1.9909423860795235,0.6636474620265078
OP0739,3,C0929;C1988;C1996,186,B0187,0.36431902243501413,10.0,0.08192097619767186,0.25,0.6723160952093126,0.39815060111899925,85.0,255.0,175.2154436812889,2.0613581609563396,0.6871193869854465
OP0740,3,C0932;C1976;C1980,22,B0023,3.458712955127229,73.0,0.12081461395871496,0.4,0.6979634651032126,0.4012282855062673,85.0,255.0,182.66428919390205,2.1489916375753184,0.7163305458584395
OP0741,2,C0939;C2008,391,B0392,1.5444085602208124,5.0,0.0,0.25,1.0,0.3583959286127792,85.0,170.0,98.50300845264283,1.1588589229722686,0.5794294614861343
OP0742,2,C0943;C2010,183,B0184,1.0910740857243537,9.0,0.0,0.35,1.0,0.3583959286127792,85.0,170.0,115.02429549148916,1.3532270057822253,0.6766135028911127
OP0743,2,C0944;C0949,288,B0289,0.9984568084367977,10.0,0.11439406309107852,0.55,0.7920107943798572,0.33343722393836206,79.75,159.5,120.32372326993922,1.5087601029646045,0.7543800514823022
OP0744,2,C0946;C0948,366,B0367,0.11411902232423632,6.0,0.04299164362192763,0.55,0.9218333752328589,0.34901593364072225,80.0,160.0,120.33003747957574,1.5041178126293273,0.7520589063146637
OP0745,4,C0828;C0947;C1791;C2032,318,B0319,2.885887443971179,8.0,0.23569969926553827,0.35,0.3265722878127477,0.3409805317630882,85.0,340.0,232.07349190475145,2.730276375350017,0.6825690938375043
OP0746,2,C0850;C0950,288,B0289,1.1608280529407833,10.0,0.15895950682505727,0.55,0.7109827148635323,0.32371385439640304,78.25,156.5,117.97700629554947,1.507710046926578,0.753855023463289
OP0747,3,C0778;C0956;C1983,266,B0267,0.1431203424825459,8.0,0.15599133941373608,0.35,0.5543104588178969,0.3839899247520294,85.0,255.0,161.84013716000186,1.9040016136470808,0.6346672045490269
OP0748,2,C0957;C1961,366,B0367,0.1778173823362836,6.0,0.1669991012512292,0.55,0.6963652704523107,0.3219597610670565,80.75,161.5,121.64018788692589,1.5063735740746682,0.7531867870373341
OP0749,3,C0716;C0960;C0962,266,B0267,0.22759106552507632,8.0,0.160798775846401,0.35,0.54057492615314,0.3823416608322585,85.0,255.0,158.5045025910717,1.8647588540126083,0.6215862846708694
OP0750,3,C0961;C1777;C2027,265,B0266,2.4305034103836483,7.0,0.08553215315956383,0.4,0.7861696171010905,0.4118130237460126,85.0,255.0,173.85571808880732,2.045361389280086,0.6817871297600288
OP0751,3,C0963;C1901;C1985,842,B0843,4.020356371400609,5.0,0.16979877766673152,0.25,0.32080488933307394,0.3559692564138506,84.5,253.5,187.44475037818773,2.2185339559307025,0.7395113186435675
OP0752,2,C0964;C2042,454,B0455,1.4483097962615308,5.0,0.05935832574151022,0.25,0.7625666970339591,0.32990393225685427,85.0,170.0,123.16473036907243,1.4489968278714402,0.7244984139357201
OP0753,2,C0696;C0965,932,B0933,2.9844605386640763,4.0,0.0,0.55,1.0,0.3583959286127792,82.0,164.0,123.00399530576478,1.5000487232410338,0.7500243616205169
OP0754,3,C0966;C0973;C2033,165,B0166,1.4960528477134611,12.0,0.07462574523017662,0.35,0.7867835850566383,0.4118866999006784,85.0,255.0,157.92125914528668,1.8578971664151376,0.6192990554717125
OP0755,3,C0967;C0968;C2037,593,B0594,3.455876498443125,5.0,0.06440439117574263,0.25,0.7423824352970294,0.40655856192952533,85.0,255.0,183.5772091211767,2.1597318720138436,0.7199106240046146
OP0756,3,C0972;C1832;C1854,770,B0771,1.1553585571120277,5.0,0.11187037947747366,0.35,0.6803703443500753,0.39911711101589076,85.0,255.0,167.66257206164633,1.9725008477840746,0.6575002825946915
OP0757,2,C0977;C2045,770,B0771,0.7798404090773566,5.0,0.2228413808585251,0.55,0.5948338529844999,0.3097759909709192,81.25,162.5,122.34978329847172,1.5058187493642357,0.7529093746821178
OP0758,3,C0978;C0981;C2046,23,B0024,0.20791756103635564,60.0,0.03297318763948254,0.35,0.9057908924586213,0.42616757678891637,85.0,255.0,184.55809349561787,2.1712716881837393,0.7237572293945798
OP0759,2,C0979;C1405,239,B0240,0.7259916081343627,9.0,0.20124264158252472,0.55,0.6341042880317733,0.31448844317659197,74.5,149.0,112.1879488338239,1.5057641889200957,0.7528820944600478
OP0760,2,C0980;C2039,521,B0522,1.4758063851226577,5.0,0.0,0.35,1.0,0.3583959286127792,85.0,170.0,114.71193337394841,1.3495521573405695,0.6747760786702848
OP0761,3,C0976;C0982;C2048,23,B0024,0.2243901086997936,60.0,0.1147414987021783,0.35,0.6721671465652048,0.39813272728170634,85.0,255.0,183.67382632000852,2.160868544941277,0.7202895149804256
OP0762,3,C0985;C2047;C2051,391,B0392,0.20147311316650438,5.0,0.19233865543481102,0.35,0.4504609844719685,0.371527987830518,85.0,255.0,183.10285655254313,2.1541512535593306,0.7180504178531102
OP0763,3,C0987;C1809;C2055,23,B0024,2.5011449603031375,60.0,0.14449589770087853,0.25,0.42201640919648586,0.3681146387974601,85.0,255.0,167.65238855684342,1.9723810418452166,0.6574603472817389
OP0764,2,C0989;C0992,239,B0240,0.03877261611838913,9.0,0.01011362237646244,0.55,0.9816115956791592,0.3561893200942783,80.5,161.0,121.04307677551978,1.5036407052859602,0.7518203526429801
OP0765,3,C0990;C2049;C2060,420,B0421,0.8940549555610264,5.0,0.1961320500735832,0.4,0.509669874816042,0.37863305467180675,84.16666666666667,252.5,189.8844217798881,2.256087718763313,0.7520292395877709
OP0766,3,C0991;C1958;C2064,28,B0029,1.0461598151718328,56.0,0.1009060982965154,0.35,0.711696862009956,0.40287629313507645,85.0,255.0,157.1779767887472,1.8491526681029082,0.6163842227009694
OP0767,3,C0888;C0993;C1955,308,B0309,2.344000503266312,8.0,0.14944233590528846,0.25,0.40223065637884614,0.36574034845934333,85.0,255.0,169.73967235254264,1.9969373217946194,0.6656457739315398
OP0768,2,C0995;C2062,420,B0421,0.6202384251664425,5.0,0.17136087008903939,0.55,0.6884347816562921,0.3210081024115342,82.0,164.0,123.54202600980896,1.5066183383638554,0.7533091691819277
OP0769,2,C1002;C1003,608,B0609,4.553335547981689,6.0,0.0,0.55,1.0,0.3583959286127792,82.0,164.0,123.73958389012412,1.509019315733221,0.7545096578666105
OP0770,3,C1007;C1125;C1158,320,B0321,0.24164994272073656,13.0,0.13781456975671894,0.35,0.6062440864093744,0.3902219600630067,85.0,255.0,153.87899421914096,1.810341108460482,0.6034470361534939
OP0771,3,C1006;C1011;C1118,238,B0239,0.42820252405857284,15.0,0.21502863474664113,0.4,0.4624284131333972,0.3729640792698894,85.0,255.0,174.49798915551273,2.0529175194766203,0.68430583982554
OP0772,3,C1013;C1037;C1173,99,B0100,1.1203267459461148,34.0,0.20987337644237797,0.35,0.4003617815932058,0.3655160834850665,85.0,255.0,151.63687356570654,1.7839632184200767,0.5946544061400255
OP0773,3,C0015;C0998;C1022,238,B0239,0.7218985087954937,15.0,0.21193702863047187,0.35,0.39446563248436606,0.3648085455920057,85.0,255.0,159.62366713977644,1.877925495762076,0.6259751652540253
OP0774,3,C1025;C1029;C1056,45,B0046,1.3997784039384495,64.0,0.2522109779440238,0.4,0.3694725551399405,0.36180937631067456,85.0,255.0,154.72149449178644,1.8202528763739583,0.6067509587913195
OP0775,2,C1026;C1030,641,B0642,1.9101843590574439,4.0,0.0,0.55,1.0,0.3583959286127792,85.0,170.0,126.28784844161767,1.485739393430796,0.742869696715398
OP0776,2,C1027;C1080,79,B0080,1.4670099714104048,34.0,0.11054700918745451,0.25,0.5578119632501819,0.305333364202801,85.0,170.0,83.22775353807623,0.9791500416244263,0.48957502081221316
OP0777,2,C1028;C1042,45,B0046,1.9302013455606868,64.0,0.13691051366444182,0.4,0.6577237158388956,0.31732277451344665,85.0,170.0,118.7469121196327,1.3970224955250905,0.6985112477625453
OP0778,3,C0051;C1031;C1033,96,B0097,0.26384275390821565,34.0,0.24722797646562614,0.35,0.2936343529553539,0.35270879204852423,85.0,255.0,155.31134337653438,1.8271922750180516,0.6090640916726838
OP0779,3,C1032;C1035;C1130,96,B0097,0.9371462293854481,34.0,0.13241471520995488,0.25,0.4703411391601805,0.37391360639310345,85.0,255.0,145.87684414619912,1.716198166425872,0.5720660554752907
OP0780,3,C0014;C1034;C1039,45,B0046,1.6897533813314511,64.0,0.24672333999029838,0.4,0.38319165002425404,0.3634556676967923,85.0,255.0,166.69961900034053,1.9611719882393004,0.6537239960797668
OP0781,3,C1053;C1144;C1185,79,B0080,0.6382984499809742,34.0,0.1569825777774993,0.4,0.6075435555562518,0.3903778963606319,85.0,255.0,159.40315835067514,1.8753312747138253,0.6251104249046084
OP0782,3,C1008;C1057;C1089,45,B0046,1.3759519106900955,64.0,0.12059441835294014,0.25,0.5176223265882394,0.37958734888447043,85.0,255.0,137.17367089039323,1.6138078928281556,0.5379359642760518
OP0783,3,C0017;C1065;C1074,96,B0097,0.6973683049914386,34.0,0.1889415409269396,0.35,0.4601670259230297,0.37269271280464533,85.0,255.0,158.91879229582543,1.8696328505391224,0.6232109501797075
OP0784,2,C0027;C1066,99,B0100,0.7203918603112525,34.0,0.07466016504518426,0.35,0.786685242728045,0.3327981577401446,85.0,170.0,101.32616053691456,1.1920724769048774,0.5960362384524387
OP0785,2,C1071;C1076,1353,B1354,1.2324278267953541,2.0,0.0,0.55,1.0,0.3583959286127792,85.0,170.0,115.02700367213959,1.3532588667310539,0.6766294333655269
OP0786,3,C1073;C1184;C1186,79,B0080,0.9862362780559559,34.0,0.12612212128786543,0.4,0.6846946967803365,0.3996360333075222,85.0,255.0,152.94869606271828,1.799396424267274,0.5997988080890914
OP0787,3,C1015;C1075;C1108,129,B0130,1.3667971568486599,22.0,0.22863430100308313,0.4,0.4284142474922922,0.36888237939295676,85.0,255.0,143.29140823790476,1.6857812733871147,0.5619270911290383
OP0788,3,C0112;C1077;C1078,79,B0080,1.1562700691409091,34.0,0.21544238877366736,0.4,0.46139402806583163,0.3728399530617815,85.0,255.0,141.108564030397,1.6601007532987884,0.5533669177662628
OP0789,3,C1085;C1100;C1112,45,B0046,0.4674786035855781,64.0,0.1419151253710816,0.35,0.5945282132254811,0.38881605528093943,85.0,255.0,144.7599620012163,1.7030583764848979,0.567686125494966
OP0790,2,C0077;C1086,551,B0552,3.733874283724984,5.0,0.0,0.55,1.0,0.3583959286127792,82.0,164.0,123.73958389012412,1.509019315733221,0.7545096578666105
OP0791,3,C1090;C1092;C1093,99,B0100,0.42371714509747604,34.0,0.03254087638760689,0.35,0.9070260674639803,0.4263157977895594,85.0,255.0,143.05138085784296,1.6829574218569763,0.5609858072856587
OP0792,2,C1094;C1095,99,B0100,0.4463232959753838,34.0,0.03437075837120011,0.35,0.9017978332251425,0.3466116685997963,85.0,170.0,92.77682149944678,1.0914920176405505,0.5457460088202752
OP0793,3,C1096;C1101;C1121,778,B0779,0.570263239395,7.0,0.06963159020781272,0.35,0.8010525994062494,0.41359898162263165,85.0,255.0,148.25343831713155,1.7441580978486064,0.5813860326162021
OP0794,3,C1097;C1098;C1109,99,B0100,0.15414562195681103,34.0,0.11755480252174955,0.35,0.6641291356521442,0.397168165972139,85.0,255.0,144.93262157449502,1.7050896655822942,0.5683632218607647
OP0795,2,C1116;C1120,991,B0992,0.2427109756801158,7.0,0.08418545279391292,0.55,0.8469355403747039,0.34002819345774365,85.0,170.0,120.87877738605215,1.4221032633653192,0.7110516316826596
OP0796,2,C1117;C1123,324,B0325,0.7785764693826897,13.0,0.0901044392672859,0.35,0.7425587449506117,0.3275029780068526,85.0,170.0,92.64822088393154,1.089979069222724,0.544989534611362
OP0797,2,C1124;C1128,105,B0106,0.7208061632691289,13.0,0.0,0.55,1.0,0.3583959286127792,85.0,170.0,93.02910221496012,1.0944600260583544,0.5472300130291772
OP0798,2,C1052;C1127,608,B0609,4.553335547981689,6.0,0.0,0.55,1.0,0.3583959286127792,82.0,164.0,123.73958389012412,1.509019315733221,0.7545096578666105
OP0799,2,C1133;C1176,1382,B1383,3.1034470009578037,2.0,0.14172979604217614,0.55,0.7423094617414979,0.3274730640217589,85.0,170.0,99.81696113324813,1.174317189802919,0.5871585949014595
OP0800,3,C0007;C1001;C1136,252,B0253,0.5430602775268945,16.0,0.21914741215111888,0.35,0.3738645367110889,0.36233641409921236,85.0,255.0,156.4600304562209,1.8407062406614223,0.6135687468871408
OP0801,2,C0011;C1143,671,B0672,4.436489184040315,4.0,0.0,0.55,1.0,0.3583959286127792,82.0,164.0,123.73958389012412,1.509019315733221,0.7545096578666105
OP0802,2,C1051;C1148,1459,B1460,4.882000590691757,2.0,0.0,0.55,1.0,0.3583959286127792,82.0,164.0,123.73958389012412,1.509019315733221,0.7545096578666105
OP0803,2,C1152;C1155,324,B0325,2.295025454580584,13.0,0.07345088970066187,0.25,0.7061964411973525,0.3231395015564615,85.0,170.0,89.36733990549746,1.0513804694764408,0.5256902347382204
OP0804,3,C0093;C1021;C1156,238,B0239,0.3247588130174264,15.0,0.2428967204061385,0.35,0.30600937026817565,0.3541937941260628,85.0,255.0,169.60327129918963,1.995332603519878,0.6651108678399593
OP0805,3,C1159;C1160;C1165,99,B0100,0.5864900501069293,34.0,0.02744588552863398,0.35,0.921583184203903,0.4280626517983501,85.0,255.0,154.11281812770838,1.81309197797304,0.6043639926576799
OP0806,3,C1049;C1154;C1164,79,B0080,1.6162530279402,34.0,0.22679026666032634,0.4,0.4330243333491842,0.36943558969578383,85.0,255.0,132.58345902828916,1.5598054003328137,0.5199351334442712
OP0807,2,C1168;C1178,589,B0590,2.684199510542883,8.0,0.23370668919446727,0.55,0.5750787469191505,0.30740537824307723,85.0,170.0,110.43904006442634,1.2992828242873686,0.6496414121436843
OP0808,2,C1175;C1180,589,B0590,2.273590868993811,8.0,0.04586030299886839,0.55,0.9166176309111485,0.348390044322117,85.0,170.0,120.78858144947564,1.4210421346997135,0.7105210673498568
OP0809,3,C0109;C1177;C1179,79,B0080,0.6865586135858942,34.0,0.09530030851849292,0.4,0.7617492287037677,0.40888257713833387,85.0,255.0,156.96536989508314,1.8466514105303902,0.6155504701767968
OP0810,2,C1189;C1190,67,B0068,0.37215189752175326,27.0,0.1213702958477249,0.25,0.5145188166091004,0.3001381866058712,85.0,170.0,70.81524191526125,0.8331204931207206,0.4165602465603603
OP0811,3,C0122;C1187;C1191,20,B0021,1.5578544626433775,77.0,0.03841540182692478,0.35,0.8902417090659291,0.42430167478179326,85.0,255.0,118.20592509238641,1.3906579422633696,0.4635526474211232
OP0812,2,C1200;C1203,67,B0068,2.3628978545735606,27.0,0.0663557606003715,0.25,0.7345769575985139,0.32654516352460083,85.0,170.0,71.36896266695027,0.8396348549052972,0.4198174274526486
OP0813,3,C1201;C1207;C1209,301,B0302,2.0944866374334756,13.0,0.10996813400705258,0.4,0.7250796649823685,0.40448222949176593,85.0,255.0,143.08677055223183,1.6833737712027275,0.5611245904009091
OP0814,3,C1208;C1223;C1313,967,B0968,0.12325206139847422,4.0,0.16875410293774776,0.4,0.5781147426556306,0.3868464388125574,85.0,255.0,135.60595562202928,1.59536418378858,0.5317880612628599
OP0815,3,C1213;C1307;C1308,832,B0833,1.0448079380080229,4.0,0.10677944330673497,0.35,0.6949158762664716,0.4008625748458584,85.0,255.0,146.22395408170422,1.7202818127259318,0.573427270908644
OP0816,2,C1214;C1215,227,B0228,0.6449699935178854,7.0,0.0,0.55,1.0,0.3583959286127792,85.0,170.0,99.64860840659699,1.1723365694893764,0.5861682847446882
OP0817,2,C1225;C1228,971,B0972,0.9289333346304607,4.0,0.11908683804973953,0.25,0.5236526478010419,0.3012342463489042,85.0,170.0,77.09857832185511,0.9070420979041778,0.4535210489520889
OP0818,2,C0192;C1227,120,B0121,0.5887602955593707,17.0,0.15545944548102128,0.4,0.6113513862974469,0.31175809496847284,85.0,170.0,98.70241147309385,1.1612048408599276,0.5806024204299638
OP0819,2,C1233;C1259,424,B0425,0.3265665493562523,6.0,0.1099036974407122,0.25,0.5603852102371512,0.30564215384123733,85.0,170.0,71.61075253105298,0.8424794415417998,0.4212397207708999
OP0820,3,C1235;C1237;C1241,444,B0445,0.7159676218514233,6.0,0.07800418525930908,0.25,0.6879832589627637,0.4000306607694134,85.0,255.0,118.98776293373575,1.3998560345145383,0.46661867817151276
OP0821,3,C1216;C1239;C1240,51,B0052,1.4676481955496603,33.0,0.10621256670224936,0.35,0.696535523707859,0.4010569325388248,85.0,255.0,144.2628603458925,1.6972101217163824,0.5657367072387941
OP0822,2,C1242;C1331,1342,B1343,2.698681751414005,2.0,0.10107384458613856,0.25,0.5957046216554458,0.3098804832114327,85.0,170.0,75.75586343556132,0.8912454521830744,0.4456227260915372
OP0823,2,C1253;C1304,67,B0068,1.372040007096337,27.0,0.058084876478744975,0.25,0.7676604940850201,0.3305151879029816,85.0,170.0,65.21572797130264,0.7672438584859136,0.3836219292429568
OP0824,3,C0140;C0153;C1254,20,B0021,1.698240620582879,77.0,0.1690371966168867,0.25,0.32385121353245316,0.3563348153177761,85.0,255.0,120.80647194102865,1.4212526110709254,0.4737508703569751
OP0825,2,C1255;C1297,368,B0369,1.5306342770331947,4.0,0.0,0.55,1.0,0.3583959286127792,85.0,170.0,118.88460793593985,1.3986424463051748,0.6993212231525874
OP0826,3,C1257;C1265;C1268,20,B0021,3.0517586097032052,77.0,0.019970229010111355,0.25,0.9201190839595546,0.42788695976902835,85.0,255.0,102.85905026935131,1.2101064737570746,0.4033688245856915
OP0827,2,C1271;C1293,928,B0929,5.249425812937004,3.0,0.0,0.55,1.0,0.3583959286127792,81.0,162.0,121.82724756205644,1.5040400933587215,0.7520200466793607
OP0828,2,C1280;C1296,933,B0934,2.0471168344103274,4.0,0.11860069960575936,0.25,0.5255972015769625,0.3014675928020147,85.0,170.0,67.54318726254976,0.7946257325005855,0.3973128662502928
OP0829,2,C1282;C1284,67,B0068,1.0501774153100492,27.0,0.048967253714344135,0.25,0.8041309851426235,0.33489164682989403,85.0,170.0,65.11397075951413,0.7660467148178134,0.3830233574089067
OP0830,2,C1285;C1287,67,B0068,1.9469958055296557,27.0,0.0,0.25,1.0,0.3583959286127792,85.0,170.0,64.6218223773512,0.7602567338511905,0.38012836692559526
OP0831,2,C1299;C1300,67,B0068,2.1637380955688172,27.0,0.01278966713291223,0.25,0.948841331468351,0.3522568883889813,85.0,170.0,69.85044024573318,0.8217698852439197,0.41088494262195985
OP0832,2,C1316;C1321,559,B0560,0.6380187808866201,4.0,0.1410961732765522,0.35,0.596868076352708,0.31002009777510414,85.0,170.0,76.36053927994793,0.8983592856464462,0.4491796428232231
OP0833,2,C1320;C1323,559,B0560,0.8139720420390508,4.0,0.0,0.35,1.0,0.3583959286127792,85.0,170.0,76.23411452040125,0.8968719355341324,0.4484359677670662
OP0834,2,C1340;C1529,463,B0464,0.23133054582432944,6.0,0.27149463664364,0.55,0.5063733879206547,0.29916073516325775,82.25,164.5,123.5711590913452,1.502386286312865,0.7511931431564325
OP0835,2,C0337;C1346,7,B0008,2.6997447000151404,95.0,0.0,0.55,1.0,0.3583959286127792,82.5,165.0,123.94974567736782,1.5024211597256705,0.7512105798628352
OP0836,2,C0404;C1347,7,B0008,2.6997447000151404,95.0,0.0,0.55,1.0,0.3583959286127792,82.5,165.0,123.94974567736782,1.5024211597256705,0.7512105798628352
OP0837,2,C1353;C1448,306,B0307,1.125233535761127,7.0,0.07152844974625866,0.55,0.8699482731886207,0.34278972139541364,85.0,170.0,123.05262098290444,1.447677893916523,0.7238389469582615
OP0838,2,C1354;C1524,34,B0035,2.065367905335911,29.0,0.14088217851749452,0.35,0.5974794899500157,0.31009346740678106,85.0,170.0,97.66757330548919,1.1490302741822258,0.5745151370911129
OP0839,3,C0400;C1356;C1534,7,B0008,1.078333740337252,95.0,0.2565910907401774,0.4,0.35852227314955654,0.3604953424718286,85.0,255.0,166.46967492837803,1.958466763863271,0.6528222546210903
OP0840,2,C1357;C1434,12,B0013,0.40471992134207513,90.0,0.16662778031602127,0.55,0.697040399425416,0.3220407765438291,78.0,156.0,117.559906743634,1.5071567329794977,0.7535783664897489
OP0841,2,C1360;C1361,12,B0013,0.16478309443944,90.0,0.20501412426278692,0.55,0.6272470467949329,0.31366557422817115,77.25,154.5,116.55377057191048,1.5087877475749738,0.7543938737874869
OP0842,2,C1363;C1372,152,B0153,0.34350916706354045,10.0,0.09330184613172979,0.55,0.8303602797604913,0.3380391621840382,83.5,167.0,125.85448971680489,1.5072348902271546,0.7536174451135773
OP0843,2,C1364;C1399,7,B0008,2.2836187478861403,95.0,0.015204898252604897,0.55,0.9723547304498092,0.3550784962667563,85.0,170.0,109.1916439016719,1.284607575313787,0.6423037876568936
OP0844,2,C1365;C1585,36,B0037,1.3029637464724884,33.0,0.09835268375850194,0.35,0.7189923321185658,0.3246750084670071,85.0,170.0,98.72515497905013,1.161472411518237,0.5807362057591186
OP0845,2,C0278;C1375,7,B0008,2.6997447000151404,95.0,0.0,0.55,1.0,0.3583959286127792,82.5,165.0,123.94974567736782,1.5024211597256705,0.7512105798628352
OP0846,2,C1376;C1378,164,B0165,0.42056011413755723,13.0,0.2441792444771791,0.55,0.5560377373142198,0.3051204570904856,84.25,168.5,126.77699634350674,1.5047715965592592,0.7523857982796296
OP0847,2,C1377;C1379,363,B0364,1.5677630844781527,4.0,0.14594825501495504,0.35,0.583004985671557,0.308356526893366,85.0,170.0,104.9458753220932,1.2346573567305081,0.6173286783652541
OP0848,3,C0303;C1380;C1427,36,B0037,0.42530563089464646,33.0,0.14514604552342605,0.35,0.5852970127902113,0.3877083112287071,85.0,255.0,164.36676036931354,1.9337265925801592,0.644575530860053
OP0849,2,C1369;C1382,12,B0013,0.9274238428369446,90.0,0.2184683470276647,0.4,0.4538291324308382,0.29285542450447977,84.25,168.5,127.08072130346754,1.5083684431657636,0.7541842215828818
OP0850,2,C1389;C1396,12,B0013,0.8545428197578866,90.0,0.17815250213928427,0.55,0.6760863597467559,0.3195262917823899,83.0,166.0,124.95309189165539,1.5054589384536794,0.7527294692268397
OP0851,2,C1391;C1392,253,B0254,0.7075437417283419,9.0,0.14260505198516407,0.4,0.6434873700370898,0.31561441301723,85.0,170.0,122.61705156694798,1.4425535478464468,0.7212767739232234
OP0852,2,C1400;C1457,12,B0013,0.7946813918644474,90.0,0.19467319386648302,0.55,0.6460487384245763,0.3159217772237284,82.25,164.5,123.9129662732354,1.5065351323498104,0.7532675661749052
OP0853,3,C1404;C1566;C1567,34,B0035,0.7346569750208615,29.0,0.09620500859419395,0.35,0.7251285468737316,0.40448809531872953,85.0,255.0,164.01541806479997,1.9295931537035291,0.6431977179011764
OP0854,3,C0294;C1412;C1413,392,B0393,0.3073724390617791,6.0,0.22101684286753293,0.35,0.36852330609276307,0.36169546642501327,85.0,255.0,179.29931264403268,2.1094036781650907,0.7031345593883636
OP0855,3,C1414;C1418;C1424,306,B0307,1.3419062458768165,7.0,0.09855627026592062,0.4,0.7536093243351984,0.40790578861410554,84.83333333333333,254.5,190.6384562668012,2.247217907345859,0.7490726357819529
OP0856,2,C1415;C1480,283,B0284,0.17880679978661307,8.0,0.1849266472584832,0.4,0.537683381853792,0.30291793443523424,85.0,170.0,117.7586538723079,1.3853959279095047,0.6926979639547524
OP0857,3,C1417;C1518;C1519,7,B0008,2.421178652241445,95.0,0.13589401200907988,0.4,0.6602649699773003,0.39670446609115784,85.0,255.0,176.1942473626074,2.0728734983836166,0.6909578327945388
OP0858,3,C1395;C1422;C1428,7,B0008,2.7583368578493572,95.0,0.1019423868394548,0.4,0.745144032901363,0.4068899536420453,85.0,255.0,176.48073364375028,2.0762439252205915,0.6920813084068639
OP0859,2,C1425;C1532,616,B0617,0.8337883063819367,4.0,0.1291008705331618,0.4,0.6772478236670956,0.31966566745283065,85.0,170.0,127.1809610607917,1.4962466007151964,0.7481233003575982
OP0860,2,C1432;C1581,400,B0401,0.7902326047132078,5.0,0.11425588499916729,0.35,0.6735546142880935,0.3192224823273504,85.0,170.0,98.54217447161909,1.1593196996661068,0.5796598498330534
OP0861,3,C1433;C1445;C1446,36,B0037,0.731974330918335,33.0,0.13837605557071542,0.35,0.6046398412265274,0.390029450641065,85.0,255.0,168.29835187613034,1.9799806103074158,0.6599935367691386
OP0862,2,C1349;C1440,329,B0330,0.7225979647166193,5.0,0.117158591237544,0.35,0.6652611678927314,0.318227268759907,85.0,170.0,107.10099030294461,1.2600116506228778,0.6300058253114389
OP0863,2,C1449;C1456,943,B0944,0.9641608910442303,4.0,0.19366534598921262,0.4,0.5158366350269685,0.3002963248160154,85.0,170.0,115.3627154009508,1.357208416481774,0.678604208240887
OP0864,2,C1411;C1450,943,B0944,0.44155593935682147,4.0,0.187563193154744,0.35,0.4641051624150171,0.2940885481025812,85.0,170.0,115.75537679967091,1.3618279623490697,0.6809139811745348
OP0865,2,C1455;C1478,7,B0008,2.6997447000151404,95.0,0.0,0.55,1.0,0.3583959286127792,82.5,165.0,123.94974567736782,1.5024211597256705,0.7512105798628352
OP0866,3,C0226;C1339;C1465,31,B0032,1.7846880041321571,34.0,0.08841019856895276,0.35,0.747399432660135,0.40716060161309797,85.0,255.0,155.8308988318738,1.8333046921396918,0.6111015640465639
OP0867,3,C1416;C1468;C1530,285,B0286,0.5931666759234205,9.0,0.21172586806451624,0.35,0.3950689483870964,0.3648809435003333,85.0,255.0,180.13038713065785,2.119181025066563,0.7063936750221876
OP0868,2,C1469;C1934,10,B0011,0.5598206310512731,89.0,0.07963695431970368,0.4,0.8009076142007409,0.3345048423168681,85.0,170.0,127.95769540931116,1.5053846518742489,0.7526923259371244
OP0869,3,C1472;C1496;C1500,31,B0032,0.7849941563762051,34.0,0.047211157089104644,0.35,0.8651109797454153,0.42128598726333155,85.0,255.0,158.48242832438424,1.8644991567574616,0.6214997189191539
OP0870,2,C1476;C1477,315,B0316,0.8861071722847654,6.0,0.05554451816439791,0.4,0.8611387045890052,0.34173257316345984,85.0,170.0,122.36581466979065,1.4395978196445958,0.7197989098222979
OP0871,3,C1481;C1484;C1485,285,B0286,1.580698754956951,9.0,0.17205337172665658,0.4,0.5698665706833586,0.38585665817588477,85.0,255.0,177.50261826448684,2.0882660972292566,0.6960886990764189
OP0872,2,C1397;C1482,930,B0931,0.24317298103917798,4.0,0.19570054944436308,0.4,0.5107486263890924,0.29968576377947026,85.0,170.0,116.99422003694004,1.3764025886698827,0.6882012943349414
OP0873,2,C1483;C1487,274,B0275,0.6587423819425486,7.0,0.1920435318460467,0.55,0.650829942098097,0.31649552166455086,76.5,153.0,115.22122002855491,1.5061778811168134,0.7530889405584067
OP0874,2,C1499;C1507,36,B0037,0.7601398593716442,33.0,0.15896583420918525,0.35,0.5458119022594707,0.30389335688391567,85.0,170.0,99.16706307388003,1.1666713302809415,0.5833356651404707
OP0875,2,C1512;C1533,306,B0307,1.1170208221486617,7.0,0.22652903743494293,0.55,0.5881290228455583,0.3089714113542462,83.75,167.5,126.0558559104422,1.5051796070834804,0.7525898035417402
OP0876,3,C0416;C1345;C1514,34,B0035,0.7568221589962436,29.0,0.12048803342304865,0.35,0.6557484759341468,0.3961624868059793,85.0,255.0,159.52790050692025,1.8767988294931794,0.6255996098310598
OP0877,2,C1516;C1550,253,B0254,0.8376139271537764,9.0,0.15388353951082093,0.4,0.6152911512229478,0.31223086675953293,85.0,170.0,116.94549122007464,1.3758293084714663,0.6879146542357332
OP0878,2,C1517;C1526,315,B0316,0.6717988638213608,6.0,0.03750153851704802,0.4,0.9062461537073799,0.3471454670576648,85.0,170.0,119.42965708264194,1.4050547892075524,0.7025273946037762
OP0879,3,C0342;C0393;C1522,31,B0032,1.3654858593947894,34.0,0.05120953839274871,0.35,0.8536870331635751,0.41991511367351075,85.0,255.0,154.00836122906998,1.811863073283176,0.6039543577610587
OP0880,2,C0232;C1527,7,B0008,2.6997447000151404,95.0,0.0,0.55,1.0,0.3583959286127792,82.5,165.0,123.94974567736782,1.5024211597256705,0.7512105798628352
OP0881,2,C1535;C1544,463,B0464,0.3955040916787149,6.0,0.17918407917225307,0.55,0.674210765141358,0.3193012204297422,82.5,165.0,124.46518172164599,1.5086734869054697,0.7543367434527348
OP0882,2,C1536;C1541,463,B0464,0.3824531769270238,6.0,0.23863799673676164,0.55,0.566112733205888,0.3063294565974857,83.25,166.5,125.41430918008112,1.5064294483049787,0.7532147241524894
OP0883,2,C1540;C1552,333,B0334,0.6138477433174162,6.0,0.034351930050701404,0.55,0.9375419453623611,0.35090096205626253,83.5,167.0,125.76523612041868,1.5061704924601038,0.7530852462300519
OP0884,2,C1542;C1546,7,B0008,2.6997447000151404,95.0,0.0,0.55,1.0,0.3583959286127792,82.5,165.0,123.94974567736782,1.5024211597256705,0.7512105798628352
OP0885,2,C1553;C2034,279,B0280,2.2921929397753242,8.0,0.22042609999072532,0.55,0.5992252727441358,0.31030296134207547,84.5,169.0,126.87082057285718,1.5014362231353373,0.7507181115676687
OP0886,2,C1557;C2011,1311,B1312,0.16880750982795256,2.0,0.03840338336456731,0.4,0.9039915415885817,0.346874913603409,85.0,170.0,123.70987975241965,1.4554103500284663,0.7277051750142332
OP0887,2,C0405;C1564,7,B0008,2.6997447000151404,95.0,0.0,0.55,1.0,0.3583959286127792,82.5,165.0,123.94974567736782,1.5024211597256705,0.7512105798628352
OP0888,2,C0376;C1568,872,B0873,3.2730865168980254,3.0,0.21011197303146395,0.4,0.4747200674213402,0.29536233670334,85.0,170.0,120.21046740598207,1.4142407930115537,0.7071203965057768
OP0889,3,C0436;C1580;C1582,596,B0597,0.21697447760540098,3.0,0.20048105211283224,0.35,0.42719699396333644,0.36873630896948206,85.0,255.0,163.46587926953475,1.9231279914062915,0.6410426638020972
OP0890,3,C1569;C1571;C1588,34,B0035,0.466456360095533,29.0,0.16493356111502605,0.35,0.5287612539570684,0.38092402016872995,85.0,255.0,159.10285472513476,1.8717982908839383,0.6239327636279794
OP0891,3,C0413;C1555;C1592,34,B0035,0.12939597825308466,29.0,0.1322125943200632,0.35,0.6222497305141051,0.3921426373555744,85.0,255.0,163.9362433585286,1.928661686570925,0.642887228856975
OP0892,3,C0556;C1599;C1660,161,B0162,2.710537361151613,10.0,0.09653713210348719,0.25,0.6138514715860512,0.3911348462842079,85.0,255.0,175.49860850813138,2.064689511860369,0.6882298372867898
OP0893,3,C1606;C1745;C1749,29,B0030,0.2516477983834062,43.0,0.23744342057862627,0.4,0.40639144855343434,0.3662396435202938,85.0,255.0,183.31852987988358,2.1566885868221597,0.7188961956073866
OP0894,3,C1608;C1610;C1612,29,B0030,0.6429505915470544,43.0,0.0563944947241127,0.35,0.8388728722168208,0.41813741435990026,85.0,255.0,172.82397420144963,2.033223225899407,0.6777410752998024
OP0895,3,C1614;C1672;C1677,168,B0169,0.7188049230161235,10.0,0.05387874115742963,0.35,0.846060739550201,0.4189999584399059,85.0,255.0,160.33406716726074,1.8862831431442442,0.6287610477147481
OP0896,3,C0618;C1634;C1664,312,B0313,1.0919375324120204,6.0,0.13586831624004847,0.25,0.4565267350398061,0.37225587789865844,85.0,255.0,169.45248524839926,1.9935586499811677,0.6645195499937225
OP0897,3,C0524;C0529;C1637,256,B0257,0.7071590324756724,7.0,0.15824229162497647,0.35,0.5478791667857814,0.38321816970817557,85.0,255.0,171.97191697329845,2.023199023215276,0.674399674405092
OP0898,3,C0534;C1642;C1645,223,B0224,0.3490158258721079,8.0,0.28196402419621996,0.4,0.29508993950945017,0.3528834624350158,84.16666666666667,252.5,189.1746817397357,2.247721862817361,0.7492406209391204
OP0899,3,C0545;C0547;C1648,71,B0072,1.0733345927427795,20.0,0.24023315230990144,0.35,0.313619564828853,0.35510701747334406,85.0,255.0,169.92879547184603,1.999162299668777,0.6663874332229257
OP0900,3,C1649;C1663;C1732,687,B0688,3.3629171673209743,3.0,0.08825461994669867,0.25,0.6469815202132053,0.3951104521194664,85.0,255.0,174.43358492705107,2.0521598226711886,0.6840532742237295
OP0901,2,C1652;C1654,566,B0567,2.1838405313905667,4.0,0.0,0.25,1.0,0.3583959286127792,85.0,170.0,95.69508975773722,1.1258245853851439,0.5629122926925719
OP0902,2,C1655;C1708,370,B0371,0.5771214635633684,5.0,0.17315740162021462,0.4,0.5671064959494635,0.3064487081267148,85.0,170.0,120.68025841147816,1.41976774601739,0.709883873008695
OP0903,2,C1657;C1706,935,B0936,3.0870882779397526,3.0,0.0,0.55,1.0,0.3583959286127792,65.0,130.0,111.08283458932091,1.7089666859895525,0.8544833429947762
OP0904,3,C0579;C1665;C1666,29,B0030,1.4962306362575715,43.0,0.14161121987859535,0.35,0.5953965146325847,0.3889202514497919,85.0,255.0,174.84589166161857,2.0570104901366886,0.6856701633788962
OP0905,2,C1628;C1667,168,B0169,2.5085341089467454,10.0,0.0,0.25,1.0,0.3583959286127792,85.0,170.0,102.89301299273562,1.2105060352086543,0.6052530176043271
OP0906,2,C1679;C1747,29,B0030,0.6471917222519413,43.0,0.15536906201299053,0.35,0.5560883942485985,0.305126535922611,85.0,170.0,123.66592585935327,1.4548932454041559,0.7274466227020779
OP0907,3,C0611;C1686;C1697,161,B0162,2.0497312454041396,10.0,0.266339172739322,0.4,0.33415206815169507,0.35757091787208517,85.0,255.0,180.32351230797647,2.121453085976194,0.7071510286587314
OP0908,2,C1687;C1719,1300,B1301,0.5731704392188319,2.0,0.22882547125312988,0.55,0.583953688630673,0.30847037124845994,83.0,166.0,125.14136968931396,1.5077161010814981,0.7538580505407491
OP0909,3,C0651;C1689;C1690,222,B0223,1.032342987947851,8.0,0.13893019617298366,0.35,0.6030565823629038,0.38983945957743016,85.0,255.0,174.63592154904632,2.054540253518192,0.6848467511727306
OP0910,3,C0560;C1692;C1693,256,B0257,0.703347947463488,7.0,0.2178696203377889,0.35,0.3775153704634603,0.362774514149497,85.0,255.0,176.43588600048292,2.0757163058880344,0.6919054352960115
OP0911,3,C0518;C0522;C1702,319,B0320,3.5229735348512055,6.0,0.0,0.25,1.0,0.43747266969388177,85.0,255.0,159.11503944840686,1.8719416405694926,0.6239805468564975
OP0912,2,C0632;C1717,525,B0526,1.7798653368149673,4.0,0.0,0.25,1.0,0.3583959286127792,85.0,170.0,102.89301299273562,1.2105060352086543,0.6052530176043271
OP0913,2,C0648;C1727,525,B0526,1.7798653368149673,4.0,0.0,0.25,1.0,0.3583959286127792,85.0,170.0,102.89301299273562,1.2105060352086543,0.6052530176043271
OP0914,3,C0666;C1730;C1736,29,B0030,2.379762334482383,43.0,0.18175109184137028,0.25,0.27299563263451887,0.350232145610024,85.0,255.0,150.82641053267602,1.7744283592079533,0.5914761197359845
OP0915,2,C1737;C1748,796,B0797,0.321493579148545,4.0,0.1765676544189804,0.55,0.6789679010563994,0.3198720767395471,82.25,164.5,123.99034670830073,1.5075202256189437,0.7537601128094719
OP0916,2,C0623;C1743,1291,B1292,0.0505957452151157,2.0,0.21632661678276457,0.4,0.4591834580430886,0.29349794357794984,85.0,170.0,119.5115783279702,1.4060185685643551,0.7030092842821776
OP0917,3,C0683;C1639;C1746,245,B0246,0.7699206656677653,8.0,0.20542312814388897,0.35,0.4130767767317458,0.36704188290169126,85.0,255.0,184.1016703346544,2.16590200393711,0.7219673346457034
OP0918,2,C1764;C1767,636,B0637,0.4586899464744686,4.0,0.07271729790930498,0.35,0.7922362916877,0.3334642836153032,85.0,170.0,105.41676982529744,1.2401972920623228,0.6200986460311614
OP0919,3,C1771;C1773;C2043,72,B0073,3.169982945739958,21.0,0.14031203947346954,0.35,0.5991084586472298,0.3893656847315493,85.0,255.0,167.12719501332765,1.9662022942744426,0.6554007647581476
OP0920,3,C0701;C1774;C1775,72,B0073,3.074820291703813,21.0,0.08390116474875382,0.35,0.760282386432132,0.4087065560657376,85.0,255.0,170.4300284553647,2.0050591582984083,0.6683530527661361
OP0921,3,C1788;C1795;C1992,286,B0287,1.9024127555758417,9.0,0.10989477354255339,0.4,0.7252630661436166,0.40450423763111576,85.0,255.0,186.43510746734208,2.1933542054981423,0.7311180684993808
OP0922,3,C0884;C1790;C1944,23,B0024,0.39303833541904193,60.0,0.2118505313178904,0.35,0.3947127676631703,0.36483820181346216,85.0,255.0,175.32668492341523,2.062666881451944,0.687555627150648
OP0923,2,C1792;C2044,918,B0919,2.920135119934089,6.0,0.0,0.55,1.0,0.3583959286127792,82.0,164.0,123.00399530576478,1.5000487232410338,0.7500243616205169
OP0924,3,C1797;C1799;C1801,927,B0928,0.09250816102844779,4.0,0.022039578297500594,0.35,0.9370297762928554,0.4299162428490244,85.0,255.0,161.5194073995254,1.9002283223473575,0.6334094407824525
OP0925,4,C0894;C1802;C1815;C1981,721,B0722,1.7051292706632282,4.0,0.16876809727635608,0.35,0.5178054363532683,0.36392850958795064,85.0,340.0,210.57588202097318,2.477363317893802,0.6193408294734505
OP0926,3,C1805;C1927;C1935,146,B0147,0.2332171130665365,13.0,0.11406451543211592,0.35,0.6741013844796688,0.398364835831442,85.0,255.0,161.03329239668722,1.8945093223139673,0.6315031074379891
OP0927,3,C0739;C1807;C2025,53,B0054,0.5026668980405867,28.0,0.1307425806765141,0.4,0.6731435483087148,0.3982498954909275,84.33333333333333,253.0,190.53586005887968,2.2593082815648744,0.7531027605216248
OP0928,3,C0930;C1808;C1999,1286,B1287,1.3342057176881523,3.0,0.19061416030552603,0.35,0.45538811341278274,0.3721192433034157,85.0,255.0,171.99665752045564,2.023490088475949,0.6744966961586497
OP0929,3,C1818;C1819;C1952,23,B0024,1.650728346379129,60.0,0.15292524616496075,0.25,0.388299015340157,0.36406855153470064,85.0,255.0,149.3413064631095,1.756956546624818,0.5856521822082726
OP0930,2,C1822;C1823,657,B0658,1.532682066432301,4.0,0.0,0.55,1.0,0.3583959286127792,82.5,165.0,124.51947309974753,1.5093269466636063,0.7546634733318032
OP0931,3,C0470;C1594;C1833,1264,B1265,0.20638859026452674,4.0,0.28768703108204885,0.4,0.28078242229487793,0.3511665603692671,84.66666666666667,254.0,190.8099350005151,2.253668185927719,0.7512227286425729
OP0932,3,C0751;C0760;C1834,22,B0023,2.408329632969197,73.0,0.21840290738472828,0.4,0.4539927315381793,0.3719517974784633,85.0,255.0,185.08323976317286,2.1774498795667396,0.7258166265222465
OP0933,2,C1837;C1840,22,B0023,2.2536299435473293,73.0,0.172973632724173,0.4,0.5675659181895676,0.3065038387955273,85.0,170.0,120.04717251237093,1.4123196766161286,0.7061598383080643
OP0934,2,C1839;C1982,672,B0673,0.8055007199423742,4.0,0.19808256653467507,0.4,0.5047935836633124,0.29897115865237667,85.0,170.0,121.30422017283148,1.4271084726215468,0.7135542363107734
OP0935,2,C1844;C2013,26,B0027,1.705693059084351,62.0,0.06775090363679938,0.55,0.8768165388421829,0.34361391327384117,85.0,170.0,125.73173199045205,1.4791968469464947,0.7395984234732473
OP0936,3,C1848;C1913;C1918,28,B0029,0.805156422972924,56.0,0.11695908407665756,0.35,0.665831188352407,0.3973724122961706,85.0,255.0,157.70094564053275,1.8553052428297971,0.6184350809432657
OP0937,2,C1851;C2012,599,B0600,2.3316419842036997,6.0,0.0,0.55,1.0,0.3583959286127792,82.0,164.0,123.00399530576478,1.5000487232410338,0.7500243616205169
OP0938,3,C0771;C1858;C1859,28,B0029,0.8966132428951479,56.0,0.05880110485466558,0.35,0.8319968432723841,0.41731229088656785,85.0,255.0,162.07076222607367,1.9067148497185138,0.6355716165728379
OP0939,2,C1864;C1882,918,B0919,2.920135119934089,6.0,0.0,0.55,1.0,0.3583959286127792,82.0,164.0,123.00399530576478,1.5000487232410338,0.7500243616205169
OP0940,3,C1866;C1877;C1959,26,B0027,3.0599341852335837,62.0,0.14798518734322566,0.25,0.40805925062709736,0.36643977976913344,85.0,255.0,174.27617305244502,2.050307918264059,0.6834359727546864
OP0941,2,C1868;C1932,478,B0479,2.16381210132573,6.0,0.1643598208168689,0.4,0.5891004479578278,0.3090879823677185,85.0,170.0,115.59803714493182,1.3599769075874333,0.6799884537937166
OP0942,2,C1874;C1897,1326,B1327,2.0512974353448574,2.0,0.05464847602095548,0.55,0.9006391345073537,0.34647262475366164,83.75,167.5,126.13110364034803,1.5059833985275137,0.7529916992637569
OP0943,3,C1871;C1878;C2015,26,B0027,2.907444348763269,62.0,0.16963733709803533,0.25,0.3214506516078587,0.3560467478868248,85.0,255.0,175.16599489677108,2.0607764105502477,0.6869254701834159
OP0944,3,C1888;C1890;C2002,28,B0029,0.6933990331480459,56.0,0.1353565156219146,0.35,0.6132670982231011,0.39106472148065385,85.0,255.0,168.34512287435473,1.9805308573453497,0.6601769524484499
OP0945,2,C1892;C1896,955,B0956,0.4006303070609156,4.0,0.0171009221872497,0.55,0.9689074142050006,0.3546648183173793,75.0,150.0,113.15717987661826,1.50876239835491,0.754381199177455
OP0946,2,C1893;C2001,910,B0911,0.7118863371165335,5.0,0.09746759928253607,0.55,0.8227861831226617,0.3371302705874986,70.5,141.0,106.12731281835997,1.5053256245046547,0.7526628122523273
OP0947,2,C0740;C1895,990,B0991,2.2805720590485947,4.0,0.0,0.55,1.0,0.3583959286127792,82.0,164.0,123.00399530576478,1.5000487232410338,0.7500243616205169
OP0948,3,C1789;C1794;C1900,26,B0027,2.6789246814225085,62.0,0.23590597963767931,0.4,0.4102350509058017,0.36670087580257793,85.0,255.0,170.5348636664966,2.0062925137234897,0.6687641712411633
OP0949,3,C1903;C1951;C1953,23,B0024,0.3902258892844386,60.0,0.10721021201880869,0.35,0.6936851085176894,0.40071488271600453,85.0,255.0,174.77757038311358,2.0562067103895716,0.6854022367965239
OP0950,2,C1905;C1986,266,B0267,0.7200436152264894,8.0,0.12179618698406407,0.25,0.5128152520637437,0.29993375886042845,85.0,170.0,105.6483131097687,1.2429213307031612,0.6214606653515806
OP0951,2,C1911;C1914,672,B0673,0.21978631001967064,4.0,0.1543946899441056,0.4,0.614013275139736,0.3120775216295475,85.0,170.0,117.51098191228562,1.3824821401445364,0.6912410700722682
OP0952,3,C1917;C1922;C2030,72,B0073,1.3768795097274669,21.0,0.188335577450049,0.4,0.5291610563748775,0.38097199645886703,85.0,255.0,190.85697581931558,2.245376186109595,0.7484587287031984
OP0953,3,C0848;C0849;C1923,23,B0024,2.672946436152277,60.0,0.16756352174267722,0.25,0.3297459130292911,0.3570421792573967,85.0,255.0,157.7217013518761,1.8555494276691307,0.6185164758897103
OP0954,3,C1933;C1938;C1941,10,B0011,1.2533146407841365,89.0,0.22581353003467108,0.4,0.4354661749133223,0.3697286106834804,85.0,255.0,180.0366273972883,2.1180779693798626,0.7060259897932876
OP0955,3,C0868;C1769;C1937,279,B0280,3.506339707062411,8.0,0.1767916395771201,0.25,0.2928334416915196,0.3526126826968641,85.0,255.0,171.0377760167927,2.012209129609326,0.6707363765364419
OP0956,3,C0880;C0883;C1948,23,B0024,0.8388086988075186,60.0,0.10213284636166002,0.35,0.7081918675381143,0.40245569379845547,85.0,255.0,169.10018457980757,1.98941393623303,0.6631379787443433
OP0957,4,C0879;C1949;C1968;C2058,265,B0266,0.6919560119520201,7.0,0.09681632541505511,0.4,0.7579591864623623,0.3927469596010419,85.0,340.0,227.82547397253282,2.680299693794504,0.670074923448626
OP0958,3,C1969;C1971;C1978,210,B0211,1.4828537814897322,9.0,0.17882809940600267,0.4,0.5529297514849933,0.3838242398720809,85.0,255.0,175.0866690292268,2.059843165049727,0.6866143883499091
OP0959,3,C0901;C0909;C1977,210,B0211,1.208215842071696,9.0,0.16155019110243135,0.35,0.5384280254216247,0.38208403274447666,85.0,255.0,162.21111927320504,1.9083661090965296,0.6361220363655099
OP0960,3,C1994;C1998;C2065,210,B0211,2.030077323835137,9.0,0.1279737566850999,0.25,0.48810497325960045,0.3760452664850338,85.0,255.0,164.52778826134477,1.935621038368762,0.6452070127895874
OP0961,3,C1826;C2000;C2003,1275,B1276,0.8037044516403985,4.0,0.14736531315530313,0.25,0.4105387473787875,0.3667373193793363,85.0,255.0,177.0275181028796,2.0826766835632897,0.6942255611877632
OP0962,3,C2014;C2016;C2024,286,B0287,1.3972686085423074,9.0,0.04747991262370019,0.4,0.8813002184407496,0.4232286959067717,85.0,255.0,190.14759613408842,2.237030542753981,0.7456768475846604
OP0963,3,C0951;C1887;C2019,28,B0029,0.6351896632822458,56.0,0.2342393298376204,0.35,0.33074477189251306,0.35716204232098336,85.0,255.0,154.95643773623627,1.823016914543956,0.6076723048479854
OP0964,2,C2022;C2053,636,B0637,1.0697973282873938,4.0,0.24113264646495125,0.4,0.3971683838376219,0.2860561346732938,85.0,170.0,117.91546899441306,1.3872408116989772,0.6936204058494886
OP0965,3,C0799;C1875;C2023,28,B0029,0.5551919046665109,56.0,0.2023544117494762,0.35,0.4218445378586394,0.36809401423691845,85.0,255.0,159.59141812773817,1.877546095620449,0.6258486985401497
OP0966,3,C0958;C2026;C2028,263,B0264,0.06753509251532087,10.0,0.08459188224835311,0.4,0.7885202943791172,0.41209510501937585,81.33333333333333,244.0,184.080321740741,2.2632966557695213,0.7544322185898404
OP0967,3,C0952;C2029;C2031,263,B0264,0.14160927361728107,10.0,0.11231261314800715,0.4,0.7192184671299822,0.4037788857494796,81.5,244.5,184.2859022842714,2.2611699428760095,0.7537233142920031
OP0968,3,C0763;C1872;C2041,159,B0160,0.7730126474103924,11.0,0.1354466617545824,0.4,0.6613833456135441,0.39683867116750704,85.0,255.0,184.43248532186263,2.1697939449630894,0.7232646483210298
OP0969,2,C1993;C2054,918,B0919,2.920135119934089,6.0,0.0,0.55,1.0,0.3583959286127792,82.0,164.0,123.00399530576478,1.5000487232410338,0.7500243616205169
OP0970,2,C2059;C2063,239,B0240,0.16694456166370267,9.0,0.004926958572472552,0.55,0.9910418935045954,0.3573209558333306,82.0,164.0,123.78074087254461,1.5095212301529832,0.7547606150764916
OP0971,3,C0246;C2007;C2061,53,B0054,1.2391842228314696,28.0,0.26445005347854633,0.4,0.33887486630363417,0.3581376536503178,85.0,255.0,187.04596441120583,2.2005407577788922,0.7335135859262975
