package_id,task_count,latitude,longitude,spread_km,compactness,bundle_logit_bonus,task_ids,average_price,total_reward,average_probability,expected_completions
P0001,2,22.5347001431838,113.934484982603,0.0,1.0,0.3833959286127792,C0211;C1332,85.0,170.0,0.5376590648860553,1.0753181297721106
P0002,2,22.5630554549513,113.902641980048,0.0,1.0,0.3833959286127792,C1213;C1216,85.0,170.0,0.5602293359098356,1.1204586718196712
P0003,2,22.5663424852007,113.899718091733,0.0,1.0,0.3833959286127792,C0203;C1310,85.0,170.0,0.5260156687134314,1.0520313374268628
P0004,2,22.5664885374929,113.88112508287,0.0,1.0,0.3833959286127792,C0210;C1322,85.0,170.0,0.5540647525930118,1.1081295051860236
P0005,2,22.5707350001756,113.888782000085,0.0,1.0,0.3833959286127792,C0157;C1261,85.0,170.0,0.4659665021932199,0.9319330043864398
P0006,2,22.5714904549216,113.905247852942,0.0,1.0,0.3833959286127792,C1320;C1323,85.0,170.0,0.4514037642372978,0.9028075284745956
P0007,5,22.5717078092983,113.90542860279,0.0,1.0,0.7315864067249581,C0111;C0122;C0127;C1187;C1192,85.0,425.0,0.5382830668836195,2.6914153344180973
P0008,2,22.5762207418879,113.876787510513,0.0,1.0,0.3833959286127792,C0163;C1266,85.0,170.0,0.5242752456969367,1.0485504913938735
P0009,2,22.5775760965697,113.882384701229,0.0,1.0,0.3833959286127792,C1285;C1287,85.0,170.0,0.46829658875370006,0.9365931775074001
P0010,2,22.5815610562298,113.891168367536,0.0,1.0,0.3833959286127792,C1265;C1268,85.0,170.0,0.4374147937387624,0.8748295874775248
P0011,3,22.581752421222195,114.11135263467501,1.8189894035458565e-12,0.9999999999948029,0.5374726696932581,C0131;C1214;C1215,85.0,255.0,0.6288354819729636,1.8865064459188907
P0012,4,22.584666982242,113.911769609332,0.0,1.0,0.6467918572255584,C0146;C1194;C1195;C1199,85.0,340.0,0.5580496175993344,2.2321984703973374
P0013,3,22.585059957126003,113.88040378846101,0.0,1.0,0.5374726696938817,C0135;C1218;C1221,85.0,255.0,0.5428311940416853,1.628493582125056
P0014,3,22.585516159146504,113.893310141668,0.0,1.0,0.5374726696938817,C0158;C0161;C1269,85.0,255.0,0.48780743670694493,1.4634223101208348
P0015,2,22.5868013484728,113.893614193829,0.0,1.0,0.3833959286127792,C0176;C1292,85.0,170.0,0.47460223353903136,0.9492044670780627
P0016,4,22.5869958653817,113.870993589094,0.0,1.0,0.6467918572255584,C0198;C0204;C1312;C1313,85.0,340.0,0.6424935804101983,2.5699743216407933
P0017,2,22.5875050732545,113.90718317401,0.0,1.0,0.3833959286127792,C0167;C1279,85.0,170.0,0.47388743377196346,0.9477748675439269
P0018,2,22.5878796368076,113.86618478004,0.0,1.0,0.3833959286127792,C1207;C1209,85.0,170.0,0.6219763828902206,1.2439527657804412
P0019,4,22.5905127748192,113.896099419801,0.0,1.0,0.6467918572255584,C0168;C0171;C1264;C1267,85.0,340.0,0.5826763706050453,2.330705482420181
P0020,2,22.5931061966206,113.90219127592,0.0,1.0,0.3833959286127792,C0165;C1274,85.0,170.0,0.5448336603809725,1.089667320761945
P0021,2,22.5940737174318,113.894892198704,0.0,1.0,0.3833959286127792,C0159;C1258,85.0,170.0,0.5614894900543141,1.1229789801086283
P0022,2,22.5950921617419,114.12096452429,0.0,1.0,0.3833959286127792,C1124;C1128,85.0,170.0,0.5534166191230373,1.1068332382460746
P0023,5,22.6574622868825,114.347695727712,0.0,1.0,0.7315864067249581,C0011;C0034;C0039;C0046;C0052,79.5,397.5,0.7539332326460211,3.7696661632301054
P0024,5,22.6574622868825,114.347695727712,0.0,1.0,0.7315864067249581,C0077;C0110;C0999;C1002;C1003,79.5,397.5,0.7539332326460211,3.7696661632301054
P0025,5,22.6574622868825,114.347695727712,0.0,1.0,0.7315864067249581,C1051;C1052;C1054;C1055;C1084,79.5,397.5,0.7539332326460211,3.7696661632301054
P0026,5,22.6574622868825,114.347695727712,0.0,1.0,0.7315864067249581,C1086;C1091;C1127;C1139;C1143,79.5,397.5,0.7539332326460211,3.7696661632301054
P0027,1,22.6574622868825,114.347695727712,0.0,1.0,0.0,C1148,85.0,85.0,0.664739803932132,0.664739803932132
P0028,2,22.6767915100689,114.168423800977,0.0,1.0,0.3833959286127792,C1026;C1030,85.0,170.0,0.7476159890114221,1.4952319780228442
P0029,2,22.6986467499831,114.241761552618,0.0,1.0,0.3833959286127792,C0050;C1083,85.0,170.0,0.6465752759760339,1.2931505519520679
P0030,2,22.6991602472884,114.243215093577,0.0,1.0,0.3833959286127792,C0082;C0112,85.0,170.0,0.6390254734137426,1.2780509468274852
P0031,2,22.7001162657669,114.246202775058,0.0,1.0,0.3833959286127792,C1077;C1078,85.0,170.0,0.6237891972588935,1.247578394517787
P0032,5,22.7074327930824,113.930013135693,0.0,1.0,0.7315864067249581,C0151;C0199;C1255;C1278;C1297,83.0,415.0,0.7520332165569188,3.760166082784594
P0033,1,22.7074327930824,113.930013135693,0.0,1.0,0.0,C1325,85.0,85.0,0.619086277674685,0.619086277674685
P0034,2,22.7083119203669,114.243410661873,0.0,1.0,0.3833959286127792,C0032;C1047,85.0,170.0,0.5628464268929351,1.1256928537858701
P0035,2,22.7139264341708,114.237994957616,0.0,1.0,0.3833959286127792,C0059;C1105,85.0,170.0,0.5435279394223608,1.0870558788447215
P0036,2,22.7181174812876,114.248002620876,0.0,1.0,0.3833959286127792,C0091;C1151,85.0,170.0,0.5888138714414577,1.1776277428829154
P0037,2,22.7217159364602,114.278074261084,0.0,1.0,0.3833959286127792,C0057;C1104,85.0,170.0,0.5831427484364935,1.166285496872987
P0038,2,22.7253881313629,114.295343866507,0.0,1.0,0.3833959286127792,C0068;C1118,85.0,170.0,0.6724450968325055,1.344890193665011
P0039,2,22.7255489485721,114.272456359037,0.0,1.0,0.3833959286127792,C0021;C1041,85.0,170.0,0.5670273701838098,1.1340547403676196
P0040,2,22.7257042523527,114.227759277469,0.0,1.0,0.3833959286127792,C1071;C1076,85.0,170.0,0.728714565186607,1.457429130373214
P0041,2,22.7295173518022,114.240170603256,0.0,1.0,0.3833959286127792,C0070;C0072,85.0,170.0,0.639069704850993,1.278139409701986
P0042,2,22.7300765745135,114.303210152237,0.0,1.0,0.3833959286127792,C0067;C1113,85.0,170.0,0.7204784573768499,1.4409569147536998
P0043,2,22.7318862444033,114.30283983163,0.0,1.0,0.3833959286127792,C0028;C1043,85.0,170.0,0.703409828447599,1.406819656895198
P0044,2,22.7323592499976,114.28666717581,0.0,1.0,0.3833959286127792,C0004;C1004,85.0,170.0,0.5737874750860177,1.1475749501720354
P0045,2,22.7330532379617,114.276171145167,0.0,1.0,0.3833959286127792,C0055;C1099,85.0,170.0,0.5192768686162301,1.0385537372324603
P0046,2,22.7338940592092,114.239668141459,0.0,1.0,0.3833959286127792,C0117;C1181,85.0,170.0,0.6565709357668057,1.3131418715336114
P0047,2,22.7339322527027,114.248904249218,0.0,1.0,0.3833959286127792,C0106;C0107,85.0,170.0,0.4474539362925218,0.8949078725850436
P0048,3,22.7353382646609,114.259477676067,0.0,1.0,0.5374726696938817,C0085;C1132;C1135,85.0,255.0,0.5924271625540508,1.7772814876621523
P0049,2,22.7365884258321,114.296177362868,0.0,1.0,0.3833959286127792,C0030;C0033,85.0,170.0,0.6434517259552556,1.2869034519105111
P0050,2,22.7380130158542,114.28151550061,0.0,1.0,0.3833959286127792,C1160;C1165,85.0,170.0,0.555923648072207,1.111847296144414
P0051,3,22.7455164783545,114.274463296613,0.0,1.0,0.5374726696938817,C0016;C0019;C1018,85.0,255.0,0.6260967475830027,1.8782902427490082
P0052,2,22.8356070564683,113.981192954291,0.0,1.0,0.3833959286127792,C1271;C1293,80.5,161.0,0.7516575057748383,1.5033150115496765
P0053,2,23.056712516586,113.345719799771,0.0,1.0,0.3833959286127792,C0480;C1604,65.0,130.0,0.7500144629416475,1.500028925883295
P0054,2,23.0641883935012,113.362687049034,0.0,1.0,0.3833959286127792,C0479;C0685,72.0,144.0,0.7503666699009747,1.5007333398019493
P0055,2,23.0740204690385,113.360571146101,0.0,1.0,0.3833959286127792,C0630;C0634,72.0,144.0,0.7532662668821247,1.5065325337642494
P0056,2,23.0742033980381,113.363084420765,0.0,1.0,0.3833959286127792,C0476;C0478,73.0,146.0,0.7500507040833608,1.5001014081667217
P0057,2,23.0766852133663,113.309670233735,0.0,1.0,0.3833959286127792,C0681;C1744,85.0,170.0,0.7549056246638643,1.5098112493277287
P0058,2,23.0768488082214,113.307581403933,0.0,1.0,0.3833959286127792,C1649;C1732,85.0,170.0,0.7464990602635505,1.492998120527101
P0059,2,23.0777533860557,113.354672682582,0.0,1.0,0.3833959286127792,C0639;C1709,75.0,150.0,0.7537264722920195,1.507452944584039
P0060,2,23.0796051598373,113.304378308791,0.0,1.0,0.3833959286127792,C0485;C1619,85.0,170.0,0.7239234642305807,1.4478469284611615
P0061,2,23.0830827872767,113.339986287601,0.0,1.0,0.3833959286127792,C0592;C0596,85.0,170.0,0.734384822833962,1.468769645667924
P0062,2,23.0844304549995,113.300558361628,0.0,1.0,0.3833959286127792,C0599;C1683,85.0,170.0,0.7012380542986912,1.4024761085973825
P0063,2,23.0857232230438,113.333289845823,0.0,1.0,0.3833959286127792,C0664;C1681,85.0,170.0,0.7150448924636609,1.4300897849273217
P0064,2,23.0861900555086,113.32553799658,0.0,1.0,0.3833959286127792,C0488;C0536,85.0,170.0,0.6995445333313397,1.3990890666626794
P0065,2,23.0873364773933,113.32904825202,0.0,1.0,0.3833959286127792,C1652;C1654,85.0,170.0,0.6941374448907598,1.3882748897815196
P0066,5,23.0876292287885,113.333841266126,0.0,1.0,0.7315864067249581,C0518;C0522;C0537;C0572;C0573,82.5,412.5,0.7518913769406359,3.7594568847031793
P0067,5,23.0876292287885,113.333841266126,0.0,1.0,0.7315864067249581,C0585;C0615;C0621;C0624;C0627,82.5,412.5,0.7518913769406359,3.7594568847031793
P0068,5,23.0876292287885,113.333841266126,0.0,1.0,0.7315864067249581,C0629;C0632;C0645;C0648;C0663,82.5,412.5,0.7518913769406359,3.7594568847031793
P0069,5,23.0876292287885,113.333841266126,0.0,1.0,0.7315864067249581,C0674;C1598;C1628;C1643;C1667,82.5,412.5,0.7518913769406359,3.7594568847031793
P0070,5,23.0876292287885,113.333841266126,0.0,1.0,0.7315864067249581,C1668;C1699;C1702;C1705;C1716,82.5,412.5,0.7518913769406359,3.7594568847031793
P0071,5,23.0876292287885,113.333841266126,0.0,1.0,0.7315864067249581,C1717;C1720;C1721;C1725;C1727,82.5,412.5,0.7518913769406359,3.7594568847031793
P0072,1,23.0876292287885,113.333841266126,0.0,1.0,0.0,C1751,85.0,85.0,0.6252410856211766,0.6252410856211766
P0073,2,23.0908338592948,113.34810276983,0.0,1.0,0.3833959286127792,C0523;C1641,85.0,170.0,0.7498081784923717,1.4996163569847434
P0074,3,23.0917106959353,113.41355805770802,0.0,1.0,0.5374726696938817,C1657;C1706;C1722,65.0,195.0,0.846537558666841,2.539612676000523
P0075,2,23.0923603762214,113.310922999819,0.0,1.0,0.3833959286127792,C0603;C1684,85.0,170.0,0.6679199178876342,1.3358398357752683
P0076,2,23.0928025368226,113.314021535793,0.0,1.0,0.3833959286127792,C0569;C0575,85.0,170.0,0.7110854729800774,1.4221709459601548
P0077,4,23.0938918320218,113.315989733046,0.0,1.0,0.6467918572255584,C0581;C0583;C0586;C1669,85.0,340.0,0.7354830755162782,2.941932302065113
P0078,2,23.0939587818989,113.291845311116,0.0,1.0,0.3833959286127792,C0529;C0530,85.0,170.0,0.7042927130801622,1.4085854261603243
P0079,2,23.095061869792,113.303046046262,0.0,1.0,0.3833959286127792,C1689;C1690,85.0,170.0,0.68671464839753,1.37342929679506
P0080,2,23.0982180105422,113.268301000386,0.0,1.0,0.3833959286127792,C0682;C1754,80.0,160.0,0.753277298864844,1.506554597729688
P0081,2,23.0983072683405,113.277113198673,0.0,1.0,0.3833959286127792,C0550;C0557,83.5,167.0,0.7503523512502352,1.5007047025004705
P0082,2,23.100931760317,113.275282739502,0.0,1.0,0.3833959286127792,C1622;C1674,83.0,166.0,0.7528919113049497,1.5057838226098994
P0083,2,23.1013024863218,113.314694186959,0.0,1.0,0.3833959286127792,C0668;C1620,85.0,170.0,0.7066945218084644,1.4133890436169287
P0084,2,23.1025222880729,113.322133512122,0.0,1.0,0.3833959286127792,C0943;C2010,85.0,170.0,0.7332789585854264,1.4665579171708527
P0085,2,23.1038498970456,113.296933796812,0.0,1.0,0.3833959286127792,C1608;C1612,85.0,170.0,0.7272678028783098,1.4545356057566197
P0086,2,23.1076436197974,113.270192875806,0.0,1.0,0.3833959286127792,C0549;C0558,82.5,165.0,0.7531491677757561,1.5062983355515123
P0087,3,23.1140157061116,113.417233751379,0.0,1.0,0.5374726696938817,C0305;C0313;C1451,85.0,255.0,0.7386410657357837,2.215923197207351
P0088,2,23.1202797372584,113.362572695641,0.0,1.0,0.3833959286127792,C1363;C1368,78.0,156.0,0.7534293694987204,1.5068587389974408
P0089,2,23.1212871984071,113.407067174282,0.0,1.0,0.3833959286127792,C0415;C1572,85.0,170.0,0.6734565841253232,1.3469131682506463
P0090,2,23.1229608993585,113.262403639088,0.0,1.0,0.3833959286127792,C0620;C1700,82.5,165.0,0.7509718908836234,1.5019437817672467
P0091,2,23.1253018210981,113.403138562695,0.0,1.0,0.3833959286127792,C0413;C1555,85.0,170.0,0.6721490780127946,1.344298156025589
P0092,5,23.1268912156425,113.426147051257,0.0,1.0,0.7315864067249581,C0224;C0226;C1337;C1339;C1342,84.5,422.5,0.750279690018917,3.751398450094585
P0093,2,23.1276863061694,113.337074115884,0.0,1.0,0.3833959286127792,C0270;C1392,81.0,162.0,0.7548856872201953,1.5097713744403907
P0094,2,23.1289567572535,113.427640923438,0.0,1.0,0.3833959286127792,C0468;C1597,85.0,170.0,0.6923740235219914,1.3847480470439828
P0095,3,23.1292206226463,113.422685966365,0.0,1.0,0.5374726696938817,C0229;C0390;C0393,85.0,255.0,0.7098360949375758,2.1295082848127276
P0096,3,23.130023714734296,113.401492956832,0.0,1.0,0.5374726696938817,C0440;C1584;C1587,85.0,255.0,0.71148906093733,2.13446718281199
P0097,2,23.1305367180225,113.426688539937,0.0,1.0,0.3833959286127792,C1460;C1462,85.0,170.0,0.6940090608440462,1.3880181216880925
P0098,4,23.131464487123,113.39953610877,0.0,1.0,0.6467918572255584,C0227;C1336;C1338;C1341,85.0,340.0,0.7423370987878367,2.969348395151347
P0099,2,23.1326635512896,113.416328404951,0.0,1.0,0.3833959286127792,C1472;C1520,85.0,170.0,0.6761827377995716,1.3523654755991432
P0100,2,23.1332381032347,113.386050366476,0.0,1.0,0.3833959286127792,C0300;C1430,85.0,170.0,0.684704597732032,1.369409195464064
P0101,2,23.134385258672,113.386983912511,0.0,1.0,0.3833959286127792,C0234;C1577,85.0,170.0,0.6819449613392756,1.3638899226785512
P0102,2,23.1374623672538,113.393966324458,0.0,1.0,0.3833959286127792,C0299;C1438,85.0,170.0,0.689734382085415,1.37946876417083
P0103,2,23.1381658955335,113.372836112767,0.0,1.0,0.3833959286127792,C0318;C0319,85.0,170.0,0.7124033000737326,1.4248066001474653
P0104,2,23.1388267999575,113.385409245834,0.0,1.0,0.3833959286127792,C0311;C1473,85.0,170.0,0.6968461101415031,1.3936922202830062
P0105,2,23.1415118408748,113.362219848423,0.0,1.0,0.3833959286127792,C0238;C0243,85.0,170.0,0.6948619387951512,1.3897238775903025
P0106,2,23.1420609885567,113.379266992081,0.0,1.0,0.3833959286127792,C0397;C1548,85.0,170.0,0.7027598030092024,1.4055196060184048
P0107,2,23.1456752540094,113.353414029004,0.0,1.0,0.3833959286127792,C1518;C1519,82.5,165.0,0.7504756881414367,1.5009513762828735
P0108,2,23.1526315749439,113.331979797491,0.0,1.0,0.3833959286127792,C0360;C1491,81.5,163.0,0.7516984205670715,1.503396841134143
P0109,3,23.1553241668861,113.331017565867,0.0,1.0,0.5374726696938817,C0418;C1563;C1565,78.0,234.0,0.7513560582153119,2.2540681746459357
P0110,2,23.1655145487724,113.229588457971,0.0,1.0,0.3833959286127792,C0695;C0699,76.5,153.0,0.7543646090199518,1.5087292180399037
P0111,2,23.1661131376852,113.338153484751,0.0,1.0,0.3833959286127792,C1383;C1385,82.0,164.0,0.7508073945699063,1.5016147891398126
P0112,5,23.1661292654245,113.385642891326,0.0,1.0,0.7315864067249581,C0232;C0259;C0278;C0281;C0337,73.0,365.0,0.7535925203816074,3.767962601908037
P0113,5,23.1661292654245,113.385642891326,0.0,1.0,0.7315864067249581,C0354;C0359;C0404;C0405;C0411,73.0,365.0,0.7535925203816074,3.767962601908037
P0114,5,23.1661292654245,113.385642891326,0.0,1.0,0.7315864067249581,C0419;C0425;C0466;C1346;C1347,73.0,365.0,0.7535925203816074,3.767962601908037
P0115,5,23.1661292654245,113.385642891326,0.0,1.0,0.7315864067249581,C1348;C1375;C1443;C1455;C1458,73.0,365.0,0.7535925203816074,3.767962601908037
P0116,5,23.1661292654245,113.385642891326,0.0,1.0,0.7315864067249581,C1467;C1478;C1505;C1521;C1527,73.0,365.0,0.7535925203816074,3.767962601908037
P0117,5,23.1661292654245,113.385642891326,0.0,1.0,0.7315864067249581,C1528;C1542;C1543;C1546;C1560,73.0,365.0,0.7535925203816074,3.767962601908037
P0118,3,23.1661292654245,113.38564289132599,0.0,1.0,0.5374726696938817,C1564;C1570;C1579,76.5,229.5,0.7525675746434257,2.257702723930277
P0119,2,23.1726583044407,113.259704911048,0.0,1.0,0.3833959286127792,C0818;C1855,85.0,170.0,0.6878258098549288,1.3756516197098576
P0120,2,23.1752833428778,113.359174294508,0.0,1.0,0.3833959286127792,C0302;C1434,79.5,159.0,0.7501142693499441,1.5002285386998881
P0121,2,23.1771902440089,113.349507837325,0.0,1.0,0.3833959286127792,C1382;C1389,80.5,161.0,0.7543011574192421,1.5086023148384842
P0122,2,23.1784317242067,113.404449454535,0.0,1.0,0.3833959286127792,C0348;C1490,65.0,130.0,0.7623095851699494,1.5246191703398988
P0123,2,23.1799259178795,113.215164541572,0.0,1.0,0.3833959286127792,C0847;C0852,75.0,150.0,0.7538788690504676,1.5077577381009353
P0124,2,23.1845483760178,113.252311656381,0.0,1.0,0.3833959286127792,C0838;C1916,85.0,170.0,0.6972121115977665,1.394424223195533
P0125,2,23.185874564388,113.257194420234,0.0,1.0,0.3833959286127792,C0813;C1889,85.0,170.0,0.6880305342418749,1.3760610684837498
P0126,2,23.1884376395657,113.235404442672,0.0,1.0,0.3833959286127792,C0773;C1847,74.0,148.0,0.7542762051037887,1.5085524102075774
P0127,2,23.1908225234581,113.272479087582,0.0,1.0,0.3833959286127792,C0702;C1766,85.0,170.0,0.6652688677282744,1.3305377354565489
P0128,2,23.1914111252324,113.266942667235,0.0,1.0,0.3833959286127792,C0812;C2064,85.0,170.0,0.6726895207573972,1.3453790415147944
P0129,2,23.1930725979645,113.260963253813,0.0,1.0,0.3833959286127792,C1913;C1918,85.0,170.0,0.664857181108772,1.329714362217544
P0130,2,23.1962816386433,113.334793323585,0.0,1.0,0.3833959286127792,C0469;C2060,84.0,168.0,0.7500485484031688,1.5000970968063376
P0131,2,23.1968891049947,113.333904360453,0.0,1.0,0.3833959286127792,C0406;C1559,84.0,168.0,0.7505430117822258,1.5010860235644516
P0132,2,23.1973934892853,113.266444892796,0.0,1.0,0.3833959286127792,C1797;C1799,85.0,170.0,0.6708461221315287,1.3416922442630574
P0133,2,23.1989060931584,113.273255819119,0.0,1.0,0.3833959286127792,C0829;C1904,85.0,170.0,0.7060302187829517,1.4120604375659034
P0134,2,23.19898133925,113.248886498321,0.0,1.0,0.3833959286127792,C0801;C1883,85.0,170.0,0.7032493967586968,1.4064987935173936
P0135,2,23.2016885307926,113.399645052568,0.0,1.0,0.3833959286127792,C0367;C1504,65.0,130.0,0.7575457498518163,1.5150914997036327
P0136,2,23.2020082371942,113.392327455886,0.0,1.0,0.3833959286127792,C0356;C1502,72.5,145.0,0.7529857842800723,1.5059715685601447
P0137,2,23.2061770297533,113.278833005469,0.0,1.0,0.3833959286127792,C0939;C2008,85.0,170.0,0.6571564365536063,1.3143128731072127
P0138,2,23.2108102878262,113.245043314689,0.0,1.0,0.3833959286127792,C0693;C0694,83.0,166.0,0.7522546463478873,1.5045092926957746
P0139,3,23.210919181363796,113.26449364117802,0.0,1.0,0.5374726696938817,C0839;C1919;C1920,85.0,255.0,0.7151388019597186,2.1454164058791556
P0140,2,23.2127333159064,113.24134206243,0.0,1.0,0.3833959286127792,C0727;C1796,81.5,163.0,0.7539475792547808,1.5078951585095617
P0141,3,23.214734082781195,113.292699176554,0.0,1.0,0.5374726696938817,C0981;C2046;C2048,85.0,255.0,0.7331066247251553,2.199319874175466
P0142,2,23.2156529919026,113.300569151175,0.0,1.0,0.3833959286127792,C0980;C2039,85.0,170.0,0.7012629515553322,1.4025259031106645
P0143,2,23.2207283968426,113.308948535088,0.0,1.0,0.3833959286127792,C0717;C1776,85.0,170.0,0.7226592822269409,1.4453185644538817
P0144,2,23.2215215690794,113.309552963544,0.0,1.0,0.3833959286127792,C0704;C0709,85.0,170.0,0.7175412624932179,1.4350825249864358
P0145,2,23.2232477065446,113.295897830474,0.0,1.0,0.3833959286127792,C1945;C1946,85.0,170.0,0.6492219307904723,1.2984438615809446
P0146,2,23.2233254329897,113.274436686627,0.0,1.0,0.3833959286127792,C0925;C2005,85.0,170.0,0.6850361880576297,1.3700723761152593
P0147,2,23.2235812021111,113.254971046724,0.0,1.0,0.3833959286127792,C1899;C1901,83.0,166.0,0.7522330151999392,1.5044660303998785
P0148,2,23.2248179432767,113.305428357864,0.0,1.0,0.3833959286127792,C0719;C1786,85.0,170.0,0.7095851844991412,1.4191703689982824
P0149,3,23.2265657048661,113.29627910457002,1.8189894035458565e-12,0.9999999999948029,0.5374726696932581,C0912;C0913;C0914,85.0,255.0,0.6814033299755314,2.0442099899265944
P0150,2,23.2312939684983,113.311525662206,0.0,1.0,0.3833959286127792,C1788;C1795,82.5,165.0,0.750039796245669,1.500079592491338
P0151,2,23.2315862158006,113.264376444648,0.0,1.0,0.3833959286127792,C1822;C1823,77.0,154.0,0.750138096226093,1.500276192452186
P0152,2,23.2322025737945,113.28281563576,0.0,1.0,0.3833959286127792,C0908;C0909,85.0,170.0,0.6896103847120731,1.3792207694241463
P0153,2,23.2327000194046,113.279770045015,0.0,1.0,0.3833959286127792,C1969;C1978,85.0,170.0,0.7543362163014146,1.5086724326028291
P0154,2,23.2343782580761,113.281794336955,0.0,1.0,0.3833959286127792,C1976;C1980,84.5,169.0,0.7522065766797477,1.5044131533594953
P0155,2,23.2398074017445,113.290959851376,0.0,1.0,0.3833959286127792,C1835;C1836,81.0,162.0,0.7527119458907889,1.5054238917815779
P0156,5,23.2456045397394,113.288811939122,0.0,1.0,0.7315864067249581,C0757;C0766;C0767;C0834;C1843,72.0,360.0,0.7532507535278992,3.766253767639496
P0157,5,23.2945140830139,113.331306286413,0.0,1.0,0.7315864067249581,C0696;C0698;C0703;C0708;C0740,68.5,342.5,0.7510398209252491,3.7551991046262456
P0158,5,23.2945140830139,113.331306286413,0.0,1.0,0.7315864067249581,C0745;C0754;C0758;C0790;C0809,68.5,342.5,0.7510398209252491,3.7551991046262456
P0159,5,23.2945140830139,113.331306286413,0.0,1.0,0.7315864067249581,C0832;C0851;C0854;C0910;C0911,68.5,342.5,0.7510398209252491,3.7551991046262456
P0160,5,23.2945140830139,113.331306286413,0.0,1.0,0.7315864067249581,C0916;C0941;C0945;C0955;C0965,68.5,342.5,0.7510398209252491,3.7551991046262456
P0161,5,23.2945140830139,113.331306286413,0.0,1.0,0.7315864067249581,C0975;C1783;C1785;C1792;C1798,68.5,342.5,0.7510398209252491,3.7551991046262456
P0162,5,23.2945140830139,113.331306286413,0.0,1.0,0.7315864067249581,C1827;C1851;C1864;C1881;C1882,68.5,342.5,0.7510398209252491,3.7551991046262456
P0163,5,23.2945140830139,113.331306286413,0.0,1.0,0.7315864067249581,C1895;C1925;C1926;C1979;C1991,68.5,342.5,0.7510398209252491,3.7551991046262456
P0164,5,23.2945140830139,113.331306286413,0.0,1.0,0.7315864067249581,C1993;C1995;C2009;C2012;C2021,68.5,342.5,0.7510398209252491,3.7551991046262456
P0165,3,23.294514083013905,113.331306286413,0.0,1.0,0.5374726696938817,C2036;C2044;C2054,72.0,216.0,0.7500077794735334,2.2500233384206
P0166,5,23.16770637253564,113.38879756761939,0.2959324972184261,0.15447857937592535,0.6301238362500692,C0394;C0455;C0460;C0461;C1595,75.3,376.5,0.7528207927259662,3.764103963629831
P0167,5,23.08735540373404,113.33341894202681,0.361917134955991,0.0,0.6115864067249581,C0609;C0610;C0613;C0614;C1735,84.5,422.5,0.7528886284818732,3.764443142409366
P0168,2,23.1688098883997,113.384818114995,0.16396118964137213,0.5315394581675081,0.32718066359288017,C0454;C1596,80.0,160.0,0.7509902889862636,1.5019805779725273
P0169,5,23.12775343681818,113.40346571538642,0.2187681052808836,0.37494827062604674,0.6565801992000837,C0429;C0444;C0445;C0446;C1571,85.0,425.0,0.7277504409298429,3.6387522046492142
P0170,5,23.09416191525986,113.31227545481781,0.23432589281893257,0.330497449088764,0.6512461006156098,C0571;C0578;C0604;C0606;C0665,85.0,425.0,0.738302681548585,3.6915134077429252
P0171,5,23.128513507235322,113.4000866730308,0.1442876554190789,0.5877495559454888,0.6821163534384168,C0447;C0449;C0450;C0451;C1589,85.0,425.0,0.7392752475835997,3.6963762379179985
P0172,5,22.73446292706804,114.2746916900702,0.24949774395823182,0.28714930297648045,0.6460443230821358,C0040;C1092;C1097;C1098;C1109,85.0,425.0,0.5894045596576519,2.9470227982882595
P0173,5,23.09469902886286,113.317726951429,0.15758787074123212,0.5497489407393368,0.6775562796136785,C0580;C0582;C0587;C0588;C1677,85.0,425.0,0.7473193694046603,3.7365968470233013
P0174,5,23.179647539065623,113.2619510466646,0.07052287746047815,0.7985060643986338,0.7074071344527941,C0771;C0774;C1859;C1860;C1862,85.0,425.0,0.7483393706202662,3.741696853101331
P0175,5,23.1290814968377,113.4243251994696,0.4343980886007592,0.0,0.6115864067249581,C0222;C0233;C0342;C1466;C1524,85.0,425.0,0.7294449746924079,3.647224873462039
P0176,5,23.22870946877634,113.31124104856761,0.148742452609795,0.5750215639720143,0.6805889944015998,C0840;C0842;C1787;C1912;C1992,78.0,390.0,0.7525652054617951,3.7628260273089755
P0177,5,22.73444050284426,114.27732052760541,0.17892439921826941,0.48878743080494447,0.6702408984215514,C0064;C0088;C1082;C1114;C1131,85.0,425.0,0.5945957118128649,2.972978559064324
P0178,5,23.227824254810198,113.3125484010468,0.14029710202301793,0.5991511370770917,0.6834845431742091,C0697;C0845;C1779;C1842;C1915,77.7,388.5,0.7509707608128353,3.7548538040641763
P0179,5,23.09684425808806,113.3142469089674,0.085753812670819,0.7549891066548029,0.7021850995235345,C0570;C0574;C0577;C0584;C1670,84.2,421.0,0.752931415590373,3.764657077951865
P0180,5,23.226059419806102,113.3085443740238,0.13476037754552664,0.6149703498699239,0.685382848709349,C0713;C0763;C1770;C1849;C2041,81.0,405.0,0.7531399163032596,3.765699581516298
P0181,5,22.583840673204456,113.89333819808459,0.17525510049156193,0.49927114145268015,0.6714989436992798,C0154;C0160;C1253;C1263;C1328,85.0,425.0,0.5204060147589354,2.602030073794677
P0182,5,22.582177227528017,113.9097682777212,0.12420662185484911,0.6451239375575739,0.6890012792318669,C0143;C0147;C0149;C1198;C1256,85.0,425.0,0.5411087309661764,2.705543654830882
P0183,5,22.7029525885325,114.2363492389258,0.11656865919228684,0.6669466880220376,0.6916200092876026,C0087;C1142;C1147;C1184;C1186,85.0,425.0,0.7020176465777171,3.510088232888586
P0184,5,23.222453521578277,113.30756257501339,0.16832080869859262,0.5190834037183067,0.6738764151711549,C0701;C0715;C1773;C1774;C1775,83.2,416.0,0.7522706256964029,3.7613531284820145
P0185,5,22.70237744908618,114.2343491703324,0.1992522982347518,0.43070771932928054,0.6632713330444718,C1024;C1081;C1138;C1144;C1183,85.0,425.0,0.7022699899616761,3.5113499498083804
P0186,5,23.17784973635236,113.264637288673,0.13875216609946936,0.6035652397158018,0.6840142354908543,C0705;C0707;C1763;C1935;C2004,85.0,425.0,0.7422760973608525,3.711380486804263
P0187,5,23.09705954336276,113.3189300204676,0.25085777161255257,0.2832635096784212,0.6455780278863686,C0659;C0669;C1614;C1672;C1724,84.9,424.5,0.7444005576636472,3.7220027883182363
P0188,5,22.70036421761978,114.23882417858161,0.21475257215237215,0.3864212224217939,0.6579569534155734,C0109;C1053;C1141;C1179;C1185,85.0,425.0,0.6995059239685316,3.497529619842658
P0189,5,23.07444271558786,113.3088933298128,0.10558348153355797,0.69833290990412,0.6953863559134525,C0509;C0601;C1600;C1602;C1605,76.5,382.5,0.7530443242451714,3.765221621225857
P0190,5,23.12601902455056,113.4097866542224,0.20369256713947287,0.4180212367443632,0.6617489551342817,C0416;C0430;C1345;C1514;C1566,85.0,425.0,0.7196515007706875,3.5982575038534375
P0191,5,23.22463436498678,113.2720297336072,0.1967947353007319,0.4377293277121945,0.6641139260504214,C0742;C0927;C1821;C1988;C1996,82.2,411.0,0.7534821552424313,3.7674107762121567
P0192,5,23.198220386241783,113.2632902279984,0.1452699965328319,0.5849428670490517,0.6817795507708443,C0691;C0736;C1762;C1810;C1814,85.0,425.0,0.7308432404342433,3.6542162021712166
P0193,5,22.586538571916183,113.8943490869664,0.07901012015213985,0.7742567995653147,0.7044972226727959,C0175;C0184;C1272;C1275;C1289,85.0,425.0,0.5461182258068361,2.7305911290341807
P0194,2,23.22458246862235,113.3091156001505,0.172577330113434,0.506921913961617,0.32422655828817326,C1872;C2040,84.75,169.5,0.7269798898272736,1.4539597796545471
P0195,5,23.14191997055132,113.377107652483,0.12429817473880694,0.644862357889123,0.6889698896716528,C0315;C0317;C0320;C0357;C1454,83.7,418.5,0.7526635928352798,3.7633179641763994
P0196,3,23.2254134138052,113.31215068279266,0.0684469612744958,0.8044372535014406,0.5140051401140546,C0729;C1780;C1782,80.66666666666667,242.0,0.7506202303767121,2.2518606911301364
P0197,5,23.196557527968476,113.2743078518306,0.13841369843907222,0.6045322901740793,0.6841302815458477,C0712;C1777;C1778;C1781;C1983,83.3,416.5,0.7485029145098301,3.74251457254915
P0198,5,23.2216034598147,113.27285995097279,0.1668140223200897,0.5233885076568865,0.6743930276437845,C0928;C0931;C1997;C1998;C2065,84.0,420.0,0.75093708826465,3.7546854413232498
P0199,5,22.733499481230478,114.2612664005026,0.08932259112409192,0.7447925967883088,0.7009615183395552,C0035;C0037;C0038;C1044;C1046,85.0,425.0,0.6261108162761053,3.130554081380527
P0200,5,22.58667042013034,113.8679973966518,0.19364482420176948,0.44672907370923,0.6651938955700657,C0132;C1201;C1211;C1294;C1327,85.0,425.0,0.6625708264017096,3.3128541320085483
P0201,5,23.175502151359318,113.2640754454684,0.16979423601877822,0.5148736113749193,0.6733712400899484,C0855;C0864;C1805;C1927;C1928,85.0,425.0,0.7418655919363957,3.7093279596819784
P0202,5,22.69960790367748,114.24132222876301,0.21287418477844536,0.39178804349015606,0.6586009719437769,C0089;C1137;C1140;C1174;C1177,85.0,425.0,0.7017573849595511,3.5087869247977554
P0203,5,23.185907051456162,113.25423031657719,0.15701743705809867,0.5513787512625752,0.6777518568764671,C0784;C0972;C1832;C1854;C2038,85.0,425.0,0.7426563625784367,3.7132818128921836
P0204,5,22.58551495422688,113.907963602254,0.3293605989270808,0.058969717351197604,0.6186627728071018,C0148;C0153;C1245;C1246;C1276,85.0,425.0,0.5292818037875211,2.6464090189376055
P0205,5,23.181370942620298,113.26193869681681,0.10754680179054438,0.6927234234555875,0.6947132175396287,C0775;C0799;C1856;C1857;C1858,85.0,425.0,0.7441451698924533,3.7207258494622666
P0206,5,23.19972713101346,113.26089916887759,0.2788580406951187,0.2032627408710893,0.6359779356294888,C0733;C0755;C0772;C0789;C1863,85.0,425.0,0.7256230103352467,3.6281150516762333
P0207,5,23.13326232225462,113.3861745006194,0.3311762265493592,0.05378220985897364,0.618040271908035,C0328;C1380;C1436;C1437;C1471,85.0,425.0,0.7318387715530404,3.659193857765202
P0208,3,22.587329551622503,113.909771300579,0.20857825109217246,0.40406213973665006,0.46596012646227974,C0140;C0170;C1254,85.0,255.0,0.5057034703574798,1.5171104110724394
P0209,5,23.231933759363,113.30990581340158,0.2511021719814121,0.2825652229102511,0.6454942334741882,C0714;C0721;C0984;C1784;C2057,77.9,389.5,0.7519594438955617,3.7597972194778086
P0210,5,23.12408349325694,113.42610154920821,0.32432596331911867,0.0733543905168037,0.6203889335869746,C0220;C0228;C0230;C0258;C1465,85.0,425.0,0.7353731216683488,3.676865608341744
P0211,3,23.091610429497536,113.31794778190665,0.18175109184137028,0.4807111661675134,0.47515800963398336,C0666;C1730;C1736,85.0,255.0,0.7020616970406723,2.106185091122017
P0212,5,23.19732619456074,113.267643787678,0.22408480186909863,0.35975770894543246,0.65475733179841,C0732;C1800;C1801;C1802;C1981,85.0,425.0,0.7287568508375106,3.643784254187553
P0213,5,23.12466821385782,113.4014115838118,0.19674227236045627,0.4378792218272678,0.6641319133442303,C0436;C0452;C1580;C1590;C1592,85.0,425.0,0.7384401277041122,3.6922006385205606
P0214,5,22.58388032274338,113.87211876399581,0.17750787916163407,0.4928346309667597,0.6707265624409693,C0136;C1208;C1223;C1231;C1234,85.0,425.0,0.6371375540186579,3.1856877700932893
P0215,5,22.58308984126766,113.9133314388448,0.20091842203274568,0.42594736562072655,0.6627000905994453,C0124;C0134;C0141;C0144;C1210,85.0,425.0,0.5791928965667218,2.895964482833609
P0216,3,23.136084416864833,113.38634614554235,0.29038587751892375,0.17032606423164642,0.4379117974016793,C0303;C1427;C1433,85.0,255.0,0.7012489412668726,2.103746823800618
P0217,3,23.19546270101,113.26369062043067,0.19426750023322642,0.44494999933363877,0.4708666696139184,C0722;C1758;C1861,85.0,255.0,0.6820200699415007,2.046060209824502
P0218,3,23.125013933674097,113.42917085420133,0.158173087443332,0.5480768930190514,0.4832418968561679,C0410;C0422;C1578,83.16666666666667,249.5,0.7514228688854176,2.254268606656253
P0219,2,23.183430084228753,113.26068879048799,0.1536791853967316,0.5609166131521954,0.33070592219104267,C1875;C2023,85.0,170.0,0.667249158118023,1.334498316236046
P0220,5,23.234760711164277,113.3108794973984,0.11436591256120769,0.6732402498251209,0.6923752367039726,C0723;C0936;C0942;C2014;C2016,77.0,385.0,0.7526853009508108,3.763426504754054
P0221,2,23.22286029276445,113.273215575482,0.17477872138694128,0.5006322246087391,0.3234717955658279,C0929;C1994,85.0,170.0,0.6849058212049155,1.369811642409831
P0222,5,23.19494683058022,113.27620168226319,0.33428593171484783,0.044897337957577554,0.6169740872798675,C0960;C0961;C0962;C0987;C2027,83.6,418.0,0.7480893567700847,3.7404467838504236
P0223,4,22.73183955587595,114.27528548532825,0.05894166684384608,0.8315952375890112,0.6265832857362398,C1090;C1093;C1094;C1095,85.0,340.0,0.5855086717844589,2.3420346871378355
P0224,4,23.220905605425173,113.30701396946625,0.2403895030498658,0.31317284842895476,0.564372599037033,C0710;C1771;C1772;C2043,84.75,339.0,0.7457730889340428,2.9830923557361713
P0225,5,22.72468348587486,114.2726615886082,0.24454133933283662,0.3013104590490382,0.6477436618108428,C0007;C0018;C1000;C1001;C1173,85.0,425.0,0.631330756081848,3.15665378040924
P0226,5,23.08836803083534,113.3264631898106,0.2373970587001844,0.3217226894280445,0.6501931294563235,C0535;C0538;C0540;C0552;C1630,85.0,425.0,0.7474334969738246,3.737167484869123
P0227,4,22.581482376163173,113.9076702107785,0.1061952431377603,0.6965850196063992,0.6103820595783264,C0156;C1247;C1248;C1249,85.0,340.0,0.4998124061974334,1.9992496247897336
P0228,5,23.19840010972498,113.27216415568418,0.2790878284308402,0.20260620448331368,0.6358991512629557,C0726;C0778;C1815;C1906;C1909,85.0,425.0,0.7373228626125774,3.6866143130628872
P0229,5,23.13145289898764,113.4204593369478,0.2695356623750324,0.22989810749990736,0.639174179624947,C0374;C0472;C1398;C1522;C1525,85.0,425.0,0.7287054765372134,3.643527382686067
P0230,5,22.58493974952514,113.88022867709701,0.13046039461322562,0.6272560153907839,0.6868571285718522,C0138;C0218;C1222;C1224;C1335,85.0,425.0,0.5776503118631447,2.888251559315724
P0231,4,23.141131397344324,113.37934831088751,0.1390502992709959,0.6027134306542974,0.5991174689040741,C0321;C0325;C0417;C1545,85.0,340.0,0.7443639483049458,2.977455793219783
P0232,5,23.24340453372442,113.2865691838656,0.2667743235496919,0.2377876470008803,0.6401209243650637,C0760;C0762;C1834;C1839;C1845,73.7,368.5,0.7525338518228278,3.7626692591141393
P0233,3,23.132888177171534,113.40146700807934,0.1389171909192903,0.6030937402305991,0.4898439185215536,C0225;C0441;C0458,85.0,255.0,0.7061615129092133,2.11848453872764
P0234,5,22.573979353239743,113.88071589818239,0.13588281919946218,0.6117633737158223,0.6849980115708568,C0129;C0142;C0193;C1299;C1300,85.0,425.0,0.5732528089096853,2.8662640445484264
P0235,5,23.23254685761032,113.2820923946872,0.3518439852384654,0.0,0.6115864067249581,C0900;C0901;C0905;C0932;C1977,83.1,415.5,0.7428722412260209,3.7143612061301043
P0236,4,22.581076363680474,113.88077943063027,0.18711337601660594,0.4653903542382687,0.5826386997341507,C0185;C1250;C1260;C1305,85.0,340.0,0.5446845418990398,2.1787381675961592
P0237,3,22.589708749043865,113.871221917095,0.16197845661036328,0.5372044096846763,0.4819371988560429,C0200;C0213;C1306,85.0,255.0,0.6178040294459404,1.8534120883378211
P0238,4,23.179285797115977,113.25829504323325,0.12477658172674116,0.6434954807807395,0.6040113149192472,C0785;C0817;C1865;C1888,85.0,340.0,0.7401114237148264,2.9604456948593056
P0239,3,22.7358344069859,114.26181936110267,0.12059441835294014,0.6554445189915996,0.4961260119728737,C1008;C1057;C1089,85.0,255.0,0.5779224409388047,1.7337673228164143
P0240,4,23.073354792833626,113.3115594524165,0.19476685557948595,0.44352326977289724,0.5800146495983061,C0507;C0508;C0673;C1633,77.5,310.0,0.7520111981722646,3.0080447926890583
P0241,3,23.193141099190665,113.272832398326,0.12902446877342866,0.6313586606473467,0.4932357089715633,C0716;C0956;C1924,85.0,255.0,0.7013521981984715,2.1040565945954146
P0242,5,23.21282551683442,113.2897098730928,0.226415717578895,0.35309794977458564,0.6539581606979084,C0876;C0982;C0983;C1944;C2050,83.9,419.5,0.7519473811924395,3.759736905962198
P0243,4,23.0763435623941,113.30630743896201,0.12015280262454706,0.6567062782155798,0.605596610611428,C0556;C1599;C1660;C1663,81.0,324.0,0.7528949886856121,3.0115799547424484
P0244,5,22.734868773259,114.2855123671266,0.273359676945644,0.21897235158387418,0.637863088915023,C0100;C1009;C1010;C1064;C1068,85.0,425.0,0.6250314392046881,3.1251571960234403
P0245,5,23.20357984028736,113.373267916368,0.1155628758127212,0.6698203548207966,0.6919648493034537,C0231;C0350;C1470;C1488;C1492,65.9,329.5,0.7531045155290182,3.765522577645091
P0246,5,22.564185742823703,113.90227566884782,0.29409168639007427,0.1597380388855021,0.6307549713912184,C1239;C1240;C1307;C1308;C1311,85.0,425.0,0.6126586781205839,3.0632933906029196
P0247,5,23.217520853166217,113.2887266619022,0.13749505118274608,0.6071569966207255,0.6844452463194451,C0884;C1903;C1951;C1953;C1972,85.0,425.0,0.744346639622179,3.7217331981108948
P0248,5,23.132549833354478,113.4167428060164,0.1819286782938646,0.48020377630324396,0.6692108598813474,C0361;C0391;C1496;C1500;C1523,85.0,425.0,0.736287266312199,3.681436331560995
P0249,3,22.57285334255313,113.90660758864733,0.22545095200543308,0.3558544228416197,0.46017520043487614,C1191;C1316;C1321,85.0,255.0,0.4786551551422981,1.4359654654268943
P0250,5,23.177254848077343,113.359165358165,0.3184782146813003,0.09006224376771343,0.6223938759770837,C0237;C0241;C0244;C0329;C1357,73.1,365.5,0.7525368539850706,3.7626842699253533
P0251,4,23.121764813352826,113.40377270350349,0.20881925892368894,0.40337354593231733,0.5751966827374365,C0343;C0459;C1475;C1583,85.0,340.0,0.724363275997056,2.897453103988224
P0252,3,23.130176406554167,113.40480559394332,0.03502941399626645,0.8999159600106673,0.5254625848951618,C0443;C1350;C1586,85.0,255.0,0.7007241492473905,2.1021724477421713
P0253,5,23.211998669231615,113.28464430777042,0.07795097661745896,0.7772829239501172,0.7048603575989721,C0879;C0880;C0883;C1949;C2058,84.8,424.0,0.7516242106321502,3.758121053160751
P0254,5,23.18876464412974,113.25744814788261,0.28443012910759974,0.18734248826400068,0.6340675053166382,C0747;C0787;C0800;C1894;C2006,85.0,425.0,0.7290199821349416,3.6450999106747077
P0255,2,22.587510224814253,113.880887764029,0.11860069960575936,0.661140858269259,0.34273283160509027,C1280;C1296,85.0,170.0,0.5074673979419376,1.0149347958838753
P0256,2,22.70127531020595,114.2335707167435,0.004975696912380495,0.9857837231074843,0.38168997538567734,C0003;C1016,85.0,170.0,0.6462360527485586,1.292472105497117
P0257,5,23.214573547693398,113.2823727283846,0.21959530861441767,0.3725848325302352,0.6562965866285864,C0875;C0882;C1830;C1947;C1948,85.0,425.0,0.7383830886198803,3.6919154430994015
P0258,5,22.72382448276236,114.2761844400884,0.28951322396202755,0.17281936010849264,0.6323247299379773,C0066;C0102;C1013;C1037;C1169,85.0,425.0,0.6334307142448103,3.167153571224052
P0259,4,22.580953292304574,113.8928134761875,0.29897445259717725,0.14578727829377924,0.5442863306208119,C0206;C1257;C1304;C1326,85.0,340.0,0.4833614967121426,1.9334459868485705
P0260,5,23.21749662116166,113.28599101450061,0.2641963749439585,0.24515321444583282,0.6410047924584581,C0821;C0878;C0881;C1790;C2056,85.0,425.0,0.7396029550254928,3.6980147751274637
P0261,5,23.212325677240482,113.26476628534401,0.21758890605240355,0.378317411278847,0.6569844960784198,C0848;C0902;C1921;C1923;C1966,84.9,424.5,0.7460084856951306,3.730042428475653
P0262,5,22.58411474443444,113.87592007886539,0.200948651236644,0.4258609964667315,0.6626897263009659,C1235;C1237;C1241;C1242;C1331,85.0,425.0,0.5934000209513652,2.967000104756826
P0263,5,22.73130430644796,114.241631963425,0.24886406497099575,0.28895981436858353,0.6462615844491881,C0001;C0094;C1133;C1162;C1176,85.0,425.0,0.68111386462577,3.4055693231288497
P0264,5,22.565294670833584,113.90569459302802,0.2043305695100307,0.4161983728284837,0.6615302114643762,C0137;C0139;C0216;C1238;C1333,85.0,425.0,0.6015590299843944,3.007795149921972
P0265,5,22.72234314188946,114.2639029287906,0.16973819433186937,0.5150337304803732,0.6733904543826029,C0017;C0025;C1017;C1023;C1035,85.0,425.0,0.6260195989693205,3.1300979948466026
P0266,3,22.736895548271036,114.27498695662366,0.26188412019779134,0.251759656577739,0.4476838284832104,C0049;C1067;C1111,85.0,255.0,0.5462603334389459,1.6387810003168377
P0267,3,23.0990461081029,113.31359989454268,0.14161121987859535,0.5953965146325847,0.4889202514497919,C0579;C1665;C1666,85.0,255.0,0.7230299584316499,2.1690898752949495
P0268,4,23.19880956437447,113.27801078688549,0.22193518346338215,0.36589947581890814,0.5706997943238274,C1809;C1905;C1986;C2055,84.5,338.0,0.7511398745219835,3.004559498087934
P0269,2,23.1313495305914,113.3969418886955,0.117158591237544,0.6652611678927314,0.343227268759907,C1349;C1440,85.0,170.0,0.6843713028802136,1.3687426057604273
P0270,2,22.7055511985293,114.2377753780635,0.10785357989282991,0.6918469145919145,0.34641755836380894,C1015;C1073,85.0,170.0,0.6091421453518309,1.2182842907036617
P0271,5,23.07570750209958,113.29738039927699,0.2040698361308175,0.41694332534052136,0.6616196057658207,C0515;C1653;C1656;C1697;C1734,80.3,401.5,0.752827337880185,3.764136689400925
P0272,5,23.09322096124414,113.30801583781741,0.325941384620688,0.06873890108374847,0.6198350748550079,C0598;C0602;C1671;C1678;C1680,85.0,425.0,0.719018896131303,3.595094480656515
P0273,5,23.093765460282004,113.29181241717681,0.2076927025184022,0.4065922785188508,0.6603774801472202,C0496;C0524;C0654;C1632;C1637,84.2,421.0,0.7526719401707148,3.763359700853574
P0274,4,23.201796986002073,113.37224203166824,0.20468440785208947,0.4151874061368872,0.5766143459619849,C0261;C0347;C0353;C1387,66.625,266.5,0.7525351717922995,3.010140687169198
P0275,3,23.215777516848302,113.29209836258066,0.2536794002630705,0.2752017135340842,0.45049687531797183,C0899;C0976;C0978,85.0,255.0,0.7081287692370982,2.1243863077112946
P0276,5,23.191566205291917,113.265124504908,0.3022283890444124,0.13649031701596448,0.6279652447668739,C0743;C0843;C0991;C1887;C1958,85.0,425.0,0.7211726160339456,3.605863080169728
P0277,2,22.7057298580517,114.2341529013585,0.11628900834884613,0.6677456904318682,0.3435254114646034,C0086;C1075,85.0,170.0,0.6243385947301011,1.2486771894602022
P0278,1,23.1268609135724,113.398938643979,0.0,1.0,0.0,C0448,85.0,85.0,0.5957132144354125,0.5957132144354125
P0279,5,23.12777050345654,113.40872858888478,0.2684470015563393,0.23300856698188754,0.6395474347627846,C0240;C1352;C1569;C1574;C1588,85.0,425.0,0.7162169679240276,3.5810848396201376
P0280,5,23.09632921453418,113.30476936579262,0.3049288567539057,0.12877469498884087,0.627039370123619,C0494;C0497;C0600;C0651;C1615,85.0,425.0,0.7256954954708161,3.6284774773540804
P0281,1,22.6982814483898,114.243694108702,0.0,1.0,0.0,C1134,85.0,85.0,0.5535750146885875,0.5535750146885875
P0282,5,23.07754425352784,113.29921726228841,0.3658052726363758,0.0,0.6115864067249581,C0546;C0554;C0618;C1634;C1664,82.1,410.5,0.7516834989699233,3.758417494849616
P0283,5,22.5776431601041,113.8744329123552,0.2357736775606644,0.3263609212552445,0.6507497172755875,C0169;C0173;C1259;C1281;C1286,85.0,425.0,0.6062641515751109,3.0313207578755548
P0284,3,22.734175217387502,114.28282032304934,0.13781456975671894,0.6062440864093744,0.49022196006300667,C1007;C1125;C1158,85.0,255.0,0.5845596574121549,1.7536789722364645
P0285,5,23.19866669926646,113.33293427655981,0.20875055171094084,0.40356985225445474,0.6600147889954927,C0739;C1806;C1807;C1902;C2025,79.3,396.5,0.7530625478408011,3.7653127392040053
P0286,1,23.1949330121755,113.267895000431,0.0,1.0,0.0,C0894,85.0,85.0,0.5761471425809583,0.5761471425809583
P0287,3,23.2262392856605,113.273525315563,0.14736531315530313,0.5789562481277053,0.4869474194692064,C1826;C2000;C2003,84.33333333333333,253.0,0.7533076384638964,2.259922915391689
P0288,5,23.13619361508794,113.3505091436228,0.24114829918178204,0.31100485948062273,0.6489069898626328,C0288;C0310;C1395;C1428;C1452,77.7,388.5,0.7529831528717368,3.7649157643586837
P0289,5,23.167475203733055,113.27121672274461,0.14954260396146696,0.5727354172529515,0.6803146567953123,C1866;C1871;C1877;C1878;C1959,77.9,389.5,0.7523107853322347,3.7615539266611737
P0290,4,23.1529823184964,113.3333506067585,0.3493815703115074,0.0017669419671216824,0.527003890261613,C0355;C0421;C1489;C1497,79.125,316.5,0.7525331499860621,3.0101325999442485
P0291,2,23.18372860975635,113.25118252228799,0.14309375834172663,0.5911606904522095,0.33433521146704437,C0828;C1898,85.0,170.0,0.6956520115446421,1.3913040230892841
P0292,5,23.12026142692502,113.36395153806521,0.21650583282114377,0.3814119062253035,0.6573558354719945,C0247;C0253;C0341;C1370;C1372,73.3,366.5,0.7534590956658946,3.767295478329473
P0293,5,23.21168932903376,113.27755329269262,0.21241028521691413,0.39311347080881676,0.6587600232220161,C1818;C1819;C1952;C1954;C1970,85.0,425.0,0.7269886573584937,3.6349432867924687
P0294,5,22.724031312340863,114.26156743956719,0.20837411431512728,0.40464538767106484,0.6601438532454859,C0075;C0076;C1032;C1122;C1130,85.0,425.0,0.6187523960161749,3.093761980080875
P0295,5,22.72571804275248,114.29732489928861,0.27677658417649903,0.20920975949571696,0.6366915778644442,C0002;C0071;C0078;C1006;C1011,85.0,425.0,0.7419244480515508,3.7096222402577537
P0296,4,23.1966299395096,113.3377592757295,0.08645377752364702,0.7529892070752942,0.6171505620745937,C0470;C0990;C1833;C2049,80.25,321.0,0.7529780358936999,3.0119121435747997
P0297,5,23.10643961894484,113.3147568215696,0.21469154042275165,0.3865955987921381,0.6579778785800147,C0511;C0532;C0541;C1639;C1640,83.3,416.5,0.7526168038563407,3.7630840192817034
P0298,3,23.166747210499366,113.27431704970034,0.24507030218155715,0.2997991366241224,0.45344856608877643,C1868;C1932;C2015,79.66666666666667,239.0,0.751413259758379,2.254239779275137
P0299,5,22.56766481850486,113.8964990550814,0.2720559231056651,0.22269736255524242,0.6383100902315872,C0194;C0201;C1197;C1206;C1317,85.0,425.0,0.5599730789975361,2.799865394987681
P0300,3,22.57232169749013,113.87971498134368,0.204373378720187,0.4160760607994657,0.46740179698981765,C0130;C0133;C1203,85.0,255.0,0.5495621869000963,1.648686560700289
P0301,5,23.22251362001838,113.29799432468039,0.20686290070237545,0.4089631408503558,0.6606619836270008,C0865;C0866;C0873;C1942;C1943,85.0,425.0,0.7248426863461781,3.6242134317308903
P0302,5,23.22064341849994,113.23140680393222,0.15796296491891126,0.5486772430888249,0.6774276758956171,C0795;C0819;C0920;C0923;C1989,69.5,347.5,0.7530084298046988,3.765042149023494
P0303,1,23.1855913519572,113.258535360393,0.0,1.0,0.0,C2020,85.0,85.0,0.5906036132078889,0.5906036132078889
P0304,4,23.171284519047973,113.38703423581,0.28765295662680396,0.17813440963770288,0.5481679863820828,C0453;C0456;C0457;C1593,76.125,304.5,0.7522641692808407,3.009056677123363
P0305,3,22.73448861626437,114.27120534177334,0.1419151253710816,0.5945282132254811,0.48881605528093947,C1085;C1100;C1112,85.0,255.0,0.5614529113709902,1.6843587341129704
P0306,1,23.2232370868708,113.275183207252,0.0,1.0,0.0,C0996,85.0,85.0,0.5961042960525492,0.5961042960525492
P0307,5,22.720747257718664,114.26757736339638,0.29950794340923936,0.14426301883074466,0.6288979689846474,C0010;C1012;C1065;C1074;C1136,85.0,425.0,0.6401774603623928,3.2008873018119637
P0308,2,23.12354387133285,113.40898578596949,0.04743973472043248,0.8644579007987643,0.3671308767086309,C1404;C1567,85.0,170.0,0.6585797511050313,1.3171595022100626
P0309,5,23.14710506617734,113.35167413843139,0.2067547994221866,0.4092720016508954,0.6606990469230656,C0284;C0286;C1397;C1401;C1417,77.0,385.0,0.7522358179243839,3.7611790896219195
P0310,5,23.15225633527198,113.23464649883519,0.2650518247406606,0.24270907216954118,0.640711495385303,C0688;C0850;C0853;C0953;C1929,67.5,337.5,0.7529322904232273,3.7646614521161363
P0311,5,23.204854496437356,113.26445163908019,0.24868743217080003,0.28946447951199983,0.6463221442663981,C0891;C0971;C1962;C1964;C1965,84.6,423.0,0.7470294918147996,3.735147459073998
P0312,3,23.09680909409673,113.32202060380298,0.1404244308761534,0.5987873403538475,0.48932715053634346,C0658;C1710;C1729,85.0,255.0,0.709570763357713,2.128712290073139
P0313,5,23.187112862256676,113.33013179171898,0.28044723419318107,0.1987221880194826,0.635433069287296,C0846;C0859;C0861;C0940;C1917,77.9,389.5,0.7519917875006585,3.7599589375032925
P0314,5,23.126155556016737,113.41382198364019,0.22004081056481045,0.3713119698148273,0.6561438431027374,C0282;C1390;C1402;C1406;C1493,85.0,425.0,0.7239703823841944,3.619851911920972
P0315,4,23.134721494223225,113.3493752053205,0.3459040120840734,0.011702822616933117,0.5281961959395904,C0462;C1422;C1456;C1516,80.0,320.0,0.752680690613894,3.010722762455576
P0316,3,23.140630279322835,113.37527815060601,0.1110603426900855,0.6826847351711842,0.49939483791442385,C0323;C0395;C1453,85.0,255.0,0.73211576418317,2.19634729254951
P0317,4,23.20112731266458,113.25832475581075,0.15414325450475402,0.5595907014149885,0.5939427413953571,C0777;C0786;C0973;C2033,85.0,340.0,0.721186943956123,2.884747775824492
P0318,5,23.138327067232602,113.3887288337734,0.39167368313056344,0.0,0.6115864067249581,C0296;C0420;C1444;C1445;C1446,85.0,425.0,0.7391327357398462,3.6956636786992307
P0319,1,23.201182064445,113.26274446069,0.0,1.0,0.0,C0783,85.0,85.0,0.5853031498419485,0.5853031498419485
P0320,5,23.20960121985766,113.25830629410521,0.20808256660376634,0.4054783811320961,0.6602438124608097,C0734;C0735;C0738;C0797;C1812,84.3,421.5,0.7513544253163141,3.756772126581571
P0321,2,23.20919419782285,113.263370139909,0.03182293630606684,0.909077324839809,0.3724852075935563,C0903;C1973,85.0,170.0,0.6895764999812247,1.3791529999624494
P0322,3,22.73808091179163,114.28219773415033,0.11699738095994236,0.665721768685879,0.4973592819361872,C0027;C1066;C1159,85.0,255.0,0.585111349962086,1.7553340498862582
P0323,3,22.71832196799293,114.265192092058,0.20270796845159578,0.42083437585258343,0.46797279479619175,C0047;C0051;C1031,85.0,255.0,0.6091960702345474,1.827588210703642
P0324,1,23.0926509459352,113.31937687392,0.0,1.0,0.0,C1676,85.0,85.0,0.6022308126837622,0.6022308126837622
P0325,2,22.7319877082738,114.2615102557735,0.03237580726816999,0.9074976935195143,0.3722956518351209,C1061;C1063,85.0,170.0,0.5547889540098823,1.1095779080197645
P0326,4,23.2110752591299,113.25609277294151,0.25595363969688645,0.2687038865803244,0.5590363236151974,C0737;C0796;C1811;C1963,85.0,340.0,0.7518785205997489,3.0075140823989956
P0327,3,23.191170102293665,113.25755454233934,0.1486358417594921,0.5753261664014511,0.48651180966205587,C0746;C0748;C1816,85.0,255.0,0.6987518150930159,2.0962554452790476
P0328,4,23.22877054757385,113.29307098655225,0.11735393357406122,0.6647030469312536,0.6065562228573089,C0749;C1817;C1820;C1974,85.0,340.0,0.6900992336861504,2.760396934744602
P0329,5,22.71922043964628,114.2478680069208,0.34694974954922064,0.008715001287941004,0.612632206879511,C0012;C0060;C0092;C1038;C1106,85.0,425.0,0.6212646104385458,3.1063230521927285
P0330,1,23.0862622799659,113.325283322476,0.0,1.0,0.0,C0521,85.0,85.0,0.6088781058165684,0.6088781058165684
P0331,5,23.082227868953343,113.3025942860858,0.2130229265594444,0.3913630669730159,0.6585499747617201,C0484;C0542;C0543;C0544;C1650,84.4,422.0,0.7536301557682937,3.7681507788414685
P0332,3,23.2215041907503,113.23472783746467,0.13067842361256085,0.6266330753926832,0.49266863874100375,C0769;C0919;C1910,75.16666666666667,225.5,0.7528142151199931,2.2584426453599793
P0333,5,22.5807889241319,113.91852882829221,0.216578925228507,0.38120307077569426,0.6573307752180414,C0196;C0197;C0202;C1229;C1232,85.0,425.0,0.6186497719865717,3.0932488599328583
P0334,5,23.17551512742896,113.2471603281078,0.15230779230351782,0.5648348791328062,0.6793665922208949,C0725;C0730;C0803;C1803;C1886,82.2,411.0,0.7511469288038783,3.755734644019392
P0335,5,23.2064126475188,113.3357592551506,0.09223981827359365,0.7364576620754467,0.6999613261740117,C0989;C0992;C0995;C2059;C2063,75.1,375.5,0.7522648259713111,3.7613241298565554
P0336,2,23.096918168825148,113.2916635825645,0.10854664656199552,0.6898667241085843,0.34617993550580933,C0505;C1629,85.0,170.0,0.7008747243991944,1.4017494487983888
P0337,3,23.173955049473197,113.36049326510933,0.10975669834830307,0.6864094332905626,0.49984180168874925,C0424;C1351;C1359,77.5,232.5,0.7521800118523148,2.2565400355569443
P0338,5,23.17525849484196,113.2422746431456,0.17728087712610263,0.49348320821113534,0.6708043917102944,C0752;C0765;C0807;C1846;C1879,75.8,379.0,0.7527945987291979,3.7639729936459894
P0339,3,23.075547278093367,113.36161333799534,0.2331457412891698,0.333869310602372,0.4575369869661664,C0517;C0628;C1636,72.0,216.0,0.7520307274695127,2.2560921824085383
P0340,5,23.12947788586166,113.36613515269241,0.1492898273165933,0.5734576362383048,0.6804013230735547,C0368;C0382;C0383;C1515;C1561,83.0,415.0,0.7521662088722987,3.7608310443614936
P0341,5,23.132663205882203,113.3915977186402,0.19784841820158608,0.4347188051383255,0.6637526633415571,C0295;C0298;C1343;C1435;C1439,85.0,425.0,0.7395935240781283,3.6979676203906413
P0342,4,23.11404197228825,113.4189988456065,0.29108695969339377,0.16832297230458915,0.5469906139021091,C0306;C0307;C0377;C1429,82.5,330.0,0.7382308830561364,2.9529235322245455
P0343,1,23.1364002890323,113.390942612841,0.0,1.0,0.0,C1442,85.0,85.0,0.6033147951501869,0.6033147951501869
P0344,5,22.72888631600936,114.2640859164976,0.2581066071345206,0.2625525510442268,0.6430927128502654,C1096;C1101;C1117;C1119;C1121,85.0,425.0,0.6140238758152882,3.070119379076441
P0345,3,23.1085654166942,113.31579654316401,0.23029105561748403,0.342025555378617,0.4585157363393158,C0683;C1626;C1746,85.0,255.0,0.7396593370215966,2.21897801106479
P0346,4,23.127452900631774,113.41740483119325,0.21579412528795944,0.3834453563201159,0.5728052999839723,C0292;C0340;C0385;C1344,85.0,340.0,0.7080901604879893,2.8323606419519574
P0347,1,23.1946509781236,113.260873759228,0.0,1.0,0.0,C1848,85.0,85.0,0.5731237931969938,0.5731237931969938
P0348,5,23.21185795193214,113.3320929783848,0.20178884387231646,0.42346044607909583,0.6624016602544496,C0823;C0826;C1891;C1892;C1896,71.5,357.5,0.7540219522572063,3.7701097612860313
P0349,5,22.57423708294682,113.89652147894301,0.2021557032618885,0.4224122763946042,0.6622758798923106,C0150;C1182;C1188;C1189;C1190,85.0,425.0,0.516045494622843,2.580227473114215
P0350,1,23.2358242491511,113.311552881761,0.0,1.0,0.0,C2024,85.0,85.0,0.7046639446918072,0.7046639446918072
P0351,5,23.16079857951612,113.2399751572882,0.13054512856378522,0.6270139183891851,0.6868280769316604,C0952;C0958;C2028;C2029;C2031,71.7,358.5,0.7531209976398083,3.7656049881990414
P0352,2,23.174059300067647,113.2623191035985,0.1144613855489351,0.6729674698601854,0.34415202499600145,C0862;C0890,85.0,170.0,0.6754014434932192,1.3508028869864384
P0353,5,23.10288641212588,113.2948222366468,0.33489251747144455,0.043164235795872696,0.6167661150204629,C0473;C0474;C1610;C1611;C1707,82.6,413.0,0.752583359298314,3.7629167964915697
P0354,5,23.136123709169702,113.3289294020688,0.278184036946159,0.20518846586811712,0.6362090226291321,C1410;C1414;C1418;C1424;C1425,74.2,371.0,0.7528525343620179,3.7642626718100898
P0355,2,23.11810353158385,113.364428691841,0.10385229951917602,0.7032791442309256,0.3477894259204903,C0245;C0254,77.75,155.5,0.750534044830971,1.501068089661942
P0356,5,23.179079851641838,113.34888857173739,0.3345961637022604,0.044010960850684455,0.6168677220270402,C0437;C1369;C1373;C1396;C1400,77.1,385.5,0.7522985593421442,3.761492796710721
P0357,2,23.21022405201865,113.278617294469,0.14635931243845993,0.5818305358901145,0.33321559291959296,C0896;C0897,85.0,170.0,0.6588665243071552,1.3177330486143104
P0358,5,22.562938134744122,113.9083793401998,0.3433604180302528,0.01897023419927768,0.6138628348288715,C0192;C0215;C0217;C1227;C1334,85.0,425.0,0.631137497592596,3.1556874879629797
P0359,3,23.187238102420398,113.33320815541735,0.11273325482023176,0.6779049862279092,0.49882126804123084,C0863;C0867;C1940,82.16666666666667,246.5,0.7531360134686137,2.259408040405841
P0360,1,23.2163816868964,113.282025959641,0.0,1.0,0.0,C0874,85.0,85.0,0.5892260399829709,0.5892260399829709
P0361,5,22.73040878319096,114.23027165610301,0.2795898459423469,0.20117186873615156,0.6357270309732963,C0009;C0022;C0104;C1040;C1167,83.3,416.5,0.7458802728190663,3.729401364095332
P0362,3,23.242204286880135,113.29074988914932,0.25593201033345425,0.26876568476155926,0.44972455186526883,C0751;C1837;C1840,78.66666666666667,236.0,0.7523469630285359,2.2570408890856077
P0363,2,23.2115052417478,113.2926172205495,0.1278811529166924,0.6346252773808789,0.33955096189848466,C2047;C2051,85.0,170.0,0.705290877416638,1.410581754833276
P0364,5,23.07737435281588,113.28919634381262,0.2189956320846367,0.3742981940438951,0.6565021900102255,C0531;C0612;C0655;C1647;C1685,81.3,406.5,0.7515513563055927,3.7577567815279633
P0365,4,23.179515962930097,113.356855628301,0.2582173160239037,0.26223623993170375,0.5582602060173629,C0235;C1358;C1360;C1361,74.0,296.0,0.7530868231526888,3.0123472926107553
P0366,2,22.7323805747228,114.28852899931749,0.1326734420349014,0.6209330227574246,0.33790789134367016,C0041;C0065,85.0,170.0,0.5682908859878274,1.1365817719756548
P0367,4,23.07813640869403,113.3564029886235,0.1789970125582853,0.4885799641191848,0.5854214529198606,C0631;C0635;C0636;C0637,71.0,284.0,0.7518364786963638,3.0073459147854553
P0368,3,22.57148003523437,113.89337303053934,0.1393759340979192,0.6017830454345166,0.48968663514602373,C0195;C0208;C0214,85.0,255.0,0.4847375424154887,1.4542126272464662
P0369,5,23.07216697033342,113.2887206130722,0.2047500274908467,0.41499992145472364,0.661386397299525,C0641;C0657;C1645;C1712;C1713,78.5,392.5,0.752087109689775,3.760435548448875
P0370,1,23.2232044055151,113.295219554269,0.0,1.0,0.0,C0869,85.0,85.0,0.5613935710149689,0.5613935710149689
P0371,2,22.5771760772288,113.881668444966,0.01651730415202178,0.9528077024227949,0.3777328529035146,C0191;C1298,85.0,170.0,0.4800426798882572,0.9600853597765144
P0372,1,23.2106420493602,113.285184890491,0.0,1.0,0.0,C1968,85.0,85.0,0.610977690372984,0.610977690372984
P0373,3,23.12629264486593,113.36503299303668,0.14745668832429856,0.5786951762162897,0.4869160908398365,C0251;C1501;C1503,83.5,250.5,0.752854959457509,2.258564878372527
P0374,3,22.7335823879605,114.23618744743133,0.17662431294773176,0.49535910586362353,0.47691576239751654,C1175;C1178;C1180,85.0,255.0,0.6758764237640751,2.0276292712922253
P0375,4,22.589764030588,113.90325772850075,0.19652869209316237,0.43848945116239324,0.5794105913650456,C0207;C1228;C1314;C1315,85.0,340.0,0.5552869117787597,2.2211476471150386
P0376,3,23.178819924987796,113.24566175551267,0.19061416030552603,0.45538811341278274,0.4721192433034157,C0930;C1808;C1999,85.0,255.0,0.743436397024317,2.230309191072951
P0377,4,23.190491211187048,113.32974702877175,0.3724156016486133,0.0,0.5267918572255584,C0844;C1922;C2007;C2061,80.875,323.5,0.7534927344252905,3.013970937701162
P0378,5,23.23644399410292,113.28561670720721,0.2732416858402177,0.21930946902794946,0.6379035430083121,C0833;C0837;C1907;C1908;C1911,78.3,391.5,0.7514638239936818,3.7573191199684093
P0379,1,23.1604548396609,113.24123454065,0.0,1.0,0.0,C2026,85.0,85.0,0.7549637007587054,0.7549637007587054
P0380,4,22.5710725489947,113.8867744139325,0.22946110782184667,0.3443968347947237,0.5681194774009253,C0121;C0128;C0155;C1252,85.0,340.0,0.5152909679013906,2.0611638716055625
P0381,1,23.1039390635522,113.314314358237,0.0,1.0,0.0,C1631,85.0,85.0,0.6295729279735723,0.6295729279735723
P0382,5,23.123927423755443,113.3250337380478,0.2714895005553577,0.224315712698978,0.6385042922488354,C1529;C1531;C1535;C1536;C1541,70.5,352.5,0.7536908428034248,3.768454214017124
P0383,4,23.10123351641365,113.27233911114774,0.29859445622701897,0.1468729822085172,0.5444166150905805,C0465;C0564;C0684;C0686,78.625,314.5,0.7532883331060294,3.0131533324241175
P0384,4,23.2244130353021,113.25539066409225,0.22973073828016105,0.3436264620566827,0.5680270326723603,C0831;C0963;C1984;C1985,79.0,316.0,0.7518075188110896,3.0072300752443586
P0385,3,23.09688931868743,113.27220752892833,0.12142829863448736,0.6530620039014647,0.49584011016205753,C0516;C0597;C1673,79.0,237.0,0.7520131627260215,2.2560394881780645
P0386,1,23.1333220426453,113.392963725678,0.0,1.0,0.0,C1441,85.0,85.0,0.5962944576948362,0.5962944576948362
P0387,4,23.166227812947124,113.22900090620624,0.2795999728924266,0.20114293459306676,0.5509290093767264,C0791;C0793;C0794;C0798,73.125,292.5,0.753202092771958,3.012808371087832
P0388,2,23.150583718697,113.2328771490525,0.14659536083313282,0.5811561119053348,0.3331346620414194,C0935;C1761,71.75,143.5,0.7518307463595395,1.503661492719079
P0389,1,23.2060633597824,113.335064130357,0.0,1.0,0.0,C0986,85.0,85.0,0.7160206679890605,0.7160206679890605
P0390,4,23.129392643998575,113.3865144700685,0.1386631254816908,0.6038196414808834,0.5992502142032644,C0326;C1432;C1463;C1581,85.0,340.0,0.7197776016439607,2.8791104065758426
P0391,5,23.133747665156882,113.43536885547698,0.23328781975686716,0.3334633721232366,0.6516020113797465,C0221;C0376;C0378;C0379;C0380,75.7,378.5,0.7521195300690493,3.7605976503452467
P0392,2,23.206410698117352,113.3718009957775,0.04940621512921896,0.8588393853450886,0.3664566548541899,C0344;C1483,70.5,141.0,0.7518777910959076,1.5037555821918152
P0393,4,23.149655806544274,113.347627107406,0.2122979411509726,0.39343445385436393,0.5740039916880821,C0290;C1481;C1484;C1485,79.375,317.5,0.7528770122284514,3.0115080489138055
P0394,5,23.12730288797706,113.32135391534959,0.32895701002066974,0.06012282851237216,0.6188011461464428,C1340;C1353;C1448;C1512;C1544,72.0,360.0,0.7535964129044647,3.7679820645223234
P0395,2,22.7301127711835,114.26761905483349,0.10888499425078521,0.6889000164263279,0.3460639305839386,C0058;C0097,85.0,170.0,0.5380740183383877,1.0761480366767755
P0396,4,23.167603283590726,113.3369289753155,0.304538341016791,0.12989045423773993,0.5423787117340872,C0256;C0265;C0269;C1388,79.125,316.5,0.7535386654080359,3.0141546616321437
P0397,2,22.7322848542618,114.2325381371505,0.03370097499173523,0.9037115000236137,0.3718413086156128,C0090;C1157,85.0,170.0,0.675268835702753,1.350537671405506
P0398,4,22.710155514065324,114.247167830731,0.24251201194127964,0.3071085373106296,0.563644881702834,C0063;C0079;C1019;C1059,85.0,340.0,0.6156888381668829,2.4627553526675316
P0399,4,23.08689362408655,113.299052844937,0.18709919881780487,0.4654308605205575,0.5826435604880253,C0547;C0548;C1648;C1651,85.0,340.0,0.7413170878586459,2.9652683514345837
P0400,2,23.13582030014535,113.3320893341705,0.10467994214179742,0.700914451023436,0.3475056627355915,C0351;C1407,81.5,163.0,0.7519548472004882,1.5039096944009764
P0401,3,22.715481651943264,114.245184959283,0.14063829650527618,0.5981762956992109,0.48925382517778704,C0056;C0095;C1161,85.0,255.0,0.6032950596692347,1.809885179007704
P0402,5,22.7499407001867,114.285005816273,0.2879098264385854,0.17740049588975593,0.6328744662317288,C1028;C1034;C1039;C1042;C1056,84.9,424.5,0.7217801533681343,3.6089007668406716
P0403,3,22.72439318495293,114.29204267101368,0.0811411725001863,0.7681680785708962,0.5096528391223893,C0062;C0073;C1115,85.0,255.0,0.6658495626247337,1.997548687874201
P0404,1,22.7300853411492,114.303191387084,0.0,1.0,0.0,C0061,85.0,85.0,0.6372691907295406,0.6372691907295406
P0405,1,23.0963204206452,113.274793005796,0.0,1.0,0.0,C1675,85.0,85.0,0.7093593184973664,0.7093593184973664
P0406,3,22.703129563083465,114.24634345895366,0.2021120284155225,0.42253706166993565,0.468177117094274,C1020;C1027;C1080,85.0,255.0,0.6207710748733013,1.862313224619904
P0407,5,22.73253660751384,114.29434973686259,0.3411874255654577,0.02517878409869212,0.6146078608168012,C0013;C0015;C1021;C1022;C1156,85.0,425.0,0.6750660959912762,3.375330479956381
P0408,4,23.2076617724671,113.37667204505226,0.1750599125471831,0.4998288212937626,0.58677131578081,C0346;C0352;C1381;C1487,68.25,273.0,0.7526922587765814,3.0107690351063257
P0409,5,23.188759387135082,113.34265097489181,0.15644986426397667,0.5530003878172095,0.6779464532630233,C0324;C0332;C1469;C1513;C1934,78.7,393.5,0.7531239333753222,3.7656196668766113
P0410,4,23.118941521584475,113.42424609733649,0.21756373750151817,0.37838932142423376,0.5721985757964665,C0260;C0365;C1377;C1379,83.25,333.0,0.743574880212456,2.974299520849824
P0411,3,23.204366806966434,113.26039797021765,0.22137251123956134,0.36750711074411047,0.461573522983175,C0779;C0966;C2035,85.0,255.0,0.703061228817932,2.109183686453796
P0412,3,23.1536358014859,113.23837566090766,0.1757930615572343,0.4977341098364735,0.47720076287425855,C0944;C0949;C0950,71.66666666666667,215.0,0.7509715655862824,2.252914696758847
P0413,3,23.140623574441335,113.32751332009066,0.09247030837874283,0.7357991189178776,0.505768563964027,C0291;C1421;C1426,77.0,231.0,0.7531093905139898,2.2593281715419695
P0414,3,23.091748220096097,113.30214380437799,0.20870299308866358,0.40370573403238974,0.4659173577777685,C0481;C0605;C1704,85.0,255.0,0.6946098780249909,2.0838296340749727
P0415,4,22.709294574114978,114.237583269591,0.2562749711299633,0.26778579677153347,0.5589261528381424,C1049;C1108;C1154;C1164,85.0,340.0,0.640355644276682,2.561422577106728
P0416,2,22.7290732924221,114.24414285677,0.07345088970066187,0.790140315140966,0.35821276642969513,C1152;C1155,85.0,170.0,0.5691372714262923,1.1382745428525847
P0417,1,23.2106572207019,113.280647904192,0.0,1.0,0.0,C0895,85.0,85.0,0.5956198928669412,0.5956198928669412
P0418,1,23.1743150118172,113.266744999599,0.0,1.0,0.0,C0892,85.0,85.0,0.5963641064817731,0.5963641064817731
P0419,1,23.202702454146,113.266134396191,0.0,1.0,0.0,C0889,85.0,85.0,0.5906802034146035,0.5906802034146035
P0420,5,23.15793290256004,113.359419878119,0.13447215687807568,0.6157938374912123,0.6854816672239036,C0249;C1364;C1366;C1367;C1399,78.1,390.5,0.7521709703977082,3.760854851988541
P0421,3,23.092544853257664,113.348631083662,0.24877991282873235,0.2892002490607647,0.4521766995811735,C0526;C0555;C1644,83.66666666666667,251.0,0.7507454477459152,2.2522363432377457
P0422,4,22.58037628168875,113.89862359091025,0.14158732498237936,0.5954647857646304,0.5982476315173141,C0119;C0125;C0181;C1202,85.0,340.0,0.5024465442719901,2.0097861770879604
P0423,3,22.5649718830222,113.89443012801667,0.12882966672623647,0.6319152379250386,0.49330249824488637,C0120;C0179;C1217,85.0,255.0,0.5361347506682802,1.6084042520048405
P0424,3,23.224911776113768,113.23170982443001,0.15424058856960043,0.5593126040868559,0.48459018218430444,C0915;C0922;C1987,70.5,211.5,0.7514370885798073,2.254311265739422
P0425,3,23.126900329835067,113.33729258797632,0.2781139534723111,0.20538870436482537,0.4421193142176608,C0272;C0274;C1391,78.66666666666667,236.0,0.7512167361302539,2.2536502083907615
P0426,5,23.158772477532416,113.27043951205181,0.27218085824669774,0.22234040500943497,0.6382672553260903,C0870;C0872;C0885;C0934;C1957,75.3,376.5,0.7521748113631029,3.760874056815515
P0427,4,23.164658534255175,113.268054793261,0.1387737092570756,0.6035036878369269,0.5992122997659897,C0815;C0858;C0860;C1931,80.125,320.5,0.7521584610232384,3.0086338440929534
P0428,2,23.21406136469185,113.26886987256151,0.1535244747523767,0.5613586435646379,0.33075896584053577,C0849;C1956,85.0,170.0,0.6843331191725139,1.3686662383450279
P0429,3,23.164661653060865,113.23959360178367,0.17204196846720116,0.5084515186651395,0.4784868519336985,C0841;C1829;C1853,75.33333333333333,226.0,0.7531181437835709,2.2593544313507126
P0430,4,22.570405345252375,113.9006907998455,0.08808275911531892,0.7483349739562317,0.6165920541003063,C0115;C0118;C1193;C1302,85.0,340.0,0.5305200477770053,2.1220801911080214
P0431,3,23.17591149331257,113.25685510808398,0.14775269709798772,0.5778494368628921,0.4868146021174288,C0711;C0810;C0811,85.0,255.0,0.726488109973838,2.179464329921514
P0432,2,22.58328363079915,113.904937322202,0.060928667917530294,0.8259180916641992,0.36250609961248315,C0152;C1251,85.0,170.0,0.4473066061038765,0.894613212207753
P0433,5,23.100357214712897,113.33029971574061,0.2909750684741414,0.1686426615024531,0.6318235261052525,C0482;C1609;C1613;C1618;C1755,85.0,425.0,0.7394313697098547,3.697156848549273
P0434,2,23.18128908715125,113.2564432998355,0.048354977308810804,0.8618429219748263,0.36681707924975837,C1890;C2002,85.0,170.0,0.6989062048409955,1.397812409681991
P0435,2,23.10830746490075,113.31059175864499,0.11559318582798972,0.6697337547771722,0.3437639791860399,C0504;C1747,85.0,170.0,0.7158432757234581,1.4316865514469161
P0436,4,23.201805030313825,113.32916816659774,0.190669728823493,0.45522934621859135,0.5814193787717894,C0750;C0756;C1828;C1876,78.25,313.0,0.7530269224986343,3.0121076899945374
P0437,1,22.5796622766674,113.876566766307,0.0,1.0,0.0,C1233,85.0,85.0,0.42130542911868435,0.42130542911868435
P0438,5,23.16597729580316,113.25839495488279,0.2648113756501279,0.24339606957106308,0.6407939350734857,C0720;C0728;C1789;C1794;C1900,79.7,398.5,0.7530417391253339,3.7652086956266695
P0439,2,22.57303460247885,113.87537665299,0.05927582502918743,0.8306404999166074,0.3630727886027721,C0188;C1301,85.0,170.0,0.5430494041806051,1.0860988083612102
P0440,1,23.0699754230513,113.287103367433,0.0,1.0,0.0,C0528,85.0,85.0,0.7384082036122731,0.7384082036122731
P0441,3,22.593976078882662,113.900292333231,0.24362700400599124,0.3039228456971679,0.4539434111775419,C0178;C1318;C1319,85.0,255.0,0.5701736850439058,1.7105210551317171
P0442,5,23.1080610097211,113.30068726935221,0.31005608662393586,0.11412546678875468,0.6252814627396087,C0619;C1606;C1696;C1745;C1749,81.3,406.5,0.7526105149092993,3.7630525745464967
P0443,5,23.083547313761063,113.292129935085,0.29808617023856304,0.14832522788981983,0.6293854340717365,C0502;C0503;C0567;C0568;C1627,83.0,415.0,0.7518662323066179,3.759331161533089
P0444,5,22.575798934916023,113.891093694094,0.3185022016753069,0.08999370949912311,0.6223856518648528,C0114;C0174;C0177;C1282;C1284,85.0,425.0,0.5036889356955673,2.5184446784778363
P0445,5,23.07213945070318,113.3253272762054,0.2604656038221397,0.25581256050817225,0.6422839139859388,C0633;C0640;C0643;C0646;C1714,78.3,391.5,0.7535725327211151,3.767862663605576
P0446,5,23.08150748357256,113.2816501794182,0.35703255877487095,0.0,0.6115864067249581,C0486;C0622;C0625;C0652;C1695,79.7,398.5,0.7520128442314586,3.760064221157293
P0447,2,22.59110443144815,113.8666683391355,0.12505841154992517,0.6426902527144995,0.34051875893851913,C0219;C1204,85.0,170.0,0.6281130198126623,1.2562260396253246
P0448,4,22.56801072639925,113.91035232353475,0.21504198499427712,0.38559432858777964,0.573063176656092,C0183;C0205;C1212;C1219,85.0,340.0,0.5637304199696609,2.2549216798786436
P0449,2,23.1398905510829,113.349895995136,0.11530119547171498,0.6705680129379572,0.3438640901653341,C0412;C1591,82.75,165.5,0.7534596117964889,1.5069192235929778
P0450,5,23.21737565814082,113.2484426426804,0.2505937136408566,0.284017961026124,0.645668562048093,C0964;C0967;C0968;C2037;C2042,78.0,390.0,0.7516201817066006,3.758100908533003
P0451,2,23.20804831685265,113.3305587001835,0.16112990398975682,0.5396288457435519,0.32815139010200545,C0267;C1841,79.0,158.0,0.7533671990866719,1.5067343981733439
P0452,1,23.1561750115375,113.329268999819,0.0,1.0,0.0,C1494,85.0,85.0,0.7371034493401853,0.7371034493401853
P0453,2,22.749046281480453,114.27409241231899,0.15443325115169942,0.5587621395665731,0.330447385360768,C0023;C0029,85.0,170.0,0.6243047669483073,1.2486095338966146
P0454,2,22.7059303816053,114.2422792636005,0.061076020299360816,0.8254970848589691,0.3624555787958555,C0044;C0045,85.0,170.0,0.5972532998640587,1.1945065997281175
P0455,4,22.717575376604177,114.27172335544,0.25356509646866743,0.27552829580380733,0.5598552527220153,C0008;C0042;C0084;C1069,85.0,340.0,0.6596822781995637,2.638729112798255
P0456,4,22.738340023458775,114.291953323298,0.23628643000854688,0.3248959142612946,0.5657793669369138,C0024;C0998;C1036;C1048,85.0,340.0,0.6424780226065498,2.5699120904261994
P0457,1,23.0995317845466,113.317631760305,0.0,1.0,0.0,C1726,85.0,85.0,0.6202612129075896,0.6202612129075896
P0458,2,23.09752617394185,113.2657130621615,0.13007628034201127,0.6283534847371106,0.3387983467812325,C0656;C1687,79.75,159.5,0.7522030646812419,1.5044061293624837
P0459,2,23.062945233029403,113.364273796124,0.04947394270025296,0.8586458779992773,0.36643343397269246,C0506;C0616,73.5,147.0,0.7534801448099504,1.5069602896199008
P0460,1,23.0761894238066,113.294600529996,0.0,1.0,0.0,C0617,85.0,85.0,0.653109342164959,0.653109342164959
P0461,3,23.106459939981164,113.29109363331999,0.19670552904439553,0.4379842027302985,0.47003077402151755,C0626;C0660;C1715,83.83333333333333,251.5,0.7517527937205907,2.255258381161772
P0462,3,23.1844476686244,113.24754941728133,0.21466610674996872,0.3866682664286608,0.46387286166532105,C0947;C1791;C2032,85.0,255.0,0.7409685365757244,2.222905609727173
P0463,2,23.09639844326695,113.3261010109055,0.10756684565194864,0.6926661552801467,0.3465158672463968,C0590;C0661,85.0,170.0,0.6743673951865198,1.3487347903730396
P0464,1,23.0910146010522,113.325524068353,0.0,1.0,0.0,C0667,85.0,85.0,0.5985020801077635,0.5985020801077635
P0465,4,23.091743486442127,113.362384871637,0.1292473889312653,0.6307217459106705,0.6024784667348388,C0675;C0677;C1733;C1742,69.125,276.5,0.7525776572459113,3.010310628983645
P0466,4,23.090938671828052,113.27724562821825,0.28749557428834227,0.1785840734618792,0.548221946040984,C0679;C0680;C1739;C1752,80.25,321.0,0.7522422290664348,3.008968916265739
P0467,1,22.5787072563006,113.871334357696,0.0,1.0,0.0,C1277,85.0,85.0,0.4706418739001803,0.4706418739001803
P0468,1,23.2371504632146,113.291260899603,0.0,1.0,0.0,C1914,85.0,85.0,0.7061450960872471,0.7061450960872471
P0469,1,23.0897357469695,113.297697334936,0.0,1.0,0.0,C0591,85.0,85.0,0.5929208293074768,0.5929208293074768
P0470,3,23.186035680682135,113.33717342176168,0.22581353003467108,0.35481848561522544,0.4600508879677088,C1933;C1938;C1941,83.66666666666667,251.0,0.7508939562954158,2.2526818688862473
P0471,4,23.176121242247877,113.2777006916165,0.2833343427216911,0.19047330650945393,0.5496486540066929,C0868;C1769;C1937;C2053,80.5,322.0,0.7529430559631365,3.011772223852546
P0472,2,23.0824221605464,113.34088898313,0.10065095076848905,0.7124258549471741,0.3488870312064401,C0561;C0562,85.0,170.0,0.7269559795522328,1.4539119591044656
P0473,4,23.147334838246397,113.44236543958552,0.1609187564383435,0.5402321244618757,0.5916197121609835,C0331;C0423;C0431;C1573,65.0,260.0,0.7792516381529294,3.1170065526117177
P0474,4,23.155421155332952,113.25470316730525,0.202435534715576,0.42161275795549713,0.5773853881802181,C0768;C1844;C2013;C2018,75.5,302.0,0.7517524489474162,3.007009795789665
P0475,3,23.08820214943707,113.29176959054934,0.24689395993627974,0.29458868589634357,0.452823312001443,C0527;C1682;C1693,85.0,255.0,0.7320911328393008,2.1962733985179024
P0476,2,23.13656110657945,113.395585431656,0.09369583064894686,0.7322976267172947,0.35127164381885456,C0304;C0764,85.0,170.0,0.6895503023910479,1.3791006047820957
P0477,4,23.116873617279822,113.370440481017,0.15168916636359756,0.5666023818182927,0.5947841430437536,C0434;C0435;C0439;C1371,72.0,288.0,0.7533305922922301,3.0133223691689204
P0478,1,23.1881545369334,113.326434832462,0.0,1.0,0.0,C2030,85.0,85.0,0.7151605924733835,0.7151605924733835
P0479,3,23.170358175690833,113.27752536519533,0.25957764392031013,0.25834958879911385,0.4484746203497754,C0825;C0856;C1765,79.66666666666667,239.0,0.7514628869858889,2.254388660957667
P0480,2,23.212555576751697,113.246673366392,0.1130406944151539,0.6770265873852745,0.3446391190990122,C0802;C1936,84.75,169.5,0.7454169251559685,1.490833850311937
P0481,1,23.2193505903347,113.292039731378,0.0,1.0,0.0,C0804,85.0,85.0,0.580642913303168,0.580642913303168
P0482,1,23.2137243480356,113.259999208509,0.0,1.0,0.0,C0808,85.0,85.0,0.619326956156941,0.619326956156941
P0483,3,23.2263493296082,113.236433874559,0.10529435694352646,0.6991589801613529,0.5013717473132441,C0814;C0921;C1885,73.5,220.5,0.7527653456918314,2.2582960370754943
P0484,2,23.217229711185098,113.23068197407201,0.11110356018387098,0.6825612566175114,0.3453032794068806,C0822;C0824,76.0,152.0,0.7512228131897201,1.5024456263794401
P0485,1,23.2402271659947,113.293011365566,0.0,1.0,0.0,C0830,85.0,85.0,0.7002503129343792,0.7002503129343792
P0486,4,23.15859719572555,113.22756131245075,0.2703976803081327,0.22743519911962073,0.5540840811199129,C0781;C0788;C1869;C1870,71.125,284.5,0.7526245789391017,3.010498315756407
P0487,4,23.140084238548226,113.3449280999935,0.2117600118337691,0.3949713947606597,0.5741884245968376,C0289;C1409;C1447;C1480,79.75,319.0,0.7525254681341629,3.0101018725366515
P0488,2,23.222511012671,113.237588500044,0.015606892745893247,0.9554088778688764,0.3780449939570444,C0918;C1990,78.5,157.0,0.7528153968564677,1.5056307937129354
P0489,4,23.237546316522174,113.30120470361925,0.2561593864853609,0.2681160386132545,0.558965781859149,C0888;C0993;C1950;C1955,82.125,328.5,0.7519081756198653,3.0076327024794614
P0490,4,23.122886850391602,113.37773444111001,0.3642846104364585,0.0,0.5267918572255584,C0250;C0266;C0442;C1365,82.875,331.5,0.745827442229495,2.98330976891798
P0491,1,23.2122919906139,113.335179864446,0.0,1.0,0.0,C1405,84.0,84.0,0.752735578633475,0.752735578633475
P0492,4,22.741502556987776,114.28751237825875,0.1811406352793674,0.48245532777323596,0.5846864965583467,C0074;C0096;C1150;C1153,85.0,340.0,0.6465476133726222,2.586190453490489
P0493,1,23.1409765065116,113.38272845965,0.0,1.0,0.0,C0309,85.0,85.0,0.6332218107365508,0.6332218107365508
P0494,4,23.204104052779275,113.23018546732175,0.2718823739786102,0.22319321720397078,0.5535750432900349,C0946;C0948;C0957;C1961,70.125,280.5,0.7528679085495441,3.0114716341981764
P0495,1,23.2003490771228,113.269026939933,0.0,1.0,0.0,C1967,85.0,85.0,0.584268427058361,0.584268427058361
P0496,4,23.15930926518668,113.40379813430775,0.28342981216677976,0.1902005366663435,0.5496159216255196,C0338;C0339;C0438;C1474,70.625,282.5,0.7550887993912985,3.020355197565194
P0497,3,23.197026013917764,113.37344740906799,0.06347580039372237,0.8186405703036503,0.5157095381303198,C0327;C0334;C1464,68.0,204.0,0.7533151403740387,2.259945421122116
P0498,4,23.122302880489674,113.417700275117,0.22938152080173305,0.3446242262807627,0.5681467643792499,C0384;C0387;C0388;C1431,85.0,340.0,0.7178315223924969,2.8713260895699877
P0499,2,23.1371799070837,113.33573886065099,0.15902004749713192,0.5456570071510516,0.32887476947090544,C0294;C1412,84.25,168.5,0.7525581014156759,1.5051162028313518
P0500,2,23.142009453269452,113.3656349050385,0.12939124363465285,0.6303107324724204,0.33903321650946966,C1356;C1534,85.0,170.0,0.7052991953474033,1.4105983906948065
P0501,1,23.0706597920075,113.309750721908,0.0,1.0,0.0,C1661,85.0,85.0,0.7261481799522328,0.7261481799522328
P0502,2,23.20782852482605,113.24348982286949,0.04248863221275136,0.8786039079635676,0.36882839756840735,C0692;C1760,80.25,160.5,0.7508297142683491,1.5016594285366982
P0503,4,23.130926010741778,113.378007381077,0.26157887835300825,0.25263177613426213,0.5571076703616699,C0297;C1499;C1507;C1508,85.0,340.0,0.7178264138624135,2.871305655449654
P0504,2,22.7229036364492,114.3002722216095,0.08418545279391292,0.7594701348745345,0.35453234479772333,C1116;C1120,85.0,170.0,0.7180279640405607,1.4360559280811214
P0505,1,22.72781400338,114.260775999715,0.0,1.0,0.0,C1123,85.0,85.0,0.45523610527883357,0.45523610527883357
P0506,4,23.242990139323197,113.2804054986965,0.30211258398862934,0.13682118860391612,0.5432103998580283,C0753;C0759;C0970;C1813,74.25,297.0,0.7519335410131065,3.007734164052426
P0507,2,23.1850719271239,113.235054764676,0.1651789197127574,0.5280602293921217,0.3267631561398338,C0820;C0977,74.75,149.5,0.7537214989508807,1.5074429979017614
P0508,1,23.2302970128128,113.279491999697,0.0,1.0,0.0,C1971,85.0,85.0,0.6107481502605036,0.6107481502605036
P0509,1,23.2264536782755,113.298123834539,0.0,1.0,0.0,C1975,85.0,85.0,0.5758987209837977,0.5758987209837977
P0510,4,23.1146878599995,113.28285830931425,0.24816333393690312,0.29096190303741964,0.5617072855900488,C0483;C0491;C0623;C1691,80.5,322.0,0.7522853579047653,3.009141431619061
P0511,3,23.0863276372462,113.28446753874466,0.2972088530227761,0.1508318485063539,0.4355724915146442,C1658;C1692;C1694,85.0,255.0,0.7461509788608779,2.238452936582634
P0512,1,23.2079114752747,113.338406876152,0.0,1.0,0.0,C2062,85.0,85.0,0.7323112422210594,0.7323112422210594
P0513,1,23.1896994052095,113.237696919231,0.0,1.0,0.0,C2045,82.0,82.0,0.7505723520394169,0.7505723520394169
P0514,1,22.7330530781302,114.301187523509,0.0,1.0,0.0,C0036,85.0,85.0,0.6068478999353384,0.6068478999353384
P0515,3,22.71887858067197,114.25956255485833,0.21265380531633646,0.3924176990961815,0.4645627935854235,C0005;C0054;C1087,85.0,255.0,0.6024799978077556,1.8074399934232668
P0516,1,22.7461740037918,114.285868999924,0.0,1.0,0.0,C0014,85.0,85.0,0.5238654758304798,0.5238654758304798
P0517,2,22.740338938113048,114.261818650793,0.09929672058348944,0.716295084047173,0.34935133869844,C0031;C1050,85.0,170.0,0.5867163848815957,1.1734327697631914
P0518,2,22.7537770069778,114.28486649928,0.09302682057698225,0.7342090840657649,0.351501018700671,C0020;C0103,85.0,170.0,0.6948133262648499,1.3896266525296999
P0519,3,23.1471131785289,113.32854722870934,0.15005142176309305,0.5712816521054485,0.4860264679465356,C0285;C1419;C1498,76.83333333333333,230.5,0.7528350003519426,2.258505001055828
P0520,1,23.1611480116097,113.407645000318,0.0,1.0,0.0,C0335,74.5,74.5,0.7544607309692581,0.7544607309692581
P0521,3,23.14616989941447,113.343955039371,0.22178428070473846,0.36633062655789006,0.46143234488082857,C0336;C1420;C1486,81.16666666666667,243.5,0.7518496369474467,2.25554891084234
P0522,1,23.2393346594191,113.284028516181,0.0,1.0,0.0,C1982,85.0,85.0,0.7289051554583718,0.7289051554583718
P0523,1,23.2015723567683,113.393217317324,0.0,1.0,0.0,C0358,75.0,75.0,0.7529275049784482,0.7529275049784482
P0524,1,23.1367986312581,113.435258913482,0.0,1.0,0.0,C1510,85.0,85.0,0.7327251795950889,0.7327251795950889
P0525,3,23.1726190106602,113.32740416040035,0.22259340516366066,0.36401884238954096,0.46115493078062664,C0330;C1384;C1461,80.0,240.0,0.7513201023754603,2.253960307126381
P0526,3,23.133844757607065,113.44070507329066,0.06549382175862034,0.8128747949753704,0.5150176450909262,C0375;C0381;C1568,74.33333333333333,223.0,0.7514473336672024,2.254342001001607
P0527,1,23.1822006507495,113.350713128862,0.0,1.0,0.0,C1457,85.0,85.0,0.7270020763464418,0.7270020763464418
P0528,2,23.16910792692045,113.3284539214165,0.12569431254119592,0.6408733927394402,0.34030073574151204,C0322;C1459,82.0,164.0,0.7534027595208241,1.5068055190416483
P0529,3,23.14691958702397,113.33663388420166,0.21172586806451624,0.3950689483870964,0.4648809435003333,C1416;C1468;C1530,80.83333333333333,242.5,0.7516936771448398,2.2550810314345195
P0530,1,23.1196220319299,113.415245336863,0.0,1.0,0.0,C0386,85.0,85.0,0.5889794525650547,0.5889794525650547
P0531,2,23.132029660199848,113.32697589579399,0.05777015728915931,0.8349424077452591,0.3635890175422103,C1532;C1533,76.75,153.5,0.7531654767576186,1.5063309535152372
P0532,3,23.146711778679133,113.367877095054,0.23532141859108247,0.32765308973976437,0.45679104046265345,C0400;C0403;C1538,83.33333333333333,250.0,0.7483268679420304,2.2449806038260913
P0533,2,23.13587131163995,113.34519230219951,0.10749424470623542,0.6928735865536131,0.3465407589992128,C1449;C1450,83.5,167.0,0.7505577595329214,1.5011155190658427
P0534,3,23.2390661843578,113.30952721810799,0.18281840606256627,0.4776616969640963,0.4747920733295733,C0718;C0877;C1960,81.5,244.5,0.752560953731734,2.2576828611952022
P0535,3,23.17958782288734,113.32659440595533,0.1437725537600014,0.5892212749714245,0.48817922269045266,C0409;C0904;C1558,80.5,241.5,0.7527766689997685,2.2583300069993055
P0536,3,23.109727250517068,113.28714301654166,0.18779667881888537,0.4634380605174704,0.4730852369559782,C0467;C0512;C0514,83.0,249.0,0.7527754544621906,2.2583263633865718
P0537,3,23.164226186730264,113.416724332506,0.16344114628348366,0.5330252963329039,0.4814357052538302,C0268;C0275;C1394,65.0,195.0,0.8047248852540303,2.414174655762091
P0538,2,23.0914684901693,113.3330074450705,0.13206684014189365,0.6226661710231609,0.3381158691355585,C0678;C1740,85.0,170.0,0.6980105992459411,1.3960211984918822
P0539,3,23.194747835232832,113.34730893066335,0.28707803710928276,0.17977703683062063,0.4390459141135562,C0262;C0836;C1825,82.0,246.0,0.7521431783911763,2.256429535173529
P0540,3,23.121303838531933,113.34551985028934,0.2513775626323752,0.2817783924789279,0.4512860767913531,C0401;C1547;C1552,76.16666666666667,228.5,0.7526440031977142,2.2579320095931426
P0541,2,23.184397752970902,113.3269896412265,0.03840338336456731,0.8902760475298077,0.3702290543163561,C1557;C2011,82.0,164.0,0.7506455545055805,1.501291109011161
P0542,1,23.1372496374458,113.374985892598,0.0,1.0,0.0,C1562,85.0,85.0,0.6097029299201566,0.6097029299201566
P0543,3,23.1786260831005,113.27344673209666,0.1967995185864652,0.43771566118152805,0.4699985490356651,C0744;C1764;C1767,84.83333333333333,254.5,0.7242056827352722,2.1726170482058165
P0544,3,23.1022498545389,113.32659848156733,0.10754894193280755,0.692717308763407,0.5005987467454905,C0490;C0493;C1617,85.0,255.0,0.7108882971900439,2.1326648915701316
P0545,1,23.0809828802221,113.287799970118,0.0,1.0,0.0,C0492,85.0,85.0,0.6598964934745428,0.6598964934745428
P0546,1,23.1057446897126,113.301110647042,0.0,1.0,0.0,C0498,85.0,85.0,0.6496088852006368,0.6496088852006368
P0547,1,23.0729150383554,113.359154108685,0.0,1.0,0.0,C0513,78.5,78.5,0.7523175954418071,0.7523175954418071
P0548,1,23.1271337655586,113.376333019388,0.0,1.0,0.0,C1585,85.0,85.0,0.6109853865083757,0.6109853865083757
P0549,1,23.0564221593712,113.346879610099,0.0,1.0,0.0,C0553,71.5,71.5,0.7534402024932118,0.7534402024932118
P0550,3,22.576485349387436,113.90235775708334,0.21461741033309847,0.3868073990482901,0.46388955757967654,C0182;C1236;C1324,85.0,255.0,0.45098763038662343,1.3529628911598703
P0551,3,22.555099380377168,113.89293546951866,0.16217428168340972,0.5366449094759722,0.4818700588309984,C0187;C0190;C1303,85.0,255.0,0.6324757780592886,1.8974273341778658
P0552,1,23.0844479089863,113.329498171928,0.0,1.0,0.0,C0638,85.0,85.0,0.6301125656790594,0.6301125656790594
P0553,3,23.086945706453434,113.34283926847002,0.25475394393154566,0.2721315887670124,0.45012846034592324,C0589;C0593;C0647,85.0,255.0,0.7507976202267345,2.2523928606802035
P0554,1,22.5745941468785,113.871855445858,0.0,1.0,0.0,C1283,85.0,85.0,0.46205306791785694,0.46205306791785694
P0555,3,22.581213495753662,113.86564936689933,0.17853379297959837,0.4899034486297189,0.476261083529448,C0180;C1196;C1288,85.0,255.0,0.6142616252277479,1.8427848756832435
P0556,2,23.10073313926005,113.3349692899565,0.15570458373208074,0.5551297607654836,0.33001149990463724,C0670;C0671,85.0,170.0,0.6940579186594702,1.3881158373189404
P0557,2,23.17236525554075,113.2821503668695,0.08517836553277576,0.7566332413349264,0.35419191757297036,C0690;C2022,77.75,155.5,0.752072405788117,1.504144811576234
P0558,2,23.23539307344435,113.2764878156695,0.05399500680571963,0.8457285519836581,0.3648833548508182,C0724;C1793,82.0,164.0,0.7523987572482909,1.5047975144965817
P0559,1,23.1884822368971,113.23384875719,0.0,1.0,0.0,C0770,79.5,79.5,0.7526965907419644,0.7526965907419644
P0560,2,22.58555336777385,113.90122725307401,0.13045336698997287,0.6272760943143632,0.3386690599305028,C1225;C1262,85.0,170.0,0.4772609780533333,0.9545219561066666
P0561,1,22.5960077380064,113.89421736286,0.0,1.0,0.0,C0145,85.0,85.0,0.47473241168494007,0.47473241168494007
P0562,3,23.1033012542171,113.343760537364,0.22020490763319298,0.37084312104802,0.46197384421964416,C0489;C0501;C1623,76.66666666666667,230.0,0.7532114033102847,2.259634209930854
P0563,2,23.18788581705455,113.2635177548605,0.1391276320207924,0.6024924799405931,0.3356950262056504,C0951;C2019,85.0,170.0,0.658796203471456,1.317592406942912
P0564,1,23.2130149538251,113.239246938201,0.0,1.0,0.0,C0827,85.0,85.0,0.7391531743449172,0.7391531743449172
P0565,1,22.5707641171455,113.877254149683,0.0,1.0,0.0,C1200,85.0,85.0,0.4513159148398553,0.4513159148398553
P0566,1,23.196973729777,113.248418289811,0.0,1.0,0.0,C0835,85.0,85.0,0.6170429382201446,0.6170429382201446
P0567,3,23.11331983596013,113.26986527546501,0.20360054696718577,0.41828415152232634,0.4676667678765609,C0520;C0559;C1638,83.83333333333333,251.5,0.7526939487097538,2.2580818461292615
P0568,2,23.1690480202556,113.254559731047,0.05792536107278997,0.8344989683634572,0.3635358048163941,C0917;C0974,85.0,170.0,0.71791302543138,1.43582605086276
P0569,3,22.71013818633753,114.26197034689532,0.21249522547441838,0.3928707843588046,0.4646171638169383,C0105;C0108;C1170,85.0,255.0,0.6710736493619073,2.013220948085722
P0570,1,23.0702606106888,113.3288602241,0.0,1.0,0.0,C1711,85.0,85.0,0.7259666717183793,0.7259666717183793
P0571,2,22.58075313346665,113.88588093771301,0.16620196442181542,0.5251372445090987,0.32641239795387106,C0113;C1295,85.0,170.0,0.43224939442980814,0.8644987888596163
P0572,1,23.1480329892352,113.234048502607,0.0,1.0,0.0,C0937,77.5,77.5,0.7546650483958314,0.7546650483958314
P0573,3,22.729642973718867,114.27932807189734,0.16781576033224227,0.5205263990507363,0.4799358375799701,C0080;C0098;C1145,85.0,255.0,0.5722160590412556,1.716648177123767
P0574,1,22.7331561520967,114.297662870028,0.0,1.0,0.0,C0093,85.0,85.0,0.5875465042747421,0.5875465042747421
P0575,1,22.7317745066657,114.249285634117,0.0,1.0,0.0,C1129,85.0,85.0,0.45237820465294887,0.45237820465294887
P0576,1,23.2151875571629,113.332808628053,0.0,1.0,0.0,C0979,79.5,79.5,0.7532640021520104,0.7532640021520104
P0577,1,23.1090109593126,113.306490501722,0.0,1.0,0.0,C1679,85.0,85.0,0.6520605963078533,0.6520605963078533
P0578,2,23.108045052043302,113.3379599421335,0.07712135568416492,0.7796532694738145,0.35695432094963697,C0475;C1646,76.75,153.5,0.7516056605286878,1.5032113210573756
P0579,2,23.102980808927498,113.279622784445,0.06387604365749622,0.8174970181214394,0.36149557078735195,C0464;C1701,83.75,167.5,0.75140854605274,1.50281709210548
P0580,2,23.1019326584288,113.2609671547045,0.12956504055020504,0.629814169856557,0.33897362899556605,C1703;C1723,77.5,155.0,0.751450128313685,1.50290025662737
P0581,2,23.10968365143715,113.2799714320845,0.17315740162021462,0.5052645667993867,0.32402767662870563,C1655;C1708,83.0,166.0,0.7525504246774142,1.5051008493548284
P0582,2,23.07141413077575,113.295146806644,0.03293789961100264,0.9058917153971353,0.37210293446043546,C0611;C1686,85.0,170.0,0.753447336446508,1.506894672893016
P0583,2,23.09798647868475,113.283591666619,0.09750642954465973,0.7214102013009722,0.3499651527688959,C0689;C1698,85.0,170.0,0.7348198560837103,1.4696397121674205
P0584,2,22.56433415693715,113.88467546786299,0.14889965573087302,0.5745724121975057,0.3323446180764799,C0164;C0212,85.0,170.0,0.5199722919190095,1.039944583838019
P0585,2,22.58707484597505,113.9229252931095,0.02517530073375031,0.9280705693321419,0.37476439693263625,C0166;C1273,85.0,170.0,0.6175882334014077,1.2351764668028153
P0586,2,22.589685381541898,113.919236268294,0.03364689669473399,0.9038660094436172,0.37185984974601327,C0172;C1270,85.0,170.0,0.5865101415574666,1.1730202831149332
P0587,2,22.564948392954797,113.914582129773,0.034019916993477756,0.9028002371614922,0.3717319570721583,C0209;C1290,85.0,170.0,0.5807855954040819,1.1615711908081638
P0588,1,23.0926599811392,113.329455741365,0.0,1.0,0.0,C1731,85.0,85.0,0.5921774679470908,0.5921774679470908
P0589,2,23.09880187873795,113.28771526484951,0.017517861810387062,0.949948966256037,0.3773898045635037,C0510;C1738,85.0,170.0,0.7194440930712083,1.4388881861424165
P0590,1,23.1205742181513,113.342664119258,0.0,1.0,0.0,C1540,83.5,83.5,0.752725571646929,0.752725571646929
P0591,1,23.1303996270945,113.345589518523,0.0,1.0,0.0,C1550,85.0,85.0,0.716430186676616,0.716430186676616
P0592,2,23.178663877809647,113.339518689939,0.06397560424614557,0.817212559296727,0.36146143572838646,C0399;C1551,84.25,168.5,0.7508248545424718,1.5016497090849437
P0593,1,23.1996455789925,113.376050949661,0.0,1.0,0.0,C1554,79.0,79.0,0.7529055152760095,0.7529055152760095
P0594,2,23.122170852979302,113.370562524429,0.12118639760509414,0.653753149699731,0.3418463065767469,C0248;C1374,84.5,169.0,0.7538153346875299,1.5076306693750599
P0595,2,23.1629847430849,113.3350697955955,0.0058486511796026226,0.9832895680582783,0.3813906767797726,C0252;C1362,81.5,163.0,0.7512961906850927,1.5025923813701854
P0596,2,23.2178495361164,113.38485186118851,0.09659534025316285,0.7240133135623918,0.3502775262402662,C0255;C0263,67.5,135.0,0.7537000853845186,1.5074001707690372
P0597,2,23.13171669988695,113.4093138911585,0.10347564101643758,0.7043553113816069,0.34791856597857207,C0271;C1511,85.0,170.0,0.6623508199339815,1.324701639867963
P0598,2,23.1224576862967,113.3359839341145,0.045602000479096357,0.8697085700597247,0.36776095701994616,C0273;C1393,78.0,156.0,0.7539359859102841,1.5078719718205682
P0599,2,23.162977946115248,113.304359108409,0.16147526544491259,0.5386420987288212,0.32803298046023777,C0276;C1355,68.5,137.0,0.7523537951573309,1.5047075903146618
P0600,1,23.1996540489449,113.347128721895,0.0,1.0,0.0,C0277,85.0,85.0,0.7220042962888672,0.7220042962888672
P0601,2,23.06709931135715,113.31970545521051,0.12629886673771504,0.6391460950350999,0.3400934600169912,C0595;C1748,75.75,151.5,0.7506052233232765,1.501210446646553
P0602,1,23.1044465588277,113.269627727556,0.0,1.0,0.0,C1750,85.0,85.0,0.7124085326285623,0.7124085326285623
P0603,2,23.15780349383665,113.265896964613,0.10783800135491253,0.6918914247002499,0.3464228995768092,C0741;C1753,81.75,163.5,0.7547132872839653,1.5094265745679305
P0604,1,23.1703589517979,113.229360553372,0.0,1.0,0.0,C1757,82.5,82.5,0.7519835190891037,0.7519835190891037
P0605,1,23.155266853426,113.251906196308,0.0,1.0,0.0,C1759,85.0,85.0,0.7357436793184934,0.7357436793184934
P0606,2,23.130241842831552,113.3566675541195,0.03750153851704802,0.8928527470941485,0.37053825826407705,C1517;C1526,81.5,163.0,0.7526428495484581,1.5052856990969161
P0607,2,23.168805324192,113.246072598981,0.10075535413941386,0.7121275596016747,0.34885123576498017,C0706;C1768,81.75,163.5,0.7535233594735271,1.5070467189470542
P0608,1,23.1682768890906,113.333506485671,0.0,1.0,0.0,C1386,85.0,85.0,0.7125356558031375,0.7125356558031375
P0609,1,23.1381771180587,113.337418196539,0.0,1.0,0.0,C1413,85.0,85.0,0.692740431391135,0.692740431391135
P0610,2,23.1281172436056,113.3502594675115,0.05554451816439791,0.8413013766731487,0.36435209381355704,C1476;C1477,80.75,161.5,0.7503299508753367,1.5006599017506734
P0611,1,23.1514316705407,113.343485254934,0.0,1.0,0.0,C1479,85.0,85.0,0.7067087954916335,0.7067087954916335
P0612,1,23.144682745909,113.347055444419,0.0,1.0,0.0,C1482,85.0,85.0,0.7029352940241977,0.7029352940241977
P0613,2,23.20093747356065,113.40587192984401,0.12956694786577094,0.6298087203835115,0.3389729750588006,C0283;C0408,65.0,130.0,0.7556159550342152,1.5112319100684304
P0614,2,23.143016844567,113.22612543196101,0.09746759928253607,0.7215211449070398,0.34997846600162397,C1893;C2001,66.5,133.0,0.7533691246612992,1.5067382493225985
P0615,2,23.1576838210006,113.35071753280451,0.0871507278715114,0.7509979203671102,0.35351567905683245,C0312;C0389,83.0,166.0,0.7547012659035408,1.5094025318070816
P0616,2,23.1662526659616,113.324478570994,0.13794301899361694,0.6058770885896658,0.3361011792435391,C0316;C0414,80.0,160.0,0.7517085495744689,1.5034170991489377
P0617,1,23.1748031559868,113.332229783339,0.0,1.0,0.0,C0333,85.0,85.0,0.6767857447903818,0.6767857447903818
P0618,1,22.5746732808075,113.886380582424,0.0,1.0,0.0,C1329,85.0,85.0,0.3699834447518653,0.3699834447518653
P0619,1,23.1253451102764,113.42252830746,0.0,1.0,0.0,C1354,85.0,85.0,0.5848659258147947,0.5848659258147947
P0620,2,23.128525032139102,113.391420994211,0.01851305791016223,0.9471055488281079,0.37704859447215217,C0369;C0373,85.0,170.0,0.6872487731695941,1.3744975463391882
P0621,2,23.162917197535897,113.319968906208,0.09373315566690368,0.7321909838088466,0.3512588466698408,C0371;C0372,79.25,158.5,0.7521916735396741,1.5043833470793482
P0622,1,23.1251575271141,113.329205900145,0.0,1.0,0.0,C0392,82.5,82.5,0.7508992445441592,0.7508992445441592
P0623,2,23.13802307962665,113.3637029059045,0.1371572012045201,0.6081222822727996,0.3363706024855152,C0398;C0427,85.0,170.0,0.6970605167756583,1.3941210335513166
P0624,1,22.710196601517,114.252785665253,0.0,1.0,0.0,C1171,85.0,85.0,0.48377159294374283,0.48377159294374283
P0625,1,22.7421404134711,114.263472249329,0.0,1.0,0.0,C1102,85.0,85.0,0.49745028803827734,0.49745028803827734
P0626,2,22.722514710878897,114.2511926542935,0.03237245029574301,0.9075072848693057,0.37229680279709587,C0053;C1103,85.0,170.0,0.553002804427322,1.106005608854644
P0627,2,22.73767935586055,114.25553796591501,0.14980304008807832,0.5719913140340619,0.3320348862968666,C0069;C1110,85.0,170.0,0.5179014586772178,1.0358029173544356
P0628,2,22.74667806800715,114.269544746066,0.024840300452609092,0.9290277129925455,0.37487925417188467,C0101;C1149,85.0,170.0,0.5965464687869545,1.193092937573909
P0629,2,22.7468217565496,114.281248772145,0.016582560016622908,0.9526212570953632,0.37771047946422276,C1025;C1029,85.0,170.0,0.6063720655560558,1.2127441311121117
P0630,1,22.7159407646627,114.264177688646,0.0,1.0,0.0,C1033,85.0,85.0,0.5270864584465763,0.5270864584465763
P0631,2,22.73821758255665,114.265672941972,0.08078788208251589,0.7691774797642403,0.35569722618448807,C0048;C1062,85.0,170.0,0.5419503816252441,1.0839007632504882
P0632,1,22.7290523904969,114.226097799446,0.0,1.0,0.0,C1079,85.0,85.0,0.654000671325393,0.654000671325393
P0633,2,23.09381107249405,113.3415602562945,0.13738467409455468,0.6074723597298437,0.33629261178036046,C0487;C0499,85.0,170.0,0.7356429470269319,1.4712858940538638
P0634,2,23.085023775774502,113.357349785808,0.12356591553882618,0.6469545270319252,0.34103047185661023,C0525;C0539,76.0,152.0,0.7529398335953204,1.5058796671906407
P0635,2,23.219138761535852,113.3356554965525,0.016213120283903197,0.953676799188848,0.377837144515441,C0761;C1852,70.0,140.0,0.7509792788149678,1.5019585576299357
P0636,2,23.149392216161303,113.225715612741,0.04410318751554793,0.8739908928127202,0.3682748357503056,C0731;C0959,68.75,137.5,0.7533696474733766,1.5067392949467533
P0637,1,23.2094977819032,113.294131973842,0.0,1.0,0.0,C0985,85.0,85.0,0.6403346581112493,0.6403346581112493
P0638,1,23.1723660910875,113.255263102913,0.0,1.0,0.0,C0994,85.0,85.0,0.6170876711748897,0.6170876711748897
P0639,2,23.07432168754495,113.28432570618651,0.07008069258744201,0.7997694497501657,0.3593682625827991,C0534;C1642,81.75,163.5,0.7519825485082838,1.5039650970165677
P0640,1,23.0837175823519,113.296943041274,0.0,1.0,0.0,C0545,85.0,85.0,0.6355181769677012,0.6355181769677012
P0641,1,23.0908046953325,113.286798999967,0.0,1.0,0.0,C0560,85.0,85.0,0.6544511301792381,0.6544511301792381
P0642,2,23.19286783255245,113.23982284141451,0.057883512928786546,0.8346185344891812,0.36355015275148095,C0780;C1867,81.0,162.0,0.7536075292265165,1.507215058453033
P0643,2,23.21668950559565,113.237342648648,0.05464847602095548,0.8438614970829843,0.36465930826273735,C1874;C1897,78.0,156.0,0.7539555488620695,1.507911097724139
P0644,1,23.2063714464201,113.228532764845,0.0,1.0,0.0,C0887,79.0,79.0,0.7547509884660191,0.7547509884660191
P0645,1,23.2306603006349,113.30567847666,0.0,1.0,0.0,C0924,85.0,85.0,0.6827451764762015,0.6827451764762015
P0646,2,23.083968326202502,113.385315056255,0.16621626125644362,0.525096396410161,0.32640749618199855,C0576;C0687,73.0,146.0,0.7531148261101497,1.5062296522202994
P0647,1,23.1073799817337,113.295757677747,0.0,1.0,0.0,C0644,85.0,85.0,0.6840493772308001,0.6840493772308001
P0648,2,23.09800036218845,113.2604125997225,0.11418516646163904,0.6737566672524599,0.3442467286830744,C0653;C1719,77.75,155.5,0.7509054898200462,1.5018109796400925
P0649,1,23.1669700734295,113.235862708736,0.0,1.0,0.0,C0792,82.0,82.0,0.7525201021780079,0.7525201021780079
P0650,1,23.1714831695054,113.27213417869,0.0,1.0,0.0,C0805,85.0,85.0,0.6836849570179264,0.6836849570179264
P0651,1,23.1882336966083,113.268476834706,0.0,1.0,0.0,C0700,85.0,85.0,0.5776888062849003,0.5776888062849003
P0652,1,22.7283748334649,114.292856825958,0.0,1.0,0.0,C0026,85.0,85.0,0.5313654145632726,0.5313654145632726
P0653,1,22.7272649060064,114.300991378501,0.0,1.0,0.0,C0116,85.0,85.0,0.6303090427025055,0.6303090427025055
P0654,1,23.1228228709868,113.397523128293,0.0,1.0,0.0,C1582,85.0,85.0,0.6056008106333441,0.6056008106333441
P0655,1,23.0933442840079,113.295580804087,0.0,1.0,0.0,C1718,85.0,85.0,0.5987879779860574,0.5987879779860574
P0656,1,23.1045227432088,113.27487783009,0.0,1.0,0.0,C1607,85.0,85.0,0.7041984552263381,0.7041984552263381
P0657,1,23.1085187878514,113.259835388127,0.0,1.0,0.0,C1635,83.5,83.5,0.7533900704186692,0.7533900704186692
P0658,1,23.1040969185773,113.389157748963,0.0,1.0,0.0,C1625,82.5,82.5,0.7530130098373402,0.7530130098373402
P0659,1,23.1002266880829,113.406400397136,0.0,1.0,0.0,C1624,74.0,74.0,0.7515169771382291,0.7515169771382291
P0660,1,23.101612010579,113.290320999853,0.0,1.0,0.0,C1621,85.0,85.0,0.6391070723182516,0.6391070723182516
P0661,1,23.0811907878814,113.32551996669,0.0,1.0,0.0,C1616,85.0,85.0,0.6499543453868102,0.6499543453868102
P0662,1,23.1095098573546,113.3793361643,0.0,1.0,0.0,C1603,81.0,81.0,0.7515479968304061,0.7515479968304061
P0663,1,23.0884466631565,113.31519081516,0.0,1.0,0.0,C1601,85.0,85.0,0.5758975013182523,0.5758975013182523
P0664,1,23.1975123467916,113.342000788012,0.0,1.0,0.0,C1594,85.0,85.0,0.6783673834334353,0.6783673834334353
P0665,1,23.1272171096896,113.278449171203,0.0,1.0,0.0,C1728,85.0,85.0,0.6638453642940393,0.6638453642940393
P0666,1,23.1344561993677,113.365209181888,0.0,1.0,0.0,C1576,85.0,85.0,0.6219167917902341,0.6219167917902341
P0667,1,22.5771213422124,113.863895058584,0.0,1.0,0.0,C0126,85.0,85.0,0.49647210923110563,0.49647210923110563
P0668,1,22.5582238632521,114.081880419361,0.0,1.0,0.0,C0123,85.0,85.0,0.32767416031867674,0.32767416031867674
P0669,1,22.6996394875779,114.144557889688,0.0,1.0,0.0,C0099,85.0,85.0,0.6453614965840885,0.6453614965840885
P0670,1,22.7870270954263,114.330873478941,0.0,1.0,0.0,C0083,85.0,85.0,0.655463777957185,0.655463777957185
P0671,1,22.7202055922533,114.292028416702,0.0,1.0,0.0,C0081,85.0,85.0,0.6086252799341128,0.6086252799341128
P0672,1,22.7261042929971,114.241421295152,0.0,1.0,0.0,C0043,85.0,85.0,0.5421941271470886,0.5421941271470886
P0673,1,23.0947862290112,113.33674089754,0.0,1.0,0.0,C0676,85.0,85.0,0.6404432507087389,0.6404432507087389
P0674,1,23.1027573466621,113.318254043047,0.0,1.0,0.0,C0672,85.0,85.0,0.6187339062328474,0.6187339062328474
P0675,1,23.1243757118004,113.282918246504,0.0,1.0,0.0,C0662,85.0,85.0,0.6721326882103201,0.6721326882103201
P0676,1,23.1489951738186,113.170112364328,0.0,1.0,0.0,C0816,81.0,81.0,0.7517340167997981,0.7517340167997981
P0677,1,23.2561485253707,113.321468356417,0.0,1.0,0.0,C0806,85.0,85.0,0.7227610459380308,0.7227610459380308
P0678,1,23.1974612751226,113.236632605965,0.0,1.0,0.0,C0782,78.5,78.5,0.7501124920535281,0.7501124920535281
P0679,1,23.1647831858942,113.247380940083,0.0,1.0,0.0,C0776,85.0,85.0,0.730438575003835,0.730438575003835
P0680,1,23.2423481444604,113.22618585187,0.0,1.0,0.0,C1884,74.0,74.0,0.7549121704382916,0.7549121704382916
P0681,1,23.2098914045506,113.237728810873,0.0,1.0,0.0,C1880,84.0,84.0,0.7528140026089193,0.7528140026089193
P0682,1,23.0954427120507,113.345369123757,0.0,1.0,0.0,C0650,85.0,85.0,0.6762713492314215,0.6762713492314215
P0683,1,23.0937713348071,113.367605189954,0.0,1.0,0.0,C0649,78.5,78.5,0.7522291366528955,0.7522291366528955
P0684,1,23.0806586778044,113.277004791164,0.0,1.0,0.0,C0642,85.0,85.0,0.736743453191271,0.736743453191271
P0685,1,23.0990886691124,113.308788906199,0.0,1.0,0.0,C0608,85.0,85.0,0.6072764398492103,0.6072764398492103
P0686,1,23.1379792964032,113.210516888526,0.0,1.0,0.0,C0607,65.5,65.5,0.7520303234073658,0.7520303234073658
P0687,1,23.1101908704676,113.329127978431,0.0,1.0,0.0,C0594,85.0,85.0,0.7219644863476989,0.7219644863476989
P0688,1,23.178930341128,113.253519222427,0.0,1.0,0.0,C0938,85.0,85.0,0.6356381075037517,0.6356381075037517
P0689,1,23.2213833379066,113.278769999989,0.0,1.0,0.0,C0933,85.0,85.0,0.5888406866004022,0.5888406866004022
P0690,1,23.2205046444513,113.282637918591,0.0,1.0,0.0,C0926,85.0,85.0,0.5929996152193014,0.5929996152193014
P0691,1,23.2258926014348,113.260713841085,0.0,1.0,0.0,C0907,85.0,85.0,0.7200047174634975,0.7200047174634975
P0692,1,23.2419148046402,113.296957953145,0.0,1.0,0.0,C0906,85.0,85.0,0.7143865648944056,0.7143865648944056
P0693,1,23.3645578546087,113.209898843556,0.0,1.0,0.0,C0898,85.0,85.0,0.7513673447076393,0.7513673447076393
P0694,1,23.2419626215179,113.34972702387,0.0,1.0,0.0,C0893,77.0,77.0,0.7502634478141894,0.7502634478141894
P0695,1,23.2039611984407,113.270481416027,0.0,1.0,0.0,C0886,85.0,85.0,0.6039998056159336,0.6039998056159336
P0696,1,23.1839400720329,113.279390783123,0.0,1.0,0.0,C0871,85.0,85.0,0.676350530201101,0.676350530201101
P0697,1,23.2175785364645,113.257989904848,0.0,1.0,0.0,C1873,85.0,85.0,0.639946158240482,0.639946158240482
P0698,1,23.2305304448983,113.272344113586,0.0,1.0,0.0,C0857,85.0,85.0,0.7108176789513949,0.7108176789513949
P0699,1,23.1094777640312,113.274779942637,0.0,1.0,0.0,C0566,85.0,85.0,0.6718888184686438,0.6718888184686438
P0700,1,23.0751065724343,113.276269971867,0.0,1.0,0.0,C0565,83.0,83.0,0.7545503114230734,0.7545503114230734
P0701,1,23.1171205770157,113.278745688377,0.0,1.0,0.0,C0563,85.0,85.0,0.6733777824734369,0.6733777824734369
P0702,1,23.0604548073644,113.339668376383,0.0,1.0,0.0,C0551,71.5,71.5,0.7536139338998525,0.7536139338998525
P0703,1,23.4244009978398,113.318362686999,0.0,1.0,0.0,C1930,76.5,76.5,0.7535986673979075,0.7535986673979075
P0704,1,23.0870243776235,113.319858403402,0.0,1.0,0.0,C0533,85.0,85.0,0.5855480254996352,0.5855480254996352
P0705,1,22.7346610795393,114.383257670671,0.0,1.0,0.0,C1014,85.0,85.0,0.6529163116441478,0.6529163116441478
P0706,1,22.6992679851004,114.264191573754,0.0,1.0,0.0,C1005,85.0,85.0,0.7469210209444357,0.7469210209444357
P0707,1,23.1346461896624,113.305101647743,0.0,1.0,0.0,C0997,85.0,85.0,0.6730166647617105,0.6730166647617105
P0708,1,23.1410603631778,113.517519004649,0.0,1.0,0.0,C0988,80.0,80.0,0.7523060525546065,0.7523060525546065
P0709,1,23.2363059970845,113.345920274611,0.0,1.0,0.0,C0969,71.0,71.0,0.7549185838983394,0.7549185838983394
P0710,1,23.152970337754,113.412541484889,0.0,1.0,0.0,C0954,71.5,71.5,0.7549392515361733,0.7549392515361733
P0711,1,23.2007225762166,113.16511966495,0.0,1.0,0.0,C1850,74.0,74.0,0.7542955897842991,0.7542955897842991
P0712,1,23.1095973264298,113.264458310822,0.0,1.0,0.0,C0519,85.0,85.0,0.6954025100115644,0.6954025100115644
P0713,1,23.1042006852508,113.353216654215,0.0,1.0,0.0,C0500,82.5,82.5,0.7542963469798091,0.7542963469798091
P0714,1,23.0945474817537,113.287680253841,0.0,1.0,0.0,C0495,85.0,85.0,0.6458432328649422,0.6458432328649422
P0715,1,23.1040893557202,113.335138942138,0.0,1.0,0.0,C0477,85.0,85.0,0.6518961354701631,0.6518961354701631
P0716,1,23.1090703557804,113.254701360139,0.0,1.0,0.0,C0471,83.5,83.5,0.7505994473117852,0.7505994473117852
P0717,1,23.2090923276853,113.24838392154,0.0,1.0,0.0,C1939,85.0,85.0,0.6700600803938358,0.6700600803938358
P0718,1,22.7912047145946,114.105584721896,0.0,1.0,0.0,C1072,85.0,85.0,0.6594593417177967,0.6594593417177967
P0719,1,22.57081030331,114.144595274468,0.0,1.0,0.0,C1070,85.0,85.0,0.3330578632607248,0.3330578632607248
P0720,1,22.6095179833464,114.129479113063,0.0,1.0,0.0,C1060,85.0,85.0,0.3517296767731302,0.3517296767731302
P0721,1,22.6745584222898,114.227720857841,0.0,1.0,0.0,C1058,85.0,85.0,0.5988691413087924,0.5988691413087924
P0722,1,22.7331071008026,114.252687945711,0.0,1.0,0.0,C1045,85.0,85.0,0.4249051499111114,0.4249051499111114
P0723,1,23.205285986775,113.325773326921,0.0,1.0,0.0,C1838,85.0,85.0,0.7414855815987823,0.7414855815987823
P0724,1,23.3318560434536,113.303805286893,0.0,1.0,0.0,C1831,85.0,85.0,0.6301151021542715,0.6301151021542715
P0725,1,22.6389249197101,114.513000409739,0.0,1.0,0.0,C1166,79.5,79.5,0.7542651880780874,0.7542651880780874
P0726,1,22.647975167273,114.237841032967,0.0,1.0,0.0,C1163,85.0,85.0,0.5825627676839477,0.5825627676839477
P0727,1,22.5967178696917,114.482332121438,0.0,1.0,0.0,C1146,82.5,82.5,0.7504839629492759,0.7504839629492759
P0728,1,22.7322166367967,114.256764703597,0.0,1.0,0.0,C1126,85.0,85.0,0.42731384999912153,0.42731384999912153
P0729,1,22.7263929482721,114.247014832459,0.0,1.0,0.0,C1107,85.0,85.0,0.44513546321859065,0.44513546321859065
P0730,1,23.1982115699333,113.147193356877,0.0,1.0,0.0,C1824,71.0,71.0,0.7513641605274328,0.7513641605274328
P0731,1,22.5531613949393,114.124639132808,0.0,1.0,0.0,C1088,85.0,85.0,0.27401909432597327,0.27401909432597327
P0732,1,23.1052404738358,113.265157488051,0.0,1.0,0.0,C0463,85.0,85.0,0.7376426407389066,0.7376426407389066
P0733,1,23.1154526943948,113.40263502383,0.0,1.0,0.0,C0433,85.0,85.0,0.6387013146202581,0.6387013146202581
P0734,1,23.1632900116537,113.344705000206,0.0,1.0,0.0,C0432,85.0,85.0,0.7121904438610632,0.7121904438610632
P0735,1,23.1637637912665,113.435694787485,0.0,1.0,0.0,C0428,71.0,71.0,0.7513097153583677,0.7513097153583677
P0736,1,23.1571379834538,113.341841787936,0.0,1.0,0.0,C0426,85.0,85.0,0.7183387314346681,0.7183387314346681
P0737,1,23.1620205912619,113.313013333384,0.0,1.0,0.0,C0407,78.5,78.5,0.7545076390252381,0.7545076390252381
P0738,1,23.1229043142311,113.352700409717,0.0,1.0,0.0,C0402,85.0,85.0,0.7211024331924473,0.7211024331924473
P0739,1,22.5689957241228,113.920737975337,0.0,1.0,0.0,C1244,85.0,85.0,0.49611868283295474,0.49611868283295474
P0740,1,22.5383581349828,113.925691805037,0.0,1.0,0.0,C1243,85.0,85.0,0.4461689389770948,0.4461689389770948
P0741,1,22.6692905859051,113.817826177368,0.0,1.0,0.0,C1230,85.0,85.0,0.4914452825958071,0.4914452825958071
P0742,1,22.5600123793404,113.896685515638,0.0,1.0,0.0,C1226,85.0,85.0,0.47408336675597423,0.47408336675597423
P0743,1,22.5637128540259,113.890641282287,0.0,1.0,0.0,C1220,85.0,85.0,0.4155215182396734,0.4155215182396734
P0744,1,22.5963842044994,113.904493647314,0.0,1.0,0.0,C1205,85.0,85.0,0.4746722274199598,0.4746722274199598
P0745,1,22.7410132714443,114.267878111057,0.0,1.0,0.0,C1172,85.0,85.0,0.4692481083797694,0.4692481083797694
P0746,1,23.1431788002955,113.280658379333,0.0,1.0,0.0,C1804,85.0,85.0,0.6060027710141468,0.6060027710141468
P0747,1,22.7284182040535,114.236267104697,0.0,1.0,0.0,C1168,85.0,85.0,0.5734928658937081,0.5734928658937081
P0748,1,23.1761037710277,113.374706640856,0.0,1.0,0.0,C0396,85.0,85.0,0.6682648119322411,0.6682648119322411
P0749,1,23.1989919367917,113.423896900158,0.0,1.0,0.0,C0370,73.5,73.5,0.7508334772271257,0.7508334772271257
P0750,1,23.1977399501433,113.418300905088,0.0,1.0,0.0,C0366,71.5,71.5,0.7549828799511931,0.7549828799511931
P0751,1,23.126380534188,113.394237266874,0.0,1.0,0.0,C0364,85.0,85.0,0.6085569783335649,0.6085569783335649
P0752,1,23.1136875331374,113.429036149996,0.0,1.0,0.0,C0363,85.0,85.0,0.7227682126338588,0.7227682126338588
P0753,1,23.1157516618098,113.431733465899,0.0,1.0,0.0,C0362,85.0,85.0,0.7298012110553079,0.7298012110553079
P0754,1,23.1744284593286,113.405518627634,0.0,1.0,0.0,C0349,75.0,75.0,0.7548775522223995,0.7548775522223995
P0755,1,23.1599832035451,113.3275620343,0.0,1.0,0.0,C1376,85.0,85.0,0.7255646545327754,0.7255646545327754
P0756,1,22.5909701887184,113.885821128532,0.0,1.0,0.0,C1330,85.0,85.0,0.4277072482662121,0.4277072482662121
P0757,1,22.5899027889047,113.889893860662,0.0,1.0,0.0,C1309,85.0,85.0,0.4167735899646413,0.4167735899646413
P0758,1,22.5573788844305,113.902295568291,0.0,1.0,0.0,C1291,85.0,85.0,0.5154210693430271,0.5154210693430271
P0759,1,23.1758544962636,113.398655180083,0.0,1.0,0.0,C0345,85.0,85.0,0.7363120765838415,0.7363120765838415
P0760,1,23.1518175188293,113.317038758051,0.0,1.0,0.0,C0314,83.5,83.5,0.7537924930845423,0.7537924930845423
P0761,1,23.1488970922941,113.314152388591,0.0,1.0,0.0,C0308,85.0,85.0,0.7466135183765953,0.7466135183765953
P0762,1,23.1158731632186,113.413816391509,0.0,1.0,0.0,C0301,85.0,85.0,0.597212002494342,0.597212002494342
P0763,1,23.1347198980372,113.369256150616,0.0,1.0,0.0,C0293,85.0,85.0,0.6167567249532687,0.6167567249532687
P0764,1,23.2046780123776,113.432874000388,0.0,1.0,0.0,C0287,75.5,75.5,0.7510298330446473,0.7510298330446473
P0765,1,23.156182875043,113.312235008253,0.0,1.0,0.0,C0280,78.5,78.5,0.7507860801292952,0.7507860801292952
P0766,1,23.1307505546616,113.335756320566,0.0,1.0,0.0,C0279,85.0,85.0,0.7188543765859513,0.7188543765859513
P0767,1,23.1415417491278,113.335261700078,0.0,1.0,0.0,C1423,85.0,85.0,0.6985887013050442,0.6985887013050442
P0768,1,23.1410157273548,113.340036577438,0.0,1.0,0.0,C1415,85.0,85.0,0.6997338720138094,0.6997338720138094
P0769,1,23.1355100606266,113.341036925962,0.0,1.0,0.0,C1411,85.0,85.0,0.6875306451437319,0.6875306451437319
P0770,1,23.1904090878561,113.366892506702,0.0,1.0,0.0,C1408,85.0,85.0,0.7349824449984167,0.7349824449984167
P0771,1,23.1855990619813,113.427284456947,0.0,1.0,0.0,C1403,68.0,68.0,0.7505504452031913,0.7505504452031913
P0772,1,23.1582535912919,113.323166914696,0.0,1.0,0.0,C1378,85.0,85.0,0.7280983954067601,0.7280983954067601
P0773,1,23.1565754964545,113.374250375018,0.0,1.0,0.0,C1509,85.0,85.0,0.6325565732910049,0.6325565732910049
P0774,1,23.2687280134463,113.307637999875,0.0,1.0,0.0,C1756,85.0,85.0,0.6746277397826199,0.6746277397826199
P0775,1,23.104212228431,113.379969338531,0.0,1.0,0.0,C1506,80.0,80.0,0.7541094133190585,0.7541094133190585
P0776,1,23.1513392763658,113.327714928593,0.0,1.0,0.0,C1495,85.0,85.0,0.7317385273325347,0.7317385273325347
P0777,1,23.2077430032348,113.387109341112,0.0,1.0,0.0,C0264,80.0,80.0,0.7512946442776699,0.7512946442776699
P0778,1,23.2224010456214,113.290996330664,0.0,1.0,0.0,C2017,85.0,85.0,0.5703551151687257,0.5703551151687257
P0779,1,23.2166450125323,113.391511000381,0.0,1.0,0.0,C0257,73.0,73.0,0.7548888640198453,0.7548888640198453
P0780,1,23.1912179032022,113.335667565287,0.0,1.0,0.0,C0246,85.0,85.0,0.6721234314598417,0.6721234314598417
P0781,1,23.1687891455769,113.419959772635,0.0,1.0,0.0,C1575,68.0,68.0,0.7523814299415574,0.7523814299415574
P0782,1,23.1791280119225,113.419112000404,0.0,1.0,0.0,C1556,68.0,68.0,0.7511547198368171,0.7511547198368171
P0783,1,23.1655482057407,113.28465001334,0.0,1.0,0.0,C1553,81.0,81.0,0.7549608613974037,0.7549608613974037
P0784,1,23.1353511711254,113.321899771232,0.0,1.0,0.0,C1549,85.0,85.0,0.7284795631400041,0.7284795631400041
P0785,1,23.205588637303,113.392625192061,0.0,1.0,0.0,C1539,76.0,76.0,0.7534358515945134,0.7534358515945134
P0786,1,23.1156244476948,113.289182233229,0.0,1.0,0.0,C1743,85.0,85.0,0.6805157082301814,0.6805157082301814
P0787,1,23.0948919801745,113.28017365368,0.0,1.0,0.0,C1741,85.0,85.0,0.6715872277994328,0.6715872277994328
P0788,1,23.0705277855612,113.316860031187,0.0,1.0,0.0,C1737,85.0,85.0,0.7380825198215574,0.7380825198215574
P0789,1,23.1130407768131,113.424580755889,0.0,1.0,0.0,C1537,85.0,85.0,0.7132188071993805,0.7132188071993805
P0790,1,23.1719624673318,113.353351492567,0.0,1.0,0.0,C0242,85.0,85.0,0.7168725113769774,0.7168725113769774
P0791,1,23.1740206603861,113.36582515357,0.0,1.0,0.0,C0239,85.0,85.0,0.7381436296075344,0.7381436296075344
P0792,1,23.1630620678497,113.348986654841,0.0,1.0,0.0,C0236,85.0,85.0,0.6774052999670588,0.6774052999670588
P0793,1,23.1556896728855,113.414429184985,0.0,1.0,0.0,C0223,65.0,65.0,0.7522846302829156,0.7522846302829156
P0794,1,22.7469085876985,114.02461963424,0.0,1.0,0.0,C0189,85.0,85.0,0.4179364566071935,0.4179364566071935
P0795,1,22.5554462408022,113.899186345176,0.0,1.0,0.0,C0186,85.0,85.0,0.5269820974586608,0.5269820974586608
P0796,1,23.1694847382257,113.285222489967,0.0,1.0,0.0,C2034,82.0,82.0,0.7535752569517518,0.7535752569517518
P0797,1,22.6076656627427,113.85855185387,0.0,1.0,0.0,C0162,85.0,85.0,0.49772083295989805,0.49772083295989805
P0798,1,23.15929622415,113.368953794456,0.0,1.0,0.0,C2066,85.0,85.0,0.6639181759706027,0.6639181759706027
P0799,1,23.2445115016537,113.304844177215,0.0,1.0,0.0,C2052,85.0,85.0,0.6659191276050106,0.6659191276050106
P0800,1,22.7539249283792,114.381925285972,0.0,1.0,0.0,C0006,85.0,85.0,0.659103470963439,0.659103470963439
P0801,1,23.1065110975386,113.320810304064,0.0,1.0,0.0,C1688,85.0,85.0,0.6474555581857447,0.6474555581857447
P0802,1,23.0703922091833,113.305260350479,0.0,1.0,0.0,C1662,85.0,85.0,0.7027404902009795,0.7027404902009795
P0803,1,23.0672571151264,113.327370086175,0.0,1.0,0.0,C1659,75.5,75.5,0.7531511818984657,0.7531511818984657
