mirror_id,x_m,y_m,z_m
1,-51.075,-345.05226165564795,3.15
2,-39.72500000000001,-345.05226165564795,3.15
3,-28.375000000000004,-345.05226165564795,3.15
4,-17.025000000000002,-345.05226165564795,3.15
5,-5.675000000000001,-345.05226165564795,3.15
6,5.675000000000001,-345.05226165564795,3.15
7,17.025000000000002,-345.05226165564795,3.15
8,28.375000000000004,-345.05226165564795,3.15
9,39.72500000000001,-345.05226165564795,3.15
10,51.075,-345.05226165564795,3.15
11,-90.80000000000001,-335.22287332269457,3.15
12,-79.45000000000002,-335.22287332269457,3.15
13,-68.10000000000001,-335.22287332269457,3.15
14,-56.75000000000001,-335.22287332269457,3.15
15,-45.400000000000006,-335.22287332269457,3.15
16,-34.050000000000004,-335.22287332269457,3.15
17,-22.700000000000003,-335.22287332269457,3.15
18,-11.350000000000001,-335.22287332269457,3.15
19,0.0,-335.22287332269457,3.15
20,11.350000000000001,-335.22287332269457,3.15
21,22.700000000000003,-335.22287332269457,3.15
22,34.050000000000004,-335.22287332269457,3.15
23,45.400000000000006,-335.22287332269457,3.15
24,56.75000000000001,-335.22287332269457,3.15
25,68.10000000000001,-335.22287332269457,3.15
26,79.45000000000002,-335.22287332269457,3.15
27,90.80000000000001,-335.22287332269457,3.15
28,-119.17500000000003,-325.39348498974124,3.15
29,-107.82500000000002,-325.39348498974124,3.15
30,-96.47500000000001,-325.39348498974124,3.15
31,-85.12500000000001,-325.39348498974124,3.15
32,-73.77500000000002,-325.39348498974124,3.15
33,-62.42500000000001,-325.39348498974124,3.15
34,-51.075,-325.39348498974124,3.15
35,-39.72500000000001,-325.39348498974124,3.15
36,-28.375000000000004,-325.39348498974124,3.15
37,-17.025000000000002,-325.39348498974124,3.15
38,-5.675000000000001,-325.39348498974124,3.15
39,5.675000000000001,-325.39348498974124,3.15
40,17.025000000000002,-325.39348498974124,3.15
41,28.375000000000004,-325.39348498974124,3.15
42,39.72500000000001,-325.39348498974124,3.15
43,51.075,-325.39348498974124,3.15
44,62.42500000000001,-325.39348498974124,3.15
45,73.775,-325.39348498974124,3.15
46,85.12500000000001,-325.39348498974124,3.15
47,96.47500000000001,-325.39348498974124,3.15
48,107.825,-325.39348498974124,3.15
49,119.17500000000001,-325.39348498974124,3.15
50,-147.55,-315.56409665678785,3.15
51,-136.20000000000002,-315.56409665678785,3.15
52,-124.85000000000002,-315.56409665678785,3.15
53,-113.50000000000001,-315.56409665678785,3.15
54,-102.15,-315.56409665678785,3.15
55,-90.80000000000001,-315.56409665678785,3.15
56,-79.45000000000002,-315.56409665678785,3.15
57,-68.10000000000001,-315.56409665678785,3.15
58,-56.75000000000001,-315.56409665678785,3.15
59,-45.400000000000006,-315.56409665678785,3.15
60,-34.050000000000004,-315.56409665678785,3.15
61,-22.700000000000003,-315.56409665678785,3.15
62,-11.350000000000001,-315.56409665678785,3.15
63,0.0,-315.56409665678785,3.15
64,11.350000000000001,-315.56409665678785,3.15
65,22.700000000000003,-315.56409665678785,3.15
66,34.050000000000004,-315.56409665678785,3.15
67,45.400000000000006,-315.56409665678785,3.15
68,56.75000000000001,-315.56409665678785,3.15
69,68.10000000000001,-315.56409665678785,3.15
70,79.45000000000002,-315.56409665678785,3.15
71,90.80000000000001,-315.56409665678785,3.15
72,102.15,-315.56409665678785,3.15
73,113.50000000000001,-315.56409665678785,3.15
74,124.85000000000002,-315.56409665678785,3.15
75,136.20000000000002,-315.56409665678785,3.15
76,147.55,-315.56409665678785,3.15
77,-164.57500000000002,-305.73470832383447,3.15
78,-153.22500000000002,-305.73470832383447,3.15
79,-141.875,-305.73470832383447,3.15
80,-130.525,-305.73470832383447,3.15
81,-119.17500000000003,-305.73470832383447,3.15
82,-107.82500000000002,-305.73470832383447,3.15
83,-96.47500000000001,-305.73470832383447,3.15
84,-85.12500000000001,-305.73470832383447,3.15
85,-73.77500000000002,-305.73470832383447,3.15
86,-62.42500000000001,-305.73470832383447,3.15
87,-51.075,-305.73470832383447,3.15
88,-39.72500000000001,-305.73470832383447,3.15
89,-28.375000000000004,-305.73470832383447,3.15
90,-17.025000000000002,-305.73470832383447,3.15
91,-5.675000000000001,-305.73470832383447,3.15
92,5.675000000000001,-305.73470832383447,3.15
93,17.025000000000002,-305.73470832383447,3.15
94,28.375000000000004,-305.73470832383447,3.15
95,39.72500000000001,-305.73470832383447,3.15
96,51.075,-305.73470832383447,3.15
97,62.42500000000001,-305.73470832383447,3.15
98,73.775,-305.73470832383447,3.15
99,85.12500000000001,-305.73470832383447,3.15
100,96.47500000000001,-305.73470832383447,3.15
101,107.825,-305.73470832383447,3.15
102,119.17500000000001,-305.73470832383447,3.15
103,130.52500000000003,-305.73470832383447,3.15
104,141.87500000000003,-305.73470832383447,3.15
105,153.22500000000002,-305.73470832383447,3.15
106,164.57500000000005,-305.73470832383447,3.15
107,-181.60000000000002,-295.9053199908811,3.15
108,-170.25000000000003,-295.9053199908811,3.15
109,-158.90000000000003,-295.9053199908811,3.15
110,-147.55,-295.9053199908811,3.15
111,-136.20000000000002,-295.9053199908811,3.15
112,-124.85000000000002,-295.9053199908811,3.15
113,-113.50000000000001,-295.9053199908811,3.15
114,-102.15,-295.9053199908811,3.15
115,-90.80000000000001,-295.9053199908811,3.15
116,-79.45000000000002,-295.9053199908811,3.15
117,-68.10000000000001,-295.9053199908811,3.15
118,-56.75000000000001,-295.9053199908811,3.15
119,-45.400000000000006,-295.9053199908811,3.15
120,-34.050000000000004,-295.9053199908811,3.15
121,-22.700000000000003,-295.9053199908811,3.15
122,-11.350000000000001,-295.9053199908811,3.15
123,0.0,-295.9053199908811,3.15
124,11.350000000000001,-295.9053199908811,3.15
125,22.700000000000003,-295.9053199908811,3.15
126,34.050000000000004,-295.9053199908811,3.15
127,45.400000000000006,-295.9053199908811,3.15
128,56.75000000000001,-295.9053199908811,3.15
129,68.10000000000001,-295.9053199908811,3.15
130,79.45000000000002,-295.9053199908811,3.15
131,90.80000000000001,-295.9053199908811,3.15
132,102.15,-295.9053199908811,3.15
133,113.50000000000001,-295.9053199908811,3.15
134,124.85000000000002,-295.9053199908811,3.15
135,136.20000000000002,-295.9053199908811,3.15
136,147.55,-295.9053199908811,3.15
137,158.90000000000003,-295.9053199908811,3.15
138,170.25000000000003,-295.9053199908811,3.15
139,181.60000000000002,-295.9053199908811,3.15
140,-198.625,-286.0759316579277,3.15
141,-187.275,-286.0759316579277,3.15
142,-175.925,-286.0759316579277,3.15
143,-164.57500000000002,-286.0759316579277,3.15
144,-153.22500000000002,-286.0759316579277,3.15
145,-141.875,-286.0759316579277,3.15
146,-130.525,-286.0759316579277,3.15
147,-119.17500000000003,-286.0759316579277,3.15
148,-107.82500000000002,-286.0759316579277,3.15
149,-96.47500000000001,-286.0759316579277,3.15
150,-85.12500000000001,-286.0759316579277,3.15
151,-73.77500000000002,-286.0759316579277,3.15
152,-62.42500000000001,-286.0759316579277,3.15
153,-51.075,-286.0759316579277,3.15
154,-39.72500000000001,-286.0759316579277,3.15
155,-28.375000000000004,-286.0759316579277,3.15
156,-17.025000000000002,-286.0759316579277,3.15
157,-5.675000000000001,-286.0759316579277,3.15
158,5.675000000000001,-286.0759316579277,3.15
159,17.025000000000002,-286.0759316579277,3.15
160,28.375000000000004,-286.0759316579277,3.15
161,39.72500000000001,-286.0759316579277,3.15
162,51.075,-286.0759316579277,3.15
163,62.42500000000001,-286.0759316579277,3.15
164,73.775,-286.0759316579277,3.15
165,85.12500000000001,-286.0759316579277,3.15
166,96.47500000000001,-286.0759316579277,3.15
167,107.825,-286.0759316579277,3.15
168,119.17500000000001,-286.0759316579277,3.15
169,130.52500000000003,-286.0759316579277,3.15
170,141.87500000000003,-286.0759316579277,3.15
171,153.22500000000002,-286.0759316579277,3.15
172,164.57500000000005,-286.0759316579277,3.15
173,175.92500000000004,-286.0759316579277,3.15
174,187.27500000000003,-286.0759316579277,3.15
175,198.62500000000003,-286.0759316579277,3.15
176,-204.3,-276.2465433249743,3.15
177,-192.95000000000002,-276.2465433249743,3.15
178,-181.60000000000002,-276.2465433249743,3.15
179,-170.25000000000003,-276.2465433249743,3.15
180,-158.90000000000003,-276.2465433249743,3.15
181,-147.55,-276.2465433249743,3.15
182,-136.20000000000002,-276.2465433249743,3.15
183,-124.85000000000002,-276.2465433249743,3.15
184,-113.50000000000001,-276.2465433249743,3.15
185,-102.15,-276.2465433249743,3.15
186,-90.80000000000001,-276.2465433249743,3.15
187,-79.45000000000002,-276.2465433249743,3.15
188,-68.10000000000001,-276.2465433249743,3.15
189,-56.75000000000001,-276.2465433249743,3.15
190,-45.400000000000006,-276.2465433249743,3.15
191,-34.050000000000004,-276.2465433249743,3.15
192,-22.700000000000003,-276.2465433249743,3.15
193,-11.350000000000001,-276.2465433249743,3.15
194,0.0,-276.2465433249743,3.15
195,11.350000000000001,-276.2465433249743,3.15
196,22.700000000000003,-276.2465433249743,3.15
197,34.050000000000004,-276.2465433249743,3.15
198,45.400000000000006,-276.2465433249743,3.15
199,56.75000000000001,-276.2465433249743,3.15
200,68.10000000000001,-276.2465433249743,3.15
201,79.45000000000002,-276.2465433249743,3.15
202,90.80000000000001,-276.2465433249743,3.15
203,102.15,-276.2465433249743,3.15
204,113.50000000000001,-276.2465433249743,3.15
205,124.85000000000002,-276.2465433249743,3.15
206,136.20000000000002,-276.2465433249743,3.15
207,147.55,-276.2465433249743,3.15
208,158.90000000000003,-276.2465433249743,3.15
209,170.25000000000003,-276.2465433249743,3.15
210,181.60000000000002,-276.2465433249743,3.15
211,192.95000000000002,-276.2465433249743,3.15
212,204.3,-276.2465433249743,3.15
213,-221.32500000000002,-266.417154992021,3.15
214,-209.97500000000002,-266.417154992021,3.15
215,-198.625,-266.417154992021,3.15
216,-187.275,-266.417154992021,3.15
217,-175.925,-266.417154992021,3.15
218,-164.57500000000002,-266.417154992021,3.15
219,-153.22500000000002,-266.417154992021,3.15
220,-141.875,-266.417154992021,3.15
221,-130.525,-266.417154992021,3.15
222,-119.17500000000003,-266.417154992021,3.15
223,-107.82500000000002,-266.417154992021,3.15
224,-96.47500000000001,-266.417154992021,3.15
225,-85.12500000000001,-266.417154992021,3.15
226,-73.77500000000002,-266.417154992021,3.15
227,-62.42500000000001,-266.417154992021,3.15
228,-51.075,-266.417154992021,3.15
229,-39.72500000000001,-266.417154992021,3.15
230,-28.375000000000004,-266.417154992021,3.15
231,-17.025000000000002,-266.417154992021,3.15
232,-5.675000000000001,-266.417154992021,3.15
233,5.675000000000001,-266.417154992021,3.15
234,17.025000000000002,-266.417154992021,3.15
235,28.375000000000004,-266.417154992021,3.15
236,39.72500000000001,-266.417154992021,3.15
237,51.075,-266.417154992021,3.15
238,62.42500000000001,-266.417154992021,3.15
239,73.775,-266.417154992021,3.15
240,85.12500000000001,-266.417154992021,3.15
241,96.47500000000001,-266.417154992021,3.15
242,107.825,-266.417154992021,3.15
243,119.17500000000001,-266.417154992021,3.15
244,130.52500000000003,-266.417154992021,3.15
245,141.87500000000003,-266.417154992021,3.15
246,153.22500000000002,-266.417154992021,3.15
247,164.57500000000005,-266.417154992021,3.15
248,175.92500000000004,-266.417154992021,3.15
249,187.27500000000003,-266.417154992021,3.15
250,198.62500000000003,-266.417154992021,3.15
251,209.97500000000002,-266.417154992021,3.15
252,221.32500000000005,-266.417154992021,3.15
253,-227.00000000000003,-256.5877666590676,3.15
254,-215.65000000000003,-256.5877666590676,3.15
255,-204.3,-256.5877666590676,3.15
256,-192.95000000000002,-256.5877666590676,3.15
257,-181.60000000000002,-256.5877666590676,3.15
258,-170.25000000000003,-256.5877666590676,3.15
259,-158.90000000000003,-256.5877666590676,3.15
260,-147.55,-256.5877666590676,3.15
261,-136.20000000000002,-256.5877666590676,3.15
262,-124.85000000000002,-256.5877666590676,3.15
263,-113.50000000000001,-256.5877666590676,3.15
264,-102.15,-256.5877666590676,3.15
265,-90.80000000000001,-256.5877666590676,3.15
266,-79.45000000000002,-256.5877666590676,3.15
267,-68.10000000000001,-256.5877666590676,3.15
268,-56.75000000000001,-256.5877666590676,3.15
269,-45.400000000000006,-256.5877666590676,3.15
270,-34.050000000000004,-256.5877666590676,3.15
271,-22.700000000000003,-256.5877666590676,3.15
272,-11.350000000000001,-256.5877666590676,3.15
273,0.0,-256.5877666590676,3.15
274,11.350000000000001,-256.5877666590676,3.15
275,22.700000000000003,-256.5877666590676,3.15
276,34.050000000000004,-256.5877666590676,3.15
277,45.400000000000006,-256.5877666590676,3.15
278,56.75000000000001,-256.5877666590676,3.15
279,68.10000000000001,-256.5877666590676,3.15
280,79.45000000000002,-256.5877666590676,3.15
281,90.80000000000001,-256.5877666590676,3.15
282,102.15,-256.5877666590676,3.15
283,113.50000000000001,-256.5877666590676,3.15
284,124.85000000000002,-256.5877666590676,3.15
285,136.20000000000002,-256.5877666590676,3.15
286,147.55,-256.5877666590676,3.15
287,158.90000000000003,-256.5877666590676,3.15
288,170.25000000000003,-256.5877666590676,3.15
289,181.60000000000002,-256.5877666590676,3.15
290,192.95000000000002,-256.5877666590676,3.15
291,204.3,-256.5877666590676,3.15
292,215.65000000000003,-256.5877666590676,3.15
293,227.00000000000003,-256.5877666590676,3.15
294,-244.02500000000003,-246.75837832611418,3.15
295,-232.675,-246.75837832611418,3.15
296,-221.32500000000002,-246.75837832611418,3.15
297,-209.97500000000002,-246.75837832611418,3.15
298,-198.625,-246.75837832611418,3.15
299,-187.275,-246.75837832611418,3.15
300,-175.925,-246.75837832611418,3.15
301,-164.57500000000002,-246.75837832611418,3.15
302,-153.22500000000002,-246.75837832611418,3.15
303,-141.875,-246.75837832611418,3.15
304,-130.525,-246.75837832611418,3.15
305,-119.17500000000003,-246.75837832611418,3.15
306,-107.82500000000002,-246.75837832611418,3.15
307,-96.47500000000001,-246.75837832611418,3.15
308,-85.12500000000001,-246.75837832611418,3.15
309,-73.77500000000002,-246.75837832611418,3.15
310,-62.42500000000001,-246.75837832611418,3.15
311,-51.075,-246.75837832611418,3.15
312,-39.72500000000001,-246.75837832611418,3.15
313,-28.375000000000004,-246.75837832611418,3.15
314,-17.025000000000002,-246.75837832611418,3.15
315,-5.675000000000001,-246.75837832611418,3.15
316,5.675000000000001,-246.75837832611418,3.15
317,17.025000000000002,-246.75837832611418,3.15
318,28.375000000000004,-246.75837832611418,3.15
319,39.72500000000001,-246.75837832611418,3.15
320,51.075,-246.75837832611418,3.15
321,62.42500000000001,-246.75837832611418,3.15
322,73.775,-246.75837832611418,3.15
323,85.12500000000001,-246.75837832611418,3.15
324,96.47500000000001,-246.75837832611418,3.15
325,107.825,-246.75837832611418,3.15
326,119.17500000000001,-246.75837832611418,3.15
327,130.52500000000003,-246.75837832611418,3.15
328,141.87500000000003,-246.75837832611418,3.15
329,153.22500000000002,-246.75837832611418,3.15
330,164.57500000000005,-246.75837832611418,3.15
331,175.92500000000004,-246.75837832611418,3.15
332,187.27500000000003,-246.75837832611418,3.15
333,198.62500000000003,-246.75837832611418,3.15
334,209.97500000000002,-246.75837832611418,3.15
335,221.32500000000005,-246.75837832611418,3.15
336,232.67500000000004,-246.75837832611418,3.15
337,244.02500000000003,-246.75837832611418,3.15
338,-249.70000000000005,-236.92898999316083,3.15
339,-238.35000000000002,-236.92898999316083,3.15
340,-227.00000000000003,-236.92898999316083,3.15
341,-215.65000000000003,-236.92898999316083,3.15
342,-204.3,-236.92898999316083,3.15
343,-192.95000000000002,-236.92898999316083,3.15
344,-181.60000000000002,-236.92898999316083,3.15
345,-170.25000000000003,-236.92898999316083,3.15
346,-158.90000000000003,-236.92898999316083,3.15
347,-147.55,-236.92898999316083,3.15
348,-136.20000000000002,-236.92898999316083,3.15
349,-124.85000000000002,-236.92898999316083,3.15
350,-113.50000000000001,-236.92898999316083,3.15
351,-102.15,-236.92898999316083,3.15
352,-90.80000000000001,-236.92898999316083,3.15
353,-79.45000000000002,-236.92898999316083,3.15
354,-68.10000000000001,-236.92898999316083,3.15
355,-56.75000000000001,-236.92898999316083,3.15
356,-45.400000000000006,-236.92898999316083,3.15
357,-34.050000000000004,-236.92898999316083,3.15
358,-22.700000000000003,-236.92898999316083,3.15
359,-11.350000000000001,-236.92898999316083,3.15
360,0.0,-236.92898999316083,3.15
361,11.350000000000001,-236.92898999316083,3.15
362,22.700000000000003,-236.92898999316083,3.15
363,34.050000000000004,-236.92898999316083,3.15
364,45.400000000000006,-236.92898999316083,3.15
365,56.75000000000001,-236.92898999316083,3.15
366,68.10000000000001,-236.92898999316083,3.15
367,79.45000000000002,-236.92898999316083,3.15
368,90.80000000000001,-236.92898999316083,3.15
369,102.15,-236.92898999316083,3.15
370,113.50000000000001,-236.92898999316083,3.15
371,124.85000000000002,-236.92898999316083,3.15
372,136.20000000000002,-236.92898999316083,3.15
373,147.55,-236.92898999316083,3.15
374,158.90000000000003,-236.92898999316083,3.15
375,170.25000000000003,-236.92898999316083,3.15
376,181.60000000000002,-236.92898999316083,3.15
377,192.95000000000002,-236.92898999316083,3.15
378,204.3,-236.92898999316083,3.15
379,215.65000000000003,-236.92898999316083,3.15
380,227.00000000000003,-236.92898999316083,3.15
381,238.35000000000002,-236.92898999316083,3.15
382,249.70000000000005,-236.92898999316083,3.15
383,-255.375,-227.09960166020744,3.15
384,-244.02500000000003,-227.09960166020744,3.15
385,-232.675,-227.09960166020744,3.15
386,-221.32500000000002,-227.09960166020744,3.15
387,-209.97500000000002,-227.09960166020744,3.15
388,-198.625,-227.09960166020744,3.15
389,-187.275,-227.09960166020744,3.15
390,-175.925,-227.09960166020744,3.15
391,-164.57500000000002,-227.09960166020744,3.15
392,-153.22500000000002,-227.09960166020744,3.15
393,-141.875,-227.09960166020744,3.15
394,-130.525,-227.09960166020744,3.15
395,-119.17500000000003,-227.09960166020744,3.15
396,-107.82500000000002,-227.09960166020744,3.15
397,-96.47500000000001,-227.09960166020744,3.15
398,-85.12500000000001,-227.09960166020744,3.15
399,-73.77500000000002,-227.09960166020744,3.15
400,-62.42500000000001,-227.09960166020744,3.15
401,-51.075,-227.09960166020744,3.15
402,-39.72500000000001,-227.09960166020744,3.15
403,-28.375000000000004,-227.09960166020744,3.15
404,-17.025000000000002,-227.09960166020744,3.15
405,-5.675000000000001,-227.09960166020744,3.15
406,5.675000000000001,-227.09960166020744,3.15
407,17.025000000000002,-227.09960166020744,3.15
408,28.375000000000004,-227.09960166020744,3.15
409,39.72500000000001,-227.09960166020744,3.15
410,51.075,-227.09960166020744,3.15
411,62.42500000000001,-227.09960166020744,3.15
412,73.775,-227.09960166020744,3.15
413,85.12500000000001,-227.09960166020744,3.15
414,96.47500000000001,-227.09960166020744,3.15
415,107.825,-227.09960166020744,3.15
416,119.17500000000001,-227.09960166020744,3.15
417,130.52500000000003,-227.09960166020744,3.15
418,141.87500000000003,-227.09960166020744,3.15
419,153.22500000000002,-227.09960166020744,3.15
420,164.57500000000005,-227.09960166020744,3.15
421,175.92500000000004,-227.09960166020744,3.15
422,187.27500000000003,-227.09960166020744,3.15
423,198.62500000000003,-227.09960166020744,3.15
424,209.97500000000002,-227.09960166020744,3.15
425,221.32500000000005,-227.09960166020744,3.15
426,232.67500000000004,-227.09960166020744,3.15
427,244.02500000000003,-227.09960166020744,3.15
428,255.37500000000006,-227.09960166020744,3.15
429,-272.40000000000003,-217.27021332725406,3.15
430,-261.05,-217.27021332725406,3.15
431,-249.70000000000005,-217.27021332725406,3.15
432,-238.35000000000002,-217.27021332725406,3.15
433,-227.00000000000003,-217.27021332725406,3.15
434,-215.65000000000003,-217.27021332725406,3.15
435,-204.3,-217.27021332725406,3.15
436,-192.95000000000002,-217.27021332725406,3.15
437,-181.60000000000002,-217.27021332725406,3.15
438,-170.25000000000003,-217.27021332725406,3.15
439,-158.90000000000003,-217.27021332725406,3.15
440,-147.55,-217.27021332725406,3.15
441,-136.20000000000002,-217.27021332725406,3.15
442,-124.85000000000002,-217.27021332725406,3.15
443,-113.50000000000001,-217.27021332725406,3.15
444,-102.15,-217.27021332725406,3.15
445,-90.80000000000001,-217.27021332725406,3.15
446,-79.45000000000002,-217.27021332725406,3.15
447,-68.10000000000001,-217.27021332725406,3.15
448,-56.75000000000001,-217.27021332725406,3.15
449,-45.400000000000006,-217.27021332725406,3.15
450,-34.050000000000004,-217.27021332725406,3.15
451,-22.700000000000003,-217.27021332725406,3.15
452,-11.350000000000001,-217.27021332725406,3.15
453,0.0,-217.27021332725406,3.15
454,11.350000000000001,-217.27021332725406,3.15
455,22.700000000000003,-217.27021332725406,3.15
456,34.050000000000004,-217.27021332725406,3.15
457,45.400000000000006,-217.27021332725406,3.15
458,56.75000000000001,-217.27021332725406,3.15
459,68.10000000000001,-217.27021332725406,3.15
460,79.45000000000002,-217.27021332725406,3.15
461,90.80000000000001,-217.27021332725406,3.15
462,102.15,-217.27021332725406,3.15
463,113.50000000000001,-217.27021332725406,3.15
464,124.85000000000002,-217.27021332725406,3.15
465,136.20000000000002,-217.27021332725406,3.15
466,147.55,-217.27021332725406,3.15
467,158.90000000000003,-217.27021332725406,3.15
468,170.25000000000003,-217.27021332725406,3.15
469,181.60000000000002,-217.27021332725406,3.15
470,192.95000000000002,-217.27021332725406,3.15
471,204.3,-217.27021332725406,3.15
472,215.65000000000003,-217.27021332725406,3.15
473,227.00000000000003,-217.27021332725406,3.15
474,238.35000000000002,-217.27021332725406,3.15
475,249.70000000000005,-217.27021332725406,3.15
476,261.05,-217.27021332725406,3.15
477,272.40000000000003,-217.27021332725406,3.15
478,-278.07500000000005,-207.44082499430067,3.15
479,-266.725,-207.44082499430067,3.15
480,-255.375,-207.44082499430067,3.15
481,-244.02500000000003,-207.44082499430067,3.15
482,-232.675,-207.44082499430067,3.15
483,-221.32500000000002,-207.44082499430067,3.15
484,-209.97500000000002,-207.44082499430067,3.15
485,-198.625,-207.44082499430067,3.15
486,-187.275,-207.44082499430067,3.15
487,-175.925,-207.44082499430067,3.15
488,-164.57500000000002,-207.44082499430067,3.15
489,-153.22500000000002,-207.44082499430067,3.15
490,-141.875,-207.44082499430067,3.15
491,-130.525,-207.44082499430067,3.15
492,-119.17500000000003,-207.44082499430067,3.15
493,-107.82500000000002,-207.44082499430067,3.15
494,-96.47500000000001,-207.44082499430067,3.15
495,-85.12500000000001,-207.44082499430067,3.15
496,-73.77500000000002,-207.44082499430067,3.15
497,-62.42500000000001,-207.44082499430067,3.15
498,-51.075,-207.44082499430067,3.15
499,-39.72500000000001,-207.44082499430067,3.15
500,-28.375000000000004,-207.44082499430067,3.15
501,-17.025000000000002,-207.44082499430067,3.15
502,-5.675000000000001,-207.44082499430067,3.15
503,5.675000000000001,-207.44082499430067,3.15
504,17.025000000000002,-207.44082499430067,3.15
505,28.375000000000004,-207.44082499430067,3.15
506,39.72500000000001,-207.44082499430067,3.15
507,51.075,-207.44082499430067,3.15
508,62.42500000000001,-207.44082499430067,3.15
509,73.775,-207.44082499430067,3.15
510,85.12500000000001,-207.44082499430067,3.15
511,96.47500000000001,-207.44082499430067,3.15
512,107.825,-207.44082499430067,3.15
513,119.17500000000001,-207.44082499430067,3.15
514,130.52500000000003,-207.44082499430067,3.15
515,141.87500000000003,-207.44082499430067,3.15
516,153.22500000000002,-207.44082499430067,3.15
517,164.57500000000005,-207.44082499430067,3.15
518,175.92500000000004,-207.44082499430067,3.15
519,187.27500000000003,-207.44082499430067,3.15
520,198.62500000000003,-207.44082499430067,3.15
521,209.97500000000002,-207.44082499430067,3.15
522,221.32500000000005,-207.44082499430067,3.15
523,232.67500000000004,-207.44082499430067,3.15
524,244.02500000000003,-207.44082499430067,3.15
525,255.37500000000006,-207.44082499430067,3.15
526,266.725,-207.44082499430067,3.15
527,278.07500000000005,-207.44082499430067,3.15
528,-283.75000000000006,-197.61143666134728,3.15
529,-272.40000000000003,-197.61143666134728,3.15
530,-261.05,-197.61143666134728,3.15
531,-249.70000000000005,-197.61143666134728,3.15
532,-238.35000000000002,-197.61143666134728,3.15
533,-227.00000000000003,-197.61143666134728,3.15
534,-215.65000000000003,-197.61143666134728,3.15
535,-204.3,-197.61143666134728,3.15
536,-192.95000000000002,-197.61143666134728,3.15
537,-181.60000000000002,-197.61143666134728,3.15
538,-170.25000000000003,-197.61143666134728,3.15
539,-158.90000000000003,-197.61143666134728,3.15
540,-147.55,-197.61143666134728,3.15
541,-136.20000000000002,-197.61143666134728,3.15
542,-124.85000000000002,-197.61143666134728,3.15
543,-113.50000000000001,-197.61143666134728,3.15
544,-102.15,-197.61143666134728,3.15
545,-90.80000000000001,-197.61143666134728,3.15
546,-79.45000000000002,-197.61143666134728,3.15
547,-68.10000000000001,-197.61143666134728,3.15
548,-56.75000000000001,-197.61143666134728,3.15
549,-45.400000000000006,-197.61143666134728,3.15
550,-34.050000000000004,-197.61143666134728,3.15
551,-22.700000000000003,-197.61143666134728,3.15
552,-11.350000000000001,-197.61143666134728,3.15
553,0.0,-197.61143666134728,3.15
554,11.350000000000001,-197.61143666134728,3.15
555,22.700000000000003,-197.61143666134728,3.15
556,34.050000000000004,-197.61143666134728,3.15
557,45.400000000000006,-197.61143666134728,3.15
558,56.75000000000001,-197.61143666134728,3.15
559,68.10000000000001,-197.61143666134728,3.15
560,79.45000000000002,-197.61143666134728,3.15
561,90.80000000000001,-197.61143666134728,3.15
562,102.15,-197.61143666134728,3.15
563,113.50000000000001,-197.61143666134728,3.15
564,124.85000000000002,-197.61143666134728,3.15
565,136.20000000000002,-197.61143666134728,3.15
566,147.55,-197.61143666134728,3.15
567,158.90000000000003,-197.61143666134728,3.15
568,170.25000000000003,-197.61143666134728,3.15
569,181.60000000000002,-197.61143666134728,3.15
570,192.95000000000002,-197.61143666134728,3.15
571,204.3,-197.61143666134728,3.15
572,215.65000000000003,-197.61143666134728,3.15
573,227.00000000000003,-197.61143666134728,3.15
574,238.35000000000002,-197.61143666134728,3.15
575,249.70000000000005,-197.61143666134728,3.15
576,261.05,-197.61143666134728,3.15
577,272.40000000000003,-197.61143666134728,3.15
578,283.75000000000006,-197.61143666134728,3.15
579,-289.425,-187.78204832839393,3.15
580,-278.07500000000005,-187.78204832839393,3.15
581,-266.725,-187.78204832839393,3.15
582,-255.375,-187.78204832839393,3.15
583,-244.02500000000003,-187.78204832839393,3.15
584,-232.675,-187.78204832839393,3.15
585,-221.32500000000002,-187.78204832839393,3.15
586,-209.97500000000002,-187.78204832839393,3.15
587,-198.625,-187.78204832839393,3.15
588,-187.275,-187.78204832839393,3.15
589,-175.925,-187.78204832839393,3.15
590,-164.57500000000002,-187.78204832839393,3.15
591,-153.22500000000002,-187.78204832839393,3.15
592,-141.875,-187.78204832839393,3.15
593,-130.525,-187.78204832839393,3.15
594,-119.17500000000003,-187.78204832839393,3.15
595,-107.82500000000002,-187.78204832839393,3.15
596,-96.47500000000001,-187.78204832839393,3.15
597,-85.12500000000001,-187.78204832839393,3.15
598,-73.77500000000002,-187.78204832839393,3.15
599,-62.42500000000001,-187.78204832839393,3.15
600,-51.075,-187.78204832839393,3.15
601,-39.72500000000001,-187.78204832839393,3.15
602,-28.375000000000004,-187.78204832839393,3.15
603,-17.025000000000002,-187.78204832839393,3.15
604,-5.675000000000001,-187.78204832839393,3.15
605,5.675000000000001,-187.78204832839393,3.15
606,17.025000000000002,-187.78204832839393,3.15
607,28.375000000000004,-187.78204832839393,3.15
608,39.72500000000001,-187.78204832839393,3.15
609,51.075,-187.78204832839393,3.15
610,62.42500000000001,-187.78204832839393,3.15
611,73.775,-187.78204832839393,3.15
612,85.12500000000001,-187.78204832839393,3.15
613,96.47500000000001,-187.78204832839393,3.15
614,107.825,-187.78204832839393,3.15
615,119.17500000000001,-187.78204832839393,3.15
616,130.52500000000003,-187.78204832839393,3.15
617,141.87500000000003,-187.78204832839393,3.15
618,153.22500000000002,-187.78204832839393,3.15
619,164.57500000000005,-187.78204832839393,3.15
620,175.92500000000004,-187.78204832839393,3.15
621,187.27500000000003,-187.78204832839393,3.15
622,198.62500000000003,-187.78204832839393,3.15
623,209.97500000000002,-187.78204832839393,3.15
624,221.32500000000005,-187.78204832839393,3.15
625,232.67500000000004,-187.78204832839393,3.15
626,244.02500000000003,-187.78204832839393,3.15
627,255.37500000000006,-187.78204832839393,3.15
628,266.725,-187.78204832839393,3.15
629,278.07500000000005,-187.78204832839393,3.15
630,289.42500000000007,-187.78204832839393,3.15
631,-295.1,-177.95265999544054,3.15
632,-283.75000000000006,-177.95265999544054,3.15
633,-272.40000000000003,-177.95265999544054,3.15
634,-261.05,-177.95265999544054,3.15
635,-249.70000000000005,-177.95265999544054,3.15
636,-238.35000000000002,-177.95265999544054,3.15
637,-227.00000000000003,-177.95265999544054,3.15
638,-215.65000000000003,-177.95265999544054,3.15
639,-204.3,-177.95265999544054,3.15
640,-192.95000000000002,-177.95265999544054,3.15
641,-181.60000000000002,-177.95265999544054,3.15
642,-170.25000000000003,-177.95265999544054,3.15
643,-158.90000000000003,-177.95265999544054,3.15
644,-147.55,-177.95265999544054,3.15
645,-136.20000000000002,-177.95265999544054,3.15
646,-124.85000000000002,-177.95265999544054,3.15
647,-113.50000000000001,-177.95265999544054,3.15
648,-102.15,-177.95265999544054,3.15
649,-90.80000000000001,-177.95265999544054,3.15
650,-79.45000000000002,-177.95265999544054,3.15
651,-68.10000000000001,-177.95265999544054,3.15
652,-56.75000000000001,-177.95265999544054,3.15
653,-45.400000000000006,-177.95265999544054,3.15
654,-34.050000000000004,-177.95265999544054,3.15
655,-22.700000000000003,-177.95265999544054,3.15
656,-11.350000000000001,-177.95265999544054,3.15
657,0.0,-177.95265999544054,3.15
658,11.350000000000001,-177.95265999544054,3.15
659,22.700000000000003,-177.95265999544054,3.15
660,34.050000000000004,-177.95265999544054,3.15
661,45.400000000000006,-177.95265999544054,3.15
662,56.75000000000001,-177.95265999544054,3.15
663,68.10000000000001,-177.95265999544054,3.15
664,79.45000000000002,-177.95265999544054,3.15
665,90.80000000000001,-177.95265999544054,3.15
666,102.15,-177.95265999544054,3.15
667,113.50000000000001,-177.95265999544054,3.15
668,124.85000000000002,-177.95265999544054,3.15
669,136.20000000000002,-177.95265999544054,3.15
670,147.55,-177.95265999544054,3.15
671,158.90000000000003,-177.95265999544054,3.15
672,170.25000000000003,-177.95265999544054,3.15
673,181.60000000000002,-177.95265999544054,3.15
674,192.95000000000002,-177.95265999544054,3.15
675,204.3,-177.95265999544054,3.15
676,215.65000000000003,-177.95265999544054,3.15
677,227.00000000000003,-177.95265999544054,3.15
678,238.35000000000002,-177.95265999544054,3.15
679,249.70000000000005,-177.95265999544054,3.15
680,261.05,-177.95265999544054,3.15
681,272.40000000000003,-177.95265999544054,3.15
682,283.75000000000006,-177.95265999544054,3.15
683,295.1,-177.95265999544054,3.15
684,-300.77500000000003,-168.12327166248716,3.15
685,-289.425,-168.12327166248716,3.15
686,-278.07500000000005,-168.12327166248716,3.15
687,-266.725,-168.12327166248716,3.15
688,-255.375,-168.12327166248716,3.15
689,-244.02500000000003,-168.12327166248716,3.15
690,-232.675,-168.12327166248716,3.15
691,-221.32500000000002,-168.12327166248716,3.15
692,-209.97500000000002,-168.12327166248716,3.15
693,-198.625,-168.12327166248716,3.15
694,-187.275,-168.12327166248716,3.15
695,-175.925,-168.12327166248716,3.15
696,-164.57500000000002,-168.12327166248716,3.15
697,-153.22500000000002,-168.12327166248716,3.15
698,-141.875,-168.12327166248716,3.15
699,-130.525,-168.12327166248716,3.15
700,-119.17500000000003,-168.12327166248716,3.15
701,-107.82500000000002,-168.12327166248716,3.15
702,-96.47500000000001,-168.12327166248716,3.15
703,-85.12500000000001,-168.12327166248716,3.15
704,-73.77500000000002,-168.12327166248716,3.15
705,-62.42500000000001,-168.12327166248716,3.15
706,-51.075,-168.12327166248716,3.15
707,-39.72500000000001,-168.12327166248716,3.15
708,-28.375000000000004,-168.12327166248716,3.15
709,-17.025000000000002,-168.12327166248716,3.15
710,-5.675000000000001,-168.12327166248716,3.15
711,5.675000000000001,-168.12327166248716,3.15
712,17.025000000000002,-168.12327166248716,3.15
713,28.375000000000004,-168.12327166248716,3.15
714,39.72500000000001,-168.12327166248716,3.15
715,51.075,-168.12327166248716,3.15
716,62.42500000000001,-168.12327166248716,3.15
717,73.775,-168.12327166248716,3.15
718,85.12500000000001,-168.12327166248716,3.15
719,96.47500000000001,-168.12327166248716,3.15
720,107.825,-168.12327166248716,3.15
721,119.17500000000001,-168.12327166248716,3.15
722,130.52500000000003,-168.12327166248716,3.15
723,141.87500000000003,-168.12327166248716,3.15
724,153.22500000000002,-168.12327166248716,3.15
725,164.57500000000005,-168.12327166248716,3.15
726,175.92500000000004,-168.12327166248716,3.15
727,187.27500000000003,-168.12327166248716,3.15
728,198.62500000000003,-168.12327166248716,3.15
729,209.97500000000002,-168.12327166248716,3.15
730,221.32500000000005,-168.12327166248716,3.15
731,232.67500000000004,-168.12327166248716,3.15
732,244.02500000000003,-168.12327166248716,3.15
733,255.37500000000006,-168.12327166248716,3.15
734,266.725,-168.12327166248716,3.15
735,278.07500000000005,-168.12327166248716,3.15
736,289.42500000000007,-168.12327166248716,3.15
737,300.77500000000003,-168.12327166248716,3.15
738,-306.45000000000005,-158.2938833295338,3.15
739,-295.1,-158.2938833295338,3.15
740,-283.75000000000006,-158.2938833295338,3.15
741,-272.40000000000003,-158.2938833295338,3.15
742,-261.05,-158.2938833295338,3.15
743,-249.70000000000005,-158.2938833295338,3.15
744,-238.35000000000002,-158.2938833295338,3.15
745,-227.00000000000003,-158.2938833295338,3.15
746,-215.65000000000003,-158.2938833295338,3.15
747,-204.3,-158.2938833295338,3.15
748,-192.95000000000002,-158.2938833295338,3.15
749,-181.60000000000002,-158.2938833295338,3.15
750,-170.25000000000003,-158.2938833295338,3.15
751,-158.90000000000003,-158.2938833295338,3.15
752,-147.55,-158.2938833295338,3.15
753,-136.20000000000002,-158.2938833295338,3.15
754,-124.85000000000002,-158.2938833295338,3.15
755,-113.50000000000001,-158.2938833295338,3.15
756,-102.15,-158.2938833295338,3.15
757,-90.80000000000001,-158.2938833295338,3.15
758,-79.45000000000002,-158.2938833295338,3.15
759,-68.10000000000001,-158.2938833295338,3.15
760,-56.75000000000001,-158.2938833295338,3.15
761,-45.400000000000006,-158.2938833295338,3.15
762,-34.050000000000004,-158.2938833295338,3.15
763,-22.700000000000003,-158.2938833295338,3.15
764,22.700000000000003,-158.2938833295338,3.15
765,34.050000000000004,-158.2938833295338,3.15
766,45.400000000000006,-158.2938833295338,3.15
767,56.75000000000001,-158.2938833295338,3.15
768,68.10000000000001,-158.2938833295338,3.15
769,79.45000000000002,-158.2938833295338,3.15
770,90.80000000000001,-158.2938833295338,3.15
771,102.15,-158.2938833295338,3.15
772,113.50000000000001,-158.2938833295338,3.15
773,124.85000000000002,-158.2938833295338,3.15
774,136.20000000000002,-158.2938833295338,3.15
775,147.55,-158.2938833295338,3.15
776,158.90000000000003,-158.2938833295338,3.15
777,170.25000000000003,-158.2938833295338,3.15
778,181.60000000000002,-158.2938833295338,3.15
779,192.95000000000002,-158.2938833295338,3.15
780,204.3,-158.2938833295338,3.15
781,215.65000000000003,-158.2938833295338,3.15
782,227.00000000000003,-158.2938833295338,3.15
783,238.35000000000002,-158.2938833295338,3.15
784,249.70000000000005,-158.2938833295338,3.15
785,261.05,-158.2938833295338,3.15
786,272.40000000000003,-158.2938833295338,3.15
787,283.75000000000006,-158.2938833295338,3.15
788,295.1,-158.2938833295338,3.15
789,306.45000000000005,-158.2938833295338,3.15
790,-312.12500000000006,-148.4644949965804,3.15
791,-300.77500000000003,-148.4644949965804,3.15
792,-289.425,-148.4644949965804,3.15
793,-278.07500000000005,-148.4644949965804,3.15
794,-266.725,-148.4644949965804,3.15
795,-255.375,-148.4644949965804,3.15
796,-244.02500000000003,-148.4644949965804,3.15
797,-232.675,-148.4644949965804,3.15
798,-221.32500000000002,-148.4644949965804,3.15
799,-209.97500000000002,-148.4644949965804,3.15
800,-198.625,-148.4644949965804,3.15
801,-187.275,-148.4644949965804,3.15
802,-175.925,-148.4644949965804,3.15
803,-164.57500000000002,-148.4644949965804,3.15
804,-153.22500000000002,-148.4644949965804,3.15
805,-141.875,-148.4644949965804,3.15
806,-130.525,-148.4644949965804,3.15
807,-119.17500000000003,-148.4644949965804,3.15
808,-107.82500000000002,-148.4644949965804,3.15
809,-96.47500000000001,-148.4644949965804,3.15
810,-85.12500000000001,-148.4644949965804,3.15
811,-73.77500000000002,-148.4644949965804,3.15
812,-62.42500000000001,-148.4644949965804,3.15
813,-51.075,-148.4644949965804,3.15
814,51.075,-148.4644949965804,3.15
815,62.42500000000001,-148.4644949965804,3.15
816,73.775,-148.4644949965804,3.15
817,85.12500000000001,-148.4644949965804,3.15
818,96.47500000000001,-148.4644949965804,3.15
819,107.825,-148.4644949965804,3.15
820,119.17500000000001,-148.4644949965804,3.15
821,130.52500000000003,-148.4644949965804,3.15
822,141.87500000000003,-148.4644949965804,3.15
823,153.22500000000002,-148.4644949965804,3.15
824,164.57500000000005,-148.4644949965804,3.15
825,175.92500000000004,-148.4644949965804,3.15
826,187.27500000000003,-148.4644949965804,3.15
827,198.62500000000003,-148.4644949965804,3.15
828,209.97500000000002,-148.4644949965804,3.15
829,221.32500000000005,-148.4644949965804,3.15
830,232.67500000000004,-148.4644949965804,3.15
831,244.02500000000003,-148.4644949965804,3.15
832,255.37500000000006,-148.4644949965804,3.15
833,266.725,-148.4644949965804,3.15
834,278.07500000000005,-148.4644949965804,3.15
835,289.42500000000007,-148.4644949965804,3.15
836,300.77500000000003,-148.4644949965804,3.15
837,312.12500000000006,-148.4644949965804,3.15
838,-317.80000000000007,-138.63510666362703,3.15
839,-306.45000000000005,-138.63510666362703,3.15
840,-295.1,-138.63510666362703,3.15
841,-283.75000000000006,-138.63510666362703,3.15
842,-272.40000000000003,-138.63510666362703,3.15
843,-261.05,-138.63510666362703,3.15
844,-249.70000000000005,-138.63510666362703,3.15
845,-238.35000000000002,-138.63510666362703,3.15
846,-227.00000000000003,-138.63510666362703,3.15
847,-215.65000000000003,-138.63510666362703,3.15
848,-204.3,-138.63510666362703,3.15
849,-192.95000000000002,-138.63510666362703,3.15
850,-181.60000000000002,-138.63510666362703,3.15
851,-170.25000000000003,-138.63510666362703,3.15
852,-158.90000000000003,-138.63510666362703,3.15
853,-147.55,-138.63510666362703,3.15
854,-136.20000000000002,-138.63510666362703,3.15
855,-124.85000000000002,-138.63510666362703,3.15
856,-113.50000000000001,-138.63510666362703,3.15
857,-102.15,-138.63510666362703,3.15
858,-90.80000000000001,-138.63510666362703,3.15
859,-79.45000000000002,-138.63510666362703,3.15
860,-68.10000000000001,-138.63510666362703,3.15
861,68.10000000000001,-138.63510666362703,3.15
862,79.45000000000002,-138.63510666362703,3.15
863,90.80000000000001,-138.63510666362703,3.15
864,102.15,-138.63510666362703,3.15
865,113.50000000000001,-138.63510666362703,3.15
866,124.85000000000002,-138.63510666362703,3.15
867,136.20000000000002,-138.63510666362703,3.15
868,147.55,-138.63510666362703,3.15
869,158.90000000000003,-138.63510666362703,3.15
870,170.25000000000003,-138.63510666362703,3.15
871,181.60000000000002,-138.63510666362703,3.15
872,192.95000000000002,-138.63510666362703,3.15
873,204.3,-138.63510666362703,3.15
874,215.65000000000003,-138.63510666362703,3.15
875,227.00000000000003,-138.63510666362703,3.15
876,238.35000000000002,-138.63510666362703,3.15
877,249.70000000000005,-138.63510666362703,3.15
878,261.05,-138.63510666362703,3.15
879,272.40000000000003,-138.63510666362703,3.15
880,283.75000000000006,-138.63510666362703,3.15
881,295.1,-138.63510666362703,3.15
882,306.45000000000005,-138.63510666362703,3.15
883,317.80000000000007,-138.63510666362703,3.15
884,-323.475,-128.80571833067364,3.15
885,-312.12500000000006,-128.80571833067364,3.15
886,-300.77500000000003,-128.80571833067364,3.15
887,-289.425,-128.80571833067364,3.15
888,-278.07500000000005,-128.80571833067364,3.15
889,-266.725,-128.80571833067364,3.15
890,-255.375,-128.80571833067364,3.15
891,-244.02500000000003,-128.80571833067364,3.15
892,-232.675,-128.80571833067364,3.15
893,-221.32500000000002,-128.80571833067364,3.15
894,-209.97500000000002,-128.80571833067364,3.15
895,-198.625,-128.80571833067364,3.15
896,-187.275,-128.80571833067364,3.15
897,-175.925,-128.80571833067364,3.15
898,-164.57500000000002,-128.80571833067364,3.15
899,-153.22500000000002,-128.80571833067364,3.15
900,-141.875,-128.80571833067364,3.15
901,-130.525,-128.80571833067364,3.15
902,-119.17500000000003,-128.80571833067364,3.15
903,-107.82500000000002,-128.80571833067364,3.15
904,-96.47500000000001,-128.80571833067364,3.15
905,-85.12500000000001,-128.80571833067364,3.15
906,-73.77500000000002,-128.80571833067364,3.15
907,73.775,-128.80571833067364,3.15
908,85.12500000000001,-128.80571833067364,3.15
909,96.47500000000001,-128.80571833067364,3.15
910,107.825,-128.80571833067364,3.15
911,119.17500000000001,-128.80571833067364,3.15
912,130.52500000000003,-128.80571833067364,3.15
913,141.87500000000003,-128.80571833067364,3.15
914,153.22500000000002,-128.80571833067364,3.15
915,164.57500000000005,-128.80571833067364,3.15
916,175.92500000000004,-128.80571833067364,3.15
917,187.27500000000003,-128.80571833067364,3.15
918,198.62500000000003,-128.80571833067364,3.15
919,209.97500000000002,-128.80571833067364,3.15
920,221.32500000000005,-128.80571833067364,3.15
921,232.67500000000004,-128.80571833067364,3.15
922,244.02500000000003,-128.80571833067364,3.15
923,255.37500000000006,-128.80571833067364,3.15
924,266.725,-128.80571833067364,3.15
925,278.07500000000005,-128.80571833067364,3.15
926,289.42500000000007,-128.80571833067364,3.15
927,300.77500000000003,-128.80571833067364,3.15
928,312.12500000000006,-128.80571833067364,3.15
929,323.4750000000001,-128.80571833067364,3.15
930,-329.15000000000003,-118.97632999772027,3.15
931,-317.80000000000007,-118.97632999772027,3.15
932,-306.45000000000005,-118.97632999772027,3.15
933,-295.1,-118.97632999772027,3.15
934,-283.75000000000006,-118.97632999772027,3.15
935,-272.40000000000003,-118.97632999772027,3.15
936,-261.05,-118.97632999772027,3.15
937,-249.70000000000005,-118.97632999772027,3.15
938,-238.35000000000002,-118.97632999772027,3.15
939,-227.00000000000003,-118.97632999772027,3.15
940,-215.65000000000003,-118.97632999772027,3.15
941,-204.3,-118.97632999772027,3.15
942,-192.95000000000002,-118.97632999772027,3.15
943,-181.60000000000002,-118.97632999772027,3.15
944,-170.25000000000003,-118.97632999772027,3.15
945,-158.90000000000003,-118.97632999772027,3.15
946,-147.55,-118.97632999772027,3.15
947,-136.20000000000002,-118.97632999772027,3.15
948,-124.85000000000002,-118.97632999772027,3.15
949,-113.50000000000001,-118.97632999772027,3.15
950,-102.15,-118.97632999772027,3.15
951,-90.80000000000001,-118.97632999772027,3.15
952,90.80000000000001,-118.97632999772027,3.15
953,102.15,-118.97632999772027,3.15
954,113.50000000000001,-118.97632999772027,3.15
955,124.85000000000002,-118.97632999772027,3.15
956,136.20000000000002,-118.97632999772027,3.15
957,147.55,-118.97632999772027,3.15
958,158.90000000000003,-118.97632999772027,3.15
959,170.25000000000003,-118.97632999772027,3.15
960,181.60000000000002,-118.97632999772027,3.15
961,192.95000000000002,-118.97632999772027,3.15
962,204.3,-118.97632999772027,3.15
963,215.65000000000003,-118.97632999772027,3.15
964,227.00000000000003,-118.97632999772027,3.15
965,238.35000000000002,-118.97632999772027,3.15
966,249.70000000000005,-118.97632999772027,3.15
967,261.05,-118.97632999772027,3.15
968,272.40000000000003,-118.97632999772027,3.15
969,283.75000000000006,-118.97632999772027,3.15
970,295.1,-118.97632999772027,3.15
971,306.45000000000005,-118.97632999772027,3.15
972,317.80000000000007,-118.97632999772027,3.15
973,329.15000000000003,-118.97632999772027,3.15
974,-323.475,-109.1469416647669,3.15
975,-312.12500000000006,-109.1469416647669,3.15
976,-300.77500000000003,-109.1469416647669,3.15
977,-289.425,-109.1469416647669,3.15
978,-278.07500000000005,-109.1469416647669,3.15
979,-266.725,-109.1469416647669,3.15
980,-255.375,-109.1469416647669,3.15
981,-244.02500000000003,-109.1469416647669,3.15
982,-232.675,-109.1469416647669,3.15
983,-221.32500000000002,-109.1469416647669,3.15
984,-209.97500000000002,-109.1469416647669,3.15
985,-198.625,-109.1469416647669,3.15
986,-187.275,-109.1469416647669,3.15
987,-175.925,-109.1469416647669,3.15
988,-164.57500000000002,-109.1469416647669,3.15
989,-153.22500000000002,-109.1469416647669,3.15
990,-141.875,-109.1469416647669,3.15
991,-130.525,-109.1469416647669,3.15
992,-119.17500000000003,-109.1469416647669,3.15
993,-107.82500000000002,-109.1469416647669,3.15
994,-96.47500000000001,-109.1469416647669,3.15
995,96.47500000000001,-109.1469416647669,3.15
996,107.825,-109.1469416647669,3.15
997,119.17500000000001,-109.1469416647669,3.15
998,130.52500000000003,-109.1469416647669,3.15
999,141.87500000000003,-109.1469416647669,3.15
1000,153.22500000000002,-109.1469416647669,3.15
1001,164.57500000000005,-109.1469416647669,3.15
1002,175.92500000000004,-109.1469416647669,3.15
1003,187.27500000000003,-109.1469416647669,3.15
1004,198.62500000000003,-109.1469416647669,3.15
1005,209.97500000000002,-109.1469416647669,3.15
1006,221.32500000000005,-109.1469416647669,3.15
1007,232.67500000000004,-109.1469416647669,3.15
1008,244.02500000000003,-109.1469416647669,3.15
1009,255.37500000000006,-109.1469416647669,3.15
1010,266.725,-109.1469416647669,3.15
1011,278.07500000000005,-109.1469416647669,3.15
1012,289.42500000000007,-109.1469416647669,3.15
1013,300.77500000000003,-109.1469416647669,3.15
1014,312.12500000000006,-109.1469416647669,3.15
1015,323.4750000000001,-109.1469416647669,3.15
1016,-329.15000000000003,-99.31755333181351,3.15
1017,-317.80000000000007,-99.31755333181351,3.15
1018,-306.45000000000005,-99.31755333181351,3.15
1019,-295.1,-99.31755333181351,3.15
1020,-283.75000000000006,-99.31755333181351,3.15
1021,-272.40000000000003,-99.31755333181351,3.15
1022,-261.05,-99.31755333181351,3.15
1023,-249.70000000000005,-99.31755333181351,3.15
1024,-238.35000000000002,-99.31755333181351,3.15
1025,-227.00000000000003,-99.31755333181351,3.15
1026,-215.65000000000003,-99.31755333181351,3.15
1027,-204.3,-99.31755333181351,3.15
1028,-192.95000000000002,-99.31755333181351,3.15
1029,-181.60000000000002,-99.31755333181351,3.15
1030,-170.25000000000003,-99.31755333181351,3.15
1031,-158.90000000000003,-99.31755333181351,3.15
1032,-147.55,-99.31755333181351,3.15
1033,-136.20000000000002,-99.31755333181351,3.15
1034,-124.85000000000002,-99.31755333181351,3.15
1035,-113.50000000000001,-99.31755333181351,3.15
1036,-102.15,-99.31755333181351,3.15
1037,102.15,-99.31755333181351,3.15
1038,113.50000000000001,-99.31755333181351,3.15
1039,124.85000000000002,-99.31755333181351,3.15
1040,136.20000000000002,-99.31755333181351,3.15
1041,147.55,-99.31755333181351,3.15
1042,158.90000000000003,-99.31755333181351,3.15
1043,170.25000000000003,-99.31755333181351,3.15
1044,181.60000000000002,-99.31755333181351,3.15
1045,192.95000000000002,-99.31755333181351,3.15
1046,204.3,-99.31755333181351,3.15
1047,215.65000000000003,-99.31755333181351,3.15
1048,227.00000000000003,-99.31755333181351,3.15
1049,238.35000000000002,-99.31755333181351,3.15
1050,249.70000000000005,-99.31755333181351,3.15
1051,261.05,-99.31755333181351,3.15
1052,272.40000000000003,-99.31755333181351,3.15
1053,283.75000000000006,-99.31755333181351,3.15
1054,295.1,-99.31755333181351,3.15
1055,306.45000000000005,-99.31755333181351,3.15
1056,317.80000000000007,-99.31755333181351,3.15
1057,329.15000000000003,-99.31755333181351,3.15
1058,-334.82500000000005,-89.48816499886013,3.15
1059,-323.475,-89.48816499886013,3.15
1060,-312.12500000000006,-89.48816499886013,3.15
1061,-300.77500000000003,-89.48816499886013,3.15
1062,-289.425,-89.48816499886013,3.15
1063,-278.07500000000005,-89.48816499886013,3.15
1064,-266.725,-89.48816499886013,3.15
1065,-255.375,-89.48816499886013,3.15
1066,-244.02500000000003,-89.48816499886013,3.15
1067,-232.675,-89.48816499886013,3.15
1068,-221.32500000000002,-89.48816499886013,3.15
1069,-209.97500000000002,-89.48816499886013,3.15
1070,-198.625,-89.48816499886013,3.15
1071,-187.275,-89.48816499886013,3.15
1072,-175.925,-89.48816499886013,3.15
1073,-164.57500000000002,-89.48816499886013,3.15
1074,-153.22500000000002,-89.48816499886013,3.15
1075,-141.875,-89.48816499886013,3.15
1076,-130.525,-89.48816499886013,3.15
1077,-119.17500000000003,-89.48816499886013,3.15
1078,-107.82500000000002,-89.48816499886013,3.15
1079,-96.47500000000001,-89.48816499886013,3.15
1080,96.47500000000001,-89.48816499886013,3.15
1081,107.825,-89.48816499886013,3.15
1082,119.17500000000001,-89.48816499886013,3.15
1083,130.52500000000003,-89.48816499886013,3.15
1084,141.87500000000003,-89.48816499886013,3.15
1085,153.22500000000002,-89.48816499886013,3.15
1086,164.57500000000005,-89.48816499886013,3.15
1087,175.92500000000004,-89.48816499886013,3.15
1088,187.27500000000003,-89.48816499886013,3.15
1089,198.62500000000003,-89.48816499886013,3.15
1090,209.97500000000002,-89.48816499886013,3.15
1091,221.32500000000005,-89.48816499886013,3.15
1092,232.67500000000004,-89.48816499886013,3.15
1093,244.02500000000003,-89.48816499886013,3.15
1094,255.37500000000006,-89.48816499886013,3.15
1095,266.725,-89.48816499886013,3.15
1096,278.07500000000005,-89.48816499886013,3.15
1097,289.42500000000007,-89.48816499886013,3.15
1098,300.77500000000003,-89.48816499886013,3.15
1099,312.12500000000006,-89.48816499886013,3.15
1100,323.4750000000001,-89.48816499886013,3.15
1101,334.82500000000005,-89.48816499886013,3.15
1102,-340.50000000000006,-79.65877666590676,3.15
1103,-329.15000000000003,-79.65877666590676,3.15
1104,-317.80000000000007,-79.65877666590676,3.15
1105,-306.45000000000005,-79.65877666590676,3.15
1106,-295.1,-79.65877666590676,3.15
1107,-283.75000000000006,-79.65877666590676,3.15
1108,-272.40000000000003,-79.65877666590676,3.15
1109,-261.05,-79.65877666590676,3.15
1110,-249.70000000000005,-79.65877666590676,3.15
1111,-238.35000000000002,-79.65877666590676,3.15
1112,-227.00000000000003,-79.65877666590676,3.15
1113,-215.65000000000003,-79.65877666590676,3.15
1114,-204.3,-79.65877666590676,3.15
1115,-192.95000000000002,-79.65877666590676,3.15
1116,-181.60000000000002,-79.65877666590676,3.15
1117,-170.25000000000003,-79.65877666590676,3.15
1118,-158.90000000000003,-79.65877666590676,3.15
1119,-147.55,-79.65877666590676,3.15
1120,-136.20000000000002,-79.65877666590676,3.15
1121,-124.85000000000002,-79.65877666590676,3.15
1122,-113.50000000000001,-79.65877666590676,3.15
1123,-102.15,-79.65877666590676,3.15
1124,102.15,-79.65877666590676,3.15
1125,113.50000000000001,-79.65877666590676,3.15
1126,124.85000000000002,-79.65877666590676,3.15
1127,136.20000000000002,-79.65877666590676,3.15
1128,147.55,-79.65877666590676,3.15
1129,158.90000000000003,-79.65877666590676,3.15
1130,170.25000000000003,-79.65877666590676,3.15
1131,181.60000000000002,-79.65877666590676,3.15
1132,192.95000000000002,-79.65877666590676,3.15
1133,204.3,-79.65877666590676,3.15
1134,215.65000000000003,-79.65877666590676,3.15
1135,227.00000000000003,-79.65877666590676,3.15
1136,238.35000000000002,-79.65877666590676,3.15
1137,249.70000000000005,-79.65877666590676,3.15
1138,261.05,-79.65877666590676,3.15
1139,272.40000000000003,-79.65877666590676,3.15
1140,283.75000000000006,-79.65877666590676,3.15
1141,295.1,-79.65877666590676,3.15
1142,306.45000000000005,-79.65877666590676,3.15
1143,317.80000000000007,-79.65877666590676,3.15
1144,329.15000000000003,-79.65877666590676,3.15
1145,-334.82500000000005,-69.82938833295339,3.15
1146,-323.475,-69.82938833295339,3.15
1147,-312.12500000000006,-69.82938833295339,3.15
1148,-300.77500000000003,-69.82938833295339,3.15
1149,-289.425,-69.82938833295339,3.15
1150,-278.07500000000005,-69.82938833295339,3.15
1151,-266.725,-69.82938833295339,3.15
1152,-255.375,-69.82938833295339,3.15
1153,-244.02500000000003,-69.82938833295339,3.15
1154,-232.675,-69.82938833295339,3.15
1155,-221.32500000000002,-69.82938833295339,3.15
1156,-209.97500000000002,-69.82938833295339,3.15
1157,-198.625,-69.82938833295339,3.15
1158,-187.275,-69.82938833295339,3.15
1159,-175.925,-69.82938833295339,3.15
1160,-164.57500000000002,-69.82938833295339,3.15
1161,-153.22500000000002,-69.82938833295339,3.15
1162,-141.875,-69.82938833295339,3.15
1163,-130.525,-69.82938833295339,3.15
1164,-119.17500000000003,-69.82938833295339,3.15
1165,-107.82500000000002,-69.82938833295339,3.15
1166,107.825,-69.82938833295339,3.15
1167,119.17500000000001,-69.82938833295339,3.15
1168,130.52500000000003,-69.82938833295339,3.15
1169,141.87500000000003,-69.82938833295339,3.15
1170,153.22500000000002,-69.82938833295339,3.15
1171,164.57500000000005,-69.82938833295339,3.15
1172,175.92500000000004,-69.82938833295339,3.15
1173,187.27500000000003,-69.82938833295339,3.15
1174,198.62500000000003,-69.82938833295339,3.15
1175,209.97500000000002,-69.82938833295339,3.15
1176,221.32500000000005,-69.82938833295339,3.15
1177,232.67500000000004,-69.82938833295339,3.15
1178,244.02500000000003,-69.82938833295339,3.15
1179,255.37500000000006,-69.82938833295339,3.15
1180,266.725,-69.82938833295339,3.15
1181,278.07500000000005,-69.82938833295339,3.15
1182,289.42500000000007,-69.82938833295339,3.15
1183,300.77500000000003,-69.82938833295339,3.15
1184,312.12500000000006,-69.82938833295339,3.15
1185,323.4750000000001,-69.82938833295339,3.15
1186,334.82500000000005,-69.82938833295339,3.15
1187,-340.50000000000006,-60.0,3.15
1188,-329.15000000000003,-60.0,3.15
1189,-317.80000000000007,-60.0,3.15
1190,-306.45000000000005,-60.0,3.15
1191,-295.1,-60.0,3.15
1192,-283.75000000000006,-60.0,3.15
1193,-272.40000000000003,-60.0,3.15
1194,-261.05,-60.0,3.15
1195,-249.70000000000005,-60.0,3.15
1196,-238.35000000000002,-60.0,3.15
1197,-227.00000000000003,-60.0,3.15
1198,-215.65000000000003,-60.0,3.15
1199,-204.3,-60.0,3.15
1200,-192.95000000000002,-60.0,3.15
1201,-181.60000000000002,-60.0,3.15
1202,-170.25000000000003,-60.0,3.15
1203,-158.90000000000003,-60.0,3.15
1204,-147.55,-60.0,3.15
1205,-136.20000000000002,-60.0,3.15
1206,-124.85000000000002,-60.0,3.15
1207,-113.50000000000001,-60.0,3.15
1208,-102.15,-60.0,3.15
1209,102.15,-60.0,3.15
1210,113.50000000000001,-60.0,3.15
1211,124.85000000000002,-60.0,3.15
1212,136.20000000000002,-60.0,3.15
1213,147.55,-60.0,3.15
1214,158.90000000000003,-60.0,3.15
1215,170.25000000000003,-60.0,3.15
1216,181.60000000000002,-60.0,3.15
1217,192.95000000000002,-60.0,3.15
1218,204.3,-60.0,3.15
1219,215.65000000000003,-60.0,3.15
1220,227.00000000000003,-60.0,3.15
1221,238.35000000000002,-60.0,3.15
1222,249.70000000000005,-60.0,3.15
1223,261.05,-60.0,3.15
1224,272.40000000000003,-60.0,3.15
1225,283.75000000000006,-60.0,3.15
1226,295.1,-60.0,3.15
1227,306.45000000000005,-60.0,3.15
1228,317.80000000000007,-60.0,3.15
1229,329.15000000000003,-60.0,3.15
1230,340.50000000000006,-60.0,3.15
1231,-346.175,-50.17061166704662,3.15
1232,-334.82500000000005,-50.17061166704662,3.15
1233,-323.475,-50.17061166704662,3.15
1234,-312.12500000000006,-50.17061166704662,3.15
1235,-300.77500000000003,-50.17061166704662,3.15
1236,-289.425,-50.17061166704662,3.15
1237,-278.07500000000005,-50.17061166704662,3.15
1238,-266.725,-50.17061166704662,3.15
1239,-255.375,-50.17061166704662,3.15
1240,-244.02500000000003,-50.17061166704662,3.15
1241,-232.675,-50.17061166704662,3.15
1242,-221.32500000000002,-50.17061166704662,3.15
1243,-209.97500000000002,-50.17061166704662,3.15
1244,-198.625,-50.17061166704662,3.15
1245,-187.275,-50.17061166704662,3.15
1246,-175.925,-50.17061166704662,3.15
1247,-164.57500000000002,-50.17061166704662,3.15
1248,-153.22500000000002,-50.17061166704662,3.15
1249,-141.875,-50.17061166704662,3.15
1250,-130.525,-50.17061166704662,3.15
1251,-119.17500000000003,-50.17061166704662,3.15
1252,-107.82500000000002,-50.17061166704662,3.15
1253,107.825,-50.17061166704662,3.15
1254,119.17500000000001,-50.17061166704662,3.15
1255,130.52500000000003,-50.17061166704662,3.15
1256,141.87500000000003,-50.17061166704662,3.15
1257,153.22500000000002,-50.17061166704662,3.15
1258,164.57500000000005,-50.17061166704662,3.15
1259,175.92500000000004,-50.17061166704662,3.15
1260,187.27500000000003,-50.17061166704662,3.15
1261,198.62500000000003,-50.17061166704662,3.15
1262,209.97500000000002,-50.17061166704662,3.15
1263,221.32500000000005,-50.17061166704662,3.15
1264,232.67500000000004,-50.17061166704662,3.15
1265,244.02500000000003,-50.17061166704662,3.15
1266,255.37500000000006,-50.17061166704662,3.15
1267,266.725,-50.17061166704662,3.15
1268,278.07500000000005,-50.17061166704662,3.15
1269,289.42500000000007,-50.17061166704662,3.15
1270,300.77500000000003,-50.17061166704662,3.15
1271,312.12500000000006,-50.17061166704662,3.15
1272,323.4750000000001,-50.17061166704662,3.15
1273,334.82500000000005,-50.17061166704662,3.15
1274,346.17500000000007,-50.17061166704662,3.15
1275,-340.50000000000006,-40.34122333409324,3.15
1276,-329.15000000000003,-40.34122333409324,3.15
1277,-317.80000000000007,-40.34122333409324,3.15
1278,-306.45000000000005,-40.34122333409324,3.15
1279,-295.1,-40.34122333409324,3.15
1280,-283.75000000000006,-40.34122333409324,3.15
1281,-272.40000000000003,-40.34122333409324,3.15
1282,-261.05,-40.34122333409324,3.15
1283,-249.70000000000005,-40.34122333409324,3.15
1284,-238.35000000000002,-40.34122333409324,3.15
1285,-227.00000000000003,-40.34122333409324,3.15
1286,-215.65000000000003,-40.34122333409324,3.15
1287,-204.3,-40.34122333409324,3.15
1288,-192.95000000000002,-40.34122333409324,3.15
1289,-181.60000000000002,-40.34122333409324,3.15
1290,-170.25000000000003,-40.34122333409324,3.15
1291,-158.90000000000003,-40.34122333409324,3.15
1292,-147.55,-40.34122333409324,3.15
1293,-136.20000000000002,-40.34122333409324,3.15
1294,-124.85000000000002,-40.34122333409324,3.15
1295,-113.50000000000001,-40.34122333409324,3.15
1296,-102.15,-40.34122333409324,3.15
1297,102.15,-40.34122333409324,3.15
1298,113.50000000000001,-40.34122333409324,3.15
1299,124.85000000000002,-40.34122333409324,3.15
1300,136.20000000000002,-40.34122333409324,3.15
1301,147.55,-40.34122333409324,3.15
1302,158.90000000000003,-40.34122333409324,3.15
1303,170.25000000000003,-40.34122333409324,3.15
1304,181.60000000000002,-40.34122333409324,3.15
1305,192.95000000000002,-40.34122333409324,3.15
1306,204.3,-40.34122333409324,3.15
1307,215.65000000000003,-40.34122333409324,3.15
1308,227.00000000000003,-40.34122333409324,3.15
1309,238.35000000000002,-40.34122333409324,3.15
1310,249.70000000000005,-40.34122333409324,3.15
1311,261.05,-40.34122333409324,3.15
1312,272.40000000000003,-40.34122333409324,3.15
1313,283.75000000000006,-40.34122333409324,3.15
1314,295.1,-40.34122333409324,3.15
1315,306.45000000000005,-40.34122333409324,3.15
1316,317.80000000000007,-40.34122333409324,3.15
1317,329.15000000000003,-40.34122333409324,3.15
1318,340.50000000000006,-40.34122333409324,3.15
1319,-346.175,-30.511835001139865,3.15
1320,-334.82500000000005,-30.511835001139865,3.15
1321,-323.475,-30.511835001139865,3.15
1322,-312.12500000000006,-30.511835001139865,3.15
1323,-300.77500000000003,-30.511835001139865,3.15
1324,-289.425,-30.511835001139865,3.15
1325,-278.07500000000005,-30.511835001139865,3.15
1326,-266.725,-30.511835001139865,3.15
1327,-255.375,-30.511835001139865,3.15
1328,-244.02500000000003,-30.511835001139865,3.15
1329,-232.675,-30.511835001139865,3.15
1330,-221.32500000000002,-30.511835001139865,3.15
1331,-209.97500000000002,-30.511835001139865,3.15
1332,-198.625,-30.511835001139865,3.15
1333,-187.275,-30.511835001139865,3.15
1334,-175.925,-30.511835001139865,3.15
1335,-164.57500000000002,-30.511835001139865,3.15
1336,-153.22500000000002,-30.511835001139865,3.15
1337,-141.875,-30.511835001139865,3.15
1338,-130.525,-30.511835001139865,3.15
1339,-119.17500000000003,-30.511835001139865,3.15
1340,-107.82500000000002,-30.511835001139865,3.15
1341,-96.47500000000001,-30.511835001139865,3.15
1342,96.47500000000001,-30.511835001139865,3.15
1343,107.825,-30.511835001139865,3.15
1344,119.17500000000001,-30.511835001139865,3.15
1345,130.52500000000003,-30.511835001139865,3.15
1346,141.87500000000003,-30.511835001139865,3.15
1347,153.22500000000002,-30.511835001139865,3.15
1348,164.57500000000005,-30.511835001139865,3.15
1349,175.92500000000004,-30.511835001139865,3.15
1350,187.27500000000003,-30.511835001139865,3.15
1351,198.62500000000003,-30.511835001139865,3.15
1352,209.97500000000002,-30.511835001139865,3.15
1353,221.32500000000005,-30.511835001139865,3.15
1354,232.67500000000004,-30.511835001139865,3.15
1355,244.02500000000003,-30.511835001139865,3.15
1356,255.37500000000006,-30.511835001139865,3.15
1357,266.725,-30.511835001139865,3.15
1358,278.07500000000005,-30.511835001139865,3.15
1359,289.42500000000007,-30.511835001139865,3.15
1360,300.77500000000003,-30.511835001139865,3.15
1361,312.12500000000006,-30.511835001139865,3.15
1362,323.4750000000001,-30.511835001139865,3.15
1363,334.82500000000005,-30.511835001139865,3.15
1364,346.17500000000007,-30.511835001139865,3.15
1365,-340.50000000000006,-20.682446668186486,3.15
1366,-329.15000000000003,-20.682446668186486,3.15
1367,-317.80000000000007,-20.682446668186486,3.15
1368,-306.45000000000005,-20.682446668186486,3.15
1369,-295.1,-20.682446668186486,3.15
1370,-283.75000000000006,-20.682446668186486,3.15
1371,-272.40000000000003,-20.682446668186486,3.15
1372,-261.05,-20.682446668186486,3.15
1373,-249.70000000000005,-20.682446668186486,3.15
1374,-238.35000000000002,-20.682446668186486,3.15
1375,-227.00000000000003,-20.682446668186486,3.15
1376,-215.65000000000003,-20.682446668186486,3.15
1377,-204.3,-20.682446668186486,3.15
1378,-192.95000000000002,-20.682446668186486,3.15
1379,-181.60000000000002,-20.682446668186486,3.15
1380,-170.25000000000003,-20.682446668186486,3.15
1381,-158.90000000000003,-20.682446668186486,3.15
1382,-147.55,-20.682446668186486,3.15
1383,-136.20000000000002,-20.682446668186486,3.15
1384,-124.85000000000002,-20.682446668186486,3.15
1385,-113.50000000000001,-20.682446668186486,3.15
1386,-102.15,-20.682446668186486,3.15
1387,102.15,-20.682446668186486,3.15
1388,113.50000000000001,-20.682446668186486,3.15
1389,124.85000000000002,-20.682446668186486,3.15
1390,136.20000000000002,-20.682446668186486,3.15
1391,147.55,-20.682446668186486,3.15
1392,158.90000000000003,-20.682446668186486,3.15
1393,170.25000000000003,-20.682446668186486,3.15
1394,181.60000000000002,-20.682446668186486,3.15
1395,192.95000000000002,-20.682446668186486,3.15
1396,204.3,-20.682446668186486,3.15
1397,215.65000000000003,-20.682446668186486,3.15
1398,227.00000000000003,-20.682446668186486,3.15
1399,238.35000000000002,-20.682446668186486,3.15
1400,249.70000000000005,-20.682446668186486,3.15
1401,261.05,-20.682446668186486,3.15
1402,272.40000000000003,-20.682446668186486,3.15
1403,283.75000000000006,-20.682446668186486,3.15
1404,295.1,-20.682446668186486,3.15
1405,306.45000000000005,-20.682446668186486,3.15
1406,317.80000000000007,-20.682446668186486,3.15
1407,329.15000000000003,-20.682446668186486,3.15
1408,340.50000000000006,-20.682446668186486,3.15
1409,-346.175,-10.853058335233108,3.15
1410,-334.82500000000005,-10.853058335233108,3.15
1411,-323.475,-10.853058335233108,3.15
1412,-312.12500000000006,-10.853058335233108,3.15
1413,-300.77500000000003,-10.853058335233108,3.15
1414,-289.425,-10.853058335233108,3.15
1415,-278.07500000000005,-10.853058335233108,3.15
1416,-266.725,-10.853058335233108,3.15
1417,-255.375,-10.853058335233108,3.15
1418,-244.02500000000003,-10.853058335233108,3.15
1419,-232.675,-10.853058335233108,3.15
1420,-221.32500000000002,-10.853058335233108,3.15
1421,-209.97500000000002,-10.853058335233108,3.15
1422,-198.625,-10.853058335233108,3.15
1423,-187.275,-10.853058335233108,3.15
1424,-175.925,-10.853058335233108,3.15
1425,-164.57500000000002,-10.853058335233108,3.15
1426,-153.22500000000002,-10.853058335233108,3.15
1427,-141.875,-10.853058335233108,3.15
1428,-130.525,-10.853058335233108,3.15
1429,-119.17500000000003,-10.853058335233108,3.15
1430,-107.82500000000002,-10.853058335233108,3.15
1431,-96.47500000000001,-10.853058335233108,3.15
1432,96.47500000000001,-10.853058335233108,3.15
1433,107.825,-10.853058335233108,3.15
1434,119.17500000000001,-10.853058335233108,3.15
1435,130.52500000000003,-10.853058335233108,3.15
1436,141.87500000000003,-10.853058335233108,3.15
1437,153.22500000000002,-10.853058335233108,3.15
1438,164.57500000000005,-10.853058335233108,3.15
1439,175.92500000000004,-10.853058335233108,3.15
1440,187.27500000000003,-10.853058335233108,3.15
1441,198.62500000000003,-10.853058335233108,3.15
1442,209.97500000000002,-10.853058335233108,3.15
1443,221.32500000000005,-10.853058335233108,3.15
1444,232.67500000000004,-10.853058335233108,3.15
1445,244.02500000000003,-10.853058335233108,3.15
1446,255.37500000000006,-10.853058335233108,3.15
1447,266.725,-10.853058335233108,3.15
1448,278.07500000000005,-10.853058335233108,3.15
1449,289.42500000000007,-10.853058335233108,3.15
1450,300.77500000000003,-10.853058335233108,3.15
1451,312.12500000000006,-10.853058335233108,3.15
1452,323.4750000000001,-10.853058335233108,3.15
1453,334.82500000000005,-10.853058335233108,3.15
1454,346.17500000000007,-10.853058335233108,3.15
1455,-340.50000000000006,-1.0236700022797294,3.15
1456,-329.15000000000003,-1.0236700022797294,3.15
1457,-317.80000000000007,-1.0236700022797294,3.15
1458,-306.45000000000005,-1.0236700022797294,3.15
1459,-295.1,-1.0236700022797294,3.15
1460,-283.75000000000006,-1.0236700022797294,3.15
1461,-272.40000000000003,-1.0236700022797294,3.15
1462,-261.05,-1.0236700022797294,3.15
1463,-249.70000000000005,-1.0236700022797294,3.15
1464,-238.35000000000002,-1.0236700022797294,3.15
1465,-227.00000000000003,-1.0236700022797294,3.15
1466,-215.65000000000003,-1.0236700022797294,3.15
1467,-204.3,-1.0236700022797294,3.15
1468,-192.95000000000002,-1.0236700022797294,3.15
1469,-181.60000000000002,-1.0236700022797294,3.15
1470,-170.25000000000003,-1.0236700022797294,3.15
1471,-158.90000000000003,-1.0236700022797294,3.15
1472,-147.55,-1.0236700022797294,3.15
1473,-136.20000000000002,-1.0236700022797294,3.15
1474,-124.85000000000002,-1.0236700022797294,3.15
1475,-113.50000000000001,-1.0236700022797294,3.15
1476,-102.15,-1.0236700022797294,3.15
1477,-90.80000000000001,-1.0236700022797294,3.15
1478,90.80000000000001,-1.0236700022797294,3.15
1479,102.15,-1.0236700022797294,3.15
1480,113.50000000000001,-1.0236700022797294,3.15
1481,124.85000000000002,-1.0236700022797294,3.15
1482,136.20000000000002,-1.0236700022797294,3.15
1483,147.55,-1.0236700022797294,3.15
1484,158.90000000000003,-1.0236700022797294,3.15
1485,170.25000000000003,-1.0236700022797294,3.15
1486,181.60000000000002,-1.0236700022797294,3.15
1487,192.95000000000002,-1.0236700022797294,3.15
1488,204.3,-1.0236700022797294,3.15
1489,215.65000000000003,-1.0236700022797294,3.15
1490,227.00000000000003,-1.0236700022797294,3.15
1491,238.35000000000002,-1.0236700022797294,3.15
1492,249.70000000000005,-1.0236700022797294,3.15
1493,261.05,-1.0236700022797294,3.15
1494,272.40000000000003,-1.0236700022797294,3.15
1495,283.75000000000006,-1.0236700022797294,3.15
1496,295.1,-1.0236700022797294,3.15
1497,306.45000000000005,-1.0236700022797294,3.15
1498,317.80000000000007,-1.0236700022797294,3.15
1499,329.15000000000003,-1.0236700022797294,3.15
1500,340.50000000000006,-1.0236700022797294,3.15
1501,-346.175,8.805718330673642,3.15
1502,-334.82500000000005,8.805718330673642,3.15
1503,-323.475,8.805718330673642,3.15
1504,-312.12500000000006,8.805718330673642,3.15
1505,-300.77500000000003,8.805718330673642,3.15
1506,-289.425,8.805718330673642,3.15
1507,-278.07500000000005,8.805718330673642,3.15
1508,-266.725,8.805718330673642,3.15
1509,-255.375,8.805718330673642,3.15
1510,-244.02500000000003,8.805718330673642,3.15
1511,-232.675,8.805718330673642,3.15
1512,-221.32500000000002,8.805718330673642,3.15
1513,-209.97500000000002,8.805718330673642,3.15
1514,-198.625,8.805718330673642,3.15
1515,-187.275,8.805718330673642,3.15
1516,-175.925,8.805718330673642,3.15
1517,-164.57500000000002,8.805718330673642,3.15
1518,-153.22500000000002,8.805718330673642,3.15
1519,-141.875,8.805718330673642,3.15
1520,-130.525,8.805718330673642,3.15
1521,-119.17500000000003,8.805718330673642,3.15
1522,-107.82500000000002,8.805718330673642,3.15
1523,-96.47500000000001,8.805718330673642,3.15
1524,-85.12500000000001,8.805718330673642,3.15
1525,-73.77500000000002,8.805718330673642,3.15
1526,73.775,8.805718330673642,3.15
1527,85.12500000000001,8.805718330673642,3.15
1528,96.47500000000001,8.805718330673642,3.15
1529,107.825,8.805718330673642,3.15
1530,119.17500000000001,8.805718330673642,3.15
1531,130.52500000000003,8.805718330673642,3.15
1532,141.87500000000003,8.805718330673642,3.15
1533,153.22500000000002,8.805718330673642,3.15
1534,164.57500000000005,8.805718330673642,3.15
1535,175.92500000000004,8.805718330673642,3.15
1536,187.27500000000003,8.805718330673642,3.15
1537,198.62500000000003,8.805718330673642,3.15
1538,209.97500000000002,8.805718330673642,3.15
1539,221.32500000000005,8.805718330673642,3.15
1540,232.67500000000004,8.805718330673642,3.15
1541,244.02500000000003,8.805718330673642,3.15
1542,255.37500000000006,8.805718330673642,3.15
1543,266.725,8.805718330673642,3.15
1544,278.07500000000005,8.805718330673642,3.15
1545,289.42500000000007,8.805718330673642,3.15
1546,300.77500000000003,8.805718330673642,3.15
1547,312.12500000000006,8.805718330673642,3.15
1548,323.4750000000001,8.805718330673642,3.15
1549,334.82500000000005,8.805718330673642,3.15
1550,346.17500000000007,8.805718330673642,3.15
1551,-340.50000000000006,18.635106663627028,3.15
1552,-329.15000000000003,18.635106663627028,3.15
1553,-317.80000000000007,18.635106663627028,3.15
1554,-306.45000000000005,18.635106663627028,3.15
1555,-295.1,18.635106663627028,3.15
1556,-283.75000000000006,18.635106663627028,3.15
1557,-272.40000000000003,18.635106663627028,3.15
1558,-261.05,18.635106663627028,3.15
1559,-249.70000000000005,18.635106663627028,3.15
1560,-238.35000000000002,18.635106663627028,3.15
1561,-227.00000000000003,18.635106663627028,3.15
1562,-215.65000000000003,18.635106663627028,3.15
1563,-204.3,18.635106663627028,3.15
1564,-192.95000000000002,18.635106663627028,3.15
1565,-181.60000000000002,18.635106663627028,3.15
1566,-170.25000000000003,18.635106663627028,3.15
1567,-158.90000000000003,18.635106663627028,3.15
1568,-147.55,18.635106663627028,3.15
1569,-136.20000000000002,18.635106663627028,3.15
1570,-124.85000000000002,18.635106663627028,3.15
1571,-113.50000000000001,18.635106663627028,3.15
1572,-102.15,18.635106663627028,3.15
1573,-90.80000000000001,18.635106663627028,3.15
1574,-79.45000000000002,18.635106663627028,3.15
1575,-68.10000000000001,18.635106663627028,3.15
1576,68.10000000000001,18.635106663627028,3.15
1577,79.45000000000002,18.635106663627028,3.15
1578,90.80000000000001,18.635106663627028,3.15
1579,102.15,18.635106663627028,3.15
1580,113.50000000000001,18.635106663627028,3.15
1581,124.85000000000002,18.635106663627028,3.15
1582,136.20000000000002,18.635106663627028,3.15
1583,147.55,18.635106663627028,3.15
1584,158.90000000000003,18.635106663627028,3.15
1585,170.25000000000003,18.635106663627028,3.15
1586,181.60000000000002,18.635106663627028,3.15
1587,192.95000000000002,18.635106663627028,3.15
1588,204.3,18.635106663627028,3.15
1589,215.65000000000003,18.635106663627028,3.15
1590,227.00000000000003,18.635106663627028,3.15
1591,238.35000000000002,18.635106663627028,3.15
1592,249.70000000000005,18.635106663627028,3.15
1593,261.05,18.635106663627028,3.15
1594,272.40000000000003,18.635106663627028,3.15
1595,283.75000000000006,18.635106663627028,3.15
1596,295.1,18.635106663627028,3.15
1597,306.45000000000005,18.635106663627028,3.15
1598,317.80000000000007,18.635106663627028,3.15
1599,329.15000000000003,18.635106663627028,3.15
1600,340.50000000000006,18.635106663627028,3.15
1601,-346.175,28.464494996580413,3.15
1602,-334.82500000000005,28.464494996580413,3.15
1603,-323.475,28.464494996580413,3.15
1604,-312.12500000000006,28.464494996580413,3.15
1605,-300.77500000000003,28.464494996580413,3.15
1606,-289.425,28.464494996580413,3.15
1607,-278.07500000000005,28.464494996580413,3.15
1608,-266.725,28.464494996580413,3.15
1609,-255.375,28.464494996580413,3.15
1610,-244.02500000000003,28.464494996580413,3.15
1611,-232.675,28.464494996580413,3.15
1612,-221.32500000000002,28.464494996580413,3.15
1613,-209.97500000000002,28.464494996580413,3.15
1614,-198.625,28.464494996580413,3.15
1615,-187.275,28.464494996580413,3.15
1616,-175.925,28.464494996580413,3.15
1617,-164.57500000000002,28.464494996580413,3.15
1618,-153.22500000000002,28.464494996580413,3.15
1619,-141.875,28.464494996580413,3.15
1620,-130.525,28.464494996580413,3.15
1621,-119.17500000000003,28.464494996580413,3.15
1622,-107.82500000000002,28.464494996580413,3.15
1623,-96.47500000000001,28.464494996580413,3.15
1624,-85.12500000000001,28.464494996580413,3.15
1625,-73.77500000000002,28.464494996580413,3.15
1626,-62.42500000000001,28.464494996580413,3.15
1627,-51.075,28.464494996580413,3.15
1628,51.075,28.464494996580413,3.15
1629,62.42500000000001,28.464494996580413,3.15
1630,73.775,28.464494996580413,3.15
1631,85.12500000000001,28.464494996580413,3.15
1632,96.47500000000001,28.464494996580413,3.15
1633,107.825,28.464494996580413,3.15
1634,119.17500000000001,28.464494996580413,3.15
1635,130.52500000000003,28.464494996580413,3.15
1636,141.87500000000003,28.464494996580413,3.15
1637,153.22500000000002,28.464494996580413,3.15
1638,164.57500000000005,28.464494996580413,3.15
1639,175.92500000000004,28.464494996580413,3.15
1640,187.27500000000003,28.464494996580413,3.15
1641,198.62500000000003,28.464494996580413,3.15
1642,209.97500000000002,28.464494996580413,3.15
1643,221.32500000000005,28.464494996580413,3.15
1644,232.67500000000004,28.464494996580413,3.15
1645,244.02500000000003,28.464494996580413,3.15
1646,255.37500000000006,28.464494996580413,3.15
1647,266.725,28.464494996580413,3.15
1648,278.07500000000005,28.464494996580413,3.15
1649,289.42500000000007,28.464494996580413,3.15
1650,300.77500000000003,28.464494996580413,3.15
1651,312.12500000000006,28.464494996580413,3.15
1652,323.4750000000001,28.464494996580413,3.15
1653,334.82500000000005,28.464494996580413,3.15
1654,346.17500000000007,28.464494996580413,3.15
1655,-340.50000000000006,38.293883329533784,3.15
1656,-329.15000000000003,38.293883329533784,3.15
1657,-317.80000000000007,38.293883329533784,3.15
1658,-306.45000000000005,38.293883329533784,3.15
1659,-295.1,38.293883329533784,3.15
1660,-283.75000000000006,38.293883329533784,3.15
1661,-272.40000000000003,38.293883329533784,3.15
1662,-261.05,38.293883329533784,3.15
1663,-249.70000000000005,38.293883329533784,3.15
1664,-238.35000000000002,38.293883329533784,3.15
1665,-227.00000000000003,38.293883329533784,3.15
1666,-215.65000000000003,38.293883329533784,3.15
1667,-204.3,38.293883329533784,3.15
1668,-192.95000000000002,38.293883329533784,3.15
1669,-181.60000000000002,38.293883329533784,3.15
1670,-170.25000000000003,38.293883329533784,3.15
1671,-158.90000000000003,38.293883329533784,3.15
1672,-147.55,38.293883329533784,3.15
1673,-136.20000000000002,38.293883329533784,3.15
1674,-124.85000000000002,38.293883329533784,3.15
1675,-113.50000000000001,38.293883329533784,3.15
1676,-102.15,38.293883329533784,3.15
1677,-90.80000000000001,38.293883329533784,3.15
1678,-79.45000000000002,38.293883329533784,3.15
1679,-68.10000000000001,38.293883329533784,3.15
1680,-56.75000000000001,38.293883329533784,3.15
1681,-45.400000000000006,38.293883329533784,3.15
1682,-34.050000000000004,38.293883329533784,3.15
1683,-22.700000000000003,38.293883329533784,3.15
1684,22.700000000000003,38.293883329533784,3.15
1685,34.050000000000004,38.293883329533784,3.15
1686,45.400000000000006,38.293883329533784,3.15
1687,56.75000000000001,38.293883329533784,3.15
1688,68.10000000000001,38.293883329533784,3.15
1689,79.45000000000002,38.293883329533784,3.15
1690,90.80000000000001,38.293883329533784,3.15
1691,102.15,38.293883329533784,3.15
1692,113.50000000000001,38.293883329533784,3.15
1693,124.85000000000002,38.293883329533784,3.15
1694,136.20000000000002,38.293883329533784,3.15
1695,147.55,38.293883329533784,3.15
1696,158.90000000000003,38.293883329533784,3.15
1697,170.25000000000003,38.293883329533784,3.15
1698,181.60000000000002,38.293883329533784,3.15
1699,192.95000000000002,38.293883329533784,3.15
1700,204.3,38.293883329533784,3.15
1701,215.65000000000003,38.293883329533784,3.15
1702,227.00000000000003,38.293883329533784,3.15
1703,238.35000000000002,38.293883329533784,3.15
1704,249.70000000000005,38.293883329533784,3.15
1705,261.05,38.293883329533784,3.15
1706,272.40000000000003,38.293883329533784,3.15
1707,283.75000000000006,38.293883329533784,3.15
1708,295.1,38.293883329533784,3.15
1709,306.45000000000005,38.293883329533784,3.15
1710,317.80000000000007,38.293883329533784,3.15
1711,329.15000000000003,38.293883329533784,3.15
1712,340.50000000000006,38.293883329533784,3.15
1713,-346.175,48.123271662487156,3.15
1714,-334.82500000000005,48.123271662487156,3.15
1715,-323.475,48.123271662487156,3.15
1716,-312.12500000000006,48.123271662487156,3.15
1717,-300.77500000000003,48.123271662487156,3.15
1718,-289.425,48.123271662487156,3.15
1719,-278.07500000000005,48.123271662487156,3.15
1720,-266.725,48.123271662487156,3.15
1721,-255.375,48.123271662487156,3.15
1722,-244.02500000000003,48.123271662487156,3.15
1723,-232.675,48.123271662487156,3.15
1724,-221.32500000000002,48.123271662487156,3.15
1725,-209.97500000000002,48.123271662487156,3.15
1726,-198.625,48.123271662487156,3.15
1727,-187.275,48.123271662487156,3.15
1728,-175.925,48.123271662487156,3.15
1729,-164.57500000000002,48.123271662487156,3.15
1730,-153.22500000000002,48.123271662487156,3.15
1731,-141.875,48.123271662487156,3.15
1732,-130.525,48.123271662487156,3.15
1733,-119.17500000000003,48.123271662487156,3.15
1734,-107.82500000000002,48.123271662487156,3.15
1735,-96.47500000000001,48.123271662487156,3.15
1736,-85.12500000000001,48.123271662487156,3.15
1737,-73.77500000000002,48.123271662487156,3.15
1738,-62.42500000000001,48.123271662487156,3.15
1739,-51.075,48.123271662487156,3.15
1740,-39.72500000000001,48.123271662487156,3.15
1741,-28.375000000000004,48.123271662487156,3.15
1742,-17.025000000000002,48.123271662487156,3.15
1743,-5.675000000000001,48.123271662487156,3.15
1744,5.675000000000001,48.123271662487156,3.15
1745,17.025000000000002,48.123271662487156,3.15
1746,28.375000000000004,48.123271662487156,3.15
1747,39.72500000000001,48.123271662487156,3.15
1748,51.075,48.123271662487156,3.15
1749,62.42500000000001,48.123271662487156,3.15
1750,73.775,48.123271662487156,3.15
1751,85.12500000000001,48.123271662487156,3.15
1752,96.47500000000001,48.123271662487156,3.15
1753,107.825,48.123271662487156,3.15
1754,119.17500000000001,48.123271662487156,3.15
1755,130.52500000000003,48.123271662487156,3.15
1756,141.87500000000003,48.123271662487156,3.15
1757,153.22500000000002,48.123271662487156,3.15
1758,164.57500000000005,48.123271662487156,3.15
1759,175.92500000000004,48.123271662487156,3.15
1760,187.27500000000003,48.123271662487156,3.15
1761,198.62500000000003,48.123271662487156,3.15
1762,209.97500000000002,48.123271662487156,3.15
1763,221.32500000000005,48.123271662487156,3.15
1764,232.67500000000004,48.123271662487156,3.15
1765,244.02500000000003,48.123271662487156,3.15
1766,255.37500000000006,48.123271662487156,3.15
1767,266.725,48.123271662487156,3.15
1768,278.07500000000005,48.123271662487156,3.15
1769,289.42500000000007,48.123271662487156,3.15
1770,300.77500000000003,48.123271662487156,3.15
1771,312.12500000000006,48.123271662487156,3.15
1772,323.4750000000001,48.123271662487156,3.15
1773,334.82500000000005,48.123271662487156,3.15
1774,346.17500000000007,48.123271662487156,3.15
1775,-340.50000000000006,57.95265999544054,3.15
1776,-329.15000000000003,57.95265999544054,3.15
1777,-317.80000000000007,57.95265999544054,3.15
1778,-306.45000000000005,57.95265999544054,3.15
1779,-295.1,57.95265999544054,3.15
1780,-283.75000000000006,57.95265999544054,3.15
1781,-272.40000000000003,57.95265999544054,3.15
1782,-261.05,57.95265999544054,3.15
1783,-249.70000000000005,57.95265999544054,3.15
1784,-238.35000000000002,57.95265999544054,3.15
1785,-227.00000000000003,57.95265999544054,3.15
1786,-215.65000000000003,57.95265999544054,3.15
1787,-204.3,57.95265999544054,3.15
1788,-192.95000000000002,57.95265999544054,3.15
1789,-181.60000000000002,57.95265999544054,3.15
1790,-170.25000000000003,57.95265999544054,3.15
1791,-158.90000000000003,57.95265999544054,3.15
1792,-147.55,57.95265999544054,3.15
1793,-136.20000000000002,57.95265999544054,3.15
1794,-124.85000000000002,57.95265999544054,3.15
1795,-113.50000000000001,57.95265999544054,3.15
1796,-102.15,57.95265999544054,3.15
1797,-90.80000000000001,57.95265999544054,3.15
1798,-79.45000000000002,57.95265999544054,3.15
1799,-68.10000000000001,57.95265999544054,3.15
1800,-56.75000000000001,57.95265999544054,3.15
1801,-45.400000000000006,57.95265999544054,3.15
1802,-34.050000000000004,57.95265999544054,3.15
1803,-22.700000000000003,57.95265999544054,3.15
1804,-11.350000000000001,57.95265999544054,3.15
1805,0.0,57.95265999544054,3.15
1806,11.350000000000001,57.95265999544054,3.15
1807,22.700000000000003,57.95265999544054,3.15
1808,34.050000000000004,57.95265999544054,3.15
1809,45.400000000000006,57.95265999544054,3.15
1810,56.75000000000001,57.95265999544054,3.15
1811,68.10000000000001,57.95265999544054,3.15
1812,79.45000000000002,57.95265999544054,3.15
1813,90.80000000000001,57.95265999544054,3.15
1814,102.15,57.95265999544054,3.15
1815,113.50000000000001,57.95265999544054,3.15
1816,124.85000000000002,57.95265999544054,3.15
1817,136.20000000000002,57.95265999544054,3.15
1818,147.55,57.95265999544054,3.15
1819,158.90000000000003,57.95265999544054,3.15
1820,170.25000000000003,57.95265999544054,3.15
1821,181.60000000000002,57.95265999544054,3.15
1822,192.95000000000002,57.95265999544054,3.15
1823,204.3,57.95265999544054,3.15
1824,215.65000000000003,57.95265999544054,3.15
1825,227.00000000000003,57.95265999544054,3.15
1826,238.35000000000002,57.95265999544054,3.15
1827,249.70000000000005,57.95265999544054,3.15
1828,261.05,57.95265999544054,3.15
1829,272.40000000000003,57.95265999544054,3.15
1830,283.75000000000006,57.95265999544054,3.15
1831,295.1,57.95265999544054,3.15
1832,306.45000000000005,57.95265999544054,3.15
1833,317.80000000000007,57.95265999544054,3.15
1834,329.15000000000003,57.95265999544054,3.15
1835,340.50000000000006,57.95265999544054,3.15
1836,-334.82500000000005,67.78204832839393,3.15
1837,-323.475,67.78204832839393,3.15
1838,-312.12500000000006,67.78204832839393,3.15
1839,-300.77500000000003,67.78204832839393,3.15
1840,-289.425,67.78204832839393,3.15
1841,-278.07500000000005,67.78204832839393,3.15
1842,-266.725,67.78204832839393,3.15
1843,-255.375,67.78204832839393,3.15
1844,-244.02500000000003,67.78204832839393,3.15
1845,-232.675,67.78204832839393,3.15
1846,-221.32500000000002,67.78204832839393,3.15
1847,-209.97500000000002,67.78204832839393,3.15
1848,-198.625,67.78204832839393,3.15
1849,-187.275,67.78204832839393,3.15
1850,-175.925,67.78204832839393,3.15
1851,-164.57500000000002,67.78204832839393,3.15
1852,-153.22500000000002,67.78204832839393,3.15
1853,-141.875,67.78204832839393,3.15
1854,-130.525,67.78204832839393,3.15
1855,-119.17500000000003,67.78204832839393,3.15
1856,-107.82500000000002,67.78204832839393,3.15
1857,-96.47500000000001,67.78204832839393,3.15
1858,-85.12500000000001,67.78204832839393,3.15
1859,-73.77500000000002,67.78204832839393,3.15
1860,-62.42500000000001,67.78204832839393,3.15
1861,-51.075,67.78204832839393,3.15
1862,-39.72500000000001,67.78204832839393,3.15
1863,-28.375000000000004,67.78204832839393,3.15
1864,-17.025000000000002,67.78204832839393,3.15
1865,-5.675000000000001,67.78204832839393,3.15
1866,5.675000000000001,67.78204832839393,3.15
1867,17.025000000000002,67.78204832839393,3.15
1868,28.375000000000004,67.78204832839393,3.15
1869,39.72500000000001,67.78204832839393,3.15
1870,51.075,67.78204832839393,3.15
1871,62.42500000000001,67.78204832839393,3.15
1872,73.775,67.78204832839393,3.15
1873,85.12500000000001,67.78204832839393,3.15
1874,96.47500000000001,67.78204832839393,3.15
1875,107.825,67.78204832839393,3.15
1876,119.17500000000001,67.78204832839393,3.15
1877,130.52500000000003,67.78204832839393,3.15
1878,141.87500000000003,67.78204832839393,3.15
1879,153.22500000000002,67.78204832839393,3.15
1880,164.57500000000005,67.78204832839393,3.15
1881,175.92500000000004,67.78204832839393,3.15
1882,187.27500000000003,67.78204832839393,3.15
1883,198.62500000000003,67.78204832839393,3.15
1884,209.97500000000002,67.78204832839393,3.15
1885,221.32500000000005,67.78204832839393,3.15
1886,232.67500000000004,67.78204832839393,3.15
1887,244.02500000000003,67.78204832839393,3.15
1888,255.37500000000006,67.78204832839393,3.15
1889,266.725,67.78204832839393,3.15
1890,278.07500000000005,67.78204832839393,3.15
1891,289.42500000000007,67.78204832839393,3.15
1892,300.77500000000003,67.78204832839393,3.15
1893,312.12500000000006,67.78204832839393,3.15
1894,323.4750000000001,67.78204832839393,3.15
1895,334.82500000000005,67.78204832839393,3.15
1896,-340.50000000000006,77.61143666134728,3.15
1897,-329.15000000000003,77.61143666134728,3.15
1898,-317.80000000000007,77.61143666134728,3.15
1899,-306.45000000000005,77.61143666134728,3.15
1900,-295.1,77.61143666134728,3.15
1901,-283.75000000000006,77.61143666134728,3.15
1902,-272.40000000000003,77.61143666134728,3.15
1903,-261.05,77.61143666134728,3.15
1904,-249.70000000000005,77.61143666134728,3.15
1905,-238.35000000000002,77.61143666134728,3.15
1906,-227.00000000000003,77.61143666134728,3.15
1907,-215.65000000000003,77.61143666134728,3.15
1908,-204.3,77.61143666134728,3.15
1909,-192.95000000000002,77.61143666134728,3.15
1910,-181.60000000000002,77.61143666134728,3.15
1911,-170.25000000000003,77.61143666134728,3.15
1912,-158.90000000000003,77.61143666134728,3.15
1913,-147.55,77.61143666134728,3.15
1914,-136.20000000000002,77.61143666134728,3.15
1915,-124.85000000000002,77.61143666134728,3.15
1916,-113.50000000000001,77.61143666134728,3.15
1917,-102.15,77.61143666134728,3.15
1918,-90.80000000000001,77.61143666134728,3.15
1919,-79.45000000000002,77.61143666134728,3.15
1920,-68.10000000000001,77.61143666134728,3.15
1921,-56.75000000000001,77.61143666134728,3.15
1922,-45.400000000000006,77.61143666134728,3.15
1923,-34.050000000000004,77.61143666134728,3.15
1924,-22.700000000000003,77.61143666134728,3.15
1925,-11.350000000000001,77.61143666134728,3.15
1926,0.0,77.61143666134728,3.15
1927,11.350000000000001,77.61143666134728,3.15
1928,22.700000000000003,77.61143666134728,3.15
1929,34.050000000000004,77.61143666134728,3.15
1930,45.400000000000006,77.61143666134728,3.15
1931,56.75000000000001,77.61143666134728,3.15
1932,68.10000000000001,77.61143666134728,3.15
1933,79.45000000000002,77.61143666134728,3.15
1934,90.80000000000001,77.61143666134728,3.15
1935,102.15,77.61143666134728,3.15
1936,113.50000000000001,77.61143666134728,3.15
1937,124.85000000000002,77.61143666134728,3.15
1938,136.20000000000002,77.61143666134728,3.15
1939,147.55,77.61143666134728,3.15
1940,158.90000000000003,77.61143666134728,3.15
1941,170.25000000000003,77.61143666134728,3.15
1942,181.60000000000002,77.61143666134728,3.15
1943,192.95000000000002,77.61143666134728,3.15
1944,204.3,77.61143666134728,3.15
1945,215.65000000000003,77.61143666134728,3.15
1946,227.00000000000003,77.61143666134728,3.15
1947,238.35000000000002,77.61143666134728,3.15
1948,249.70000000000005,77.61143666134728,3.15
1949,261.05,77.61143666134728,3.15
1950,272.40000000000003,77.61143666134728,3.15
1951,283.75000000000006,77.61143666134728,3.15
1952,295.1,77.61143666134728,3.15
1953,306.45000000000005,77.61143666134728,3.15
1954,317.80000000000007,77.61143666134728,3.15
1955,329.15000000000003,77.61143666134728,3.15
1956,340.50000000000006,77.61143666134728,3.15
1957,-334.82500000000005,87.44082499430067,3.15
1958,-323.475,87.44082499430067,3.15
1959,-312.12500000000006,87.44082499430067,3.15
1960,-300.77500000000003,87.44082499430067,3.15
1961,-289.425,87.44082499430067,3.15
1962,-278.07500000000005,87.44082499430067,3.15
1963,-266.725,87.44082499430067,3.15
1964,-255.375,87.44082499430067,3.15
1965,-244.02500000000003,87.44082499430067,3.15
1966,-232.675,87.44082499430067,3.15
1967,-221.32500000000002,87.44082499430067,3.15
1968,-209.97500000000002,87.44082499430067,3.15
1969,-198.625,87.44082499430067,3.15
1970,-187.275,87.44082499430067,3.15
1971,-175.925,87.44082499430067,3.15
1972,-164.57500000000002,87.44082499430067,3.15
1973,-153.22500000000002,87.44082499430067,3.15
1974,-141.875,87.44082499430067,3.15
1975,-130.525,87.44082499430067,3.15
1976,-119.17500000000003,87.44082499430067,3.15
1977,-107.82500000000002,87.44082499430067,3.15
1978,-96.47500000000001,87.44082499430067,3.15
1979,-85.12500000000001,87.44082499430067,3.15
1980,-73.77500000000002,87.44082499430067,3.15
1981,-62.42500000000001,87.44082499430067,3.15
1982,-51.075,87.44082499430067,3.15
1983,-39.72500000000001,87.44082499430067,3.15
1984,-28.375000000000004,87.44082499430067,3.15
1985,-17.025000000000002,87.44082499430067,3.15
1986,-5.675000000000001,87.44082499430067,3.15
1987,5.675000000000001,87.44082499430067,3.15
1988,17.025000000000002,87.44082499430067,3.15
1989,28.375000000000004,87.44082499430067,3.15
1990,39.72500000000001,87.44082499430067,3.15
1991,51.075,87.44082499430067,3.15
1992,62.42500000000001,87.44082499430067,3.15
1993,73.775,87.44082499430067,3.15
1994,85.12500000000001,87.44082499430067,3.15
1995,96.47500000000001,87.44082499430067,3.15
1996,107.825,87.44082499430067,3.15
1997,119.17500000000001,87.44082499430067,3.15
1998,130.52500000000003,87.44082499430067,3.15
1999,141.87500000000003,87.44082499430067,3.15
2000,153.22500000000002,87.44082499430067,3.15
2001,164.57500000000005,87.44082499430067,3.15
2002,175.92500000000004,87.44082499430067,3.15
2003,187.27500000000003,87.44082499430067,3.15
2004,198.62500000000003,87.44082499430067,3.15
2005,209.97500000000002,87.44082499430067,3.15
2006,221.32500000000005,87.44082499430067,3.15
2007,232.67500000000004,87.44082499430067,3.15
2008,244.02500000000003,87.44082499430067,3.15
2009,255.37500000000006,87.44082499430067,3.15
2010,266.725,87.44082499430067,3.15
2011,278.07500000000005,87.44082499430067,3.15
2012,289.42500000000007,87.44082499430067,3.15
2013,300.77500000000003,87.44082499430067,3.15
2014,312.12500000000006,87.44082499430067,3.15
2015,323.4750000000001,87.44082499430067,3.15
2016,334.82500000000005,87.44082499430067,3.15
2017,-329.15000000000003,97.27021332725406,3.15
2018,-317.80000000000007,97.27021332725406,3.15
2019,-306.45000000000005,97.27021332725406,3.15
2020,-295.1,97.27021332725406,3.15
2021,-283.75000000000006,97.27021332725406,3.15
2022,-272.40000000000003,97.27021332725406,3.15
2023,-261.05,97.27021332725406,3.15
2024,-249.70000000000005,97.27021332725406,3.15
2025,-238.35000000000002,97.27021332725406,3.15
2026,-227.00000000000003,97.27021332725406,3.15
2027,-215.65000000000003,97.27021332725406,3.15
2028,-204.3,97.27021332725406,3.15
2029,-192.95000000000002,97.27021332725406,3.15
2030,-181.60000000000002,97.27021332725406,3.15
2031,-170.25000000000003,97.27021332725406,3.15
2032,-158.90000000000003,97.27021332725406,3.15
2033,-147.55,97.27021332725406,3.15
2034,-136.20000000000002,97.27021332725406,3.15
2035,-124.85000000000002,97.27021332725406,3.15
2036,-113.50000000000001,97.27021332725406,3.15
2037,-102.15,97.27021332725406,3.15
2038,-90.80000000000001,97.27021332725406,3.15
2039,-79.45000000000002,97.27021332725406,3.15
2040,-68.10000000000001,97.27021332725406,3.15
2041,-56.75000000000001,97.27021332725406,3.15
2042,-45.400000000000006,97.27021332725406,3.15
2043,-34.050000000000004,97.27021332725406,3.15
2044,-22.700000000000003,97.27021332725406,3.15
2045,-11.350000000000001,97.27021332725406,3.15
2046,0.0,97.27021332725406,3.15
2047,11.350000000000001,97.27021332725406,3.15
2048,22.700000000000003,97.27021332725406,3.15
2049,34.050000000000004,97.27021332725406,3.15
2050,45.400000000000006,97.27021332725406,3.15
2051,56.75000000000001,97.27021332725406,3.15
2052,68.10000000000001,97.27021332725406,3.15
2053,79.45000000000002,97.27021332725406,3.15
2054,90.80000000000001,97.27021332725406,3.15
2055,102.15,97.27021332725406,3.15
2056,113.50000000000001,97.27021332725406,3.15
2057,124.85000000000002,97.27021332725406,3.15
2058,136.20000000000002,97.27021332725406,3.15
2059,147.55,97.27021332725406,3.15
2060,158.90000000000003,97.27021332725406,3.15
2061,170.25000000000003,97.27021332725406,3.15
2062,181.60000000000002,97.27021332725406,3.15
2063,192.95000000000002,97.27021332725406,3.15
2064,204.3,97.27021332725406,3.15
2065,215.65000000000003,97.27021332725406,3.15
2066,227.00000000000003,97.27021332725406,3.15
2067,238.35000000000002,97.27021332725406,3.15
2068,249.70000000000005,97.27021332725406,3.15
2069,261.05,97.27021332725406,3.15
2070,272.40000000000003,97.27021332725406,3.15
2071,283.75000000000006,97.27021332725406,3.15
2072,295.1,97.27021332725406,3.15
2073,306.45000000000005,97.27021332725406,3.15
2074,317.80000000000007,97.27021332725406,3.15
2075,329.15000000000003,97.27021332725406,3.15
2076,-323.475,107.09960166020744,3.15
2077,-312.12500000000006,107.09960166020744,3.15
2078,-300.77500000000003,107.09960166020744,3.15
2079,-289.425,107.09960166020744,3.15
2080,-278.07500000000005,107.09960166020744,3.15
2081,-266.725,107.09960166020744,3.15
2082,-255.375,107.09960166020744,3.15
2083,-244.02500000000003,107.09960166020744,3.15
2084,-232.675,107.09960166020744,3.15
2085,-221.32500000000002,107.09960166020744,3.15
2086,-209.97500000000002,107.09960166020744,3.15
2087,-198.625,107.09960166020744,3.15
2088,-187.275,107.09960166020744,3.15
2089,-175.925,107.09960166020744,3.15
2090,-164.57500000000002,107.09960166020744,3.15
2091,-153.22500000000002,107.09960166020744,3.15
2092,-141.875,107.09960166020744,3.15
2093,-130.525,107.09960166020744,3.15
2094,-119.17500000000003,107.09960166020744,3.15
2095,-107.82500000000002,107.09960166020744,3.15
2096,-96.47500000000001,107.09960166020744,3.15
2097,-85.12500000000001,107.09960166020744,3.15
2098,-73.77500000000002,107.09960166020744,3.15
2099,-62.42500000000001,107.09960166020744,3.15
2100,-51.075,107.09960166020744,3.15
2101,-39.72500000000001,107.09960166020744,3.15
2102,-28.375000000000004,107.09960166020744,3.15
2103,-17.025000000000002,107.09960166020744,3.15
2104,-5.675000000000001,107.09960166020744,3.15
2105,5.675000000000001,107.09960166020744,3.15
2106,17.025000000000002,107.09960166020744,3.15
2107,28.375000000000004,107.09960166020744,3.15
2108,39.72500000000001,107.09960166020744,3.15
2109,51.075,107.09960166020744,3.15
2110,62.42500000000001,107.09960166020744,3.15
2111,73.775,107.09960166020744,3.15
2112,85.12500000000001,107.09960166020744,3.15
2113,96.47500000000001,107.09960166020744,3.15
2114,107.825,107.09960166020744,3.15
2115,119.17500000000001,107.09960166020744,3.15
2116,130.52500000000003,107.09960166020744,3.15
2117,141.87500000000003,107.09960166020744,3.15
2118,153.22500000000002,107.09960166020744,3.15
2119,164.57500000000005,107.09960166020744,3.15
2120,175.92500000000004,107.09960166020744,3.15
2121,187.27500000000003,107.09960166020744,3.15
2122,198.62500000000003,107.09960166020744,3.15
2123,209.97500000000002,107.09960166020744,3.15
2124,221.32500000000005,107.09960166020744,3.15
2125,232.67500000000004,107.09960166020744,3.15
2126,244.02500000000003,107.09960166020744,3.15
2127,255.37500000000006,107.09960166020744,3.15
2128,266.725,107.09960166020744,3.15
2129,278.07500000000005,107.09960166020744,3.15
2130,289.42500000000007,107.09960166020744,3.15
2131,300.77500000000003,107.09960166020744,3.15
2132,312.12500000000006,107.09960166020744,3.15
2133,323.4750000000001,107.09960166020744,3.15
2134,-329.15000000000003,116.92898999316083,3.15
2135,-317.80000000000007,116.92898999316083,3.15
2136,-306.45000000000005,116.92898999316083,3.15
2137,-295.1,116.92898999316083,3.15
2138,-283.75000000000006,116.92898999316083,3.15
2139,-272.40000000000003,116.92898999316083,3.15
2140,-261.05,116.92898999316083,3.15
2141,-249.70000000000005,116.92898999316083,3.15
2142,-238.35000000000002,116.92898999316083,3.15
2143,-227.00000000000003,116.92898999316083,3.15
2144,-215.65000000000003,116.92898999316083,3.15
2145,-204.3,116.92898999316083,3.15
2146,-192.95000000000002,116.92898999316083,3.15
2147,-181.60000000000002,116.92898999316083,3.15
2148,-170.25000000000003,116.92898999316083,3.15
2149,-158.90000000000003,116.92898999316083,3.15
2150,-147.55,116.92898999316083,3.15
2151,-136.20000000000002,116.92898999316083,3.15
2152,-124.85000000000002,116.92898999316083,3.15
2153,-113.50000000000001,116.92898999316083,3.15
2154,-102.15,116.92898999316083,3.15
2155,-90.80000000000001,116.92898999316083,3.15
2156,-79.45000000000002,116.92898999316083,3.15
2157,-68.10000000000001,116.92898999316083,3.15
2158,-56.75000000000001,116.92898999316083,3.15
2159,-45.400000000000006,116.92898999316083,3.15
2160,-34.050000000000004,116.92898999316083,3.15
2161,-22.700000000000003,116.92898999316083,3.15
2162,-11.350000000000001,116.92898999316083,3.15
2163,0.0,116.92898999316083,3.15
2164,11.350000000000001,116.92898999316083,3.15
2165,22.700000000000003,116.92898999316083,3.15
2166,34.050000000000004,116.92898999316083,3.15
2167,45.400000000000006,116.92898999316083,3.15
2168,56.75000000000001,116.92898999316083,3.15
2169,68.10000000000001,116.92898999316083,3.15
2170,79.45000000000002,116.92898999316083,3.15
2171,90.80000000000001,116.92898999316083,3.15
2172,102.15,116.92898999316083,3.15
2173,113.50000000000001,116.92898999316083,3.15
2174,124.85000000000002,116.92898999316083,3.15
2175,136.20000000000002,116.92898999316083,3.15
2176,147.55,116.92898999316083,3.15
2177,158.90000000000003,116.92898999316083,3.15
2178,170.25000000000003,116.92898999316083,3.15
2179,181.60000000000002,116.92898999316083,3.15
2180,192.95000000000002,116.92898999316083,3.15
2181,204.3,116.92898999316083,3.15
2182,215.65000000000003,116.92898999316083,3.15
2183,227.00000000000003,116.92898999316083,3.15
2184,238.35000000000002,116.92898999316083,3.15
2185,249.70000000000005,116.92898999316083,3.15
2186,261.05,116.92898999316083,3.15
2187,272.40000000000003,116.92898999316083,3.15
2188,283.75000000000006,116.92898999316083,3.15
2189,295.1,116.92898999316083,3.15
2190,306.45000000000005,116.92898999316083,3.15
2191,317.80000000000007,116.92898999316083,3.15
2192,329.15000000000003,116.92898999316083,3.15
2193,-323.475,126.75837832611418,3.15
2194,-312.12500000000006,126.75837832611418,3.15
2195,-300.77500000000003,126.75837832611418,3.15
2196,-289.425,126.75837832611418,3.15
2197,-278.07500000000005,126.75837832611418,3.15
2198,-266.725,126.75837832611418,3.15
2199,-255.375,126.75837832611418,3.15
2200,-244.02500000000003,126.75837832611418,3.15
2201,-232.675,126.75837832611418,3.15
2202,-221.32500000000002,126.75837832611418,3.15
2203,-209.97500000000002,126.75837832611418,3.15
2204,-198.625,126.75837832611418,3.15
2205,-187.275,126.75837832611418,3.15
2206,-175.925,126.75837832611418,3.15
2207,-164.57500000000002,126.75837832611418,3.15
2208,-153.22500000000002,126.75837832611418,3.15
2209,-141.875,126.75837832611418,3.15
2210,-130.525,126.75837832611418,3.15
2211,-119.17500000000003,126.75837832611418,3.15
2212,-107.82500000000002,126.75837832611418,3.15
2213,-96.47500000000001,126.75837832611418,3.15
2214,-85.12500000000001,126.75837832611418,3.15
2215,-73.77500000000002,126.75837832611418,3.15
2216,-62.42500000000001,126.75837832611418,3.15
2217,-51.075,126.75837832611418,3.15
2218,-39.72500000000001,126.75837832611418,3.15
2219,-28.375000000000004,126.75837832611418,3.15
2220,-17.025000000000002,126.75837832611418,3.15
2221,-5.675000000000001,126.75837832611418,3.15
2222,5.675000000000001,126.75837832611418,3.15
2223,17.025000000000002,126.75837832611418,3.15
2224,28.375000000000004,126.75837832611418,3.15
2225,39.72500000000001,126.75837832611418,3.15
2226,51.075,126.75837832611418,3.15
2227,62.42500000000001,126.75837832611418,3.15
2228,73.775,126.75837832611418,3.15
2229,85.12500000000001,126.75837832611418,3.15
2230,96.47500000000001,126.75837832611418,3.15
2231,107.825,126.75837832611418,3.15
2232,119.17500000000001,126.75837832611418,3.15
2233,130.52500000000003,126.75837832611418,3.15
2234,141.87500000000003,126.75837832611418,3.15
2235,153.22500000000002,126.75837832611418,3.15
2236,164.57500000000005,126.75837832611418,3.15
2237,175.92500000000004,126.75837832611418,3.15
2238,187.27500000000003,126.75837832611418,3.15
2239,198.62500000000003,126.75837832611418,3.15
2240,209.97500000000002,126.75837832611418,3.15
2241,221.32500000000005,126.75837832611418,3.15
2242,232.67500000000004,126.75837832611418,3.15
2243,244.02500000000003,126.75837832611418,3.15
2244,255.37500000000006,126.75837832611418,3.15
2245,266.725,126.75837832611418,3.15
2246,278.07500000000005,126.75837832611418,3.15
2247,289.42500000000007,126.75837832611418,3.15
2248,300.77500000000003,126.75837832611418,3.15
2249,312.12500000000006,126.75837832611418,3.15
2250,323.4750000000001,126.75837832611418,3.15
2251,-317.80000000000007,136.58776665906757,3.15
2252,-306.45000000000005,136.58776665906757,3.15
2253,-295.1,136.58776665906757,3.15
2254,-283.75000000000006,136.58776665906757,3.15
2255,-272.40000000000003,136.58776665906757,3.15
2256,-261.05,136.58776665906757,3.15
2257,-249.70000000000005,136.58776665906757,3.15
2258,-238.35000000000002,136.58776665906757,3.15
2259,-227.00000000000003,136.58776665906757,3.15
2260,-215.65000000000003,136.58776665906757,3.15
2261,-204.3,136.58776665906757,3.15
2262,-192.95000000000002,136.58776665906757,3.15
2263,-181.60000000000002,136.58776665906757,3.15
2264,-170.25000000000003,136.58776665906757,3.15
2265,-158.90000000000003,136.58776665906757,3.15
2266,-147.55,136.58776665906757,3.15
2267,-136.20000000000002,136.58776665906757,3.15
2268,-124.85000000000002,136.58776665906757,3.15
2269,-113.50000000000001,136.58776665906757,3.15
2270,-102.15,136.58776665906757,3.15
2271,-90.80000000000001,136.58776665906757,3.15
2272,-79.45000000000002,136.58776665906757,3.15
2273,-68.10000000000001,136.58776665906757,3.15
2274,-56.75000000000001,136.58776665906757,3.15
2275,-45.400000000000006,136.58776665906757,3.15
2276,-34.050000000000004,136.58776665906757,3.15
2277,-22.700000000000003,136.58776665906757,3.15
2278,-11.350000000000001,136.58776665906757,3.15
2279,0.0,136.58776665906757,3.15
2280,11.350000000000001,136.58776665906757,3.15
2281,22.700000000000003,136.58776665906757,3.15
2282,34.050000000000004,136.58776665906757,3.15
2283,45.400000000000006,136.58776665906757,3.15
2284,56.75000000000001,136.58776665906757,3.15
2285,68.10000000000001,136.58776665906757,3.15
2286,79.45000000000002,136.58776665906757,3.15
2287,90.80000000000001,136.58776665906757,3.15
2288,102.15,136.58776665906757,3.15
2289,113.50000000000001,136.58776665906757,3.15
2290,124.85000000000002,136.58776665906757,3.15
2291,136.20000000000002,136.58776665906757,3.15
2292,147.55,136.58776665906757,3.15
2293,158.90000000000003,136.58776665906757,3.15
2294,170.25000000000003,136.58776665906757,3.15
2295,181.60000000000002,136.58776665906757,3.15
2296,192.95000000000002,136.58776665906757,3.15
2297,204.3,136.58776665906757,3.15
2298,215.65000000000003,136.58776665906757,3.15
2299,227.00000000000003,136.58776665906757,3.15
2300,238.35000000000002,136.58776665906757,3.15
2301,249.70000000000005,136.58776665906757,3.15
2302,261.05,136.58776665906757,3.15
2303,272.40000000000003,136.58776665906757,3.15
2304,283.75000000000006,136.58776665906757,3.15
2305,295.1,136.58776665906757,3.15
2306,306.45000000000005,136.58776665906757,3.15
2307,317.80000000000007,136.58776665906757,3.15
2308,-312.12500000000006,146.41715499202095,3.15
2309,-300.77500000000003,146.41715499202095,3.15
2310,-289.425,146.41715499202095,3.15
2311,-278.07500000000005,146.41715499202095,3.15
2312,-266.725,146.41715499202095,3.15
2313,-255.375,146.41715499202095,3.15
2314,-244.02500000000003,146.41715499202095,3.15
2315,-232.675,146.41715499202095,3.15
2316,-221.32500000000002,146.41715499202095,3.15
2317,-209.97500000000002,146.41715499202095,3.15
2318,-198.625,146.41715499202095,3.15
2319,-187.275,146.41715499202095,3.15
2320,-175.925,146.41715499202095,3.15
2321,-164.57500000000002,146.41715499202095,3.15
2322,-153.22500000000002,146.41715499202095,3.15
2323,-141.875,146.41715499202095,3.15
2324,-130.525,146.41715499202095,3.15
2325,-119.17500000000003,146.41715499202095,3.15
2326,-107.82500000000002,146.41715499202095,3.15
2327,-96.47500000000001,146.41715499202095,3.15
2328,-85.12500000000001,146.41715499202095,3.15
2329,-73.77500000000002,146.41715499202095,3.15
2330,-62.42500000000001,146.41715499202095,3.15
2331,-51.075,146.41715499202095,3.15
2332,-39.72500000000001,146.41715499202095,3.15
2333,-28.375000000000004,146.41715499202095,3.15
2334,-17.025000000000002,146.41715499202095,3.15
2335,-5.675000000000001,146.41715499202095,3.15
2336,5.675000000000001,146.41715499202095,3.15
2337,17.025000000000002,146.41715499202095,3.15
2338,28.375000000000004,146.41715499202095,3.15
2339,39.72500000000001,146.41715499202095,3.15
2340,51.075,146.41715499202095,3.15
2341,62.42500000000001,146.41715499202095,3.15
2342,73.775,146.41715499202095,3.15
2343,85.12500000000001,146.41715499202095,3.15
2344,96.47500000000001,146.41715499202095,3.15
2345,107.825,146.41715499202095,3.15
2346,119.17500000000001,146.41715499202095,3.15
2347,130.52500000000003,146.41715499202095,3.15
2348,141.87500000000003,146.41715499202095,3.15
2349,153.22500000000002,146.41715499202095,3.15
2350,164.57500000000005,146.41715499202095,3.15
2351,175.92500000000004,146.41715499202095,3.15
2352,187.27500000000003,146.41715499202095,3.15
2353,198.62500000000003,146.41715499202095,3.15
2354,209.97500000000002,146.41715499202095,3.15
2355,221.32500000000005,146.41715499202095,3.15
2356,232.67500000000004,146.41715499202095,3.15
2357,244.02500000000003,146.41715499202095,3.15
2358,255.37500000000006,146.41715499202095,3.15
2359,266.725,146.41715499202095,3.15
2360,278.07500000000005,146.41715499202095,3.15
2361,289.42500000000007,146.41715499202095,3.15
2362,300.77500000000003,146.41715499202095,3.15
2363,312.12500000000006,146.41715499202095,3.15
2364,-306.45000000000005,156.2465433249743,3.15
2365,-295.1,156.2465433249743,3.15
2366,-283.75000000000006,156.2465433249743,3.15
2367,-272.40000000000003,156.2465433249743,3.15
2368,-261.05,156.2465433249743,3.15
2369,-249.70000000000005,156.2465433249743,3.15
2370,-238.35000000000002,156.2465433249743,3.15
2371,-227.00000000000003,156.2465433249743,3.15
2372,-215.65000000000003,156.2465433249743,3.15
2373,-204.3,156.2465433249743,3.15
2374,-192.95000000000002,156.2465433249743,3.15
2375,-181.60000000000002,156.2465433249743,3.15
2376,-170.25000000000003,156.2465433249743,3.15
2377,-158.90000000000003,156.2465433249743,3.15
2378,-147.55,156.2465433249743,3.15
2379,-136.20000000000002,156.2465433249743,3.15
2380,-124.85000000000002,156.2465433249743,3.15
2381,-113.50000000000001,156.2465433249743,3.15
2382,-102.15,156.2465433249743,3.15
2383,-90.80000000000001,156.2465433249743,3.15
2384,-79.45000000000002,156.2465433249743,3.15
2385,-68.10000000000001,156.2465433249743,3.15
2386,-56.75000000000001,156.2465433249743,3.15
2387,-45.400000000000006,156.2465433249743,3.15
2388,-34.050000000000004,156.2465433249743,3.15
2389,-22.700000000000003,156.2465433249743,3.15
2390,-11.350000000000001,156.2465433249743,3.15
2391,0.0,156.2465433249743,3.15
2392,11.350000000000001,156.2465433249743,3.15
2393,22.700000000000003,156.2465433249743,3.15
2394,34.050000000000004,156.2465433249743,3.15
2395,45.400000000000006,156.2465433249743,3.15
2396,56.75000000000001,156.2465433249743,3.15
2397,68.10000000000001,156.2465433249743,3.15
2398,79.45000000000002,156.2465433249743,3.15
2399,90.80000000000001,156.2465433249743,3.15
2400,102.15,156.2465433249743,3.15
2401,113.50000000000001,156.2465433249743,3.15
2402,124.85000000000002,156.2465433249743,3.15
2403,136.20000000000002,156.2465433249743,3.15
2404,147.55,156.2465433249743,3.15
2405,158.90000000000003,156.2465433249743,3.15
2406,170.25000000000003,156.2465433249743,3.15
2407,181.60000000000002,156.2465433249743,3.15
2408,192.95000000000002,156.2465433249743,3.15
2409,204.3,156.2465433249743,3.15
2410,215.65000000000003,156.2465433249743,3.15
2411,227.00000000000003,156.2465433249743,3.15
2412,238.35000000000002,156.2465433249743,3.15
2413,249.70000000000005,156.2465433249743,3.15
2414,261.05,156.2465433249743,3.15
2415,272.40000000000003,156.2465433249743,3.15
2416,283.75000000000006,156.2465433249743,3.15
2417,295.1,156.2465433249743,3.15
2418,306.45000000000005,156.2465433249743,3.15
2419,-300.77500000000003,166.0759316579277,3.15
2420,-289.425,166.0759316579277,3.15
2421,-278.07500000000005,166.0759316579277,3.15
2422,-266.725,166.0759316579277,3.15
2423,-255.375,166.0759316579277,3.15
2424,-244.02500000000003,166.0759316579277,3.15
2425,-232.675,166.0759316579277,3.15
2426,-221.32500000000002,166.0759316579277,3.15
2427,-209.97500000000002,166.0759316579277,3.15
2428,-198.625,166.0759316579277,3.15
2429,-187.275,166.0759316579277,3.15
2430,-175.925,166.0759316579277,3.15
2431,-164.57500000000002,166.0759316579277,3.15
2432,-153.22500000000002,166.0759316579277,3.15
2433,-141.875,166.0759316579277,3.15
2434,-130.525,166.0759316579277,3.15
2435,-119.17500000000003,166.0759316579277,3.15
2436,-107.82500000000002,166.0759316579277,3.15
2437,-96.47500000000001,166.0759316579277,3.15
2438,-85.12500000000001,166.0759316579277,3.15
2439,-73.77500000000002,166.0759316579277,3.15
2440,-62.42500000000001,166.0759316579277,3.15
2441,-51.075,166.0759316579277,3.15
2442,-39.72500000000001,166.0759316579277,3.15
2443,-28.375000000000004,166.0759316579277,3.15
2444,-17.025000000000002,166.0759316579277,3.15
2445,-5.675000000000001,166.0759316579277,3.15
2446,5.675000000000001,166.0759316579277,3.15
2447,17.025000000000002,166.0759316579277,3.15
2448,28.375000000000004,166.0759316579277,3.15
2449,39.72500000000001,166.0759316579277,3.15
2450,51.075,166.0759316579277,3.15
2451,62.42500000000001,166.0759316579277,3.15
2452,73.775,166.0759316579277,3.15
2453,85.12500000000001,166.0759316579277,3.15
2454,96.47500000000001,166.0759316579277,3.15
2455,107.825,166.0759316579277,3.15
2456,119.17500000000001,166.0759316579277,3.15
2457,130.52500000000003,166.0759316579277,3.15
2458,141.87500000000003,166.0759316579277,3.15
2459,153.22500000000002,166.0759316579277,3.15
2460,164.57500000000005,166.0759316579277,3.15
2461,175.92500000000004,166.0759316579277,3.15
2462,187.27500000000003,166.0759316579277,3.15
2463,198.62500000000003,166.0759316579277,3.15
2464,209.97500000000002,166.0759316579277,3.15
2465,221.32500000000005,166.0759316579277,3.15
2466,232.67500000000004,166.0759316579277,3.15
2467,244.02500000000003,166.0759316579277,3.15
2468,255.37500000000006,166.0759316579277,3.15
2469,266.725,166.0759316579277,3.15
2470,278.07500000000005,166.0759316579277,3.15
2471,289.42500000000007,166.0759316579277,3.15
2472,300.77500000000003,166.0759316579277,3.15
2473,-295.1,175.90531999088108,3.15
2474,-283.75000000000006,175.90531999088108,3.15
2475,-272.40000000000003,175.90531999088108,3.15
2476,-261.05,175.90531999088108,3.15
2477,-249.70000000000005,175.90531999088108,3.15
2478,-238.35000000000002,175.90531999088108,3.15
2479,-227.00000000000003,175.90531999088108,3.15
2480,-215.65000000000003,175.90531999088108,3.15
2481,-204.3,175.90531999088108,3.15
2482,-192.95000000000002,175.90531999088108,3.15
2483,-181.60000000000002,175.90531999088108,3.15
2484,-170.25000000000003,175.90531999088108,3.15
2485,-158.90000000000003,175.90531999088108,3.15
2486,-147.55,175.90531999088108,3.15
2487,-136.20000000000002,175.90531999088108,3.15
2488,-124.85000000000002,175.90531999088108,3.15
2489,-113.50000000000001,175.90531999088108,3.15
2490,-102.15,175.90531999088108,3.15
2491,-90.80000000000001,175.90531999088108,3.15
2492,-79.45000000000002,175.90531999088108,3.15
2493,-68.10000000000001,175.90531999088108,3.15
2494,-56.75000000000001,175.90531999088108,3.15
2495,-45.400000000000006,175.90531999088108,3.15
2496,-34.050000000000004,175.90531999088108,3.15
2497,-22.700000000000003,175.90531999088108,3.15
2498,-11.350000000000001,175.90531999088108,3.15
2499,0.0,175.90531999088108,3.15
2500,11.350000000000001,175.90531999088108,3.15
2501,22.700000000000003,175.90531999088108,3.15
2502,34.050000000000004,175.90531999088108,3.15
2503,45.400000000000006,175.90531999088108,3.15
2504,56.75000000000001,175.90531999088108,3.15
2505,68.10000000000001,175.90531999088108,3.15
2506,79.45000000000002,175.90531999088108,3.15
2507,90.80000000000001,175.90531999088108,3.15
2508,102.15,175.90531999088108,3.15
2509,113.50000000000001,175.90531999088108,3.15
2510,124.85000000000002,175.90531999088108,3.15
2511,136.20000000000002,175.90531999088108,3.15
2512,147.55,175.90531999088108,3.15
2513,158.90000000000003,175.90531999088108,3.15
2514,170.25000000000003,175.90531999088108,3.15
2515,181.60000000000002,175.90531999088108,3.15
2516,192.95000000000002,175.90531999088108,3.15
2517,204.3,175.90531999088108,3.15
2518,215.65000000000003,175.90531999088108,3.15
2519,227.00000000000003,175.90531999088108,3.15
2520,238.35000000000002,175.90531999088108,3.15
2521,249.70000000000005,175.90531999088108,3.15
2522,261.05,175.90531999088108,3.15
2523,272.40000000000003,175.90531999088108,3.15
2524,283.75000000000006,175.90531999088108,3.15
2525,295.1,175.90531999088108,3.15
2526,-289.425,185.73470832383447,3.15
2527,-278.07500000000005,185.73470832383447,3.15
2528,-266.725,185.73470832383447,3.15
2529,-255.375,185.73470832383447,3.15
2530,-244.02500000000003,185.73470832383447,3.15
2531,-232.675,185.73470832383447,3.15
2532,-221.32500000000002,185.73470832383447,3.15
2533,-209.97500000000002,185.73470832383447,3.15
2534,-198.625,185.73470832383447,3.15
2535,-187.275,185.73470832383447,3.15
2536,-175.925,185.73470832383447,3.15
2537,-164.57500000000002,185.73470832383447,3.15
2538,-153.22500000000002,185.73470832383447,3.15
2539,-141.875,185.73470832383447,3.15
2540,-130.525,185.73470832383447,3.15
2541,-119.17500000000003,185.73470832383447,3.15
2542,-107.82500000000002,185.73470832383447,3.15
2543,-96.47500000000001,185.73470832383447,3.15
2544,-85.12500000000001,185.73470832383447,3.15
2545,-73.77500000000002,185.73470832383447,3.15
2546,-62.42500000000001,185.73470832383447,3.15
2547,-51.075,185.73470832383447,3.15
2548,-39.72500000000001,185.73470832383447,3.15
2549,-28.375000000000004,185.73470832383447,3.15
2550,-17.025000000000002,185.73470832383447,3.15
2551,-5.675000000000001,185.73470832383447,3.15
2552,5.675000000000001,185.73470832383447,3.15
2553,17.025000000000002,185.73470832383447,3.15
2554,28.375000000000004,185.73470832383447,3.15
2555,39.72500000000001,185.73470832383447,3.15
2556,51.075,185.73470832383447,3.15
2557,62.42500000000001,185.73470832383447,3.15
2558,73.775,185.73470832383447,3.15
2559,85.12500000000001,185.73470832383447,3.15
2560,96.47500000000001,185.73470832383447,3.15
2561,107.825,185.73470832383447,3.15
2562,119.17500000000001,185.73470832383447,3.15
2563,130.52500000000003,185.73470832383447,3.15
2564,141.87500000000003,185.73470832383447,3.15
2565,153.22500000000002,185.73470832383447,3.15
2566,164.57500000000005,185.73470832383447,3.15
2567,175.92500000000004,185.73470832383447,3.15
2568,187.27500000000003,185.73470832383447,3.15
2569,198.62500000000003,185.73470832383447,3.15
2570,209.97500000000002,185.73470832383447,3.15
2571,221.32500000000005,185.73470832383447,3.15
2572,232.67500000000004,185.73470832383447,3.15
2573,244.02500000000003,185.73470832383447,3.15
2574,255.37500000000006,185.73470832383447,3.15
2575,266.725,185.73470832383447,3.15
2576,278.07500000000005,185.73470832383447,3.15
2577,289.42500000000007,185.73470832383447,3.15
2578,-283.75000000000006,195.56409665678785,3.15
2579,-272.40000000000003,195.56409665678785,3.15
2580,-261.05,195.56409665678785,3.15
2581,-249.70000000000005,195.56409665678785,3.15
2582,-238.35000000000002,195.56409665678785,3.15
2583,-227.00000000000003,195.56409665678785,3.15
2584,-215.65000000000003,195.56409665678785,3.15
2585,-204.3,195.56409665678785,3.15
2586,-192.95000000000002,195.56409665678785,3.15
2587,-181.60000000000002,195.56409665678785,3.15
2588,-170.25000000000003,195.56409665678785,3.15
2589,-158.90000000000003,195.56409665678785,3.15
2590,-147.55,195.56409665678785,3.15
2591,-136.20000000000002,195.56409665678785,3.15
2592,-124.85000000000002,195.56409665678785,3.15
2593,-113.50000000000001,195.56409665678785,3.15
2594,-102.15,195.56409665678785,3.15
2595,-90.80000000000001,195.56409665678785,3.15
2596,-79.45000000000002,195.56409665678785,3.15
2597,-68.10000000000001,195.56409665678785,3.15
2598,-56.75000000000001,195.56409665678785,3.15
2599,-45.400000000000006,195.56409665678785,3.15
2600,-34.050000000000004,195.56409665678785,3.15
2601,-22.700000000000003,195.56409665678785,3.15
2602,-11.350000000000001,195.56409665678785,3.15
2603,0.0,195.56409665678785,3.15
2604,11.350000000000001,195.56409665678785,3.15
2605,22.700000000000003,195.56409665678785,3.15
2606,34.050000000000004,195.56409665678785,3.15
2607,45.400000000000006,195.56409665678785,3.15
2608,56.75000000000001,195.56409665678785,3.15
2609,68.10000000000001,195.56409665678785,3.15
2610,79.45000000000002,195.56409665678785,3.15
2611,90.80000000000001,195.56409665678785,3.15
2612,102.15,195.56409665678785,3.15
2613,113.50000000000001,195.56409665678785,3.15
2614,124.85000000000002,195.56409665678785,3.15
2615,136.20000000000002,195.56409665678785,3.15
2616,147.55,195.56409665678785,3.15
2617,158.90000000000003,195.56409665678785,3.15
2618,170.25000000000003,195.56409665678785,3.15
2619,181.60000000000002,195.56409665678785,3.15
2620,192.95000000000002,195.56409665678785,3.15
2621,204.3,195.56409665678785,3.15
2622,215.65000000000003,195.56409665678785,3.15
2623,227.00000000000003,195.56409665678785,3.15
2624,238.35000000000002,195.56409665678785,3.15
2625,249.70000000000005,195.56409665678785,3.15
2626,261.05,195.56409665678785,3.15
2627,272.40000000000003,195.56409665678785,3.15
2628,283.75000000000006,195.56409665678785,3.15
2629,-278.07500000000005,205.39348498974124,3.15
2630,-266.725,205.39348498974124,3.15
2631,-255.375,205.39348498974124,3.15
2632,-244.02500000000003,205.39348498974124,3.15
2633,-232.675,205.39348498974124,3.15
2634,-221.32500000000002,205.39348498974124,3.15
2635,-209.97500000000002,205.39348498974124,3.15
2636,-198.625,205.39348498974124,3.15
2637,-187.275,205.39348498974124,3.15
2638,-175.925,205.39348498974124,3.15
2639,-164.57500000000002,205.39348498974124,3.15
2640,-153.22500000000002,205.39348498974124,3.15
2641,-141.875,205.39348498974124,3.15
2642,-130.525,205.39348498974124,3.15
2643,-119.17500000000003,205.39348498974124,3.15
2644,-107.82500000000002,205.39348498974124,3.15
2645,-96.47500000000001,205.39348498974124,3.15
2646,-85.12500000000001,205.39348498974124,3.15
2647,-73.77500000000002,205.39348498974124,3.15
2648,-62.42500000000001,205.39348498974124,3.15
2649,-51.075,205.39348498974124,3.15
2650,-39.72500000000001,205.39348498974124,3.15
2651,-28.375000000000004,205.39348498974124,3.15
2652,-17.025000000000002,205.39348498974124,3.15
2653,-5.675000000000001,205.39348498974124,3.15
2654,5.675000000000001,205.39348498974124,3.15
2655,17.025000000000002,205.39348498974124,3.15
2656,28.375000000000004,205.39348498974124,3.15
2657,39.72500000000001,205.39348498974124,3.15
2658,51.075,205.39348498974124,3.15
2659,62.42500000000001,205.39348498974124,3.15
2660,73.775,205.39348498974124,3.15
2661,85.12500000000001,205.39348498974124,3.15
2662,96.47500000000001,205.39348498974124,3.15
2663,107.825,205.39348498974124,3.15
2664,119.17500000000001,205.39348498974124,3.15
2665,130.52500000000003,205.39348498974124,3.15
2666,141.87500000000003,205.39348498974124,3.15
2667,153.22500000000002,205.39348498974124,3.15
2668,164.57500000000005,205.39348498974124,3.15
2669,175.92500000000004,205.39348498974124,3.15
2670,187.27500000000003,205.39348498974124,3.15
2671,198.62500000000003,205.39348498974124,3.15
2672,209.97500000000002,205.39348498974124,3.15
2673,221.32500000000005,205.39348498974124,3.15
2674,232.67500000000004,205.39348498974124,3.15
2675,244.02500000000003,205.39348498974124,3.15
2676,255.37500000000006,205.39348498974124,3.15
2677,266.725,205.39348498974124,3.15
2678,278.07500000000005,205.39348498974124,3.15
2679,-272.40000000000003,215.22287332269457,3.15
2680,-261.05,215.22287332269457,3.15
2681,-249.70000000000005,215.22287332269457,3.15
2682,-238.35000000000002,215.22287332269457,3.15
2683,-227.00000000000003,215.22287332269457,3.15
2684,-215.65000000000003,215.22287332269457,3.15
2685,-204.3,215.22287332269457,3.15
2686,-192.95000000000002,215.22287332269457,3.15
2687,-181.60000000000002,215.22287332269457,3.15
2688,-170.25000000000003,215.22287332269457,3.15
2689,-158.90000000000003,215.22287332269457,3.15
2690,-147.55,215.22287332269457,3.15
2691,-136.20000000000002,215.22287332269457,3.15
2692,-124.85000000000002,215.22287332269457,3.15
2693,-113.50000000000001,215.22287332269457,3.15
2694,-102.15,215.22287332269457,3.15
2695,-90.80000000000001,215.22287332269457,3.15
2696,-79.45000000000002,215.22287332269457,3.15
2697,-68.10000000000001,215.22287332269457,3.15
2698,-56.75000000000001,215.22287332269457,3.15
2699,-45.400000000000006,215.22287332269457,3.15
2700,-34.050000000000004,215.22287332269457,3.15
2701,-22.700000000000003,215.22287332269457,3.15
2702,-11.350000000000001,215.22287332269457,3.15
2703,0.0,215.22287332269457,3.15
2704,11.350000000000001,215.22287332269457,3.15
2705,22.700000000000003,215.22287332269457,3.15
2706,34.050000000000004,215.22287332269457,3.15
2707,45.400000000000006,215.22287332269457,3.15
2708,56.75000000000001,215.22287332269457,3.15
2709,68.10000000000001,215.22287332269457,3.15
2710,79.45000000000002,215.22287332269457,3.15
2711,90.80000000000001,215.22287332269457,3.15
2712,102.15,215.22287332269457,3.15
2713,113.50000000000001,215.22287332269457,3.15
2714,124.85000000000002,215.22287332269457,3.15
2715,136.20000000000002,215.22287332269457,3.15
2716,147.55,215.22287332269457,3.15
2717,158.90000000000003,215.22287332269457,3.15
2718,170.25000000000003,215.22287332269457,3.15
2719,181.60000000000002,215.22287332269457,3.15
2720,192.95000000000002,215.22287332269457,3.15
2721,204.3,215.22287332269457,3.15
2722,215.65000000000003,215.22287332269457,3.15
2723,227.00000000000003,215.22287332269457,3.15
2724,238.35000000000002,215.22287332269457,3.15
2725,249.70000000000005,215.22287332269457,3.15
2726,261.05,215.22287332269457,3.15
2727,272.40000000000003,215.22287332269457,3.15
2728,-266.725,225.05226165564795,3.15
2729,-255.375,225.05226165564795,3.15
2730,-244.02500000000003,225.05226165564795,3.15
2731,-232.675,225.05226165564795,3.15
2732,-221.32500000000002,225.05226165564795,3.15
2733,-209.97500000000002,225.05226165564795,3.15
2734,-198.625,225.05226165564795,3.15
2735,-187.275,225.05226165564795,3.15
2736,-175.925,225.05226165564795,3.15
2737,-164.57500000000002,225.05226165564795,3.15
2738,-153.22500000000002,225.05226165564795,3.15
2739,-141.875,225.05226165564795,3.15
2740,-130.525,225.05226165564795,3.15
2741,-119.17500000000003,225.05226165564795,3.15
2742,-107.82500000000002,225.05226165564795,3.15
2743,-96.47500000000001,225.05226165564795,3.15
2744,-85.12500000000001,225.05226165564795,3.15
2745,-73.77500000000002,225.05226165564795,3.15
2746,-62.42500000000001,225.05226165564795,3.15
2747,-51.075,225.05226165564795,3.15
2748,-39.72500000000001,225.05226165564795,3.15
2749,-28.375000000000004,225.05226165564795,3.15
2750,-17.025000000000002,225.05226165564795,3.15
2751,-5.675000000000001,225.05226165564795,3.15
2752,5.675000000000001,225.05226165564795,3.15
2753,17.025000000000002,225.05226165564795,3.15
2754,28.375000000000004,225.05226165564795,3.15
2755,39.72500000000001,225.05226165564795,3.15
2756,51.075,225.05226165564795,3.15
2757,62.42500000000001,225.05226165564795,3.15
2758,73.775,225.05226165564795,3.15
2759,85.12500000000001,225.05226165564795,3.15
2760,96.47500000000001,225.05226165564795,3.15
2761,107.825,225.05226165564795,3.15
2762,119.17500000000001,225.05226165564795,3.15
2763,130.52500000000003,225.05226165564795,3.15
2764,141.87500000000003,225.05226165564795,3.15
2765,153.22500000000002,225.05226165564795,3.15
2766,164.57500000000005,225.05226165564795,3.15
2767,175.92500000000004,225.05226165564795,3.15
2768,187.27500000000003,225.05226165564795,3.15
2769,198.62500000000003,225.05226165564795,3.15
2770,209.97500000000002,225.05226165564795,3.15
2771,221.32500000000005,225.05226165564795,3.15
2772,232.67500000000004,225.05226165564795,3.15
2773,244.02500000000003,225.05226165564795,3.15
2774,255.37500000000006,225.05226165564795,3.15
2775,266.725,225.05226165564795,3.15
2776,-249.70000000000005,234.88164998860134,3.15
2777,-238.35000000000002,234.88164998860134,3.15
2778,-227.00000000000003,234.88164998860134,3.15
2779,-215.65000000000003,234.88164998860134,3.15
2780,-204.3,234.88164998860134,3.15
2781,-192.95000000000002,234.88164998860134,3.15
2782,-181.60000000000002,234.88164998860134,3.15
2783,-170.25000000000003,234.88164998860134,3.15
2784,-158.90000000000003,234.88164998860134,3.15
2785,-147.55,234.88164998860134,3.15
2786,-136.20000000000002,234.88164998860134,3.15
2787,-124.85000000000002,234.88164998860134,3.15
2788,-113.50000000000001,234.88164998860134,3.15
2789,-102.15,234.88164998860134,3.15
2790,-90.80000000000001,234.88164998860134,3.15
2791,-79.45000000000002,234.88164998860134,3.15
2792,-68.10000000000001,234.88164998860134,3.15
2793,-56.75000000000001,234.88164998860134,3.15
2794,-45.400000000000006,234.88164998860134,3.15
2795,-34.050000000000004,234.88164998860134,3.15
2796,-22.700000000000003,234.88164998860134,3.15
2797,-11.350000000000001,234.88164998860134,3.15
2798,0.0,234.88164998860134,3.15
2799,11.350000000000001,234.88164998860134,3.15
2800,22.700000000000003,234.88164998860134,3.15
2801,34.050000000000004,234.88164998860134,3.15
2802,45.400000000000006,234.88164998860134,3.15
2803,56.75000000000001,234.88164998860134,3.15
2804,68.10000000000001,234.88164998860134,3.15
2805,79.45000000000002,234.88164998860134,3.15
2806,90.80000000000001,234.88164998860134,3.15
2807,102.15,234.88164998860134,3.15
2808,113.50000000000001,234.88164998860134,3.15
2809,124.85000000000002,234.88164998860134,3.15
2810,136.20000000000002,234.88164998860134,3.15
2811,147.55,234.88164998860134,3.15
2812,158.90000000000003,234.88164998860134,3.15
2813,170.25000000000003,234.88164998860134,3.15
2814,181.60000000000002,234.88164998860134,3.15
2815,192.95000000000002,234.88164998860134,3.15
2816,204.3,234.88164998860134,3.15
2817,215.65000000000003,234.88164998860134,3.15
2818,227.00000000000003,234.88164998860134,3.15
2819,238.35000000000002,234.88164998860134,3.15
2820,249.70000000000005,234.88164998860134,3.15
2821,-244.02500000000003,244.71103832155472,3.15
2822,-232.675,244.71103832155472,3.15
2823,-221.32500000000002,244.71103832155472,3.15
2824,-209.97500000000002,244.71103832155472,3.15
2825,-198.625,244.71103832155472,3.15
2826,-187.275,244.71103832155472,3.15
2827,-175.925,244.71103832155472,3.15
2828,-164.57500000000002,244.71103832155472,3.15
2829,-153.22500000000002,244.71103832155472,3.15
2830,-141.875,244.71103832155472,3.15
2831,-130.525,244.71103832155472,3.15
2832,-119.17500000000003,244.71103832155472,3.15
2833,-107.82500000000002,244.71103832155472,3.15
2834,-96.47500000000001,244.71103832155472,3.15
2835,-85.12500000000001,244.71103832155472,3.15
2836,-73.77500000000002,244.71103832155472,3.15
2837,-62.42500000000001,244.71103832155472,3.15
2838,-51.075,244.71103832155472,3.15
2839,-39.72500000000001,244.71103832155472,3.15
2840,-28.375000000000004,244.71103832155472,3.15
2841,-17.025000000000002,244.71103832155472,3.15
2842,-5.675000000000001,244.71103832155472,3.15
2843,5.675000000000001,244.71103832155472,3.15
2844,17.025000000000002,244.71103832155472,3.15
2845,28.375000000000004,244.71103832155472,3.15
2846,39.72500000000001,244.71103832155472,3.15
2847,51.075,244.71103832155472,3.15
2848,62.42500000000001,244.71103832155472,3.15
2849,73.775,244.71103832155472,3.15
2850,85.12500000000001,244.71103832155472,3.15
2851,96.47500000000001,244.71103832155472,3.15
2852,107.825,244.71103832155472,3.15
2853,119.17500000000001,244.71103832155472,3.15
2854,130.52500000000003,244.71103832155472,3.15
2855,141.87500000000003,244.71103832155472,3.15
2856,153.22500000000002,244.71103832155472,3.15
2857,164.57500000000005,244.71103832155472,3.15
2858,175.92500000000004,244.71103832155472,3.15
2859,187.27500000000003,244.71103832155472,3.15
2860,198.62500000000003,244.71103832155472,3.15
2861,209.97500000000002,244.71103832155472,3.15
2862,221.32500000000005,244.71103832155472,3.15
2863,232.67500000000004,244.71103832155472,3.15
2864,244.02500000000003,244.71103832155472,3.15
2865,-238.35000000000002,254.5404266545081,3.15
2866,-227.00000000000003,254.5404266545081,3.15
2867,-215.65000000000003,254.5404266545081,3.15
2868,-170.25000000000003,254.5404266545081,3.15
2869,-158.90000000000003,254.5404266545081,3.15
2870,-147.55,254.5404266545081,3.15
2871,-136.20000000000002,254.5404266545081,3.15
2872,-124.85000000000002,254.5404266545081,3.15
2873,-113.50000000000001,254.5404266545081,3.15
2874,-102.15,254.5404266545081,3.15
2875,-90.80000000000001,254.5404266545081,3.15
2876,-79.45000000000002,254.5404266545081,3.15
2877,-68.10000000000001,254.5404266545081,3.15
2878,-56.75000000000001,254.5404266545081,3.15
2879,-45.400000000000006,254.5404266545081,3.15
2880,-34.050000000000004,254.5404266545081,3.15
2881,-22.700000000000003,254.5404266545081,3.15
2882,-11.350000000000001,254.5404266545081,3.15
2883,0.0,254.5404266545081,3.15
2884,11.350000000000001,254.5404266545081,3.15
2885,22.700000000000003,254.5404266545081,3.15
2886,34.050000000000004,254.5404266545081,3.15
2887,45.400000000000006,254.5404266545081,3.15
2888,56.75000000000001,254.5404266545081,3.15
2889,68.10000000000001,254.5404266545081,3.15
2890,79.45000000000002,254.5404266545081,3.15
2891,90.80000000000001,254.5404266545081,3.15
2892,102.15,254.5404266545081,3.15
2893,113.50000000000001,254.5404266545081,3.15
2894,124.85000000000002,254.5404266545081,3.15
2895,136.20000000000002,254.5404266545081,3.15
2896,147.55,254.5404266545081,3.15
2897,158.90000000000003,254.5404266545081,3.15
2898,170.25000000000003,254.5404266545081,3.15
2899,227.00000000000003,254.5404266545081,3.15
2900,238.35000000000002,254.5404266545081,3.15
2901,-175.925,264.3698149874615,3.15
2902,-164.57500000000002,264.3698149874615,3.15
2903,-153.22500000000002,264.3698149874615,3.15
2904,-141.875,264.3698149874615,3.15
2905,-130.525,264.3698149874615,3.15
2906,-119.17500000000003,264.3698149874615,3.15
2907,-107.82500000000002,264.3698149874615,3.15
2908,-96.47500000000001,264.3698149874615,3.15
2909,-85.12500000000001,264.3698149874615,3.15
2910,-73.77500000000002,264.3698149874615,3.15
2911,-62.42500000000001,264.3698149874615,3.15
2912,-51.075,264.3698149874615,3.15
2913,-39.72500000000001,264.3698149874615,3.15
2914,-28.375000000000004,264.3698149874615,3.15
2915,-17.025000000000002,264.3698149874615,3.15
2916,-5.675000000000001,264.3698149874615,3.15
2917,5.675000000000001,264.3698149874615,3.15
2918,17.025000000000002,264.3698149874615,3.15
2919,28.375000000000004,264.3698149874615,3.15
2920,39.72500000000001,264.3698149874615,3.15
2921,51.075,264.3698149874615,3.15
2922,62.42500000000001,264.3698149874615,3.15
2923,73.775,264.3698149874615,3.15
2924,85.12500000000001,264.3698149874615,3.15
2925,96.47500000000001,264.3698149874615,3.15
2926,107.825,264.3698149874615,3.15
2927,119.17500000000001,264.3698149874615,3.15
2928,130.52500000000003,264.3698149874615,3.15
2929,141.87500000000003,264.3698149874615,3.15
2930,153.22500000000002,264.3698149874615,3.15
2931,164.57500000000005,264.3698149874615,3.15
2932,175.92500000000004,264.3698149874615,3.15
2933,-170.25000000000003,274.1992033204149,3.15
2934,-158.90000000000003,274.1992033204149,3.15
2935,-147.55,274.1992033204149,3.15
2936,-136.20000000000002,274.1992033204149,3.15
2937,-124.85000000000002,274.1992033204149,3.15
2938,-113.50000000000001,274.1992033204149,3.15
2939,-102.15,274.1992033204149,3.15
2940,-90.80000000000001,274.1992033204149,3.15
2941,-79.45000000000002,274.1992033204149,3.15
2942,-68.10000000000001,274.1992033204149,3.15
2943,-56.75000000000001,274.1992033204149,3.15
2944,-45.400000000000006,274.1992033204149,3.15
2945,-34.050000000000004,274.1992033204149,3.15
2946,-22.700000000000003,274.1992033204149,3.15
2947,-11.350000000000001,274.1992033204149,3.15
2948,0.0,274.1992033204149,3.15
2949,11.350000000000001,274.1992033204149,3.15
2950,22.700000000000003,274.1992033204149,3.15
2951,34.050000000000004,274.1992033204149,3.15
2952,45.400000000000006,274.1992033204149,3.15
2953,56.75000000000001,274.1992033204149,3.15
2954,68.10000000000001,274.1992033204149,3.15
2955,79.45000000000002,274.1992033204149,3.15
2956,90.80000000000001,274.1992033204149,3.15
2957,102.15,274.1992033204149,3.15
2958,113.50000000000001,274.1992033204149,3.15
2959,124.85000000000002,274.1992033204149,3.15
2960,136.20000000000002,274.1992033204149,3.15
2961,147.55,274.1992033204149,3.15
2962,158.90000000000003,274.1992033204149,3.15
2963,170.25000000000003,274.1992033204149,3.15
2964,-175.925,284.02859165336827,3.15
2965,-164.57500000000002,284.02859165336827,3.15
2966,-153.22500000000002,284.02859165336827,3.15
2967,-141.875,284.02859165336827,3.15
2968,-130.525,284.02859165336827,3.15
2969,-119.17500000000003,284.02859165336827,3.15
2970,-107.82500000000002,284.02859165336827,3.15
2971,-96.47500000000001,284.02859165336827,3.15
2972,-85.12500000000001,284.02859165336827,3.15
2973,-73.77500000000002,284.02859165336827,3.15
2974,-62.42500000000001,284.02859165336827,3.15
2975,-51.075,284.02859165336827,3.15
2976,-39.72500000000001,284.02859165336827,3.15
2977,-28.375000000000004,284.02859165336827,3.15
2978,-17.025000000000002,284.02859165336827,3.15
2979,-5.675000000000001,284.02859165336827,3.15
2980,5.675000000000001,284.02859165336827,3.15
2981,17.025000000000002,284.02859165336827,3.15
2982,28.375000000000004,284.02859165336827,3.15
2983,39.72500000000001,284.02859165336827,3.15
2984,51.075,284.02859165336827,3.15
2985,62.42500000000001,284.02859165336827,3.15
2986,73.775,284.02859165336827,3.15
2987,85.12500000000001,284.02859165336827,3.15
2988,96.47500000000001,284.02859165336827,3.15
2989,107.825,284.02859165336827,3.15
2990,119.17500000000001,284.02859165336827,3.15
2991,130.52500000000003,284.02859165336827,3.15
2992,141.87500000000003,284.02859165336827,3.15
2993,153.22500000000002,284.02859165336827,3.15
2994,164.57500000000005,284.02859165336827,3.15
2995,175.92500000000004,284.02859165336827,3.15
2996,-170.25000000000003,293.85797998632165,3.15
2997,-158.90000000000003,293.85797998632165,3.15
2998,-147.55,293.85797998632165,3.15
2999,-136.20000000000002,293.85797998632165,3.15
3000,-124.85000000000002,293.85797998632165,3.15
3001,-113.50000000000001,293.85797998632165,3.15
3002,-102.15,293.85797998632165,3.15
3003,-90.80000000000001,293.85797998632165,3.15
3004,-79.45000000000002,293.85797998632165,3.15
3005,-68.10000000000001,293.85797998632165,3.15
3006,-56.75000000000001,293.85797998632165,3.15
3007,-45.400000000000006,293.85797998632165,3.15
3008,-34.050000000000004,293.85797998632165,3.15
3009,-22.700000000000003,293.85797998632165,3.15
3010,-11.350000000000001,293.85797998632165,3.15
3011,0.0,293.85797998632165,3.15
3012,11.350000000000001,293.85797998632165,3.15
3013,22.700000000000003,293.85797998632165,3.15
3014,34.050000000000004,293.85797998632165,3.15
3015,45.400000000000006,293.85797998632165,3.15
3016,56.75000000000001,293.85797998632165,3.15
3017,68.10000000000001,293.85797998632165,3.15
3018,79.45000000000002,293.85797998632165,3.15
3019,90.80000000000001,293.85797998632165,3.15
3020,102.15,293.85797998632165,3.15
3021,113.50000000000001,293.85797998632165,3.15
3022,124.85000000000002,293.85797998632165,3.15
3023,136.20000000000002,293.85797998632165,3.15
3024,147.55,293.85797998632165,3.15
3025,158.90000000000003,293.85797998632165,3.15
3026,170.25000000000003,293.85797998632165,3.15
3027,-164.57500000000002,303.687368319275,3.15
3028,-153.22500000000002,303.687368319275,3.15
3029,-141.875,303.687368319275,3.15
3030,-130.525,303.687368319275,3.15
3031,-119.17500000000003,303.687368319275,3.15
3032,-107.82500000000002,303.687368319275,3.15
3033,-96.47500000000001,303.687368319275,3.15
3034,-85.12500000000001,303.687368319275,3.15
3035,-73.77500000000002,303.687368319275,3.15
3036,-62.42500000000001,303.687368319275,3.15
3037,-51.075,303.687368319275,3.15
3038,-39.72500000000001,303.687368319275,3.15
3039,-28.375000000000004,303.687368319275,3.15
3040,-17.025000000000002,303.687368319275,3.15
3041,-5.675000000000001,303.687368319275,3.15
3042,5.675000000000001,303.687368319275,3.15
3043,17.025000000000002,303.687368319275,3.15
3044,28.375000000000004,303.687368319275,3.15
3045,39.72500000000001,303.687368319275,3.15
3046,51.075,303.687368319275,3.15
3047,62.42500000000001,303.687368319275,3.15
3048,73.775,303.687368319275,3.15
3049,85.12500000000001,303.687368319275,3.15
3050,96.47500000000001,303.687368319275,3.15
3051,107.825,303.687368319275,3.15
3052,119.17500000000001,303.687368319275,3.15
3053,130.52500000000003,303.687368319275,3.15
3054,141.87500000000003,303.687368319275,3.15
3055,153.22500000000002,303.687368319275,3.15
3056,164.57500000000005,303.687368319275,3.15
3057,-147.55,313.51675665222837,3.15
3058,-136.20000000000002,313.51675665222837,3.15
3059,-124.85000000000002,313.51675665222837,3.15
3060,-113.50000000000001,313.51675665222837,3.15
3061,-102.15,313.51675665222837,3.15
3062,-90.80000000000001,313.51675665222837,3.15
3063,-79.45000000000002,313.51675665222837,3.15
3064,-68.10000000000001,313.51675665222837,3.15
3065,-56.75000000000001,313.51675665222837,3.15
3066,-45.400000000000006,313.51675665222837,3.15
3067,-34.050000000000004,313.51675665222837,3.15
3068,-22.700000000000003,313.51675665222837,3.15
3069,-11.350000000000001,313.51675665222837,3.15
3070,0.0,313.51675665222837,3.15
3071,11.350000000000001,313.51675665222837,3.15
3072,22.700000000000003,313.51675665222837,3.15
3073,34.050000000000004,313.51675665222837,3.15
3074,45.400000000000006,313.51675665222837,3.15
3075,56.75000000000001,313.51675665222837,3.15
3076,68.10000000000001,313.51675665222837,3.15
3077,79.45000000000002,313.51675665222837,3.15
3078,90.80000000000001,313.51675665222837,3.15
3079,102.15,313.51675665222837,3.15
3080,113.50000000000001,313.51675665222837,3.15
3081,124.85000000000002,313.51675665222837,3.15
3082,136.20000000000002,313.51675665222837,3.15
3083,147.55,313.51675665222837,3.15
3084,-130.525,323.34614498518175,3.15
3085,-119.17500000000003,323.34614498518175,3.15
3086,-107.82500000000002,323.34614498518175,3.15
3087,-96.47500000000001,323.34614498518175,3.15
3088,-85.12500000000001,323.34614498518175,3.15
3089,-73.77500000000002,323.34614498518175,3.15
3090,-62.42500000000001,323.34614498518175,3.15
3091,-51.075,323.34614498518175,3.15
3092,-39.72500000000001,323.34614498518175,3.15
3093,-28.375000000000004,323.34614498518175,3.15
3094,-17.025000000000002,323.34614498518175,3.15
3095,-5.675000000000001,323.34614498518175,3.15
3096,5.675000000000001,323.34614498518175,3.15
3097,17.025000000000002,323.34614498518175,3.15
3098,28.375000000000004,323.34614498518175,3.15
3099,39.72500000000001,323.34614498518175,3.15
3100,51.075,323.34614498518175,3.15
3101,62.42500000000001,323.34614498518175,3.15
3102,73.775,323.34614498518175,3.15
3103,85.12500000000001,323.34614498518175,3.15
3104,96.47500000000001,323.34614498518175,3.15
3105,107.825,323.34614498518175,3.15
3106,119.17500000000001,323.34614498518175,3.15
3107,130.52500000000003,323.34614498518175,3.15
3108,-102.15,333.17553331813514,3.15
3109,-90.80000000000001,333.17553331813514,3.15
3110,-79.45000000000002,333.17553331813514,3.15
3111,-68.10000000000001,333.17553331813514,3.15
3112,-56.75000000000001,333.17553331813514,3.15
3113,-45.400000000000006,333.17553331813514,3.15
3114,-34.050000000000004,333.17553331813514,3.15
3115,-22.700000000000003,333.17553331813514,3.15
3116,-11.350000000000001,333.17553331813514,3.15
3117,0.0,333.17553331813514,3.15
3118,11.350000000000001,333.17553331813514,3.15
3119,22.700000000000003,333.17553331813514,3.15
3120,34.050000000000004,333.17553331813514,3.15
3121,45.400000000000006,333.17553331813514,3.15
3122,56.75000000000001,333.17553331813514,3.15
3123,68.10000000000001,333.17553331813514,3.15
3124,79.45000000000002,333.17553331813514,3.15
3125,90.80000000000001,333.17553331813514,3.15
3126,102.15,333.17553331813514,3.15
3127,-62.42500000000001,343.0049216510885,3.15
3128,-51.075,343.0049216510885,3.15
3129,-39.72500000000001,343.0049216510885,3.15
3130,-28.375000000000004,343.0049216510885,3.15
3131,-17.025000000000002,343.0049216510885,3.15
3132,-5.675000000000001,343.0049216510885,3.15
3133,5.675000000000001,343.0049216510885,3.15
3134,17.025000000000002,343.0049216510885,3.15
3135,28.375000000000004,343.0049216510885,3.15
3136,39.72500000000001,343.0049216510885,3.15
3137,51.075,343.0049216510885,3.15
3138,62.42500000000001,343.0049216510885,3.15
