mirror_id,x_m,y_m,annual_optical_efficiency,annual_cosine_efficiency,annual_atmospheric_efficiency,annual_shadow_blocking_efficiency,annual_truncation_efficiency
1,-51.075,-345.05226165564795,0.4241680681058701,0.565179740897285,0.9597436890652706,0.9005208333333333,0.9548297332319718
2,-39.72500000000001,-345.05226165564795,0.4316619547251516,0.564678032420397,0.9599262234655582,0.9116536458333333,0.9582875726670589
3,-28.375000000000004,-345.05226165564795,0.43761950185488724,0.5642976640810535,0.9600638983598134,0.921484375,0.9606966314339223
4,-17.025000000000002,-345.05226165564795,0.4425232506246602,0.564042106607879,0.9601560550973944,0.9288411458333333,0.9638528889814387
5,-5.675000000000001,-345.05226165564795,0.445517633305499,0.5639137276746315,0.9602022464981828,0.9325520833333333,0.9669098561258465
6,5.675000000000001,-345.05226165564795,0.4460012727672772,0.5639137276746317,0.9602022464981828,0.9328776041666667,0.9677229092961006
7,17.025000000000002,-345.05226165564795,0.4430851634374103,0.564042106607879,0.9601560550973944,0.9287760416666667,0.9646802924284952
8,28.375000000000004,-345.05226165564795,0.437525000192468,0.5642976640810535,0.9600638983598134,0.92109375,0.9604068672941257
9,39.72500000000001,-345.05226165564795,0.43108527956718723,0.564678032420397,0.9599262234655582,0.9117838541666666,0.9568658433435249
10,51.075,-345.05226165564795,0.4224581586823055,0.565179740897285,0.9597436890652706,0.8983072916666667,0.9534853426877389
11,-90.80000000000001,-335.22287332269457,0.37242070264414245,0.5709472646740834,0.9597209543084854,0.7978515625,0.952102849780464
12,-79.45000000000002,-335.22287332269457,0.3893209155278105,0.5700370295399217,0.9600638983598134,0.8288411458333333,0.9533364905773951
13,-68.10000000000001,-335.22287332269457,0.4054600218307983,0.5692307216697005,0.9603645155463599,0.858984375,0.9546325990726862
14,-56.75000000000001,-335.22287332269457,0.4205725191046024,0.5685353507969139,0.9606214211118579,0.8887369791666667,0.9545363033632464
15,-45.400000000000006,-335.22287332269457,0.4331528591006901,0.5679571909964988,0.9608333898771023,0.9110677083333333,0.9566741183811275
16,-34.050000000000004,-335.22287332269457,0.4407732599951519,0.5675016248786815,0.9609993808103978,0.9228515625,0.9595463879375162
17,-22.700000000000003,-335.22287332269457,0.4468334996705776,0.5671730026676907,0.9611185590180038,0.9319661458333334,0.9630856222226684
18,-11.350000000000001,-335.22287332269457,0.4502518339287062,0.5669745232750963,0.9611903141279394,0.937890625,0.9649446082177445
19,0.0,-335.22287332269457,0.45160915619086617,0.5669081438717226,0.9612142741550046,0.9384114583333333,0.9675527328379051
20,11.350000000000001,-335.22287332269457,0.4508207656941282,0.5669745232750965,0.9611903141279394,0.9380859375,0.9653333995576265
21,22.700000000000003,-335.22287332269457,0.44592217664876294,0.5671730026676907,0.9611185590180038,0.9307291666666667,0.9619280407647646
22,34.050000000000004,-335.22287332269457,0.4393987748337576,0.5675016248786816,0.9609993808103978,0.9220703125,0.9573319894624527
23,45.400000000000006,-335.22287332269457,0.4316765278982677,0.5679571909964989,0.9608333898771023,0.9107421875,0.9540197052162555
24,56.75000000000001,-335.22287332269457,0.4201231651246399,0.5685353507969139,0.9606214211118579,0.8884114583333333,0.9537907135073858
25,68.10000000000001,-335.22287332269457,0.40533565007928846,0.5692307216697005,0.9603645155463599,0.8591796875,0.9544301984244545
26,79.45000000000002,-335.22287332269457,0.38951450268178484,0.5700370295399219,0.9600638983598134,0.8291666666666667,0.9534638008772789
27,90.80000000000001,-335.22287332269457,0.37374533492182016,0.5709472646740834,0.9597209543084854,0.798828125,0.9540117428212537
28,-119.17500000000003,-325.39348498974124,0.3444563950097592,0.5770175989833726,0.9596075512661371,0.7432291666666667,0.9548673058046064
29,-107.82500000000002,-325.39348498974124,0.35563477959182926,0.5758560742407789,0.9600638983598134,0.7626302083333333,0.9546428913564091
30,-96.47500000000001,-325.39348498974124,0.36762564905180256,0.5747790445597231,0.9604809985971916,0.7841145833333333,0.9528120429591077
31,-85.12500000000001,-325.39348498974124,0.3835768732069646,0.5737952198179603,0.9608570420634946,0.8133463541666667,0.9535453105486451
32,-73.77500000000002,-325.39348498974124,0.40068190839774526,0.5729129928179701,0.9611903141279383,0.8444010416666666,0.9549896551784172
33,-62.42500000000001,-325.39348498974124,0.4160336367708651,0.5721402592569329,0.9614792255649863,0.8734375,0.9555516982907424
34,-51.075,-325.39348498974124,0.430758004417465,0.5714842327588433,0.9617223429171543,0.9016927083333334,0.9561340107468054
35,-39.72500000000001,-325.39348498974124,0.44145615846326586,0.5709512629866226,0.9619184179388042,0.9201822916666667,0.958119770188804
36,-28.375000000000004,-325.39348498974124,0.44873271013489635,0.5705466654033855,0.9620664148516603,0.9331380208333333,0.9592441444065825
37,-17.025000000000002,-325.39348498974124,0.45396544332163813,0.5702745713628335,0.9621655341192633,0.9411458333333333,0.9623970604632984
38,-5.675000000000001,-325.39348498974124,0.45694584340227523,0.5701378068079134,0.9622152315254344,0.9444661458333333,0.9659130837763005
39,5.675000000000001,-325.39348498974124,0.4576837574511632,0.5701378068079133,0.9622152315254344,0.9457682291666667,0.9658963222495524
40,17.025000000000002,-325.39348498974124,0.4535601519537199,0.5702745713628335,0.9621655341192633,0.940625,0.9614450438801396
41,28.375000000000004,-325.39348498974124,0.4476210903829558,0.5705466654033855,0.9620664148516603,0.9319010416666667,0.9577240931492508
42,39.72500000000001,-325.39348498974124,0.43978342669115894,0.5709512629866225,0.9619184179388042,0.9201171875,0.9543652923555
43,51.075,-325.39348498974124,0.43013376803909475,0.5714842327588433,0.9617223429171543,0.9024739583333333,0.9539194789405533
44,62.42500000000001,-325.39348498974124,0.4157267472368779,0.5721402592569328,0.9614792255649863,0.8741536458333333,0.95426725553394
45,73.775,-325.39348498974124,0.4006419816026583,0.5729129928179701,0.9611903141279383,0.8438151041666667,0.9556246852777615
46,85.12500000000001,-325.39348498974124,0.38504555794491585,0.5737952198179603,0.9608570420634946,0.8139322916666667,0.9562223681352819
47,96.47500000000001,-325.39348498974124,0.3697523719893559,0.5747790445597231,0.9604809985971916,0.7864583333333334,0.9553314642547126
48,107.825,-325.39348498974124,0.35624240148437436,0.5758560742407788,0.9600638983598134,0.7634114583333333,0.955219480847137
49,119.17500000000001,-325.39348498974124,0.34453573994951897,0.5770175989833725,0.9596075512661371,0.744921875,0.9526130663062776
50,-147.55,-315.56409665678785,0.3527813503697667,0.5838898508072984,0.9591806628615983,0.7565104166666666,0.9490640204345936
51,-136.20000000000002,-315.56409665678785,0.35129969113956216,0.58253519749908,0.9597436890652706,0.753515625,0.9508845820610745
52,-124.85000000000002,-315.56409665678785,0.34971033370545,0.5812415079228656,0.9602716758299438,0.7477213541666666,0.9549654394978393
53,-113.50000000000001,-315.56409665678785,0.3538038749416849,0.5800180815419128,0.9607625539916659,0.75390625,0.9574947245184261
54,-102.15,-315.56409665678785,0.36607004974694024,0.578874335688074,0.9612142741550046,0.7751302083333333,0.9570475215314994
55,-90.80000000000001,-315.56409665678785,0.3800397552675794,0.5778196555297369,0.9616248350215117,0.8009765625,0.9554607715229823
56,-79.45000000000002,-315.56409665678785,0.3962812355129287,0.5768632203385516,0.9619923146927296,0.8303385416666667,0.9560983206062992
57,-68.10000000000001,-315.56409665678785,0.4124399496746401,0.5760138108572141,0.9623149042123573,0.8596354166666667,0.9570961071126541
58,-56.75000000000001,-315.56409665678785,0.4279318707751591,0.5752796047801801,0.9625909423324539,0.8895833333333333,0.9569836916594805
59,-45.400000000000006,-315.56409665678785,0.440590272027411,0.5746679690643245,0.962818950231492,0.9138671875,0.9570506937097185
60,-34.050000000000004,-315.56409665678785,0.449864857197299,0.5741852589039353,0.962997664711667,0.9302734375,0.9581704595511858
61,-22.700000000000003,-315.56409665678785,0.45597616503767713,0.5738366337325008,0.9631260682934761,0.9412760416666667,0.9593965808076395
62,-11.350000000000001,-315.56409665678785,0.4616900206817459,0.5736259005259584,0.9632034146361971,0.9501302083333333,0.9625776284505123
63,0.0,-315.56409665678785,0.46298626916061775,0.5735553938657786,0.9632292478607526,0.951171875,0.9648731600873978
64,11.350000000000001,-315.56409665678785,0.46035924817760077,0.5736259005259586,0.9632034146361971,0.9488932291666666,0.9608468685625959
65,22.700000000000003,-315.56409665678785,0.4556692241927443,0.5738366337325008,0.9631260682934761,0.94140625,0.9580641341431686
66,34.050000000000004,-315.56409665678785,0.44780644812912807,0.5741852589039355,0.962997664711667,0.9294270833333333,0.95449319931674
67,45.400000000000006,-315.56409665678785,0.43915639785342486,0.5746679690643245,0.962818950231492,0.9141927083333333,0.9535288418764046
68,56.75000000000001,-315.56409665678785,0.42674638782195873,0.57527960478018,0.9625909423324539,0.8899088541666667,0.9538337333972382
69,68.10000000000001,-315.56409665678785,0.4119815502805734,0.576013810857214,0.9623149042123573,0.860546875,0.9553109591171072
70,79.45000000000002,-315.56409665678785,0.3956054327804228,0.5768632203385518,0.9619923146927296,0.8296875,0.95526191133239
71,90.80000000000001,-315.56409665678785,0.3803308273607104,0.5778196555297369,0.9616248350215117,0.8008463541666667,0.9567102865571749
72,102.15,-315.56409665678785,0.3661898138910075,0.5788743356880739,0.9612142741550046,0.7743489583333333,0.9582278630417066
73,113.50000000000001,-315.56409665678785,0.3541627189625445,0.5800180815419129,0.9607625539916659,0.7552083333333334,0.9563408626433513
74,124.85000000000002,-315.56409665678785,0.3490066699617108,0.581241507922866,0.9602716758299438,0.7475260416666667,0.953045414617653
75,136.20000000000002,-315.56409665678785,0.35080885855345484,0.5825351974990801,0.9597436890652706,0.7536458333333333,0.9491294544603377
76,147.55,-315.56409665678785,0.35158275134453476,0.5838898508072986,0.9591806628615983,0.7556640625,0.9467190477075822
77,-164.57500000000002,-305.73470832383447,0.3680671165070628,0.5899138076268381,0.9591138336245991,0.7770833333333333,0.9484318970311167
78,-153.22500000000002,-305.73470832383447,0.3604710910340377,0.5884716307609404,0.9597436890652706,0.7626302083333333,0.951196162401906
79,-141.875,-305.73470832383447,0.35939940720809155,0.5870745071161969,0.9603412768528794,0.7606770833333333,0.9533085205801275
80,-130.525,-305.73470832383447,0.35936344063322867,0.585731729025335,0.9609044070523897,0.7610026041666667,0.9543007234890506
81,-119.17500000000003,-305.73470832383447,0.3613704024480897,0.5844529458498672,0.9614308613713958,0.7630208333333334,0.957379639589903
82,-107.82500000000002,-305.73470832383447,0.36608139776759624,0.5832480489970605,0.9619184179388042,0.7696614583333333,0.9601831834931631
83,-96.47500000000001,-305.73470832383447,0.3778897541440468,0.5821270272726934,0.9623648804369084,0.7910807291666667,0.9581226256059339
84,-85.12500000000001,-305.73470832383447,0.3920270443335821,0.5810997928358501,0.9627681112902114,0.8174479166666667,0.9562181050644082
85,-73.77500000000002,-305.73470832383447,0.40913455361496165,0.5801759809643318,0.9631260682934761,0.847265625,0.9579386032760875
86,-62.42500000000001,-305.73470832383447,0.42560775216425895,0.5793647298408117,0.9634368437072497,0.8770182291666667,0.9594687905597464
87,-51.075,-305.73470832383447,0.43888133428678444,0.5786744491961627,0.9636987044929909,0.903515625,0.9579784621695346
88,-39.72500000000001,-305.73470832383447,0.450445622715135,0.5781125886152284,0.963910132043081,0.925,0.9580220962935607
89,-28.375000000000004,-305.73470832383447,0.45878379530913177,0.5776854175130712,0.9640698595312519,0.9402994791666667,0.9588966354589306
90,-17.025000000000002,-305.73470832383447,0.46417974657753763,0.5773978292009246,0.9641769049119039,0.949609375,0.9605411831521558
91,-5.675000000000001,-305.73470832383447,0.4683808842415936,0.5772531810134466,0.9642305976685891,0.9569661458333333,0.9624071168628301
92,5.675000000000001,-305.73470832383447,0.4673875038210959,0.5772531810134466,0.9642305976685891,0.956640625,0.9606174710395909
93,17.025000000000002,-305.73470832383447,0.46315387024385046,0.5773978292009246,0.9641769049119039,0.9504557291666667,0.9571236008273459
94,28.375000000000004,-305.73470832383447,0.4563442836353151,0.5776854175130712,0.9640698595312519,0.9391927083333333,0.9548377724284863
95,39.72500000000001,-305.73470832383447,0.44786098367955207,0.5781125886152282,0.963910132043081,0.9248046875,0.9530599320649138
96,51.075,-305.73470832383447,0.43727688586850083,0.5786744491961628,0.9636987044929909,0.904296875,0.9535479350001007
97,62.42500000000001,-305.73470832383447,0.4233781566254354,0.5793647298408117,0.9634368437072497,0.8770182291666667,0.9544887232649116
98,73.775,-305.73470832383447,0.4069809210605912,0.5801759809643319,0.9631260682934761,0.8458984375,0.955205721720843
99,85.12500000000001,-305.73470832383447,0.39234804339356555,0.5810997928358502,0.9627681112902114,0.817578125,0.9574266361763709
100,96.47500000000001,-305.73470832383447,0.37881489075751956,0.5821270272726935,0.9623648804369084,0.791015625,0.9604816965889447
101,107.825,-305.73470832383447,0.36664088618303764,0.5832480489970603,0.9619184179388042,0.7709635416666667,0.9596585965599055
102,119.17500000000001,-305.73470832383447,0.36156731373011114,0.5844529458498672,0.9614308613713958,0.763671875,0.9564252298643001
103,130.52500000000003,-305.73470832383447,0.359074192357725,0.5857317290253351,0.9609044070523897,0.7611979166666667,0.9527802904286217
104,141.87500000000003,-305.73470832383447,0.3583040710457543,0.587074507116197,0.9603412768528794,0.7608072916666667,0.9502546436050782
105,153.22500000000002,-305.73470832383447,0.3589479622100478,0.5884716307609407,0.9597436890652706,0.7622395833333333,0.9477425499212804
106,164.57500000000005,-305.73470832383447,0.36783830029601183,0.5899138076268379,0.9591138336245991,0.778125,0.9461925400020325
107,-181.60000000000002,-295.9053199908811,0.387994464423891,0.5962721674192317,0.9589142654816264,0.8071614583333333,0.9459814112196632
108,-170.25000000000003,-295.9053199908811,0.3757656397967673,0.594776588527093,0.9596075512661371,0.7841796875,0.9485432308626198
109,-158.90000000000003,-295.9053199908811,0.37378423092107865,0.5933097152448196,0.9602716758299438,0.7800130208333333,0.9518532731374132
110,-147.55,-295.9053199908811,0.3721018926955223,0.5918804098496057,0.9609044070523897,0.7774739583333333,0.9535548210399972
111,-136.20000000000002,-295.9053199908811,0.3718305585761472,0.5904980840345353,0.9615034398366172,0.7766276041666667,0.9558694898026349
112,-124.85000000000002,-295.9053199908811,0.37107519801984723,0.5891726232492247,0.9620664148516603,0.7759765625,0.956332852783264
113,-113.50000000000001,-295.9053199908811,0.3734338085195306,0.5879142834508545,0.9625909423324539,0.7782552083333333,0.9596710271127603
114,-102.15,-295.9053199908811,0.37999435325892517,0.5867335562093791,0.963074631152855,0.7882161458333333,0.9623211281915682
115,-90.80000000000001,-295.9053199908811,0.39082694170026006,0.585641000035999,0.963515123114819,0.8083333333333333,0.9595375243427614
116,-79.45000000000002,-295.9053199908811,0.4059966425368677,0.5846470387724232,0.963910132043081,0.8360677083333333,0.9581109857256628
117,-68.10000000000001,-295.9053199908811,0.42250252103249236,0.5837617314601377,0.9642574868523471,0.8649088541666666,0.9597574031377644
118,-56.75000000000001,-295.9053199908811,0.4381132242289191,0.5829945217157343,0.9645551772926969,0.8934244791666667,0.9602300223778423
119,-45.400000000000006,-295.9053199908811,0.44961479891490175,0.5823539777251266,0.9648014006240454,0.9170572916666667,0.9577693104574855
120,-34.050000000000004,-295.9053199908811,0.46093425359007895,0.5818475361868711,0.964994607082637,0.9374348958333333,0.9588412582458388
121,-22.700000000000003,-295.9053199908811,0.46740198624502155,0.5814812647407667,0.9651335417476047,0.94921875,0.9593902536194056
122,-11.350000000000001,-295.9053199908811,0.47216814014405345,0.5812596575545496,0.9652172803550182,0.9588541666666667,0.9600578354815437
123,0.0,-295.9053199908811,0.4738688578066937,0.5811854776985732,0.9652452567830581,0.9634765625,0.9594810339063506
124,11.350000000000001,-295.9053199908811,0.47006441754047046,0.5812596575545494,0.9652172803550182,0.9587239583333333,0.9553809475346521
125,22.700000000000003,-295.9053199908811,0.46503321897879424,0.5814812647407667,0.9651335417476047,0.9492838541666667,0.9547253846515857
126,34.050000000000004,-295.9053199908811,0.45634673929742864,0.5818475361868711,0.964994607082637,0.9347005208333333,0.9524676849623444
127,45.400000000000006,-295.9053199908811,0.4473009007174716,0.5823539777251268,0.9648014006240454,0.9177083333333333,0.9525637315198033
128,56.75000000000001,-295.9053199908811,0.435229402796684,0.5829945217157343,0.9645551772926969,0.8938151041666667,0.9536977451877587
129,68.10000000000001,-295.9053199908811,0.4200188156734775,0.5837617314601377,0.9642574868523471,0.8640625,0.9557025055655917
130,79.45000000000002,-295.9053199908811,0.405716112871037,0.5846470387724232,0.963910132043081,0.8352864583333334,0.9589709436288608
131,90.80000000000001,-295.9053199908811,0.3910248495481384,0.585641000035999,0.963515123114819,0.80703125,0.96186904394569
132,102.15,-295.9053199908811,0.37973746034330436,0.5867335562093792,0.963074631152855,0.7880208333333333,0.9618043531106079
133,113.50000000000001,-295.9053199908811,0.3741200509667962,0.5879142834508542,0.9625909423324539,0.7796875,0.9588780067874032
134,124.85000000000002,-295.9053199908811,0.3711555982897254,0.5891726232492248,0.9620664148516603,0.7766276041666667,0.9551354918475714
135,136.20000000000002,-295.9053199908811,0.3704081200759445,0.5904980840345353,0.9615034398366172,0.7763671875,0.9527209805681139
136,147.55,-295.9053199908811,0.37117450078759084,0.5918804098496057,0.9609044070523897,0.7780598958333333,0.9507585667114834
137,158.90000000000003,-295.9053199908811,0.37244105624140145,0.5933097152448197,0.9602716758299438,0.7791015625,0.9496944210515029
138,170.25000000000003,-295.9053199908811,0.3760425059443629,0.5947765885270929,0.9596075512661371,0.7848958333333333,0.9479315265103796
139,181.60000000000002,-295.9053199908811,0.38938973273683736,0.5962721674192318,0.9589142654816264,0.8086588541666667,0.9468662207402895
140,-198.625,-286.0759316579277,0.41095994558887217,0.6028974494262439,0.9585846612592023,0.8405598958333333,0.9453849687597683
141,-187.275,-286.0759316579277,0.397366275242365,0.6013852970204007,0.9593372016356712,0.8160807291666666,0.9473665686310858
142,-175.925,-286.0759316579277,0.39279128165601324,0.599885927630618,0.9600638983598134,0.8080729166666667,0.9493781299325018
143,-164.57500000000002,-286.0759316579277,0.3882864504078128,0.5984073875609964,0.9607625539916659,0.8003255208333333,0.9510696407658564
144,-153.22500000000002,-286.0759316579277,0.38600724128572683,0.5969584186276425,0.9614308613713958,0.7953125,0.9544757377246695
145,-141.875,-286.0759316579277,0.38502128842900285,0.5955484162429986,0.9620664148516603,0.7938151041666667,0.9562195443727626
146,-130.525,-286.0759316579277,0.3847494084100363,0.594187365898851,0.962666726490349,0.792578125,0.9587349997984306
147,-119.17500000000003,-286.0759316579277,0.3850740822890942,0.5928857530257783,0.9632292478607526,0.7932942708333334,0.9597019921451472
148,-107.82500000000002,-286.0759316579277,0.38790717307742945,0.5916544409600876,0.9637513979876589,0.7967447916666667,0.962460126231317
149,-96.47500000000001,-286.0759316579277,0.3936735135772547,0.5905045127062981,0.9642305976685891,0.805078125,0.9649855128782003
150,-85.12500000000001,-286.0759316579277,0.40504581692312874,0.5894470745666783,0.9646643100781067,0.82578125,0.9623766735895586
151,-73.77500000000002,-286.0759316579277,0.42112427511240946,0.5884930233472863,0.9650500870820049,0.8544921875,0.9615185058143022
152,-62.42500000000001,-286.0759316579277,0.4365952949495488,0.5876527831893993,0.9653856201278386,0.8830729166666667,0.9610983439015761
153,-51.075,-286.0759316579277,0.4505168930956619,0.5869360223656,0.9656687939733378,0.9095052083333334,0.9601006735711537
154,-39.72500000000001,-286.0759316579277,0.461082105191972,0.58635136393698,0.9658977409329457,0.9305338541666667,0.9586238777002468
155,-28.375000000000004,-286.0759316579277,0.468952652558548,0.5859061065623064,0.9660708928525013,0.9467447916666667,0.9570600443690219
156,-17.025000000000002,-286.0759316579277,0.47476174338204963,0.5856059728016236,0.9661870277558454,0.9587890625,0.9567452149405449
157,-5.675000000000001,-286.0759316579277,0.47898268166082136,0.5854549018740587,0.9662453081251242,0.9678385416666667,0.9570872498150762
158,5.675000000000001,-286.0759316579277,0.478603148701086,0.5854549018740587,0.9662453081251242,0.9682291666666667,0.9555720678856986
159,17.025000000000002,-286.0759316579277,0.4736455332232709,0.5856059728016236,0.9661870277558454,0.9598307291666667,0.9534148684991274
160,28.375000000000004,-286.0759316579277,0.46640646030705657,0.5859061065623065,0.9660708928525013,0.9464192708333333,0.9526601598227448
161,39.72500000000001,-286.0759316579277,0.45761194949666,0.5863513639369798,0.9658977409329457,0.930078125,0.9524346100365497
162,51.075,-286.0759316579277,0.44697831895135387,0.5869360223655999,0.9656687939733378,0.9099609375,0.9528408808038333
163,62.42500000000001,-286.0759316579277,0.4340332688881431,0.5876527831893992,0.9653856201278386,0.8830078125,0.9564062891970919
164,73.775,-286.0759316579277,0.41877660576270814,0.5884930233472863,0.9650500870820049,0.853125,0.9589284494108471
165,85.12500000000001,-286.0759316579277,0.40406740366029237,0.5894470745666784,0.9646643100781067,0.8242838541666667,0.9624345217389554
166,96.47500000000001,-286.0759316579277,0.39343162612237526,0.5905045127062982,0.9642305976685891,0.8052734375,0.9640030027679731
167,107.825,-286.0759316579277,0.38747000063373527,0.5916544409600878,0.9637513979876589,0.7965494791666666,0.9611081908700334
168,119.17500000000001,-286.0759316579277,0.3839179527751861,0.5928857530257781,0.9632292478607526,0.7928385416666667,0.9573037051629291
169,130.52500000000003,-286.0759316579277,0.38293344512637706,0.5941873658988511,0.962666726490349,0.7915364583333333,0.9558823713021568
170,141.87500000000003,-286.0759316579277,0.38339723322147584,0.5955484162429986,0.9620664148516603,0.7934244791666667,0.9531178992077449
171,153.22500000000002,-286.0759316579277,0.3846687753039034,0.5969584186276425,0.9614308613713958,0.7947916666666667,0.9518205617052778
172,164.57500000000005,-286.0759316579277,0.38790791191245055,0.5984073875609964,0.9607625539916659,0.8,0.9506678432186261
173,175.92500000000004,-286.0759316579277,0.3928816574378592,0.5998859276306179,0.9600638983598134,0.8071614583333333,0.950406083499152
174,187.27500000000003,-286.0759316579277,0.3980325322382183,0.6013852970204004,0.9593372016356712,0.816015625,0.9484370921795086
175,198.62500000000003,-286.0759316579277,0.41286071714978145,0.6028974494262438,0.9585846612592023,0.8414713541666666,0.948155556980394
176,-204.3,-276.2465433249743,0.41722458480947683,0.6082205622887865,0.9589363721163768,0.8457682291666667,0.9441409905297412
177,-192.95000000000002,-276.2465433249743,0.41335401334122185,0.6067277032199666,0.9597209543084854,0.8380208333333333,0.9469223807025798
178,-181.60000000000002,-276.2465433249743,0.40867231451225083,0.6052399378362133,0.9604809985971916,0.8295572916666667,0.9491085750735537
179,-170.25000000000003,-276.2465433249743,0.4048848884518676,0.6037649481026341,0.9612142741550046,0.8227213541666667,0.9516255568998182
180,-158.90000000000003,-276.2465433249743,0.4006074035950576,0.6023112011692023,0.9619184179388042,0.8145182291666667,0.9545409778363312
181,-147.55,-276.2465433249743,0.39891586220241076,0.6008879194496906,0.9625909423324539,0.8111328125,0.9569476692961998
182,-136.20000000000002,-276.2465433249743,0.39779123287784934,0.5995050295455366,0.9632292478607526,0.809375,0.9585863521096034
183,-124.85000000000002,-276.2465433249743,0.39819987135038737,0.5981730855952111,0.9638306418931962,0.8095052083333333,0.9605066412474553
184,-113.50000000000001,-276.2465433249743,0.3982805783956548,0.596903161607997,0.9643923641745947,0.8092447916666666,0.9621720300707389
185,-102.15,-276.2465433249743,0.40190452415474465,0.5957067071541347,0.9649116198260101,0.8138671875,0.9649146911482596
186,-90.80000000000001,-276.2465433249743,0.4077098627586503,0.5945953620275467,0.9653856201278386,0.8225911458333334,0.9663086137475914
187,-79.45000000000002,-276.2465433249743,0.42048215744258594,0.5935807284524146,0.9658116309119649,0.8447916666666667,0.965257591933468
188,-68.10000000000001,-276.2465433249743,0.4357415104746068,0.5926741038429342,0.9661870277558454,0.8723958333333334,0.9638056890321268
189,-56.75000000000001,-276.2465433249743,0.4496938233615874,0.5918861823286571,0.9665093564214122,0.9005859375,0.9602045076731618
190,-45.400000000000006,-276.2465433249743,0.46177959171178645,0.5912267382664641,0.9667763961838252,0.9241536458333334,0.958420699002934
191,-34.050000000000004,-276.2465433249743,0.47138464406867825,0.590704308922049,0.9669862229526716,0.9438802083333333,0.9565804424336068
192,-22.700000000000003,-276.2465433249743,0.4781061688801645,0.5903258959034755,0.9671372685285253,0.9583333333333334,0.9550389992152905
193,-11.350000000000001,-276.2465433249743,0.4826110856341587,0.5900967055581705,0.9672283720912271,0.9697916666666667,0.9530724679849528
194,0.0,-276.2465433249743,0.48412027959457044,0.5900199472964863,0.9672588201848724,0.9720052083333334,0.9544151721504028
195,11.350000000000001,-276.2465433249743,0.48215756452950737,0.5900967055581705,0.9672283720912271,0.9699869791666667,0.9517691498313994
196,22.700000000000003,-276.2465433249743,0.4759437555048125,0.5903258959034755,0.9671372685285253,0.9579427083333333,0.9515772943555677
197,34.050000000000004,-276.2465433249743,0.4682708425800627,0.590704308922049,0.9669862229526716,0.9427734375,0.9518479925091847
198,45.400000000000006,-276.2465433249743,0.4585350809499968,0.5912267382664639,0.9667763961838252,0.9238932291666667,0.9528239738054689
199,56.75000000000001,-276.2465433249743,0.447053763374807,0.5918861823286572,0.9665093564214122,0.9009114583333333,0.9550164910087263
200,68.10000000000001,-276.2465433249743,0.4327814453455686,0.5926741038429341,0.9661870277558454,0.8716796875,0.9590971832731143
201,79.45000000000002,-276.2465433249743,0.4184932795947753,0.5935807284524146,0.9658116309119649,0.8436197916666667,0.9626445828103356
202,90.80000000000001,-276.2465433249743,0.40762819490812946,0.5945953620275467,0.9653856201278386,0.823046875,0.9658633678427939
203,102.15,-276.2465433249743,0.4015474765628716,0.5957067071541347,0.9649116198260101,0.8138020833333334,0.9634332229903888
204,113.50000000000001,-276.2465433249743,0.39839761343147223,0.5969031616079968,0.9643923641745947,0.8106770833333333,0.9603022410661214
205,124.85000000000002,-276.2465433249743,0.39667953303855624,0.5981730855952111,0.9638306418931962,0.8086588541666667,0.9580513331928745
206,136.20000000000002,-276.2465433249743,0.3968666539125632,0.5995050295455366,0.9632292478607526,0.8093098958333333,0.956753030811297
207,147.55,-276.2465433249743,0.3971657539295739,0.6008879194496907,0.9625909423324539,0.8100260416666667,0.9542576415991169
208,158.90000000000003,-276.2465433249743,0.40071099819326456,0.6023112011692022,0.9619184179388042,0.8153645833333333,0.9536440305640385
209,170.25000000000003,-276.2465433249743,0.4051167910681654,0.6037649481026339,0.9612142741550046,0.8228515625,0.9517835439017404
210,181.60000000000002,-276.2465433249743,0.4096544930835933,0.6052399378362132,0.9604809985971916,0.8303385416666667,0.9503303549309089
211,192.95000000000002,-276.2465433249743,0.41461198458518844,0.6067277032199668,0.9597209543084854,0.8384114583333333,0.9491992686536296
212,204.3,-276.2465433249743,0.41992625926992116,0.6082205622887863,0.9589363721163768,0.8467447916666667,0.9493661633190136
213,-221.32500000000002,-266.417154992021,0.44794177219067693,0.6151963917689035,0.958410377591917,0.8896484375,0.9475136012423041
214,-209.97500000000002,-266.417154992021,0.43477730755814753,0.6137485210379516,0.9592476469523474,0.8694010416666667,0.9455909957293172
215,-198.625,-266.417154992021,0.42998701368029457,0.6122920099597583,0.9600638983598134,0.8604166666666667,0.9470263623798425
216,-187.275,-266.417154992021,0.42572015232689736,0.6108331532625904,0.9608570420634946,0.8526041666666667,0.9482307389698177
217,-175.925,-266.417154992021,0.4209026109971179,0.6093791074642968,0.9616248350215117,0.8443359375,0.9503675165293644
218,-164.57500000000002,-266.417154992021,0.4170954128656285,0.6079378949187934,0.9623648804369084,0.8372395833333334,0.9536511583421953
219,-153.22500000000002,-266.417154992021,0.4140334371252365,0.6065183885440479,0.963074631152855,0.8307291666666666,0.9567793068520724
220,-141.875,-266.417154992021,0.41203543966688444,0.6051302745647,0.9637513979876589,0.8274088541666667,0.958273329769946
221,-130.525,-266.417154992021,0.411604891024367,0.6037839897490002,0.9643923641745947,0.8256510416666667,0.9612022356762897
222,-119.17500000000003,-266.417154992021,0.4116644668272708,0.6024906284355825,0.964994607082637,0.825,0.9631464946749654
223,-107.82500000000002,-266.417154992021,0.41344896086091254,0.6012618136510056,0.9655551282931474,0.8276692708333333,0.9646687541193923
224,-96.47500000000001,-266.417154992021,0.4168504112917462,0.600109526576239,0.9660708928525013,0.8324869791666667,0.9662510294003498
225,-85.12500000000001,-266.417154992021,0.42352065704789993,0.5990458902582844,0.9665388780743295,0.8432291666666667,0.9668134509656884
226,-73.77500000000002,-266.417154992021,0.4351722660361937,0.5980829071171134,0.966956131606537,0.8634765625,0.9659268036739747
227,-62.42500000000001,-266.417154992021,0.45026465914893465,0.5972321551521795,0.967319837615804,0.892578125,0.9624974052007613
228,-51.075,-266.417154992021,0.4615225948532331,0.5965044538669017,0.9676273889292228,0.9169270833333333,0.9574392352092016
229,-39.72500000000001,-266.417154992021,0.4721531959251158,0.5959095165819774,0.9678764619154516,0.939453125,0.9541729183139007
230,-28.375000000000004,-266.417154992021,0.47968685103434,0.5954556099592572,0.9680650899425847,0.9554036458333334,0.9519089870136697
231,-17.025000000000002,-266.417154992021,0.48510563744572904,0.5951492436271427,0.9681917306049409,0.9692708333333333,0.9491953894378261
232,-5.675000000000001,-266.417154992021,0.4886315628731755,0.5949949125936126,0.9682553217461789,0.9772135416666666,0.9489156602568548
233,5.675000000000001,-266.417154992021,0.48838074099439666,0.5949949125936125,0.9682553217461789,0.97734375,0.94786011961064
234,17.025000000000002,-266.417154992021,0.4836652079452433,0.5951492436271428,0.9681917306049409,0.9694010416666666,0.9463822278053061
235,28.375000000000004,-266.417154992021,0.47844955091727126,0.5954556099592571,0.9680650899425847,0.9563802083333334,0.9489368502251275
236,39.72500000000001,-266.417154992021,0.4703219020649192,0.5959095165819775,0.9678764619154516,0.9392578125,0.9509742639437934
237,51.075,-266.417154992021,0.45936504170583653,0.5965044538669019,0.9676273889292228,0.9171223958333333,0.9534063883866158
238,62.42500000000001,-266.417154992021,0.4466201155812872,0.5972321551521794,0.967319837615804,0.8910807291666667,0.9574059299611645
239,73.775,-266.417154992021,0.43335219103355666,0.5980829071171134,0.966956131606537,0.8629557291666666,0.9630518279546927
240,85.12500000000001,-266.417154992021,0.4225667281237273,0.5990458902582845,0.9665388780743295,0.8416666666666667,0.967150053102401
241,96.47500000000001,-266.417154992021,0.4160086568190217,0.6001095265762391,0.9660708928525013,0.8322916666666667,0.9642710303655132
242,107.825,-266.417154992021,0.4124424260828443,0.6012618136510055,0.9655551282931474,0.827734375,0.9620480738878625
243,119.17500000000001,-266.417154992021,0.4107297351321367,0.6024906284355825,0.964994607082637,0.8256510416666667,0.9603805185678912
244,130.52500000000003,-266.417154992021,0.4105794772471897,0.6037839897490003,0.9643923641745947,0.8255859375,0.9588668926650983
245,141.87500000000003,-266.417154992021,0.411258765393291,0.6051302745647,0.9637513979876589,0.8264322916666667,0.957462481283948
246,153.22500000000002,-266.417154992021,0.4143084196712262,0.6065183885440479,0.963074631152855,0.8310546875,0.9567777459743401
247,164.57500000000005,-266.417154992021,0.41777747693118267,0.6079378949187934,0.9623648804369084,0.8378255208333333,0.9536864630272565
248,175.92500000000004,-266.417154992021,0.42163346237993843,0.6093791074642968,0.9616248350215117,0.8442708333333333,0.9517525647091755
249,187.27500000000003,-266.417154992021,0.4264065174719204,0.6108331532625904,0.9608570420634946,0.8532552083333333,0.949642038313517
250,198.62500000000003,-266.417154992021,0.4310996188917766,0.6122920099597583,0.9600638983598134,0.860546875,0.9497775996942847
251,209.97500000000002,-266.417154992021,0.4370484105442529,0.6137485210379516,0.9592476469523474,0.8703125,0.949569028788392
252,221.32500000000005,-266.417154992021,0.4494131436231474,0.6151963917689035,0.958410377591917,0.8910807291666667,0.9498310547225075
253,-227.00000000000003,-256.5877666590676,0.45401586098038693,0.6208557084171628,0.9586502854269129,0.889453125,0.9522138374937674
254,-215.65000000000003,-256.5877666590676,0.4519417843051682,0.6194687451480292,0.9595171514145947,0.8897786458333333,0.9483899273170012
255,-204.3,-256.5877666590676,0.44837916330321176,0.6180670120324662,0.9603645155463599,0.8850911458333334,0.9472267595271618
256,-192.95000000000002,-256.5877666590676,0.44342882435278075,0.6166560765113223,0.9611903141279383,0.8759765625,0.9490247149120842
257,-181.60000000000002,-256.5877666590676,0.4376041152201606,0.61524241064528,0.9619923146927296,0.866796875,0.9491043599120119
258,-170.25000000000003,-256.5877666590676,0.4328519169801705,0.6138334153647144,0.9627681112902114,0.858203125,0.9514270291922492
259,-158.90000000000003,-256.5877666590676,0.42918159475679174,0.6124374239769218,0.963515123114819,0.8516927083333333,0.9540678435746259
260,-147.55,-256.5877666590676,0.4268874478631299,0.6110636818883938,0.9642305976685891,0.846484375,0.9570669152945258
261,-136.20000000000002,-256.5877666590676,0.4256173438929028,0.6097222993936031,0.9649116198260101,0.8430989583333334,0.9600576080268348
262,-124.85000000000002,-256.5877666590676,0.4248124654623423,0.6084241737507295,0.9655551282931474,0.8408854166666667,0.9625327570403595
263,-113.50000000000001,-256.5877666590676,0.4261087790613117,0.6071808757572639,0.9661579409797464,0.8421875,0.9646290077929098
264,-102.15,-256.5877666590676,0.4281811619365651,0.6060044952164397,0.9667167906766779,0.8449869791666667,0.9660851819165884
265,-90.80000000000001,-256.5877666590676,0.43238463401506594,0.604907439930508,0.9672283720912271,0.8513020833333333,0.9674836864779278
266,-79.45000000000002,-256.5877666590676,0.43857268048193515,0.6039021850307476,0.967689400684536,0.862109375,0.966749648734254
267,-68.10000000000001,-256.5877666590676,0.4509249702670605,0.603000973927472,0.9680966828499394,0.8839192708333333,0.9653656118477052
268,-56.75000000000001,-256.5877666590676,0.46367357864209896,0.6022154784763661,0.9684471957844782,0.9098307291666666,0.9610693493273923
269,-45.400000000000006,-256.5877666590676,0.474616994791357,0.601556432873181,0.9687381740256312,0.9343098958333333,0.9550889970264457
270,-34.050000000000004,-256.5877666590676,0.48206217837344206,0.60103326177505,0.9689671982182854,0.9536458333333333,0.9487755637586118
271,-22.700000000000003,-256.5877666590676,0.4881569382645457,0.600653726997292,0.9691322804844786,0.9689453125,0.9455356543864204
272,-11.350000000000001,-256.5877666590676,0.49261426285433196,0.6004236182945284,0.9692319400663167,0.9802083333333333,0.9435781623707625
273,0.0,-256.5877666590676,0.4934910578444625,0.6003465121515146,0.9692652629473156,0.9826171875,0.9433973324143404
274,11.350000000000001,-256.5877666590676,0.4919176158526346,0.6004236182945283,0.9692319400663167,0.9804036458333333,0.941945276152775
275,22.700000000000003,-256.5877666590676,0.48713817955556465,0.6006537269972919,0.9691322804844786,0.9695963541666667,0.9432622304734222
276,34.050000000000004,-256.5877666590676,0.4809794800886037,0.6010332617750501,0.9689671982182854,0.9539713541666667,0.9470911816715646
277,45.400000000000006,-256.5877666590676,0.47141304501344017,0.6015564328731808,0.9687381740256312,0.9333984375,0.9501951605430772
278,56.75000000000001,-256.5877666590676,0.461204090945942,0.6022154784763659,0.9684471957844782,0.9102864583333333,0.9561072498526683
279,68.10000000000001,-256.5877666590676,0.44844135298872356,0.603000973927472,0.9680966828499394,0.8828776041666667,0.9621753662162635
280,79.45000000000002,-256.5877666590676,0.4388458689602228,0.6039021850307474,0.967689400684536,0.8621744791666667,0.9676571649606108
281,90.80000000000001,-256.5877666590676,0.4317439944758396,0.604907439930508,0.9672283720912271,0.8511067708333333,0.9662540334315152
282,102.15,-256.5877666590676,0.42726714810039573,0.6060044952164397,0.9667167906766779,0.8453125,0.9636634130438405
283,113.50000000000001,-256.5877666590676,0.42500287690188226,0.607180875757264,0.9661579409797464,0.8422526041666667,0.9622851611154474
284,124.85000000000002,-256.5877666590676,0.42465955571858094,0.6084241737507295,0.9655551282931474,0.8414713541666666,0.9615386130553174
285,136.20000000000002,-256.5877666590676,0.4252975577532389,0.6097222993936031,0.9649116198260101,0.8419921875,0.9603277785541459
286,147.55,-256.5877666590676,0.42737821835383233,0.6110636818883938,0.9642305976685891,0.8462890625,0.9580871248791727
287,158.90000000000003,-256.5877666590676,0.43005374370364696,0.6124374239769218,0.963515123114819,0.8520182291666667,0.9547199698356863
288,170.25000000000003,-256.5877666590676,0.4344901145733447,0.6138334153647144,0.9627681112902114,0.859765625,0.9526532705595638
289,181.60000000000002,-256.5877666590676,0.4383313768635919,0.6152424106452801,0.9619923146927296,0.8675130208333334,0.9499391997491409
290,192.95000000000002,-256.5877666590676,0.4431576886993886,0.6166560765113223,0.9611903141279383,0.8748046875,0.9499160310925117
291,204.3,-256.5877666590676,0.44910621336245604,0.6180670120324663,0.9603645155463599,0.8850260416666667,0.9497438945786847
292,215.65000000000003,-256.5877666590676,0.45352224125893753,0.6194687451480291,0.9595171514145947,0.8906901041666667,0.9512842963342613
293,227.00000000000003,-256.5877666590676,0.4540666443456717,0.6208557084171628,0.9586502854269129,0.8906901041666667,0.9515945635374065
294,-244.02500000000003,-246.75837832611418,0.4681474302050927,0.6279566890432928,0.9579363383141998,0.9007161458333334,0.9557958498909053
295,-232.675,-246.75837832611418,0.4652967049888816,0.6266727127861347,0.958848046154012,0.8990234375,0.9538529882543981
296,-221.32500000000002,-246.75837832611418,0.46647088214832977,0.6253650181765301,0.9597436890652706,0.9033854166666667,0.9527666622214646
297,-209.97500000000002,-246.75837832611418,0.4657331007399523,0.6240374854041154,0.9606214211118579,0.9048828125,0.9499143474709515
298,-198.625,-246.75837832611418,0.4624777694446089,0.6226948476331275,0.9614792255649863,0.9006510416666667,0.9491300685541325
299,-187.275,-246.75837832611418,0.45680876624793704,0.6213427544186936,0.9623149042123573,0.8916666666666667,0.9495143599173534
300,-175.925,-246.75837832611418,0.4509380815134818,0.6199878191405991,0.9631260682934761,0.8822916666666667,0.95005481269846
301,-164.57500000000002,-246.75837832611418,0.44569004063944145,0.6186376455541911,0.963910132043081,0.8738932291666667,0.9513814395362381
302,-153.22500000000002,-246.75837832611418,0.44205583525736264,0.6173008289889157,0.9646643100781067,0.8665364583333334,0.954656415753033
303,-141.875,-246.75837832611418,0.43959799605004174,0.6159869282361728,0.9653856201278386,0.8613932291666667,0.9572789256960381
304,-130.525,-246.75837832611418,0.43860094413686906,0.6147064044446366,0.9660708928525013,0.8580078125,0.9604157696199171
305,-119.17500000000003,-246.75837832611418,0.439251493677294,0.6134705231497503,0.9667167906766779,0.8579427083333333,0.962946744946463
306,-107.82500000000002,-246.75837832611418,0.44169868288315633,0.6122912149905506,0.967319837615804,0.859765625,0.9666416496843175
307,-96.47500000000001,-246.75837832611418,0.4433531870112877,0.6111808902805322,0.9678764619154516,0.8623697916666667,0.9670768778924991
308,-85.12500000000001,-246.75837832611418,0.4475055348531241,0.6101522033707918,0.9683830528639059,0.8697265625,0.9670577545711299
309,-73.77500000000002,-246.75837832611418,0.4556222668219122,0.609217765632501,0.9688360322987732,0.883984375,0.9658183363993973
310,-62.42500000000001,-246.75837832611418,0.4663005979032221,0.6083898112355136,0.9692319400663167,0.9027994791666667,0.9649017311436362
311,-51.075,-246.75837832611418,0.4780104104484876,0.6076798270109349,0.969567531041177,0.9287109375,0.9582029267577236
312,-39.72500000000001,-246.75837832611418,0.48606317539131005,0.6070981649342028,0.9698398794168257,0.9506510416666667,0.950005757575798
313,-28.375000000000004,-246.75837832611418,0.49301838149416927,0.6066536613054855,0.9700464841018411,0.9689453125,0.9444945608618845
314,-17.025000000000002,-246.75837832611418,0.4968242108514372,0.6063532892990329,0.9701853675764643,0.981640625,0.9397145113327156
315,-5.675000000000001,-246.75837832611418,0.4989923174297374,0.6062018709219227,0.9702551598846937,0.987890625,0.9379183964289647
316,5.675000000000001,-246.75837832611418,0.49742849116988513,0.6062018709219227,0.9702551598846937,0.9873046875,0.9355346300309447
317,17.025000000000002,-246.75837832611418,0.4951245267912021,0.6063532892990329,0.9701853675764643,0.9820963541666666,0.9363141810776293
318,28.375000000000004,-246.75837832611418,0.49081257501907527,0.6066536613054855,0.9700464841018411,0.9697265625,0.9400687327442128
319,39.72500000000001,-246.75837832611418,0.4829161197329431,0.6070981649342028,0.9698398794168257,0.950390625,0.9447515297307159
320,51.075,-246.75837832611418,0.4750790218197635,0.6076798270109347,0.969567531041177,0.9282552083333333,0.9536619435342732
321,62.42500000000001,-246.75837832611418,0.46369975395638025,0.6083898112355135,0.9692319400663167,0.9031901041666667,0.95996903484119
322,73.775,-246.75837832611418,0.4537006714369914,0.6092177656325011,0.9688360322987732,0.88203125,0.9650647155431885
323,85.12500000000001,-246.75837832611418,0.44851210495015364,0.6101522033707919,0.9683830528639059,0.8712890625,0.9671765343212113
324,96.47500000000001,-246.75837832611418,0.443257862793763,0.6111808902805322,0.9678764619154516,0.8638671875,0.9652892565791422
325,107.825,-246.75837832611418,0.4400840213132182,0.6122912149905507,0.967319837615804,0.8594401041666667,0.9639524412734227
326,119.17500000000001,-246.75837832611418,0.43848007375443493,0.6134705231497501,0.9667167906766779,0.85703125,0.9625314215760139
327,130.52500000000003,-246.75837832611418,0.439785615912747,0.6147064044446368,0.9660708928525013,0.8583984375,0.9622162337006375
328,141.87500000000003,-246.75837832611418,0.44117877482982853,0.6159869282361728,0.9653856201278386,0.8620442708333333,0.9591565884228387
329,153.22500000000002,-246.75837832611418,0.4429203228376484,0.6173008289889157,0.9646643100781067,0.8662109375,0.9559419293880835
330,164.57500000000005,-246.75837832611418,0.4467177844168442,0.618637645554191,0.963910132043081,0.8736979166666666,0.9530869182116599
331,175.92500000000004,-246.75837832611418,0.4508580715938376,0.6199878191405992,0.9631260682934761,0.881640625,0.9507805163317753
332,187.27500000000003,-246.75837832611418,0.4564408427356091,0.6213427544186937,0.9623149042123573,0.89140625,0.949626415646217
333,198.62500000000003,-246.75837832611418,0.4613653308678604,0.6226948476331277,0.9614792255649863,0.8994140625,0.9498251725080675
334,209.97500000000002,-246.75837832611418,0.46537099411282673,0.6240374854041154,0.9606214211118579,0.9035807291666667,0.9518843594353077
335,221.32500000000005,-246.75837832611418,0.46638940641023247,0.6253650181765299,0.9597436890652706,0.9034505208333333,0.9529442288495165
336,232.67500000000004,-246.75837832611418,0.46485998450141086,0.6266727127861347,0.958848046154012,0.8990234375,0.9538210322402386
337,244.02500000000003,-246.75837832611418,0.46728454619371035,0.6279566890432929,0.9579363383141998,0.8996744791666667,0.9559861074659628
338,-249.70000000000005,-236.92898999316083,0.4656309157550524,0.6338108534128012,0.9580648713567617,0.886328125,0.9602483552156865
339,-238.35000000000002,-236.92898999316083,0.47337155915891793,0.6326274962901836,0.9590027930784315,0.9005859375,0.9587934391779377
340,-227.00000000000003,-236.92898999316083,0.4778460420497227,0.6314175929669369,0.9599262234655582,0.9108723958333333,0.9560000216106481
341,-215.65000000000003,-236.92898999316083,0.47933283392567744,0.6301841773246886,0.9608333898771023,0.9180338541666667,0.9521863917473649
342,-204.3,-236.92898999316083,0.4786034022938308,0.628931091252116,0.9617223429171543,0.9178385416666667,0.9516355914950015
343,-192.95000000000002,-236.92898999316083,0.474472852873328,0.6276630673970922,0.9625909423324539,0.9135416666666667,0.9492283597259118
344,-181.60000000000002,-236.92898999316083,0.4696545175327063,0.6263857996684111,0.9634368437072497,0.9065104166666667,0.949596029104626
345,-170.25000000000003,-236.92898999316083,0.4636773686041707,0.6251059950523996,0.9642574868523471,0.897265625,0.9496581014475903
346,-158.90000000000003,-236.92898999316083,0.45862345716122543,0.6238314002809472,0.9650500870820049,0.88828125,0.9519214402868549
347,-147.55,-236.92898999316083,0.45523791333658536,0.6225707973913973,0.9658116309119649,0.8810546875,0.9548894800181382
348,-136.20000000000002,-236.92898999316083,0.45341669053047223,0.6213339630828385,0.9665388780743295,0.8770182291666667,0.9574884527279149
349,-124.85000000000002,-236.92898999316083,0.4528836687351921,0.6201315876684068,0.9672283720912271,0.8741536458333333,0.9607921360150526
350,-113.50000000000001,-236.92898999316083,0.4539501220608877,0.6189751500350619,0.9678764619154516,0.875,0.9626087716031512
351,-102.15,-236.92898999316083,0.4563336503816552,0.6178767453322112,0.9684793372389693,0.8763671875,0.9662766370948538
352,-90.80000000000001,-236.92898999316083,0.45851556586124,0.6168488626246856,0.969033079869554,0.88046875,0.9660136805625114
353,-79.45000000000002,-236.92898999316083,0.4649164270913184,0.6159041114332164,0.9695337329467987,0.8909505208333334,0.9663673780023103
354,-68.10000000000001,-236.92898999316083,0.47130144388974615,0.6150548998880179,0.969977388591822,0.9037109375,0.9636499140929888
355,-56.75000000000001,-236.92898999316083,0.48271519900651594,0.6143130733036698,0.9703602928018139,0.9240234375,0.9622902930561875
356,-45.400000000000006,-236.92898999316083,0.4900334216958529,0.6136895292438911,0.9706789640748918,0.9460286458333333,0.9519119026895112
357,-34.050000000000004,-236.92898999316083,0.4969662435385269,0.6131938314964683,0.9709303196222603,0.9671223958333334,0.9427403811996337
358,-22.700000000000003,-236.92898999316083,0.5005880465965268,0.6128338488056994,0.9711118005281334,0.9825520833333333,0.9345387117980403
359,-11.350000000000001,-236.92898999316083,0.502929814519119,0.6126154438668246,0.9712214854347606,0.9913411458333333,0.9305772886240607
360,0.0,-236.92898999316083,0.5032750974353565,0.6125422345511259,0.9712581818529016,0.9929036458333333,0.9302597009098377
361,11.350000000000001,-236.92898999316083,0.5016561525170948,0.6126154438668248,0.9712214854347606,0.9907552083333333,0.9289953144578582
362,22.700000000000003,-236.92898999316083,0.4981990504983485,0.6128338488056994,0.9711118005281334,0.9835286458333333,0.9295075484632941
363,34.050000000000004,-236.92898999316083,0.4926793570450689,0.6131938314964683,0.9709303196222603,0.9661458333333334,0.9361730330997758
364,45.400000000000006,-236.92898999316083,0.48657798795283064,0.6136895292438911,0.9706789640748918,0.9449869791666666,0.9470881631517474
365,56.75000000000001,-236.92898999316083,0.47848623262977374,0.6143130733036698,0.9703602928018139,0.9227213541666667,0.9563853123938716
366,68.10000000000001,-236.92898999316083,0.47019689182370145,0.6150548998880179,0.969977388591822,0.9036458333333334,0.9621548763129494
367,79.45000000000002,-236.92898999316083,0.46518963419962006,0.6159041114332164,0.9695337329467987,0.890625,0.9678801394686424
368,90.80000000000001,-236.92898999316083,0.4597963672165637,0.6168488626246855,0.969033079869554,0.8819010416666667,0.967174731998968
369,102.15,-236.92898999316083,0.45566448671744797,0.617876745332211,0.9684793372389693,0.8764973958333333,0.9651417955796295
370,113.50000000000001,-236.92898999316083,0.4537905788485215,0.6189751500350619,0.9678764619154516,0.87421875,0.9634318244550494
371,124.85000000000002,-236.92898999316083,0.4542815282904009,0.6201315876684068,0.9672283720912271,0.875,0.9623761806606892
372,136.20000000000002,-236.92898999316083,0.45456068108803527,0.6213339630828385,0.9665388780743295,0.8767578125,0.959754806931887
373,147.55,-236.92898999316083,0.4572121814022194,0.6225707973913973,0.9658116309119649,0.88203125,0.9572435947842409
374,158.90000000000003,-236.92898999316083,0.45965919089612045,0.6238314002809473,0.9650500870820049,0.8879557291666667,0.9539174814017028
375,170.25000000000003,-236.92898999316083,0.4641142783569935,0.6251059950523995,0.9642574868523471,0.8966145833333333,0.9511116500136609
376,181.60000000000002,-236.92898999316083,0.4695942508941161,0.6263857996684111,0.9634368437072497,0.9054036458333333,0.9515757440064271
377,192.95000000000002,-236.92898999316083,0.47476351570992165,0.6276630673970922,0.9625909423324539,0.9139322916666667,0.9507464940964158
378,204.3,-236.92898999316083,0.47704424536247536,0.628931091252116,0.9617223429171543,0.9166666666666666,0.9514110834244358
379,215.65000000000003,-236.92898999316083,0.4792270460757461,0.6301841773246887,0.9608333898771023,0.9174479166666667,0.952992657066293
380,227.00000000000003,-236.92898999316083,0.4771155553511921,0.6314175929669368,0.9599262234655582,0.9112630208333333,0.9549935619582848
381,238.35000000000002,-236.92898999316083,0.47327008907652884,0.6326274962901836,0.9590027930784315,0.9015625,0.957655468517846
382,249.70000000000005,-236.92898999316083,0.46655067417110957,0.6338108534128012,0.9580648713567617,0.8873697916666666,0.9609219152998956
383,-255.375,-227.09960166020744,0.46812858436307986,0.6397636945140999,0.9581508702778566,0.8803385416666667,0.9645939829935714
384,-244.02500000000003,-227.09960166020744,0.4777389298217905,0.6386974495568882,0.9591138336245991,0.8955729166666667,0.9638562118288576
385,-232.675,-227.09960166020744,0.48546791527934835,0.6376034755055785,0.9600638983598134,0.9110677083333333,0.9610984790837022
386,-221.32500000000002,-227.09960166020744,0.4901084078249273,0.6364840011863848,0.9609993808103978,0.923828125,0.9560870490782393
387,-209.97500000000002,-227.09960166020744,0.49223809309801325,0.6353419863834334,0.9619184179388042,0.9317057291666667,0.9520766946218523
388,-198.625,-227.09960166020744,0.490871695518479,0.6341812179632641,0.962818950231492,0.9319661458333334,0.950004235267119
389,-187.275,-227.09960166020744,0.4865119652442294,0.6330063991864215,0.9636987044929909,0.9268880208333333,0.9482406391490183
390,-175.925,-227.09960166020744,0.4803316945970463,0.6318232249804446,0.9645551772926969,0.9188151041666667,0.9471321874683435
391,-164.57500000000002,-227.09960166020744,0.4759031686608262,0.6306384350064701,0.9653856201278386,0.9110026041666667,0.9487510938441832
392,-153.22500000000002,-227.09960166020744,0.471602660040877,0.6294598360923175,0.9661870277558454,0.903515625,0.9498446881818284
393,-141.875,-227.09960166020744,0.46832009380857814,0.6282962861931615,0.966956131606537,0.8964192708333333,0.9529390935791182
394,-130.525,-227.09960166020744,0.46693753632167956,0.6271576334285354,0.967689400684536,0.8920572916666667,0.9564517518460257
395,-119.17500000000003,-227.09960166020744,0.46737765436631296,0.6260546056458779,0.9683830528639059,0.890625,0.9596855122800546
396,-107.82500000000002,-227.09960166020744,0.4685598012766856,0.6249986479923468,0.969033079869554,0.8907552083333333,0.9623585841033108
397,-96.47500000000001,-227.09960166020744,0.47145276839458666,0.6240017079555776,0.9696352893983328,0.8929036458333334,0.965945298998161
398,-85.12500000000001,-227.09960166020744,0.4752570081134368,0.6230759695633323,0.9701853675764643,0.8995442708333333,0.9653797109962957
399,-73.77500000000002,-227.09960166020744,0.48008370705081216,0.6222335416622962,0.9706789640748918,0.9099609375,0.9627940047152737
400,-62.42500000000001,-227.09960166020744,0.48638576146248363,0.621486110061626,0.9711118005281334,0.9232421875,0.9592517843712628
401,-51.075,-227.09960166020744,0.4933037474950939,0.6208445694816386,0.9714798003457825,0.9412109375,0.9522108264955125
402,-39.72500000000001,-227.09960166020744,0.49920427352674474,0.6203186569234392,0.9717792346896341,0.962890625,0.9400227482068026
403,-28.375000000000004,-227.09960166020744,0.5042443348696357,0.6199166107531262,0.9720068757233467,0.9822916666666667,0.929695990764439
404,-17.025000000000002,-227.09960166020744,0.5073534137886511,0.6196448778481314,0.9721601449393948,0.9938151041666666,0.9246553549910737
405,-5.675000000000001,-227.09960166020744,0.5078856628344208,0.6195078852146911,0.9722372423395028,0.996875,0.9227701203460988
406,5.675000000000001,-227.09960166020744,0.5062760771832006,0.6195078852146911,0.9722372423395028,0.9968098958333333,0.919830279825549
407,17.025000000000002,-227.09960166020744,0.504871858193075,0.6196448778481314,0.9721601449393948,0.9940104166666667,0.9202797950740683
408,28.375000000000004,-227.09960166020744,0.5016835093644444,0.6199166107531262,0.9720068757233467,0.982421875,0.9253606816324054
409,39.72500000000001,-227.09960166020744,0.49541444499923115,0.6203186569234391,0.9717792346896341,0.9622395833333334,0.9337753715337826
410,51.075,-227.09960166020744,0.4897892913324052,0.6208445694816387,0.9714798003457825,0.9408203125,0.9464007939133768
411,62.42500000000001,-227.09960166020744,0.48477585950711755,0.6214861100616259,0.9711118005281334,0.9231119791666667,0.9569615524371675
412,73.775,-227.09960166020744,0.4803697620844034,0.6222335416622962,0.9706789640748918,0.9102864583333333,0.9635536725541682
413,85.12500000000001,-227.09960166020744,0.4744043810063084,0.6230759695633322,0.9701853675764643,0.8983723958333333,0.9656033360099322
414,96.47500000000001,-227.09960166020744,0.4707833898438747,0.6240017079555776,0.9696352893983328,0.8926432291666667,0.9649481576365175
415,107.825,-227.09960166020744,0.4688326348192556,0.6249986479923468,0.969033079869554,0.8904947916666667,0.963549048366192
416,119.17500000000001,-227.09960166020744,0.4679482936524854,0.626054605645878,0.9683830528639059,0.8901041666666667,0.961833502955015
417,130.52500000000003,-227.09960166020744,0.4686385118555563,0.6271576334285353,0.967689400684536,0.8923828125,0.9593614803424608
418,141.87500000000003,-227.09960166020744,0.47071287649472277,0.6282962861931615,0.966956131606537,0.8973307291666667,0.956100028238604
419,153.22500000000002,-227.09960166020744,0.4731295459878964,0.6294598360923176,0.9661870277558454,0.9027994791666667,0.9536229963834157
420,164.57500000000005,-227.09960166020744,0.4772678230526686,0.63063843500647,0.9653856201278386,0.9110026041666667,0.9510654875760368
421,175.92500000000004,-227.09960166020744,0.48176661055438114,0.6318232249804449,0.9645551772926969,0.9180989583333333,0.9515417014918767
422,187.27500000000003,-227.09960166020744,0.48700064264275295,0.6330063991864215,0.9636987044929909,0.926171875,0.9510596538162248
423,198.62500000000003,-227.09960166020744,0.4908967636406088,0.6341812179632641,0.962818950231492,0.9315755208333333,0.9512302012595982
424,209.97500000000002,-227.09960166020744,0.4918306677946585,0.6353419863834334,0.9619184179388042,0.9313151041666666,0.9522939260707728
425,221.32500000000005,-227.09960166020744,0.4909251094953643,0.6364840011863848,0.9609993808103978,0.9241536458333334,0.9575917874829473
426,232.67500000000004,-227.09960166020744,0.48518752772322976,0.6376034755055785,0.9600638983598134,0.9106770833333333,0.9617108000032722
427,244.02500000000003,-227.09960166020744,0.4766987706495447,0.638697449556888,0.9591138336245991,0.8947916666666667,0.9638288779446488
428,255.37500000000006,-227.09960166020744,0.46779710951950815,0.6397636945141,0.9581508702778566,0.8792317708333334,0.9656105439643127
429,-272.40000000000003,-217.27021332725406,0.46487442307504184,0.6466971112246042,0.9571973780383088,0.866796875,0.9642498535785132
430,-261.05,-217.27021332725406,0.4673862281564399,0.6457914773063972,0.9581939635320471,0.870703125,0.9660953801396872
431,-249.70000000000005,-217.27021332725406,0.47697843754072794,0.6448577336307032,0.9591806628615983,0.883984375,0.9672558091867596
432,-238.35000000000002,-217.27021332725406,0.4868243844458444,0.6438968774420811,0.9601560550973944,0.9009765625,0.9660288348113952
433,-227.00000000000003,-217.27021332725406,0.4969879028376872,0.6429104396119397,0.9611185590180038,0.9196614583333333,0.9634920876107735
434,-215.65000000000003,-217.27021332725406,0.50306573595152,0.641900581718645,0.9620664148516603,0.934765625,0.9582383549228399
435,-204.3,-217.27021332725406,0.503955844600346,0.6408701971731663,0.962997664711667,0.9447265625,0.9496589473199205
436,-192.95000000000002,-217.27021332725406,0.5026234870207458,0.6398230113792395,0.963910132043081,0.9447265625,0.9482860795707316
437,-181.60000000000002,-217.27021332725406,0.4971885379715571,0.6387636739593812,0.9648014006240454,0.9376953125,0.9471829020371441
438,-170.25000000000003,-217.27021332725406,0.4922683479462133,0.6376978341786769,0.9656687939733378,0.9311848958333333,0.9460820147336176
439,-158.90000000000003,-217.27021332725406,0.4877376338269305,0.6366321892357654,0.9665093564214122,0.9240885416666667,0.9466825473568646
440,-147.55,-217.27021332725406,0.48385102370859884,0.6355744945168478,0.967319837615804,0.9177083333333333,0.9467792792648886
441,-136.20000000000002,-217.27021332725406,0.48054914856481895,0.6345335256282457,0.9680966828499394,0.9120442708333333,0.9482895147582355
442,-124.85000000000002,-217.27021332725406,0.4789063589811041,0.6335189842307746,0.9688360322987732,0.9065755208333334,0.952002646019062
443,-113.50000000000001,-217.27021332725406,0.4803628864819649,0.6325413432646868,0.9695337329467987,0.9055338541666667,0.9564213360665641
444,-102.15,-217.27021332725406,0.48287793448606653,0.6316116316690693,0.9701853675764643,0.9065104166666667,0.9604023329220908
445,-90.80000000000001,-217.27021332725406,0.4863078325137216,0.6307411637292415,0.9707863054475483,0.9102864583333333,0.9623527981182816
446,-79.45000000000002,-217.27021332725406,0.49055396780888944,0.629941223555974,0.9713317789674747,0.9178385416666667,0.9616344757523726
447,-68.10000000000001,-217.27021332725406,0.49349840628269653,0.6292227209631325,0.9718169894133567,0.9291666666666667,0.9544879090978183
448,-56.75000000000001,-217.27021332725406,0.4974326294514466,0.6285958408357548,0.9722372423395028,0.94140625,0.948285640315105
449,-45.400000000000006,-217.27021332725406,0.502043409594966,0.6280697124186213,0.9725881095817431,0.9590494791666667,0.9374833153325024
450,-34.050000000000004,-217.27021332725406,0.5065035443527438,0.6276521249793319,0.9728656099850195,0.9793619791666667,0.925013813660771
451,-22.700000000000003,-217.27021332725406,0.5093740031960434,0.6273493094870927,0.9730663958435103,0.9945963541666667,0.9153740970039149
452,-11.350000000000001,-217.27021332725406,0.5108414069393014,0.6271657926825484,0.9731879277396657,0.9988932291666667,0.9142106560508539
453,0.0,-217.27021332725406,0.5108705894490593,0.6271043148391237,0.9732286184213537,0.9990885416666667,0.9145240047188177
454,11.350000000000001,-217.27021332725406,0.5089370898525866,0.6271657926825486,0.9731879277396657,0.9986328125,0.9110045246203737
455,22.700000000000003,-217.27021332725406,0.5086491152816406,0.6273493094870928,0.9730663958435103,0.9947265625,0.9145044359825582
456,34.050000000000004,-217.27021332725406,0.5040200911730045,0.6276521249793318,0.9728656099850195,0.9795572916666667,0.9201878980160838
457,45.400000000000006,-217.27021332725406,0.4999073825104947,0.6280697124186214,0.9725881095817431,0.9593098958333334,0.9332831005849933
458,56.75000000000001,-217.27021332725406,0.4949413903141965,0.6285958408357549,0.9722372423395028,0.9417317708333334,0.9433906655402889
459,68.10000000000001,-217.27021332725406,0.4931479472582737,0.6292227209631325,0.9718169894133567,0.9286458333333333,0.9550006477470137
460,79.45000000000002,-217.27021332725406,0.4906231275681304,0.6299412235559738,0.9713317789674747,0.91796875,0.9619645780250677
461,90.80000000000001,-217.27021332725406,0.48758574056327025,0.6307411637292415,0.9707863054475483,0.9104817708333334,0.9646842416461969
462,102.15,-217.27021332725406,0.48375177317734874,0.6316116316690693,0.9701853675764643,0.9057291666666667,0.9629756687372372
463,113.50000000000001,-217.27021332725406,0.48226739462717727,0.6325413432646868,0.9695337329467987,0.905078125,0.9607857890939588
464,124.85000000000002,-217.27021332725406,0.4818357065547802,0.6335189842307746,0.9688360322987732,0.9071614583333333,0.9567495181049434
465,136.20000000000002,-217.27021332725406,0.4838254907621309,0.6345335256282458,0.9680966828499394,0.9121744791666667,0.9538741287954474
466,147.55,-217.27021332725406,0.48717270171427496,0.6355744945168477,0.967319837615804,0.91875,0.9516335011746534
467,158.90000000000003,-217.27021332725406,0.48949298866796465,0.6366321892357656,0.9665093564214122,0.9237630208333333,0.9503168724175013
468,170.25000000000003,-217.27021332725406,0.4938415822840182,0.637697834178677,0.9656687939733378,0.9304036458333333,0.9507003601135532
469,181.60000000000002,-217.27021332725406,0.4986175384166925,0.638763673959381,0.9648014006240454,0.9377604166666667,0.9502407182415866
470,192.95000000000002,-217.27021332725406,0.503546996333562,0.6398230113792397,0.963910132043081,0.9444661458333333,0.9501624477235725
471,204.3,-217.27021332725406,0.5048979615671699,0.6408701971731662,0.962997664711667,0.9436848958333334,0.9530905556537204
472,215.65000000000003,-217.27021332725406,0.5021428736340002,0.641900581718645,0.9620664148516603,0.9348958333333334,0.956929184333305
473,227.00000000000003,-217.27021332725406,0.49547752572082343,0.6429104396119396,0.9611185590180038,0.9184244791666667,0.9631100881172749
474,238.35000000000002,-217.27021332725406,0.4862460637159265,0.6438968774420809,0.9601560550973944,0.9013671875,0.965349033611987
475,249.70000000000005,-217.27021332725406,0.4769385117515284,0.6448577336307032,0.9591806628615983,0.8848958333333333,0.9664680281037099
476,261.05,-217.27021332725406,0.4660135500356725,0.6457914773063972,0.9581939635320471,0.8693359375,0.9659413379534547
477,272.40000000000003,-217.27021332725406,0.46442548073280737,0.6466971112246042,0.9571973780383088,0.8671223958333333,0.9636733784185201
478,-278.07500000000005,-207.44082499430067,0.4517493873514384,0.6526314730007718,0.9571765291451935,0.8372395833333334,0.9662986058306176
479,-266.725,-207.44082499430067,0.4620779842757424,0.6518692631812534,0.9581939635320471,0.8507161458333333,0.9671759748457547
480,-255.375,-207.44082499430067,0.4740283123254797,0.6510818526521158,0.9592029736381618,0.8696614583333333,0.9677866200740809
481,-244.02500000000003,-207.44082499430067,0.4854530603970876,0.6502698105198724,0.9602022464981828,0.8882161458333333,0.9682896765758608
482,-232.675,-207.44082499430067,0.49662810843124655,0.6494341367078345,0.9611903141279383,0.9071614583333333,0.9671704695747585
483,-221.32500000000002,-207.44082499430067,0.5068725398375048,0.6485763517899218,0.9621655341192633,0.9256510416666667,0.9649757534976391
484,-209.97500000000002,-207.44082499430067,0.5121525670803467,0.6476985943517025,0.9631260682934761,0.9423828125,0.956730661098991
485,-198.625,-207.44082499430067,0.5142118090494489,0.6468037221995814,0.9640698595312519,0.9538411458333333,0.9482678721681189
486,-187.275,-207.44082499430067,0.5124677786994656,0.6458954115557713,0.964994607082637,0.9544270833333334,0.9458113393417868
487,-175.925,-207.44082499430067,0.5086761107507672,0.644978245843664,0.9658977409329457,0.9490885416666667,0.9457277785389415
488,-164.57500000000002,-207.44082499430067,0.5038231729778029,0.6440577830805048,0.9667763961838252,0.9429036458333333,0.9440804008304184
489,-153.22500000000002,-207.44082499430067,0.49897941847213034,0.6431405887630537,0.9676273889292228,0.937109375,0.9425685105382271
490,-141.875,-207.44082499430067,0.49520857175721333,0.6422342201641348,0.9684471957844782,0.9322265625,0.9417679719434477
491,-130.525,-207.44082499430067,0.4930901531620161,0.6413471489366919,0.9692319400663167,0.9266927083333333,0.9442054967215239
492,-119.17500000000003,-207.44082499430067,0.49262967007063746,0.6404886124834132,0.969977388591822,0.9222005208333334,0.9486067055915711
493,-107.82500000000002,-207.44082499430067,0.4928686718344897,0.6396683909270637,0.9706789640748918,0.9197265625,0.9519860610016561
494,-96.47500000000001,-207.44082499430067,0.49572548772121233,0.6388965153878226,0.9713317789674747,0.921484375,0.9551310538014269
495,-85.12500000000001,-207.44082499430067,0.49933289676290327,0.6381829238137373,0.9719306970215418,0.9261067708333334,0.9564274116489091
496,-73.77500000000002,-207.44082499430067,0.5030360527108712,0.6375370916278462,0.9724704284146825,0.9354166666666667,0.9527254613125182
497,-62.42500000000001,-207.44082499430067,0.5034236977478382,0.6369676742746522,0.9729456624930396,0.9452473958333333,0.9419209025193443
498,-51.075,-207.44082499430067,0.5061166586508113,0.6364822046465767,0.9733512386060784,0.9583984375,0.9331882822274583
499,-39.72500000000001,-207.44082499430067,0.508416565699497,0.636086886195509,0.9736823500010557,0.9763020833333333,0.919117023187797
500,-28.375000000000004,-207.44082499430067,0.5094943340325085,0.6357865079418744,0.9739347687619717,0.9927083333333333,0.9052968338181778
501,-17.025000000000002,-207.44082499430067,0.5113071027661786,0.6355844796827018,0.9741050725719584,0.9995442708333333,0.9023007730760289
502,-5.675000000000001,-207.44082499430067,0.5122307399935252,0.6354829510720689,0.9741908486371198,0.9996744791666666,0.9038188308920406
503,5.675000000000001,-207.44082499430067,0.511170815677627,0.6354829510720688,0.9741908486371198,0.9998046875,0.9016135620915032
504,17.025000000000002,-207.44082499430067,0.511094884004226,0.6355844796827018,0.9741050725719584,0.9994791666666667,0.9021584928273996
505,28.375000000000004,-207.44082499430067,0.5092759372828427,0.6357865079418743,0.9739347687619717,0.9924479166666667,0.9055683227766198
506,39.72500000000001,-207.44082499430067,0.5061720054808622,0.6360868861955091,0.9736823500010557,0.9762369791666666,0.9152647146018692
507,51.075,-207.44082499430067,0.5033662124754817,0.6364822046465768,0.9733512386060784,0.9583984375,0.9282218086811421
508,62.42500000000001,-207.44082499430067,0.5018699949897718,0.6369676742746521,0.9729456624930396,0.9453776041666667,0.939380199186911
509,73.775,-207.44082499430067,0.5032293745510331,0.6375370916278461,0.9724704284146825,0.9358072916666667,0.9531450363532741
510,85.12500000000001,-207.44082499430067,0.5002141388185234,0.6381829238137373,0.9719306970215418,0.9264973958333333,0.9578387313601403
511,96.47500000000001,-207.44082499430067,0.49726925664790317,0.6388965153878224,0.9713317789674747,0.9212239583333334,0.9578978560188645
512,107.825,-207.44082499430067,0.495908816224614,0.6396683909270637,0.9706789640748918,0.9203776041666667,0.9567918188916963
513,119.17500000000001,-207.44082499430067,0.49600186319733364,0.6404886124834133,0.969977388591822,0.9223958333333333,0.954444185564542
514,130.52500000000003,-207.44082499430067,0.49720943948489593,0.6413471489366919,0.9692319400663167,0.9263671875,0.9517948634160244
515,141.87500000000003,-207.44082499430067,0.4990750230833091,0.6422342201641347,0.9684471957844782,0.9309895833333334,0.9498311376827234
516,153.22500000000002,-207.44082499430067,0.5016431218364831,0.6431405887630537,0.9676273889292228,0.9363932291666667,0.9477484645206103
517,164.57500000000005,-207.44082499430067,0.5056129295779388,0.6440577830805044,0.9667763961838252,0.9428385416666667,0.9482903843675169
518,175.92500000000004,-207.44082499430067,0.5091616846327632,0.6449782458436641,0.9658977409329457,0.9485026041666667,0.9475976960856012
519,187.27500000000003,-207.44082499430067,0.5130419700373895,0.6458954115557713,0.964994607082637,0.9535807291666667,0.947635388172477
520,198.62500000000003,-207.44082499430067,0.5162947846612751,0.6468037221995812,0.9640698595312519,0.9532552083333333,0.9526060798274314
521,209.97500000000002,-207.44082499430067,0.5129220078553814,0.6476985943517025,0.9631260682934761,0.9427734375,0.9577899456827896
522,221.32500000000005,-207.44082499430067,0.5044477865856078,0.6485763517899216,0.9621655341192633,0.9250651041666667,0.9622913946607495
523,232.67500000000004,-207.44082499430067,0.4959656423888357,0.6494341367078346,0.9611903141279383,0.9078776041666666,0.9660573034157998
524,244.02500000000003,-207.44082499430067,0.48391926354844256,0.6502698105198725,0.9602022464981828,0.8884765625,0.9661229221712822
525,255.37500000000006,-207.44082499430067,0.47216080002523636,0.6510818526521159,0.9592029736381618,0.8688151041666666,0.9663175161607185
526,266.725,-207.44082499430067,0.4601799362846977,0.651869263181253,0.9581939635320471,0.8497395833333333,0.9652685026452301
527,278.07500000000005,-207.44082499430067,0.4505442585276732,0.6526314730007718,0.9571765291451935,0.8378255208333333,0.964455667782142
528,-283.75000000000006,-197.61143666134728,0.44510979999448025,0.6585800123018236,0.9571140684363972,0.8211588541666667,0.9629336123882806
529,-272.40000000000003,-197.61143666134728,0.45421626615132815,0.6579714825489115,0.9581508702778566,0.8309895833333333,0.9649724527857757
530,-261.05,-197.61143666134728,0.4673289701186393,0.6573422918158109,0.9591806628615983,0.8510416666666667,0.9669311752180365
531,-249.70000000000005,-197.61143666134728,0.48014970973302773,0.6566927838918918,0.9602022464981828,0.8697916666666666,0.9692199581426224
532,-238.35000000000002,-197.61143666134728,0.4923170808640309,0.6560236411785874,0.9612142741550046,0.8887369791666667,0.9696477031224482
533,-227.00000000000003,-197.61143666134728,0.5044847641862761,0.6553359622602587,0.9622152315254344,0.9107421875,0.9668397732237425
534,-215.65000000000003,-197.61143666134728,0.5143445913701126,0.6546313484770688,0.9632034146361971,0.9296223958333333,0.963624771191153
535,-204.3,-197.61143666134728,0.5202987453580002,0.6539119971318016,0.9641769049119039,0.948046875,0.9549564318433474
536,-192.95000000000002,-197.61143666134728,0.5222525429850979,0.6531807968950601,0.9651335417476047,0.9582682291666667,0.9476807371251863
537,-181.60000000000002,-197.61143666134728,0.5209040459584745,0.6524414182558828,0.9660708928525013,0.959375,0.9448297994629601
538,-170.25000000000003,-197.61143666134728,0.517994136094527,0.6516983885986228,0.9669862229526716,0.958203125,0.9419643176728821
539,-158.90000000000003,-197.61143666134728,0.5130998027526416,0.6509571380161127,0.9678764619154516,0.9533203125,0.9393211319423735
540,-147.55,-197.61143666134728,0.5088595127461994,0.6502239989818329,0.9687381740256312,0.9492838541666667,0.9362484107645042
541,-136.20000000000002,-197.61143666134728,0.5055220989909863,0.649506141579059,0.969567531041177,0.944140625,0.9358618614633519
542,-124.85000000000002,-197.61143666134728,0.5042014489585651,0.648811427509398,0.9703602928018139,0.9393229166666667,0.9388689719137687
543,-113.50000000000001,-197.61143666134728,0.5030477184538972,0.648148171993529,0.9711118005281334,0.9352213541666666,0.9407876331111837
544,-102.15,-197.61143666134728,0.5046305131282876,0.6475248139143768,0.9718169894133567,0.9330078125,0.9457846400940818
545,-90.80000000000001,-197.61143666134728,0.5069464794304708,0.6469495111410349,0.9724704284146825,0.9353515625,0.9468764035285006
546,-79.45000000000002,-197.61143666134728,0.510976330938444,0.6464296984632084,0.9730663958435103,0.94140625,0.9471408966519091
547,-68.10000000000001,-197.61143666134728,0.5119400516431039,0.6459716666667643,0.9735989987745857,0.9498697916666666,0.9398435743542458
548,-56.75000000000001,-197.61143666134728,0.5113712707410264,0.6455802373976209,0.9740623416544948,0.9613932291666667,0.9263774964296618
549,-45.400000000000006,-197.61143666134728,0.5095551958995942,0.645258611423428,0.9744507441084077,0.9747395833333333,0.9094590585862985
550,-34.050000000000004,-197.61143666134728,0.5110108311098561,0.6450084482224858,0.9747589996655459,0.9896484375,0.8979281678295714
551,-22.700000000000003,-197.61143666134728,0.5103052614701472,0.6448301865349072,0.9749826568318695,0.9986328125,0.8884515318383204
552,-11.350000000000001,-197.61143666134728,0.5107152782253491,0.6447235443025278,0.9751182938800598,0.9998697916666667,0.8877542650918635
553,0.0,-197.61143666134728,0.5132961863285707,0.6446880653786035,0.9751637522485354,0.9998046875,0.892625102124183
554,11.350000000000001,-197.61143666134728,0.5110083100843356,0.6447235443025277,0.9751182938800598,0.9999348958333333,0.8886031964869281
555,22.700000000000003,-197.61143666134728,0.5117446462882663,0.6448301865349073,0.9749826568318695,0.9987630208333333,0.8910627184901739
556,34.050000000000004,-197.61143666134728,0.5093418131045029,0.6450084482224858,0.9747589996655459,0.9905598958333334,0.8946918983287819
557,45.400000000000006,-197.61143666134728,0.5085787851090706,0.645258611423428,0.9744507441084077,0.975,0.9081637871059826
558,56.75000000000001,-197.61143666134728,0.5088521598762056,0.6455802373976208,0.9740623416544948,0.9610026041666667,0.9227744735221883
559,68.10000000000001,-197.61143666134728,0.5100397857788401,0.6459716666667642,0.9735989987745857,0.9503255208333333,0.936503768751221
560,79.45000000000002,-197.61143666134728,0.5100043956536674,0.6464296984632084,0.9730663958435103,0.9425130208333333,0.9444955209229768
561,90.80000000000001,-197.61143666134728,0.5078304432737576,0.6469495111410349,0.9724704284146825,0.9350260416666667,0.9484920881347535
562,102.15,-197.61143666134728,0.5062214671834421,0.6475248139143768,0.9718169894133567,0.93359375,0.9476488112706051
563,113.50000000000001,-197.61143666134728,0.5058584202641639,0.6481481719935289,0.9711118005281334,0.9354817708333333,0.945181774385421
564,124.85000000000002,-197.61143666134728,0.5079996207309575,0.6488114275093982,0.9703602928018139,0.9391276041666666,0.9450824057735541
565,136.20000000000002,-197.61143666134728,0.5104385559553528,0.6495061415790592,0.969567531041177,0.944140625,0.944276760038339
566,147.55,-197.61143666134728,0.5125982622496409,0.6502239989818328,0.9687381740256312,0.9479166666666666,0.9435802454994798
567,158.90000000000003,-197.61143666134728,0.5168876237903309,0.6509571380161125,0.9678764619154516,0.953125,0.9462458223081536
568,170.25000000000003,-197.61143666134728,0.5194036349819947,0.651698388598623,0.9669862229526716,0.9572916666666667,0.9452697735145528
569,181.60000000000002,-197.61143666134728,0.5221860288485307,0.6524414182558826,0.9660708928525013,0.9590494791666667,0.9474031906209109
570,192.95000000000002,-197.61143666134728,0.5246888744741777,0.6531807968950601,0.9651335417476047,0.9587890625,0.9514399316820616
571,204.3,-197.61143666134728,0.521237387633383,0.6539119971318017,0.9641769049119039,0.9483723958333333,0.956134698692049
572,215.65000000000003,-197.61143666134728,0.5127125923690653,0.6546313484770688,0.9632034146361971,0.9302083333333333,0.9608390555291616
573,227.00000000000003,-197.61143666134728,0.5021277944015006,0.6553359622602587,0.9622152315254344,0.9098307291666666,0.9649583424181841
574,238.35000000000002,-197.61143666134728,0.4912436442803161,0.6560236411785874,0.9612142741550046,0.890234375,0.9671230435195444
575,249.70000000000005,-197.61143666134728,0.4789441748091893,0.6566927838918918,0.9602022464981828,0.8707682291666666,0.9663685974351447
576,261.05,-197.61143666134728,0.46655594044365306,0.6573422918158109,0.9591806628615983,0.8508463541666667,0.9660120019720246
577,272.40000000000003,-197.61143666134728,0.45536373046888656,0.6579714825489114,0.9581508702778566,0.8338541666666667,0.9643043010226131
578,283.75000000000006,-197.61143666134728,0.44569247736961215,0.6585800123018237,0.9571140684363972,0.8225260416666667,0.9624645119735894
579,-289.425,-187.78204832839393,0.4398482761587095,0.6645192140610213,0.957010252251125,0.8073567708333333,0.9586397665198612
580,-278.07500000000005,-187.78204832839393,0.44822414053248877,0.6640725130379301,0.9580648713567617,0.8154296875,0.9611213254569346
581,-266.725,-187.78204832839393,0.45885910250252204,0.6636111820516101,0.9591138336245991,0.8315104166666667,0.9628225220384506
582,-255.375,-187.78204832839393,0.4717320450898796,0.6631355587009096,0.9601560550973944,0.8498046875,0.9662119132668537
583,-244.02500000000003,-187.78204832839393,0.4845032809706821,0.662646249003008,0.9611903141279383,0.8685546875,0.9680109126354854
584,-232.675,-187.78204832839393,0.49688852045505494,0.6621441908432746,0.9622152315254344,0.8880859375,0.9679393503123381
585,-221.32500000000002,-187.78204832839393,0.5099021030287615,0.6616307260534063,0.9632292478607526,0.9108723958333333,0.9657850888217243
586,-209.97500000000002,-187.78204832839393,0.519404415233449,0.6611076796693873,0.9642305976685891,0.9310546875,0.9606124385277058
587,-198.625,-187.78204832839393,0.5267272779871187,0.6605774431371807,0.9652172803550182,0.9509765625,0.9523814688482074
588,-187.275,-187.78204832839393,0.5280489335518959,0.6600430556616286,0.9661870277558454,0.9598958333333333,0.9456668379076888
589,-175.925,-187.78204832839393,0.5270484725986364,0.659508274437769,0.9671372685285253,0.9622395833333334,0.9417208682252414
590,-164.57500000000002,-187.78204832839393,0.5248720159147798,0.6589776202408276,0.9680650899425847,0.9633463541666667,0.9369570621664286
591,-153.22500000000002,-187.78204832839393,0.5222188070520918,0.6584563801922894,0.9689671982182854,0.9626302083333333,0.9338508767074516
592,-141.875,-187.78204832839393,0.5185284456892603,0.6579505454072765,0.9698398794168257,0.9594401041666667,0.9304453279043968
593,-130.525,-187.78204832839393,0.5153114848126148,0.6574666593093991,0.9706789640748918,0.95546875,0.9289417361195257
594,-119.17500000000003,-187.78204832839393,0.5140487051249536,0.6570115550450015,0.9714798003457825,0.9506510416666667,0.9315266046601715
595,-107.82500000000002,-187.78204832839393,0.513690590745482,0.6565919704360664,0.9722372423395028,0.9462890625,0.9344188416447959
596,-96.47500000000001,-187.78204832839393,0.5148647352721751,0.6562140487293057,0.9729456624930396,0.946484375,0.9353139845781262
597,-85.12500000000001,-187.78204832839393,0.5163612415799995,0.6558827638478854,0.9735989987745858,0.9490885416666667,0.9348773585208113
598,-73.77500000000002,-187.78204832839393,0.5172552595413381,0.6556013474412455,0.9741908486371198,0.9537760416666666,0.9309483146608727
599,-62.42500000000001,-187.78204832839393,0.5152079631757019,0.6553708341237462,0.9747146208373961,0.9633463541666667,0.9171262140678744
600,-51.075,-187.78204832839393,0.5113488599518845,0.6551898667007526,0.9751637522485354,0.9751302083333333,0.8985233210801841
601,-39.72500000000001,-187.78204832839393,0.509774403505526,0.6550548948024376,0.9755319885364598,0.9872395833333333,0.8843697006644559
602,-28.375000000000004,-187.78204832839393,0.5084173255760747,0.6549608382108385,0.9758137149259771,0.9977864583333333,0.8726631753062116
603,-17.025000000000002,-187.78204832839393,0.5075716589411142,0.6549021645504107,0.9760043080051873,0.9994140625,0.8693580970806959
604,-5.675000000000001,-187.78204832839393,0.507065660066557,0.6548741761539473,0.9761004656870342,1.0,0.8675130208333334
605,5.675000000000001,-187.78204832839393,0.5083574118222949,0.6548741761539474,0.9761004656870342,1.0,0.8697916666666666
606,17.025000000000002,-187.78204832839393,0.5088964565892685,0.6549021645504107,0.9760043080051873,0.9992838541666667,0.8718170509172086
607,28.375000000000004,-187.78204832839393,0.5087975501902249,0.6549608382108384,0.9758137149259771,0.9979817708333333,0.8730936222366448
608,39.72500000000001,-187.78204832839393,0.5095124205081416,0.6550548948024376,0.9755319885364598,0.9871744791666667,0.883893313940128
609,51.075,-187.78204832839393,0.5097334586910524,0.6551898667007526,0.9751637522485354,0.975,0.8960311615858153
610,62.42500000000001,-187.78204832839393,0.5122044383059922,0.6553708341237463,0.9747146208373961,0.9635416666666666,0.9123728658051792
611,73.775,-187.78204832839393,0.513918151532344,0.6556013474412455,0.9741908486371198,0.9541015625,0.9253282954786546
612,85.12500000000001,-187.78204832839393,0.5151102344950442,0.6558827638478856,0.9735989987745858,0.9494140625,0.932369742280782
613,96.47500000000001,-187.78204832839393,0.5144638248291481,0.6562140487293058,0.9729456624930396,0.9457682291666667,0.9352895666009089
614,107.825,-187.78204832839393,0.5123986871730455,0.6565919704360662,0.9722372423395028,0.946484375,0.9315276561358067
615,119.17500000000001,-187.78204832839393,0.515085154441973,0.6570115550450016,0.9714798003457825,0.949609375,0.9338788561963525
616,130.52500000000003,-187.78204832839393,0.5186933483063865,0.6574666593093991,0.9706789640748918,0.9552083333333333,0.9343408731640059
617,141.87500000000003,-187.78204832839393,0.5223333952217106,0.6579505454072766,0.9698398794168257,0.9583984375,0.9377700676144369
618,153.22500000000002,-187.78204832839393,0.5261015871398879,0.6584563801922894,0.9689671982182854,0.9625,0.9404971308759152
619,164.57500000000005,-187.78204832839393,0.5286501282501409,0.6589776202408276,0.9680650899425847,0.9634114583333333,0.9433493591076387
620,175.92500000000004,-187.78204832839393,0.5304245634794541,0.6595082744377692,0.9671372685285253,0.9627604166666667,0.946662578373692
621,187.27500000000003,-187.78204832839393,0.5292993994230739,0.6600430556616287,0.9661870277558454,0.959375,0.9484766693671649
622,198.62500000000003,-187.78204832839393,0.5266033055931656,0.6605774431371806,0.9652172803550182,0.9498697916666666,0.9536842734018033
623,209.97500000000002,-187.78204832839393,0.5188803866070015,0.6611076796693871,0.9642305976685891,0.93203125,0.9593158371831726
624,221.32500000000005,-187.78204832839393,0.507135538427044,0.6616307260534064,0.9632292478607526,0.9100260416666667,0.9628464238082105
625,232.67500000000004,-187.78204832839393,0.49589943232084654,0.6621441908432746,0.9622152315254344,0.8893880208333333,0.9656591732631604
626,244.02500000000003,-187.78204832839393,0.48341000051603616,0.662646249003008,0.9611903141279383,0.8686197916666667,0.9662293804831948
627,255.37500000000006,-187.78204832839393,0.4703145962857333,0.6631355587009096,0.9601560550973944,0.8489583333333334,0.9646900747761148
628,266.725,-187.78204832839393,0.45933952953005935,0.6636111820516101,0.9591138336245991,0.8317708333333333,0.963938324905383
629,278.07500000000005,-187.78204832839393,0.44921792803176985,0.6640725130379302,0.9580648713567617,0.8163411458333333,0.96227506885942
630,289.42500000000007,-187.78204832839393,0.44052297426852394,0.6645192140610218,0.957010252251125,0.8080729166666667,0.958659376107592
631,-295.1,-177.95265999544054,0.4346873090037044,0.6704262046462067,0.9568655026464795,0.7885416666666667,0.9583533209112122
632,-283.75000000000006,-177.95265999544054,0.44179298984184356,0.6701472345743934,0.9579363383141997,0.7973307291666667,0.9594936216627672
633,-272.40000000000003,-177.95265999544054,0.4521606919444431,0.6698609543601955,0.9590027930784315,0.8134114583333333,0.9602946906742768
634,-261.05,-177.95265999544054,0.4644659751282962,0.6695679132142635,0.9600638983598134,0.8309244791666667,0.96317723370538
635,-249.70000000000005,-177.95265999544054,0.47596223437879115,0.6692688886359514,0.9611185590180038,0.848046875,0.9649979424053795
636,-238.35000000000002,-177.95265999544054,0.48838825545151476,0.6689649371547872,0.9621655341192633,0.8673828125,0.9655512605879526
637,-227.00000000000003,-177.95265999544054,0.5014215061674828,0.6686574521467908,0.9632034146361971,0.8884114583333333,0.9646856328280756
638,-215.65000000000003,-177.95265999544054,0.5133130700236105,0.668348227679709,0.9642305976685891,0.9100911458333333,0.962006148805965
639,-204.3,-177.95265999544054,0.5225434156857927,0.6680395258285027,0.9652452567830581,0.9311197916666667,0.9554556234995643
640,-192.95000000000002,-177.95265999544054,0.5293030510775789,0.6677341425801887,0.9662453081251242,0.9495442708333334,0.9473491624958778
641,-181.60000000000002,-177.95265999544054,0.5315011177266401,0.6674354640826125,0.9672283720912271,0.957421875,0.9428705923130046
642,-170.25000000000003,-177.95265999544054,0.5321852173602503,0.6671475004181087,0.9681917306049409,0.9636067708333333,0.937553522772754
643,-158.90000000000003,-177.95265999544054,0.5311921737685013,0.6668748783488639,0.9691322804844786,0.966796875,0.9320752025261739
644,-147.55,-177.95265999544054,0.5289181364915854,0.6666227681002749,0.9700464841018411,0.9675130208333333,0.927528731420443
645,-136.20000000000002,-177.95265999544054,0.5265558739166191,0.6663967135575345,0.9709303196222603,0.9671223958333334,0.9236384552230005
646,-124.85000000000002,-177.95265999544054,0.5234374102745557,0.6662023328052374,0.9717792346896341,0.9637369791666667,0.9211965410740379
647,-113.50000000000001,-177.95265999544054,0.5223958767126892,0.6660448607733801,0.9725881095817431,0.9598958333333333,0.9226956163347999
648,-102.15,-177.95265999544054,0.5208694600439228,0.6659285231402206,0.9733512386060784,0.9568359375,0.9219650455059797
649,-90.80000000000001,-177.95265999544054,0.5204669877689684,0.6658557658797727,0.9740623416544948,0.9567057291666666,0.9198368141689913
650,-79.45000000000002,-177.95265999544054,0.5213145017213427,0.6658264205646944,0.9747146208373961,0.9607421875,0.9164540057220543
651,-68.10000000000001,-177.95265999544054,0.5175604052330468,0.6658369573834457,0.9753008788943431,0.9658854166666667,0.9043775199145438
652,-56.75000000000001,-177.95265999544054,0.5105739348072449,0.6658800490987442,0.9758137149259771,0.9755859375,0.8820704842982229
653,-45.400000000000006,-177.95265999544054,0.5062784499326509,0.6659447069426413,0.9762458068073134,0.985546875,0.8654074494163105
654,-34.050000000000004,-177.95265999544054,0.5045273572356942,0.6660172079732832,0.9765902767017972,0.99453125,0.8540137727941345
655,-22.700000000000003,-177.95265999544054,0.5027509277966856,0.6660828731708961,0.9768411164954002,0.9990234375,0.8469510210170025
656,-11.350000000000001,-177.95265999544054,0.5005612428262644,0.6661284804126588,0.9769936272396506,0.9998697916666667,0.8413934342191601
657,0.0,-177.95265999544054,0.5035242264444323,0.6661447902112531,0.977044808307106,1.0,0.8466796875
658,11.350000000000001,-177.95265999544054,0.5013614931826259,0.6661284804126587,0.9769936272396506,0.9998046875,0.8428207859848484
659,22.700000000000003,-177.95265999544054,0.5030958415783512,0.666082873170896,0.9768411164954002,0.9992838541666667,0.8469182125869915
660,34.050000000000004,-177.95265999544054,0.5052517216682867,0.6660172079732833,0.9765902767017972,0.9953776041666667,0.8544199635002176
661,45.400000000000006,-177.95265999544054,0.5076972792173955,0.6659447069426413,0.9762458068073134,0.985546875,0.8678917227743214
662,56.75000000000001,-177.95265999544054,0.5103589241923562,0.6658800490987442,0.9758137149259771,0.9755208333333333,0.8825547742710576
663,68.10000000000001,-177.95265999544054,0.5139198574060366,0.6658369573834457,0.9753008788943431,0.9658854166666667,0.8988875448232785
664,79.45000000000002,-177.95265999544054,0.5170884778281609,0.6658264205646944,0.9747146208373961,0.9600911458333333,0.9106314298525461
665,90.80000000000001,-177.95265999544054,0.5179508839928856,0.6658557658797727,0.9740623416544948,0.9571614583333333,0.9153479113952316
666,102.15,-177.95265999544054,0.5186324324353383,0.6659285231402206,0.9733512386060784,0.9561197916666667,0.9183771118368955
667,113.50000000000001,-177.95265999544054,0.5215123257202252,0.6660448607733801,0.9725881095817431,0.9595052083333333,0.9217842112913156
668,124.85000000000002,-177.95265999544054,0.5255905006584851,0.6662023328052374,0.9717792346896341,0.9637369791666667,0.9242536744582128
669,136.20000000000002,-177.95265999544054,0.5297732680127396,0.6663967135575345,0.9709303196222603,0.9670572916666667,0.9283474189778769
670,147.55,-177.95265999544054,0.5325315692228034,0.6666227681002748,0.9700464841018411,0.9670572916666667,0.9340545308492268
671,158.90000000000003,-177.95265999544054,0.5347221870514643,0.6668748783488638,0.9691322804844786,0.9662760416666667,0.9388201637235318
672,170.25000000000003,-177.95265999544054,0.5360729879211875,0.6671475004181088,0.9681917306049409,0.9638671875,0.9438428950080248
673,181.60000000000002,-177.95265999544054,0.533874497671888,0.6674354640826127,0.9672283720912271,0.9579427083333333,0.946790145179449
674,192.95000000000002,-177.95265999544054,0.530227236826089,0.6677341425801886,0.9662453081251242,0.9486979166666667,0.9503930341889183
675,204.3,-177.95265999544054,0.5231453496465543,0.6680395258285026,0.9652452567830581,0.931640625,0.9559344686800267
676,215.65000000000003,-177.95265999544054,0.5123406627226248,0.6683482276797091,0.9642305976685891,0.9109375,0.9599015321172814
677,227.00000000000003,-177.95265999544054,0.5003424886060107,0.668657452146791,0.9632034146361971,0.888671875,0.963459584263083
678,238.35000000000002,-177.95265999544054,0.48774938703277676,0.6689649371547872,0.9621655341192633,0.8673828125,0.9644008339968729
679,249.70000000000005,-177.95265999544054,0.47489734532940664,0.6692688886359514,0.9611185590180038,0.8474609375,0.9641643732372299
680,261.05,-177.95265999544054,0.46274161902158983,0.6695679132142635,0.9600638983598134,0.8300130208333333,0.9613242632720737
681,272.40000000000003,-177.95265999544054,0.45248959037473074,0.6698609543601957,0.9590027930784315,0.8141276041666666,0.9602487752701783
682,283.75000000000006,-177.95265999544054,0.4420953078401143,0.6701472345743933,0.9579363383141997,0.7985026041666666,0.9584770134949393
683,295.1,-177.95265999544054,0.43439993793281884,0.6704262046462068,0.9568655026464795,0.7897135416666666,0.9565200630472012
684,-300.77500000000003,-168.12327166248716,0.4281623170995718,0.6762791718906829,0.9566803998632646,0.7688151041666667,0.9562124567559386
685,-289.425,-168.12327166248716,0.43542643642386064,0.6761715370180458,0.9577658195578492,0.7782552083333333,0.9572152839693948
686,-278.07500000000005,-168.12327166248716,0.4455136500515683,0.6760649510879996,0.958848046154012,0.7934244791666667,0.9592615749479017
687,-266.725,-168.12327166248716,0.45636492679862173,0.6759603752307001,0.9599262234655582,0.8095703125,0.9617090431599872
688,-255.375,-168.12327166248716,0.46788253345710973,0.6758589926682679,0.9609993808103978,0.8268880208333333,0.9631408590239291
689,-244.02500000000003,-168.12327166248716,0.479304117651569,0.6757622508463249,0.9620664148516603,0.8444010416666666,0.9637009966181902
690,-232.675,-168.12327166248716,0.49141448855973996,0.675671908802565,0.9631260682934761,0.8639973958333333,0.9630372849860416
691,-221.32500000000002,-168.12327166248716,0.5029212362628481,0.6755900887203052,0.9641769049119039,0.8837890625,0.961249141918726
692,-209.97500000000002,-168.12327166248716,0.514553676047717,0.6755193292614254,0.9652172803550182,0.9057291666666667,0.957548511928937
693,-198.625,-168.12327166248716,0.5245955462146942,0.6754626361322327,0.9662453081251242,0.9281901041666667,0.9510072110236912
694,-187.275,-168.12327166248716,0.530858837543255,0.6754235220969703,0.9672588201848724,0.9449869791666666,0.9437609255169732
695,-175.925,-168.12327166248716,0.5343897913333586,0.675406023977693,0.9682553217461789,0.9557942708333333,0.9375674039102714
696,-164.57500000000002,-168.12327166248716,0.5364971817756409,0.6754146777953204,0.9692319400663167,0.9625651041666666,0.9340019165375634
697,-153.22500000000002,-168.12327166248716,0.53773239502584,0.6754544251250214,0.9701853675764643,0.9690104166666667,0.9281335359579861
698,-141.875,-168.12327166248716,0.5355879045664074,0.6755304146421264,0.9711118005281334,0.971484375,0.9214214807794795
699,-130.525,-168.12327166248716,0.5318651002944951,0.6756476546969096,0.9720068757233467,0.9715494791666667,0.9146163073402364
700,-119.17500000000003,-168.12327166248716,0.5283042771695783,0.6758104696568235,0.9728656099850195,0.9698567708333333,0.9088765440043679
701,-107.82500000000002,-168.12327166248716,0.5267074592321571,0.6760217216279224,0.9736823500010557,0.9675130208333333,0.9077433254410505
702,-96.47500000000001,-168.12327166248716,0.5256397043215209,0.6762817898410953,0.9744507441084077,0.9657552083333333,0.906158911309084
703,-85.12500000000001,-168.12327166248716,0.5232753849265309,0.6765873633163325,0.9751637522485354,0.9658854166666667,0.9004343976201479
704,-73.77500000000002,-168.12327166248716,0.5196277023744946,0.6769302049014482,0.9758137149259771,0.9694661458333333,0.889658371784318
705,-62.42500000000001,-168.12327166248716,0.5118950842482481,0.6772961784588689,0.97639250482578,0.9759114583333334,0.8696918430553237
706,-51.075,-168.12327166248716,0.5035087220604847,0.6776649597900225,0.9768917829847648,0.9841145833333333,0.8465950333814959
707,-39.72500000000001,-168.12327166248716,0.4987952137543068,0.6780109019990396,0.9773033715443805,0.9919921875,0.8307461088811896
708,-28.375000000000004,-168.12327166248716,0.4947878547107969,0.6783053971645004,0.9776197344030155,0.997265625,0.8184348637376108
709,-17.025000000000002,-168.12327166248716,0.49123291721334733,0.67852069536386,0.9778345263288482,0.9993489583333334,0.8106311398547273
710,-5.675000000000001,-168.12327166248716,0.48978581872112065,0.6786345566281315,0.9779431374743627,0.9997395833333333,0.8067356977513228
711,5.675000000000001,-168.12327166248716,0.49057841631507004,0.6786345566281315,0.9779431374743627,0.9998046875,0.8077219202898551
712,17.025000000000002,-168.12327166248716,0.49258988077194166,0.6785206953638601,0.9778345263288482,0.9994140625,0.8120753528225806
713,28.375000000000004,-168.12327166248716,0.4966823341885931,0.6783053971645004,0.9776197344030155,0.9973307291666667,0.8214755547124117
714,39.72500000000001,-168.12327166248716,0.4984439715429744,0.6780109019990397,0.9773033715443805,0.9923828125,0.8300004296211292
715,51.075,-168.12327166248716,0.5042510817015703,0.6776649597900227,0.9768917829847648,0.984375,0.8481450461348115
716,62.42500000000001,-168.12327166248716,0.5109077884917654,0.6772961784588688,0.97639250482578,0.9759765625,0.8683120515381479
717,73.775,-168.12327166248716,0.5158524716280574,0.6769302049014482,0.9758137149259771,0.9698567708333333,0.8839416232238384
718,85.12500000000001,-168.12327166248716,0.5183822987270872,0.6765873633163325,0.9751637522485354,0.966015625,0.8924887060611101
719,96.47500000000001,-168.12327166248716,0.5218212876490936,0.6762817898410953,0.9744507441084077,0.9656901041666667,0.8999576934445888
720,107.825,-168.12327166248716,0.523705864096,0.6760217216279224,0.9736823500010557,0.967578125,0.9031174882281184
721,119.17500000000001,-168.12327166248716,0.5284934767695305,0.6758104696568233,0.9728656099850195,0.970703125,0.9084733825609729
722,130.52500000000003,-168.12327166248716,0.5333676321580562,0.6756476546969096,0.9720068757233467,0.9713541666666666,0.9167754087346284
723,141.87500000000003,-168.12327166248716,0.5381127518417338,0.6755304146421265,0.9711118005281334,0.9711588541666667,0.9260852392201545
724,153.22500000000002,-168.12327166248716,0.540491270360311,0.6754544251250215,0.9701853675764643,0.9688802083333333,0.9337995160731986
725,164.57500000000005,-168.12327166248716,0.539825035748818,0.6754146777953203,0.9692319400663167,0.96328125,0.9388576440642461
726,175.92500000000004,-168.12327166248716,0.5376278297349532,0.6754060239776931,0.9682553217461789,0.9556640625,0.9437036966640479
727,187.27500000000003,-168.12327166248716,0.5321005636101509,0.6754235220969703,0.9672588201848724,0.9452473958333333,0.9455080521964321
728,198.62500000000003,-168.12327166248716,0.5247202861956369,0.6754626361322327,0.9662453081251242,0.9281901041666667,0.9511148319560785
729,209.97500000000002,-168.12327166248716,0.5154632942086309,0.6755193292614254,0.9652172803550182,0.9077473958333333,0.9568794958017467
730,221.32500000000005,-168.12327166248716,0.5039463504310955,0.6755900887203051,0.9641769049119039,0.886328125,0.9606702952170054
731,232.67500000000004,-168.12327166248716,0.49046778340859987,0.6756719088025651,0.9631260682934761,0.86328125,0.9621483280400424
732,244.02500000000003,-168.12327166248716,0.47784724857152333,0.6757622508463249,0.9620664148516603,0.844140625,0.961445415782659
733,255.37500000000006,-168.12327166248716,0.46618621810024596,0.6758589926682679,0.9609993808103978,0.826171875,0.9606620506199016
734,266.725,-168.12327166248716,0.45511739836753884,0.6759603752307002,0.9599262234655582,0.8102213541666666,0.9588373089500559
735,278.07500000000005,-168.12327166248716,0.4436027261273281,0.6760649510879996,0.958848046154012,0.7928385416666667,0.9567421773355708
736,289.42500000000007,-168.12327166248716,0.43399611440854474,0.6761715370180457,0.9577658195578492,0.7778645833333333,0.9553530736894282
737,300.77500000000003,-168.12327166248716,0.42758935896136746,0.6762791718906829,0.9566803998632646,0.7706380208333333,0.9531477768955477
738,-306.45000000000005,-158.2938833295338,0.4212431963213363,0.682057723840008,0.9564556722168756,0.7473307291666667,0.9562930236904595
739,-295.1,-158.2938833295338,0.42892130854603916,0.6821227614686592,0.9575540301067333,0.757421875,0.9573473248904383
740,-283.75000000000006,-158.2938833295338,0.4386930916202007,0.6821979676563593,0.9586502854269129,0.7733723958333333,0.9579484579112018
741,-272.40000000000003,-158.2938833295338,0.44894505367494253,0.6822848851444318,0.9597436890652706,0.789453125,0.9589764225727577
742,-261.05,-158.2938833295338,0.45909756683821856,0.6823853061353656,0.9608333898771023,0.8054036458333333,0.9606115885917194
743,-249.70000000000005,-158.2938833295338,0.4709872091000184,0.6825013115706005,0.9619184179388042,0.82265625,0.9621913731448426
744,-238.35000000000002,-158.2938833295338,0.48288706802653375,0.6826353143559839,0.962997664711667,0.8401041666666667,0.9632469035150124
745,-227.00000000000003,-158.2938833295338,0.49369496129075235,0.6827901053117663,0.9640698595312519,0.858203125,0.9615358572442348
746,-215.65000000000003,-158.2938833295338,0.5059450908604254,0.6829688993200522,0.9651335417476047,0.8794270833333333,0.9594367254587552
747,-204.3,-158.2938833295338,0.5168218994673188,0.6831753770651867,0.9661870277558454,0.9018880208333333,0.9537502764946093
748,-192.95000000000002,-158.2938833295338,0.525974149773224,0.6834137145566054,0.9672283720912271,0.9227213541666667,0.9468094876958406
749,-181.60000000000002,-158.2938833295338,0.531361832641721,0.6836885878350824,0.9682553217461789,0.9399088541666667,0.937816525767374
750,-170.25000000000003,-158.2938833295338,0.5362273684834421,0.684005133376955,0.9692652629473156,0.9513671875,0.9331256529729444
751,-158.90000000000003,-158.2938833295338,0.5415861398627432,0.6843688352813408,0.9702551598846937,0.9619791666666667,0.9298447503291118
752,-147.55,-158.2938833295338,0.5399586958627826,0.684785298289446,0.9712214854347606,0.9680989583333334,0.9203295391697994
753,-136.20000000000002,-158.2938833295338,0.5386743717881584,0.6852598519860886,0.9721601449393948,0.9727213541666667,0.9119267842324349
754,-124.85000000000002,-158.2938833295338,0.5364049151822087,0.6857969192014264,0.9730663958435103,0.9748046875,0.9042760992304928
755,-113.50000000000001,-158.2938833295338,0.5332293249468348,0.6863990773669358,0.9739347687619717,0.974609375,0.8976730237708607
756,-102.15,-158.2938833295338,0.529968116292839,0.6870657575323368,0.9747589996655459,0.9738932291666667,0.8906825963162741
757,-90.80000000000001,-158.2938833295338,0.5262144405970756,0.6877915803172047,0.9755319885364598,0.9734375,0.8842776615342927
758,-79.45000000000002,-158.2938833295338,0.5198881467874662,0.6885644431002457,0.9762458068073134,0.9740234375,0.870839560528918
759,-68.10000000000001,-158.2938833295338,0.5124102750736491,0.6893636628562273,0.9768917829847648,0.9770833333333333,0.8540407535800228
760,-56.75000000000001,-158.2938833295338,0.5012819316256306,0.6901587288301543,0.9774607003175774,0.9828776041666667,0.8283399398848744
761,-45.400000000000006,-158.2938833295338,0.4931456971613994,0.6909094503708524,0.9779431374743627,0.9940755208333333,0.8048054834552113
762,-34.050000000000004,-158.2938833295338,0.48605910828375887,0.6915683337070696,0.9783299669787907,0.9961588541666667,0.7888429744690538
763,-22.700000000000003,-158.2938833295338,0.47970712362701495,0.6920856726048872,0.9786129923401821,0.9977864583333333,0.7755970695598953
764,22.700000000000003,-158.2938833295338,0.4806262947649032,0.6920856726048873,0.9786129923401821,0.9978515625,0.776590321851693
765,34.050000000000004,-158.2938833295338,0.4865572972012893,0.6915683337070696,0.9783299669787907,0.9962239583333333,0.7894751977776373
766,45.400000000000006,-158.2938833295338,0.4931077730285899,0.6909094503708524,0.9779431374743627,0.9936197916666667,0.8044951831933375
767,56.75000000000001,-158.2938833295338,0.4997563422741284,0.6901587288301543,0.9774607003175774,0.983203125,0.8256778403837906
768,68.10000000000001,-158.2938833295338,0.5096494525535015,0.6893636628562273,0.9768917829847648,0.9774739583333333,0.8497401006162464
769,79.45000000000002,-158.2938833295338,0.5146258816856332,0.6885644431002456,0.9762458068073134,0.973828125,0.8625450051398722
770,90.80000000000001,-158.2938833295338,0.5209078907358223,0.6877915803172048,0.9755319885364598,0.9735677083333333,0.876279202325995
771,102.15,-158.2938833295338,0.5249908057800159,0.6870657575323367,0.9747589996655459,0.974609375,0.8830000791770549
772,113.50000000000001,-158.2938833295338,0.5286152596383952,0.6863990773669358,0.9739347687619717,0.9755208333333333,0.8899340551544239
773,124.85000000000002,-158.2938833295338,0.5347625118550717,0.6857969192014265,0.9730663958435103,0.9751953125,0.9018625215097452
774,136.20000000000002,-158.2938833295338,0.5390511382591588,0.6852598519860886,0.9721601449393948,0.9716796875,0.9138453746675819
775,147.55,-158.2938833295338,0.5433339000638192,0.684785298289446,0.9712214854347606,0.9688802083333333,0.9246597454140296
776,158.90000000000003,-158.2938833295338,0.5430084639247631,0.6843688352813408,0.9702551598846937,0.96171875,0.9330975780482407
777,170.25000000000003,-158.2938833295338,0.5388971158578735,0.684005133376955,0.9692652629473156,0.9505859375,0.9385542965742477
778,181.60000000000002,-158.2938833295338,0.533692823303737,0.6836885878350822,0.9682553217461789,0.93984375,0.9419104800382584
779,192.95000000000002,-158.2938833295338,0.5266929429397385,0.6834137145566052,0.9672283720912271,0.9227213541666667,0.9484682388616209
780,204.3,-158.2938833295338,0.5169489467217152,0.6831753770651867,0.9661870277558454,0.9022786458333333,0.9534743897656083
781,215.65000000000003,-158.2938833295338,0.5058658785297044,0.6829688993200521,0.9651335417476047,0.8805989583333333,0.9582678056691264
782,227.00000000000003,-158.2938833295338,0.4929631135486177,0.6827901053117663,0.9640698595312519,0.8581380208333333,0.9605296276530383
783,238.35000000000002,-158.2938833295338,0.4812348154993897,0.6826353143559838,0.962997664711667,0.8400390625,0.9604727176279602
784,249.70000000000005,-158.2938833295338,0.4682148138613888,0.6825013115706003,0.9619184179388042,0.8211588541666667,0.9586891668171355
785,261.05,-158.2938833295338,0.45682312510425566,0.6823853061353656,0.9608333898771023,0.8046223958333333,0.9573362339552947
786,272.40000000000003,-158.2938833295338,0.44577094053764427,0.6822848851444319,0.9597436890652706,0.7877604166666666,0.9553161456622984
787,283.75000000000006,-158.2938833295338,0.4362477900266709,0.6821979676563594,0.9586502854269129,0.7731770833333333,0.9538097475824306
788,295.1,-158.2938833295338,0.4262312275078584,0.6821227614686591,0.9575540301067333,0.7586588541666667,0.951356924091024
789,306.45000000000005,-158.2938833295338,0.4173533521884417,0.682057723840008,0.9564556722168756,0.7464192708333334,0.9495841444358022
790,-312.12500000000006,-148.4644949965804,0.4093664721320538,0.6877431776345271,0.9561921838132095,0.721484375,0.9515637926942556
791,-300.77500000000003,-148.4644949965804,0.4170893389249733,0.6879800622500905,0.9573018386223281,0.7311848958333333,0.9541661003931651
792,-289.425,-148.4644949965804,0.42794023524841607,0.6882367055105941,0.958410377591917,0.7473307291666667,0.9568940549595408
793,-278.07500000000005,-148.4644949965804,0.4386433484232254,0.6885153617128352,0.9595171514145947,0.7631510416666667,0.9586493474114053
794,-266.725,-148.4644949965804,0.45008642322785025,0.6888185915276704,0.9606214211118579,0.78046875,0.9602943228229112
795,-255.375,-148.4644949965804,0.4615279794595286,0.6891493046617818,0.9617223429171543,0.7985026041666666,0.9606353998704945
796,-244.02500000000003,-148.4644949965804,0.47308881533829716,0.6895108062916246,0.962818950231492,0.8162760416666667,0.9611723051384627
797,-232.675,-148.4644949965804,0.4836757527303959,0.6899068459683898,0.963910132043081,0.8337890625,0.9601994041153298
798,-221.32500000000002,-148.4644949965804,0.49668551148808604,0.6903416663970646,0.964994607082637,0.8534505208333333,0.9604072959387214
799,-209.97500000000002,-148.4644949965804,0.5080067379923977,0.6908200474205739,0.9660708928525013,0.8750651041666667,0.9556114209379696
800,-198.625,-148.4644949965804,0.5189055975034055,0.6913473373034645,0.9671372685285253,0.8955078125,0.9512759762567569
801,-187.275,-148.4644949965804,0.5272084368376035,0.6919294584696553,0.9681917306049409,0.9166015625,0.942788612912786
802,-175.925,-148.4644949965804,0.5339139684543568,0.6925728675001144,0.9692319400663167,0.9346354166666667,0.9345907406153867
803,-164.57500000000002,-148.4644949965804,0.5395584204841356,0.6932844386084008,0.9702551598846937,0.9472005208333333,0.9294356280922554
804,-153.22500000000002,-148.4644949965804,0.5406499621519104,0.694071225209179,0.9712581818529016,0.9587890625,0.9185321330520212
805,-141.875,-148.4644949965804,0.542535844577582,0.6949400353292478,0.9722372423395028,0.9668619791666667,0.9118653833546713
806,-130.525,-148.4644949965804,0.5414488506519112,0.6958967347828053,0.9731879277396657,0.9727213541666667,0.901846002398005
807,-119.17500000000003,-148.4644949965804,0.5382738338395576,0.6969451719979843,0.9741050725719584,0.9771484375,0.889593044850093
808,-107.82500000000002,-148.4644949965804,0.5348254481639855,0.6980856114126979,0.9749826568318695,0.9783854166666667,0.8804306334534537
809,-96.47500000000001,-148.4644949965804,0.5273709495479835,0.6993125901518042,0.9758137149259771,0.9784505208333333,0.8660745516132892
810,-85.12500000000001,-148.4644949965804,0.5197769180468306,0.7006122100956981,0.9765902767017972,0.9787109375,0.8528594702611307
811,-73.77500000000002,-148.4644949965804,0.5093811162435792,0.7019590883623668,0.9773033715443805,0.9798177083333334,0.8315984318082621
812,-62.42500000000001,-148.4644949965804,0.4977297777384823,0.7033135451781154,0.9779431374743627,0.9892578125,0.8019277812049566
813,-51.075,-148.4644949965804,0.48502603376079834,0.7046200772202048,0.9784990841310166,0.9918619791666666,0.7758430925348708
814,51.075,-148.4644949965804,0.4867336461674528,0.7046200772202048,0.9784990841310166,0.9916666666666667,0.7788038132343202
815,62.42500000000001,-148.4644949965804,0.4997992528735909,0.7033135451781155,0.9779431374743627,0.9893880208333333,0.8050373895470686
816,73.775,-148.4644949965804,0.5077161457106508,0.7019590883623666,0.9773033715443805,0.9802734375,0.8286815667477971
817,85.12500000000001,-148.4644949965804,0.518110987624453,0.7006122100956981,0.9765902767017972,0.9790364583333333,0.8502449508387357
818,96.47500000000001,-148.4644949965804,0.523368062269532,0.6993125901518042,0.9758137149259771,0.9785807291666667,0.8606942616397987
819,107.825,-148.4644949965804,0.5295347505702008,0.6980856114126982,0.9749826568318695,0.978515625,0.8735671171637063
820,119.17500000000001,-148.4644949965804,0.5332822401848043,0.6969451719979843,0.9741050725719584,0.9766276041666667,0.8839195113189552
821,130.52500000000003,-148.4644949965804,0.5386233921096933,0.6958967347828053,0.9731879277396657,0.9727864583333333,0.8984788617523264
822,141.87500000000003,-148.4644949965804,0.543287282315658,0.6949400353292478,0.9722372423395028,0.9671875,0.9126277798706728
823,153.22500000000002,-148.4644949965804,0.5447547534770122,0.6940712252091791,0.9712581818529016,0.9589192708333333,0.9241658592394422
824,164.57500000000005,-148.4644949965804,0.5419514432127763,0.6932844386084009,0.9702551598846937,0.9470703125,0.933726655112101
825,175.92500000000004,-148.4644949965804,0.5367506680865707,0.6925728675001143,0.9692319400663167,0.93515625,0.9389656757806254
826,187.27500000000003,-148.4644949965804,0.5280032514182751,0.6919294584696553,0.9681917306049409,0.9172526041666667,0.9436598987444967
827,198.62500000000003,-148.4644949965804,0.5190369330607518,0.6913473373034644,0.9671372685285253,0.897265625,0.9503279824090425
828,209.97500000000002,-148.4644949965804,0.5075037147579323,0.690820047420574,0.9660708928525013,0.8759765625,0.9539311040031341
829,221.32500000000005,-148.4644949965804,0.4952642576542528,0.6903416663970646,0.964994607082637,0.8541666666666666,0.9568624529310227
830,232.67500000000004,-148.4644949965804,0.48306341550109855,0.6899068459683897,0.963910132043081,0.8350260416666667,0.9576569167897093
831,244.02500000000003,-148.4644949965804,0.470852768417669,0.6895108062916246,0.962818950231492,0.81640625,0.9576954129284455
832,255.37500000000006,-148.4644949965804,0.4580552702923504,0.6891493046617818,0.9617223429171543,0.7973307291666667,0.9560922246541843
833,266.725,-148.4644949965804,0.44595266842560805,0.6888185915276706,0.9606214211118579,0.7794270833333333,0.954256986893886
834,278.07500000000005,-148.4644949965804,0.4353530315308572,0.6885153617128353,0.9595171514145947,0.7630208333333334,0.9533143828856699
835,289.42500000000007,-148.4644949965804,0.424625657496018,0.6882367055105942,0.958410377591917,0.7458333333333333,0.9524338696547568
836,300.77500000000003,-148.4644949965804,0.4150709530879902,0.6879800622500903,0.9573018386223281,0.7322916666666667,0.9492447260993877
837,312.12500000000006,-148.4644949965804,0.40629923276851104,0.6877431776345271,0.9561921838132095,0.7202473958333333,0.9475337433014464
838,-317.80000000000007,-138.63510666362703,0.39355688217347423,0.6933187745019552,0.955890920553323,0.6875651041666667,0.9512937759800567
839,-306.45000000000005,-138.63510666362703,0.40511622191788205,0.6937246824674479,0.957010252251125,0.7024739583333334,0.9548720889177987
840,-295.1,-138.63510666362703,0.4153353644228216,0.6941601246070935,0.9581293471448687,0.7182291666666667,0.9564174734179451
841,-283.75000000000006,-138.63510666362703,0.4253030629784211,0.6946281521354598,0.9592476469523474,0.73359375,0.9579445201804231
842,-272.40000000000003,-138.63510666362703,0.43772112481428527,0.6951322024078015,0.9603645155463599,0.7526041666666666,0.9591751159008831
843,-261.05,-138.63510666362703,0.4484198786943112,0.6956761506162491,0.9614792255649863,0.7680989583333333,0.9607086141140105
844,-249.70000000000005,-138.63510666362703,0.4616417522972594,0.6962643664075012,0.9625909423324539,0.7878255208333333,0.9615564272350602
845,-238.35000000000002,-138.63510666362703,0.4732855664995623,0.6969017743164322,0.9636987044929909,0.8055989583333333,0.9619088891357958
846,-227.00000000000003,-138.63510666362703,0.4870738025176202,0.6975939156630206,0.9648014006240454,0.8264973958333334,0.9620330256462242
847,-215.65000000000003,-138.63510666362703,0.49843766025030306,0.6983470075380488,0.9658977409329457,0.8474609375,0.9579985977671828
848,-204.3,-138.63510666362703,0.5102101026722836,0.6991679912928733,0.9669862229526716,0.8690104166666667,0.9535487467464722
849,-192.95000000000002,-138.63510666362703,0.5201811121507159,0.7000645579453119,0.9680650899425847,0.889453125,0.9470995772879947
850,-181.60000000000002,-138.63510666362703,0.530523164680054,0.7010451302612584,0.9691322804844786,0.9116536458333333,0.9397687517894056
851,-170.25000000000003,-138.63510666362703,0.5379830828663553,0.7021187698190771,0.9701853675764643,0.9294921875,0.9324453852529344
852,-158.90000000000003,-138.63510666362703,0.5423309582054379,0.7032949606987405,0.9712214854347606,0.9454427083333333,0.9220568665209286
853,-147.55,-138.63510666362703,0.5452144820501773,0.7045831981297606,0.9722372423395028,0.95859375,0.9113275445394955
854,-136.20000000000002,-138.63510666362703,0.545011443133726,0.705992279758173,0.9732286184213537,0.9666666666666667,0.9007908735320626
855,-124.85000000000002,-138.63510666362703,0.5434220639255748,0.7075291608332182,0.9741908486371198,0.9725911458333333,0.8898358879639283
856,-113.50000000000001,-138.63510666362703,0.5376217424073054,0.7091972000632224,0.9751182938800598,0.9772135416666666,0.8725625922496755
857,-102.15,-138.63510666362703,0.5305405052252123,0.7109936093857243,0.9760043080051873,0.98046875,0.8553360528505701
858,-90.80000000000001,-138.63510666362703,0.5212596164197171,0.712905967791136,0.9768411164954002,0.9814453125,0.8374284326371525
859,-79.45000000000002,-138.63510666362703,0.5080564099090659,0.7149078333975288,0.9776197344030155,0.9819010416666667,0.8131598376871103
860,-68.10000000000001,-138.63510666362703,0.4963937755071708,0.716953877733447,0.9783299669787907,0.9868489583333333,0.786754733143736
861,68.10000000000001,-138.63510666362703,0.496050684397967,0.716953877733447,0.9783299669787907,0.987109375,0.7865362852369113
862,79.45000000000002,-138.63510666362703,0.5093406610591554,0.7149078333975288,0.9776197344030155,0.9822265625,0.8151025724252114
863,90.80000000000001,-138.63510666362703,0.5201655487558008,0.712905967791136,0.9768411164954002,0.9814453125,0.8369066315951985
864,102.15,-138.63510666362703,0.5275599384672917,0.7109936093857244,0.9760043080051873,0.9802734375,0.8519752133845333
865,113.50000000000001,-138.63510666362703,0.5328858849552044,0.7091972000632222,0.9751182938800598,0.9772135416666666,0.8669129178339823
866,124.85000000000002,-138.63510666362703,0.538307226278415,0.7075291608332183,0.9741908486371198,0.9725911458333333,0.8832175283513197
867,136.20000000000002,-138.63510666362703,0.541428170657234,0.7059922797581729,0.9732286184213537,0.9663411458333333,0.895514905400924
868,147.55,-138.63510666362703,0.5449303047067893,0.7045831981297606,0.9722372423395028,0.9585286458333333,0.9107381214189689
869,158.90000000000003,-138.63510666362703,0.544535292020233,0.7032949606987405,0.9712214854347606,0.9452473958333333,0.9252263517502749
870,170.25000000000003,-138.63510666362703,0.5403675100554824,0.7021187698190773,0.9701853675764643,0.930078125,0.9359569096869407
871,181.60000000000002,-138.63510666362703,0.5313206214278042,0.7010451302612584,0.9691322804844786,0.9115885416666667,0.9416363761707717
872,192.95000000000002,-138.63510666362703,0.5206925648914157,0.7000645579453117,0.9680650899425847,0.890625,0.9471036274500335
873,204.3,-138.63510666362703,0.5085063740940139,0.6991679912928734,0.9669862229526716,0.8682291666666667,0.9518852306928924
874,215.65000000000003,-138.63510666362703,0.4956542806730927,0.6983470075380489,0.9658977409329457,0.8458333333333333,0.955045268343467
875,227.00000000000003,-138.63510666362703,0.4824749033649696,0.6975939156630206,0.9648014006240454,0.825,0.9556275657837229
876,238.35000000000002,-138.63510666362703,0.4696578578811936,0.6969017743164322,0.9636987044929909,0.8063151041666666,0.9548852963152378
877,249.70000000000005,-138.63510666362703,0.4570553340508404,0.6962643664075011,0.9625909423324539,0.7867838541666666,0.9546468131209607
878,261.05,-138.63510666362703,0.4461950082939534,0.6956761506162491,0.9614792255649863,0.7706380208333333,0.9533217793207656
879,272.40000000000003,-138.63510666362703,0.4337481550991944,0.6951322024078015,0.9603645155463599,0.751953125,0.951671246993952
880,283.75000000000006,-138.63510666362703,0.42235924487524984,0.6946281521354597,0.9592476469523474,0.7341796875,0.951185645462235
881,295.1,-138.63510666362703,0.411183585924437,0.6941601246070935,0.9581293471448687,0.7172526041666667,0.9497530443485637
882,306.45000000000005,-138.63510666362703,0.4001627831040677,0.6937246824674479,0.957010252251125,0.7020833333333333,0.9466097669391775
883,317.80000000000007,-138.63510666362703,0.39081161243356716,0.6933187745019552,0.955890920553323,0.6888020833333334,0.9447361737993588
884,-323.475,-128.80571833067364,0.3749388580754845,0.6987698209870964,0.9555529749242383,0.6505208333333333,0.951099811574689
885,-312.12500000000006,-128.80571833067364,0.3847206641203609,0.699340141528543,0.9566803998632646,0.6638020833333333,0.9540841690193677
886,-300.77500000000003,-128.80571833067364,0.39773091869482535,0.6999496910132686,0.9578083579555657,0.6830729166666667,0.9556441973773314
887,-289.425,-128.80571833067364,0.40888006021656614,0.7006023575862805,0.9589363721163768,0.6993489583333333,0.9574399297008532
888,-278.07500000000005,-128.80571833067364,0.42147081496813293,0.7013025099540187,0.9600638983598134,0.7180989583333334,0.9588992048383467
889,-266.725,-128.80571833067364,0.4335106418628993,0.70205506238707,0.9611903141279383,0.7364583333333333,0.9603559073216191
890,-255.375,-128.80571833067364,0.4460081657509283,0.7028655469955045,0.9623149042123573,0.7548828125,0.9614725389806911
891,-244.02500000000003,-128.80571833067364,0.4588092346959494,0.7037401927025594,0.9634368437072497,0.7727213541666667,0.9631972322468394
892,-232.675,-128.80571833067364,0.4729472989033081,0.7046860092391606,0.9645551772926969,0.7940755208333333,0.9629991632808822
893,-221.32500000000002,-128.80571833067364,0.4866942903426771,0.7057108726361219,0.9656687939733378,0.8156901041666667,0.9617089323112638
894,-209.97500000000002,-128.80571833067364,0.4990291922600885,0.7068236056797983,0.9667763961838252,0.8377604166666667,0.9573854958438687
895,-198.625,-128.80571833067364,0.5135247182544902,0.7080340419777708,0.9678764619154516,0.8615885416666667,0.9545634340042876
896,-187.275,-128.80571833067364,0.5245937355020922,0.7093530546953427,0.9689671982182854,0.8837890625,0.947420293931376
897,-175.925,-128.80571833067364,0.5346145974698332,0.7107925192811787,0.9700464841018411,0.9059244791666666,0.9385629917385326
898,-164.57500000000002,-128.80571833067364,0.5421221484119065,0.7123651616731972,0.9711118005281334,0.9265625,0.9280668857639147
899,-153.22500000000002,-128.80571833067364,0.5481225391745019,0.7140842170893218,0.9721601449393948,0.9442708333333333,0.9176854165960157
900,-141.875,-128.80571833067364,0.5507320082047209,0.715962786848289,0.9731879277396657,0.9577473958333333,0.9059729339809056
901,-130.525,-128.80571833067364,0.547808372003531,0.7180127298825069,0.9741908486371198,0.966796875,0.8889914139447304
902,-119.17500000000003,-128.80571833067364,0.5431252276695059,0.720242863542225,0.9751637522485354,0.9729166666666667,0.872118171297398
903,-107.82500000000002,-128.80571833067364,0.5355587872656373,0.722656186634276,0.9761004656870342,0.97734375,0.8528502117970553
904,-96.47500000000001,-128.80571833067364,0.5242253529601969,0.72524580942405,0.9769936272396506,0.9809244791666667,0.8284533161968859
905,-85.12500000000001,-128.80571833067364,0.5111653083801098,0.7279893526234795,0.9778345263288482,0.9834635416666667,0.8015672055283543
906,-73.77500000000002,-128.80571833067364,0.4949165199103796,0.7308418891548717,0.9786129923401821,0.985546875,0.7700920654413044
907,73.775,-128.80571833067364,0.49495417632861305,0.7308418891548716,0.9786129923401821,0.9854817708333333,0.7705531599071622
908,85.12500000000001,-128.80571833067364,0.5108039000862303,0.7279893526234795,0.9778345263288482,0.9829427083333333,0.8014502665855993
909,96.47500000000001,-128.80571833067364,0.5234129981281644,0.72524580942405,0.9769936272396506,0.9804036458333333,0.827760400261136
910,107.825,-128.80571833067364,0.5329391189072151,0.7226561866342761,0.9761004656870342,0.9770833333333333,0.8501497070136943
911,119.17500000000001,-128.80571833067364,0.5386398934666589,0.7202428635422252,0.9751637522485354,0.9731770833333333,0.8661778687577677
912,130.52500000000003,-128.80571833067364,0.5429926239352109,0.7180127298825068,0.9741908486371198,0.9669270833333333,0.8824264159492997
913,141.87500000000003,-128.80571833067364,0.5470408632337791,0.715962786848289,0.9731879277396657,0.9585286458333333,0.8993472580694726
914,153.22500000000002,-128.80571833067364,0.5455697525052019,0.7140842170893219,0.9721601449393948,0.9449869791666666,0.9126170724871098
915,164.57500000000005,-128.80571833067364,0.5421052925272445,0.7123651616731972,0.9711118005281334,0.9262369791666667,0.927858600071443
916,175.92500000000004,-128.80571833067364,0.535686812672499,0.7107925192811787,0.9700464841018411,0.90546875,0.9411092546231651
917,187.27500000000003,-128.80571833067364,0.5232093133359752,0.7093530546953425,0.9689671982182854,0.8828125,0.9465418863956488
918,198.62500000000003,-128.80571833067364,0.5090031459028889,0.7080340419777708,0.9678764619154516,0.8591145833333333,0.9497100307316528
919,209.97500000000002,-128.80571833067364,0.49604251193591353,0.7068236056797983,0.9667763961838252,0.8371744791666667,0.952503947983307
920,221.32500000000005,-128.80571833067364,0.48169664258381834,0.7057108726361218,0.9656687939733378,0.8156901041666667,0.9528174476287602
921,232.67500000000004,-128.80571833067364,0.46949874381705453,0.7046860092391607,0.9645551772926969,0.7953776041666667,0.9548973245671601
922,244.02500000000003,-128.80571833067364,0.4565499379831566,0.7037401927025594,0.9634368437072497,0.7758463541666667,0.9545732434946381
923,255.37500000000006,-128.80571833067364,0.4428135925605345,0.7028655469955043,0.9623149042123573,0.7557291666666667,0.9538399644336246
924,266.725,-128.80571833067364,0.4288694146715176,0.7020550623870702,0.9611903141279383,0.7353515625,0.9524469290912839
925,278.07500000000005,-128.80571833067364,0.41605031247404134,0.7013025099540187,0.9600638983598134,0.71640625,0.9506594863574989
926,289.42500000000007,-128.80571833067364,0.40496065992620556,0.7006023575862805,0.9589363721163768,0.7005208333333334,0.948652062324616
927,300.77500000000003,-128.80571833067364,0.3939499751762799,0.6999496910132685,0.9578083579555657,0.6843098958333333,0.9461842872389405
928,312.12500000000006,-128.80571833067364,0.3827296897102776,0.699340141528543,0.9566803998632646,0.6668619791666667,0.9451054560652695
929,323.4750000000001,-128.80571833067364,0.37154975860985184,0.6987698209870964,0.9555529749242383,0.6512369791666667,0.9428736295133563
930,-329.15000000000003,-118.97632999772027,0.35480102212500075,0.7040837600953089,0.9551795300774798,0.6127604166666667,0.9506092637568561
931,-317.80000000000007,-118.97632999772027,0.3652562591590918,0.7048123378132597,0.9563135142888639,0.6272135416666667,0.952542390727188
932,-306.45000000000005,-118.97632999772027,0.3769596751120036,0.7055895216714245,0.9574486934526705,0.6442057291666666,0.9548177252610813
933,-295.1,-118.97632999772027,0.3886791679187909,0.706420034087841,0.9585846612592023,0.6613932291666667,0.9566368254876431
934,-283.75000000000006,-118.97632999772027,0.40136968851036453,0.7073091785317044,0.9597209543084854,0.6796223958333333,0.9589563347660739
935,-272.40000000000003,-118.97632999772027,0.41478846932291447,0.7082629202879428,0.9608570420634946,0.6995442708333334,0.9600843859722861
936,-261.05,-118.97632999772027,0.4285610708839684,0.7092879776824238,0.9619923146927296,0.7194661458333333,0.9620720118325166
937,-249.70000000000005,-118.97632999772027,0.44350681152812793,0.7103919240108812,0.9631260682934761,0.7410807291666667,0.9634089458221049
938,-238.35000000000002,-118.97632999772027,0.4561652933639443,0.7115832995603097,0.9642574868523471,0.7591145833333334,0.9641452369507559
939,-227.00000000000003,-118.97632999772027,0.47110948124518576,0.7128717315923312,0.9653856201278386,0.7813151041666667,0.9638856096559619
940,-215.65000000000003,-118.97632999772027,0.48583972254352414,0.7142680575652804,0.9665093564214122,0.8048828125,0.9612336449931346
941,-204.3,-118.97632999772027,0.5002964698792024,0.7157844425652188,0.9676273889292228,0.8270182291666667,0.9593169409367728
942,-192.95000000000002,-118.97632999772027,0.5149715757803495,0.7174344749028067,0.9687381740256312,0.8517578125,0.9547147032873836
943,-181.60000000000002,-118.97632999772027,0.5281407446476835,0.7192332125973612,0.9698398794168257,0.8757161458333333,0.9483755729465482
944,-170.25000000000003,-118.97632999772027,0.5401956733526542,0.7211971357524035,0.9709303196222603,0.9001953125,0.9394043862885552
945,-158.90000000000003,-118.97632999772027,0.5478182998852321,0.7233439323883278,0.9720068757233467,0.9223307291666667,0.9263854657442937
946,-147.55,-118.97632999772027,0.5545473522599149,0.7256920037878309,0.9730663958435103,0.9447916666666667,0.9117564674302362
947,-136.20000000000002,-118.97632999772027,0.5542409926361149,0.7282595147027906,0.9741050725719584,0.9593098958333334,0.8936461684697747
948,-124.85000000000002,-118.97632999772027,0.5506169858143075,0.7310627295983703,0.9751182938800598,0.9675130208333333,0.8760594593474291
949,-113.50000000000001,-118.97632999772027,0.541593990456949,0.7341132697691831,0.9761004656870342,0.9729166666666667,0.8525545634304194
950,-102.15,-118.97632999772027,0.5269465971501092,0.7374138155949368,0.977044808307106,0.9766927083333333,0.8226667832533933
951,-90.80000000000001,-118.97632999772027,0.5114481617584735,0.7409517202625036,0.9779431374743627,0.9796875,0.7903168994713815
952,90.80000000000001,-118.97632999772027,0.5130367484706374,0.7409517202625036,0.9779431374743627,0.9794921875,0.7933841181903497
953,102.15,-118.97632999772027,0.5278324611505842,0.7374138155949367,0.977044808307106,0.9764322916666667,0.8248291970240597
954,113.50000000000001,-118.97632999772027,0.5398211532711679,0.734113269769183,0.9761004656870342,0.9731119791666667,0.8506834283486349
955,124.85000000000002,-118.97632999772027,0.5459944678691123,0.7310627295983704,0.9751182938800598,0.9677734375,0.8696047641096443
956,136.20000000000002,-118.97632999772027,0.5492274532462822,0.7282595147027906,0.9741050725719584,0.9592447916666667,0.8862733891198059
957,147.55,-118.97632999772027,0.5502826618095173,0.7256920037878309,0.9730663958435103,0.9440755208333333,0.9053142711878733
958,158.90000000000003,-118.97632999772027,0.5453127358011187,0.7233439323883278,0.9720068757233467,0.9229817708333333,0.9213189065195089
959,170.25000000000003,-118.97632999772027,0.5382896816991344,0.7211971357524035,0.9709303196222603,0.9001953125,0.9361914045671758
960,181.60000000000002,-118.97632999772027,0.5263364045243742,0.7192332125973611,0.9698398794168257,0.876171875,0.9452841496631362
961,192.95000000000002,-118.97632999772027,0.5117598579110054,0.7174344749028065,0.9687381740256312,0.8513020833333333,0.9502157081790988
962,204.3,-118.97632999772027,0.49680301321418396,0.7157844425652191,0.9676273889292228,0.8274739583333334,0.9528246131444981
963,215.65000000000003,-118.97632999772027,0.4819910179204447,0.7142680575652807,0.9665093564214122,0.8042317708333333,0.9548619798164261
964,227.00000000000003,-118.97632999772027,0.4670933109952196,0.7128717315923312,0.9653856201278386,0.78125,0.9558863891885555
965,238.35000000000002,-118.97632999772027,0.4529145337959402,0.7115832995603099,0.9642574868523471,0.7607421875,0.9557634830168206
966,249.70000000000005,-118.97632999772027,0.4381177064377122,0.7103919240108811,0.9631260682934761,0.7387369791666667,0.9557924310659611
967,261.05,-118.97632999772027,0.42492934963273166,0.7092879776824238,0.9619923146927296,0.7192057291666667,0.9555222783052472
968,272.40000000000003,-118.97632999772027,0.4115363319506779,0.7082629202879428,0.9608570420634946,0.6997395833333333,0.9536127673681076
969,283.75000000000006,-118.97632999772027,0.3984186175695411,0.7073091785317046,0.9597209543084854,0.6814453125,0.9510055436090489
970,295.1,-118.97632999772027,0.38667193926533605,0.7064200340878413,0.9585846612592023,0.6645182291666667,0.9482901128512123
971,306.45000000000005,-118.97632999772027,0.37352856709090865,0.7055895216714245,0.9574486934526705,0.6456380208333333,0.9453686074867851
972,317.80000000000007,-118.97632999772027,0.3615304303617791,0.7048123378132598,0.9563135142888639,0.6274739583333333,0.9438387597868317
973,329.15000000000003,-118.97632999772027,0.3495823803481675,0.7040837600953089,0.9551795300774798,0.6118489583333333,0.9395613995220241
974,-323.475,-109.1469416647669,0.3473548653871375,0.7101295735388837,0.9559109141355079,0.5945963541666667,0.9521899451933229
975,-312.12500000000006,-109.1469416647669,0.3583868646251938,0.7110664337132188,0.957051736132234,0.6100260416666666,0.9551876064023953
976,-300.77500000000003,-109.1469416647669,0.3700235669883335,0.7120662759957574,0.9581939635320471,0.6270833333333333,0.95729433366505
977,-289.425,-109.1469416647669,0.3819258326840779,0.7131352966100936,0.9593372016356712,0.6442057291666666,0.9588372437012599
978,-278.07500000000005,-109.1469416647669,0.3965886993312422,0.7142804684332382,0.9604809985971916,0.6650390625,0.9612495749695372
979,-266.725,-109.1469416647669,0.4098274206048597,0.7155096520667906,0.9616248350215117,0.6845703125,0.9625730637186923
980,-255.375,-109.1469416647669,0.4250386386313184,0.7168317221302956,0.9627681112902114,0.7057291666666666,0.9641034174842111
981,-244.02500000000003,-109.1469416647669,0.4397893522590267,0.7182567094689072,0.963910132043081,0.7266927083333333,0.9651532681731437
982,-232.675,-109.1469416647669,0.4545153577864235,0.7197959588905705,0.9650500870820049,0.7475260416666667,0.9651944857146372
983,-221.32500000000002,-109.1469416647669,0.4686844326611314,0.7214623000550149,0.9661870277558454,0.7688151041666667,0.9638541237061133
984,-209.97500000000002,-109.1469416647669,0.48437733600310195,0.7232702256332256,0.967319837615804,0.7910807291666667,0.9639862427026511
985,-198.625,-109.1469416647669,0.5028661113375279,0.7252360648894384,0.9684471957844782,0.8184244791666667,0.9620390902733601
986,-187.275,-109.1469416647669,0.5194542495576392,0.7273781308979933,0.969567531041177,0.8438151041666667,0.9584941137588355
987,-175.925,-109.1469416647669,0.5352322393530549,0.7297168033311934,0.9706789640748918,0.8706380208333333,0.9518682925340948
988,-164.57500000000002,-109.1469416647669,0.5467001662847775,0.7322744825188894,0.9717792346896341,0.8949869791666667,0.940799145230019
989,-153.22500000000002,-109.1469416647669,0.55574852103647,0.7350753089150344,0.9728656099850195,0.9196614583333333,0.9254771400390978
990,-141.875,-109.1469416647669,0.5574960724227815,0.7381444776959848,0.9739347687619717,0.9432291666666667,0.9009998708926283
991,-130.525,-109.1469416647669,0.5577008660228807,0.7415068815537699,0.9749826568318695,0.9606770833333333,0.8801418697069852
992,-119.17500000000003,-109.1469416647669,0.549267814752416,0.7451846768931634,0.9760043080051873,0.9679036458333333,0.8560381263250473
993,-107.82500000000002,-109.1469416647669,0.5325503374350461,0.7491931889062944,0.9769936272396506,0.9718098958333333,0.8221579767242873
994,-96.47500000000001,-109.1469416647669,0.5156847121495244,0.7535343768360779,0.9779431374743627,0.9748697916666667,0.7871226941801183
995,96.47500000000001,-109.1469416647669,0.5202727318013719,0.7535343768360778,0.9779431374743627,0.9750651041666667,0.7947231063500735
996,107.825,-109.1469416647669,0.5338882530476938,0.7491931889062944,0.9769936272396506,0.9724609375,0.8237958147548611
997,119.17500000000001,-109.1469416647669,0.5469217997723176,0.7451846768931634,0.9760043080051873,0.96875,0.8522598661286919
998,130.52500000000003,-109.1469416647669,0.5515237597640644,0.7415068815537699,0.9749826568318695,0.9600911458333333,0.8717229035478318
999,141.87500000000003,-109.1469416647669,0.5539642609255047,0.7381444776959847,0.9739347687619717,0.944140625,0.8943748661529174
1000,153.22500000000002,-109.1469416647669,0.5507758275934335,0.7350753089150343,0.9728656099850195,0.9201822916666667,0.916954952675922
1001,164.57500000000005,-109.1469416647669,0.5429969813057325,0.7322744825188894,0.9717792346896341,0.8947916666666667,0.9345371376124001
1002,175.92500000000004,-109.1469416647669,0.5320556062565793,0.7297168033311934,0.9706789640748918,0.86953125,0.9476155903680115
1003,187.27500000000003,-109.1469416647669,0.5171507084206197,0.7273781308979935,0.969567531041177,0.8446614583333333,0.9538452885248422
1004,198.62500000000003,-109.1469416647669,0.4992958730264976,0.7252360648894385,0.9684471957844782,0.8179036458333333,0.9560930571209203
1005,209.97500000000002,-109.1469416647669,0.48252310813634475,0.7232702256332257,0.967319837615804,0.7924479166666667,0.9585184658752033
1006,221.32500000000005,-109.1469416647669,0.4668739585488927,0.7214623000550147,0.9661870277558454,0.7689453125,0.9602556290576824
1007,232.67500000000004,-109.1469416647669,0.45164772681314835,0.7197959588905705,0.9650500870820049,0.7466796875,0.9611349050948005
1008,244.02500000000003,-109.1469416647669,0.43673306368543324,0.718256709468907,0.963910132043081,0.726171875,0.9598962827820401
1009,255.37500000000006,-109.1469416647669,0.42228247930683216,0.7168317221302957,0.9627681112902114,0.7061197916666667,0.9583955632049872
1010,266.725,-109.1469416647669,0.40685277763004574,0.7155096520667906,0.9616248350215117,0.6850260416666667,0.9553559336887545
1011,278.07500000000005,-109.1469416647669,0.39224282370471497,0.7142804684332381,0.9604809985971916,0.6650390625,0.9519284859915298
1012,289.42500000000007,-109.1469416647669,0.3790621011074694,0.7131352966100937,0.9593372016356712,0.6466145833333333,0.9495057663596346
1013,300.77500000000003,-109.1469416647669,0.3655793727319142,0.7120662759957576,0.9581939635320471,0.6270182291666667,0.9472864490261652
1014,312.12500000000006,-109.1469416647669,0.35460416280530843,0.7110664337132189,0.957051736132234,0.6104817708333333,0.9460568170819689
1015,323.4750000000001,-109.1469416647669,0.3423387668506534,0.7101295735388836,0.9559109141355079,0.5934895833333333,0.9418655759276674
1016,-329.15000000000003,-99.31755333181351,0.32994496962507397,0.7152825116799418,0.955473985722591,0.5658203125,0.9516579000913327
1017,-317.80000000000007,-99.31755333181351,0.34118773246719986,0.716369909688027,0.9566189470518812,0.5813802083333334,0.9533386881300869
1018,-306.45000000000005,-99.31755333181351,0.3535219581471512,0.7175291950015565,0.9577658195578492,0.5982421875,0.956293126845077
1019,-295.1,-99.31755333181351,0.3659945178264385,0.7187673773557073,0.9589142654816264,0.6156901041666667,0.959069859982381
1020,-283.75000000000006,-99.31755333181351,0.3778888343633569,0.720092348047848,0.9600638983598134,0.6322265625,0.9611563710206816
1021,-272.40000000000003,-99.31755333181351,0.3917263697537706,0.7215130095340988,0.9612142741550046,0.6515625,0.9628214189832198
1022,-261.05,-99.31755333181351,0.4060546212723024,0.7230394246368341,0.9623648804369084,0.6715494791666666,0.9647464126479673
1023,-249.70000000000005,-99.31755333181351,0.4218881394401278,0.724682987391476,0.963515123114819,0.6934244791666667,0.9660775468061014
1024,-238.35000000000002,-99.31755333181351,0.4374991305084734,0.7264566169720758,0.9646643100781067,0.71484375,0.9676210518043304
1025,-227.00000000000003,-99.31755333181351,0.4544007214062868,0.7283749748273178,0.9658116309119649,0.7380859375,0.96805983046721
1026,-215.65000000000003,-99.31755333181351,0.4702069111385736,0.730454702615662,0.966956131606537,0.7602864583333333,0.9672042684800427
1027,-204.3,-99.31755333181351,0.4877042999794743,0.7327146739004647,0.9680966828499394,0.7835286458333334,0.9678534514640948
1028,-192.95000000000002,-99.31755333181351,0.5058957753645883,0.7351762444629186,0.9692319400663167,0.8090494791666667,0.9661414646163979
1029,-181.60000000000002,-99.31755333181351,0.5258232526092659,0.7378634722576494,0.9703602928018139,0.837109375,0.9639185045568082
1030,-170.25000000000003,-99.31755333181351,0.5425400071814195,0.7408032548580561,0.9714798003457825,0.8642578125,0.9562846156041869
1031,-158.90000000000003,-99.31755333181351,0.5540865257827335,0.7440252940270139,0.9725881095817431,0.8918619791666667,0.9402528522003756
1032,-147.55,-99.31755333181351,0.5593216676026673,0.7475617351151044,0.9736823500010557,0.9188151041666667,0.9156938455546138
1033,-136.20000000000002,-99.31755333181351,0.5614829756677452,0.7514462307420623,0.9747589996655459,0.9434895833333333,0.8891597233946672
1034,-124.85000000000002,-99.31755333181351,0.5552596601676919,0.7557120271567956,0.9758137149259771,0.9619140625,0.8571318908207886
1035,-113.50000000000001,-99.31755333181351,0.5412808312675382,0.7603884507782682,0.9768411164954002,0.96796875,0.8249079490389802
1036,-102.15,-99.31755333181351,0.5233707446169666,0.7654948771026107,0.9778345263288482,0.970703125,0.7893378437298705
1037,102.15,-99.31755333181351,0.5258105773499944,0.7654948771026107,0.9778345263288482,0.9711588541666667,0.7932439948420217
1038,113.50000000000001,-99.31755333181351,0.5413229932120246,0.7603884507782683,0.9768411164954002,0.9682942708333333,0.82537968649446
1039,124.85000000000002,-99.31755333181351,0.5514849982715215,0.7557120271567955,0.9758137149259771,0.9610026041666667,0.85235460988515
1040,136.20000000000002,-99.31755333181351,0.5552518907747104,0.7514462307420622,0.9747589996655459,0.9447916666666667,0.8782520395100667
1041,147.55,-99.31755333181351,0.555128039940347,0.7475617351151043,0.9736823500010557,0.9192708333333334,0.9079464186699757
1042,158.90000000000003,-99.31755333181351,0.5499737928477246,0.7440252940270138,0.9725881095817431,0.8921875,0.9329440708820752
1043,170.25000000000003,-99.31755333181351,0.538223450982055,0.7408032548580559,0.9714798003457825,0.8643880208333333,0.948801960552343
1044,181.60000000000002,-99.31755333181351,0.5228949127860757,0.7378634722576493,0.9703602928018139,0.8373046875,0.9582021376287811
1045,192.95000000000002,-99.31755333181351,0.5047666609225574,0.7351762444629186,0.9692319400663167,0.8104817708333333,0.9624105165332016
1046,204.3,-99.31755333181351,0.4862402959204159,0.7327146739004645,0.9680966828499394,0.7841796875,0.9639123817576387
1047,215.65000000000003,-99.31755333181351,0.468693288962884,0.7304547026156619,0.966956131606537,0.759765625,0.9650909030425538
1048,227.00000000000003,-99.31755333181351,0.45202440029874785,0.7283749748273178,0.9658116309119649,0.7369140625,0.9650784251374743
1049,238.35000000000002,-99.31755333181351,0.4355062233281601,0.7264566169720759,0.9646643100781067,0.7149739583333333,0.9633245827640459
1050,249.70000000000005,-99.31755333181351,0.419423954545268,0.7246829873914761,0.963515123114819,0.6932942708333333,0.9618420492337812
1051,261.05,-99.31755333181351,0.4035699744163558,0.723039424636834,0.9623648804369084,0.6718098958333333,0.9591604888772302
1052,272.40000000000003,-99.31755333181351,0.3883109303315057,0.7215130095340986,0.9612142741550046,0.6522786458333333,0.955174904433913
1053,283.75000000000006,-99.31755333181351,0.3742499861554548,0.7200923480478478,0.9600638983598134,0.6327473958333333,0.9526138340647818
1054,295.1,-99.31755333181351,0.36067509492883865,0.7187673773557073,0.9589142654816264,0.6141927083333333,0.9495299259500473
1055,306.45000000000005,-99.31755333181351,0.34822752493001163,0.7175291950015565,0.9577658195578492,0.5963541666666666,0.947281924619664
1056,317.80000000000007,-99.31755333181351,0.3370371478025173,0.716369909688027,0.9566189470518812,0.5806640625,0.9442798866313862
1057,329.15000000000003,-99.31755333181351,0.32575760235140633,0.715282511679942,0.955473985722591,0.5666666666666667,0.939070704299864
1058,-334.82500000000005,-89.48816499886013,0.31482425378379175,0.7202640765347783,0.9550041655984746,0.5425130208333333,0.9491405316370759
1059,-323.475,-89.48816499886013,0.3254317466134406,0.7214919926170863,0.9561518458922383,0.5555989583333333,0.953009215129179
1060,-312.12500000000006,-89.48816499886013,0.33679466037441297,0.7227998113055077,0.9573018386223281,0.5714192708333333,0.9548934506882845
1061,-300.77500000000003,-89.48816499886013,0.3493935206527209,0.7241952487351333,0.9584538517114377,0.5875651041666666,0.9588620026847491
1062,-289.425,-89.48816499886013,0.36268596652551827,0.725686991071911,0.9596075512661371,0.6060546875,0.9613212521273493
1063,-278.07500000000005,-89.48816499886013,0.37679293943079434,0.7272848395479401,0.9607625539916659,0.6252604166666667,0.9636639194899702
1064,-266.725,-89.48816499886013,0.3901651767633456,0.7289998788183596,0.9619184179388042,0.6436848958333333,0.9646342234912052
1065,-255.375,-89.48816499886013,0.40583952320471217,0.730844671843639,0.963074631152855,0.6651692708333333,0.9660612143189626
1066,-244.02500000000003,-89.48816499886013,0.42209636312085663,0.7328334843683865,0.9642305976685891,0.6865234375,0.9682474408738823
1067,-232.675,-89.48816499886013,0.43863466494282394,0.734982541417075,0.9653856201278386,0.708984375,0.968896282341125
1068,-221.32500000000002,-89.48816499886013,0.4563908405487606,0.7373103166359681,0.9665388780743295,0.7321614583333333,0.9702228183149207
1069,-209.97500000000002,-89.48816499886013,0.4743419074557541,0.7398378520646208,0.967689400684536,0.7552734375,0.9714239829546301
1070,-198.625,-89.48816499886013,0.49446725381733575,0.742589099820112,0.9688360322987732,0.7813151041666667,0.9717064716119567
1071,-187.275,-89.48816499886013,0.514297018558793,0.7455912662223803,0.969977388591822,0.8077473958333333,0.9701348748639654
1072,-175.925,-89.48816499886013,0.534925770524871,0.7488751197695839,0.9711118005281334,0.8362630208333334,0.966694710468729
1073,-164.57500000000002,-89.48816499886013,0.5499643875451419,0.7524751916705947,0.9722372423395028,0.8622395833333333,0.9563297950733303
1074,-153.22500000000002,-89.48816499886013,0.5599121365155705,0.756429742640261,0.9733512386060784,0.8916666666666667,0.9338324392967957
1075,-141.875,-89.48816499886013,0.5651959907294758,0.76078027873097,0.9744507441084077,0.919140625,0.9075025720619004
1076,-130.525,-89.48816499886013,0.5625292875704063,0.7655702518457023,0.9755319885364598,0.9448567708333333,0.8718335078131723
1077,-119.17500000000003,-89.48816499886013,0.5516596069249623,0.7708423499309833,0.9765902767017972,0.9615234375,0.8338732398828578
1078,-107.82500000000002,-89.48816499886013,0.5321936760312624,0.7766334385110704,0.9776197344030155,0.96640625,0.7938202764964922
1079,-96.47500000000001,-89.48816499886013,0.5247518511118264,0.7829657502530042,0.9786129923401821,0.9908203125,0.7540681550749517
1080,96.47500000000001,-89.48816499886013,0.525028242029769,0.7829657502530042,0.9786129923401821,0.9906901041666667,0.7549924717647712
1081,107.825,-89.48816499886013,0.5334231085958737,0.7766334385110704,0.9776197344030155,0.9658203125,0.7963006045648238
1082,119.17500000000001,-89.48816499886013,0.5491005855389968,0.7708423499309833,0.9765902767017972,0.9615885416666666,0.8306353140494542
1083,130.52500000000003,-89.48816499886013,0.5580072691985473,0.7655702518457024,0.9755319885364598,0.9457682291666667,0.8643583409441575
1084,141.87500000000003,-89.48816499886013,0.5600629214889481,0.76078027873097,0.9744507441084077,0.9194010416666667,0.899011301323118
1085,153.22500000000002,-89.48816499886013,0.5565397927864806,0.756429742640261,0.9733512386060784,0.8915364583333333,0.928028015986042
1086,164.57500000000005,-89.48816499886013,0.5468677431111896,0.7524751916705947,0.9722372423395028,0.8632161458333333,0.9501377373269211
1087,175.92500000000004,-89.48816499886013,0.5310276465739706,0.748875119769584,0.9711118005281334,0.8356119791666666,0.9609999850454525
1088,187.27500000000003,-89.48816499886013,0.5116587138803003,0.7455912662223803,0.969977388591822,0.8070963541666667,0.9661172301462261
1089,198.62500000000003,-89.48816499886013,0.4910892479501653,0.742589099820112,0.9688360322987732,0.7794921875,0.9679590628492043
1090,209.97500000000002,-89.48816499886013,0.47238585891488777,0.7398378520646208,0.967689400684536,0.7548177083333333,0.9685722769007596
1091,221.32500000000005,-89.48816499886013,0.45394901879193394,0.737310316635968,0.9665388780743295,0.7309895833333333,0.9671961224869388
1092,232.67500000000004,-89.48816499886013,0.43620429629851876,0.7349825414170749,0.9653856201278386,0.7079427083333333,0.9657229504490485
1093,244.02500000000003,-89.48816499886013,0.41960669538518025,0.7328334843683865,0.9642305976685891,0.6866536458333333,0.963865416720278
1094,255.37500000000006,-89.48816499886013,0.40334413409892267,0.730844671843639,0.963074631152855,0.6654296875,0.9608347478458609
1095,266.725,-89.48816499886013,0.3870488073836994,0.7289998788183595,0.9619184179388042,0.6448567708333334,0.9566379766094523
1096,278.07500000000005,-89.48816499886013,0.3714413220192947,0.7272848395479401,0.9607625539916659,0.6242838541666667,0.9530652486375978
1097,289.42500000000007,-89.48816499886013,0.35711276940029346,0.725686991071911,0.9596075512661371,0.6052734375,0.9494803588154483
1098,300.77500000000003,-89.48816499886013,0.3449814996892662,0.7241952487351334,0.9584538517114377,0.5884114583333333,0.9473450028240784
1099,312.12500000000006,-89.48816499886013,0.33255743900986395,0.7227998113055077,0.9573018386223281,0.5722005208333333,0.943410728356585
1100,323.4750000000001,-89.48816499886013,0.32111898627204166,0.7214919926170863,0.9561518458922383,0.5569661458333334,0.939159431268782
1101,334.82500000000005,-89.48816499886013,0.31011090155109866,0.7202640765347783,0.9550041655984746,0.54296875,0.9344645343185728
1102,-340.50000000000006,-79.65877666590676,0.3058581515711664,0.7250693102579716,0.9545029240226784,0.5302734375,0.9468727090925824
1103,-329.15000000000003,-79.65877666590676,0.31454920366414296,0.7264271259740245,0.9556519920664708,0.5401692708333333,0.9498564603753863
1104,-317.80000000000007,-79.65877666590676,0.3265145976131782,0.7278718755095058,0.9568036769914555,0.5565755208333333,0.9530414070503253
1105,-306.45000000000005,-79.65877666590676,0.3386561587556196,0.729411855946754,0.9579577219345145,0.5725260416666667,0.9557505189135679
1106,-295.1,-79.65877666590676,0.35160821080105986,0.7310564021421568,0.9591138336245991,0.5891276041666667,0.959512357717374
1107,-283.75000000000006,-79.65877666590676,0.3648178189773777,0.7328160429341916,0.9602716758299438,0.6057291666666667,0.9634699822808326
1108,-272.40000000000003,-79.65877666590676,0.379729946518702,0.7347026833268437,0.9614308613713958,0.62578125,0.9652353910060756
1109,-261.05,-79.65877666590676,0.3935102344688329,0.736729816725289,0.9625909423324539,0.6434244791666667,0.9673630089115378
1110,-249.70000000000005,-79.65877666590676,0.4096678493930529,0.7389127715304223,0.9637513979876589,0.6649088541666667,0.9689115200519485
1111,-238.35000000000002,-79.65877666590676,0.42641565474667403,0.7412689962840467,0.9649116198260101,0.6858072916666667,0.9714551165869513
1112,-227.00000000000003,-79.65877666590676,0.44433198216310577,0.7438183867650991,0.9660708928525013,0.7083984375,0.9731908510705124
1113,-215.65000000000003,-79.65877666590676,0.46264285230010493,0.7465836563927046,0.9672283720912271,0.731640625,0.9737482884166772
1114,-204.3,-79.65877666590676,0.48170079256844667,0.7495907470047438,0.9683830528639059,0.75546875,0.9746190368842538
1115,-192.95000000000002,-79.65877666590676,0.501975433503006,0.7528692688651863,0.9695337329467987,0.7802734375,0.975316133757735
1116,-181.60000000000002,-79.65877666590676,0.5240146426075497,0.7564529437568156,0.9706789640748918,0.8080078125,0.9743480703549366
1117,-170.25000000000003,-79.65877666590676,0.5452191471414785,0.7603799984465666,0.9718169894133567,0.8369140625,0.9698187753658415
1118,-158.90000000000003,-79.65877666590676,0.559827953694889,0.7646934097065935,0.9729456624930396,0.8641276041666667,0.9555931021316734
1119,-147.55,-79.65877666590676,0.5696460808507177,0.7694408234309589,0.9740623416544948,0.8938151041666667,0.9308211020494228
1120,-136.20000000000002,-79.65877666590676,0.568350941532493,0.7746738385784144,0.9751637522485354,0.9196614583333333,0.8946511990460753
1121,-124.85000000000002,-79.65877666590676,0.5607424744235788,0.7804461306623008,0.9762458068073134,0.9459635416666666,0.8503093314326129
1122,-113.50000000000001,-79.65877666590676,0.5430312858365286,0.7868095472658305,0.9773033715443805,0.9600911458333333,0.8048742286202092
1123,-102.15,-79.65877666590676,0.526578268277883,0.7938067957837168,0.9783299669787907,0.9653645833333333,0.767988546742134
1124,102.15,-79.65877666590676,0.5266273324964459,0.7938067957837167,0.9783299669787907,0.9651041666666667,0.7686902757423927
1125,113.50000000000001,-79.65877666590676,0.545353930008963,0.7868095472658305,0.9773033715443805,0.9595703125,0.808784271234082
1126,124.85000000000002,-79.65877666590676,0.5580190341287857,0.7804461306623008,0.9762458068073134,0.9465494791666667,0.8466211613455297
1127,136.20000000000002,-79.65877666590676,0.563637322341386,0.7746738385784145,0.9751637522485354,0.9208333333333333,0.8863745509790374
1128,147.55,-79.65877666590676,0.5641863437972643,0.7694408234309589,0.9740623416544948,0.8931640625,0.9226385601613861
1129,158.90000000000003,-79.65877666590676,0.5563300849401778,0.7646934097065936,0.9729456624930396,0.8641276041666667,0.94902792416439
1130,170.25000000000003,-79.65877666590676,0.541807660465326,0.7603799984465666,0.9718169894133567,0.8365885416666666,0.9645353775566221
1131,181.60000000000002,-79.65877666590676,0.5217267964123634,0.7564529437568156,0.9706789640748918,0.808203125,0.97047919248605
1132,192.95000000000002,-79.65877666590676,0.501024460739332,0.7528692688651865,0.9695337329467987,0.7822916666666667,0.9713389122148876
1133,204.3,-79.65877666590676,0.47977050803117116,0.7495907470047438,0.9683830528639059,0.7553385416666667,0.9711386720213974
1134,215.65000000000003,-79.65877666590676,0.4604479516856894,0.7465836563927045,0.9672283720912271,0.7313151041666667,0.97031580459108
1135,227.00000000000003,-79.65877666590676,0.44194755271946773,0.743818386765099,0.9660708928525013,0.7085286458333333,0.9682520698707594
1136,238.35000000000002,-79.65877666590676,0.42446338436441994,0.7412689962840467,0.9649116198260101,0.6875,0.9652705723021248
1137,249.70000000000005,-79.65877666590676,0.4074418253526242,0.7389127715304222,0.9637513979876589,0.6666015625,0.9616027921018357
1138,261.05,-79.65877666590676,0.39010416136267323,0.7367298167252893,0.9625909423324539,0.6448567708333334,0.9577751443380128
1139,272.40000000000003,-79.65877666590676,0.3746122837305616,0.7347026833268436,0.9614308613713958,0.6251302083333333,0.9540707518917355
1140,283.75000000000006,-79.65877666590676,0.3602068391889491,0.7328160429341918,0.9602716758299438,0.6065755208333333,0.9506091746670151
1141,295.1,-79.65877666590676,0.3472569375053924,0.731056402142157,0.9591138336245991,0.5893229166666667,0.9472917925824759
1142,306.45000000000005,-79.65877666590676,0.33480350694689637,0.7294118559467541,0.9579577219345145,0.5729817708333333,0.9444362039333221
1143,317.80000000000007,-79.65877666590676,0.3221299810041029,0.7278718755095059,0.9568036769914555,0.5565755208333333,0.9402614352092529
1144,329.15000000000003,-79.65877666590676,0.3101350282267071,0.7264271259740244,0.9556519920664708,0.5408854166666667,0.9356830945857381
1145,-334.82500000000005,-69.82938833295339,0.3123430457779067,0.7311719536988642,0.9551209672484068,0.538671875,0.9449248091854667
1146,-323.475,-69.82938833295339,0.3234495579461167,0.7327416400501866,0.9562730178273516,0.5522786458333333,0.9495924172712515
1147,-312.12500000000006,-69.82938833295339,0.3355998726241037,0.7344129997301713,0.9574276703210971,0.5679036458333333,0.9534375381076833
1148,-300.77500000000003,-69.82938833295339,0.3483024003345481,0.7361958585372277,0.9585846612592023,0.583984375,0.9569580577991879
1149,-289.425,-69.82938833295339,0.36094955137704016,0.7381012874718699,0.9597436890652706,0.5995442708333333,0.9605406850219735
1150,-278.07500000000005,-69.82938833295339,0.37411991209109824,0.7401417926633276,0.9609044070523897,0.6167317708333333,0.9628740762597634
1151,-266.725,-69.82938833295339,0.3891829993496988,0.7423315372582381,0.9620664148516603,0.6360026041666667,0.9651983687330632
1152,-255.375,-69.82938833295339,0.4049039237492165,0.7446866003110814,0.9632292478607526,0.6556640625,0.9678403162632355
1153,-244.02500000000003,-69.82938833295339,0.4212253284185742,0.7472252779627715,0.9643923641745947,0.6757161458333333,0.9703544619877686
1154,-232.675,-69.82938833295339,0.438520888048287,0.7499684319644134,0.9655551282931474,0.6969401041666666,0.9726620221481037
1155,-221.32500000000002,-69.82938833295339,0.45570748509657577,0.752939889439488,0.9667167906766779,0.7185546875,0.9731251509908633
1156,-209.97500000000002,-69.82938833295339,0.4747761854649177,0.7561668948794283,0.9678764619154516,0.74140625,0.9743943408745113
1157,-198.625,-69.82938833295339,0.49452356164033395,0.7596806093515938,0.969033079869554,0.7649088541666667,0.9752570681550208
1158,-187.275,-69.82938833295339,0.515550150417466,0.7635166403908352,0.9701853675764643,0.7905598958333333,0.9747702639544735
1159,-175.925,-69.82938833295339,0.5370891449217059,0.7677155649981525,0.9713317789674747,0.8164713541666667,0.9731071747158146
1160,-164.57500000000002,-69.82938833295339,0.5559621025001378,0.7723233707331233,0.9724704284146825,0.842578125,0.965974861261185
1161,-153.22500000000002,-69.82938833295339,0.5695312884421149,0.7773916746055712,0.9735989987745858,0.8705078125,0.947507426648348
1162,-141.875,-69.82938833295339,0.5749160591839356,0.7829774675479845,0.9747146208373961,0.8973958333333333,0.9185275615383464
1163,-130.525,-69.82938833295339,0.5704294550619634,0.7891419438453234,0.9758137149259771,0.9227213541666667,0.8775975655707082
1164,-119.17500000000003,-69.82938833295339,0.5555108435517998,0.7959476654903668,0.9768917829847648,0.9472005208333333,0.8250880405499194
1165,-107.82500000000002,-69.82938833295339,0.5361647225049893,0.8034528226198548,0.9779431374743627,0.9611979166666667,0.7770081928868623
1166,107.825,-69.82938833295339,0.5374645714148312,0.8034528226198547,0.9779431374743627,0.9608723958333333,0.7787707543505141
1167,119.17500000000001,-69.82938833295339,0.5553967003536191,0.7959476654903668,0.9768917829847648,0.9470052083333333,0.8251023739345941
1168,130.52500000000003,-69.82938833295339,0.5672845132068021,0.7891419438453233,0.9758137149259771,0.9237630208333333,0.8719104687262462
1169,141.87500000000003,-69.82938833295339,0.5709153652730293,0.7829774675479845,0.9747146208373961,0.8972005208333333,0.9125388773881543
1170,153.22500000000002,-69.82938833295339,0.5670014193128979,0.7773916746055712,0.9735989987745858,0.8705078125,0.943216968457801
1171,164.57500000000005,-69.82938833295339,0.5540052150509915,0.7723233707331235,0.9724704284146825,0.8429036458333333,0.9623898374811781
1172,175.92500000000004,-69.82938833295339,0.5346722055408394,0.7677155649981525,0.9713317789674747,0.8165364583333333,0.9692776943443551
1173,187.27500000000003,-69.82938833295339,0.5132426690664526,0.7635166403908353,0.9701853675764643,0.78984375,0.9714574501027068
1174,198.62500000000003,-69.82938833295339,0.4919909470461374,0.7596806093515936,0.969033079869554,0.7646484375,0.9710442553118994
1175,209.97500000000002,-69.82938833295339,0.47223562599179103,0.7561668948794283,0.9678764619154516,0.7414713541666667,0.9696082362577075
1176,221.32500000000005,-69.82938833295339,0.4536595013073338,0.7529398894394881,0.9667167906766779,0.7186848958333333,0.9688924753336854
1177,232.67500000000004,-69.82938833295339,0.4352208490807859,0.7499684319644133,0.9655551282931474,0.6968098958333333,0.9659203397128076
1178,244.02500000000003,-69.82938833295339,0.4177389678940931,0.7472252779627715,0.9643923641745947,0.6762369791666667,0.9619783263111958
1179,255.37500000000006,-69.82938833295339,0.4009888222354642,0.7446866003110814,0.9632292478607526,0.6556640625,0.9590952612314884
1180,266.725,-69.82938833295339,0.3845213614460226,0.742331537258238,0.9620664148516603,0.6356119791666667,0.9545120443572278
1181,278.07500000000005,-69.82938833295339,0.3697302226439842,0.7401417926633279,0.9609044070523897,0.6174479166666667,0.9508063306558489
1182,289.42500000000007,-69.82938833295339,0.3552052004106806,0.7381012874718699,0.9597436890652706,0.5993489583333333,0.9465237180903217
1183,300.77500000000003,-69.82938833295339,0.3431311358975296,0.7361958585372277,0.9585846612592023,0.5837239583333333,0.9436737611879131
1184,312.12500000000006,-69.82938833295339,0.3304768028921467,0.7344129997301714,0.9574276703210971,0.5674479166666667,0.9399262799315885
1185,323.4750000000001,-69.82938833295339,0.31898184041478816,0.7327416400501865,0.9562730178273516,0.5529296875,0.9363410318149165
1186,334.82500000000005,-69.82938833295339,0.31026855420466887,0.7311719536988641,0.9551209672484068,0.5442708333333334,0.9319563703214901
1187,-340.50000000000006,-60.0,0.3192320043571327,0.7357250944240861,0.9545603595788417,0.5543619791666666,0.9368219383104237
1188,-329.15000000000003,-60.0,0.32818853520134333,0.7374075979618984,0.9557115530359326,0.5618489583333334,0.9424832025523971
1189,-317.80000000000007,-60.0,0.339318728991897,0.7391970330060944,0.9568655026464795,0.5750651041666667,0.9465400302609642
1190,-306.45000000000005,-60.0,0.35179709099557965,0.7411035565966295,0.9580219652044096,0.590234375,0.951229169018989
1191,-295.1,-60.0,0.3647787810616995,0.7431385942127429,0.9591806628615983,0.606640625,0.9544934482959486
1192,-283.75000000000006,-60.0,0.377494852164964,0.7453150313113983,0.9603412768528794,0.621875,0.9579860440926687
1193,-272.40000000000003,-60.0,0.3904590610749846,0.747647437106062,0.9615034398366172,0.6380208333333334,0.9600086212661388
1194,-261.05,-60.0,0.4064061436897023,0.7501523258455097,0.962666726490349,0.6570963541666667,0.9635537884982663
1195,-249.70000000000005,-60.0,0.4223498824077278,0.7528484612756459,0.9638306418931962,0.6761067708333334,0.966473004385255
1196,-238.35000000000002,-60.0,0.43826155639784065,0.7557572100416559,0.964994607082637,0.6949869791666666,0.9685857630971756
1197,-227.00000000000003,-60.0,0.45509816897184574,0.7589029491430448,0.9661579409797464,0.715625,0.9697297747773154
1198,-215.65000000000003,-60.0,0.4732790992704114,0.7623135305385883,0.967319837615804,0.7378255208333333,0.9700309061424204
1199,-204.3,-60.0,0.4924431871600559,0.7660208014790066,0.9684793372389693,0.7610026041666667,0.9701462994360668
1200,-192.95000000000002,-60.0,0.5123156840307236,0.7700611701680355,0.9696352893983328,0.7837890625,0.9709569867918678
1201,-181.60000000000002,-60.0,0.5325103930144902,0.7744761895686666,0.9707863054475483,0.8077473958333333,0.9690892784038104
1202,-170.25000000000003,-60.0,0.553443169048381,0.7793131018793514,0.9719306970215418,0.8320963541666667,0.9670313286763336
1203,-158.90000000000003,-60.0,0.5703892354655619,0.7846252327831952,0.9730663958435103,0.8557942708333334,0.9579997950472314
1204,-147.55,-60.0,0.5808155287212794,0.7904720320078896,0.9741908486371198,0.8807291666666667,0.9374222060613996
1205,-136.20000000000002,-60.0,0.5797090203049993,0.7969183989999825,0.9753008788943431,0.9045572916666667,0.901487942949967
1206,-124.85000000000002,-60.0,0.5696097749495717,0.8040326690901505,0.97639250482578,0.929296875,0.8537104849325011
1207,-113.50000000000001,-60.0,0.5509275084438562,0.8118822083364844,0.9774607003175774,0.9496744791666667,0.79989853368143
1208,-102.15,-60.0,0.5433778017770133,0.8205249054856071,0.9784990841310166,0.982421875,0.7513822502995453
1209,102.15,-60.0,0.5439227517965086,0.8205249054856072,0.9784990841310166,0.9823567708333333,0.7520076236953173
1210,113.50000000000001,-60.0,0.5529226521621381,0.8118822083364844,0.9774607003175774,0.9486979166666667,0.8034583801421856
1211,124.85000000000002,-60.0,0.5674658641700784,0.8040326690901505,0.97639250482578,0.928125,0.8517326131745017
1212,136.20000000000002,-60.0,0.5753632298587102,0.7969183989999825,0.9753008788943431,0.9051432291666667,0.8942509763429439
1213,147.55,-60.0,0.5770675188877699,0.7904720320078896,0.9741908486371198,0.8794921875,0.9325754151870652
1214,158.90000000000003,-60.0,0.5675845582050179,0.7846252327831952,0.9730663958435103,0.8551432291666666,0.9539894357715808
1215,170.25000000000003,-60.0,0.5511628783025604,0.7793131018793514,0.9719306970215418,0.8310546875,0.9644270444914073
1216,181.60000000000002,-60.0,0.5308002821119945,0.7744761895686665,0.9707863054475483,0.8061197916666667,0.9683106987658704
1217,192.95000000000002,-60.0,0.5114048548460374,0.7700611701680355,0.9696352893983328,0.7833333333333333,0.9698467266287912
1218,204.3,-60.0,0.49134045473593274,0.7660208014790065,0.9684793372389693,0.7600260416666667,0.9695852244787867
1219,215.65000000000003,-60.0,0.47313505690724816,0.7623135305385883,0.967319837615804,0.7387369791666667,0.9685646776033053
1220,227.00000000000003,-60.0,0.4543584270818283,0.7589029491430449,0.9661579409797464,0.7158854166666667,0.9674915249808335
1221,238.35000000000002,-60.0,0.43782637348968406,0.7557572100416559,0.964994607082637,0.6966796875,0.9650542586970865
1222,249.70000000000005,-60.0,0.41928475635575424,0.7528484612756459,0.9638306418931962,0.6750651041666667,0.9611213807604614
1223,261.05,-60.0,0.40311558718138346,0.7501523258455097,0.962666726490349,0.6559895833333333,0.9580405917080859
1224,272.40000000000003,-60.0,0.38824634073465575,0.747647437106062,0.9615034398366172,0.6384114583333333,0.9539699891657067
1225,283.75000000000006,-60.0,0.3742155259694621,0.7453150313113984,0.9603412768528794,0.6216145833333333,0.9503336382879694
1226,295.1,-60.0,0.3611195763709265,0.7431385942127428,0.9591806628615983,0.6055989583333333,0.9465387079731217
1227,306.45000000000005,-60.0,0.3488974402672793,0.7411035565966295,0.9580219652044096,0.5901692708333334,0.9436987773389928
1228,317.80000000000007,-60.0,0.3364969341185145,0.7391970330060945,0.9568655026464795,0.5751302083333333,0.9396027375437682
1229,329.15000000000003,-60.0,0.3244910657953513,0.7374075979618984,0.9557115530359326,0.559765625,0.9354892416247226
1230,340.50000000000006,-60.0,0.31601869015223305,0.735725094424086,0.9545603595788417,0.5522135416666667,0.9310991817853398
1231,-346.175,-50.17061166704662,0.3297340736115128,0.7400869025038674,0.9539717497055586,0.5700520833333333,0.9344777287719874
1232,-334.82500000000005,-50.17061166704662,0.33634007819392386,0.7418702048047142,0.9551209672484068,0.5740234375,0.9388912857471508
1233,-323.475,-50.17061166704662,0.34866596571833025,0.7437645358955944,0.9562730178273516,0.5886067708333333,0.9441939943547392
1234,-312.12500000000006,-50.17061166704662,0.3601898219400183,0.745780230175378,0.9574276703210971,0.6014973958333333,0.9489504965765244
1235,-300.77500000000003,-50.17061166704662,0.37279065940065786,0.7479288873593866,0.9585846612592023,0.6166666666666667,0.9523239525034088
1236,-289.425,-50.17061166704662,0.38558622943943205,0.7502235600035873,0.9597436890652706,0.632421875,0.9552921939470207
1237,-278.07500000000005,-50.17061166704662,0.3987814269938036,0.7526789720885415,0.9609044070523897,0.6483072916666667,0.957848496523475
1238,-266.725,-50.17061166704662,0.4121534299692132,0.755311773692712,0.9620664148516603,0.6641927083333333,0.9601332361157742
1239,-255.375,-50.17061166704662,0.42866826997426044,0.7581408372228543,0.9632292478607526,0.6829427083333334,0.9640085309094695
1240,-244.02500000000003,-50.17061166704662,0.44364789104746144,0.7611876008196139,0.9643923641745947,0.7009765625,0.9652940853935909
1241,-232.675,-50.17061166704662,0.45920576122393797,0.7644764641076428,0.9655551282931474,0.7194661458333333,0.9663990961054206
1242,-221.32500000000002,-50.17061166704662,0.4766920070129451,0.7680352398656074,0.9667167906766779,0.740234375,0.9673766364716008
1243,-209.97500000000002,-50.17061166704662,0.4943641227820904,0.7718956615080796,0.9678764619154516,0.7611328125,0.9676438236985223
1244,-198.625,-50.17061166704662,0.5127717902177026,0.7760939388779328,0.969033079869554,0.7821614583333333,0.9677019491958869
1245,-187.275,-50.17061166704662,0.5308728433753928,0.7806713409819027,0.9701853675764643,0.8033203125,0.9654839115860557
1246,-175.925,-50.17061166704662,0.5498717598199413,0.7856747592808213,0.9713317789674747,0.824609375,0.9635761990703297
1247,-164.57500000000002,-50.17061166704662,0.5668686168000746,0.7911571610925503,0.9724704284146825,0.8462890625,0.9566835274896072
1248,-153.22500000000002,-50.17061166704662,0.5817578627296952,0.7971777664789521,0.9735989987745858,0.8685546875,0.9457404160457372
1249,-141.875,-50.17061166704662,0.5872371955413385,0.8038016522955856,0.9747146208373961,0.8902994791666666,0.9211697312033746
1250,-130.525,-50.17061166704662,0.5827821400017782,0.8110982701815274,0.9758137149259771,0.9128255208333333,0.8818899397031524
1251,-119.17500000000003,-50.17061166704662,0.5665184926994585,0.8191380112868529,0.9768917829847648,0.9336588541666667,0.8298133371031792
1252,-107.82500000000002,-50.17061166704662,0.5485738467596419,0.8279853949391426,0.9779431374743627,0.9544270833333334,0.7770873687119871
1253,107.825,-50.17061166704662,0.5512650095224672,0.8279853949391425,0.9779431374743627,0.9536458333333333,0.782120260280198
1254,119.17500000000001,-50.17061166704662,0.5671861490301652,0.819138011286853,0.9768917829847648,0.9344401041666667,0.8300854698824521
1255,130.52500000000003,-50.17061166704662,0.5789878363089251,0.8110982701815274,0.9758137149259771,0.9126302083333333,0.8769492897830615
1256,141.87500000000003,-50.17061166704662,0.5820006317636517,0.8038016522955856,0.9747146208373961,0.8905598958333333,0.9128048699143835
1257,153.22500000000002,-50.17061166704662,0.5790348223785601,0.7971777664789521,0.9735989987745858,0.8676432291666667,0.9422874107607453
1258,164.57500000000005,-50.17061166704662,0.5660990559137254,0.7911571610925504,0.9724704284146825,0.8460286458333334,0.9560289890826806
1259,175.92500000000004,-50.17061166704662,0.5490387951070327,0.7856747592808214,0.9713317789674747,0.824609375,0.9620835071271788
1260,187.27500000000003,-50.17061166704662,0.5300113084212403,0.7806713409819025,0.9701853675764643,0.8027994791666667,0.9648721871708066
1261,198.62500000000003,-50.17061166704662,0.5125004682970757,0.7760939388779328,0.969033079869554,0.7820963541666667,0.96726097401245
1262,209.97500000000002,-50.17061166704662,0.49392096762720317,0.7718956615080796,0.9678764619154516,0.7602213541666667,0.9675569362749166
1263,221.32500000000005,-50.17061166704662,0.47640491565857196,0.7680352398656074,0.9667167906766779,0.7403645833333333,0.9663550100207802
1264,232.67500000000004,-50.17061166704662,0.45816765961438366,0.7644764641076428,0.9655551282931474,0.7194661458333333,0.9642337909025067
1265,244.02500000000003,-50.17061166704662,0.44113060943834975,0.7611876008196138,0.9643923641745947,0.7001302083333333,0.9614137906355659
1266,255.37500000000006,-50.17061166704662,0.4254198371024831,0.7581408372228541,0.9632292478607526,0.6827473958333333,0.9577133502700742
1267,266.725,-50.17061166704662,0.4096052363992712,0.7553117736927121,0.9620664148516603,0.6638020833333333,0.9546384147573007
1268,278.07500000000005,-50.17061166704662,0.395919533165604,0.7526789720885413,0.9609044070523897,0.6481770833333333,0.9511784483647642
1269,289.42500000000007,-50.17061166704662,0.3821456352492787,0.7502235600035871,0.9597436890652706,0.6322916666666667,0.9471765865509293
1270,300.77500000000003,-50.17061166704662,0.3695466014176315,0.7479288873593867,0.9585846612592023,0.6176432291666667,0.9432411608397311
1271,312.12500000000006,-50.17061166704662,0.3559596861525845,0.745780230175378,0.9574276703210971,0.6016276041666667,0.9384563691429766
1272,323.4750000000001,-50.17061166704662,0.34395312591602406,0.7437645358955944,0.9562730178273516,0.5865885416666666,0.9346971730192476
1273,334.82500000000005,-50.17061166704662,0.332899915591287,0.7418702048047142,0.9551209672484068,0.5731119791666667,0.9307551900519209
1274,346.17500000000007,-50.17061166704662,0.3260410813563392,0.7400869025038674,0.9539717497055586,0.56875,0.926484531944426
1275,-340.50000000000006,-40.34122333409324,0.34533776068033145,0.7461315970864284,0.9545029240226784,0.5868489583333333,0.9367446381006838
1276,-329.15000000000003,-40.34122333409324,0.3578339117265355,0.7481179859755422,0.9556519920664708,0.6016276041666667,0.9416433352578023
1277,-317.80000000000007,-40.34122333409324,0.3697101781283904,0.7502287626105939,0.9568036769914555,0.6154947916666667,0.9456525182724385
1278,-306.45000000000005,-40.34122333409324,0.3820167514374575,0.7524755352769775,0.9579577219345145,0.6291666666666667,0.9504783181495037
1279,-295.1,-40.34122333409324,0.39432188310262856,0.7548713298188953,0.9591138336245991,0.6436848958333333,0.9534345357689273
1280,-283.75000000000006,-40.34122333409324,0.4077392409678086,0.7574307971063767,0.9602716758299438,0.6597005208333333,0.9562657399750679
1281,-272.40000000000003,-40.34122333409324,0.4206908065558103,0.7601704536688467,0.9614308613713958,0.6751302083333334,0.9584263066843256
1282,-261.05,-40.34122333409324,0.4351191154723489,0.7631089602852389,0.9625909423324539,0.6916015625,0.9608461462402047
1283,-249.70000000000005,-40.34122333409324,0.4511522489571131,0.7662674433796794,0.9637513979876589,0.7098307291666667,0.9634079687584687
1284,-238.35000000000002,-40.34122333409324,0.4660956409725246,0.769669863580878,0.9649116198260101,0.7272786458333333,0.9645225397149452
1285,-227.00000000000003,-40.34122333409324,0.4818924951156877,0.7733434342886948,0.9660708928525013,0.7455729166666667,0.9651793454014947
1286,-215.65000000000003,-40.34122333409324,0.49801244058311883,0.7773190897459276,0.9672283720912271,0.7642578125,0.9650162922154798
1287,-204.3,-40.34122333409324,0.5141015839824432,0.7816319955730485,0.9683830528639059,0.7833984375,0.9629346568404454
1288,-192.95000000000002,-40.34122333409324,0.5304467552074855,0.7863220826957859,0.9695337329467987,0.8018880208333333,0.9610451264771204
1289,-181.60000000000002,-40.34122333409324,0.5483947694298669,0.7914345642477084,0.9706789640748918,0.8227864583333333,0.9578876842006235
1290,-170.25000000000003,-40.34122333409324,0.5651036078046878,0.7970203580004839,0.9718169894133567,0.8419270833333333,0.9540081690511019
1291,-158.90000000000003,-40.34122333409324,0.5797337857014989,0.8031362737129207,0.9729456624930396,0.8611979166666667,0.9455928269505371
1292,-147.55,-40.34122333409324,0.5901057500360961,0.8098447186289524,0.9740623416544948,0.8825520833333333,0.9286747321571023
1293,-136.20000000000002,-40.34122333409324,0.5916672518320302,0.8172124987886782,0.9751637522485354,0.9024088541666667,0.900378591715765
1294,-124.85000000000002,-40.34122333409324,0.5839065685289402,0.825308009757322,0.9762458068073134,0.9206380208333333,0.8612919031081493
1295,-113.50000000000001,-40.34122333409324,0.5665202826713547,0.8341956661653686,0.9773033715443805,0.9360677083333333,0.8128128382145735
1296,-102.15,-40.34122333409324,0.55865505110361,0.8439257643047031,0.9783299669787907,0.978125,0.7552863064861497
1297,102.15,-40.34122333409324,0.5607748504310838,0.8439257643047031,0.9783299669787907,0.9781901041666666,0.7580565119923145
1298,113.50000000000001,-40.34122333409324,0.5679138159023626,0.8341956661653687,0.9773033715443805,0.9357421875,0.8151814300520678
1299,124.85000000000002,-40.34122333409324,0.58090272305761,0.825308009757322,0.9762458068073134,0.9196614583333333,0.8582471280697797
1300,136.20000000000002,-40.34122333409324,0.5866397831868058,0.8172124987886783,0.9751637522485354,0.901953125,0.8934693501262465
1301,147.55,-40.34122333409324,0.5858082531825289,0.8098447186289524,0.9740623416544948,0.8822265625,0.9221492396900322
1302,158.90000000000003,-40.34122333409324,0.5782703096052918,0.8031362737129208,0.9729456624930396,0.861328125,0.9430873686061488
1303,170.25000000000003,-40.34122333409324,0.5645327809612442,0.7970203580004839,0.9718169894133567,0.84140625,0.9536209978563657
1304,181.60000000000002,-40.34122333409324,0.5481630121319644,0.7914345642477084,0.9706789640748918,0.8216796875,0.9589789470175809
1305,192.95000000000002,-40.34122333409324,0.530377833704505,0.7863220826957859,0.9695337329467987,0.8012369791666667,0.9621471358431317
1306,204.3,-40.34122333409324,0.5148662967443516,0.7816319955730485,0.9683830528639059,0.7833333333333333,0.9645128856819405
1307,215.65000000000003,-40.34122333409324,0.49871726155526924,0.7773190897459276,0.9672283720912271,0.7654947916666667,0.9648375721664189
1308,227.00000000000003,-40.34122333409324,0.4809926643994605,0.7733434342886948,0.9660708928525013,0.7456380208333333,0.9635061930556035
1309,238.35000000000002,-40.34122333409324,0.4640795504913902,0.769669863580878,0.9649116198260101,0.7263020833333333,0.9618593708390938
1310,249.70000000000005,-40.34122333409324,0.4475774004301862,0.7662674433796794,0.9637513979876589,0.70859375,0.9581558462450673
1311,261.05,-40.34122333409324,0.43352315005541264,0.763108960285239,0.9625909423324539,0.69296875,0.955676999471548
1312,272.40000000000003,-40.34122333409324,0.41800411793829106,0.7601704536688466,0.9614308613713958,0.6750651041666667,0.9523223311632847
1313,283.75000000000006,-40.34122333409324,0.40477756299997636,0.7574307971063766,0.9602716758299438,0.659765625,0.9496373307789422
1314,295.1,-40.34122333409324,0.38987543411684994,0.7548713298188953,0.9591138336245991,0.6429036458333334,0.9445180131386762
1315,306.45000000000005,-40.34122333409324,0.3771473479915984,0.7524755352769776,0.9579577219345145,0.6285807291666666,0.9404740267602517
1316,317.80000000000007,-40.34122333409324,0.3651142871186347,0.7502287626105939,0.9568036769914555,0.6142578125,0.9363995848845618
1317,329.15000000000003,-40.34122333409324,0.3540960617073773,0.7481179859755422,0.9556519920664708,0.6009765625,0.9333701005635642
1318,340.50000000000006,-40.34122333409324,0.3431920583262848,0.7461315970864283,0.9545029240226784,0.5886067708333333,0.9285890843998748
1319,-346.175,-30.511835001139865,0.36172929568200546,0.7501953177769115,0.9538590542537482,0.6143880208333333,0.9354221797380405
1320,-334.82500000000005,-30.511835001139865,0.3687183029390802,0.7522614371066282,0.9550041655984746,0.6172526041666667,0.9401329348375931
1321,-323.475,-30.511835001139865,0.37919144958584766,0.754453809105199,0.9561518458922383,0.6291015625,0.9434701026521066
1322,-312.12500000000006,-30.511835001139865,0.39202735898512153,0.7567839042347132,0.9573018386223281,0.6430989583333333,0.9489809990222701
1323,-300.77500000000003,-30.511835001139865,0.40476666412111256,0.7592645519277053,0.9584538517114377,0.6580078125,0.952114851765477
1324,-289.425,-30.511835001139865,0.41712670662861107,0.7619101324192704,0.9596075512661371,0.67265625,0.9540960072685469
1325,-278.07500000000005,-30.511835001139865,0.4308407354620119,0.7647367977737006,0.9607625539916659,0.68828125,0.9570801967771129
1326,-266.725,-30.511835001139865,0.44422500941237925,0.7677627259258692,0.9619184179388042,0.7039713541666667,0.9584619402897125
1327,-255.375,-30.511835001139865,0.45847199579483855,0.7710084114264103,0.963074631152855,0.7207682291666667,0.9594109862454697
1328,-244.02500000000003,-30.511835001139865,0.4733446432215251,0.7744969959067954,0.9642305976685891,0.7380208333333333,0.9605262471492713
1329,-232.675,-30.511835001139865,0.4876135451647235,0.7782546396427701,0.9653856201278386,0.754296875,0.9605545004940151
1330,-221.32500000000002,-30.511835001139865,0.5038240272590662,0.782310932289142,0.9665388780743295,0.7719401041666667,0.9613352189743452
1331,-209.97500000000002,-30.511835001139865,0.5192324896515356,0.7866993347232853,0.967689400684536,0.789453125,0.9596878499603091
1332,-198.625,-30.511835001139865,0.5339019380304867,0.7914576330570963,0.9688360322987732,0.8069661458333334,0.9559523059848687
1333,-187.275,-30.511835001139865,0.5487818947586783,0.7966283671288916,0.969977388591822,0.824609375,0.9520652979083347
1334,-175.925,-30.511835001139865,0.5627986977760702,0.8022591640833929,0.9711118005281334,0.8419921875,0.9459374852893454
1335,-164.57500000000002,-30.511835001139865,0.5780378491917396,0.8084028548150314,0.9722372423395028,0.8609375,0.9395261730194427
1336,-153.22500000000002,-30.511835001139865,0.5901908250295581,0.8151171641768369,0.9733512386060784,0.8792317708333334,0.9284391744824764
1337,-141.875,-30.511835001139865,0.5957106984206604,0.8224636251692238,0.9744507441084077,0.8967447916666667,0.9085856461310059
1338,-130.525,-30.511835001139865,0.5944277412876129,0.8305051441616087,0.9755319885364598,0.9111979166666667,0.8817976833096708
1339,-119.17500000000003,-30.511835001139865,0.5852654758389512,0.8393013013801466,0.9765902767017972,0.9258463541666667,0.8443139063117012
1340,-107.82500000000002,-30.511835001139865,0.5669686326843105,0.8488999720397519,0.9776197344030155,0.9378255208333334,0.7977962242665994
1341,-96.47500000000001,-30.511835001139865,0.5604193697073414,0.8593231978976912,0.9786129923401821,0.9766276041666667,0.7448243010734467
1342,96.47500000000001,-30.511835001139865,0.5633234997687087,0.8593231978976911,0.9786129923401821,0.976953125,0.7483914836883333
1343,107.825,-30.511835001139865,0.5684749021001038,0.8488999720397515,0.9776197344030155,0.9388671875,0.7991854616930784
1344,119.17500000000001,-30.511835001139865,0.5820664969846698,0.8393013013801466,0.9765902767017972,0.9252604166666667,0.8404496887208975
1345,130.52500000000003,-30.511835001139865,0.5907874613804144,0.8305051441616086,0.9755319885364598,0.9115234375,0.8758563596019301
1346,141.87500000000003,-30.511835001139865,0.5910480115392016,0.8224636251692237,0.9744507441084077,0.8966796875,0.9013498827049523
1347,153.22500000000002,-30.511835001139865,0.5857972511381551,0.8151171641768369,0.9733512386060784,0.8789713541666667,0.9219139044061622
1348,164.57500000000005,-30.511835001139865,0.5773819935947204,0.8084028548150312,0.9722372423395028,0.8610677083333333,0.9382903492772457
1349,175.92500000000004,-30.511835001139865,0.5651573290978624,0.8022591640833929,0.9711118005281334,0.842578125,0.9491238245760477
1350,187.27500000000003,-30.511835001139865,0.5497280308711503,0.7966283671288916,0.969977388591822,0.8236328125,0.955225315295931
1351,198.62500000000003,-30.511835001139865,0.5350746729979952,0.7914576330570963,0.9688360322987732,0.8061197916666667,0.9593530749707199
1352,209.97500000000002,-30.511835001139865,0.5199924676952932,0.7866993347232852,0.967689400684536,0.7886067708333333,0.9620979326068172
1353,221.32500000000005,-30.511835001139865,0.504452498725787,0.7823109322891418,0.9665388780743295,0.7717447916666667,0.9624430966768528
1354,232.67500000000004,-30.511835001139865,0.48830112811228404,0.7782546396427702,0.9653856201278386,0.7549479166666667,0.9610125158526626
1355,244.02500000000003,-30.511835001139865,0.471749018383221,0.7744969959067954,0.9642305976685891,0.7364583333333333,0.9595148774807147
1356,255.37500000000006,-30.511835001139865,0.4569415116748248,0.7710084114264102,0.963074631152855,0.7203125,0.9571028958364014
1357,266.725,-30.511835001139865,0.4409803912840868,0.7677627259258692,0.9619184179388042,0.7025390625,0.9539071339036617
1358,278.07500000000005,-30.511835001139865,0.42782342594270056,0.7647367977737004,0.9607625539916659,0.6881510416666666,0.9509711497104434
1359,289.42500000000007,-30.511835001139865,0.41293476226544507,0.7619101324192702,0.9596075512661371,0.6711588541666667,0.947056334797506
1360,300.77500000000003,-30.511835001139865,0.3995273379528308,0.7592645519277053,0.9584538517114377,0.6561197916666667,0.9429092497964606
1361,312.12500000000006,-30.511835001139865,0.38786388863671456,0.7567839042347131,0.9573018386223281,0.6430338541666667,0.9395137514589644
1362,323.4750000000001,-30.511835001139865,0.37613894573840023,0.754453809105199,0.9561518458922383,0.6294270833333333,0.9360996168314163
1363,334.82500000000005,-30.511835001139865,0.3644588359657885,0.7522614371066283,0.9550041655984746,0.6157552083333333,0.9321746370756195
1364,346.17500000000007,-30.511835001139865,0.3584980376020007,0.7501953177769114,0.9538590542537482,0.6145833333333334,0.9269437151011886
1365,-340.50000000000006,-20.682446668186486,0.3789425483694181,0.756200216686117,0.954331231933475,0.6315755208333333,0.9393590397571665
1366,-329.15000000000003,-20.682446668186486,0.39005848731569637,0.7584614418947543,0.955473985722591,0.644921875,0.9416929512160264
1367,-317.80000000000007,-20.682446668186486,0.4021799360725609,0.7608609405107896,0.9566189470518812,0.6583984375,0.9457316883390517
1368,-306.45000000000005,-20.682446668186486,0.41387819470558185,0.7634112029017808,0.9577658195578492,0.6718098958333333,0.9485224783381838
1369,-295.1,-20.682446668186486,0.42697970569812044,0.7661261748605249,0.9589142654816264,0.6871744791666666,0.9515611199446383
1370,-283.75000000000006,-20.682446668186486,0.43929736123086127,0.7690214553573153,0.9600638983598134,0.7015625,0.9528058701631613
1371,-272.40000000000003,-20.682446668186486,0.45434829319607173,0.7721145216377655,0.9612142741550046,0.7188151041666667,0.9555073000186224
1372,-261.05,-20.682446668186486,0.46724521127209184,0.7754249840257363,0.9623648804369084,0.7337890625,0.9558664154517907
1373,-249.70000000000005,-20.682446668186486,0.4804359400860193,0.7789748718832465,0.963515123114819,0.7490234375,0.9558854582038986
1374,-238.35000000000002,-20.682446668186486,0.4954810471624764,0.7827889503406228,0.9646643100781067,0.7649739583333334,0.957346446438926
1375,-227.00000000000003,-20.682446668186486,0.5104327968338491,0.7868950640234724,0.9658116309119649,0.7809244791666666,0.9577987544548068
1376,-215.65000000000003,-20.682446668186486,0.5249001685530638,0.7913244980753465,0.966956131606537,0.7967447916666667,0.9565621206248326
1377,-204.3,-20.682446668186486,0.5387064613239182,0.7961123367154548,0.9680966828499394,0.8130859375,0.9528410835711336
1378,-192.95000000000002,-20.682446668186486,0.5509064116235678,0.801297782843962,0.9692319400663167,0.8296875,0.9456981354692717
1379,-181.60000000000002,-20.682446668186486,0.5651997602548399,0.8069243748032077,0.9703602928018139,0.846484375,0.9410666682608224
1380,-170.25000000000003,-20.682446668186486,0.5779330787102606,0.8130399920544793,0.9714798003457825,0.8635416666666667,0.9333041322548337
1381,-158.90000000000003,-20.682446668186486,0.5890876064946774,0.819696470634495,0.9725881095817431,0.8807942708333333,0.9222403129679528
1382,-147.55,-20.682446668186486,0.5973448626902857,0.8269485375874589,0.9736823500010557,0.8948567708333334,0.9095594501946854
1383,-136.20000000000002,-20.682446668186486,0.6003861613619009,0.8348516012876028,0.9747589996655459,0.9085286458333334,0.8898729491648432
1384,-124.85000000000002,-20.682446668186486,0.5982803476689137,0.8434576771740755,0.9758137149259771,0.9213541666666667,0.864172909167216
1385,-113.50000000000001,-20.682446668186486,0.5867993542949457,0.8528083640448497,0.9768411164954002,0.9328776041666667,0.8269193729628314
1386,-102.15,-20.682446668186486,0.5709224189700751,0.8629233193850431,0.9778345263288482,0.9481770833333333,0.7811602931681425
1387,102.15,-20.682446668186486,0.5727535791063574,0.8629233193850429,0.9778345263288482,0.9479817708333333,0.7841644989469532
1388,113.50000000000001,-20.682446668186486,0.5865486290264291,0.8528083640448496,0.9768411164954002,0.9328776041666667,0.8266191973356977
1389,124.85000000000002,-20.682446668186486,0.5959750997719727,0.8434576771740756,0.9758137149259771,0.92109375,0.8610739652378726
1390,136.20000000000002,-20.682446668186486,0.5972957105109737,0.8348516012876027,0.9747589996655459,0.9081380208333333,0.8857055759189696
1391,147.55,-20.682446668186486,0.5924163692393576,0.8269485375874589,0.9736823500010557,0.8951822916666666,0.9019903566311354
1392,158.90000000000003,-20.682446668186486,0.5877619770467762,0.819696470634495,0.9725881095817431,0.880859375,0.9196960088574662
1393,170.25000000000003,-20.682446668186486,0.5806534316881581,0.8130399920544793,0.9714798003457825,0.8634114583333333,0.9375582724252249
1394,181.60000000000002,-20.682446668186486,0.568506668762083,0.8069243748032077,0.9703602928018139,0.8462890625,0.9465737508627721
1395,192.95000000000002,-20.682446668186486,0.5547707589355755,0.8012977828439622,0.9692319400663167,0.8294921875,0.952397877342758
1396,204.3,-20.682446668186486,0.5416030839436402,0.7961123367154548,0.9680966828499394,0.8129557291666667,0.9579627527504794
1397,215.65000000000003,-20.682446668186486,0.5267309231458991,0.7913244980753465,0.966956131606537,0.7967447916666667,0.9595342831849776
1398,227.00000000000003,-20.682446668186486,0.5110376610824161,0.7868950640234725,0.9658116309119649,0.7807291666666667,0.9590045568721699
1399,238.35000000000002,-20.682446668186486,0.4955627828916323,0.7827889503406229,0.9646643100781067,0.7641927083333333,0.9584232577766248
1400,249.70000000000005,-20.682446668186486,0.48125739541751483,0.7789748718832464,0.963515123114819,0.7494791666666667,0.9568432774344231
1401,261.05,-20.682446668186486,0.4655657419325639,0.7754249840257365,0.9623648804369084,0.7325520833333333,0.9542728222192297
1402,272.40000000000003,-20.682446668186486,0.45114599032570973,0.7721145216377655,0.9612142741550046,0.7166666666666667,0.9522143631364429
1403,283.75000000000006,-20.682446668186486,0.4368089927342676,0.7690214553573153,0.9600638983598134,0.7004557291666667,0.9493885243401677
1404,295.1,-20.682446668186486,0.42413702721231555,0.7661261748605251,0.9589142654816264,0.6862630208333333,0.9465948795340363
1405,306.45000000000005,-20.682446668186486,0.41124634070158556,0.7634112029017807,0.9577658195578492,0.672265625,0.9425688390352047
1406,317.80000000000007,-20.682446668186486,0.39919665719352077,0.7608609405107896,0.9566189470518812,0.6587890625,0.9388701593996973
1407,329.15000000000003,-20.682446668186486,0.38729613704105476,0.7584614418947542,0.955473985722591,0.6455729166666667,0.9346935518789912
1408,340.50000000000006,-20.682446668186486,0.37537485305226986,0.756200216686117,0.954331231933475,0.6317057291666667,0.9303429660667237
1409,-346.175,-10.853058335233108,0.39563794275773645,0.7599406479856393,0.9536348294253811,0.6621744791666667,0.9354900747587684
1410,-334.82500000000005,-10.853058335233108,0.39997910943438897,0.7622588264172283,0.954771843674436,0.6598307291666666,0.9396022570175864
1411,-323.475,-10.853058335233108,0.4118965752036644,0.7647147910649527,0.9559109141355079,0.6741536458333334,0.9419576515591318
1412,-312.12500000000006,-10.853058335233108,0.4248738420972817,0.7673205783345217,0.957051736132234,0.6882161458333333,0.9462268863678764
1413,-300.77500000000003,-10.853058335233108,0.43685946937082626,0.7700895700100878,0.9581939635320471,0.7018880208333333,0.9483925157259911
1414,-289.425,-10.853058335233108,0.4498515193711835,0.7730366658043304,0.9593372016356712,0.7166015625,0.9506011667525344
1415,-278.07500000000005,-10.853058335233108,0.46252842142262257,0.7761784773838052,0.9604809985971916,0.7315104166666667,0.9514033667331835
1416,-266.725,-10.853058335233108,0.47605949099087014,0.7795335449065838,0.9616248350215117,0.7462239583333333,0.953013748293793
1417,-255.375,-10.853058335233108,0.4885646700080928,0.7831225759787868,0.9627681112902114,0.759765625,0.9535200767840466
1418,-244.02500000000003,-10.853058335233108,0.5029836188909115,0.7869687049088594,0.963910132043081,0.7751302083333333,0.9542896012911412
1419,-232.675,-10.853058335233108,0.5175366874358035,0.7910977666748505,0.9650500870820049,0.7910807291666667,0.954074043031198
1420,-221.32500000000002,-10.853058335233108,0.5329636213212471,0.7955385742789285,0.9661870277558454,0.8074869791666667,0.9538879415468462
1421,-209.97500000000002,-10.853058335233108,0.5456158955707343,0.8003231788352514,0.967319837615804,0.8225260416666667,0.9499143969275416
1422,-198.625,-10.853058335233108,0.5580416143181272,0.8054870767961452,0.9684471957844782,0.8379557291666667,0.9445496380642423
1423,-187.275,-10.853058335233108,0.571073941083688,0.8110693050617688,0.969567531041177,0.8547526041666667,0.9381214489082871
1424,-175.925,-10.853058335233108,0.5824950336479897,0.8171123276474734,0.9706789640748918,0.8702473958333333,0.9298015315662949
1425,-164.57500000000002,-10.853058335233108,0.5912817292030407,0.8236615601749588,0.9717792346896341,0.8831380208333334,0.9199521110404703
1426,-153.22500000000002,-10.853058335233108,0.6002063331632754,0.8307642908836741,0.9728656099850195,0.89765625,0.9080778107427655
1427,-141.875,-10.853058335233108,0.6057065241798938,0.838467626158135,0.9739347687619717,0.9095703125,0.8941694477119315
1428,-130.525,-10.853058335233108,0.6055765755512947,0.8468148999991162,0.9749826568318695,0.9213541666666667,0.8721454837782575
1429,-119.17500000000003,-10.853058335233108,0.6029298810424158,0.8558397298438158,0.9760043080051873,0.930859375,0.8491493698701726
1430,-107.82500000000002,-10.853058335233108,0.5911827086739317,0.8655565859637752,0.9769936272396506,0.9382161458333333,0.8158560163029448
1431,-96.47500000000001,-10.853058335233108,0.5842837187549879,0.8759464390194763,0.9779431374743627,0.975,0.7636457979777538
1432,96.47500000000001,-10.853058335233108,0.5869110233231566,0.8759464390194763,0.9779431374743627,0.9752604166666666,0.7663799522453387
1433,107.825,-10.853058335233108,0.5911020448318348,0.8655565859637753,0.9769936272396506,0.9380859375,0.8160764545110933
1434,119.17500000000001,-10.853058335233108,0.6008831473880973,0.8558397298438157,0.9760043080051873,0.9314453125,0.8457516085245752
1435,130.52500000000003,-10.853058335233108,0.6038504334930688,0.8468148999991162,0.9749826568318695,0.9224609375,0.8686616888876294
1436,141.87500000000003,-10.853058335233108,0.6011003381131227,0.838467626158135,0.9739347687619717,0.9110026041666667,0.8860656806359505
1437,153.22500000000002,-10.853058335233108,0.598569662931288,0.8307642908836741,0.9728656099850195,0.898046875,0.9052542869852104
1438,164.57500000000005,-10.853058335233108,0.5930002827754188,0.8236615601749588,0.9717792346896341,0.8838541666666667,0.9212738005924106
1439,175.92500000000004,-10.853058335233108,0.587088087906311,0.8171123276474735,0.9706789640748918,0.8703125,0.9367473437723625
1440,187.27500000000003,-10.853058335233108,0.575804581249796,0.8110693050617688,0.969567531041177,0.8544270833333333,0.9458138929832163
1441,198.62500000000003,-10.853058335233108,0.561477511637182,0.8054870767961451,0.9684471957844782,0.8373046875,0.9506567622973247
1442,209.97500000000002,-10.853058335233108,0.548683752623448,0.8003231788352514,0.967319837615804,0.8222005208333333,0.955225556920429
1443,221.32500000000005,-10.853058335233108,0.5344626254944987,0.7955385742789286,0.9661870277558454,0.8067708333333333,0.9571332593169701
1444,232.67500000000004,-10.853058335233108,0.5194211027233038,0.7910977666748507,0.9650500870820049,0.7907552083333333,0.9576202515223967
1445,244.02500000000003,-10.853058335233108,0.5050594887936533,0.7869687049088594,0.963910132043081,0.7767578125,0.9561570911266225
1446,255.37500000000006,-10.853058335233108,0.4897023359393809,0.7831225759787868,0.9627681112902114,0.7610677083333334,0.9542838801338848
1447,266.725,-10.853058335233108,0.4758771864798161,0.7795335449065838,0.9616248350215117,0.7469401041666667,0.9521781693245381
1448,278.07500000000005,-10.853058335233108,0.4619675310291492,0.7761784773838052,0.9604809985971916,0.731640625,0.9505403495270949
1449,289.42500000000007,-10.853058335233108,0.44813833858019275,0.7730366658043304,0.9593372016356712,0.7163411458333333,0.9476814761419372
1450,300.77500000000003,-10.853058335233108,0.4345367670888622,0.7700895700100878,0.9581939635320471,0.7006510416666667,0.9454047020608384
1451,312.12500000000006,-10.853058335233108,0.4224594829011144,0.7673205783345218,0.957051736132234,0.6878255208333334,0.9417328694222988
1452,323.4750000000001,-10.853058335233108,0.4101127772743873,0.7647147910649527,0.9559109141355079,0.6741536458333334,0.9377977888331505
1453,334.82500000000005,-10.853058335233108,0.3987621592387181,0.7622588264172282,0.954771843674436,0.6616536458333333,0.9341132979045879
1454,346.17500000000007,-10.853058335233108,0.393561628711806,0.7599406479856392,0.9536348294253811,0.6634114583333334,0.9286681601058072
1455,-340.50000000000006,-1.0236700022797294,0.4108346936647145,0.765853933164935,0.954047098377067,0.6767578125,0.9370260963439848
1456,-329.15000000000003,-1.0236700022797294,0.42227122516696725,0.7683544683824632,0.9551795300774798,0.6888020833333334,0.9411700095902946
1457,-317.80000000000007,-1.0236700022797294,0.4332133645540209,0.7710029014917951,0.9563135142888639,0.7011067708333333,0.9435600550055087
1458,-306.45000000000005,-1.0236700022797294,0.44570506330676163,0.7738119533902563,0.9574486934526705,0.7158854166666667,0.9452008678566209
1459,-295.1,-1.0236700022797294,0.45796706820409605,0.7767957184085515,0.9585846612592023,0.7287760416666667,0.9481479594824331
1460,-283.75000000000006,-1.0236700022797294,0.4711014512877881,0.7799698270072554,0.9597209543084854,0.7430338541666667,0.950318396313909
1461,-272.40000000000003,-1.0236700022797294,0.4831987220015422,0.7833516241268395,0.9608570420634946,0.7564453125,0.9505814098207056
1462,-261.05,-1.0236700022797294,0.4973045121622592,0.7869603617329138,0.9619923146927296,0.7716796875,0.9517017199328526
1463,-249.70000000000005,-1.0236700022797294,0.5111714801919096,0.7908174019456733,0.9631260682934761,0.7861979166666667,0.952249872626169
1464,-238.35000000000002,-1.0236700022797294,0.5252783649492241,0.7949464236764137,0.9642574868523471,0.8014322916666666,0.9517377271795175
1465,-227.00000000000003,-1.0236700022797294,0.5389255239320473,0.7993736202126095,0.9653856201278386,0.8164713541666667,0.9501037961119173
1466,-215.65000000000003,-1.0236700022797294,0.5535811966591855,0.804127866637266,0.9665093564214122,0.8327473958333333,0.9480010043981616
1467,-204.3,-1.0236700022797294,0.5671902073781682,0.8092408227513136,0.9676273889292228,0.8485026041666667,0.9442494198619893
1468,-192.95000000000002,-1.0236700022797294,0.577440665840437,0.8147469169402667,0.9687381740256312,0.8627604166666667,0.9360315097609941
1469,-181.60000000000002,-1.0236700022797294,0.5885688024564645,0.8206831257711642,0.9698398794168257,0.8760416666666667,0.9296746031383724
1470,-170.25000000000003,-1.0236700022797294,0.5980680177517765,0.8270884181972971,0.9709303196222603,0.8902994791666666,0.9195285124745413
1471,-158.90000000000003,-1.0236700022797294,0.6058266104558955,0.834002665602123,0.9720068757233467,0.9024088541666667,0.9089761001530826
1472,-147.55,-1.0236700022797294,0.6127366772875775,0.841464721588186,0.9730663958435103,0.9141927083333333,0.8974506965854375
1473,-136.20000000000002,-1.0236700022797294,0.6134996730132559,0.8495092405302295,0.9741050725719584,0.9225911458333333,0.880365888062332
1474,-124.85000000000002,-1.0236700022797294,0.6122566370018847,0.8581616283676978,0.9751182938800598,0.9296223958333333,0.8618025072181947
1475,-113.50000000000001,-1.0236700022797294,0.610119780947512,0.8674303162645685,0.9761004656870342,0.9367838541666667,0.8417459243055551
1476,-102.15,-1.0236700022797294,0.5965943587983191,0.8772953724513862,0.977044808307106,0.9416666666666667,0.8091345393436237
1477,-90.80000000000001,-1.0236700022797294,0.5913226797565744,0.887692462942523,0.9779431374743627,0.97421875,0.7631854497553989
1478,90.80000000000001,-1.0236700022797294,0.5943428320676625,0.887692462942523,0.9779431374743627,0.9744791666666667,0.7667950389434222
1479,102.15,-1.0236700022797294,0.5964179347392535,0.8772953724513861,0.977044808307106,0.9421223958333333,0.8083351574702708
1480,113.50000000000001,-1.0236700022797294,0.6057585271684985,0.8674303162645685,0.9761004656870342,0.9367838541666667,0.8360279101384201
1481,124.85000000000002,-1.0236700022797294,0.6077919323820932,0.8581616283676978,0.9751182938800598,0.9289713541666667,0.8563024961769579
1482,136.20000000000002,-1.0236700022797294,0.608097966322197,0.8495092405302296,0.9741050725719584,0.923046875,0.8721115034252731
1483,147.55,-1.0236700022797294,0.6083685986303172,0.8414647215881861,0.9730663958435103,0.913671875,0.8913902743159152
1484,158.90000000000003,-1.0236700022797294,0.6067336590727669,0.8340026656021229,0.9720068757233467,0.9029947916666666,0.9093490266654732
1485,170.25000000000003,-1.0236700022797294,0.6016309367748099,0.8270884181972972,0.9709303196222603,0.8891927083333333,0.9258688194252026
1486,181.60000000000002,-1.0236700022797294,0.594060651813083,0.8206831257711642,0.9698398794168257,0.8770182291666667,0.9371046093127064
1487,192.95000000000002,-1.0236700022797294,0.5832090563013641,0.8147469169402666,0.9687381740256312,0.863671875,0.9438517479118786
1488,204.3,-1.0236700022797294,0.5710525465231908,0.8092408227513136,0.9676273889292228,0.8486979166666667,0.9498279974965452
1489,215.65000000000003,-1.0236700022797294,0.5569019921123337,0.8041278666372661,0.9665093564214122,0.8330078125,0.9528268783604276
1490,227.00000000000003,-1.0236700022797294,0.5420189073344819,0.7993736202126094,0.9653856201278386,0.8172526041666667,0.9540878260156701
1491,238.35000000000002,-1.0236700022797294,0.5275381800032086,0.7949464236764137,0.9642574868523471,0.8024739583333333,0.9542616426847538
1492,249.70000000000005,-1.0236700022797294,0.5118323964537042,0.7908174019456733,0.9631260682934761,0.7858072916666666,0.953901067726834
1493,261.05,-1.0236700022797294,0.4969234041185719,0.7869603617329138,0.9619923146927296,0.7699869791666667,0.9531260043124293
1494,272.40000000000003,-1.0236700022797294,0.48385990130019985,0.7833516241268395,0.9608570420634946,0.7568359375,0.9515444592643729
1495,283.75000000000006,-1.0236700022797294,0.4698667089964122,0.7799698270072554,0.9597209543084854,0.742578125,0.9482621956799446
1496,295.1,-1.0236700022797294,0.45674695510308255,0.7767957184085515,0.9585846612592023,0.7287760416666667,0.9455918815287614
1497,306.45000000000005,-1.0236700022797294,0.445283537539126,0.7738119533902563,0.9574486934526705,0.7165364583333333,0.943212824940081
1498,317.80000000000007,-1.0236700022797294,0.43225451453765623,0.771002901491795,0.9563135142888639,0.7021484375,0.9400274328559148
1499,329.15000000000003,-1.0236700022797294,0.4205500487600628,0.7683544683824634,0.9551795300774798,0.6895182291666667,0.93611406830639
1500,340.50000000000006,-1.0236700022797294,0.409223532997491,0.7658539331649351,0.954047098377067,0.6766276041666667,0.9332190537237676
1501,-346.175,8.805718330673642,0.4266092656289458,0.7692552870522724,0.953301355017869,0.7033854166666667,0.9375015521123428
1502,-334.82500000000005,8.805718330673642,0.430376987288174,0.7717895614416591,0.9544265030348826,0.6991536458333333,0.9426865321300524
1503,-323.475,8.805718330673642,0.44094021191565996,0.774468988995464,0.9555529749242383,0.7106770833333333,0.9447940309754934
1504,-312.12500000000006,8.805718330673642,0.45127577801716706,0.777305562608401,0.9566803998632646,0.7216796875,0.9470620047276432
1505,-300.77500000000003,8.805718330673642,0.4631979361182116,0.7803125010606762,0.9578083579555657,0.7352864583333333,0.9476311257563783
1506,-289.425,8.805718330673642,0.47557612985853287,0.7835043815558667,0.9589363721163768,0.7490885416666667,0.9485051417474691
1507,-278.07500000000005,8.805718330673642,0.4891911407795597,0.7868972817383431,0.9600638983598134,0.7639322916666667,0.9496095760375868
1508,-266.725,8.805718330673642,0.5033262603710784,0.7905089286350762,0.9611903141279383,0.7793619791666667,0.9503806335672902
1509,-255.375,8.805718330673642,0.5180722007650316,0.7943588497738587,0.9623149042123573,0.7957682291666667,0.9501398367041066
1510,-244.02500000000003,8.805718330673642,0.5327460508274617,0.7984685183604958,0.9634368437072497,0.8113932291666667,0.9499671921884906
1511,-232.675,8.805718330673642,0.5492821981858939,0.8028614792785974,0.9645551772926969,0.8286458333333333,0.9500802957155527
1512,-221.32500000000002,8.805718330673642,0.5635687819920481,0.807563434969732,0.9656687939733378,0.844140625,0.9481590150937479
1513,-209.97500000000002,8.805718330673642,0.5752237842851374,0.8126022587464504,0.9667763961838252,0.858203125,0.9428166981088012
1514,-198.625,8.805718330673642,0.5873594405294688,0.8180078860567594,0.9678764619154516,0.8715494791666667,0.9384952817406584
1515,-187.275,8.805718330673642,0.5967322093166313,0.8238120092469017,0.9689671982182854,0.8837890625,0.9306664193958134
1516,-175.925,8.805718330673642,0.6071780543048458,0.8300474652289912,0.9700464841018411,0.8969401041666667,0.923400447072069
1517,-164.57500000000002,8.805718330673642,0.6138845105290134,0.836747154096015,0.9711118005281334,0.9065104166666667,0.9139914996188356
1518,-153.22500000000002,8.805718330673642,0.6183633731352901,0.8439422556741046,0.9721601449393948,0.9163411458333334,0.9013333040196045
1519,-141.875,8.805718330673642,0.6204806350485566,0.8516594168184675,0.9731879277396657,0.9215494791666666,0.8897118884796424
1520,-130.525,8.805718330673642,0.6202765443547447,0.8599164661625253,0.9741908486371198,0.9279296875,0.873474158896271
1521,-119.17500000000003,8.805718330673642,0.6190820277733022,0.8687160888733623,0.9751637522485354,0.9319661458333334,0.85808989158965
1522,-107.82500000000002,8.805718330673642,0.6164175401996913,0.8780368038330728,0.9761004656870342,0.9376302083333333,0.8393378397719944
1523,-96.47500000000001,8.805718330673642,0.6052665894431358,0.8878206266043522,0.9769936272396506,0.9407552083333334,0.8117278194511619
1524,-85.12500000000001,8.805718330673642,0.5989146706167932,0.897957162659951,0.9778345263288482,0.9741536458333333,0.764416750545552
1525,-73.77500000000002,8.805718330673642,0.595685119163827,0.9082648667706026,0.9786129923401821,1.0,0.7290364583333333
1526,73.775,8.805718330673642,0.5945811196437912,0.9082648667706026,0.9786129923401821,1.0,0.7279947916666667
1527,85.12500000000001,8.805718330673642,0.6017181592850246,0.8979571626599511,0.9778345263288482,0.9741536458333333,0.7679824222556604
1528,96.47500000000001,8.805718330673642,0.6054138367622939,0.8878206266043521,0.9769936272396506,0.941015625,0.8115564779669806
1529,107.825,8.805718330673642,0.6129069386075808,0.8780368038330729,0.9761004656870342,0.9378255208333334,0.8346664408899056
1530,119.17500000000001,8.805718330673642,0.6140562612714201,0.8687160888733622,0.9751637522485354,0.9328125,0.8504821105456956
1531,130.52500000000003,8.805718330673642,0.613163072478185,0.859916466162525,0.9741908486371198,0.9268229166666667,0.8645723493881879
1532,141.87500000000003,8.805718330673642,0.6163810648076322,0.8516594168184676,0.9731879277396657,0.9223958333333333,0.8828513604535141
1533,153.22500000000002,8.805718330673642,0.6187460133822297,0.8439422556741046,0.9721601449393948,0.9155598958333333,0.9024193185648451
1534,164.57500000000005,8.805718330673642,0.6168503561978069,0.836747154096015,0.9711118005281334,0.9070963541666667,0.9175530165637426
1535,175.92500000000004,8.805718330673642,0.6107027395636055,0.8300474652289913,0.9700464841018411,0.8966796875,0.9289702345671624
1536,187.27500000000003,8.805718330673642,0.6015077653526686,0.8238120092469016,0.9689671982182854,0.8843098958333333,0.9374506449000619
1537,198.62500000000003,8.805718330673642,0.59153991673167,0.8180078860567596,0.9678764619154516,0.8723958333333334,0.9440091138239718
1538,209.97500000000002,8.805718330673642,0.5788125894992983,0.8126022587464505,0.9667763961838252,0.8585286458333333,0.9479853859742459
1539,221.32500000000005,8.805718330673642,0.5657870860219009,0.8075634349697318,0.9656687939733378,0.8448567708333333,0.9504409598932864
1540,232.67500000000004,8.805718330673642,0.5511021340417336,0.8028614792785974,0.9645551772926969,0.828515625,0.9526621958404083
1541,244.02500000000003,8.805718330673642,0.5354452372207146,0.7984685183604958,0.9634368437072497,0.8116536458333333,0.9538071519985837
1542,255.37500000000006,8.805718330673642,0.5195694770966444,0.7943588497738586,0.9623149042123573,0.7951822916666667,0.953247760878815
1543,266.725,8.805718330673642,0.5043420619063826,0.7905089286350763,0.9611903141279383,0.7794270833333333,0.9518279152999597
1544,278.07500000000005,8.805718330673642,0.4899818260775739,0.7868972817383431,0.9600638983598134,0.764453125,0.9500982596336593
1545,289.42500000000007,8.805718330673642,0.4755125180514661,0.7835043815558665,0.9589363721163768,0.7486979166666666,0.9484429294229592
1546,300.77500000000003,8.805718330673642,0.4630826877734783,0.7803125010606761,0.9578083579555657,0.7358723958333333,0.9463805757897041
1547,312.12500000000006,8.805718330673642,0.4508305222908609,0.7773055626084009,0.9566803998632646,0.7234375,0.9430093650949251
1548,323.4750000000001,8.805718330673642,0.43781864333494114,0.774468988995464,0.9555529749242383,0.7098958333333333,0.9389772308937503
1549,334.82500000000005,8.805718330673642,0.4275735319653385,0.771789561441659,0.9544265030348826,0.69921875,0.9361467296645088
1550,346.17500000000007,8.805718330673642,0.4252662108447005,0.7692552870522724,0.953301355017869,0.7056640625,0.9315125507112997
1551,-340.50000000000006,18.635106663627028,0.4346666124244202,0.7750299920426943,0.9536534559539054,0.7026041666666667,0.9446091568621579
1552,-329.15000000000003,18.635106663627028,0.4452712607735815,0.7777299721015164,0.954771843674436,0.7146484375,0.9465501486812766
1553,-317.80000000000007,18.635106663627028,0.4567894695230402,0.7805829179897299,0.955890920553323,0.728125,0.9468017468212676
1554,-306.45000000000005,18.635106663627028,0.46830897343583267,0.7836011337651416,0.957010252251125,0.7404296875,0.9483264926294875
1555,-295.1,18.635106663627028,0.4805859983690103,0.7867981082534192,0.9581293471448687,0.7545572916666666,0.9486278319720703
1556,-283.75000000000006,18.635106663627028,0.49422474398107513,0.790188623776118,0.9592476469523474,0.76953125,0.9493288113474737
1557,-272.40000000000003,18.635106663627028,0.5097237931111461,0.793788865708992,0.9603645155463599,0.7858723958333333,0.9509425318638787
1558,-261.05,18.635106663627028,0.5256298257010328,0.7976165273663867,0.9614792255649863,0.8029296875,0.9516732989644263
1559,-249.70000000000005,18.635106663627028,0.5409663752710757,0.8016909015283576,0.9625909423324539,0.8199869791666666,0.9508123629857469
1560,-238.35000000000002,18.635106663627028,0.5583489977137218,0.8060329452621867,0.9636987044929909,0.8389973958333333,0.949986295571932
1561,-227.00000000000003,18.635106663627028,0.5734389550423109,0.8106652978938995,0.9648014006240454,0.8546223958333333,0.9487847474321477
1562,-215.65000000000003,18.635106663627028,0.5844473576574379,0.8156122221569712,0.9658977409329457,0.8677734375,0.9436615345803462
1563,-204.3,18.635106663627028,0.5958737737764921,0.8208994244511458,0.9669862229526716,0.8795572916666666,0.9400059749704384
1564,-192.95000000000002,18.635106663627028,0.6082748363787489,0.8265536901473974,0.9680650899425847,0.8927734375,0.935956102785915
1565,-181.60000000000002,18.635106663627028,0.6149092594655653,0.8326022419136115,0.9691322804844786,0.9014973958333333,0.9273754211066286
1566,-170.25000000000003,18.635106663627028,0.6218009997952015,0.83907169074551,0.9701853675764643,0.9090494791666667,0.9203851997545244
1567,-158.90000000000003,18.635106663627028,0.6242761326529974,0.8459863985759264,0.9712214854347606,0.912890625,0.9112891833724508
1568,-147.55,18.635106663627028,0.6241799659310358,0.8533660072024036,0.9722372423395028,0.9182942708333334,0.8969092928760894
1569,-136.20000000000002,18.635106663627028,0.6254148350694088,0.8612218140973305,0.9732286184213537,0.9220052083333333,0.8855684871721564
1570,-124.85000000000002,18.635106663627028,0.6256281899468628,0.8695516041219293,0.9741908486371198,0.925390625,0.8731519802115478
1571,-113.50000000000001,18.635106663627028,0.6288698682429985,0.8783325088282719,0.9751182938800598,0.9307291666666667,0.8624881222799841
1572,-102.15,18.635106663627028,0.6236800142496816,0.8875115272344394,0.9760043080051873,0.9334635416666667,0.843665515444121
1573,-90.80000000000001,18.635106663627028,0.6145977940095498,0.896993621101887,0.9768411164954002,0.9368489583333334,0.8196204140579961
1574,-79.45000000000002,18.635106663627028,0.6032222757485354,0.9066279733524998,0.9776197344030155,0.9422526041666667,0.7911327484714793
1575,-68.10000000000001,18.635106663627028,0.6011709825987267,0.9161942802134749,0.9783299669787907,0.973828125,0.752004410008134
1576,68.10000000000001,18.635106663627028,0.5995014690083011,0.916194280213475,0.9783299669787907,0.9740885416666667,0.7499836615873753
1577,79.45000000000002,18.635106663627028,0.6036776409338871,0.9066279733524997,0.9776197344030155,0.942578125,0.7912355007657264
1578,90.80000000000001,18.635106663627028,0.6139134252875974,0.8969936211018867,0.9768411164954002,0.9374348958333333,0.8176967173807971
1579,102.15,18.635106663627028,0.6201412810502205,0.8875115272344393,0.9760043080051873,0.934375,0.838098827859023
1580,113.50000000000001,18.635106663627028,0.6204473994844568,0.878332508828272,0.9751182938800598,0.9293619791666666,0.8525063841146736
1581,124.85000000000002,18.635106663627028,0.6202900142161244,0.8695516041219296,0.9741908486371198,0.9264973958333333,0.8646794374215995
1582,136.20000000000002,18.635106663627028,0.6232275251163686,0.8612218140973303,0.9732286184213537,0.9232421875,0.8811856224799317
1583,147.55,18.635106663627028,0.6259538326041205,0.8533660072024036,0.9722372423395028,0.9193359375,0.897815725759365
1584,158.90000000000003,18.635106663627028,0.6273109789551374,0.8459863985759264,0.9712214854347606,0.9151041666666667,0.9132701730191013
1585,170.25000000000003,18.635106663627028,0.6252036181063866,0.8390716907455101,0.9701853675764643,0.9092447916666667,0.9255312246400383
1586,181.60000000000002,18.635106663627028,0.6185384596084175,0.8326022419136113,0.9691322804844786,0.9018880208333333,0.9325641870768294
1587,192.95000000000002,18.635106663627028,0.6084927075696355,0.8265536901473974,0.9680650899425847,0.8911458333333333,0.9378356472309747
1588,204.3,18.635106663627028,0.5989496639350674,0.8208994244511458,0.9669862229526716,0.8803385416666667,0.9434881276306093
1589,215.65000000000003,18.635106663627028,0.5880929979715162,0.8156122221569712,0.9658977409329457,0.8685546875,0.9478290502374194
1590,227.00000000000003,18.635106663627028,0.5737901388085085,0.8106652978938995,0.9648014006240454,0.8538411458333334,0.9502222109902879
1591,238.35000000000002,18.635106663627028,0.5585046280194081,0.8060329452621867,0.9636987044929909,0.8373697916666667,0.9521045122275263
1592,249.70000000000005,18.635106663627028,0.5417271997129764,0.8016909015283573,0.9625909423324539,0.8197916666666667,0.9520165678963932
1593,261.05,18.635106663627028,0.5266647219519724,0.7976165273663867,0.9614792255649863,0.8040364583333334,0.9517948212033368
1594,272.40000000000003,18.635106663627028,0.5101011439041795,0.7937888657089918,0.9603645155463599,0.7868489583333333,0.9501067765664212
1595,283.75000000000006,18.635106663627028,0.4947417003003655,0.7901886237761181,0.9592476469523474,0.7705078125,0.9486319271898097
1596,295.1,18.635106663627028,0.4807533294251077,0.7867981082534191,0.9581293471448687,0.7553385416666667,0.9474395453430422
1597,306.45000000000005,18.635106663627028,0.4672589616417849,0.7836011337651416,0.957010252251125,0.7412109375,0.9449786267966535
1598,317.80000000000007,18.635106663627028,0.4544441893008664,0.7805829179897299,0.955890920553323,0.7278645833333334,0.9419999069241644
1599,329.15000000000003,18.635106663627028,0.44309712370112136,0.7777299721015164,0.954771843674436,0.7162760416666667,0.9388810761325771
1600,340.50000000000006,18.635106663627028,0.4317551613693199,0.7750299920426941,0.9536534559539054,0.7040364583333333,0.9363368469483418
1601,-346.175,28.464494996580413,0.4458413753808937,0.778085813863616,0.9528619252168441,0.7248697916666667,0.9406860144792375
1602,-334.82500000000005,28.464494996580413,0.44796201320876033,0.7807970698284663,0.9539717497055586,0.7170572916666667,0.9456180177134297
1603,-323.475,28.464494996580413,0.4600392082508132,0.783656566398599,0.9550819854945373,0.7294270833333333,0.9485172270855666
1604,-312.12500000000006,28.464494996580413,0.47176634966968406,0.7866756794942668,0.9561921838132095,0.7425130208333334,0.949375686623866
1605,-300.77500000000003,28.464494996580413,0.48525455687344327,0.7898668045343743,0.9573018386223281,0.7564453125,0.9519632755763664
1606,-289.425,28.464494996580413,0.5005901550938456,0.7932434356020672,0.958410377591917,0.7733072916666667,0.9531122596460413
1607,-278.07500000000005,28.464494996580413,0.5150677666209247,0.7968202405831787,0.9595171514145947,0.78828125,0.9547291129042104
1608,-266.725,28.464494996580413,0.5326760062668797,0.8006131263723542,0.9606214211118579,0.8083333333333333,0.9546113320250595
1609,-255.375,28.464494996580413,0.5488697084248052,0.8046392853248197,0.9617223429171543,0.8261067708333333,0.954371475318269
1610,-244.02500000000003,28.464494996580413,0.5650246833766283,0.8089172099812281,0.962818950231492,0.8435546875,0.9531226831516731
1611,-232.675,28.464494996580413,0.5810603177721858,0.8134666572251966,0.963910132043081,0.8608723958333333,0.9509950422995895
1612,-221.32500000000002,28.464494996580413,0.5934916146650282,0.8183085347983012,0.964994607082637,0.8748697916666667,0.946510391231381
1613,-209.97500000000002,28.464494996580413,0.6045025284515937,0.8234646716458822,0.9660708928525013,0.8873046875,0.9418199339584865
1614,-198.625,28.464494996580413,0.6150923774029232,0.8289574178350883,0.9671372685285253,0.8975260416666667,0.9381473952533995
1615,-187.275,28.464494996580413,0.6222308375249236,0.8348089985363759,0.9681917306049409,0.9037760416666667,0.9333894455433996
1616,-175.925,28.464494996580413,0.6258038133757667,0.8410405185515762,0.9692319400663167,0.9071614583333333,0.9263330096519705
1617,-164.57500000000002,28.464494996580413,0.6276404003387476,0.8476704783073534,0.9702551598846937,0.9093098958333333,0.918178150592032
1618,-153.22500000000002,28.464494996580413,0.6281995075477604,0.8547126197247903,0.9712581818529016,0.9122395833333333,0.9074529623028046
1619,-141.875,28.464494996580413,0.6296858291302075,0.8621728748563693,0.9722372423395028,0.9151041666666667,0.8980354805921854
1620,-130.525,28.464494996580413,0.6309924611986698,0.8700451523524403,0.9731879277396657,0.9169921875,0.8887370193227446
1621,-119.17500000000003,28.464494996580413,0.6327722984220047,0.8783056898014255,0.9741050725719584,0.9185546875,0.8803402351342208
1622,-107.82500000000002,28.464494996580413,0.6352904490069198,0.886905767337117,0.9749826568318695,0.9213541666666667,0.8714998110174451
1623,-96.47500000000001,28.464494996580413,0.6327799991379165,0.8957627921220424,0.9758137149259771,0.9262369791666667,0.8542693436144051
1624,-85.12500000000001,28.464494996580413,0.6266005139036959,0.9047502276451059,0.9765902767017972,0.9343098958333333,0.8305306278457286
1625,-73.77500000000002,28.464494996580413,0.616566982109657,0.9136876677461667,0.9773033715443805,0.9402994791666667,0.8041959604652894
1626,-62.42500000000001,28.464494996580413,0.6156086077215982,0.9223335851694235,0.9779431374743627,0.9735026041666667,0.7657179159141304
1627,-51.075,28.464494996580413,0.6098797271805069,0.9303847277229061,0.9784990841310166,1.0,0.7285807291666667
1628,51.075,28.464494996580413,0.60938238490991,0.9303847277229063,0.9784990841310166,1.0,0.7279947916666667
1629,62.42500000000001,28.464494996580413,0.6140005593844734,0.9223335851694235,0.9779431374743627,0.9736328125,0.7635094366128465
1630,73.775,28.464494996580413,0.616762001193335,0.9136876677461667,0.9773033715443805,0.9406901041666667,0.8036156151518404
1631,85.12500000000001,28.464494996580413,0.6240600222039773,0.9047502276451059,0.9765902767017972,0.9339192708333334,0.8271607693696797
1632,96.47500000000001,28.464494996580413,0.6279501445402762,0.8957627921220424,0.9758137149259771,0.92734375,0.8469037864007649
1633,107.825,28.464494996580413,0.6273996656276034,0.886905767337117,0.9749826568318695,0.9220703125,0.8602980336120155
1634,119.17500000000001,28.464494996580413,0.6280677588640275,0.8783056898014258,0.9741050725719584,0.9195963541666666,0.8730634923358366
1635,130.52500000000003,28.464494996580413,0.6283278127274466,0.8700451523524403,0.9731879277396657,0.9178385416666667,0.8840022901325777
1636,141.87500000000003,28.464494996580413,0.6290179339371245,0.8621728748563693,0.9722372423395028,0.9140625,0.8978895251710861
1637,153.22500000000002,28.464494996580413,0.6317647435742602,0.8547126197247903,0.9712581818529016,0.91328125,0.9114998458006871
1638,164.57500000000005,28.464494996580413,0.6322279378143112,0.8476704783073534,0.9702551598846937,0.9104166666666667,0.9237539558516288
1639,175.92500000000004,28.464494996580413,0.6274310219289404,0.8410405185515764,0.9692319400663167,0.9072265625,0.9288888440048984
1640,187.27500000000003,28.464494996580413,0.6248290645958895,0.8348089985363758,0.9681917306049409,0.9041666666666667,0.9369215466944298
1641,198.62500000000003,28.464494996580413,0.6162767968767714,0.8289574178350883,0.9671372685285253,0.8959635416666667,0.9413811273119618
1642,209.97500000000002,28.464494996580413,0.607637759990009,0.8234646716458821,0.9660708928525013,0.8880208333333334,0.9454308378495991
1643,221.32500000000005,28.464494996580413,0.5944356670537431,0.818308534798301,0.964994607082637,0.874609375,0.9482568734436165
1644,232.67500000000004,28.464494996580413,0.5796250631296617,0.8134666572251966,0.963910132043081,0.858984375,0.9508762793279567
1645,244.02500000000003,28.464494996580413,0.5643465406458065,0.8089172099812281,0.962818950231492,0.8423828125,0.9532124451275975
1646,255.37500000000006,28.464494996580413,0.5482177002468158,0.8046392853248197,0.9617223429171543,0.8250651041666667,0.9542796761694209
1647,266.725,28.464494996580413,0.5306036688133191,0.8006131263723542,0.9606214211118579,0.8067708333333333,0.9527599337341511
1648,278.07500000000005,28.464494996580413,0.5139642493600066,0.7968202405831786,0.9595171514145947,0.7907552083333333,0.949357938694784
1649,289.42500000000007,28.464494996580413,0.4981290940253565,0.7932434356020671,0.958410377591917,0.7738932291666667,0.9475843773658499
1650,300.77500000000003,28.464494996580413,0.48278454041709373,0.7898668045343743,0.9573018386223281,0.7576822916666667,0.9451331208036725
1651,312.12500000000006,28.464494996580413,0.46896158070132665,0.7866756794942666,0.9561921838132095,0.7430338541666667,0.9426621415545141
1652,323.4750000000001,28.464494996580413,0.4566024000467424,0.7836565663985992,0.9550819854945373,0.7299479166666667,0.940236426492444
1653,334.82500000000005,28.464494996580413,0.4452406342264942,0.7807970698284664,0.9539717497055586,0.7174479166666666,0.9386209330759676
1654,346.17500000000007,28.464494996580413,0.44279431701419764,0.7780858138636161,0.9528619252168441,0.7243489583333333,0.9347933604714139
1655,-340.50000000000006,38.293883329533784,0.44777996868775904,0.7836814088197379,0.9531542261841607,0.7138671875,0.9458828337020215
1656,-329.15000000000003,38.293883329533784,0.46144975631136664,0.786538881344525,0.9542552177750154,0.7270182291666667,0.9508376905378227
1657,-317.80000000000007,38.293883329533784,0.4748887949602875,0.7895499230413784,0.9553558729921166,0.7407552083333333,0.9536593122568101
1658,-306.45000000000005,38.293883329533784,0.4873450899318131,0.7927258544736373,0.9564556722168756,0.7538411458333333,0.9555185010583115
1659,-295.1,38.293883329533784,0.5014902161347643,0.796078915360857,0.9575540301067333,0.769140625,0.9567301247730478
1660,-283.75000000000006,38.293883329533784,0.5171825247168691,0.7996223104926565,0.9586502854269129,0.7869791666666667,0.9567768391018814
1661,-272.40000000000003,38.293883329533784,0.5347794521216085,0.8033702419359962,0.9597436890652706,0.8055989583333333,0.9586508001337694
1662,-261.05,38.293883329533784,0.5505831699544708,0.8073379189203409,0.9608333898771023,0.8233723958333333,0.9578099488135579
1663,-249.70000000000005,38.293883329533784,0.5673820701124594,0.8115415331737171,0.9619184179388042,0.8411458333333334,0.9570944798063963
1664,-238.35000000000002,38.293883329533784,0.5827295271567166,0.8159981825175021,0.962997664711667,0.8586588541666667,0.9537363561165428
1665,-227.00000000000003,38.293883329533784,0.5991233943540716,0.8207257187560245,0.9640698595312519,0.8766276041666666,0.9508139808231828
1666,-215.65000000000003,38.293883329533784,0.6107015565246506,0.8257424867573981,0.9651335417476047,0.8905598958333333,0.9447475530423355
1667,-204.3,38.293883329533784,0.6190957040245737,0.831066909459979,0.9661870277558454,0.8981119791666666,0.9408871257167345
1668,-192.95000000000002,38.293883329533784,0.62527171002561,0.8367168576753262,0.9672283720912271,0.9002604166666667,0.9392169199547896
1669,-181.60000000000002,38.293883329533784,0.6279580835577377,0.8427087234635179,0.9682553217461789,0.9018229166666667,0.9334802704385213
1670,-170.25000000000003,38.293883329533784,0.6282569774430378,0.8490560915240988,0.9692652629473156,0.9024088541666667,0.9246324603880846
1671,-158.90000000000003,38.293883329533784,0.6290929774600535,0.855767875722137,0.9702551598846937,0.9029296875,0.9171913438365178
1672,-147.55,38.293883329533784,0.6299365713650157,0.862845761363102,0.9712214854347606,0.9029947916666666,0.909991968454586
1673,-136.20000000000002,38.293883329533784,0.629961295071899,0.8702807766940558,0.9721601449393948,0.9014973958333333,0.9032846640516573
1674,-124.85000000000002,38.293883329533784,0.6329194166269495,0.8780488259088739,0.9730663958435103,0.9010416666666666,0.8988432868568434
1675,-113.50000000000001,38.293883329533784,0.6360041969659679,0.8861050794251664,0.9739347687619717,0.90234375,0.8924853011458347
1676,-102.15,38.293883329533784,0.6398867772190153,0.8943772799200023,0.9747589996655459,0.9059895833333333,0.8849008615642021
1677,-90.80000000000001,38.293883329533784,0.6423310550038169,0.9027583436150283,0.9755319885364598,0.9118489583333333,0.8738207606934291
1678,-79.45000000000002,38.293883329533784,0.6394605143059989,0.9110991738672297,0.9762458068073134,0.9203125,0.8541049819583056
1679,-68.10000000000001,38.293883329533784,0.6305760454945202,0.9192033720819951,0.9768917829847648,0.9298177083333333,0.8265598361527354
1680,-56.75000000000001,38.293883329533784,0.6220305595729,0.9268264143470735,0.9774607003175774,0.9378255208333334,0.8018116187304377
1681,-45.400000000000006,38.293883329533784,0.6223376744905553,0.9336825064969037,0.9779431374743627,0.973828125,0.7645061977986599
1682,-34.050000000000004,38.293883329533784,0.6190596819510997,0.9394620890087141,0.9783299669787907,1.0,0.732421875
1683,-22.700000000000003,38.293883329533784,0.615756843206011,0.9438610801103918,0.9786129923401821,1.0,0.7247395833333333
1684,22.700000000000003,38.293883329533784,0.6149583973732169,0.9438610801103918,0.9786129923401821,1.0,0.723828125
1685,34.050000000000004,38.293883329533784,0.61928231239445,0.9394620890087141,0.9783299669787907,0.9999348958333333,0.7327302900326796
1686,45.400000000000006,38.293883329533784,0.6212302418611474,0.9336825064969037,0.9779431374743627,0.9735677083333333,0.763205783004321
1687,56.75000000000001,38.293883329533784,0.6212002214352341,0.9268264143470736,0.9774607003175774,0.9382161458333333,0.8000364401662527
1688,68.10000000000001,38.293883329533784,0.626796876681255,0.919203372081995,0.9768917829847648,0.9305338541666667,0.8208433932963466
1689,79.45000000000002,38.293883329533784,0.6359171820654184,0.9110991738672297,0.9762458068073134,0.9211588541666667,0.8481917568015925
1690,90.80000000000001,38.293883329533784,0.6358538271647183,0.9027583436150283,0.9755319885364598,0.9123697916666667,0.8645185116141374
1691,102.15,38.293883329533784,0.6336536562001247,0.8943772799200023,0.9747589996655459,0.9075520833333334,0.8748006789096555
1692,113.50000000000001,38.293883329533784,0.6315345648655456,0.8861050794251663,0.9739347687619717,0.9029947916666666,0.8854148177958003
1693,124.85000000000002,38.293883329533784,0.6298513777366528,0.878048825908874,0.9730663958435103,0.9017578125,0.8936037002497946
1694,136.20000000000002,38.293883329533784,0.6289228223937878,0.8702807766940558,0.9721601449393948,0.9018229166666667,0.9012548157894819
1695,147.55,38.293883329533784,0.6311146529831145,0.8628457613631021,0.9712214854347606,0.9021484375,0.9125193924527835
1696,158.90000000000003,38.293883329533784,0.6315043605603833,0.8557678757221369,0.9702551598846937,0.901953125,0.92189605922192
1697,170.25000000000003,38.293883329533784,0.6301547656473353,0.8490560915240984,0.9692652629473156,0.9024088541666667,0.9278093084577604
1698,181.60000000000002,38.293883329533784,0.628720073445011,0.8427087234635178,0.9682553217461789,0.9014322916666667,0.9351368346102675
1699,192.95000000000002,38.293883329533784,0.6264883152907685,0.8367168576753264,0.9672283720912271,0.9002604166666667,0.9412891549686739
1700,204.3,38.293883329533784,0.622164997948546,0.831066909459979,0.9661870277558454,0.8987630208333334,0.9446747364008969
1701,215.65000000000003,38.293883329533784,0.6134546246973898,0.8257424867573983,0.9651335417476047,0.8913411458333333,0.9481551190708175
1702,227.00000000000003,38.293883329533784,0.5998133022059444,0.8207257187560245,0.9640698595312519,0.8764973958333333,0.9521571064279665
1703,238.35000000000002,38.293883329533784,0.5837025558503381,0.8159981825175021,0.962997664711667,0.8586588541666667,0.9550166941979369
1704,249.70000000000005,38.293883329533784,0.5659024231249646,0.811541533173717,0.9619184179388042,0.8400390625,0.9557797348754089
1705,261.05,38.293883329533784,0.5485018257288018,0.8073379189203411,0.9608333898771023,0.8227864583333333,0.95448086075956
1706,272.40000000000003,38.293883329533784,0.530712121369782,0.8033702419359962,0.9597436890652706,0.8044921875,0.9526219298776949
1707,283.75000000000006,38.293883329533784,0.5129193427529198,0.7996223104926565,0.9586502854269129,0.7861979166666667,0.9499387340476164
1708,295.1,38.293883329533784,0.4977572422720422,0.7960789153608568,0.9575540301067333,0.7708333333333334,0.9473947800593958
1709,306.45000000000005,38.293883329533784,0.4833443022160598,0.7927258544736373,0.9564556722168756,0.7560546875,0.9446916530967113
1710,317.80000000000007,38.293883329533784,0.469354269563323,0.7895499230413786,0.9553558729921166,0.7416666666666667,0.9414746536464041
1711,329.15000000000003,38.293883329533784,0.4577579978854714,0.7865388813445249,0.9542552177750154,0.7297526041666667,0.9392909242098788
1712,340.50000000000006,38.293883329533784,0.4451910850128498,0.783681408819738,0.9531542261841607,0.7156901041666667,0.9376713926274306
1713,-346.175,48.123271662487156,0.4567342594413997,0.7863938841735991,0.9523207120589133,0.7266927083333333,0.9473606997804318
1714,-334.82500000000005,48.123271662487156,0.45905667112056636,0.7892419118042713,0.9534121360089199,0.7208333333333333,0.9504315378463257
1715,-323.475,48.123271662487156,0.4730640971400125,0.7922372079093647,0.9545029240226784,0.7342447916666667,0.9551831733238549
1716,-312.12500000000006,48.123271662487156,0.48645856133010995,0.7953900544541928,0.9555925442368008,0.7486979166666666,0.9569996772720634
1717,-300.77500000000003,48.123271662487156,0.5010329244726961,0.7987114901174546,0.9566803998632646,0.7634114583333333,0.9592905464539793
1718,-289.425,48.123271662487156,0.517040536397152,0.8022133320451064,0.9577658195578492,0.7805338541666667,0.9609260795574428
1719,-278.07500000000005,48.123271662487156,0.5320927270575793,0.805908181419851,0.958848046154012,0.7968098958333333,0.960954652699093
1720,-266.725,48.123271662487156,0.547764341759164,0.8098094046902031,0.9599262234655582,0.8135416666666667,0.9604823136077367
1721,-255.375,48.123271662487156,0.5641181525549703,0.8139310792233806,0.9609993808103978,0.8301432291666667,0.9611038650110008
1722,-244.02500000000003,48.123271662487156,0.5823125434808041,0.8182878880224363,0.9620664148516603,0.8491536458333333,0.9611348834779141
1723,-232.675,48.123271662487156,0.5990396091156829,0.8228949426764113,0.9631260682934761,0.8669921875,0.9590448179802757
1724,-221.32500000000002,48.123271662487156,0.6128581659864527,0.8277675065405219,0.9641769049119039,0.8818359375,0.9554431033082359
1725,-209.97500000000002,48.123271662487156,0.620562015253436,0.8329205808996145,0.9652172803550182,0.8910807291666667,0.9484718027133776
1726,-198.625,48.123271662487156,0.6253938936349421,0.8383683052347393,0.9662453081251242,0.8953125,0.9429185249518427
1727,-187.275,48.123271662487156,0.6275882535540307,0.8441231085808053,0.9672588201848724,0.8948567708333334,0.9384139670722429
1728,-175.925,48.123271662487156,0.6255835539150003,0.8501945327284389,0.9682553217461789,0.8908854166666667,0.9318291063868034
1729,-164.57500000000002,48.123271662487156,0.6245935150756149,0.856587631109982,0.9692319400663167,0.8880859375,0.9251031429188197
1730,-153.22500000000002,48.123271662487156,0.6249320073833292,0.8633008329450098,0.9701853675764643,0.8841145833333334,0.9217802877109167
1731,-141.875,48.123271662487156,0.6251638096252401,0.8703231571751294,0.9711118005281334,0.8811197916666667,0.9172607572354098
1732,-130.525,48.123271662487156,0.6275784619708742,0.8776306765490892,0.9720068757233467,0.8784505208333333,0.9150263411893428
1733,-119.17500000000003,48.123271662487156,0.6313810875945559,0.8851821877437283,0.9728656099850195,0.8770833333333333,0.9131501051243285
1734,-107.82500000000002,48.123271662487156,0.6384960239375187,0.8929141658625748,0.9736823500010557,0.8779947916666667,0.9127943489732828
1735,-96.47500000000001,48.123271662487156,0.643896808301456,0.9007353046450977,0.9744507441084077,0.8811848958333334,0.9082339037223591
1736,-85.12500000000001,48.123271662487156,0.6477828255800399,0.90852129709873,0.9751637522485354,0.8875,0.8991827144202414
1737,-73.77500000000002,48.123271662487156,0.648042585774028,0.9161109963167536,0.9758137149259771,0.8995442708333333,0.8802084671067332
1738,-62.42500000000001,48.123271662487156,0.6438192444845353,0.9233056415368303,0.97639250482578,0.9111979166666667,0.8568204943548614
1739,-51.075,48.123271662487156,0.637434246591289,0.9298732409275952,0.9768917829847648,0.9242838541666667,0.8308272431068567
1740,-39.72500000000001,48.123271662487156,0.6307884035202831,0.9355601172762958,0.9773033715443805,0.93125,0.8111485788403469
1741,-28.375000000000004,48.123271662487156,0.6267073594405095,0.9401106210919168,0.9776197344030155,0.9337239583333333,0.8002864609849577
1742,-17.025000000000002,48.123271662487156,0.6290769294645192,0.9432938686506014,0.9778345263288482,0.9725260416666667,0.7657586944560514
1743,-5.675000000000001,48.123271662487156,0.631818429814025,0.9449334376706893,0.9779431374743627,1.0,0.7432291666666667
1744,5.675000000000001,48.123271662487156,0.6310214731876994,0.9449334376706892,0.9779431374743627,1.0,0.7422526041666667
1745,17.025000000000002,48.123271662487156,0.62798767830714,0.9432938686506014,0.9778345263288482,0.9723307291666666,0.7649295337084595
1746,28.375000000000004,48.123271662487156,0.6254165193876504,0.9401106210919168,0.9776197344030155,0.9342447916666666,0.7981631228199819
1747,39.72500000000001,48.123271662487156,0.6309621400402403,0.9355601172762958,0.9773033715443805,0.9309244791666667,0.8115719346798609
1748,51.075,48.123271662487156,0.6356809583652991,0.9298732409275952,0.9768917829847648,0.92421875,0.8281275933057949
1749,62.42500000000001,48.123271662487156,0.6413785285001359,0.9233056415368301,0.97639250482578,0.9111328125,0.8530894590319978
1750,73.775,48.123271662487156,0.645597106435533,0.9161109963167536,0.9758137149259771,0.89921875,0.8768723433115743
1751,85.12500000000001,48.123271662487156,0.6423102466657069,0.90852129709873,0.9751637522485354,0.88828125,0.890700439557868
1752,96.47500000000001,48.123271662487156,0.6398716400782783,0.9007353046450977,0.9744507441084077,0.8828776041666667,0.9008190005333426
1753,107.825,48.123271662487156,0.6358614902755134,0.8929141658625748,0.9736823500010557,0.8798828125,0.90689268867787
1754,119.17500000000001,48.123271662487156,0.6296484749854002,0.8851821877437281,0.9728656099850195,0.8785807291666666,0.9086763845543006
1755,130.52500000000003,48.123271662487156,0.6248986190193674,0.8776306765490892,0.9720068757233467,0.880078125,0.9095109006989408
1756,141.87500000000003,48.123271662487156,0.6258568319936233,0.8703231571751293,0.9711118005281334,0.8827473958333333,0.9166828558227996
1757,153.22500000000002,48.123271662487156,0.6260533739956438,0.8633008329450098,0.9701853675764643,0.8852864583333333,0.9225231749005828
1758,164.57500000000005,48.123271662487156,0.6280457076336833,0.856587631109982,0.9692319400663167,0.8908203125,0.9276715597666754
1759,175.92500000000004,48.123271662487156,0.6277863196316864,0.8501945327284389,0.9682553217461789,0.89140625,0.9345946596060656
1760,187.27500000000003,48.123271662487156,0.627912944227402,0.8441231085808056,0.9672588201848724,0.8930338541666667,0.9407923581420742
1761,198.62500000000003,48.123271662487156,0.6270549849642104,0.8383683052347393,0.9662453081251242,0.8946614583333333,0.9462927210099394
1762,209.97500000000002,48.123271662487156,0.620841702073559,0.8329205808996146,0.9652172803550182,0.8899739583333334,0.9502984664548302
1763,221.32500000000005,48.123271662487156,0.6121120208210483,0.8277675065405219,0.9641769049119039,0.8805989583333333,0.9557155005659984
1764,232.67500000000004,48.123271662487156,0.5989931018555625,0.8228949426764115,0.9631260682934761,0.868359375,0.957288923156722
1765,244.02500000000003,48.123271662487156,0.582082776223387,0.8182878880224362,0.9620664148516603,0.84921875,0.9605287259986957
1766,255.37500000000006,48.123271662487156,0.5637644589442647,0.8139310792233805,0.9609993808103978,0.8319661458333333,0.9583280150447017
1767,266.725,48.123271662487156,0.5459560631427631,0.8098094046902031,0.9599262234655582,0.8147786458333334,0.9561149275752938
1768,278.07500000000005,48.123271662487156,0.527999363317729,0.8059081814198509,0.958848046154012,0.797265625,0.9531972441183215
1769,289.42500000000007,48.123271662487156,0.5110464209743933,0.8022133320451061,0.9577658195578492,0.7801432291666667,0.9501012295953416
1770,300.77500000000003,48.123271662487156,0.4962539537610185,0.7987114901174546,0.9566803998632646,0.7653645833333333,0.9475869351360279
1771,312.12500000000006,48.123271662487156,0.4810772899610164,0.7953900544541928,0.9555925442368008,0.7498046875,0.9445890491034287
1772,323.4750000000001,48.123271662487156,0.4684242257070036,0.7922372079093649,0.9545029240226784,0.7364583333333333,0.9429137291152971
1773,334.82500000000005,48.123271662487156,0.4557289668847752,0.7892419118042712,0.9534121360089199,0.7231770833333333,0.94039951560753
1774,346.17500000000007,48.123271662487156,0.45168051384553964,0.7863938841735991,0.9523207120589133,0.7263020833333333,0.9376776314613653
1775,-340.50000000000006,57.95265999544054,0.4584432417776677,0.7917772721870667,0.9525541578382,0.7149088541666667,0.9531615947726825
1776,-329.15000000000003,57.95265999544054,0.4700313303727397,0.7947503214774759,0.9536348294253811,0.7268880208333334,0.954958142256551
1777,-317.80000000000007,57.95265999544054,0.48294608667857397,0.7978734954696777,0.9547140271422664,0.7396484375,0.9576855640851873
1778,-306.45000000000005,57.95265999544054,0.4972942735538051,0.8011566983590226,0.9557911446509171,0.7540364583333333,0.9602741823378818
1779,-295.1,57.95265999544054,0.5116044052680164,0.8046104485797664,0.9568655026464795,0.7685546875,0.9622903540550882
1780,-283.75000000000006,57.95265999544054,0.5257431912961673,0.8082458635123676,0.9579363383141997,0.7840494791666667,0.9620415968478414
1781,-272.40000000000003,57.95265999544054,0.541979269714626,0.8120746190733557,0.9590027930784315,0.8000651041666667,0.9634681187089281
1782,-261.05,57.95265999544054,0.5584290922572686,0.816108874077951,0.9600638983598134,0.8168619791666667,0.9642530920198276
1783,-249.70000000000005,57.95265999544054,0.5776379965220122,0.8203611458982414,0.9611185590180038,0.8344401041666667,0.967974145969958
1784,-238.35000000000002,57.95265999544054,0.593673944603858,0.8248441195901359,0.9621655341192633,0.85,0.9676685617541242
1785,-227.00000000000003,57.95265999544054,0.6078208542604013,0.8295703671246513,0.9632034146361971,0.8616536458333334,0.9682453925963012
1786,-215.65000000000003,57.95265999544054,0.6156273095817967,0.8345519464486126,0.9642305976685891,0.8720052083333333,0.9603240869269195
1787,-204.3,57.95265999544054,0.6212348564358725,0.839799841721044,0.9652452567830581,0.8799479166666667,0.9520249204499488
1788,-192.95000000000002,57.95265999544054,0.6216852061308512,0.8453231963448803,0.9662453081251242,0.8809244791666667,0.9433852837730275
1789,-181.60000000000002,57.95265999544054,0.6196634761672386,0.8511282798975857,0.9672283720912271,0.8766927083333333,0.937081680703297
1790,-170.25000000000003,57.95265999544054,0.618080999029918,0.8572171201210265,0.9681917306049409,0.8717447916666666,0.9323172859795947
1791,-158.90000000000003,57.95265999544054,0.6168337610371368,0.8635857244922609,0.9691322804844786,0.8654947916666667,0.9295238610064335
1792,-147.55,57.95265999544054,0.6172888568131376,0.8702218174688511,0.9700464841018411,0.859765625,0.9285184666552301
1793,-136.20000000000002,57.95265999544054,0.6200593406850825,0.8771020373708057,0.9709303196222603,0.8550130208333333,0.9294160205294522
1794,-124.85000000000002,57.95265999544054,0.6243437288207893,0.8841885832514064,0.9717792346896341,0.8514322916666667,0.9311025674402423
1795,-113.50000000000001,57.95265999544054,0.6308545702692526,0.8914253936133777,0.9725881095817431,0.8485677083333333,0.9351717819157301
1796,-102.15,57.95265999544054,0.640275443089729,0.8987340944578893,0.9733512386060784,0.8496744791666667,0.9391719917161818
1797,-90.80000000000001,57.95265999544054,0.6467531988704642,0.906010188784817,0.9740623416544948,0.8539713541666667,0.9357654929394787
1798,-79.45000000000002,57.95265999544054,0.6545511007109981,0.9131202698051849,0.9747146208373961,0.8645182291666667,0.9278505300393363
1799,-68.10000000000001,57.95265999544054,0.656418351126708,0.9199013804937056,0.9753008788943431,0.8766927083333333,0.9108493665175825
1800,-56.75000000000001,57.95265999544054,0.6543206792600731,0.9261638980046335,0.9758137149259771,0.89296875,0.8851725304436976
1801,-45.400000000000006,57.95265999544054,0.6515324302941304,0.9316992961745182,0.9762458068073134,0.9095052083333334,0.8608609093588087
1802,-34.050000000000004,57.95265999544054,0.6472157861305808,0.9362935929275842,0.9765902767017972,0.9219401041666667,0.8400588407209422
1803,-22.700000000000003,57.95265999544054,0.6438898249819083,0.9397460657728852,0.9768411164954002,0.9305338541666667,0.8250632293715713
1804,-11.350000000000001,57.95265999544054,0.6412127072642385,0.941891046558043,0.9769936272396506,0.9363932291666667,0.8145494289788802
1805,0.0,57.95265999544054,0.6398653298520728,0.9426188507384183,0.977044808307106,0.93984375,0.8091730482332326
1806,11.350000000000001,57.95265999544054,0.639766347070562,0.941891046558043,0.9769936272396506,0.9360677083333333,0.8132332858145156
1807,22.700000000000003,57.95265999544054,0.6437287965284508,0.9397460657728852,0.9768411164954002,0.9294921875,0.8257702838342944
1808,34.050000000000004,57.95265999544054,0.6459452646056011,0.9362935929275841,0.9765902767017972,0.9217447916666667,0.838496773708108
1809,45.400000000000006,57.95265999544054,0.6505924558950916,0.9316992961745181,0.9762458068073134,0.9095703125,0.8591459389022728
1810,56.75000000000001,57.95265999544054,0.6524958339110839,0.9261638980046334,0.9758137149259771,0.8924479166666667,0.882810115936635
1811,68.10000000000001,57.95265999544054,0.6526980483996289,0.9199013804937055,0.9753008788943431,0.8748046875,0.9071547765523763
1812,79.45000000000002,57.95265999544054,0.6484695701556112,0.9131202698051849,0.9747146208373961,0.8625,0.92118332556578
1813,90.80000000000001,57.95265999544054,0.6438254041580741,0.906010188784817,0.9740623416544948,0.853515625,0.9316044903873304
1814,102.15,57.95265999544054,0.6358564566007046,0.8987340944578893,0.9733512386060784,0.849609375,0.9324061166209056
1815,113.50000000000001,57.95265999544054,0.6285274035538656,0.8914253936133777,0.9725881095817431,0.8501953125,0.9296032640902111
1816,124.85000000000002,57.95265999544054,0.6201845946567276,0.8841885832514063,0.9717792346896341,0.8509765625,0.9255995585605863
1817,136.20000000000002,57.95265999544054,0.6172299689190802,0.8771020373708058,0.9709303196222603,0.8548177083333334,0.9259524105980798
1818,147.55,57.95265999544054,0.6170614658752761,0.870221817468851,0.9700464841018411,0.8609375,0.9270708871924971
1819,158.90000000000003,57.95265999544054,0.6171090066243878,0.863585724492261,0.9691322804844786,0.8665364583333334,0.9292347039665529
1820,170.25000000000003,57.95265999544054,0.6193860885949783,0.8572171201210266,0.9681917306049409,0.8732421875,0.9328555314120016
1821,181.60000000000002,57.95265999544054,0.6230711917162419,0.8511282798975859,0.9672283720912271,0.8790364583333333,0.9397408396453424
1822,192.95000000000002,57.95265999544054,0.6236672490550628,0.8453231963448803,0.9662453081251242,0.8815755208333333,0.9458751635706923
1823,204.3,57.95265999544054,0.6218545002151779,0.8397998417210439,0.9652452567830581,0.88046875,0.9521131685683771
1824,215.65000000000003,57.95265999544054,0.615403144887556,0.8345519464486126,0.9642305976685891,0.873046875,0.9589233373499976
1825,227.00000000000003,57.95265999544054,0.6040303074390152,0.8295703671246512,0.9632034146361971,0.8615234375,0.9625672351092402
1826,238.35000000000002,57.95265999544054,0.5919225345419649,0.8248441195901358,0.9621655341192633,0.8494791666666667,0.9653354195676348
1827,249.70000000000005,57.95265999544054,0.5752253689622807,0.8203611458982414,0.9611185590180038,0.8344401041666667,0.9638204755832578
1828,261.05,57.95265999544054,0.5570697508526704,0.8161088740779511,0.9600638983598134,0.8171875,0.9613772944296622
1829,272.40000000000003,57.95265999544054,0.5377671763155006,0.8120746190733558,0.9590027930784315,0.798828125,0.9577117558228061
1830,283.75000000000006,57.95265999544054,0.5207997735265286,0.8082458635123675,0.9579363383141997,0.7828125,0.9542022635759104
1831,295.1,57.95265999544054,0.5050094882776318,0.8046104485797664,0.9568655026464795,0.7678385416666667,0.9509832906136186
1832,306.45000000000005,57.95265999544054,0.49106036566427314,0.8011566983590227,0.9557911446509171,0.7544921875,0.9476720886551283
1833,317.80000000000007,57.95265999544054,0.47542895410329133,0.7978734954696777,0.9547140271422664,0.7380859375,0.9448144374039944
1834,329.15000000000003,57.95265999544054,0.46333157275877757,0.7947503214774759,0.9536348294253811,0.7255208333333333,0.9432657796746966
1835,340.50000000000006,57.95265999544054,0.45216234255541227,0.7917772721870668,0.9525541578382,0.7135416666666666,0.9424705290963913
1836,-334.82500000000005,67.78204832839393,0.46563839085691067,0.797101419411256,0.952752975226979,0.7164713541666666,0.9561514900693406
1837,-323.475,67.78204832839393,0.47598369756348796,0.8001894906233211,0.9538215759176221,0.7265625,0.9575674246127414
1838,-312.12500000000006,67.78204832839393,0.48867611631295194,0.8034291243625121,0.9548877924556025,0.7387369791666667,0.9603988485895584
1839,-300.77500000000003,67.78204832839393,0.5014899550710585,0.8068296367287319,0.955950939876834,0.7515625,0.9615972786562559
1840,-289.425,67.78204832839393,0.5166894996222825,0.8104007843921619,0.957010252251125,0.7666666666666667,0.9636854268989542
1841,-278.07500000000005,67.78204832839393,0.5320794196780689,0.8141527085446484,0.9580648713567617,0.7813802083333333,0.966281109593789
1842,-266.725,67.78204832839393,0.5502314050333224,0.818095844962568,0.9591138336245991,0.7982421875,0.9702552599820068
1843,-255.375,67.78204832839393,0.5668683346215876,0.8222407885352878,0.9601560550973944,0.8142578125,0.9718475904995633
1844,-244.02500000000003,67.78204832839393,0.5838862532734521,0.826598097207883,0.9611903141279383,0.8290364583333333,0.9743319658810441
1845,-232.675,67.78204832839393,0.596937090974657,0.8311780160762866,0.9622152315254344,0.8410807291666667,0.9734013414358157
1846,-221.32500000000002,67.78204832839393,0.6073171848111282,0.8359900972911916,0.9632292478607526,0.8505859375,0.9704160419729099
1847,-209.97500000000002,67.78204832839393,0.61335028224528,0.8410426855055345,0.9642305976685891,0.8585286458333333,0.9626190482342272
1848,-198.625,67.78204832839393,0.613294647961973,0.8463422320676484,0.9652172803550182,0.8611979166666667,0.9518469661165291
1849,-187.275,67.78204832839393,0.6125967886192412,0.8518923946042187,0.9661870277558454,0.8599609375,0.9442145312458937
1850,-175.925,67.78204832839393,0.6114437495261107,0.8576928732449918,0.9671372685285253,0.8537760416666667,0.9418739507332453
1851,-164.57500000000002,67.78204832839393,0.6079214651639607,0.8637379326687744,0.9680650899425847,0.84609375,0.9378266791220582
1852,-153.22500000000002,67.78204832839393,0.607628385342341,0.8700145639845519,0.9689671982182854,0.8389322916666667,0.9372643695666925
1853,-141.875,67.78204832839393,0.6076558113950681,0.8765002577483655,0.9698398794168257,0.8306640625,0.938559170863459
1854,-130.525,67.78204832839393,0.6121693461939858,0.8831603970532186,0.9706789640748918,0.8248046875,0.9438229334336159
1855,-119.17500000000003,67.78204832839393,0.6182169266912171,0.889945347687107,0.9714798003457825,0.8199869791666666,0.9504485130519211
1856,-107.82500000000002,67.78204832839393,0.6258024302211153,0.8967874315135823,0.9722372423395028,0.8171875,0.9572360805968789
1857,-96.47500000000001,67.78204832839393,0.6358672388316259,0.903598126578235,0.9729456624930396,0.8197916666666667,0.9617227137650391
1858,-85.12500000000001,67.78204832839393,0.6458714137568166,0.910266038263251,0.9735989987745858,0.8279296875,0.9598670886036095
1859,-73.77500000000002,67.78204832839393,0.6553548573657149,0.9166564009511344,0.9741908486371198,0.8425130208333333,0.949775567616379
1860,-62.42500000000001,67.78204832839393,0.6601383883253054,0.9226130314781706,0.9747146208373961,0.8599609375,0.9309310353863809
1861,-51.075,67.78204832839393,0.6608762153170885,0.927963652055534,0.9751637522485354,0.8801432291666667,0.9056716090937199
1862,-39.72500000000001,67.78204832839393,0.6614347504124672,0.9325291940382606,0.9755319885364598,0.8983072916666667,0.8846055631264654
1863,-28.375000000000004,67.78204832839393,0.6593671704089419,0.9361369846049353,0.9758137149259771,0.9141276041666667,0.8639267480158288
1864,-17.025000000000002,67.78204832839393,0.657810613148305,0.9386366444304615,0.9760043080051873,0.9257161458333333,0.8485104993161409
1865,-5.675000000000001,67.78204832839393,0.6569825222802774,0.9399163534358982,0.9761004656870342,0.933984375,0.8386547050059928
1866,5.675000000000001,67.78204832839393,0.6559500595563992,0.9399163534358982,0.9761004656870342,0.9333333333333333,0.8379697592529758
1867,17.025000000000002,67.78204832839393,0.6563681205807416,0.9386366444304615,0.9760043080051873,0.9254557291666666,0.8467411332866287
1868,28.375000000000004,67.78204832839393,0.6577350819331149,0.9361369846049353,0.9758137149259771,0.9145833333333333,0.8608069225949188
1869,39.72500000000001,67.78204832839393,0.6595729873113231,0.9325291940382608,0.9755319885364598,0.8977864583333334,0.8819498262558186
1870,51.075,67.78204832839393,0.6594855125981535,0.9279636520555339,0.9751637522485354,0.8791666666666667,0.9043513304187535
1871,62.42500000000001,67.78204832839393,0.6579753615086343,0.9226130314781709,0.9747146208373961,0.8606770833333334,0.9268695819261519
1872,73.775,67.78204832839393,0.6528942974999399,0.9166564009511343,0.9741908486371198,0.8413411458333333,0.9474128730467737
1873,85.12500000000001,67.78204832839393,0.6433229004124,0.910266038263251,0.9735989987745858,0.828125,0.9554264271682306
1874,96.47500000000001,67.78204832839393,0.6320619695690475,0.9035981265782351,0.9729456624930396,0.8197265625,0.9556142731797869
1875,107.825,67.78204832839393,0.6211300506526898,0.8967874315135823,0.9722372423395028,0.8174479166666667,0.9495368747740963
1876,119.17500000000001,67.78204832839393,0.6132708037132951,0.8899453476871071,0.9714798003457825,0.8194010416666667,0.9436371473629368
1877,130.52500000000003,67.78204832839393,0.6070988285256284,0.8831603970532185,0.9706789640748918,0.82421875,0.9372009163246525
1878,141.87500000000003,67.78204832839393,0.6040953743662032,0.8765002577483655,0.9698398794168257,0.8293619791666667,0.9349057806305868
1879,153.22500000000002,67.78204832839393,0.6039631507636052,0.8700145639845519,0.9689671982182854,0.8385416666666666,0.9324860723952324
1880,164.57500000000005,67.78204832839393,0.6075912301394377,0.8637379326687745,0.9680650899425847,0.846484375,0.9366246182013703
1881,175.92500000000004,67.78204832839393,0.6090966641171833,0.8576928732449919,0.9671372685285253,0.8535807291666667,0.9386615608123818
1882,187.27500000000003,67.78204832839393,0.6133776439079353,0.8518923946042188,0.9661870277558454,0.8613932291666667,0.9438871089672697
1883,198.62500000000003,67.78204832839393,0.6149477335808655,0.8463422320676484,0.9652172803550182,0.8632161458333333,0.951850704270033
1884,209.97500000000002,67.78204832839393,0.6102530503531576,0.8410426855055346,0.9642305976685891,0.858984375,0.9575695926551094
1885,221.32500000000005,67.78204832839393,0.6034151118022937,0.8359900972911916,0.9632292478607526,0.8505208333333333,0.964451260690086
1886,232.67500000000004,67.78204832839393,0.592882784043652,0.8311780160762866,0.9622152315254344,0.840234375,0.9681104553515826
1887,244.02500000000003,67.78204832839393,0.5814736675507904,0.8265980972078831,0.9611903141279383,0.8294921875,0.9697760922898929
1888,255.37500000000006,67.78204832839393,0.56520101019602,0.8222407885352878,0.9601560550973944,0.8151692708333333,0.9676539628247043
1889,266.725,67.78204832839393,0.5464016802599552,0.818095844962568,0.9591138336245991,0.7977864583333333,0.9639478815617084
1890,278.07500000000005,67.78204832839393,0.5282051020670193,0.8141527085446484,0.9580648713567617,0.7811848958333333,0.9594108280431528
1891,289.42500000000007,67.78204832839393,0.5128413910097032,0.8104007843921619,0.957010252251125,0.7680338541666667,0.9550441119264266
1892,300.77500000000003,67.78204832839393,0.49656155813733854,0.8068296367287319,0.955950939876834,0.7532552083333334,0.9499448867950518
1893,312.12500000000006,67.78204832839393,0.48155590597865344,0.8034291243625121,0.9548877924556025,0.7381510416666667,0.9471311712251368
1894,323.4750000000001,67.78204832839393,0.47029811565037677,0.8001894906233211,0.9538215759176221,0.7262369791666666,0.9470597304334046
1895,334.82500000000005,67.78204832839393,0.4573817702801499,0.797101419411256,0.952752975226979,0.7126302083333333,0.9449397054609714
1896,-340.50000000000006,77.61143666134728,0.4611858128859306,0.7993019812792862,0.9518586466939907,0.7095052083333333,0.9553258039729708
1897,-329.15000000000003,77.61143666134728,0.4655101185504359,0.8023505378420193,0.9529165349468282,0.7080078125,0.9579570580911517
1898,-317.80000000000007,77.61143666134728,0.47752652814361524,0.8055423720337829,0.9539717497055586,0.7203776041666666,0.959062533095037
1899,-306.45000000000005,77.61143666134728,0.49058352322458115,0.8088856968053071,0.9550236026697614,0.7333333333333333,0.9614628005380428
1900,-295.1,77.61143666134728,0.5060953634625834,0.8123890319133892,0.9560713273096294,0.7477213541666666,0.9653052042081826
1901,-283.75000000000006,77.61143666134728,0.5234820654822576,0.8160611372120985,0.9571140684363972,0.7641927083333333,0.969599789847967
1902,-272.40000000000003,77.61143666134728,0.5392003364302602,0.8199109140544113,0.9581508702778566,0.7800130208333333,0.9715450412062296
1903,-261.05,77.61143666134728,0.553442357745188,0.8239472648708307,0.9591806628615983,0.7921875,0.9741961336763667
1904,-249.70000000000005,77.61143666134728,0.569476810087329,0.8281788983633223,0.9602022464981828,0.8069010416666667,0.9756363165583706
1905,-238.35000000000002,77.61143666134728,0.5829311815618717,0.8326140645995245,0.9612142741550046,0.8190755208333333,0.975276459449498
1906,-227.00000000000003,77.61143666134728,0.5922791863197078,0.8372602006178662,0.9622152315254344,0.8268880208333333,0.9730644158563747
1907,-215.65000000000003,77.61143666134728,0.5998852590484751,0.842123463056092,0.9632034146361971,0.8344401041666667,0.968532005612688
1908,-204.3,77.61143666134728,0.6022273512400589,0.8472081200576425,0.9641769049119039,0.8384114583333333,0.9599793030969924
1909,-192.95000000000002,77.61143666134728,0.6010097113574433,0.8525157708360728,0.9651335417476047,0.8362630208333334,0.9531659878677591
1910,-181.60000000000002,77.61143666134728,0.6004156664725956,0.8580443587742667,0.9660708928525013,0.8322265625,0.949115527596072
1911,-170.25000000000003,77.61143666134728,0.5980016248731048,0.8637869444538958,0.9669862229526716,0.8255859375,0.9458483126290572
1912,-158.90000000000003,77.61143666134728,0.5948257723026031,0.8697302111330195,0.9678764619154516,0.816796875,0.9435101736941484
1913,-147.55,77.61143666134728,0.5953255283283042,0.8758526906872082,0.9687381740256312,0.8074869791666667,0.9471997134711391
1914,-136.20000000000002,77.61143666134728,0.5964292005202741,0.8821227279805751,0.969567531041177,0.7994140625,0.9505571510424031
1915,-124.85000000000002,77.61143666134728,0.5998858182921656,0.8884962521288067,0.9703602928018139,0.79296875,0.9562173397655973
1916,-113.50000000000001,77.61143666134728,0.6059166955712885,0.8949145000956306,0.9711118005281334,0.7874348958333334,0.9649586779859263
1917,-102.15,77.61143666134728,0.6142924406227018,0.9013019446425994,0.9718169894133567,0.7877604166666666,0.9703340155803104
1918,-90.80000000000001,77.61143666134728,0.6269699703005875,0.9075648103357729,0.9724704284146825,0.7953125,0.9739872182124983
1919,-79.45000000000002,77.61143666134728,0.6404153548134424,0.9135906991050277,0.9730663958435103,0.8097005208333333,0.970131628506785
1920,-68.10000000000001,77.61143666134728,0.6521859901957903,0.9192499499935937,0.9735989987745857,0.8296875,0.9572743582789698
1921,-56.75000000000001,77.61143666134728,0.6593586392656519,0.9243993609355122,0.9740623416544948,0.8512369791666666,0.9377427907320097
1922,-45.400000000000006,77.61143666134728,0.6622840672423523,0.9288887238533938,0.9744507441084077,0.8727213541666666,0.9150375007150378
1923,-34.050000000000004,77.61143666134728,0.6614902772463531,0.9325702050809263,0.9747589996655459,0.8918619791666667,0.8918311951749168
1924,-22.700000000000003,77.61143666134728,0.662770569760999,0.9353099471615615,0.9749826568318695,0.9094401041666667,0.8739114652044605
1925,-11.350000000000001,77.61143666134728,0.6632091482548412,0.9370005026195458,0.9751182938800598,0.9225260416666666,0.860499822116478
1926,0.0,77.61143666134728,0.6624407508650947,0.9375720910723336,0.9751637522485354,0.9264973958333333,0.8549951963529486
1927,11.350000000000001,77.61143666134728,0.6625527195318484,0.9370005026195458,0.9751182938800598,0.9212239583333334,0.8607269255151286
1928,22.700000000000003,77.61143666134728,0.661880899885449,0.9353099471615615,0.9749826568318695,0.90859375,0.8732428752029174
1929,34.050000000000004,77.61143666134728,0.6601456704556121,0.9325702050809263,0.9747589996655459,0.8910807291666667,0.8904805996770327
1930,45.400000000000006,77.61143666134728,0.65960203676786,0.9288887238533938,0.9744507441084077,0.8722005208333333,0.9117482058954068
1931,56.75000000000001,77.61143666134728,0.6588301032769285,0.9243993609355122,0.9740623416544948,0.8513671875,0.9369427385345491
1932,68.10000000000001,77.61143666134728,0.6509420072759735,0.9192499499935937,0.9735989987745857,0.8298177083333333,0.955495550602448
1933,79.45000000000002,77.61143666134728,0.6381815232965393,0.9135906991050277,0.9730663958435103,0.8085286458333333,0.9681048382005617
1934,90.80000000000001,77.61143666134728,0.6244107799312448,0.9075648103357727,0.9724704284146825,0.7955078125,0.9696318764481896
1935,102.15,77.61143666134728,0.6121378491237054,0.9013019446425994,0.9718169894133567,0.7876302083333333,0.966908464437104
1936,113.50000000000001,77.61143666134728,0.60272953393906,0.8949145000956307,0.9711118005281334,0.7875,0.959612988953467
1937,124.85000000000002,77.61143666134728,0.5959217051476937,0.8884962521288066,0.9703602928018139,0.792578125,0.9503514085686634
1938,136.20000000000002,77.61143666134728,0.5911650796302711,0.8821227279805751,0.969567531041177,0.7979817708333333,0.944099084521443
1939,147.55,77.61143666134728,0.5908974787703727,0.8758526906872081,0.9687381740256312,0.8076171875,0.9399348983810305
1940,158.90000000000003,77.61143666134728,0.5925599507613605,0.8697302111330195,0.9678764619154516,0.8169270833333333,0.9394693843150749
1941,170.25000000000003,77.61143666134728,0.5948886544818797,0.8637869444538959,0.9669862229526716,0.8261067708333333,0.9402130434571386
1942,181.60000000000002,77.61143666134728,0.597529499649815,0.8580443587742669,0.9660708928525013,0.8326171875,0.9440381813119588
1943,192.95000000000002,77.61143666134728,0.6005417069163428,0.8525157708360728,0.9651335417476047,0.8383463541666667,0.9499266564589968
1944,204.3,77.61143666134728,0.5991953697033169,0.8472081200576425,0.9641769049119039,0.8388671875,0.9552055969556653
1945,215.65000000000003,77.61143666134728,0.5964200152373794,0.8421234630560921,0.9632034146361971,0.834765625,0.9631168419256922
1946,227.00000000000003,77.61143666134728,0.589207102703422,0.8372602006178662,0.9622152315254344,0.8276041666666667,0.9681871528222693
1947,238.35000000000002,77.61143666134728,0.5792425653118108,0.8326140645995246,0.9612142741550046,0.8182942708333333,0.9703289023485702
1948,249.70000000000005,77.61143666134728,0.5672616147676192,0.8281788983633223,0.9602022464981828,0.8067708333333333,0.9723273846403286
1949,261.05,77.61143666134728,0.5519262983495087,0.8239472648708308,0.9591806628615983,0.794140625,0.9687817999829085
1950,272.40000000000003,77.61143666134728,0.5363615147875153,0.8199109140544113,0.9581508702778566,0.7804036458333333,0.9655829221294128
1951,283.75000000000006,77.61143666134728,0.5182176179910877,0.8160611372120985,0.9571140684363972,0.7627604166666667,0.9621248169008686
1952,295.1,77.61143666134728,0.5016624706499352,0.8123890319133892,0.9560713273096294,0.7483723958333334,0.95647322243166
1953,306.45000000000005,77.61143666134728,0.48652820727786417,0.8088856968053071,0.9550236026697614,0.7350260416666666,0.9513280523796682
1954,317.80000000000007,77.61143666134728,0.473411160269135,0.8055423720337831,0.9539717497055586,0.7217447916666667,0.9495013571850586
1955,329.15000000000003,77.61143666134728,0.4609930120344851,0.8023505378420193,0.9529165349468282,0.7107421875,0.9454095880697105
1956,340.50000000000006,77.61143666134728,0.45526624660417137,0.7993019812792862,0.9518586466939907,0.7100260416666667,0.9425831937321433
1957,-334.82500000000005,87.44082499430067,0.4557783956659417,0.8043683093587805,0.952000145115278,0.6916666666666667,0.957356630313799
1958,-323.475,87.44082499430067,0.46688093071358505,0.8075090679415519,0.953044309673793,0.7022786458333333,0.9596624303907108
1959,-312.12500000000006,87.44082499430067,0.48021132475214273,0.8107922745528398,0.9540848386277432,0.7160807291666667,0.9617605576398246
1960,-300.77500000000003,87.44082499430067,0.4944027524087123,0.8142253327552773,0.9551209672484068,0.7292317708333333,0.9654993820556694
1961,-289.425,87.44082499430067,0.510625072514672,0.8178157679684503,0.9561518458922383,0.7445963541666667,0.9695328548791232
1962,-278.07500000000005,87.44082499430067,0.5260828738826725,0.8215711246251225,0.9571765291451935,0.7602864583333333,0.9711180438093596
1963,-266.725,87.44082499430067,0.5402105843489488,0.8254988254520197,0.9581939635320471,0.7729166666666667,0.9733781458942043
1964,-255.375,87.44082499430067,0.5540044675608019,0.8296059824953079,0.9592029736381618,0.7853515625,0.9745510623186544
1965,-244.02500000000003,87.44082499430067,0.5646909061732597,0.8338991471851753,0.9602022464981828,0.7947265625,0.9737711752644215
1966,-232.675,87.44082499430067,0.57493610092928,0.8383839841255103,0.9611903141279383,0.805078125,0.9704870656611244
1967,-221.32500000000002,87.44082499430067,0.5812369102920462,0.8430648505277087,0.9621655341192633,0.8091796875,0.9682232539351064
1968,-209.97500000000002,87.44082499430067,0.5851141979489324,0.8479442605411479,0.9631260682934761,0.8125,0.9631409065701493
1969,-198.625,87.44082499430067,0.587289433210721,0.8530222116383276,0.9640698595312519,0.8123046875,0.9592767144303934
1970,-187.275,87.44082499430067,0.5857576665111262,0.8582953494797786,0.964994607082637,0.8085286458333333,0.9540544689251713
1971,-175.925,87.44082499430067,0.5849318619923196,0.8637559495530264,0.9658977409329457,0.8034505208333333,0.951618143555727
1972,-164.57500000000002,87.44082499430067,0.5840400261995314,0.869390700187813,0.9667763961838252,0.7964192708333333,0.950625280911873
1973,-153.22500000000002,87.44082499430067,0.5802189079701284,0.875179284844324,0.9676273889292228,0.7853515625,0.9504257817964631
1974,-141.875,87.44082499430067,0.5782726744435122,0.8810927851060231,0.9684471957844782,0.7738932291666667,0.9538600742296317
1975,-130.525,87.44082499430067,0.5781199322157408,0.8870919632524427,0.9692319400663167,0.7641276041666667,0.9585908121169483
1976,-119.17500000000003,87.44082499430067,0.580934054127834,0.8931255378919348,0.969977388591822,0.7567708333333333,0.9655369380016645
1977,-107.82500000000002,87.44082499430067,0.5878345882485899,0.8991286390428156,0.9706789640748918,0.7554036458333333,0.971890857146452
1978,-96.47500000000001,87.44082499430067,0.6003958317086515,0.9050217164847401,0.9713317789674747,0.7622395833333333,0.9773504567841684
1979,-85.12500000000001,87.44082499430067,0.6148334815502199,0.9107102646432039,0.9719306970215418,0.7770833333333333,0.975011355326009
1980,-73.77500000000002,87.44082499430067,0.6330663500226205,0.9160857936643354,0.9724704284146825,0.7993489583333333,0.9693443880828573
1981,-62.42500000000001,87.44082499430067,0.6471526193375515,0.9210284808437174,0.9729456624930396,0.8233723958333333,0.9561340757861386
1982,-51.075,87.44082499430067,0.653899078472804,0.9254118319793389,0.9733512386060784,0.8466796875,0.9352332818771595
1983,-39.72500000000001,87.44082499430067,0.6585528055398839,0.9291094292104842,0.9736823500010557,0.8685546875,0.9151790909591685
1984,-28.375000000000004,87.44082499430067,0.6614256703740188,0.9320034364520342,0.9739347687619717,0.8900390625,0.8947973410298865
1985,-17.025000000000002,87.44082499430067,0.6639803048182867,0.9339940362746897,0.9741050725719584,0.907421875,0.8793064396972942
1986,-5.675000000000001,87.44082499430067,0.6638661728057202,0.9350085192200244,0.9741908486371198,0.916015625,0.8695633830225057
1987,5.675000000000001,87.44082499430067,0.662340855900709,0.9350085192200244,0.9741908486371198,0.9158203125,0.8677454290245348
1988,17.025000000000002,87.44082499430067,0.6630220156378723,0.9339940362746896,0.9741050725719584,0.90703125,0.878343876114457
1989,28.375000000000004,87.44082499430067,0.6600761421699928,0.9320034364520342,0.9739347687619717,0.88828125,0.894759972623888
1990,39.72500000000001,87.44082499430067,0.6561450469875035,0.9291094292104842,0.9736823500010557,0.8680989583333333,0.9123205410362606
1991,51.075,87.44082499430067,0.6535102238656698,0.9254118319793389,0.9733512386060784,0.8473958333333333,0.933935156385072
1992,62.42500000000001,87.44082499430067,0.6465693159882576,0.9210284808437174,0.9729456624930396,0.8234375,0.9552906773384561
1993,73.775,87.44082499430067,0.6333010756186735,0.9160857936643355,0.9724704284146825,0.7990885416666667,0.9701606148116909
1994,85.12500000000001,87.44082499430067,0.6154425266318168,0.9107102646432038,0.9719306970215418,0.7772135416666667,0.9759360336412026
1995,96.47500000000001,87.44082499430067,0.5991413708874883,0.9050217164847401,0.9713317789674747,0.7630859375,0.9741341370658788
1996,107.825,87.44082499430067,0.5875187830829446,0.8991286390428155,0.9706789640748918,0.7572265625,0.9691246422855008
1997,119.17500000000001,87.44082499430067,0.5804347642769933,0.8931255378919347,0.969977388591822,0.7587239583333333,0.962105676996019
1998,130.52500000000003,87.44082499430067,0.5763551755757853,0.8870919632524427,0.9692319400663167,0.7653645833333333,0.9540409870284368
1999,141.87500000000003,87.44082499430067,0.5756843011307763,0.8810927851060232,0.9684471957844782,0.7756510416666667,0.9475787354947478
2000,153.22500000000002,87.44082499430067,0.5770942397038946,0.8751792848443238,0.9676273889292228,0.7864583333333334,0.9440245508921307
2001,164.57500000000005,87.44082499430067,0.5786390103653125,0.869390700187813,0.9667763961838252,0.7963541666666667,0.9421946531408394
2002,175.92500000000004,87.44082499430067,0.581977529246343,0.8637559495530264,0.9658977409329457,0.8046875,0.9449738790866739
2003,187.27500000000003,87.44082499430067,0.5836111269329205,0.8582953494797786,0.964994607082637,0.80859375,0.9501267977428852
2004,198.62500000000003,87.44082499430067,0.583115736052227,0.8530222116383274,0.9640698595312519,0.8120442708333333,0.9531841747340771
2005,209.97500000000002,87.44082499430067,0.5822006742995569,0.8479442605411478,0.9631260682934761,0.8122395833333333,0.9592314738334665
2006,221.32500000000005,87.44082499430067,0.5778462410883851,0.8430648505277087,0.9621655341192633,0.8083984375,0.964320385278912
2007,232.67500000000004,87.44082499430067,0.5735715537767977,0.8383839841255102,0.9611903141279383,0.8045572916666667,0.9696491309485366
2008,244.02500000000003,87.44082499430067,0.563816676272399,0.8338991471851752,0.9602022464981828,0.79609375,0.9709971546069753
2009,255.37500000000006,87.44082499430067,0.5512363866821599,0.8296059824953079,0.9592029736381618,0.7853515625,0.9701181994622761
2010,266.725,87.44082499430067,0.5376815555780667,0.8254988254520196,0.9581939635320471,0.7734375,0.9684342275154787
2011,278.07500000000005,87.44082499430067,0.5240567598077831,0.8215711246251224,0.9571765291451935,0.7615234375,0.9658770781615921
2012,289.42500000000007,87.44082499430067,0.5073034058551739,0.8178157679684503,0.9561518458922383,0.7466796875,0.9605209505542217
2013,300.77500000000003,87.44082499430067,0.4909410052592001,0.8142253327552773,0.9551209672484068,0.7304036458333333,0.9574068793180948
2014,312.12500000000006,87.44082499430067,0.47608380369352427,0.8107922745528398,0.9540848386277432,0.7171223958333334,0.9522365701913001
2015,323.4750000000001,87.44082499430067,0.46164358792839655,0.8075090679415518,0.953044309673793,0.7024739583333334,0.9488439704275827
2016,334.82500000000005,87.44082499430067,0.45034178030341404,0.8043683093587805,0.952000145115278,0.6916666666666667,0.9463113753049975
2017,-329.15000000000003,97.27021332725406,0.45628688469487816,0.8093408852389679,0.952106660804986,0.6858072916666667,0.9587167971981727
2018,-317.80000000000007,97.27021332725406,0.4699549182445002,0.812561904405627,0.9531358812765025,0.6993489583333333,0.9617281331398592
2019,-306.45000000000005,97.27021332725406,0.4844824583825013,0.8159231209442633,0.9541604516389414,0.7136067708333333,0.9655207926982273
2020,-295.1,97.27021332725406,0.49850347864496586,0.819430963689564,0.9551795300774798,0.7287109375,0.9664307021802822
2021,-283.75000000000006,97.27021332725406,0.5129223616630678,0.8230917841285599,0.9561921838132095,0.7419270833333333,0.9700306005736562
2022,-272.40000000000003,97.27021332725406,0.5270215819704783,0.8269117187566042,0.9571973780383088,0.7550130208333333,0.9716696166624762
2023,-261.05,97.27021332725406,0.5374906415648169,0.8308965090166137,0.9581939635320471,0.7639322916666667,0.9724517369618774
2024,-249.70000000000005,97.27021332725406,0.5467418812106324,0.8350512686306012,0.9591806628615983,0.7727213541666667,0.9702451869335397
2025,-238.35000000000002,97.27021332725406,0.5552238566248492,0.8393801863193168,0.9601560550973944,0.78046875,0.9678618599668657
2026,-227.00000000000003,97.27021332725406,0.5617377003735048,0.843886150095523,0.9611185590180038,0.7858072916666666,0.9646165405915096
2027,-215.65000000000003,97.27021332725406,0.5670923054301952,0.8485702777432163,0.9620664148516603,0.7871744791666667,0.9644313745443273
2028,-204.3,97.27021332725406,0.5700637076388552,0.8534313371508305,0.962997664711667,0.7869791666666667,0.962240068706942
2029,-192.95000000000002,97.27021332725406,0.5710295957684558,0.8584650404674418,0.963910132043081,0.7857421875,0.9580676846983636
2030,-181.60000000000002,97.27021332725406,0.5706499857313554,0.8636631985155392,0.9648014006240454,0.78125,0.9554799807725277
2031,-170.25000000000003,97.27021332725406,0.5688112792004725,0.8690127278172286,0.9656687939733378,0.7733723958333333,0.9549186743199451
2032,-158.90000000000003,97.27021332725406,0.5652410251267928,0.8744945136856654,0.9665093564214122,0.762109375,0.9552819932751151
2033,-147.55,97.27021332725406,0.5614531448724427,0.880082151177804,0.967319837615804,0.7507161458333333,0.9563125526178007
2034,-136.20000000000002,97.27021332725406,0.5588254537261003,0.8857406134954608,0.9680966828499394,0.7384765625,0.9608328008046669
2035,-124.85000000000002,97.27021332725406,0.558869572610145,0.8914249363972043,0.9688360322987732,0.7294270833333333,0.9662795662912708
2036,-113.50000000000001,97.27021332725406,0.5636075790685694,0.8970790575502583,0.9695337329467987,0.7274739583333333,0.9712110880279995
2037,-102.15,97.27021332725406,0.5722535648935184,0.902635008516794,0.9701853675764643,0.7315104166666667,0.9748988367968232
2038,-90.80000000000001,97.27021332725406,0.5879811625373039,0.9080127158990833,0.9707863054475483,0.7465494791666667,0.9753795287933288
2039,-79.45000000000002,97.27021332725406,0.60720010064503,0.9131207113753956,0.9713317789674747,0.76953125,0.9707175463884908
2040,-68.10000000000001,97.27021332725406,0.6267412600238064,0.9178580543649745,0.9718169894133567,0.7963541666666667,0.9623137286838144
2041,-56.75000000000001,97.27021332725406,0.6405690413905106,0.9221177074260426,0.9722372423395028,0.8203125,0.9500778813168759
2042,-45.400000000000006,97.27021332725406,0.6503300336629642,0.9257914486137039,0.9725881095817431,0.8444010416666666,0.9336344434388355
2043,-34.050000000000004,97.27021332725406,0.6571665435596997,0.9287761508029072,0.9728656099850195,0.8677083333333333,0.9160129451979971
2044,-22.700000000000003,97.27021332725406,0.6627134057485713,0.9309809343941162,0.9730663958435103,0.8897135416666667,0.898744876803034
2045,-11.350000000000001,97.27021332725406,0.6671668617438908,0.932334379794654,0.9731879277396657,0.9054036458333333,0.8871814512493938
2046,0.0,97.27021332725406,0.6701161642983398,0.93279077556634,0.9732286184213537,0.9111328125,0.8845211868560029
2047,11.350000000000001,97.27021332725406,0.666204247192517,0.9323343797946538,0.9731879277396657,0.9046223958333334,0.886535947078242
2048,22.700000000000003,97.27021332725406,0.662474507136875,0.9309809343941162,0.9730663958435103,0.8891927083333333,0.8990088829189832
2049,34.050000000000004,97.27021332725406,0.6569079513896138,0.9287761508029073,0.9728656099850195,0.8686197916666667,0.9145569693134371
2050,45.400000000000006,97.27021332725406,0.650087437079161,0.9257914486137039,0.9725881095817431,0.8447916666666667,0.9327743014949662
2051,56.75000000000001,97.27021332725406,0.6404497873726414,0.9221177074260426,0.9722372423395028,0.8217447916666667,0.9484045640088039
2052,68.10000000000001,97.27021332725406,0.6259846906151689,0.9178580543649747,0.9718169894133567,0.7954427083333333,0.9622230496267946
2053,79.45000000000002,97.27021332725406,0.6079607823022706,0.9131207113753955,0.9713317789674747,0.7690755208333333,0.9725605690407194
2054,90.80000000000001,97.27021332725406,0.5872939455393218,0.9080127158990833,0.9707863054475483,0.7459635416666667,0.9750595655499531
2055,102.15,97.27021332725406,0.5707177137053503,0.9026350085167938,0.9701853675764643,0.7306640625,0.9733310654266017
2056,113.50000000000001,97.27021332725406,0.5622881217345922,0.8970790575502583,0.9695337329467987,0.7275390625,0.9687827678473967
2057,124.85000000000002,97.27021332725406,0.5575243539023507,0.8914249363972041,0.9688360322987732,0.73046875,0.9625837062262325
2058,136.20000000000002,97.27021332725406,0.5565119105588748,0.8857406134954608,0.9680966828499394,0.739453125,0.9555377740768346
2059,147.55,97.27021332725406,0.5598164506602925,0.8800821511778041,0.967319837615804,0.7522135416666667,0.9514230640523801
2060,158.90000000000003,97.27021332725406,0.560672875293282,0.8744945136856654,0.9665093564214122,0.7637369791666667,0.9460652329026158
2061,170.25000000000003,97.27021332725406,0.5651409867107532,0.8690127278172286,0.9656687939733378,0.7748697916666667,0.946943754733346
2062,181.60000000000002,97.27021332725406,0.5675419668524633,0.863663198515539,0.9648014006240454,0.7821614583333333,0.9491626759532329
2063,192.95000000000002,97.27021332725406,0.5671288152765523,0.8584650404674419,0.963910132043081,0.7854166666666667,0.9518478999118002
2064,204.3,97.27021332725406,0.5655585754380366,0.8534313371508305,0.962997664711667,0.7867838541666666,0.9553323977395471
2065,215.65000000000003,97.27021332725406,0.5625316874205247,0.8485702777432166,0.9620664148516603,0.7856770833333333,0.9594365974206757
2066,227.00000000000003,97.27021332725406,0.558998763439782,0.843886150095523,0.9611185590180038,0.78359375,0.9635139718508855
2067,238.35000000000002,97.27021332725406,0.55459277959863,0.8393801863193168,0.9601560550973944,0.780078125,0.9676181470932858
2068,249.70000000000005,97.27021332725406,0.5456368260953217,0.8350512686306011,0.9591806628615983,0.7733723958333333,0.967756354460568
2069,261.05,97.27021332725406,0.533909771174379,0.8308965090166137,0.9581939635320471,0.762890625,0.9675216198872824
2070,272.40000000000003,97.27021332725406,0.5233143527485787,0.8269117187566042,0.9571973780383088,0.7532552083333334,0.9677414445342858
2071,283.75000000000006,97.27021332725406,0.51010033712233,0.82309178412856,0.9561921838132095,0.74140625,0.9654968026301126
2072,295.1,97.27021332725406,0.49567551628654466,0.819430963689564,0.9551795300774798,0.72890625,0.9607382123501428
2073,306.45000000000005,97.27021332725406,0.4795969151234541,0.8159231209442633,0.9541604516389414,0.7134765625,0.9564187203692851
2074,317.80000000000007,97.27021332725406,0.4641639967198713,0.8125619044056271,0.9531358812765025,0.6977213541666667,0.952780600368047
2075,329.15000000000003,97.27021332725406,0.45084076872801987,0.8093408852389677,0.952106660804986,0.6846354166666667,0.9490063474202337
2076,-323.475,107.09960166020744,0.4602235022988896,0.8142060666617393,0.9521778594280674,0.6853515625,0.9604089201854761
2077,-312.12500000000006,107.09960166020744,0.4723378816232539,0.8174946190469056,0.9531909467064831,0.6979817708333333,0.961745395568133
2078,-300.77500000000003,107.09960166020744,0.4857654176363177,0.820919698662011,0.9541983246735698,0.7108723958333333,0.9649351469062701
2079,-289.425,107.09960166020744,0.4979456224817668,0.8244866133833998,0.9551990751523024,0.7225260416666667,0.966533844875785
2080,-278.07500000000005,107.09960166020744,0.5099171812057551,0.8282003871316055,0.9561921838132095,0.7341796875,0.9673852299701377
2081,-266.725,107.09960166020744,0.5206506269425542,0.83206559063779,0.9571765291451935,0.7438151041666666,0.9675826226426376
2082,-255.375,107.09960166020744,0.5290290455266115,0.8360861270915694,0.9581508702778566,0.7518229166666667,0.9656049307342479
2083,-244.02500000000003,107.09960166020744,0.5358230535631366,0.8402649633256468,0.9591138336245991,0.7568359375,0.9645217813038821
2084,-232.675,107.09960166020744,0.542227885706963,0.8446037960591111,0.9600638983598134,0.762109375,0.9616300161127643
2085,-221.32500000000002,107.09960166020744,0.5472397475444573,0.8491026418838373,0.9609993808103978,0.7630208333333334,0.9617658718333952
2086,-209.97500000000002,107.09960166020744,0.5506638585194423,0.8537593394537129,0.9619184179388042,0.762109375,0.9612328676193027
2087,-198.625,107.09960166020744,0.5540822982028496,0.8585689531968393,0.962818950231492,0.7618489583333333,0.959888838539802
2088,-187.275,107.09960166020744,0.5561437101868043,0.8635230704889382,0.9636987044929909,0.7600911458333334,0.9581464675794807
2089,-175.925,107.09960166020744,0.5537056437183504,0.8686089895093001,0.9645551772926969,0.7517578125,0.9573050033524286
2090,-164.57500000000002,107.09960166020744,0.5482731466141935,0.8738088040957817,0.9653856201278386,0.7389322916666666,0.9572004094282414
2091,-153.22500000000002,107.09960166020744,0.5450306965726356,0.8790984061449674,0.9661870277558454,0.7275390625,0.9595412155737509
2092,-141.875,107.09960166020744,0.5396996959561596,0.8844464467732738,0.966956131606537,0.7137369791666667,0.9623581105663385
2093,-130.525,107.09960166020744,0.5378350297801959,0.8898133254565367,0.967689400684536,0.7032552083333333,0.9671125105347592
2094,-119.17500000000003,107.09960166020744,0.5403107875151069,0.8951503114973144,0.9683830528639059,0.6993489583333333,0.9715827828075003
2095,-107.82500000000002,107.09960166020744,0.5464448556506948,0.9003989421364503,0.969033079869554,0.7018229166666666,0.9741225755431987
2096,-96.47500000000001,107.09960166020744,0.560565086743437,0.9054908808244918,0.9696352893983328,0.7168619791666667,0.9728180302156447
2097,-85.12500000000001,107.09960166020744,0.5802196696676777,0.9103484476067639,0.9701853675764643,0.7397786458333333,0.9698789635616355
2098,-73.77500000000002,107.09960166020744,0.6026204919111258,0.9148860366625179,0.9706789640748918,0.7686197916666667,0.9636141965903285
2099,-62.42500000000001,107.09960166020744,0.6211883271599675,0.919012596331437,0.9711118005281334,0.7962239583333334,0.9538257524118438
2100,-51.075,107.09960166020744,0.6363292412241734,0.9226352489468387,0.9714798003457825,0.8217447916666667,0.9429544441417025
2101,-39.72500000000001,107.09960166020744,0.6483911009726763,0.9256639659158181,0.9717792346896341,0.8466145833333333,0.9300771350429466
2102,-28.375000000000004,107.09960166020744,0.6581470362105157,0.9280170015611879,0.9720068757233467,0.8721354166666667,0.9143903327943007
2103,-17.025000000000002,107.09960166020744,0.6660768756400981,0.9296265666606173,0.9721601449393948,0.8917317708333333,0.9031000737193675
2104,-5.675000000000001,107.09960166020744,0.6713978796794607,0.9304440510465057,0.9722372423395028,0.9021484375,0.8982734001425968
2105,5.675000000000001,107.09960166020744,0.6723436295224692,0.9304440510465056,0.9722372423395028,0.9037760416666667,0.8977947029222965
2106,17.025000000000002,107.09960166020744,0.667966818465643,0.9296265666606173,0.9721601449393948,0.8923828125,0.9047901972980442
2107,28.375000000000004,107.09960166020744,0.6598337380012199,0.9280170015611877,0.9720068757233467,0.8718098958333333,0.9169833721661494
2108,39.72500000000001,107.09960166020744,0.6493126626080564,0.925663965915818,0.9717792346896341,0.8466145833333333,0.9313826152078265
2109,51.075,107.09960166020744,0.6386646168800516,0.9226352489468389,0.9714798003457825,0.8227213541666667,0.9453149495310769
2110,62.42500000000001,107.09960166020744,0.6230160969716521,0.919012596331437,0.9711118005281334,0.79609375,0.956835669305656
2111,73.775,107.09960166020744,0.6032471687445982,0.9148860366625178,0.9706789640748918,0.7674479166666667,0.9661877242593715
2112,85.12500000000001,107.09960166020744,0.5809004620500606,0.9103484476067639,0.9701853675764643,0.7389973958333333,0.97191439953358
2113,96.47500000000001,107.09960166020744,0.5598453396382712,0.9054908808244918,0.9696352893983328,0.7166015625,0.9719855539107806
2114,107.825,107.09960166020744,0.5443662107720201,0.9003989421364502,0.969033079869554,0.7024088541666667,0.969646704971686
2115,119.17500000000001,107.09960166020744,0.5375186438410271,0.8951503114973143,0.9683830528639059,0.6986979166666667,0.9675151099297049
2116,130.52500000000003,107.09960166020744,0.5360303090390873,0.8898133254565367,0.967689400684536,0.7038411458333333,0.9632115193791692
2117,141.87500000000003,107.09960166020744,0.5376575968369603,0.8844464467732737,0.966956131606537,0.7145182291666666,0.9574445728411624
2118,153.22500000000002,107.09960166020744,0.5409033293898572,0.8790984061449674,0.9661870277558454,0.7276041666666667,0.9523204625602905
2119,164.57500000000005,107.09960166020744,0.5455491461181683,0.8738088040957818,0.9653856201278386,0.7425130208333334,0.9481996850633296
2120,175.92500000000004,107.09960166020744,0.5501032152444242,0.8686089895093001,0.9645551772926969,0.7541015625,0.9486489266258381
2121,187.27500000000003,107.09960166020744,0.5494722260130593,0.8635230704889383,0.9636987044929909,0.7591796875,0.9486039636746588
2122,198.62500000000003,107.09960166020744,0.5508583142635189,0.8585689531968393,0.962818950231492,0.7626302083333333,0.9537268800717565
2123,209.97500000000002,107.09960166020744,0.5481203982761855,0.8537593394537131,0.9619184179388042,0.763671875,0.9552831641740641
2124,221.32500000000005,107.09960166020744,0.5456879837893959,0.8491026418838372,0.9609993808103978,0.7630859375,0.9594139587401259
2125,232.67500000000004,107.09960166020744,0.5417780440279664,0.844603796059111,0.9600638983598134,0.7615234375,0.961939425969383
2126,244.02500000000003,107.09960166020744,0.5353532698932738,0.8402649633256469,0.9591138336245991,0.7576822916666667,0.9629610697240734
2127,255.37500000000006,107.09960166020744,0.5275660118338165,0.8360861270915695,0.9581508702778566,0.7504557291666667,0.9651630831348197
2128,266.725,107.09960166020744,0.5190870179097639,0.8320655906377901,0.9571765291451935,0.7442708333333333,0.9646283565197729
2129,278.07500000000005,107.09960166020744,0.5080196506096858,0.8282003871316055,0.9561921838132095,0.734765625,0.9635311351572503
2130,289.42500000000007,107.09960166020744,0.4972728537106625,0.8244866133833998,0.9551990751523024,0.7246744791666667,0.9627617070722018
2131,300.77500000000003,107.09960166020744,0.4821482520782533,0.8209196986620111,0.9541983246735698,0.7102213541666667,0.9591816624950287
2132,312.12500000000006,107.09960166020744,0.4680912812072287,0.8174946190469056,0.9531909467064831,0.6973958333333333,0.9543111123985023
2133,323.4750000000001,107.09960166020744,0.4535657373337085,0.8142060666617392,0.9521778594280674,0.6832682291666666,0.9498123040483125
2134,-329.15000000000003,116.92898999316083,0.4509572235313532,0.8157352528324014,0.9512118060524146,0.6747395833333333,0.9555477382273352
2135,-317.80000000000007,116.92898999316083,0.4608480680084129,0.8189509256636005,0.9522135155035566,0.6824869791666667,0.959621045084707
2136,-306.45000000000005,116.92898999316083,0.4730370230263405,0.8222936733130252,0.9532093223512861,0.6945963541666667,0.9620078230389956
2137,-295.1,116.92898999316083,0.4839307778430379,0.8257678945437306,0.9541983246735698,0.705078125,0.9633113442894801
2138,-283.75000000000006,116.92898999316083,0.4953024062346731,0.8293776549904255,0.9551795300774798,0.716796875,0.9630361853308094
2139,-272.40000000000003,116.92898999316083,0.504305879668688,0.8331265297825209,0.9561518458922383,0.7251953125,0.9622288187318748
2140,-261.05,116.92898999316083,0.5118068838015486,0.837017407663504,0.9571140684363972,0.7313802083333333,0.9614619591618939
2141,-249.70000000000005,116.92898999316083,0.5171276223964669,0.8410522493801653,0.9580648713567617,0.735546875,0.9591638296969308
2142,-238.35000000000002,116.92898999316083,0.5245037110214866,0.8452317924522949,0.9590027930784315,0.7399739583333333,0.9594117691214537
2143,-227.00000000000003,116.92898999316083,0.5299929825339119,0.8495551940794037,0.9599262234655582,0.7414713541666667,0.9600486653434798
2144,-215.65000000000003,116.92898999316083,0.5328537859185823,0.8540196041462558,0.9608333898771023,0.7404947916666667,0.9592091585459736
2145,-204.3,116.92898999316083,0.538589442968714,0.8586196614111591,0.9617223429171543,0.7418619791666666,0.9596706223515379
2146,-192.95000000000002,116.92898999316083,0.5388352823097956,0.8633469084883857,0.9625909423324539,0.737890625,0.9577539807605431
2147,-181.60000000000002,116.92898999316083,0.5361364107945168,0.8681891258014374,0.9634368437072497,0.7307291666666667,0.9553686849303679
2148,-170.25000000000003,116.92898999316083,0.53181367041882,0.8731295920526277,0.9642574868523471,0.7188802083333333,0.9560097717686394
2149,-158.90000000000003,116.92898999316083,0.526642149574017,0.8781462897651158,0.9650500870820049,0.7052083333333333,0.9583595772700093
2150,-147.55,116.92898999316083,0.521482786786679,0.8832110898726823,0.9658116309119649,0.6915364583333333,0.9616881797095689
2151,-136.20000000000002,116.92898999316083,0.5183029350223632,0.8882889695857187,0.9665388780743295,0.6797526041666667,0.966799997265739
2152,-124.85000000000002,116.92898999316083,0.518908658992413,0.8933373424996003,0.9672283720912271,0.6744140625,0.9707416694088167
2153,-113.50000000000001,116.92898999316083,0.5241692035973201,0.898305607406691,0.9678764619154516,0.6765625,0.9729609818420825
2154,-102.15,116.92898999316083,0.5366286016172671,0.9031350487204338,0.9684793372389693,0.6895833333333333,0.9725436809674742
2155,-90.80000000000001,116.92898999316083,0.5561329313934984,0.9077592403514814,0.969033079869554,0.7126953125,0.9693962734314676
2156,-79.45000000000002,116.92898999316083,0.5791447444828398,0.9121051070972371,0.9695337329467987,0.7416666666666667,0.9645402312325918
2157,-68.10000000000001,116.92898999316083,0.6004190177402943,0.9160947722310155,0.969977388591822,0.77109375,0.9566265558124127
2158,-56.75000000000001,116.92898999316083,0.6178222166189772,0.9196482571216248,0.9703602928018139,0.7977864583333333,0.9474479462706694
2159,-45.400000000000006,116.92898999316083,0.6338555913298858,0.9226869939894471,0.9706789640748918,0.825,0.9370674427049828
2160,-34.050000000000004,116.92898999316083,0.6476938772583372,0.9251379728316678,0.9709303196222603,0.8509765625,0.9260807374884688
2161,-22.700000000000003,116.92898999316083,0.6633798682697886,0.9269381896301699,0.9711118005281334,0.8767578125,0.9183447089188223
2162,-11.350000000000001,116.92898999316083,0.672760071094578,0.9280389311335652,0.9712214854347606,0.8925130208333333,0.9131530019735997
2163,0.0,116.92898999316083,0.6762294748898714,0.9284093643628256,0.9712581818529016,0.8991536458333333,0.9102062675403894
2164,11.350000000000001,116.92898999316083,0.6746348260548797,0.9280389311335652,0.9712214854347606,0.8932291666666666,0.9147910171170663
2165,22.700000000000003,116.92898999316083,0.664506488226877,0.9269381896301699,0.9711118005281334,0.8756510416666666,0.9210264087702453
2166,34.050000000000004,116.92898999316083,0.6520805069934803,0.9251379728316677,0.9709303196222603,0.8510416666666667,0.932078122891518
2167,45.400000000000006,116.92898999316083,0.6379101613454721,0.9226869939894472,0.9706789640748918,0.8254557291666667,0.9422790373950983
2168,56.75000000000001,116.92898999316083,0.6200846690307689,0.9196482571216247,0.9703602928018139,0.7978515625,0.9507825059047535
2169,68.10000000000001,116.92898999316083,0.6013156989795416,0.9160947722310158,0.969977388591822,0.7709635416666667,0.9583476498127561
2170,79.45000000000002,116.92898999316083,0.5807266224816751,0.912105107097237,0.9695337329467987,0.7414713541666667,0.9671783929603479
2171,90.80000000000001,116.92898999316083,0.5576374573359267,0.9077592403514815,0.969033079869554,0.7122395833333334,0.9725651940068798
2172,102.15,116.92898999316083,0.5351932544212555,0.9031350487204339,0.9684793372389693,0.6888020833333334,0.9709618837844112
2173,113.50000000000001,116.92898999316083,0.520386215827969,0.8983056074066911,0.9678764619154516,0.6760416666666667,0.966721375438422
2174,124.85000000000002,116.92898999316083,0.5159004360344113,0.8933373424996003,0.9672283720912271,0.6743489583333333,0.9651915250956234
2175,136.20000000000002,116.92898999316083,0.51443260949764,0.8882889695857185,0.9665388780743295,0.6785807291666667,0.9613720945028003
2176,147.55,116.92898999316083,0.5185436193308784,0.8832110898726824,0.9658116309119649,0.6913411458333333,0.9566602515168534
2177,158.90000000000003,116.92898999316083,0.523303039510136,0.8781462897651158,0.9650500870820049,0.7052083333333333,0.952568077337664
2178,170.25000000000003,116.92898999316083,0.5284564037318596,0.8731295920526276,0.9642574868523471,0.7207682291666667,0.9479520438491915
2179,181.60000000000002,116.92898999316083,0.5306032405796707,0.8681891258014374,0.9634368437072497,0.7311197916666666,0.945550908860606
2180,192.95000000000002,116.92898999316083,0.5326587897316019,0.8633469084883857,0.9625909423324539,0.7374348958333333,0.9483301463528012
2181,204.3,116.92898999316083,0.5338173153568718,0.858619661411159,0.9617223429171543,0.742578125,0.9507854455991303
2182,215.65000000000003,116.92898999316083,0.5324799156662807,0.8540196041462558,0.9608333898771023,0.7432291666666667,0.9548255136067729
2183,227.00000000000003,116.92898999316083,0.5292022340193583,0.8495551940794037,0.9599262234655582,0.742578125,0.9573212593851846
2184,238.35000000000002,116.92898999316083,0.5240978047411987,0.8452317924522952,0.9590027930784315,0.7412109375,0.9574858447456018
2185,249.70000000000005,116.92898999316083,0.5168974039032576,0.8410522493801654,0.9580648713567617,0.7350911458333333,0.9596790288979169
2186,261.05,116.92898999316083,0.5117553598208973,0.8370174076635039,0.9571140684363972,0.732421875,0.9606071636389522
2187,272.40000000000003,116.92898999316083,0.5030761676744463,0.8331265297825211,0.9561518458922383,0.7243489583333333,0.9614490973234903
2188,283.75000000000006,116.92898999316083,0.4937216474954529,0.8293776549904253,0.9551795300774798,0.7159505208333333,0.9610795629281571
2189,295.1,116.92898999316083,0.48207688462670334,0.8257678945437306,0.9541983246735698,0.7064453125,0.9576345266847299
2190,306.45000000000005,116.92898999316083,0.4718963942811652,0.8222936733130252,0.9532093223512861,0.6963541666666667,0.9571626699828492
2191,317.80000000000007,116.92898999316083,0.4554968738521359,0.8189509256636005,0.9522135155035566,0.6798177083333333,0.952432401289238
2192,329.15000000000003,116.92898999316083,0.4455560330609178,0.8157352528324012,0.9512118060524146,0.6725260416666666,0.9475037304823666
2193,-323.475,126.75837832611418,0.44952316694749794,0.820302104685869,0.9512291273599927,0.6675130208333333,0.957611364443301
2194,-312.12500000000006,126.75837832611418,0.46090000261667907,0.8235634275222221,0.9522135155035566,0.6790364583333334,0.9591742982914835
2195,-300.77500000000003,126.75837832611418,0.4711854117493469,0.8269466131679342,0.9531909467064831,0.6903645833333333,0.9584451643921637
2196,-289.425,126.75837832611418,0.4803343488779937,0.8304549049526083,0.9541604516389414,0.6990885416666667,0.9586170067949115
2197,-278.07500000000005,126.75837832611418,0.48933718887761135,0.834091034675213,0.9551209672484068,0.7078776041666667,0.9576722046588725
2198,-266.725,126.75837832611418,0.49568269559801276,0.8378570447360971,0.9560713273096294,0.7134114583333333,0.956281773181966
2199,-255.375,126.75837832611418,0.5015709928487438,0.84175407198814,0.957010252251125,0.7166015625,0.9562612159801289
2200,-244.02500000000003,126.75837832611418,0.5072850726969595,0.845782087412878,0.9579363383141998,0.7190755208333334,0.9564551646400381
2201,-232.675,126.75837832611418,0.5137364988936048,0.8499395856810918,0.958848046154012,0.7216145833333333,0.9575909264330792
2202,-221.32500000000002,126.75837832611418,0.5191945211196427,0.854223219101594,0.9597436890652706,0.7225911458333333,0.9588558766899722
2203,-209.97500000000002,126.75837832611418,0.5224068584618464,0.8586273716649576,0.9606214211118579,0.7220703125,0.9578336370389078
2204,-198.625,126.75837832611418,0.5221042722664206,0.8631436712031714,0.9614792255649863,0.7168619791666667,0.9567138373769493
2205,-187.275,126.75837832611418,0.5207240821109603,0.8677604415509476,0.9623149042123573,0.7107421875,0.9554180933083529
2206,-175.925,126.75837832611418,0.5151065081742938,0.8724621025191909,0.9631260682934761,0.69921875,0.9538154444585812
2207,-164.57500000000002,126.75837832611418,0.5102160925851942,0.8772285340046567,0.963910132043081,0.6858072916666667,0.956564843419855
2208,-153.22500000000002,126.75837832611418,0.5027643999942999,0.8820344321044321,0.9646643100781067,0.66953125,0.9598270132503303
2209,-141.875,126.75837832611418,0.498967763483734,0.886848699852843,0.9653856201278386,0.6571614583333333,0.9651018618583019
2210,-130.525,126.75837832611418,0.4974535984299117,0.8916339327784957,0.9660708928525013,0.649609375,0.9691010416851938
2211,-119.17500000000003,126.75837832611418,0.5012637086948202,0.8963460786032704,0.9667167906766779,0.6501953125,0.9717557817972124
2212,-107.82500000000002,126.75837832611418,0.5148296706207219,0.9009343684643503,0.967319837615804,0.6645182291666667,0.9720485434918167
2213,-96.47500000000001,126.75837832611418,0.534270390028873,0.9053416297850136,0.9678764619154516,0.6875,0.9697010692383876
2214,-85.12500000000001,126.75837832611418,0.5583753344816973,0.9095050924562822,0.9683830528639059,0.7174479166666666,0.9655368776233515
2215,-73.77500000000002,126.75837832611418,0.579777436651898,0.9133577834088336,0.9688360322987732,0.7468098958333333,0.9583628393177189
2216,-62.42500000000001,126.75837832611418,0.6002413051304859,0.916830563581469,0.9692319400663167,0.7766927083333334,0.9497285121441519
2217,-51.075,126.75837832611418,0.6181832378095645,0.9198547924650634,0.969567531041177,0.8032552083333333,0.9426765807859889
2218,-39.72500000000001,126.75837832611418,0.6349285128688156,0.9223655118190808,0.9698398794168257,0.8295572916666667,0.9350358096700488
2219,-28.375000000000004,126.75837832611418,0.6542960376169625,0.9243049336906081,0.9700464841018411,0.8583984375,0.9289956186569432
2220,-17.025000000000002,126.75837832611418,0.6690581854580974,0.9256259195863673,0.9701853675764643,0.8819010416666667,0.9224756821352958
2221,-5.675000000000001,126.75837832611418,0.6768743440178823,0.9262950743058483,0.9702551598846937,0.89296875,0.9203798552636625
2222,5.675000000000001,126.75837832611418,0.676474165515584,0.9262950743058485,0.9702551598846937,0.89375,0.9188831652422906
2223,17.025000000000002,126.75837832611418,0.6692544919417264,0.9256259195863674,0.9701853675764643,0.8809895833333333,0.923533383046177
2224,28.375000000000004,126.75837832611418,0.655244280765103,0.924304933690608,0.9700464841018411,0.8585286458333333,0.9301735245770505
2225,39.72500000000001,126.75837832611418,0.6388234300350744,0.9223655118190808,0.9698398794168257,0.8306640625,0.9394529165869271
2226,51.075,126.75837832611418,0.621249017910451,0.9198547924650633,0.969567531041177,0.8031901041666667,0.9472679682677553
2227,62.42500000000001,126.75837832611418,0.6032089567427614,0.9168305635814689,0.9692319400663167,0.7761067708333333,0.9551270079835156
2228,73.775,126.75837832611418,0.5809907002509498,0.9133577834088336,0.9688360322987732,0.7463541666666667,0.9608711269230878
2229,85.12500000000001,126.75837832611418,0.5595286471780292,0.9095050924562823,0.9683830528639059,0.7170572916666667,0.9679879704109211
2230,96.47500000000001,126.75837832611418,0.5345273011912611,0.9053416297850135,0.9678764619154516,0.6874348958333333,0.9701088912814022
2231,107.825,126.75837832611418,0.5126938301276602,0.9009343684643503,0.967319837615804,0.6633463541666667,0.9695328672815837
2232,119.17500000000001,126.75837832611418,0.4981674764818164,0.8963460786032705,0.9667167906766779,0.6508463541666667,0.9648214968367086
2233,130.52500000000003,126.75837832611418,0.4938101966382841,0.8916339327784957,0.9660708928525013,0.6490234375,0.9629330234915745
2234,141.87500000000003,126.75837832611418,0.49535663240871897,0.886848699852843,0.9653856201278386,0.6560546875,0.959999478586654
2235,153.22500000000002,126.75837832611418,0.500297434824133,0.8820344321044321,0.9646643100781067,0.6692708333333334,0.9555382517589908
2236,164.57500000000005,126.75837832611418,0.5055903220981328,0.8772285340046568,0.963910132043081,0.6847005208333333,0.9499161905173807
2237,175.92500000000004,126.75837832611418,0.5101681329305368,0.8724621025191908,0.9631260682934761,0.6993489583333333,0.9450197813134743
2238,187.27500000000003,126.75837832611418,0.5139412164620215,0.8677604415509477,0.9623149042123573,0.7102213541666667,0.9443911497444539
2239,198.62500000000003,126.75837832611418,0.5163062416212784,0.8631436712031714,0.9614792255649863,0.718359375,0.9449723596445914
2240,209.97500000000002,126.75837832611418,0.5168403270250226,0.8586273716649578,0.9606214211118579,0.7212239583333333,0.9495774853951221
2241,221.32500000000005,126.75837832611418,0.5155642372969216,0.8542232191015942,0.9597436890652706,0.7227213541666667,0.9523315869634175
2242,232.67500000000004,126.75837832611418,0.5142638468708118,0.8499395856810916,0.958848046154012,0.7248046875,0.9544683407654426
2243,244.02500000000003,126.75837832611418,0.5086776829797962,0.8457820874128781,0.9579363383141998,0.72265625,0.9544057051924901
2244,255.37500000000006,126.75837832611418,0.503418434981478,0.8417540719881398,0.957010252251125,0.7196614583333333,0.9554756153076612
2245,266.725,126.75837832611418,0.4968329373177796,0.8378570447360971,0.9560713273096294,0.7151692708333334,0.9559643540844168
2246,278.07500000000005,126.75837832611418,0.48808406199616095,0.834091034675213,0.9551209672484068,0.7064453125,0.9570655752986297
2247,289.42500000000007,126.75837832611418,0.4798083452057063,0.8304549049526082,0.9541604516389414,0.6994791666666667,0.9566844893411839
2248,300.77500000000003,126.75837832611418,0.4698471926852928,0.826946613167934,0.9531909467064831,0.6909505208333333,0.9544801506909812
2249,312.12500000000006,126.75837832611418,0.45906466600338974,0.823563427522222,0.9522135155035566,0.6802734375,0.953295269273288
2250,323.4750000000001,126.75837832611418,0.44690154195382464,0.8203021046858691,0.9512291273599927,0.6680338541666667,0.9507601417322219
2251,-317.80000000000007,136.58776665906757,0.44924650517552683,0.8247384494401436,0.9512118060524146,0.6651041666666667,0.9553437152821812
2252,-306.45000000000005,136.58776665906757,0.4585592881206532,0.8280325915819596,0.9521778594280674,0.6752604166666667,0.954169537157006
2253,-295.1,136.58776665906757,0.4665460077410438,0.8314422397150802,0.9531358812765025,0.683203125,0.953458922811231
2254,-283.75000000000006,136.58776665906757,0.47380093596422146,0.8349694139427799,0.9540848386277432,0.6895182291666667,0.9532407717806135
2255,-272.40000000000003,136.58776665906757,0.48036057712031544,0.8386154536568325,0.9550236026697614,0.6958984375,0.9510507676409659
2256,-261.05,136.58776665906757,0.48717916852346305,0.8423808248535833,0.955950939876834,0.6998046875,0.9525621600777225
2257,-249.70000000000005,136.58776665906757,0.4927980659643544,0.8462648911143335,0.9568655026464795,0.7016927083333333,0.9535951416120779
2258,-238.35000000000002,136.58776665906757,0.49902298859381033,0.8502656440254845,0.9577658195578492,0.7039713541666667,0.9550054367120526
2259,-227.00000000000003,136.58776665906757,0.5061754902703763,0.8543793893740728,0.9586502854269129,0.7070963541666667,0.9564713110314405
2260,-215.65000000000003,136.58776665906757,0.5088161739619289,0.8586003866333264,0.9595171514145947,0.7052734375,0.9564346278100161
2261,-204.3,136.58776665906757,0.5080891789835965,0.8629204413038132,0.9603645155463599,0.6997395833333333,0.9554003993631351
2262,-192.95000000000002,136.58776665906757,0.5055748530537121,0.8673284529028548,0.9611903141279383,0.6923177083333333,0.9538363897595142
2263,-181.60000000000002,136.58776665906757,0.49977769346579837,0.8718099261360164,0.9619923146927296,0.6803385416666666,0.9527620429699969
2264,-170.25000000000003,136.58776665906757,0.4924246239095225,0.8763464593708059,0.9627681112902114,0.6641927083333333,0.9552611252637657
2265,-158.90000000000003,136.58776665906757,0.4847819820278233,0.8809152332123668,0.963515123114819,0.6484375,0.9579348240433684
2266,-147.55,136.58776665906757,0.4788818318888355,0.8854885327953786,0.9642305976685891,0.6337239583333333,0.9630682403056646
2267,-136.20000000000002,136.58776665906757,0.4774434883373748,0.8900333500122559,0.9649116198260101,0.626171875,0.9676875167334698
2268,-124.85000000000002,136.58776665906757,0.4793558570140742,0.8945111253404991,0.9655551282931474,0.6251953125,0.9698024308196606
2269,-113.50000000000001,136.58776665906757,0.49276380034280665,0.8988777014061623,0.9661579409797464,0.6400390625,0.9698355988902677
2270,-102.15,136.58776665906757,0.5116891254037382,0.9030835690938092,0.9667167906766779,0.6619140625,0.968799213877784
2271,-90.80000000000001,136.58776665906757,0.5375511562729458,0.907074488046909,0.9672283720912271,0.6939453125,0.9652371041425555
2272,-79.45000000000002,136.58776665906757,0.5612200280086559,0.9107925523378319,0.967689400684536,0.7250651041666667,0.9595153635791299
2273,-68.10000000000001,136.58776665906757,0.5835179091319045,0.9141777447648939,0.9680966828499394,0.7554036458333333,0.9534474629643174
2274,-56.75000000000001,136.58776665906757,0.6013731353907539,0.9171699772957557,0.9684471957844782,0.7827473958333333,0.9450385758134373
2275,-45.400000000000006,136.58776665906757,0.6200716423167278,0.9197115519287429,0.9687381740256312,0.8085286458333333,0.9405976152499693
2276,-34.050000000000004,136.58776665906757,0.6415054254472756,0.9217499023099798,0.9689671982182854,0.8396484375,0.9350925907732658
2277,-22.700000000000003,136.58776665906757,0.6606068319269179,0.9232404042818971,0.9691322804844786,0.8677734375,0.9294003213094099
2278,-11.350000000000001,136.58776665906757,0.6726627259115964,0.9241489898879515,0.9692319400663167,0.8848958333333333,0.9262310108313023
2279,0.0,136.58776665906757,0.6771053303683395,0.924454281254476,0.9692652629473156,0.8905598958333333,0.9257289835548476
2280,11.350000000000001,136.58776665906757,0.6722240630867838,0.9241489898879515,0.9692319400663167,0.88359375,0.9269588428068214
2281,22.700000000000003,136.58776665906757,0.6600020708085608,0.9232404042818971,0.9691322804844786,0.8656901041666667,0.9307596315714173
2282,34.050000000000004,136.58776665906757,0.6447460888429456,0.9217499023099798,0.9689671982182854,0.8404947916666666,0.9385989161734055
2283,45.400000000000006,136.58776665906757,0.6257005741219831,0.9197115519287429,0.9687381740256312,0.8118489583333334,0.945175888153885
2284,56.75000000000001,136.58776665906757,0.6064454081390791,0.9171699772957557,0.9684471957844782,0.7822916666666667,0.9534602979360989
2285,68.10000000000001,136.58776665906757,0.5842349748811954,0.9141777447648939,0.9680966828499394,0.7537109375,0.9568834905449503
2286,79.45000000000002,136.58776665906757,0.5628538020393135,0.9107925523378319,0.967689400684536,0.7251953125,0.9622499960522001
2287,90.80000000000001,136.58776665906757,0.5389801912376857,0.907074488046909,0.9672283720912271,0.694140625,0.9674363139146771
2288,102.15,136.58776665906757,0.5127644349428692,0.9030835690938092,0.9667167906766779,0.6619791666666667,0.9704537195993314
2289,113.50000000000001,136.58776665906757,0.4910529105388145,0.8988777014061623,0.9661579409797464,0.6389973958333334,0.9678447475797423
2290,124.85000000000002,136.58776665906757,0.4765741272582527,0.8945111253404991,0.9655551282931474,0.6265625,0.962217277210451
2291,136.20000000000002,136.58776665906757,0.4740743350151026,0.8900333500122559,0.9649116198260101,0.6262369791666667,0.9609044610309269
2292,147.55,136.58776665906757,0.4757946080221326,0.8854885327953786,0.9642305976685891,0.6334635416666666,0.9573109416471169
2293,158.90000000000003,136.58776665906757,0.4813301053710763,0.8809152332123668,0.963515123114819,0.6484375,0.9509484976489996
2294,170.25000000000003,136.58776665906757,0.4875874962229419,0.8763464593708058,0.9627681112902114,0.6641927083333333,0.9462811701794763
2295,181.60000000000002,136.58776665906757,0.494739085988255,0.8718099261360164,0.9619923146927296,0.6799479166666667,0.9442278386917693
2296,192.95000000000002,136.58776665906757,0.4979100452890555,0.8673284529028548,0.9611903141279383,0.6911458333333333,0.9418858879790086
2297,204.3,136.58776665906757,0.5012109081221601,0.8629204413038132,0.9603645155463599,0.6986979166666667,0.9446764800055926
2298,215.65000000000003,136.58776665906757,0.5036445061083887,0.8586003866333265,0.9595171514145947,0.7049479166666667,0.9476972085628247
2299,227.00000000000003,136.58776665906757,0.5033878056918976,0.8543793893740729,0.9586502854269129,0.7077473958333333,0.9507100980709491
2300,238.35000000000002,136.58776665906757,0.4987629656981854,0.8502656440254845,0.9577658195578492,0.7060546875,0.9516958556645437
2301,249.70000000000005,136.58776665906757,0.49217703171675925,0.8462648911143337,0.9568655026464795,0.7028645833333333,0.9507331618910108
2302,261.05,136.58776665906757,0.4881701092350331,0.8423808248535835,0.955950939876834,0.7025390625,0.9504909942301386
2303,272.40000000000003,136.58776665906757,0.4816414314957422,0.8386154536568327,0.9550236026697614,0.6962890625,0.9531008300284349
2304,283.75000000000006,136.58776665906757,0.4740553388073911,0.8349694139427799,0.9540848386277432,0.690234375,0.9526111902091238
2305,295.1,136.58776665906757,0.46606470365853514,0.8314422397150802,0.9531358812765025,0.6823567708333333,0.9534580147370552
2306,306.45000000000005,136.58776665906757,0.4578698914445764,0.8280325915819596,0.9521778594280674,0.6750651041666667,0.9529050271961873
2307,317.80000000000007,136.58776665906757,0.4475777723183535,0.8247384494401437,0.9512118060524146,0.6647786458333333,0.9519432390225083
2308,-312.12500000000006,146.41715499202095,0.44643629357315795,0.8290346120587199,0.9511598948019612,0.6603515625,0.9503886323474833
2309,-300.77500000000003,146.41715499202095,0.45460381672773903,0.8323486288549772,0.952106660804986,0.6684895833333333,0.9501852843221013
2310,-289.425,146.41715499202095,0.46122124388159935,0.835770749995273,0.953044309673793,0.6757161458333333,0.9476856785967056
2311,-278.07500000000005,146.41715499202095,0.4686519648603096,0.8393017335469308,0.9539717497055586,0.6809895833333334,0.9491699806951487
2312,-266.725,146.41715499202095,0.47422605319850963,0.8429415026677559,0.9548877924556025,0.6836588541666667,0.9502125283631495
2313,-255.375,146.41715499202095,0.4803112119954146,0.8466889444424898,0.9557911446509171,0.6865885416666667,0.9509247184797874
2314,-244.02500000000003,146.41715499202095,0.4874722140573571,0.8505416759123351,0.9566803998632646,0.6904947916666667,0.9519223217356801
2315,-232.675,146.41715499202095,0.4924024601023807,0.8544957749430215,0.9575540301067333,0.6914713541666667,0.9527911393946276
2316,-221.32500000000002,146.41715499202095,0.49424587539293585,0.8585454746753352,0.958410377591917,0.6886067708333333,0.9530517296997821
2317,-209.97500000000002,146.41715499202095,0.4930499455116397,0.8626828220811997,0.9592476469523474,0.6828776041666667,0.9515915429640406
2318,-198.625,146.41715499202095,0.4910763367600675,0.8668973038182308,0.9600638983598134,0.6752604166666667,0.9514016214754425
2319,-187.275,146.41715499202095,0.48482248355533797,0.8711754463594744,0.9608570420634946,0.662109375,0.9516203234426149
2320,-175.925,146.41715499202095,0.4767658927518269,0.875500402478094,0.9616248350215117,0.6452473958333333,0.9539277557958862
2321,-164.57500000000002,146.41715499202095,0.4678367521659591,0.8798515427218576,0.9623648804369084,0.6276041666666666,0.9571695947417079
2322,-153.22500000000002,146.41715499202095,0.46038406309572394,0.8842040784960903,0.963074631152855,0.6125,0.960743411583402
2323,-141.875,146.41715499202095,0.4573763488862921,0.8885287524915914,0.9637513979876589,0.60390625,0.9642078739077616
2324,-130.525,146.41715499202095,0.4598634493894841,0.8927916417390805,0.9643923641745947,0.6033854166666667,0.9671221825836238
2325,-119.17500000000003,146.41715499202095,0.4718635337692761,0.8969541272829525,0.964994607082637,0.6164713541666667,0.9677159722584896
2326,-107.82500000000002,146.41715499202095,0.4910422003188973,0.9009730904318777,0.9655551282931474,0.6395833333333333,0.9658482019593158
2327,-96.47500000000001,146.41715499202095,0.5166220584336294,0.9048013962231373,0.9660708928525013,0.6705729166666666,0.9637980399897109
2328,-85.12500000000001,146.41715499202095,0.5421075007168682,0.9083887172104886,0.9665388780743295,0.7033203125,0.9595523862778507
2329,-73.77500000000002,146.41715499202095,0.5641262199233013,0.9116827322030894,0.966956131606537,0.7330078125,0.9539224968025019
2330,-62.42500000000001,146.41715499202095,0.5864623566299852,0.9146307034615798,0.967319837615804,0.7621744791666667,0.9501874526566695
2331,-51.075,146.41715499202095,0.6066036705613418,0.9171813926001022,0.9676273889292228,0.7909505208333333,0.9444266721128164
2332,-39.72500000000001,146.41715499202095,0.62681822339832,0.9192872237838279,0.9678764619154516,0.8197265625,0.9393477234642159
2333,-28.375000000000004,146.41715499202095,0.6481683762269416,0.9209065501859424,0.9680650899425847,0.8503255208333333,0.9343202960304549
2334,-17.025000000000002,146.41715499202095,0.6660767947113104,0.9220058365657858,0.9681917306049409,0.874609375,0.9312916346312133
2335,-5.675000000000001,146.41715499202095,0.6763271688616117,0.9225615487264547,0.9682553217461789,0.8871744791666667,0.9310943848792549
2336,5.675000000000001,146.41715499202095,0.676100397255907,0.9225615487264547,0.9682553217461789,0.8858723958333333,0.9320159683363013
2337,17.025000000000002,146.41715499202095,0.6667222924926458,0.9220058365657858,0.9681917306049409,0.873828125,0.9331089392196744
2338,28.375000000000004,146.41715499202095,0.6499683960380892,0.9209065501859424,0.9680650899425847,0.8496744791666667,0.9377206630561667
2339,39.72500000000001,146.41715499202095,0.6296485672686446,0.9192872237838279,0.9678764619154516,0.8186848958333334,0.9447366860943919
2340,51.075,146.41715499202095,0.6111836417239244,0.9171813926001022,0.9676273889292228,0.7910807291666667,0.9512409348383136
2341,62.42500000000001,146.41715499202095,0.5883526782661096,0.9146307034615799,0.967319837615804,0.7615234375,0.9541282136722213
2342,73.775,146.41715499202095,0.5673633216359633,0.9116827322030894,0.966956131606537,0.7330078125,0.9593931332607288
2343,85.12500000000001,146.41715499202095,0.54311257971111,0.9083887172104885,0.9665388780743295,0.70234375,0.9627091175026372
2344,96.47500000000001,146.41715499202095,0.5188975263188063,0.9048013962231372,0.9660708928525013,0.6716145833333333,0.9666496867473447
2345,107.825,146.41715499202095,0.4915362161431257,0.9009730904318779,0.9655551282931474,0.6388020833333333,0.9680263682253474
2346,119.17500000000001,146.41715499202095,0.4704758881929457,0.8969541272829525,0.964994607082637,0.6166666666666667,0.9646974366932707
2347,130.52500000000003,146.41715499202095,0.45754074209205514,0.8927916417390804,0.9643923641745947,0.6047526041666667,0.9600872652191655
2348,141.87500000000003,146.41715499202095,0.4539692614781224,0.8885287524915914,0.9637513979876589,0.604296875,0.9562605659622925
2349,153.22500000000002,146.41715499202095,0.4571294004385722,0.8842040784960903,0.963074631152855,0.6137369791666667,0.9516709558673109
2350,164.57500000000005,146.41715499202095,0.46358365699500687,0.8798515427218576,0.9623648804369084,0.6289713541666667,0.946552040153721
2351,175.92500000000004,146.41715499202095,0.4727253593092547,0.8755004024780938,0.9616248350215117,0.6469401041666667,0.943537995981659
2352,187.27500000000003,146.41715499202095,0.4798290228453626,0.8711754463594746,0.9608570420634946,0.6627604166666666,0.9411608535628466
2353,198.62500000000003,146.41715499202095,0.4847642041502782,0.8668973038182306,0.9600638983598134,0.6741536458333334,0.941333715954383
2354,209.97500000000002,146.41715499202095,0.48899837686112213,0.8626828220811996,0.9592476469523474,0.6828776041666667,0.9439905025227129
2355,221.32500000000005,146.41715499202095,0.4903882531641742,0.8585454746753352,0.958410377591917,0.6880208333333333,0.9467994405046236
2356,232.67500000000004,146.41715499202095,0.489895680037238,0.8544957749430213,0.9575540301067333,0.691015625,0.9488600889397414
2357,244.02500000000003,146.41715499202095,0.483561036970496,0.8505416759123351,0.9566803998632646,0.6883463541666667,0.9476424634918926
2358,255.37500000000006,146.41715499202095,0.4806720476914567,0.8466889444424898,0.9557911446509171,0.6885416666666667,0.9488882707243396
2359,266.725,146.41715499202095,0.47536158685060703,0.842941502667756,0.9548877924556025,0.6861328125,0.9488718299882948
2360,278.07500000000005,146.41715499202095,0.47093443895474696,0.8393017335469308,0.9539717497055586,0.6836588541666667,0.9501173336280361
2361,289.42500000000007,146.41715499202095,0.4613182823855491,0.8357707499952731,0.953044309673793,0.6744791666666666,0.9500623869688241
2362,300.77500000000003,146.41715499202095,0.4530191760014227,0.8323486288549772,0.952106660804986,0.6669921875,0.949478375941616
2363,312.12500000000006,146.41715499202095,0.44675612336297943,0.8290346120587198,0.9511598948019612,0.660546875,0.9511060714643657
2364,-306.45000000000005,156.2465433249743,0.4445475301835355,0.8331820406758634,0.951073550929406,0.6564453125,0.9467635676909676
2365,-295.1,156.2465433249743,0.45141693082937634,0.8365030522934099,0.952000145115278,0.6634114583333334,0.9457316556706633
2366,-283.75000000000006,156.2465433249743,0.4580113730915936,0.8399238437754073,0.9529165349468282,0.6679036458333333,0.9467231778138603
2367,-272.40000000000003,156.2465433249743,0.46386236221184735,0.8434439021623952,0.9538215759176221,0.6704427083333333,0.9481637468686035
2368,-261.05,156.2465433249743,0.46974050293493086,0.8470617453329107,0.9547140271422664,0.673828125,0.9485940014912819
2369,-249.70000000000005,156.2465433249743,0.47742124414364373,0.8507747189552481,0.9555925442368008,0.6777994791666667,0.9505552840764877
2370,-238.35000000000002,156.2465433249743,0.48014080290141425,0.8545787654862999,0.9564556722168756,0.6767578125,0.9502125079410516
2371,-227.00000000000003,156.2465433249743,0.4812917487025299,0.85846816478247,0.9573018386223281,0.673828125,0.9495607916964086
2372,-215.65000000000003,156.2465433249743,0.48031090620312006,0.8624352474087639,0.9581293471448687,0.6677734375,0.949205348137229
2373,-204.3,156.2465433249743,0.4766634056994455,0.8664700839274226,0.9589363721163768,0.6582682291666667,0.9488050333803728
2374,-192.95000000000002,156.2465433249743,0.4696473529823093,0.8705601564636799,0.9597209543084854,0.6442057291666666,0.9491315093592688
2375,-181.60000000000002,156.2465433249743,0.46035891963720155,0.8746900228087638,0.9604809985971916,0.6262369791666667,0.9512267040318237
2376,-170.25000000000003,156.2465433249743,0.4508348739935642,0.8788409882943651,0.9612142741550046,0.6075520833333333,0.954906981029404
2377,-158.90000000000003,156.2465433249743,0.44286217267892236,0.882990806606813,0.9619184179388042,0.5917317708333333,0.9587738680458382
2378,-147.55,156.2465433249743,0.43892623914286755,0.8871134373596127,0.9625909423324539,0.5833984375,0.9605221253074389
2379,-136.20000000000002,156.2465433249743,0.43978219199475543,0.8911788950862064,0.9632292478607526,0.5822265625,0.9619795626341584
2380,-124.85000000000002,156.2465433249743,0.45148946663459116,0.8951532304620132,0.9638306418931962,0.5948567708333333,0.9632621975919552
2381,-113.50000000000001,156.2465433249743,0.4711669957278756,0.8989986887079859,0.9643923641745947,0.617578125,0.9634309096439992
2382,-102.15,156.2465433249743,0.4972028786714084,0.9026740905639788,0.9649116198260101,0.6494791666666667,0.9614798328220563
2383,-90.80000000000001,156.2465433249743,0.5241268439661756,0.9061354760071698,0.9653856201278386,0.683203125,0.9587744282709303
2384,-79.45000000000002,156.2465433249743,0.5459659119748171,0.9093370381889051,0.9658116309119649,0.7127604166666667,0.953218866275743
2385,-68.10000000000001,156.2465433249743,0.5696717795542143,0.9122323536763915,0.9661870277558454,0.7428385416666666,0.9509167891943647
2386,-56.75000000000001,156.2465433249743,0.5909835857577996,0.9147758851461315,0.9665093564214122,0.7719401041666667,0.9463819818800441
2387,-45.400000000000006,156.2465433249743,0.6112990711009304,0.9169246963078329,0.9667763961838252,0.7989583333333333,0.9434982854110244
2388,-34.050000000000004,156.2465433249743,0.6346464142415725,0.9186402805246483,0.9669862229526716,0.8309244791666667,0.9398472030371452
2389,-22.700000000000003,156.2465433249743,0.6551463826051264,0.9198903709404417,0.9671372685285253,0.8603515625,0.9347811337420036
2390,-11.350000000000001,156.2465433249743,0.6719574784761602,0.9206505785789141,0.9672283720912271,0.8793619791666667,0.93619171156047
2391,0.0,156.2465433249743,0.6765460901082219,0.920905702700711,0.9672588201848724,0.8845703125,0.9365068084472056
2392,11.350000000000001,156.2465433249743,0.6710028212028625,0.9206505785789141,0.9672283720912271,0.8783203125,0.9361124195020827
2393,22.700000000000003,156.2465433249743,0.6571037139927031,0.9198903709404416,0.9671372685285253,0.8596354166666667,0.9383407793536791
2394,34.050000000000004,156.2465433249743,0.6367943054971982,0.9186402805246484,0.9669862229526716,0.8320963541666667,0.9414849756827689
2395,45.400000000000006,156.2465433249743,0.6147819926556688,0.9169246963078327,0.9667763961838252,0.7998046875,0.9477105313362754
2396,56.75000000000001,156.2465433249743,0.5947785173893115,0.9147758851461315,0.9665093564214122,0.7711588541666666,0.9534023947300689
2397,68.10000000000001,156.2465433249743,0.571337817383038,0.9122323536763915,0.9661870277558454,0.7414713541666667,0.9553559457664211
2398,79.45000000000002,156.2465433249743,0.5483183090729421,0.9093370381889051,0.9658116309119649,0.7120442708333333,0.9583957260645029
2399,90.80000000000001,156.2465433249743,0.5250422858188382,0.9061354760071699,0.9653856201278386,0.6826822916666667,0.9613963551126896
2400,102.15,156.2465433249743,0.4991780114407725,0.9026740905639787,0.9649116198260101,0.6497395833333334,0.9651030346252853
2401,113.50000000000001,156.2465433249743,0.472645607988617,0.898998688707986,0.9643923641745947,0.618359375,0.9651472736779155
2402,124.85000000000002,156.2465433249743,0.44984577619694666,0.8951532304620131,0.9638306418931962,0.5943359375,0.9605700006382455
2403,136.20000000000002,156.2465433249743,0.43800721798794784,0.8911788950862064,0.9632292478607526,0.5837239583333333,0.9553343634127778
2404,147.55,156.2465433249743,0.4357763043391716,0.8871134373596128,0.9625909423324539,0.5848307291666667,0.9511625418615591
2405,158.90000000000003,156.2465433249743,0.43895939766606124,0.882990806606813,0.9619184179388042,0.5930989583333334,0.9481255048412983
2406,170.25000000000003,156.2465433249743,0.4491235912338723,0.8788409882943652,0.9612142741550046,0.6115234375,0.945170452836494
2407,181.60000000000002,156.2465433249743,0.45811223858488076,0.8746900228087641,0.9604809985971916,0.6292317708333334,0.9420498309862713
2408,192.95000000000002,156.2465433249743,0.46720776344366666,0.8705601564636798,0.9597209543084854,0.6463541666666667,0.9411993926277508
2409,204.3,156.2465433249743,0.4730424248429816,0.8664700839274226,0.9589363721163768,0.65859375,0.9416510771617127
2410,215.65000000000003,156.2465433249743,0.47839747150593226,0.8624352474087643,0.9581293471448687,0.6698567708333333,0.9428462285451257
2411,227.00000000000003,156.2465433249743,0.47899957946904964,0.8584681647824701,0.9573018386223281,0.674609375,0.9443537753187805
2412,238.35000000000002,156.2465433249743,0.4768715897228615,0.8545787654863,0.9564556722168756,0.6762369791666667,0.9452501866553255
2413,249.70000000000005,156.2465433249743,0.47373535897479263,0.8507747189552481,0.9555925442368008,0.6760416666666667,0.946271152225177
2414,261.05,156.2465433249743,0.46867542433665227,0.8470617453329108,0.9547140271422664,0.6737630208333333,0.9465384557054352
2415,272.40000000000003,156.2465433249743,0.4635007344150487,0.8434439021623951,0.9538215759176221,0.671484375,0.9462421548642319
2416,283.75000000000006,156.2465433249743,0.4573978602681953,0.8399238437754072,0.9529165349468282,0.6677734375,0.9461021516437726
2417,295.1,156.2465433249743,0.450167452766225,0.8365030522934102,0.952000145115278,0.661328125,0.9465419937311637
2418,306.45000000000005,156.2465433249743,0.4424141840614498,0.8331820406758635,0.951073550929406,0.6534505208333333,0.9474312311083014
2419,-300.77500000000003,166.0759316579277,0.4421605715082001,0.8371733920641776,0.9509530343372122,0.6512369791666667,0.9447232137746905
2420,-289.425,166.0759316579277,0.44881207685971675,0.8404887568488559,0.9518586466939907,0.656640625,0.9444903855916512
2421,-278.07500000000005,166.0759316579277,0.45471006343785975,0.8438947937513981,0.952752975226979,0.6598958333333333,0.9450189996166393
2422,-266.725,166.0759316579277,0.46104434400299577,0.8473897390914857,0.9536348294253811,0.6634114583333334,0.9460363006620127
2423,-255.375,166.0759316579277,0.4665737760080781,0.8509707496148108,0.9545029240226784,0.6649739583333333,0.9477154217809269
2424,-244.02500000000003,166.0759316579277,0.46870426538541826,0.8546337040075025,0.9553558729921166,0.6630859375,0.9479442096432048
2425,-232.675,166.0759316579277,0.469583670386026,0.8583729822896563,0.9561921838132095,0.6598958333333333,0.9470081457884
2426,-221.32500000000002,166.0759316579277,0.46821278443361536,0.8621812244753901,0.957010252251125,0.653515625,0.9465772696714422
2427,-209.97500000000002,166.0759316579277,0.4634703171345163,0.866049071684779,0.9578083579555657,0.6421875,0.9470596365913754
2428,-198.625,166.0759316579277,0.45547995903335464,0.8699648952972058,0.9585846612592023,0.6265625,0.9481295357275857
2429,-187.275,166.0759316579277,0.44585151064322787,0.8739145228210409,0.9593372016356712,0.6081380208333333,0.9503637327996243
2430,-175.925,166.0759316579277,0.43612981512268534,0.8778809729474697,0.9600638983598134,0.5897786458333333,0.9536057895264602
2431,-164.57500000000002,166.0759316579277,0.4275946112901339,0.8818442166961821,0.9607625539916659,0.5740885416666667,0.9564931522842569
2432,-153.22500000000002,166.0759316579277,0.421910246089914,0.8857809864506712,0.9614308613713958,0.5639973958333333,0.9578234642152447
2433,-141.875,166.0759316579277,0.42196734081026305,0.8896646596324722,0.9620664148516603,0.5620442708333333,0.9592902407324287
2434,-130.525,166.0759316579277,0.43160459917670385,0.8934652481446897,0.962666726490349,0.5734375,0.9584919064851145
2435,-119.17500000000003,166.0759316579277,0.4517803963634078,0.8971495276205713,0.9632292478607526,0.59765625,0.9579713267652564
2436,-107.82500000000002,166.0759316579277,0.4781175681669407,0.9006813407847187,0.9637513979876589,0.6294921875,0.9574411362240466
2437,-96.47500000000001,166.0759316579277,0.506236018618711,0.904022105563792,0.9642305976685891,0.6633463541666667,0.957479192608629
2438,-85.12500000000001,166.0759316579277,0.5288094958346712,0.9071315497237028,0.9646643100781067,0.6928385416666667,0.9535565327817366
2439,-73.77500000000002,166.0759316579277,0.5535618513303956,0.9099686789114424,0.9650500870820049,0.7253255208333333,0.9500130326749797
2440,-62.42500000000001,166.0759316579277,0.5747107458207817,0.9124929640133993,0.9653856201278386,0.7530598958333333,0.9470132960874843
2441,-51.075,166.0759316579277,0.5967289538141884,0.9146657079250697,0.9656687939733378,0.7810546875,0.9456896694171337
2442,-39.72500000000001,166.0759316579277,0.6204568494402879,0.9164515238920352,0.9658977409329457,0.8103515625,0.9455040169794074
2443,-28.375000000000004,166.0759316579277,0.6440343424117274,0.9178198317113535,0.9660708928525013,0.8426432291666667,0.941892895155219
2444,-17.025000000000002,166.0759316579277,0.6636342961059781,0.9187462593584278,0.9661870277558454,0.8688802083333333,0.9390846219947667
2445,-5.675000000000001,166.0759316579277,0.6740021832438802,0.9192138309648824,0.9662453081251242,0.8810546875,0.9395422829059431
2446,5.675000000000001,166.0759316579277,0.6739986622689237,0.9192138309648825,0.9662453081251242,0.8796875,0.9407614800196062
2447,17.025000000000002,166.0759316579277,0.6626683485966961,0.9187462593584278,0.9661870277558454,0.8668619791666666,0.9399043866119374
2448,28.375000000000004,166.0759316579277,0.6444595836263075,0.9178198317113533,0.9660708928525013,0.8422526041666667,0.9429247348356481
2449,39.72500000000001,166.0759316579277,0.6216761183347863,0.9164515238920349,0.9658977409329457,0.809375,0.948577438432964
2450,51.075,166.0759316579277,0.6013323634752105,0.9146657079250698,0.9656687939733378,0.7804036458333333,0.9535457765171522
2451,62.42500000000001,166.0759316579277,0.5779912463695702,0.9124929640133994,0.9653856201278386,0.7509765625,0.9550213375294498
2452,73.775,166.0759316579277,0.5551288459809325,0.9099686789114424,0.9650500870820049,0.7231770833333333,0.9554915112086415
2453,85.12500000000001,166.0759316579277,0.531769994339619,0.9071315497237028,0.9646643100781067,0.6938802083333333,0.9575231028941357
2454,96.47500000000001,166.0759316579277,0.5073263753112742,0.904022105563792,0.9642305976685891,0.6626302083333333,0.9607620933372991
2455,107.825,166.0759316579277,0.47961142766938847,0.9006813407847188,0.9637513979876589,0.6289713541666667,0.961582289872522
2456,119.17500000000001,166.0759316579277,0.4526987028580321,0.8971495276205714,0.9632292478607526,0.597265625,0.9607263009968164
2457,130.52500000000003,166.0759316579277,0.4320630412691184,0.8934652481446897,0.962666726490349,0.5748046875,0.9571233681366622
2458,141.87500000000003,166.0759316579277,0.4199137924131256,0.8896646596324723,0.9620664148516603,0.56328125,0.9521108824406712
2459,153.22500000000002,166.0759316579277,0.41761814431248745,0.8857809864506712,0.9614308613713958,0.5639973958333333,0.9480244735999747
2460,164.57500000000005,166.0759316579277,0.42337119438400267,0.8818442166961821,0.9607625539916659,0.5740234375,0.9471657244000233
2461,175.92500000000004,166.0759316579277,0.4340737148675583,0.8778809729474697,0.9600638983598134,0.5925130208333333,0.9446546096178705
2462,187.27500000000003,166.0759316579277,0.44358964912212534,0.8739145228210409,0.9593372016356712,0.6110677083333333,0.941010539318569
2463,198.62500000000003,166.0759316579277,0.454580890734768,0.8699648952972058,0.9585846612592023,0.63046875,0.9402749973927945
2464,209.97500000000002,166.0759316579277,0.46110033300148107,0.866049071684779,0.9578083579555657,0.6436197916666667,0.9403465568475405
2465,221.32500000000005,166.0759316579277,0.4644650177811107,0.8621812244753903,0.957010252251125,0.6530598958333333,0.9404594237752029
2466,232.67500000000004,166.0759316579277,0.4652656335096951,0.8583729822896563,0.9561921838132095,0.6585286458333334,0.9408553603597147
2467,244.02500000000003,166.0759316579277,0.4654221630045297,0.8546337040075026,0.9553558729921166,0.6624348958333334,0.9427577360817657
2468,255.37500000000006,166.0759316579277,0.46374999285287555,0.8509707496148108,0.9545029240226784,0.66484375,0.94293940599955
2469,266.725,166.0759316579277,0.45706899144208807,0.8473897390914857,0.9536348294253811,0.6602864583333333,0.943017088881444
2470,278.07500000000005,166.0759316579277,0.4525155952439942,0.843894793751398,0.952752975226979,0.6585286458333334,0.943008584311013
2471,289.42500000000007,166.0759316579277,0.44622457216508593,0.8404887568488559,0.9518586466939907,0.6537109375,0.9436586946176649
2472,300.77500000000003,166.0759316579277,0.44039678458284753,0.8371733920641774,0.9509530343372122,0.6495442708333333,0.9440192266627536
2473,-295.1,175.90531999088108,0.43891085800026125,0.8410025904763917,0.9507987041348561,0.6432942708333333,0.9434501132151111
2474,-283.75000000000006,175.90531999088108,0.44568035291533487,0.8443000677888661,0.9516826042054466,0.6484375,0.9432918198266804
2475,-272.40000000000003,175.90531999088108,0.45244032293362757,0.8476784782955927,0.9525541578382,0.6526041666666667,0.9445422080838121
2476,-261.05,175.90531999088108,0.4572363347560919,0.8511348554053365,0.9534121360089199,0.6540364583333333,0.9451692234744765
2477,-249.70000000000005,175.90531999088108,0.4586765841136358,0.8546650690323025,0.9542552177750154,0.651171875,0.9453364091411804
2478,-238.35000000000002,175.90531999088108,0.45772795014277157,0.8582636376014446,0.9550819854945373,0.64609375,0.9441181734709455
2479,-227.00000000000003,175.90531999088108,0.45605034221843993,0.8619235243453687,0.955890920553323,0.6397786458333333,0.9429820946193133
2480,-215.65000000000003,175.90531999088108,0.45007084585429263,0.8656359208799238,0.9566803998632646,0.6270833333333333,0.9435097306595426
2481,-204.3,175.90531999088108,0.4430509132776358,0.8693900229634384,0.9574486934526705,0.6117838541666667,0.946018865232426
2482,-192.95000000000002,175.90531999088108,0.4315708055880758,0.8731728057543946,0.9581939635320471,0.5916015625,0.9474373616372286
2483,-181.60000000000002,175.90531999088108,0.4213441117709535,0.8769688087889826,0.9589142654816264,0.5725260416666667,0.9511161229081708
2484,-170.25000000000003,175.90531999088108,0.4120889270052868,0.8807599442436127,0.9596075512661371,0.555859375,0.9544963603783437
2485,-158.90000000000003,175.90531999088108,0.4049332070973212,0.8845253456711668,0.9602716758299438,0.5447265625,0.954529892977962
2486,-147.55,175.90531999088108,0.4049524645043077,0.8882412780142459,0.9609044070523897,0.541796875,0.957823251846409
2487,-136.20000000000002,175.90531999088108,0.4144269813034509,0.8918811328504618,0.9615034398366172,0.5531901041666667,0.9572423232569176
2488,-124.85000000000002,175.90531999088108,0.4347158287188348,0.8954155348806861,0.9620664148516603,0.57890625,0.9548876161464583
2489,-113.50000000000001,175.90531999088108,0.45959330703378737,0.898812585833747,0.9625909423324539,0.6097005208333334,0.9538247818041008
2490,-102.15,175.90531999088108,0.48672954338568986,0.9020382693364133,0.963074631152855,0.6436197916666667,0.9523019489187791
2491,-90.80000000000001,175.90531999088108,0.5115768869207135,0.9050570340308987,0.963515123114819,0.6751953125,0.9501555056886816
2492,-79.45000000000002,175.90531999088108,0.5350863111620389,0.9078325617078952,0.963910132043081,0.7052083333333333,0.9481891845519381
2493,-68.10000000000001,175.90531999088108,0.5567282097519237,0.9103287123721646,0.9642574868523471,0.7333333333333333,0.9458142560755339
2494,-56.75000000000001,175.90531999088108,0.5797601611698989,0.912510619670279,0.9645551772926969,0.7608723958333333,0.9468467660510493
2495,-45.400000000000006,175.90531999088108,0.602817237220679,0.9143458896690497,0.9648014006240454,0.788671875,0.9473918875455826
2496,-34.050000000000004,175.90531999088108,0.6267954701168418,0.9158058362479693,0.964994607082637,0.8200520833333333,0.9453514966860203
2497,-22.700000000000003,175.90531999088108,0.6496523278945584,0.9168666707362385,0.9651335417476047,0.8494140625,0.9438573916538399
2498,-11.350000000000001,175.90531999088108,0.6658369234623132,0.9175105553767998,0.9652172803550182,0.8672526041666667,0.9460219126062983
2499,0.0,175.90531999088108,0.6704225571414367,0.9177264325209512,0.9652452567830581,0.8703776041666667,0.9485953838182992
2500,11.350000000000001,175.90531999088108,0.6662051554732837,0.9175105553767998,0.9652172803550182,0.8659505208333333,0.9477640169335247
2501,22.700000000000003,175.90531999088108,0.6505630950620142,0.9168666707362386,0.9651335417476047,0.8460286458333334,0.9489778236052016
2502,34.050000000000004,175.90531999088108,0.6294057377605564,0.9158058362479693,0.964994607082637,0.8188151041666667,0.950846724164546
2503,45.400000000000006,175.90531999088108,0.6057137834550398,0.9143458896690497,0.9648014006240454,0.787109375,0.9538991671451527
2504,56.75000000000001,175.90531999088108,0.5845376620721431,0.912510619670279,0.9645551772926969,0.7595703125,0.9561156098252053
2505,68.10000000000001,175.90531999088108,0.5612612512088329,0.9103287123721646,0.9642574868523471,0.7322916666666667,0.9547918383319635
2506,79.45000000000002,175.90531999088108,0.5391284258973413,0.9078325617078951,0.963910132043081,0.7046223958333333,0.9559411325453028
2507,90.80000000000001,175.90531999088108,0.5145515917784796,0.9050570340308987,0.963515123114819,0.6748046875,0.9563426049949046
2508,102.15,175.90531999088108,0.48885660648352636,0.9020382693364133,0.963074631152855,0.6427734375,0.9580901603320771
2509,113.50000000000001,175.90531999088108,0.4616642505669589,0.898812585833747,0.9625909423324539,0.6093098958333333,0.9590691830739613
2510,124.85000000000002,175.90531999088108,0.4357014379836388,0.8954155348806864,0.9620664148516603,0.578515625,0.957987861601847
2511,136.20000000000002,175.90531999088108,0.41445925532721895,0.8918811328504618,0.9615034398366172,0.5552083333333333,0.9539077439723221
2512,147.55,175.90531999088108,0.40271719392908595,0.888241278014246,0.9609044070523897,0.5432291666666667,0.949836501158941
2513,158.90000000000003,175.90531999088108,0.4016382914671965,0.8845253456711669,0.9602716758299438,0.5447265625,0.946443124489094
2514,170.25000000000003,175.90531999088108,0.4075796001119987,0.8807599442436127,0.9596075512661371,0.5551432291666667,0.9448274053558308
2515,181.60000000000002,175.90531999088108,0.4184034401648081,0.8769688087889829,0.9589142654816264,0.5738932291666666,0.9420689948694844
2516,192.95000000000002,175.90531999088108,0.4292983494772374,0.8731728057543945,0.9581939635320471,0.5932942708333333,0.9395913080340297
2517,204.3,175.90531999088108,0.4413160299754726,0.8693900229634383,0.9574486934526705,0.6143880208333333,0.9380853491264065
2518,215.65000000000003,175.90531999088108,0.44781458710515676,0.8656359208799238,0.9566803998632646,0.627734375,0.9379205752972729
2519,227.00000000000003,175.90531999088108,0.45253303462822664,0.8619235243453688,0.955890920553323,0.6386067708333333,0.9379722225757335
2520,238.35000000000002,175.90531999088108,0.45458778711072206,0.8582636376014448,0.9550819854945373,0.6457682291666667,0.9385367172467652
2521,249.70000000000005,175.90531999088108,0.45537940051517295,0.8546650690323025,0.9542552177750154,0.65,0.9410200145900975
2522,261.05,175.90531999088108,0.45317625297004904,0.8511348554053362,0.9534121360089199,0.6512369791666667,0.941382507853828
2523,272.40000000000003,175.90531999088108,0.4487834414390118,0.8476784782955925,0.9525541578382,0.649609375,0.9417424005786413
2524,283.75000000000006,175.90531999088108,0.4433812997131084,0.8443000677888662,0.9516826042054466,0.6461588541666666,0.94246176870551
2525,295.1,175.90531999088108,0.4376601436740408,0.841002590476392,0.9507987041348561,0.6424479166666667,0.9426011244639872
2526,-289.425,185.73470832383447,0.4357271870221041,0.8446648590752992,0.9506110140572516,0.6352864583333333,0.9418844738192645
2527,-278.07500000000005,185.73470832383447,0.4432011834876695,0.8479327571274557,0.9514725548332383,0.640625,0.9429640924610521
2528,-266.725,185.73470832383447,0.4467933785892084,0.8512713775568935,0.9523207120589133,0.6420572916666667,0.9417360600999147
2529,-255.375,185.73470832383447,0.4477387608188356,0.8546766232852404,0.9531542261841607,0.6384114583333333,0.9421986209602785
2530,-244.02500000000003,185.73470832383447,0.4477572693907532,0.8581431776434826,0.9539717497055586,0.6345052083333333,0.9411009706289994
2531,-232.675,185.73470832383447,0.4440945385406147,0.8616643319715209,0.954771843674436,0.6261067708333333,0.9396215600186948
2532,-221.32500000000002,185.73470832383447,0.4376190647312052,0.8652318040953959,0.9555529749242383,0.6138671875,0.9385598229157012
2533,-209.97500000000002,185.73470832383447,0.42824989797400853,0.8688355519531286,0.9563135142888639,0.5962890625,0.9402219909753059
2534,-198.625,185.73470832383447,0.4179086020106003,0.8724635885287068,0.957051736132234,0.5757161458333333,0.9447831329376578
2535,-187.275,185.73470832383447,0.40675222411827733,0.8761018064924055,0.9577658195578492,0.5556640625,0.9481782402605834
2536,-175.925,185.73470832383447,0.3976147186338688,0.8797338234796691,0.9584538517114377,0.5395182291666667,0.9508988401967788
2537,-164.57500000000002,185.73470832383447,0.38941349144006787,0.8833408616463121,0.9591138336245991,0.5272786458333333,0.9508295289178063
2538,-153.22500000000002,185.73470832383447,0.3900346269772834,0.886901677798345,0.9597436890652706,0.5253255208333333,0.9543636594984192
2539,-141.875,185.73470832383447,0.3990510313048012,0.8903925626825913,0.9603412768528794,0.5365885416666667,0.9531316906088682
2540,-130.525,185.73470832383447,0.4172701092844368,0.8937874294913998,0.9609044070523897,0.5595052083333333,0.9517045974371237
2541,-119.17500000000003,185.73470832383447,0.442636614102538,0.8970580117256345,0.9614308613713958,0.59140625,0.9504464329847462
2542,-107.82500000000002,185.73470832383447,0.4694432350895196,0.900174188656688,0.9619184179388042,0.6254557291666667,0.9485584031972173
2543,-96.47500000000001,185.73470832383447,0.4952217542929968,0.9031044521375654,0.9623648804369084,0.6577473958333333,0.9475846313049376
2544,-85.12500000000001,185.73470832383447,0.5194621546927688,0.9058165210016058,0.9627681112902114,0.6885416666666667,0.9462174258072762
2545,-73.77500000000002,185.73470832383447,0.5401292783307472,0.9082780986513316,0.9631260682934761,0.7149088541666667,0.9445564186274068
2546,-62.42500000000001,185.73470832383447,0.560420106897761,0.9104577560830662,0.9634368437072497,0.7389973958333333,0.9459208023342256
2547,-51.075,185.73470832383447,0.5834559511853814,0.9123259075622503,0.9636987044929909,0.7662109375,0.9473648209278268
2548,-39.72500000000001,185.73470832383447,0.6084472021589752,0.9138558311776056,0.963910132043081,0.7944661458333333,0.9507704573363898
2549,-28.375000000000004,185.73470832383447,0.6308478272693887,0.9150246738093466,0.9640698595312519,0.823828125,0.9487030901065292
2550,-17.025000000000002,185.73470832383447,0.6515038720312265,0.9158143720937428,0.9641769049119039,0.8472005208333333,0.9506317048930469
2551,-5.675000000000001,185.73470832383447,0.6631827844239759,0.9162124198962164,0.9642305976685891,0.8554036458333333,0.9574874043289822
2552,5.675000000000001,185.73470832383447,0.6637627696183802,0.9162124198962164,0.9642305976685891,0.8546875,0.9589271810231105
2553,17.025000000000002,185.73470832383447,0.6526056403338735,0.9158143720937427,0.9641769049119039,0.8435546875,0.9563017219838289
2554,28.375000000000004,185.73470832383447,0.6337420816069737,0.9150246738093465,0.9640698595312519,0.8229166666666666,0.954200178988966
2555,39.72500000000001,185.73470832383447,0.6096622325670397,0.9138558311776056,0.963910132043081,0.7939453125,0.953615969925184
2556,51.075,185.73470832383447,0.5889868132729639,0.9123259075622502,0.9636987044929909,0.7660807291666667,0.9564495257105432
2557,62.42500000000001,185.73470832383447,0.568314837575924,0.910457756083066,0.9634368437072497,0.7400390625,0.9575599958375084
2558,73.775,185.73470832383447,0.5453595451952084,0.9082780986513316,0.9631260682934761,0.7135416666666666,0.9556670539454205
2559,85.12500000000001,185.73470832383447,0.5225544832254884,0.9058165210016056,0.9627681112902114,0.6871744791666666,0.9537021948019997
2560,96.47500000000001,185.73470832383447,0.49762830569081895,0.9031044521375654,0.9623648804369084,0.6560546875,0.9547436632817601
2561,107.825,185.73470832383447,0.4714188223754334,0.9001741886566882,0.9619184179388042,0.6236979166666666,0.9555293361081137
2562,119.17500000000001,185.73470832383447,0.4450672746591524,0.8970580117256344,0.9614308613713958,0.5912760416666667,0.9560439293239777
2563,130.52500000000003,185.73470832383447,0.41885603034697294,0.8937874294913998,0.9609044070523897,0.5600911458333333,0.9547456403434755
2564,141.87500000000003,185.73470832383447,0.39879571795116414,0.8903925626825914,0.9603412768528794,0.5375,0.9508079301694792
2565,153.22500000000002,185.73470832383447,0.38769361478220493,0.8869016777983451,0.9597436890652706,0.5259765625,0.9466639087522998
2566,164.57500000000005,185.73470832383447,0.3864223067446996,0.8833408616463122,0.9591138336245991,0.5272786458333333,0.9427978539653739
2567,175.92500000000004,185.73470832383447,0.3941511973159401,0.8797338234796693,0.9584538517114377,0.5399088541666667,0.9415027240230189
2568,187.27500000000003,185.73470832383447,0.40418268654335665,0.8761018064924055,0.9577658195578492,0.5564453125,0.9404182278448296
2569,198.62500000000003,185.73470832383447,0.4161545758165582,0.8724635885287069,0.957051736132234,0.5778645833333333,0.9370521871155602
2570,209.97500000000002,185.73470832383447,0.42856197559694664,0.8688355519531286,0.9563135142888639,0.5994140625,0.9355317645841243
2571,221.32500000000005,185.73470832383447,0.4371405255432386,0.8652318040953959,0.9555529749242383,0.615625,0.9348741705436405
2572,232.67500000000004,185.73470832383447,0.44182824718204294,0.8616643319715206,0.954771843674436,0.6260416666666667,0.9357664147549069
2573,244.02500000000003,185.73470832383447,0.4452168471709564,0.8581431776434827,0.9539717497055586,0.6331380208333334,0.9385972370732864
2574,255.37500000000006,185.73470832383447,0.4459074829539882,0.8546766232852405,0.9531542261841607,0.63828125,0.9392656310967742
2575,266.725,185.73470832383447,0.44409376923080934,0.8512713775568935,0.9523207120589133,0.6393880208333333,0.9405578144569245
2576,278.07500000000005,185.73470832383447,0.4409084865753655,0.8479327571274556,0.9514725548332383,0.6382161458333333,0.9421805981580031
2577,289.42500000000007,185.73470832383447,0.4346882152549178,0.8446648590752993,0.9506110140572516,0.6345052083333333,0.9417783483007482
2578,-283.75000000000006,195.56409665678785,0.43343916290685514,0.8481567242848453,0.950390506810047,0.6279296875,0.9416511685084147
2579,-272.40000000000003,195.56409665678785,0.43523099255924147,0.8513840293506912,0.9512291273599927,0.6274088541666667,0.9398714081532558
2580,-261.05,195.56409665678785,0.4373755581836107,0.8546715352518475,0.9520533607604734,0.6263671875,0.9389350993798324
2581,-249.70000000000005,195.56409665678785,0.4356282441088715,0.8580141077112361,0.9528619252168441,0.6207682291666666,0.9370894597870753
2582,-238.35000000000002,195.56409665678785,0.43296891272611343,0.861405364631482,0.9536534559539054,0.6132161458333333,0.9365103240940803
2583,-227.00000000000003,195.56409665678785,0.4266197789760287,0.8648375233486928,0.9544265030348826,0.6009765625,0.9360412760605609
2584,-215.65000000000003,195.56409665678785,0.4180600312349527,0.8683012451446991,0.9551795300774798,0.5842447916666667,0.9383259160629371
2585,-204.3,195.56409665678785,0.4041275079143693,0.8717854822025434,0.9559109141355079,0.5609375,0.9398581595184031
2586,-192.95000000000002,195.56409665678785,0.39359003411057486,0.875277333922775,0.9566189470518812,0.5412760416666667,0.9441950012201169
2587,-181.60000000000002,195.56409665678785,0.38367622304222515,0.8787619214505169,0.9573018386223281,0.5236979166666667,0.9478696320401035
2588,-170.25000000000003,195.56409665678785,0.3753660756325264,0.882222291297789,0.9579577219345145,0.5111979166666667,0.9478570013464026
2589,-158.90000000000003,195.56409665678785,0.37565333225235986,0.8856393609196931,0.9585846612592023,0.5097005208333333,0.9502751906972323
2590,-147.55,195.56409665678785,0.38392364937229273,0.8889919207779131,0.9591806628615983,0.5203776041666667,0.9486544551043339
2591,-136.20000000000002,195.56409665678785,0.402543041147866,0.8922567084803947,0.9597436890652706,0.5432291666666667,0.9484882093173709
2592,-124.85000000000002,195.56409665678785,0.42629680652448676,0.8954085706306951,0.9602716758299438,0.5733072916666667,0.9472946368946372
2593,-113.50000000000001,195.56409665678785,0.4525300882029403,0.8984207266217973,0.9607625539916659,0.6070963541666666,0.9454615468972363
2594,-102.15,195.56409665678785,0.4792206340725109,0.9012651453515181,0.9612142741550046,0.6406901041666667,0.9447459420615786
2595,-90.80000000000001,195.56409665678785,0.5030179728627135,0.9039130404076514,0.9616248350215117,0.67109375,0.9433986315812705
2596,-79.45000000000002,195.56409665678785,0.524054192720135,0.9063354815723385,0.9619923146927296,0.6966796875,0.9437457410776766
2597,-68.10000000000001,195.56409665678785,0.5428529093639723,0.908504110759173,0.9623149042123573,0.7197265625,0.943960979384644
2598,-56.75000000000001,195.56409665678785,0.5654602445448543,0.9103919393806694,0.9625909423324539,0.7453776041666667,0.9471462195451585
2599,-45.400000000000006,195.56409665678785,0.5891191333796033,0.911974192763081,0.962818950231492,0.7705078125,0.9524357267117999
2600,-34.050000000000004,195.56409665678785,0.6102901863419653,0.9132291570859147,0.962997664711667,0.7966796875,0.9525092391957981
2601,-22.700000000000003,195.56409665678785,0.6306651281715755,0.9141389771312037,0.9631260682934761,0.8182942708333333,0.9558952391267573
2602,-11.350000000000001,195.56409665678785,0.6457209677330588,0.9146903504865,0.9632034146361971,0.830859375,0.9622802146152154
2603,0.0,195.56409665678785,0.6503337369957324,0.914875066891717,0.9632292478607526,0.8338541666666667,0.965528309555941
2604,11.350000000000001,195.56409665678785,0.645601255439235,0.9146903504865,0.9632034146361971,0.8298177083333333,0.9637796071102488
2605,22.700000000000003,195.56409665678785,0.6327696071055627,0.9141389771312037,0.9631260682934761,0.817578125,0.9602602730170101
2606,34.050000000000004,195.56409665678785,0.6117480677473395,0.9132291570859148,0.962997664711667,0.795703125,0.9559813550553916
2607,45.400000000000006,195.56409665678785,0.5904848788052877,0.911974192763081,0.962818950231492,0.7682942708333333,0.9575515892446579
2608,56.75000000000001,195.56409665678785,0.5705305066378983,0.9103919393806695,0.9625909423324539,0.74453125,0.9566433782486106
2609,68.10000000000001,195.56409665678785,0.5494762350552235,0.9085041107591729,0.9623149042123573,0.7204427083333333,0.954427076045049
2610,79.45000000000002,195.56409665678785,0.5282166180907429,0.9063354815723383,0.9619923146927296,0.6967447916666667,0.9511489128848437
2611,90.80000000000001,195.56409665678785,0.505814025534698,0.9039130404076513,0.9616248350215117,0.6696614583333333,0.9507259899128632
2612,102.15,195.56409665678785,0.48067093822000984,0.9012651453515182,0.9612142741550046,0.638671875,0.9507359755130789
2613,113.50000000000001,195.56409665678785,0.45458076879666476,0.8984207266217974,0.9607625539916659,0.6057291666666667,0.951983435057284
2614,124.85000000000002,195.56409665678785,0.42746557673627955,0.8954085706306951,0.9602716758299438,0.573046875,0.9507887356137815
2615,136.20000000000002,195.56409665678785,0.40194726601349334,0.8922567084803946,0.9597436890652706,0.5413411458333334,0.9509097787724566
2616,147.55,195.56409665678785,0.3824466577452238,0.888991920777913,0.9591806628615983,0.5194661458333333,0.9463415000904348
2617,158.90000000000003,195.56409665678785,0.3723432898501534,0.8856393609196932,0.9585846612592023,0.5083984375,0.9433737331878127
2618,170.25000000000003,195.56409665678785,0.37167840336138647,0.882222291297789,0.9579577219345145,0.5108723958333333,0.9383357984394667
2619,181.60000000000002,195.56409665678785,0.3796788347991075,0.8787619214505169,0.9573018386223281,0.5231119791666666,0.9380024122950024
2620,192.95000000000002,195.56409665678785,0.3912523291437998,0.8752773339227751,0.9566189470518812,0.542578125,0.935453129124975
2621,204.3,195.56409665678785,0.40257518266116304,0.8717854822025434,0.9559109141355079,0.5616536458333333,0.9343635888782985
2622,215.65000000000003,195.56409665678785,0.4158114659072711,0.8683012451446992,0.9551795300774798,0.5852213541666667,0.931369159734274
2623,227.00000000000003,195.56409665678785,0.425212640416488,0.8648375233486928,0.9544265030348826,0.6020182291666667,0.9315964766237396
2624,238.35000000000002,195.56409665678785,0.4317309755189194,0.861405364631482,0.9536534559539054,0.6133463541666667,0.934434082572927
2625,249.70000000000005,195.56409665678785,0.4350047831330247,0.858014107711236,0.9528619252168441,0.6205078125,0.9367848083630046
2626,261.05,195.56409665678785,0.4353695049076257,0.8546715352518475,0.9520533607604734,0.6249348958333333,0.9376451987917708
2627,272.40000000000003,195.56409665678785,0.4343644020865925,0.8513840293506912,0.9512291273599927,0.6256510416666666,0.9407543774673636
2628,283.75000000000006,195.56409665678785,0.4326110964729087,0.8481567242848455,0.950390506810047,0.6263671875,0.9427377746741138
2629,-278.07500000000005,205.39348498974124,0.4251717325023199,0.8514759944350868,0.9501378075014325,0.6136067708333334,0.9395242486342891
2630,-266.725,205.39348498974124,0.42519208227521205,0.8546524787930756,0.9509530343372122,0.611328125,0.9365062361682202
2631,-255.375,205.39348498974124,0.42508657811501105,0.8578784897695221,0.9517529111691873,0.6078125,0.9350193515973708
2632,-244.02500000000003,205.39348498974124,0.42187991634076155,0.8611479657108502,0.952536142332972,0.6005208333333333,0.9330411330699039
2633,-232.675,205.39348498974124,0.416139058658046,0.8644535956457341,0.953301355017869,0.5889973958333333,0.9329150387844655
2634,-221.32500000000002,205.39348498974124,0.4041328185264034,0.8677866890877269,0.954047098377067,0.5685546875,0.9340091853263383
2635,-209.97500000000002,205.39348498974124,0.3924969277304067,0.8711370489507265,0.954771843674436,0.5478515625,0.9363516991989201
2636,-198.625,205.39348498974124,0.3799860721341102,0.8744928532909447,0.955473985722591,0.5264973958333333,0.9393377423108265
2637,-187.275,205.39348498974124,0.36984542557119926,0.877840553071583,0.9561518458922383,0.5090494791666667,0.942390445206298
2638,-175.925,205.39348498974124,0.3601357670651909,0.8811647946868697,0.9568036769914555,0.4947916666666667,0.9423758170556424
2639,-164.57500000000002,205.39348498974124,0.3605118846170219,0.884448377458163,0.9574276703210971,0.4925130208333333,0.946342660063961
2640,-153.22500000000002,205.39348498974124,0.36856642169364456,0.8876722575507351,0.9580219652044096,0.5029947916666667,0.9447932041669986
2641,-141.875,205.39348498974124,0.3865638219421832,0.8908156105248902,0.9585846612592023,0.52578125,0.9443125647947925
2642,-130.525,205.39348498974124,0.4114578722530913,0.893855964750349,0.9591138336245991,0.5577473958333333,0.9428886961067816
2643,-119.17500000000003,205.39348498974124,0.4387613501612735,0.8967694168725433,0.9596075512661371,0.5917317708333333,0.9434217687782273
2644,-107.82500000000002,205.39348498974124,0.46398734782187867,0.8995309381288903,0.9600638983598134,0.6240234375,0.9424270143785682
2645,-96.47500000000001,205.39348498974124,0.48741826358889395,0.9021147763459911,0.9604809985971916,0.6541015625,0.9409920437048741
2646,-85.12500000000001,205.39348498974124,0.5086077966435091,0.9044949528192912,0.9608570420634946,0.6807942708333333,0.940592606365364
2647,-73.77500000000002,205.39348498974124,0.5265803522592184,0.9066458461177382,0.9611903141279383,0.7016927083333333,0.9425169014751166
2648,-62.42500000000001,205.39348498974124,0.546554585397899,0.9085428465839391,0.9614792255649863,0.7234375,0.9466009618284151
2649,-51.075,205.39348498974124,0.5671227305970272,0.9101630566454278,0.9617223429171543,0.7455078125,0.950762190783294
2650,-39.72500000000001,205.39348498974124,0.5870623857637427,0.9114860040283423,0.9619184179388042,0.7685546875,0.952719858924364
2651,-28.375000000000004,205.39348498974124,0.6079834085624676,0.9124943287604107,0.9620664148516603,0.7914713541666667,0.9559339895841921
2652,-17.025000000000002,205.39348498974124,0.6253458013312881,0.9131744016467398,0.9621655341192633,0.8063802083333333,0.9632203833076033
2653,-5.675000000000001,205.39348498974124,0.635450194538156,0.9135168326373111,0.9622152315254344,0.8132161458333333,0.9697956806907737
2654,5.675000000000001,205.39348498974124,0.6372118812348309,0.9135168326373111,0.9622152315254344,0.8145833333333333,0.9708005079932747
2655,17.025000000000002,205.39348498974124,0.6276391624778236,0.91317440164674,0.9621655341192633,0.8065104166666667,0.9666794015454002
2656,28.375000000000004,205.39348498974124,0.6129293358866885,0.9124943287604107,0.9620664148516603,0.7935546875,0.9613338443729355
2657,39.72500000000001,205.39348498974124,0.5906068178264144,0.9114860040283426,0.9619184179388042,0.7685546875,0.9586667618845617
2658,51.075,205.39348498974124,0.5708066706270899,0.9101630566454276,0.9617223429171543,0.7443359375,0.9585770689416052
2659,62.42500000000001,205.39348498974124,0.5512064672772454,0.908542846583939,0.9614792255649863,0.7231770833333333,0.9548793892725642
2660,73.775,205.39348498974124,0.5311867123706305,0.9066458461177381,0.9611903141279383,0.7014973958333334,0.9507619420415092
2661,85.12500000000001,205.39348498974124,0.5125697495830077,0.9044949528192912,0.9608570420634946,0.680078125,0.94886690940844
2662,96.47500000000001,205.39348498974124,0.4901775368929142,0.9021147763459909,0.9604809985971916,0.653125,0.9479403336394301
2663,107.825,205.39348498974124,0.4650167175927242,0.8995309381288903,0.9600638983598134,0.6213541666666667,0.9487558566372686
2664,119.17500000000001,205.39348498974124,0.439830272738101,0.8967694168725433,0.9596075512661371,0.5900390625,0.9487182715333636
2665,130.52500000000003,205.39348498974124,0.41150580596574193,0.8938559647503489,0.9591138336245991,0.5556640625,0.9471553493569886
2666,141.87500000000003,205.39348498974124,0.3872898206573143,0.89081561052489,0.9585846612592023,0.525390625,0.9470216998002825
2667,153.22500000000002,205.39348498974124,0.3685788296243491,0.8876722575507352,0.9580219652044096,0.5036458333333333,0.9436758164109594
2668,164.57500000000005,205.39348498974124,0.3599725658122025,0.8844483774581628,0.9574276703210971,0.4947265625,0.9398681030457323
2669,175.92500000000004,205.39348498974124,0.35808156172451816,0.8811647946868698,0.9568036769914555,0.4955078125,0.9342520956473666
2670,187.27500000000003,205.39348498974124,0.36596888389808174,0.8778405530715833,0.9561518458922383,0.508203125,0.9328570699500367
2671,198.62500000000003,205.39348498974124,0.37815170818570043,0.8744928532909447,0.955473985722591,0.5272786458333333,0.9325880172204258
2672,209.97500000000002,205.39348498974124,0.3898951464463991,0.8711370489507265,0.954771843674436,0.5473958333333333,0.9303054423762182
2673,221.32500000000005,205.39348498974124,0.40082854081041164,0.8677866890877273,0.954047098377067,0.5684244791666667,0.9264136451950338
2674,232.67500000000004,205.39348498974124,0.41405343153475144,0.8644535956457342,0.953301355017869,0.5891927083333334,0.9282153034776128
2675,244.02500000000003,205.39348498974124,0.4201553217665712,0.8611479657108502,0.952536142332972,0.5999348958333334,0.9308033606997717
2676,255.37500000000006,205.39348498974124,0.42480833502329335,0.8578784897695221,0.9517529111691873,0.6091796875,0.9330602492769305
2677,266.725,205.39348498974124,0.4249922244680385,0.8546524787930756,0.9509530343372122,0.6104817708333333,0.9376532581290159
2678,278.07500000000005,205.39348498974124,0.42444506621382666,0.8514759944350868,0.9501378075014325,0.612109375,0.940269125342527
2679,-272.40000000000003,215.22287332269457,0.4142495885439839,0.8546217149724666,0.9498536163380412,0.5968098958333333,0.9362244608704591
2680,-261.05,215.22287332269457,0.41208104898682973,0.8577380219788105,0.9506450635607122,0.5927734375,0.9314075531046989
2681,-249.70000000000005,215.22287332269457,0.41015368634001664,0.8608931791845734,0.9514202450093019,0.5871744791666667,0.929787523461709
2682,-238.35000000000002,215.22287332269457,0.40455863198223546,0.864080319292032,0.9521778594280674,0.5762369791666667,0.9288282884556222
2683,-227.00000000000003,215.22287332269457,0.39325207316313926,0.8672913487932201,0.9529165349468282,0.5561848958333333,0.9306152447354695
2684,-215.65000000000003,215.22287332269457,0.3806582496388448,0.8705168420235245,0.9536348294253811,0.5349609375,0.9318691188798184
2685,-204.3,215.22287332269457,0.367041633546448,0.8737459434121609,0.954331231933475,0.5128255208333333,0.9335341025703248
2686,-192.95000000000002,215.22287332269457,0.3559990167479381,0.876966283806602,0.9550041655984746,0.494140625,0.9368348970762176
2687,-181.60000000000002,215.22287332269457,0.34690891881294716,0.8801639179222199,0.9556519920664708,0.480078125,0.937658512763059
2688,-170.25000000000003,215.22287332269457,0.3465799575794269,0.8833232910800104,0.9562730178273516,0.4772135416666667,0.9417444823822534
2689,-158.90000000000003,215.22287332269457,0.3542192614354979,0.886427244314295,0.9568655026464795,0.48782552083333336,0.9391846588838535
2690,-147.55,215.22287332269457,0.37247074610888126,0.8894570674907626,0.9574276703210971,0.5106119791666667,0.9399565859453217
2691,-136.20000000000002,215.22287332269457,0.39634622342913506,0.892392610072479,0.9579577219345145,0.54140625,0.9386979603488911
2692,-124.85000000000002,215.22287332269457,0.42378718870494686,0.8952124583889713,0.9584538517114377,0.5756510416666667,0.9397169874496681
2693,-113.50000000000001,215.22287332269457,0.44863392109461414,0.8978941864902226,0.9589142654816264,0.6065755208333333,0.9402353131425166
2694,-102.15,215.22287332269457,0.47217629355012686,0.9004146847382305,0.9593372016356712,0.637109375,0.9388133435520339
2695,-90.80000000000001,215.22287332269457,0.49518846832514896,0.9027505661322947,0.9597209543084854,0.6661458333333333,0.9386991126872996
2696,-79.45000000000002,215.22287332269457,0.5107687934786564,0.9048786450549,0.9600638983598134,0.684375,0.9401046423363154
2697,-68.10000000000001,215.22287332269457,0.5283793156266848,0.9067764769291241,0.9603645155463599,0.7027994791666666,0.944917590970522
2698,-56.75000000000001,215.22287332269457,0.5458883924082876,0.9084229406780895,0.9606214211118579,0.7213541666666666,0.9488157965339974
2699,-45.400000000000006,215.22287332269457,0.5654638557353336,0.9097988395585677,0.9608333898771023,0.7415364583333334,0.9540068827190333
2700,-34.050000000000004,215.22287332269457,0.5860737236574626,0.9108874907345021,0.9609993808103978,0.7654296875,0.9557803433957808
2701,-22.700000000000003,215.22287332269457,0.6040974669519843,0.9116752707238553,0.9611185590180038,0.7826822916666667,0.9613856234734949
2702,-11.350000000000001,215.22287332269457,0.6168041713500778,0.9121520833368477,0.9611903141279394,0.790625,0.9704204955023708
2703,0.0,215.22287332269457,0.6219698105782921,0.912311719386418,0.9612142741550046,0.7935546875,0.9748374537707607
2704,11.350000000000001,215.22287332269457,0.6184854611926117,0.9121520833368476,0.9611903141279394,0.7924479166666667,0.9712194117724269
2705,22.700000000000003,215.22287332269457,0.6058435320400408,0.9116752707238553,0.9611185590180038,0.7822916666666667,0.9648809423069972
2706,34.050000000000004,215.22287332269457,0.5897912698606792,0.9108874907345023,0.9609993808103978,0.7667317708333333,0.9603766492184304
2707,45.400000000000006,215.22287332269457,0.5691288092055019,0.909798839558568,0.9608333898771023,0.7434895833333334,0.9579346742732749
2708,56.75000000000001,215.22287332269457,0.551624735622985,0.9084229406780897,0.9606214211118579,0.7233723958333333,0.956175081403345
2709,68.10000000000001,215.22287332269457,0.5336459276720483,0.9067764769291241,0.9603645155463599,0.7044270833333334,0.9519767961415547
2710,79.45000000000002,215.22287332269457,0.5165102917477956,0.9048786450549001,0.9600638983598134,0.68515625,0.9494475221183598
2711,90.80000000000001,215.22287332269457,0.4971016354573532,0.9027505661322949,0.9597209543084854,0.6632161458333333,0.9466971494280293
2712,102.15,215.22287332269457,0.4745969887330276,0.9004146847382304,0.9593372016356712,0.6364583333333333,0.9450676096611959
2713,113.50000000000001,215.22287332269457,0.4518155291199589,0.8978941864902226,0.9589142654816264,0.6072916666666667,0.9463081404373566
2714,124.85000000000002,215.22287332269457,0.4248275410906003,0.8952124583889717,0.9584538517114377,0.5740234375,0.9450354580395227
2715,136.20000000000002,215.22287332269457,0.3973370905453643,0.8923926100724792,0.9579577219345145,0.540625,0.9428129530017989
2716,147.55,215.22287332269457,0.3720048901272866,0.8894570674907627,0.9574276703210971,0.509375,0.9414762772939869
2717,158.90000000000003,215.22287332269457,0.3526391094326946,0.8864272443142952,0.9568655026464795,0.48684895833333336,0.9367723097533124
2718,170.25000000000003,215.22287332269457,0.34454738645042743,0.8833232910800104,0.9562730178273516,0.47779947916666665,0.9335744741820909
2719,181.60000000000002,215.22287332269457,0.34464212820121587,0.8801639179222198,0.9556519920664708,0.4806640625,0.9293743446525701
2720,192.95000000000002,215.22287332269457,0.3539821092814358,0.8769662838066019,0.9550041655984746,0.4952473958333333,0.9282472847195625
2721,204.3,215.22287332269457,0.36618275386382937,0.8737459434121609,0.954331231933475,0.5143229166666666,0.9277510701810417
2722,215.65000000000003,215.22287332269457,0.377547535576593,0.8705168420235246,0.9536348294253811,0.5337890625,0.9260620050840159
2723,227.00000000000003,215.22287332269457,0.38989882621712607,0.8672913487932201,0.9529165349468282,0.5560546875,0.9229590386228185
2724,238.35000000000002,215.22287332269457,0.4007810043145624,0.864080319292032,0.9521778594280674,0.5749348958333333,0.9225874016680181
2725,249.70000000000005,215.22287332269457,0.4088491599768878,0.8608931791845733,0.9514202450093019,0.5873697916666667,0.9264983593476331
2726,261.05,215.22287332269457,0.4129152257208031,0.8577380219788105,0.9506450635607122,0.5947265625,0.9297909357933213
2727,272.40000000000003,215.22287332269457,0.4140467542519263,0.8546217149724668,0.9498536163380412,0.5971354166666667,0.9349226668398462
2728,-266.725,225.05226165564795,0.40272587834133555,0.857594103219278,0.9495387007724914,0.5807291666666666,0.9304165153344748
2729,-255.375,225.05226165564795,0.39868387837452807,0.8606418089409401,0.9503060690723312,0.5744791666666667,0.925393194034826
2730,-244.02500000000003,225.05226165564795,0.3917342055892345,0.8637178253977349,0.9510563082827891,0.5615234375,0.9250585639257973
2731,-232.675,225.05226165564795,0.3810708810437627,0.8668146086490996,0.9517881195666239,0.5430338541666667,0.9256786828434529
2732,-221.32500000000002,225.05226165564795,0.36812332624485167,0.8699234333636188,0.9525001405287553,0.522265625,0.9255597403516163
2733,-209.97500000000002,225.05226165564795,0.3548405290267157,0.8730343116897292,0.9531909467064831,0.5002604166666667,0.927568841473795
2734,-198.625,225.05226165564795,0.3437854640259355,0.8761359244787399,0.9538590542537482,0.48151041666666666,0.9307424114674022
2735,-187.275,225.05226165564795,0.33495004093834324,0.8792155705812602,0.9545029240226784,0.46673177083333334,0.9338592526093912
2736,-175.925,225.05226165564795,0.3323989564751646,0.882259140781097,0.9551209672484068,0.46171875,0.9359339757617386
2737,-164.57500000000002,225.05226165564795,0.34127426696221674,0.8852511236190388,0.9557115530359326,0.47389322916666665,0.9339560032717702
2738,-153.22500000000002,225.05226165564795,0.35762297620168,0.888174650769288,0.9562730178273516,0.4951171875,0.9332474406130522
2739,-141.875,225.05226165564795,0.3828264334210026,0.8910115896180385,0.9568036769914555,0.5275390625,0.9332748911886637
2740,-130.525,225.05226165564795,0.4084170730461424,0.8937426900988209,0.9573018386223281,0.5589192708333334,0.935712330667102
2741,-119.17500000000003,225.05226165564795,0.4341446869657576,0.8963477915105169,0.9577658195578492,0.5905598958333333,0.9376137412572032
2742,-107.82500000000002,225.05226165564795,0.45831053636539726,0.898806092859773,0.9581939635320471,0.6215494791666667,0.9369200879897043
2743,-96.47500000000001,225.05226165564795,0.4811770241477402,0.9010964871720076,0.9585846612592023,0.6508463541666667,0.9363843773730777
2744,-85.12500000000001,225.05226165564795,0.4964597653716234,0.903197956244928,0.9589363721163768,0.6677734375,0.9393338972238917
2745,-73.77500000000002,225.05226165564795,0.5116068614019847,0.9050900176466048,0.9592476469523474,0.6840494791666667,0.9427927988455215
2746,-62.42500000000001,225.05226165564795,0.5300285145385184,0.9067532107080051,0.9595171514145947,0.7018229166666666,0.9496912464714616
2747,-51.075,225.05226165564795,0.5462707914388187,0.9081696032954147,0.9597436890652706,0.7182942708333333,0.9540913469298842
2748,-39.72500000000001,225.05226165564795,0.5639815606644277,0.9093232968524615,0.9599262234655582,0.7396484375,0.9545448406894324
2749,-28.375000000000004,225.05226165564795,0.5810409074282785,0.9102009042005909,0.9600638983598134,0.7577473958333333,0.9579996889044331
2750,-17.025000000000002,225.05226165564795,0.5960404750636527,0.9107919734553472,0.9601560550973944,0.7679036458333334,0.9681829046273431
2751,-5.675000000000001,225.05226165564795,0.6031586658581142,0.9110893325659004,0.9602022464981828,0.7729817708333333,0.9728595944834371
2752,5.675000000000001,225.05226165564795,0.6051204755402544,0.9110893325659002,0.9602022464981828,0.7748697916666667,0.9735671045164652
2753,17.025000000000002,225.05226165564795,0.5966076399684733,0.9107919734553473,0.9601560550973944,0.7684244791666667,0.968610995985399
2754,28.375000000000004,225.05226165564795,0.5832092584711847,0.9102009042005911,0.9600638983598134,0.7577473958333333,0.9618409429104275
2755,39.72500000000001,225.05226165564795,0.5654849028696015,0.9093232968524615,0.9599262234655582,0.7380859375,0.9593202389946902
2756,51.075,225.05226165564795,0.5484871814059953,0.9081696032954147,0.9597436890652706,0.7198567708333333,0.956107447348779
2757,62.42500000000001,225.05226165564795,0.5337716362589866,0.9067532107080051,0.9595171514145947,0.70390625,0.9535657984797665
2758,73.775,225.05226165564795,0.5176748370018345,0.9050900176466047,0.9592476469523474,0.6868489583333334,0.9500961750603608
2759,85.12500000000001,225.05226165564795,0.5013620926006546,0.903197956244928,0.9589363721163768,0.6688802083333333,0.9470183824373744
2760,96.47500000000001,225.05226165564795,0.4823443908073997,0.9010964871720076,0.9585846612592023,0.6475911458333333,0.9437695808512696
2761,107.825,225.05226165564795,0.4615128899712929,0.8988060928597729,0.9581939635320471,0.6225911458333333,0.9424811127994599
2762,119.17500000000001,225.05226165564795,0.4367025780963873,0.896347791510517,0.9577658195578492,0.5911458333333334,0.942520888400653
2763,130.52500000000003,225.05226165564795,0.409069946590837,0.8937426900988209,0.9573018386223281,0.5576171875,0.9400302554738791
2764,141.87500000000003,225.05226165564795,0.3823552026576379,0.8910115896180386,0.9568036769914555,0.5255208333333333,0.9364312683790479
2765,153.22500000000002,225.05226165564795,0.3578022504536595,0.888174650769288,0.9562730178273516,0.4947265625,0.9349534966952856
2766,164.57500000000005,225.05226165564795,0.3393239940544323,0.8852511236190388,0.9557115530359326,0.47220052083333336,0.9318937067770791
2767,175.92500000000004,225.05226165564795,0.3309316839223192,0.8822591407810971,0.9551209672484068,0.46236979166666664,0.9291046444912098
2768,187.27500000000003,225.05226165564795,0.33165892124595725,0.8792155705812601,0.9545029240226784,0.4666015625,0.9231502739204405
2769,198.62500000000003,225.05226165564795,0.34088875510138145,0.8761359244787398,0.9538590542537482,0.48092447916666664,0.9225998124476685
2770,209.97500000000002,225.05226165564795,0.353477763938066,0.8730343116897293,0.9531909467064831,0.49993489583333334,0.9232089361324
2771,221.32500000000005,225.05226165564795,0.3652103583655509,0.8699234333636188,0.9525001405287553,0.5203776041666667,0.9208012276990031
2772,232.67500000000004,225.05226165564795,0.37695584029944634,0.8668146086490996,0.9517881195666239,0.5418619791666667,0.9175524615462771
2773,244.02500000000003,225.05226165564795,0.38859747444156273,0.8637178253977349,0.9510563082827891,0.5619140625,0.9169860564807423
2774,255.37500000000006,225.05226165564795,0.39734090594725174,0.8606418089409402,0.9503060690723312,0.5739583333333333,0.9228023275012336
2775,266.725,225.05226165564795,0.4013865817237644,0.857594103219278,0.9495387007724914,0.5810546875,0.9264382968842537
2776,-249.70000000000005,234.88164998860134,0.3811974588725404,0.8633661179534575,0.9499369619045835,0.5484375,0.9234638146776224
2777,-238.35000000000002,234.88164998860134,0.36995200564977604,0.866355802900204,0.9506621009296994,0.5306640625,0.9213527403560015
2778,-227.00000000000003,234.88164998860134,0.35656169725769715,0.8693554322751561,0.9513680155405736,0.5095703125,0.9205524003083883
2779,-215.65000000000003,234.88164998860134,0.3427652723648503,0.8723557990755048,0.9520533607604734,0.4874348958333333,0.9213442756787823
2780,-204.3,234.88164998860134,0.3314503162951054,0.8753465212668873,0.9527167379853354,0.4679036458333333,0.9257474485457631
2781,-192.95000000000002,234.88164998860134,0.3237654899185131,0.8783160005290239,0.9533566987210752,0.45403645833333334,0.9301453958250113
2782,-181.60000000000002,234.88164998860134,0.32065033940310544,0.8812514018153783,0.9539717497055586,0.4482421875,0.9324702215838356
2783,-170.25000000000003,234.88164998860134,0.32879294810909987,0.8841386595549068,0.9545603595788417,0.46002604166666666,0.9295623941658626
2784,-158.90000000000003,234.88164998860134,0.34484360389795815,0.8869625166273638,0.9551209672484068,0.48118489583333335,0.9288451803226542
2785,-147.55,234.88164998860134,0.3691756018093178,0.8897066022245937,0.9556519920664708,0.5128255208333333,0.9286027171679492
2786,-136.20000000000002,234.88164998860134,0.3941757679297068,0.8923535542536719,0.9561518458922383,0.544140625,0.9303233613411361
2787,-124.85000000000002,234.88164998860134,0.4205720651876403,0.8948851909325063,0.9566189470518812,0.5767578125,0.9328320436236394
2788,-113.50000000000001,234.88164998860134,0.44516284380028165,0.8972827345847497,0.957051736132234,0.6073567708333333,0.9343355918696855
2789,-102.15,234.88164998860134,0.46762855289140626,0.8995270883119865,0.9574486934526705,0.6352213541666667,0.9351925327720588
2790,-90.80000000000001,234.88164998860134,0.4846350017065678,0.9015991632282516,0.9578083579555657,0.6537109375,0.9392009655814636
2791,-79.45000000000002,234.88164998860134,0.49858413025678616,0.9034802503957577,0.9581293471448687,0.6700520833333333,0.9405569038146006
2792,-68.10000000000001,234.88164998860134,0.5130509610493869,0.9051524277170627,0.958410377591917,0.6839192708333334,0.9461381341966023
2793,-56.75000000000001,234.88164998860134,0.5287409626898818,0.9065989881390423,0.9586502854269129,0.6990885416666667,0.9515408616943937
2794,-45.400000000000006,234.88164998860134,0.5447929506336288,0.9078048720163484,0.958848046154012,0.7163411458333333,0.9548284093534859
2795,-34.050000000000004,234.88164998860134,0.5603354790724062,0.9087570838205201,0.9590027930784315,0.733984375,0.9566486975283853
2796,-22.700000000000003,234.88164998860134,0.5741682745783981,0.9094450720032509,0.9591138336245991,0.7458333333333333,0.9630117746601574
2797,-11.350000000000001,234.88164998860134,0.5842073529817029,0.9098610510753459,0.9591806628615983,0.7521484375,0.9706450761612707
2798,0.0,234.88164998860134,0.5892138710213147,0.9100002470292349,0.9592029736381618,0.75546875,0.9743969904587606
2799,11.350000000000001,234.88164998860134,0.5864637386853919,0.9098610510753459,0.9591806628615983,0.7539713541666667,0.9719377035847113
2800,22.700000000000003,234.88164998860134,0.5743591488707906,0.9094450720032509,0.9591138336245991,0.7455078125,0.9639114816732585
2801,34.050000000000004,234.88164998860134,0.5611781507138717,0.9087570838205201,0.9590027930784315,0.7337239583333334,0.9587557578837648
2802,45.400000000000006,234.88164998860134,0.5439002944808171,0.9078048720163484,0.958848046154012,0.71484375,0.9555740179297093
2803,56.75000000000001,234.88164998860134,0.5307130764255996,0.9065989881390425,0.9586502854269129,0.7000651041666667,0.954012191572509
2804,68.10000000000001,234.88164998860134,0.5161254384045059,0.9051524277170626,0.958410377591917,0.6847005208333333,0.9507026811950474
2805,79.45000000000002,234.88164998860134,0.5044952675198917,0.9034802503957576,0.9581293471448687,0.6723307291666667,0.9485698832805866
2806,90.80000000000001,234.88164998860134,0.4876418818673901,0.9015991632282517,0.9578083579555657,0.654296875,0.9442887722413852
2807,102.15,234.88164998860134,0.4694619955130438,0.8995270883119865,0.9574486934526705,0.6333333333333333,0.941763512197727
2808,113.50000000000001,234.88164998860134,0.44765982973631424,0.8972827345847497,0.957051736132234,0.6084635416666667,0.938321436335142
2809,124.85000000000002,234.88164998860134,0.4217993682591325,0.8948851909325063,0.9566189470518812,0.5766276041666667,0.9362028164506461
2810,136.20000000000002,234.88164998860134,0.39459164031086724,0.8923535542536719,0.9561518458922383,0.5439453125,0.9322604949605833
2811,147.55,234.88164998860134,0.36882655809363235,0.8897066022245937,0.9556519920664708,0.5119140625,0.9299688018339008
2812,158.90000000000003,234.88164998860134,0.34502531958407745,0.8869625166273638,0.9551209672484068,0.48098958333333336,0.9302583977723324
2813,170.25000000000003,234.88164998860134,0.3271663351127156,0.8841386595549069,0.9545603595788417,0.4591145833333333,0.9267274474600424
2814,181.60000000000002,234.88164998860134,0.31917517127950035,0.8812514018153783,0.9539717497055586,0.4498697916666667,0.9234699952906654
2815,192.95000000000002,234.88164998860134,0.31975234859720664,0.8783160005290238,0.9533566987210752,0.45384114583333335,0.9172586214703297
2816,204.3,234.88164998860134,0.3287179407583707,0.8753465212668872,0.9527167379853354,0.4677734375,0.9166522280964086
2817,215.65000000000003,234.88164998860134,0.34058225838435735,0.8723557990755048,0.9520533607604734,0.48678385416666664,0.9157607137303938
2818,227.00000000000003,234.88164998860134,0.3527773046359977,0.8693554322751562,0.9513680155405736,0.5078125,0.9133321913263658
2819,238.35000000000002,234.88164998860134,0.36551531119841335,0.866355802900204,0.9506621009296994,0.5298828125,0.9116489659919098
2820,249.70000000000005,234.88164998860134,0.3758184165741544,0.8633661179534575,0.9499369619045835,0.5475260416666666,0.9121117070468607
2821,-244.02500000000003,244.71103832155472,0.35868882005222597,0.8659142382630002,0.9495387007724914,0.5170572916666667,0.918811832321245
2822,-232.675,244.71103832155472,0.34580471576106336,0.8688114976157294,0.9502386665919452,0.49733072916666665,0.9168161427916127
2823,-221.32500000000002,244.71103832155472,0.3316662797522346,0.8717083802967674,0.9509186787244045,0.4749348958333333,0.9171466798543737
2824,-209.97500000000002,244.71103832155472,0.3200747132313895,0.8745953429455259,0.9515774168472132,0.45462239583333336,0.9222495262323739
2825,-198.625,244.71103832155472,0.31172231080201457,0.8774617679759426,0.9522135155035566,0.4401041666666667,0.9261404981653274
2826,-187.275,244.71103832155472,0.3092200537829551,0.8802959475501323,0.9528255687281658,0.43561197916666666,0.9276104228397245
2827,-175.925,244.71103832155472,0.3163763879215024,0.8830850899196798,0.9534121360089199,0.44622395833333334,0.9246177438382198
2828,-164.57500000000002,244.71103832155472,0.3335172055554176,0.8858153530717512,0.9539717497055586,0.46881510416666666,0.9244579059934961
2829,-153.22500000000002,244.71103832155472,0.3559572035343364,0.8884719105955363,0.9545029240226784,0.498046875,0.9245329037577013
2830,-141.875,244.71103832155472,0.3807761392378898,0.89103905433088,0.9550041655984746,0.5305989583333334,0.9243150287019356
2831,-130.525,244.71103832155472,0.4067899809808399,0.8935003375936396,0.955473985722591,0.5621744791666666,0.9284808312859828
2832,-119.17500000000003,244.71103832155472,0.43210945009788576,0.89583876152424,0.9559109141355079,0.594140625,0.9297517135077379
2833,-107.82500000000002,244.71103832155472,0.45408214779703837,0.898037005340224,0.9563135142888639,0.6215494791666667,0.930828950170389
2834,-96.47500000000001,244.71103832155472,0.47280696344173523,0.9000776989998392,0.9566803998632646,0.6420572916666667,0.9355898488099247
2835,-85.12500000000001,244.71103832155472,0.483924856317491,0.9019437340742249,0.957010252251125,0.6531901041666667,0.9390293744045881
2836,-73.77500000000002,244.71103832155472,0.4991077054246026,0.9036186056263766,0.9573018386223281,0.6677734375,0.9452792309245311
2837,-62.42500000000001,244.71103832155472,0.5112184796928765,0.9050867748280247,0.9575540301067333,0.6790364583333334,0.9500343402720577
2838,-51.075,244.71103832155472,0.5270586463054923,0.9063340391991743,0.9577658195578492,0.6957682291666667,0.9539881643419211
2839,-39.72500000000001,244.71103832155472,0.5418856745942752,0.9073478950585676,0.9579363383141998,0.7126302083333333,0.9554779752334341
2840,-28.375000000000004,244.71103832155472,0.5563108721221455,0.9081178753572962,0.9580648713567617,0.7264322916666667,0.9606276711466445
2841,-17.025000000000002,244.71103832155472,0.5651173389592168,0.9086358458139281,0.9581508702778566,0.7317708333333334,0.9676223764868092
2842,-5.675000000000001,244.71103832155472,0.5707710789899375,0.9088962433583352,0.9581939635320471,0.7362630208333333,0.9708000824512648
2843,5.675000000000001,244.71103832155472,0.5710162333498892,0.9088962433583353,0.9581939635320471,0.7375651041666667,0.9694175721234751
2844,17.025000000000002,244.71103832155472,0.5648962879608987,0.9086358458139281,0.9581508702778566,0.7332682291666667,0.9652804034015118
2845,28.375000000000004,244.71103832155472,0.5527167997248935,0.908117875357296,0.9580648713567617,0.7235026041666667,0.9584474609393584
2846,39.72500000000001,244.71103832155472,0.5367081778505529,0.9073478950585675,0.9579363383141998,0.7076171875,0.9533669515943133
2847,51.075,244.71103832155472,0.5239228801436481,0.9063340391991743,0.9577658195578492,0.69296875,0.9523476578308446
2848,62.42500000000001,244.71103832155472,0.5130940127392388,0.9050867748280246,0.9575540301067333,0.6809244791666667,0.950730233027126
2849,73.775,244.71103832155472,0.5012566112409417,0.9036186056263765,0.9573018386223281,0.6690755208333333,0.9473281382423416
2850,85.12500000000001,244.71103832155472,0.48892472947390897,0.901943734074225,0.957010252251125,0.6565104166666667,0.9438756714319348
2851,96.47500000000001,244.71103832155472,0.47465988205437143,0.9000776989998392,0.9566803998632646,0.6415364583333333,0.9399871929248799
2852,107.825,244.71103832155472,0.4560123792507663,0.8980370053402241,0.9563135142888639,0.6210286458333333,0.9358786200507623
2853,119.17500000000001,244.71103832155472,0.43287017613761114,0.89583876152424,0.9559109141355079,0.5940104166666667,0.932215331318538
2854,130.52500000000003,244.71103832155472,0.4072221039110722,0.8935003375936394,0.955473985722591,0.5624348958333333,0.9293775603815152
2855,141.87500000000003,244.71103832155472,0.3822559654434498,0.8910390543308799,0.9550041655984746,0.5315755208333334,0.9268862963965139
2856,153.22500000000002,244.71103832155472,0.3553876825567189,0.8884719105955362,0.9545029240226784,0.49752604166666664,0.9248441813505422
2857,164.57500000000005,244.71103832155472,0.3329438654635445,0.8858153530717512,0.9539717497055586,0.46796875,0.9251620238959845
2858,175.92500000000004,244.71103832155472,0.31477132372995487,0.8830850899196796,0.9534121360089199,0.44537760416666666,0.921497538156043
2859,187.27500000000003,244.71103832155472,0.30667690151719434,0.8802959475501321,0.9528255687281658,0.4361328125,0.9174949205685974
2860,198.62500000000003,244.71103832155472,0.30777267465648683,0.8774617679759426,0.9522135155035566,0.44049479166666666,0.9116596578916425
2861,209.97500000000002,244.71103832155472,0.3166356797125992,0.8745953429455258,0.9515774168472132,0.45514322916666666,0.9093576547226525
2862,221.32500000000005,244.71103832155472,0.3293872588254794,0.8717083802967674,0.9509186787244045,0.475390625,0.9084953092663562
2863,232.67500000000004,244.71103832155472,0.3413126206227482,0.8688114976157293,0.9502386665919452,0.4953125,0.9076848137057031
2864,244.02500000000003,244.71103832155472,0.353126706627424,0.8659142382630002,0.9495387007724914,0.5166015625,0.9053071774170592
2865,-238.35000000000002,254.5404266545081,0.33396457246829914,0.8682903453142921,0.9491122828980086,0.484375,0.9111875622700365
2866,-227.00000000000003,254.5404266545081,0.3211896348834725,0.8710901609606814,0.9497870826762791,0.46334635416666664,0.9124613361232176
2867,-215.65000000000003,254.5404266545081,0.3096033177292753,0.8738798667448423,0.9504412684275552,0.44342447916666666,0.9168686990124406
2868,-170.25000000000003,254.5404266545081,0.32079213389367717,0.8847283296303768,0.9528255687281658,0.45481770833333335,0.9191469127073896
2869,-158.90000000000003,254.5404266545081,0.34394461828657447,0.887302290841887,0.9533566987210752,0.48509114583333335,0.9199746096540923
2870,-147.55,254.5404266545081,0.3689240380347904,0.8897937111085273,0.9538590542537482,0.5172526041666666,0.9211620334939686
2871,-136.20000000000002,254.5404266545081,0.39394000457017203,0.892187670420735,0.954331231933475,0.5487630208333333,0.923684979018875
2872,-124.85000000000002,254.5404266545081,0.41861011860876146,0.8944687386120963,0.954771843674436,0.5794921875,0.9262813574346729
2873,-113.50000000000001,254.5404266545081,0.4412348952437227,0.8966211680040452,0.9551795300774798,0.6087890625,0.9261300922519567
2874,-102.15,254.5404266545081,0.4598068186155576,0.8986291217289708,0.9555529749242383,0.6285807291666666,0.9317995285569204
2875,-90.80000000000001,254.5404266545081,0.47206261930604304,0.9004769347128073,0.955890920553323,0.6412109375,0.9355974314178772
2876,-79.45000000000002,254.5404266545081,0.4848270057097856,0.9021494019703964,0.9561921838132095,0.6534505208333333,0.9408274081519991
2877,-68.10000000000001,254.5404266545081,0.497673787147496,0.9036320864498033,0.9564556722168756,0.6641276041666667,0.9481150113980298
2878,-56.75000000000001,254.5404266545081,0.5100649782389759,0.9049116363599584,0.9566803998632646,0.6759765625,0.9529026830282598
2879,-45.400000000000006,254.5404266545081,0.5231630543765717,0.905976099968634,0.9568655026464795,0.6901692708333333,0.9553866741932547
2880,-34.050000000000004,254.5404266545081,0.5358604889409025,0.9068152245132927,0.957010252251125,0.7048177083333333,0.956462067060092
2881,-22.700000000000003,254.5404266545081,0.5451905330755298,0.9074207253495307,0.9571140684363972,0.7114583333333333,0.9627542918938408
2882,-11.350000000000001,254.5404266545081,0.5519797142101552,0.9077865119333862,0.9571765291451935,0.7165364583333333,0.9670160552558589
2883,0.0,254.5404266545081,0.5545877066866012,0.9079088587621537,0.9571973780383088,0.71796875,0.9693862508239662
2884,11.350000000000001,254.5404266545081,0.5530367257843471,0.9077865119333863,0.9571765291451935,0.7182942708333333,0.9663444343911085
2885,22.700000000000003,254.5404266545081,0.5433993085797371,0.9074207253495306,0.9571140684363972,0.7125651041666666,0.958071239589874
2886,34.050000000000004,254.5404266545081,0.5320900204671445,0.9068152245132927,0.957010252251125,0.7035807291666667,0.9514524414444583
2887,45.400000000000006,254.5404266545081,0.518770451525921,0.905976099968634,0.9568655026464795,0.6880859375,0.9503928890106095
2888,56.75000000000001,254.5404266545081,0.5082601775680774,0.9049116363599583,0.9566803998632646,0.6760416666666667,0.9492862372283876
2889,68.10000000000001,254.5404266545081,0.49789893862046614,0.9036320864498034,0.9564556722168756,0.6657552083333333,0.9461871276318071
2890,79.45000000000002,254.5404266545081,0.486155982690102,0.9021494019703963,0.9561921838132095,0.6539713541666666,0.9428111401276164
2891,90.80000000000001,254.5404266545081,0.47606382862842467,0.9004769347128074,0.955890920553323,0.6444661458333333,0.9388586856844212
2892,102.15,254.5404266545081,0.46123548073700327,0.8986291217289708,0.9555529749242383,0.6289713541666667,0.934345913240254
2893,113.50000000000001,254.5404266545081,0.4436138948548725,0.8966211680040455,0.9551795300774798,0.6088541666666667,0.9314025193914478
2894,124.85000000000002,254.5404266545081,0.4197032582984369,0.8944687386120963,0.954771843674436,0.5801432291666667,0.9282648977098168
2895,136.20000000000002,254.5404266545081,0.3937006907193433,0.892187670420735,0.954331231933475,0.5486328125,0.9238570074338331
2896,147.55,254.5404266545081,0.36791589346685,0.8897937111085275,0.9538590542537482,0.5173828125,0.919151192891644
2897,158.90000000000003,254.5404266545081,0.3428747717844896,0.887302290841887,0.9533566987210752,0.4837239583333333,0.9204505634919298
2898,170.25000000000003,254.5404266545081,0.32096371033177845,0.8847283296303767,0.9528255687281658,0.4546875,0.9202446730897915
2899,227.00000000000003,254.5404266545081,0.3190179246620841,0.8710901609606814,0.9497870826762791,0.46334635416666664,0.9045218063828541
2900,238.35000000000002,254.5404266545081,0.33017180662401585,0.8682903453142922,0.9491122828980086,0.48365885416666665,0.9009403129318676
2901,-175.925,264.3698149874615,0.311144468530202,0.8836970507576858,0.9516826042054466,0.44505208333333335,0.9131558254584241
2902,-164.57500000000002,264.3698149874615,0.3327347285217416,0.8861929847751614,0.9522135155035566,0.4729817708333333,0.9153833182060399
2903,-153.22500000000002,264.3698149874615,0.357773379049266,0.8886125191690266,0.9527167379853354,0.50546875,0.916899665939604
2904,-141.875,264.3698149874615,0.3816581062101797,0.8909420817667915,0.9531909467064831,0.5356770833333333,0.919528948408338
2905,-130.525,264.3698149874615,0.40525756528725426,0.8931676299752606,0.9536348294253811,0.5652994791666667,0.9219414498763431
2906,-119.17500000000003,264.3698149874615,0.4294073206722713,0.8952748127813231,0.954047098377067,0.5955078125,0.9241830611262104
2907,-107.82500000000002,264.3698149874615,0.44872548354837133,0.8972491628601874,0.9544265030348826,0.6169270833333333,0.9291578361765215
2908,-96.47500000000001,264.3698149874615,0.4628013169835256,0.8990763166206404,0.954771843674436,0.6313802083333333,0.9340279673903223
2909,-85.12500000000001,264.3698149874615,0.4722584025590073,0.900742258201272,0.9550819854945373,0.6401041666666667,0.9380567628161187
2910,-73.77500000000002,264.3698149874615,0.4840185872943678,0.9022335815214929,0.9553558729921166,0.6506510416666667,0.9437708715743695
2911,-62.42500000000001,264.3698149874615,0.49496343797852344,0.9035377626325587,0.9555925442368008,0.6597005208333333,0.950019492539644
2912,-51.075,264.3698149874615,0.504855085568078,0.9046434329809466,0.9557911446509171,0.6701822916666667,0.9519693229217112
2913,-39.72500000000001,264.3698149874615,0.5171768595196596,0.9055406429754442,0.955950939876834,0.683984375,0.9538211031189976
2914,-28.375000000000004,264.3698149874615,0.526537087436068,0.906221104615733,0.9560713273096294,0.6931640625,0.9570079225392519
2915,-17.025000000000002,264.3698149874615,0.5339758468687291,0.9066784020331414,0.9561518458922383,0.6981770833333333,0.9625183829506911
2916,-5.675000000000001,264.3698149874615,0.5369371576596291,0.9069081596911904,0.9561921838132095,0.7001302083333333,0.9645748862254211
2917,5.675000000000001,264.3698149874615,0.5379796101893807,0.9069081596911902,0.9561921838132095,0.7020182291666667,0.9638340055162357
2918,17.025000000000002,264.3698149874615,0.5331662339944278,0.9066784020331414,0.9561518458922383,0.6996744791666667,0.9589140262265956
2919,28.375000000000004,264.3698149874615,0.5236765771095544,0.906221104615733,0.9560713273096294,0.6923177083333333,0.9528171846643777
2920,39.72500000000001,264.3698149874615,0.5109669143714275,0.9055406429754442,0.955950939876834,0.6806640625,0.9471331251849054
2921,51.075,264.3698149874615,0.5016825686252838,0.9046434329809466,0.9557911446509171,0.6697916666666667,0.9468353098781719
2922,62.42500000000001,264.3698149874615,0.49411978447725446,0.9035377626325588,0.9555925442368008,0.6617838541666666,0.9452353831714774
2923,73.775,264.3698149874615,0.48379904044148214,0.9022335815214931,0.9553558729921166,0.6512369791666667,0.9425653228922634
2924,85.12500000000001,264.3698149874615,0.4740211560429987,0.9007422582012722,0.9550819854945373,0.6422526041666666,0.9385997810635861
2925,96.47500000000001,264.3698149874615,0.4638911212886195,0.8990763166206405,0.954771843674436,0.6318359375,0.9355141277744996
2926,107.825,264.3698149874615,0.4501125035988356,0.8972491628601874,0.9544265030348826,0.6182291666666667,0.9303633239707053
2927,119.17500000000001,264.3698149874615,0.43063528524309747,0.8952748127813231,0.954047098377067,0.5956380208333333,0.9270688121800108
2928,130.52500000000003,264.3698149874615,0.4058195718381068,0.8931676299752606,0.9536348294253811,0.5662760416666667,0.9219985774900079
2929,141.87500000000003,264.3698149874615,0.3811940091799775,0.8909420817667911,0.9531909467064831,0.5365234375,0.9173281384084543
2930,153.22500000000002,264.3698149874615,0.3561041054549881,0.8886125191690266,0.9527167379853354,0.5046875,0.9146513902425988
2931,164.57500000000005,264.3698149874615,0.33146542106820276,0.8861929847751614,0.9522135155035566,0.471875,0.9146947769911951
2932,175.92500000000004,264.3698149874615,0.310319090562525,0.8836970507576858,0.9516826042054466,0.44283854166666664,0.9157509541259982
2933,-170.25000000000003,274.1992033204149,0.3214745927030743,0.8851396555906815,0.951073550929406,0.4608072916666667,0.9101268621623665
2934,-158.90000000000003,274.1992033204149,0.34677254862222284,0.8874909051728396,0.9515774168472132,0.49375,0.9122587525236111
2935,-147.55,274.1992033204149,0.3703131835888304,0.8897588835305551,0.9520533607604734,0.5232421875,0.9158519866024197
2936,-136.20000000000002,274.1992033204149,0.3939148956490202,0.8919307790522419,0.9525001405287553,0.5528645833333333,0.9189532266625056
2937,-124.85000000000002,274.1992033204149,0.4172754583792991,0.8939934837602554,0.9529165349468282,0.5825520833333333,0.9208109277602218
2938,-113.50000000000001,274.1992033204149,0.43953336803011767,0.8959337556916628,0.953301355017869,0.6083333333333333,0.9255970389726523
2939,-102.15,274.1992033204149,0.4513522927410538,0.8977384052066844,0.9536534559539054,0.6196614583333333,0.9307394861077652
2940,-90.80000000000001,274.1992033204149,0.4604761914056058,0.8993945022419607,0.9539717497055586,0.6285807291666666,0.9340247626022186
2941,-79.45000000000002,274.1992033204149,0.4702548184625732,0.9008896000114432,0.9542552177750154,0.6368489583333333,0.9396211802090486
2942,-68.10000000000001,274.1992033204149,0.48019133996922947,0.9022119691572698,0.9545029240226784,0.6450520833333333,0.9452210818259986
2943,-56.75000000000001,274.1992033204149,0.4894528959467548,0.9033508349935678,0.9547140271422664,0.6527994791666667,0.9501812710918844
2944,-45.400000000000006,274.1992033204149,0.5003527227505341,0.9042966094073623,0.9548877924556025,0.6645833333333333,0.9522885447658889
2945,-34.050000000000004,274.1992033204149,0.5106174058126294,0.9050411083189296,0.9550236026697614,0.6750651041666667,0.9552273750260233
2946,-22.700000000000003,274.1992033204149,0.5158463158773327,0.9055777454744441,0.9551209672484068,0.6777994791666667,0.9601689977973105
2947,-11.350000000000001,274.1992033204149,0.5226516725989547,0.905901693822597,0.9551795300774798,0.68515625,0.9614094341382999
2948,0.0,274.1992033204149,0.5219970223277047,0.9060100068348587,0.9551990751523024,0.6837239583333333,0.9622976234114339
2949,11.350000000000001,274.1992033204149,0.5213722289688331,0.9059016938225969,0.9551795300774798,0.6852213541666666,0.9592506079910342
2950,22.700000000000003,274.1992033204149,0.5136247794150622,0.9055777454744443,0.9551209672484068,0.6796875,0.9535514704388773
2951,34.050000000000004,274.1992033204149,0.5050579112298025,0.9050411083189297,0.9550236026697614,0.6733723958333333,0.9474183560572421
2952,45.400000000000006,274.1992033204149,0.49503841897502876,0.9042966094073625,0.9548877924556025,0.6628255208333333,0.9450928433843541
2953,56.75000000000001,274.1992033204149,0.48599912831970504,0.9033508349935679,0.9547140271422664,0.6531901041666667,0.942979132513827
2954,68.10000000000001,274.1992033204149,0.47903785275450445,0.9022119691572699,0.9545029240226784,0.6453125,0.9424345726560522
2955,79.45000000000002,274.1992033204149,0.46994785186855986,0.9008896000114432,0.9542552177750154,0.6368489583333333,0.9387402944188589
2956,90.80000000000001,274.1992033204149,0.46208597019391096,0.8993945022419608,0.9539717497055586,0.629296875,0.9360909149800577
2957,102.15,274.1992033204149,0.4524611116121131,0.8977384052066844,0.9536534559539054,0.6210286458333333,0.9311581477620563
2958,113.50000000000001,274.1992033204149,0.4383869960247432,0.8959337556916628,0.953301355017869,0.6070963541666666,0.9253943058339898
2959,124.85000000000002,274.1992033204149,0.41759030810278536,0.8939934837602554,0.9529165349468282,0.5837239583333333,0.9198703946084634
2960,136.20000000000002,274.1992033204149,0.39464482264510065,0.891930779052242,0.9525001405287553,0.5557291666666667,0.9161271209854541
2961,147.55,274.1992033204149,0.36912535126175416,0.8897588835305549,0.9520533607604734,0.5235026041666667,0.9128995633950855
2962,158.90000000000003,274.1992033204149,0.34496796532110224,0.8874909051728395,0.9515774168472132,0.49296875,0.9096053073514148
2963,170.25000000000003,274.1992033204149,0.3202449200582432,0.8851396555906818,0.951073550929406,0.45904947916666666,0.9109850227924745
2964,-175.925,284.02859165336827,0.31201460350041754,0.8841383471906172,0.9499369619045835,0.45143229166666665,0.9035786150378778
2965,-164.57500000000002,284.02859165336827,0.3345863382520287,0.8864246886469783,0.9504412684275552,0.4810546875,0.9060105107596335
2966,-153.22500000000002,284.02859165336827,0.35807919215147893,0.8886337736019528,0.9509186787244045,0.5106119791666667,0.9099899740128194
2967,-141.875,284.02859165336827,0.3828819688635047,0.890753885631306,0.9513680155405736,0.5416666666666666,0.9143297978142865
2968,-130.525,284.02859165336827,0.4046624693847961,0.8927730257470784,0.9517881195666239,0.5698567708333333,0.9156598356301638
2969,-119.17500000000003,284.02859165336827,0.42530493240632267,0.894679050256928,0.9521778594280674,0.5936848958333333,0.9205461719711814
2970,-107.82500000000002,284.02859165336827,0.44166840953215275,0.8964598291508373,0.952536142332972,0.6095052083333333,0.9283056829411287
2971,-96.47500000000001,284.02859165336827,0.45051351829381414,0.8981034227756369,0.9528619252168441,0.6181640625,0.9317437529017517
2972,-85.12500000000001,284.02859165336827,0.4593500949570461,0.8995982733530463,0.9531542261841607,0.6255208333333333,0.9369542953518398
2973,-73.77500000000002,284.02859165336827,0.46914317839795294,0.900933406684583,0.9534121360089199,0.6323567708333333,0.9443863124902115
2974,-62.42500000000001,284.02859165336827,0.47587523190347475,0.9020986382600459,0.9536348294253811,0.6374348958333333,0.9485424330027622
2975,-51.075,284.02859165336827,0.4850553408614457,0.9030847770499352,0.9538215759176221,0.6469401041666667,0.9509984670069748
2976,-39.72500000000001,284.02859165336827,0.4938682972459492,0.9038838196215162,0.9539717497055586,0.65703125,0.9518641729622154
2977,-28.375000000000004,284.02859165336827,0.4997646427649477,0.9044891269671513,0.9540848386277432,0.6619140625,0.9550639627002506
2978,-17.025000000000002,284.02859165336827,0.506202663562198,0.9048955766408947,0.9541604516389414,0.6677734375,0.9579910775105528
2979,-5.675000000000001,284.02859165336827,0.5079511696475774,0.9050996834969011,0.9541983246735698,0.6697265625,0.9579918905441759
2980,5.675000000000001,284.02859165336827,0.5076009169802641,0.905099683496901,0.9541983246735698,0.6694010416666667,0.9579116399244387
2981,17.025000000000002,284.02859165336827,0.504209989580344,0.9048955766408947,0.9541604516389414,0.6680338541666667,0.9539494039600338
2982,28.375000000000004,284.02859165336827,0.49457151937778804,0.9044891269671512,0.9540848386277432,0.6603515625,0.9473824434482945
2983,39.72500000000001,284.02859165336827,0.48821350720397944,0.9038838196215162,0.9539717497055586,0.6554036458333333,0.9433704498571508
2984,51.075,284.02859165336827,0.48030313683496445,0.9030847770499352,0.9538215759176221,0.6458333333333334,0.9434138986833157
2985,62.42500000000001,284.02859165336827,0.4735072084023216,0.9020986382600457,0.9536348294253811,0.6391276041666667,0.9413650449381259
2986,73.775,284.02859165336827,0.4685854812871801,0.9009334066845831,0.9534121360089199,0.6347005208333333,0.9395377224729328
2987,85.12500000000001,284.02859165336827,0.45996499493935894,0.8995982733530463,0.9531542261841607,0.6264322916666667,0.9363391117741187
2988,96.47500000000001,284.02859165336827,0.45141338982781504,0.8981034227756369,0.9528619252168441,0.6190104166666667,0.9321438881187253
2989,107.825,284.02859165336827,0.4413047448007854,0.8964598291508374,0.952536142332972,0.6100911458333333,0.9268369464150636
2990,119.17500000000001,284.02859165336827,0.42589921629448774,0.894679050256928,0.9521778594280674,0.594140625,0.9213211727483787
2991,130.52500000000003,284.02859165336827,0.40630726194811556,0.8927730257470784,0.9517881195666239,0.5727213541666667,0.9149425219872357
2992,141.87500000000003,284.02859165336827,0.3835214718154617,0.8907538856313061,0.9513680155405736,0.5434895833333333,0.912902781469242
2993,153.22500000000002,284.02859165336827,0.3583568763243633,0.888633773601953,0.9509186787244045,0.5123697916666666,0.9080859771095594
2994,164.57500000000005,284.02859165336827,0.3335896556400614,0.8864246886469785,0.9504412684275552,0.4802734375,0.9054139807601412
2995,175.92500000000004,284.02859165336827,0.3115669010332324,0.8841383471906171,0.9499369619045835,0.45065104166666664,0.9046766623443946
2996,-170.25000000000003,293.85797998632165,0.3238509351384818,0.8854100456473721,0.9493084508806073,0.46920572916666664,0.9013047108912738
2997,-158.90000000000003,293.85797998632165,0.348094099435027,0.8875628035746603,0.9497870826762791,0.5004557291666667,0.9050144593456445
2998,-147.55,293.85797998632165,0.36995841555597164,0.88963298158865,0.9502386665919452,0.5278645833333333,0.9089647958222411
2999,-136.20000000000002,293.85797998632165,0.39313798051336324,0.8916095724769146,0.9506621009296994,0.5581380208333333,0.9107321071896257
3000,-124.85000000000002,293.85797998632165,0.4147485739778377,0.8934814187001564,0.9510563082827891,0.5839192708333333,0.9154091184820333
3001,-113.50000000000001,293.85797998632165,0.43111299832063715,0.8952373475727543,0.9514202450093019,0.5985026041666667,0.9254336501291182
3002,-102.15,293.85797998632165,0.44214125684389965,0.8968663224009563,0.9517529111691873,0.6080078125,0.932101332093572
3003,-90.80000000000001,293.85797998632165,0.4490257119940914,0.8983576069305119,0.9520533607604734,0.6134114583333333,0.936379778935528
3004,-79.45000000000002,293.85797998632165,0.45836616307524497,0.8997009394744281,0.9523207120589133,0.6205729166666667,0.942629715226651
3005,-68.10000000000001,293.85797998632165,0.46508774557338306,0.9008867121602316,0.9525541578382,0.6261067708333333,0.9462794325351689
3006,-56.75000000000001,293.85797998632165,0.4712640538562739,0.9019061499329433,0.952752975226979,0.6317057291666667,0.948637501874616
3007,-45.400000000000006,293.85797998632165,0.4800286700989051,0.9027514833562811,0.9529165349468282,0.6410807291666667,0.9506521161326272
3008,-34.050000000000004,293.85797998632165,0.48459457903609043,0.9034161089457717,0.953044309673793,0.6448567708333334,0.9529910046544846
3009,-22.700000000000003,293.85797998632165,0.490038371747585,0.903894730803195,0.9531358812765025,0.6489583333333333,0.9564419147713129
3010,-11.350000000000001,293.85797998632165,0.49310165329269634,0.9041834777371971,0.9531909467064831,0.6527994791666667,0.956124751165023
3011,0.0,293.85797998632165,0.49345772983803704,0.9042799908525444,0.9532093223512861,0.6522135416666667,0.9575794183753549
3012,11.350000000000001,293.85797998632165,0.4909812966723235,0.9041834777371971,0.9531909467064831,0.6512369791666667,0.954480265085962
3013,22.700000000000003,293.85797998632165,0.4856133237368805,0.903894730803195,0.9531358812765025,0.6485677083333333,0.9485368346793893
3014,34.050000000000004,293.85797998632165,0.4791813146328495,0.9034161089457716,0.953044309673793,0.6436197916666667,0.944168865970086
3015,45.400000000000006,293.85797998632165,0.4756055239666634,0.9027514833562812,0.9529165349468282,0.6402994791666666,0.9431909710810391
3016,56.75000000000001,293.85797998632165,0.46730839266901925,0.9019061499329432,0.952752975226979,0.630859375,0.9422208777197297
3017,68.10000000000001,293.85797998632165,0.46261773048380816,0.9008867121602316,0.9525541578382,0.6265625,0.9405810117149503
3018,79.45000000000002,293.85797998632165,0.4567212876642872,0.8997009394744281,0.9523207120589133,0.6220052083333333,0.9369348848607765
3019,90.80000000000001,293.85797998632165,0.4495656070221215,0.8983576069305118,0.9520533607604734,0.6164713541666667,0.932564069969736
3020,102.15,293.85797998632165,0.4410244199222347,0.8968663224009563,0.9517529111691873,0.6083333333333333,0.9292013763883934
3021,113.50000000000001,293.85797998632165,0.43082540801356267,0.8952373475727541,0.9514202450093019,0.5996744791666667,0.9231153833779268
3022,124.85000000000002,293.85797998632165,0.41650473489376794,0.8934814187001565,0.9510563082827891,0.5846354166666666,0.9182830222665643
3023,136.20000000000002,293.85797998632165,0.3953617487525622,0.8916095724769146,0.9506621009296994,0.5602213541666666,0.912527983157093
3024,147.55,293.85797998632165,0.37114875627876615,0.88963298158865,0.9502386665919452,0.5302734375,0.9078953508256833
3025,158.90000000000003,293.85797998632165,0.3467434905766755,0.8875628035746602,0.9497870826762791,0.5001953125,0.9025909399587092
3026,170.25000000000003,293.85797998632165,0.32233602854067556,0.8854100456473721,0.9493084508806073,0.4680989583333333,0.8998347765228759
3027,-164.57500000000002,303.687368319275,0.337546625349137,0.88654234826573,0.948658735128745,0.4889322916666667,0.9004932954161557
3028,-153.22500000000002,303.687368319275,0.3595118431702474,0.8885644064926245,0.9491122828980086,0.5185546875,0.9014457781391719
3029,-141.875,303.687368319275,0.3817253455587597,0.8904995319241622,0.9495387007724914,0.5470703125,0.9045800757718717
3030,-130.525,303.687368319275,0.40246023632039474,0.892337454155431,0.9499369619045835,0.5715494791666667,0.9101519735734621
3031,-119.17500000000003,303.687368319275,0.4213577348021637,0.8940678663563194,0.9503060690723312,0.5889322916666667,0.9216764230925523
3032,-107.82500000000002,303.687368319275,0.43390869318508124,0.8956805550103936,0.9506450635607122,0.5997395833333333,0.9297583689048069
3033,-96.47500000000001,303.687368319275,0.44054404379008666,0.8971655415348614,0.9509530343372122,0.602734375,0.9373363687803278
3034,-85.12500000000001,303.687368319275,0.4468287171267949,0.8985132329424758,0.9512291273599927,0.6068359375,0.9424134040731806
3035,-73.77500000000002,303.687368319275,0.4530003411583946,0.8997145779372586,0.9514725548332383,0.61171875,0.9457951130026776
3036,-62.42500000000001,303.687368319275,0.45871207629614136,0.9007612241524695,0.9516826042054466,0.6180338541666667,0.9462821889239996
3037,-51.075,303.687368319275,0.46425480816934567,0.901645671703928,0.9518586466939907,0.62421875,0.946748996146822
3038,-39.72500000000001,303.687368319275,0.46964232972231024,0.9023614179045852,0.9520001451152781,0.6302083333333334,0.9472845236148189
3039,-28.375000000000004,303.687368319275,0.47570084418943437,0.9029030879177127,0.952106660804986,0.6345052083333333,0.9519696356840687
3040,-17.025000000000002,303.687368319275,0.47917722322355333,0.9032665463501964,0.9521778594280674,0.6371744791666667,0.9541578963411258
3041,-5.675000000000001,303.687368319275,0.480344103640099,0.903448985315768,0.9522135155035566,0.6384114583333333,0.9542082412123877
3042,5.675000000000001,303.687368319275,0.4783786130724595,0.9034489853157678,0.9522135155035566,0.637109375,0.9524040056009598
3043,17.025000000000002,303.687368319275,0.4761260174096895,0.9032665463501964,0.9521778594280674,0.637890625,0.9473309908883517
3044,28.375000000000004,303.687368319275,0.4708836200729318,0.9029030879177127,0.952106660804986,0.6337239583333333,0.9435893244386645
3045,39.72500000000001,303.687368319275,0.46593776862541464,0.9023614179045852,0.9520001451152781,0.6294921875,0.9408380832209263
3046,51.075,303.687368319275,0.4630523535981076,0.901645671703928,0.9518586466939907,0.6257161458333333,0.9420079407542926
3047,62.42500000000001,303.687368319275,0.4555370922601331,0.9007612241524696,0.9516826042054466,0.6175130208333334,0.9406001416954008
3048,73.775,303.687368319275,0.4520929026081248,0.8997145779372586,0.9514725548332383,0.6145833333333334,0.9393295815523607
3049,85.12500000000001,303.687368319275,0.44628245358819885,0.8985132329424758,0.9512291273599927,0.6099609375,0.9361442085678202
3050,96.47500000000001,303.687368319275,0.44027120737180625,0.8971655415348614,0.9509530343372122,0.6057291666666667,0.9320043999881175
3051,107.825,303.687368319275,0.43003138571473654,0.8956805550103935,0.9506450635607122,0.59609375,0.9272144698284507
3052,119.17500000000001,303.687368319275,0.42145181935436005,0.8940678663563191,0.9503060690723312,0.5895182291666666,0.9213508446845763
3053,130.52500000000003,303.687368319275,0.4043451819934712,0.8923374541554312,0.9499369619045835,0.57109375,0.9152167041081205
3054,141.87500000000003,303.687368319275,0.3837588210108933,0.8904995319241622,0.9495387007724914,0.547265625,0.9092002246951286
3055,153.22500000000002,303.687368319275,0.35995030388127663,0.8885644064926246,0.9491122828980086,0.5188151041666667,0.902336940732963
3056,164.57500000000005,303.687368319275,0.33520553999373776,0.8865423482657301,0.948658735128745,0.4881510416666667,0.8962964756377595
3057,-147.55,313.51675665222837,0.36865884529863596,0.8894395700877952,0.9484181173742102,0.5333984375,0.8985525940252918
3058,-136.20000000000002,313.51675665222837,0.38848375055391976,0.8912439652885357,0.9488200530291951,0.5575520833333333,0.903205701791019
3059,-124.85000000000002,313.51675665222837,0.40993644854379746,0.892948446690579,0.9491938872916404,0.57734375,0.9172861619512311
3060,-113.50000000000001,313.51675665222837,0.42202382681832457,0.8945435514179713,0.9495387007724914,0.5862630208333334,0.9274199680096451
3061,-102.15,313.51675665222837,0.43079749036827414,0.8960199987671472,0.9498536163380412,0.5914713541666666,0.9363795232993013
3062,-90.80000000000001,313.51675665222837,0.43829432535649804,0.8973688208713931,0.9501378075014325,0.5969401041666667,0.9420043827224477
3063,-79.45000000000002,313.51675665222837,0.44381121878173374,0.8985814988469801,0.950390506810047,0.6001953125,0.946792029662699
3064,-68.10000000000001,313.51675665222837,0.4470690382391959,0.8996501009786083,0.9506110140572516,0.604296875,0.9457939023130191
3065,-56.75000000000001,313.51675665222837,0.4515703850226528,0.9005674190277464,0.9507987041348561,0.6095052083333333,0.9454631979810331
3066,-45.400000000000006,313.51675665222837,0.4560592341437742,0.901327098425408,0.9509530343372122,0.6145182291666667,0.9457744243138498
3067,-34.050000000000004,313.51675665222837,0.46253334183114814,0.9019237579827629,0.951073550929406,0.6189453125,0.9512341417021941
3068,-22.700000000000003,313.51675665222837,0.4654532913912278,0.9023530948498781,0.9511598948019612,0.6208984375,0.9532628402049128
3069,-11.350000000000001,313.51675665222837,0.46849227568661234,0.9026119707901892,0.9512118060524146,0.625390625,0.9519894278506378
3070,0.0,313.51675665222837,0.46734620566156576,0.9026984764126179,0.9512291273599927,0.6231770833333333,0.952873694472956
3071,11.350000000000001,313.51675665222837,0.4665474385640145,0.9026119707901893,0.9512118060524146,0.624609375,0.9494814858940612
3072,22.700000000000003,313.51675665222837,0.462574251976462,0.9023530948498781,0.9511598948019612,0.62265625,0.94470337340635
3073,34.050000000000004,313.51675665222837,0.45843633490605473,0.9019237579827629,0.951073550929406,0.6203125,0.9405789107571382
3074,45.400000000000006,313.51675665222837,0.4542098654531485,0.9013270984254079,0.9509530343372122,0.61640625,0.9388882302762205
3075,56.75000000000001,313.51675665222837,0.4503807318704584,0.9005674190277463,0.9507987041348561,0.6110677083333333,0.9404327155603255
3076,68.10000000000001,313.51675665222837,0.4450819331049799,0.8996501009786082,0.9506110140572516,0.605078125,0.9401136747075868
3077,79.45000000000002,313.51675665222837,0.44144349830908675,0.89858149884698,0.950390506810047,0.6030598958333333,0.9371480313575842
3078,90.80000000000001,313.51675665222837,0.4369462783971658,0.8973688208713931,0.9501378075014325,0.5999348958333334,0.934172773614517
3079,102.15,313.51675665222837,0.42839739593323917,0.8960199987671473,0.9498536163380412,0.5916666666666667,0.931155178725196
3080,113.50000000000001,313.51675665222837,0.4189883180537768,0.8945435514179712,0.9495387007724914,0.583203125,0.9259731539771674
3081,124.85000000000002,313.51675665222837,0.4095333673678646,0.8929484466905789,0.9491938872916404,0.5765625,0.9180655253261977
3082,136.20000000000002,313.51675665222837,0.39229887364012905,0.8912439652885354,0.9488200530291951,0.5582682291666666,0.9110382053574111
3083,147.55,313.51675665222837,0.37073704342725666,0.8894395700877953,0.9484181173742102,0.5334635416666667,0.9035153978907997
3084,-130.525,323.34614498518175,0.39560748844750904,0.8918763080793749,0.9480839441993413,0.5630859375,0.9103418630662864
3085,-119.17500000000003,323.34614498518175,0.4104634485368496,0.893452836263343,0.948434108289449,0.5747395833333333,0.9226232142127411
3086,-107.82500000000002,323.34614498518175,0.42058293115551365,0.8949189142005127,0.9487554381731722,0.5805338541666667,0.9338343700764352
3087,-96.47500000000001,323.34614498518175,0.4261601553697487,0.8962661567237463,0.9490471345608428,0.5838541666666667,0.9389523409163698
3088,-85.12500000000001,323.34614498518175,0.43342757137192706,0.8974865508442511,0.9493084508806073,0.58984375,0.9433443967221586
3089,-73.77500000000002,323.34614498518175,0.4366220715454439,0.8985725772904479,0.9495387007724914,0.5918619791666667,0.945646423264212
3090,-62.42500000000001,323.34614498518175,0.4390410440685938,0.8995173314525235,0.9497372653133381,0.59375,0.9461895576892743
3091,-51.075,323.34614498518175,0.442905026843531,0.900314640245805,0.9499035998104263,0.5981770833333333,0.945934085750866
3092,-39.72500000000001,323.34614498518175,0.4490740009490696,0.9009591712477242,0.9500372400010808,0.6044270833333333,0.9480580584803248
3093,-28.375000000000004,323.34614498518175,0.453761365181983,0.9014465304773355,0.9501378075014325,0.6076822916666667,0.9517928639252266
3094,-17.025000000000002,323.34614498518175,0.4549416819639293,0.9017733453897646,0.9502050143601097,0.6095703125,0.9505658994521301
3095,-5.675000000000001,323.34614498518175,0.4571104817458679,0.9019373300534986,0.9502386665919452,0.6124348958333333,0.9501659630016338
3096,5.675000000000001,323.34614498518175,0.45554280539421577,0.9019373300534986,0.9502386665919452,0.6116536458333334,0.9482290314436153
3097,17.025000000000002,323.34614498518175,0.4525581316675354,0.9017733453897647,0.9502050143601097,0.6104166666666667,0.9444292316503814
3098,28.375000000000004,323.34614498518175,0.4490779669430261,0.9014465304773355,0.9501378075014325,0.6076171875,0.9420527911845766
3099,39.72500000000001,323.34614498518175,0.44703459932031886,0.9009591712477242,0.9500372400010808,0.6072916666666667,0.9389257593276983
3100,51.075,323.34614498518175,0.44244731858720204,0.900314640245805,0.9499035998104263,0.60234375,0.9381567614171046
3101,62.42500000000001,323.34614498518175,0.4367259488451254,0.8995173314525235,0.9497372653133381,0.5959635416666667,0.9375133022998047
3102,73.775,323.34614498518175,0.4340209809548595,0.8985725772904479,0.9495387007724914,0.5928385416666667,0.9380675667732394
3103,85.12500000000001,323.34614498518175,0.4299545515264997,0.8974865508442512,0.9493084508806073,0.5897135416666667,0.9358696247596452
3104,96.47500000000001,323.34614498518175,0.42509479073963935,0.8962661567237462,0.9490471345608428,0.586328125,0.9326738306803073
3105,107.825,323.34614498518175,0.41708934137330095,0.8949189142005128,0.9487554381731722,0.5777994791666666,0.9306765934508741
3106,119.17500000000001,323.34614498518175,0.4084513069223571,0.893452836263343,0.948434108289449,0.571875,0.923047104950058
3107,130.52500000000003,323.34614498518175,0.39781287092076567,0.8918763080793749,0.9480839441993413,0.5640625,0.9139259690863052
3108,-102.15,333.17553331813514,0.41627306243369144,0.8952036525920685,0.9479574523495112,0.5735026041666667,0.9359043778189873
3109,-90.80000000000001,333.17553331813514,0.42068120398157277,0.8964286778709848,0.9482267807229836,0.5755208333333334,0.9407812892633112
3110,-79.45000000000002,333.17553331813514,0.4264799801959913,0.8975282177854232,0.9484661115636311,0.5799479166666667,0.9447977379667303
3111,-68.10000000000001,333.17553331813514,0.42929029380389566,0.8984956758135209,0.9486748340970677,0.5819661458333333,0.9461300456775866
3112,-56.75000000000001,333.17553331813514,0.43225985920470245,0.8993250829253154,0.9488524045117417,0.5858072916666667,0.9450244085419552
3113,-45.400000000000006,333.17553331813514,0.4349556059579998,0.9000111967140577,0.9489983517858822,0.5888020833333333,0.9446806211918971
3114,-34.050000000000004,333.17553331813514,0.43974780439200145,0.9005495918387958,0.9491122828980086,0.5934244791666666,0.9466753282657855
3115,-22.700000000000003,333.17553331813514,0.44288544322488227,0.900936738810621,0.9491938872916404,0.5959635416666667,0.9484592409927968
3116,-11.350000000000001,333.17553331813514,0.44643775667342844,0.9011700684203182,0.9492429404789751,0.6006510416666667,0.9480632663595537
3117,0.0,333.17553331813514,0.44588383801938974,0.9012480195202038,0.9492593066877164,0.5988932291666667,0.9494513229467741
3118,11.350000000000001,333.17553331813514,0.4447513534875899,0.9011700684203182,0.9492429404789751,0.5996744791666667,0.9460623245741501
3119,22.700000000000003,333.17553331813514,0.44021359335853805,0.900936738810621,0.9491938872916404,0.5975911458333333,0.9403115389639628
3120,34.050000000000004,333.17553331813514,0.43597665763012333,0.9005495918387958,0.9491122828980086,0.5923177083333333,0.9402633355117392
3121,45.400000000000006,333.17553331813514,0.4336974110520708,0.9000111967140577,0.9489983517858822,0.5919270833333333,0.9366804334221779
3122,56.75000000000001,333.17553331813514,0.43183349843072977,0.8993250829253157,0.9488524045117417,0.5895182291666666,0.9378310214256612
3123,68.10000000000001,333.17553331813514,0.42616981903684026,0.8984956758135206,0.9486748340970677,0.5837890625,0.9362256629370748
3124,79.45000000000002,333.17553331813514,0.4221550298549937,0.8975282177854232,0.9484661115636311,0.5791015625,0.9363838400387009
3125,90.80000000000001,333.17553331813514,0.41833209399783544,0.8964286778709848,0.9482267807229836,0.5764973958333334,0.9339266553683336
3126,102.15,333.17553331813514,0.4127049036775518,0.8952036525920685,0.9479574523495112,0.5725260416666667,0.9297534710986352
3127,-62.42500000000001,343.0049216510885,0.4211853751282674,0.8983591019548026,0.9477999584551978,0.5728515625,0.9436349787256251
3128,-51.075,343.0049216510885,0.4249310161146669,0.8990812409497654,0.9479574523495112,0.5766276041666667,0.9445137916755375
3129,-39.72500000000001,343.0049216510885,0.4300380172655129,0.8996644584577235,0.9480839441993413,0.5819661458333333,0.9461278251498834
3130,-28.375000000000004,343.0049216510885,0.43185165822837107,0.9001051300288031,0.9481791054859717,0.5836588541666666,0.9464569644661701
3131,-17.025000000000002,343.0049216510885,0.43426202593829105,0.900400479592212,0.9482426865359964,0.5854817708333333,0.9481551892471927
3132,-5.675000000000001,343.0049216510885,0.43524571789752925,0.9005486283476606,0.9482745193114165,0.5871744791666667,0.9471469957514785
3133,5.675000000000001,343.0049216510885,0.43322181416408445,0.9005486283476605,0.9482745193114165,0.5865885416666666,0.9437181094591696
3134,17.025000000000002,343.0049216510885,0.4295974389213971,0.900400479592212,0.9482426865359964,0.5854166666666667,0.9381711796092621
3135,28.375000000000004,343.0049216510885,0.42739518427323375,0.9001051300288031,0.9481791054859717,0.5825520833333333,0.9385641537762045
3136,39.72500000000001,343.0049216510885,0.42633758160416774,0.8996644584577235,0.9480839441993413,0.5822916666666667,0.9374586129762601
3137,51.075,343.0049216510885,0.4233488212558379,0.8990812409497654,0.9479574523495112,0.5791666666666667,0.9366839909820658
3138,62.42500000000001,343.0049216510885,0.4195686483283044,0.8983591019548025,0.9477999584551978,0.574609375,0.9371266135245885
