option_type,task_id,task_ids,task_count,price,expected_completions,expected_payout,single_probability,region,route_length_km,compactness,price_multiplier,bundle_probability,scheme,budget_relaxation
single,A0004,A0004,1,78.0,0.676720145411238,52.78417134207657,0.676720145411238,,,,,,joint-bundle-0pct-extra,0.0
single,A0006,A0006,1,78.5,0.6759421083100208,53.06145550233663,0.6759421083100208,,,,,,joint-bundle-0pct-extra,0.0
single,A0009,A0009,1,74.0,0.5923618757150785,43.83477880291581,0.5923618757150785,,,,,,joint-bundle-0pct-extra,0.0
single,A0014,A0014,1,74.0,0.45738531658153186,33.84651342703336,0.45738531658153186,,,,,,joint-bundle-0pct-extra,0.0
single,A0018,A0018,1,74.0,0.5365297956685856,39.70320487947534,0.5365297956685856,,,,,,joint-bundle-0pct-extra,0.0
single,A0021,A0021,1,74.0,0.5887576776284094,43.56806814450229,0.5887576776284094,,,,,,joint-bundle-0pct-extra,0.0
single,A0025,A0025,1,75.5,0.4164177945102531,31.439543485524112,0.4164177945102531,,,,,,joint-bundle-0pct-extra,0.0
single,A0028,A0028,1,74.5,0.39421300610988097,29.368868955186134,0.39421300610988097,,,,,,joint-bundle-0pct-extra,0.0
single,A0030,A0030,1,76.0,0.5727863167623747,43.531760073940475,0.5727863167623747,,,,,,joint-bundle-0pct-extra,0.0
single,A0033,A0033,1,73.5,0.3933545570748389,28.91155994500066,0.3933545570748389,,,,,,joint-bundle-0pct-extra,0.0
single,A0034,A0034,1,74.0,0.38142689386905976,28.225590146310424,0.38142689386905976,,,,,,joint-bundle-0pct-extra,0.0
single,A0037,A0037,1,78.0,0.4842993953128824,37.77535283440483,0.4842993953128824,,,,,,joint-bundle-0pct-extra,0.0
single,A0038,A0038,1,78.5,0.678668759543585,53.27549762417142,0.678668759543585,,,,,,joint-bundle-0pct-extra,0.0
single,A0039,A0039,1,74.5,0.41357321492618265,30.811204512000607,0.41357321492618265,,,,,,joint-bundle-0pct-extra,0.0
single,A0040,A0040,1,74.0,0.23138697088321858,17.122635845358175,0.23138697088321858,,,,,,joint-bundle-0pct-extra,0.0
single,A0043,A0043,1,75.0,0.45687716767167896,34.265787575375924,0.45687716767167896,,,,,,joint-bundle-0pct-extra,0.0
single,A0045,A0045,1,74.0,0.22944464947859392,16.97890406141595,0.22944464947859392,,,,,,joint-bundle-0pct-extra,0.0
single,A0047,A0047,1,75.0,0.3173568640890148,23.80176480667611,0.3173568640890148,,,,,,joint-bundle-0pct-extra,0.0
single,A0049,A0049,1,76.5,0.3557925469996345,27.21812984547204,0.3557925469996345,,,,,,joint-bundle-0pct-extra,0.0
single,A0050,A0050,1,78.0,0.45120190520512043,35.193748605999396,0.45120190520512043,,,,,,joint-bundle-0pct-extra,0.0
single,A0051,A0051,1,74.5,0.3783122852185615,28.18426524878283,0.3783122852185615,,,,,,joint-bundle-0pct-extra,0.0
single,A0053,A0053,1,78.0,0.49813497566211323,38.85452810164483,0.49813497566211323,,,,,,joint-bundle-0pct-extra,0.0
single,A0054,A0054,1,75.0,0.5363519971070972,40.22639978303229,0.5363519971070972,,,,,,joint-bundle-0pct-extra,0.0
single,A0056,A0056,1,81.0,0.6620628131972078,53.62708786897383,0.6620628131972078,,,,,,joint-bundle-0pct-extra,0.0
single,A0058,A0058,1,77.0,0.5740011325167572,44.19808720379031,0.5740011325167572,,,,,,joint-bundle-0pct-extra,0.0
single,A0059,A0059,1,74.0,0.25648747784152387,18.980073360272765,0.25648747784152387,,,,,,joint-bundle-0pct-extra,0.0
single,A0063,A0063,1,78.5,0.678668759543585,53.27549762417142,0.678668759543585,,,,,,joint-bundle-0pct-extra,0.0
single,A0064,A0064,1,78.5,0.6809969800659975,53.458262935180805,0.6809969800659975,,,,,,joint-bundle-0pct-extra,0.0
single,A0065,A0065,1,75.0,0.48981657028527986,36.73624277139599,0.48981657028527986,,,,,,joint-bundle-0pct-extra,0.0
single,A0066,A0066,1,75.0,0.4144978848207188,31.08734136155391,0.4144978848207188,,,,,,joint-bundle-0pct-extra,0.0
single,A0071,A0071,1,78.0,0.5790711704525835,45.167551295301514,0.5790711704525835,,,,,,joint-bundle-0pct-extra,0.0
single,A0072,A0072,1,74.5,0.3650077996914159,27.193081077010483,0.3650077996914159,,,,,,joint-bundle-0pct-extra,0.0
single,A0074,A0074,1,74.5,0.25659284149604267,19.116166691455177,0.25659284149604267,,,,,,joint-bundle-0pct-extra,0.0
single,A0075,A0075,1,74.5,0.24149870036137913,17.991653176922746,0.24149870036137913,,,,,,joint-bundle-0pct-extra,0.0
single,A0079,A0079,1,77.5,0.6821143957484924,52.86386567050816,0.6821143957484924,,,,,,joint-bundle-0pct-extra,0.0
single,A0081,A0081,1,78.0,0.40201481140103934,31.357155289281067,0.40201481140103934,,,,,,joint-bundle-0pct-extra,0.0
single,A0083,A0083,1,74.0,0.18954695391816448,14.026474589944172,0.18954695391816448,,,,,,joint-bundle-0pct-extra,0.0
single,A0085,A0085,1,74.0,0.29642675593829454,21.935579939433797,0.29642675593829454,,,,,,joint-bundle-0pct-extra,0.0
single,A0086,A0086,1,74.5,0.3740673444743194,27.868017163336795,0.3740673444743194,,,,,,joint-bundle-0pct-extra,0.0
single,A0088,A0088,1,78.0,0.37210008181726506,29.023806381746674,0.37210008181726506,,,,,,joint-bundle-0pct-extra,0.0
single,A0089,A0089,1,74.5,0.2611970673220209,19.45918151549056,0.2611970673220209,,,,,,joint-bundle-0pct-extra,0.0
single,A0090,A0090,1,78.0,0.5360103920153695,41.80881057719882,0.5360103920153695,,,,,,joint-bundle-0pct-extra,0.0
single,A0091,A0091,1,73.5,0.21951399438511585,16.134278587306014,0.21951399438511585,,,,,,joint-bundle-0pct-extra,0.0
single,A0092,A0092,1,75.0,0.5443911311175218,40.82933483381414,0.5443911311175218,,,,,,joint-bundle-0pct-extra,0.0
single,A0094,A0094,1,74.0,0.2824288557888601,20.899735328375648,0.2824288557888601,,,,,,joint-bundle-0pct-extra,0.0
single,A0096,A0096,1,75.0,0.5494720926925267,41.210406951939504,0.5494720926925267,,,,,,joint-bundle-0pct-extra,0.0
single,A0100,A0100,1,74.0,0.20875532188845086,15.447893819745364,0.20875532188845086,,,,,,joint-bundle-0pct-extra,0.0
single,A0101,A0101,1,74.5,0.5390419385936284,40.15862442522531,0.5390419385936284,,,,,,joint-bundle-0pct-extra,0.0
single,A0103,A0103,1,74.0,0.5264911500613463,38.96034510453963,0.5264911500613463,,,,,,joint-bundle-0pct-extra,0.0
single,A0104,A0104,1,78.0,0.5179778263570761,40.40227045585194,0.5179778263570761,,,,,,joint-bundle-0pct-extra,0.0
single,A0106,A0106,1,75.5,0.29683843276676214,22.41130167389054,0.29683843276676214,,,,,,joint-bundle-0pct-extra,0.0
single,A0107,A0107,1,78.0,0.34732550093839765,27.091389073195018,0.34732550093839765,,,,,,joint-bundle-0pct-extra,0.0
single,A0108,A0108,1,74.0,0.2968171249186847,21.96446724398267,0.2968171249186847,,,,,,joint-bundle-0pct-extra,0.0
single,A0109,A0109,1,73.5,0.367896125611438,27.040365232440692,0.367896125611438,,,,,,joint-bundle-0pct-extra,0.0
single,A0110,A0110,1,76.5,0.34381032872308315,26.30149014731586,0.34381032872308315,,,,,,joint-bundle-0pct-extra,0.0
single,A0111,A0111,1,78.5,0.5305371162977371,41.647163629372365,0.5305371162977371,,,,,,joint-bundle-0pct-extra,0.0
single,A0113,A0113,1,74.5,0.2731985385395398,20.353291121195713,0.2731985385395398,,,,,,joint-bundle-0pct-extra,0.0
single,A0114,A0114,1,74.5,0.4430261198054987,33.005445925509655,0.4430261198054987,,,,,,joint-bundle-0pct-extra,0.0
single,A0115,A0115,1,75.0,0.32504735993262357,24.37855199494677,0.32504735993262357,,,,,,joint-bundle-0pct-extra,0.0
single,A0116,A0116,1,74.0,0.33108428229285064,24.500236889670948,0.33108428229285064,,,,,,joint-bundle-0pct-extra,0.0
single,A0117,A0117,1,75.0,0.5473244947235136,41.04933710426352,0.5473244947235136,,,,,,joint-bundle-0pct-extra,0.0
single,A0126,A0126,1,67.0,0.9672450130769978,64.80541587615886,0.9672450130769978,,,,,,joint-bundle-0pct-extra,0.0
single,A0127,A0127,1,73.5,0.508584975896147,37.380995728366806,0.508584975896147,,,,,,joint-bundle-0pct-extra,0.0
single,A0128,A0128,1,73.5,0.6115950413777212,44.95223554126251,0.6115950413777212,,,,,,joint-bundle-0pct-extra,0.0
single,A0129,A0129,1,65.0,0.740593599069542,48.13858393952023,0.740593599069542,,,,,,joint-bundle-0pct-extra,0.0
single,A0130,A0130,1,73.0,0.6139698402124293,44.819798335507336,0.6139698402124293,,,,,,joint-bundle-0pct-extra,0.0
single,A0131,A0131,1,73.5,0.5113480638986766,37.58408269655273,0.5113480638986766,,,,,,joint-bundle-0pct-extra,0.0
single,A0133,A0133,1,67.0,0.7644167258118852,51.21592062939631,0.7644167258118852,,,,,,joint-bundle-0pct-extra,0.0
single,A0136,A0136,1,76.5,0.6535644768555402,49.99768247944883,0.6535644768555402,,,,,,joint-bundle-0pct-extra,0.0
single,A0137,A0137,1,73.5,0.5802373476738695,42.647445054029404,0.5802373476738695,,,,,,joint-bundle-0pct-extra,0.0
single,A0138,A0138,1,73.5,0.5537157156708481,40.698105101807336,0.5537157156708481,,,,,,joint-bundle-0pct-extra,0.0
single,A0139,A0139,1,76.0,0.5987053589305004,45.501607278718026,0.5987053589305004,,,,,,joint-bundle-0pct-extra,0.0
single,A0140,A0140,1,77.0,0.6515444974686883,50.168926305088995,0.6515444974686883,,,,,,joint-bundle-0pct-extra,0.0
single,A0141,A0141,1,74.0,0.6974159995558464,51.60878396713264,0.6974159995558464,,,,,,joint-bundle-0pct-extra,0.0
single,A0143,A0143,1,74.0,0.6801971514571017,50.33458920782552,0.6801971514571017,,,,,,joint-bundle-0pct-extra,0.0
single,A0145,A0145,1,73.0,0.6022446113257179,43.96385662677741,0.6022446113257179,,,,,,joint-bundle-0pct-extra,0.0
single,A0146,A0146,1,74.0,0.5487429222824846,40.606976248903855,0.5487429222824846,,,,,,joint-bundle-0pct-extra,0.0
single,A0147,A0147,1,74.0,0.6414885558061209,47.47015312965294,0.6414885558061209,,,,,,joint-bundle-0pct-extra,0.0
single,A0148,A0148,1,74.0,0.5694082112959464,42.136207635900035,0.5694082112959464,,,,,,joint-bundle-0pct-extra,0.0
single,A0149,A0149,1,74.0,0.5693582963672348,42.132513931175374,0.5693582963672348,,,,,,joint-bundle-0pct-extra,0.0
single,A0150,A0150,1,73.5,0.7064948025088639,51.92736798440149,0.7064948025088639,,,,,,joint-bundle-0pct-extra,0.0
single,A0151,A0151,1,74.0,0.6974159995558464,51.60878396713264,0.6974159995558464,,,,,,joint-bundle-0pct-extra,0.0
single,A0152,A0152,1,73.5,0.688095093382138,50.57498936358714,0.688095093382138,,,,,,joint-bundle-0pct-extra,0.0
single,A0153,A0153,1,65.0,0.7379189026843351,47.96472867448178,0.7379189026843351,,,,,,joint-bundle-0pct-extra,0.0
single,A0154,A0154,1,75.0,0.6494066551740966,48.70549913805724,0.6494066551740966,,,,,,joint-bundle-0pct-extra,0.0
single,A0155,A0155,1,74.0,0.6974159995558464,51.60878396713264,0.6974159995558464,,,,,,joint-bundle-0pct-extra,0.0
single,A0156,A0156,1,73.5,0.6872671773356213,50.514137534168164,0.6872671773356213,,,,,,joint-bundle-0pct-extra,0.0
single,A0157,A0157,1,75.5,0.696825471431893,52.61032309310792,0.696825471431893,,,,,,joint-bundle-0pct-extra,0.0
single,A0158,A0158,1,77.0,0.6655311307155957,51.24589706510086,0.6655311307155957,,,,,,joint-bundle-0pct-extra,0.0
single,A0159,A0159,1,74.0,0.4811752564859976,35.606968979963824,0.4811752564859976,,,,,,joint-bundle-0pct-extra,0.0
single,A0160,A0160,1,65.0,0.9452813251292579,61.44328613340176,0.9452813251292579,,,,,,joint-bundle-0pct-extra,0.0
single,A0161,A0161,1,71.0,0.7125794861087501,50.59314351372126,0.7125794861087501,,,,,,joint-bundle-0pct-extra,0.0
single,A0162,A0162,1,78.0,0.658814288923702,51.387514536048755,0.658814288923702,,,,,,joint-bundle-0pct-extra,0.0
single,A0163,A0163,1,74.0,0.6406076461920274,47.40496581821002,0.6406076461920274,,,,,,joint-bundle-0pct-extra,0.0
single,A0164,A0164,1,65.0,0.9648945590658814,62.71814633928229,0.9648945590658814,,,,,,joint-bundle-0pct-extra,0.0
single,A0165,A0165,1,73.5,0.7009779985497696,51.52188289340807,0.7009779985497696,,,,,,joint-bundle-0pct-extra,0.0
single,A0166,A0166,1,65.5,0.7382429486627946,48.35491313741305,0.7382429486627946,,,,,,joint-bundle-0pct-extra,0.0
single,A0167,A0167,1,70.5,0.7133108143271335,50.28841241006291,0.7133108143271335,,,,,,joint-bundle-0pct-extra,0.0
single,A0168,A0168,1,78.5,0.677163382032434,53.15732548954607,0.677163382032434,,,,,,joint-bundle-0pct-extra,0.0
single,A0169,A0169,1,72.0,0.7067664227940411,50.887182441170964,0.7067664227940411,,,,,,joint-bundle-0pct-extra,0.0
single,A0170,A0170,1,73.5,0.5939741122432076,43.65709724987576,0.5939741122432076,,,,,,joint-bundle-0pct-extra,0.0
single,A0171,A0171,1,75.5,0.4638834077481384,35.02319728498445,0.4638834077481384,,,,,,joint-bundle-0pct-extra,0.0
single,A0172,A0172,1,73.5,0.7009779985497696,51.52188289340807,0.7009779985497696,,,,,,joint-bundle-0pct-extra,0.0
single,A0173,A0173,1,74.5,0.6867085769271476,51.159788981072495,0.6867085769271476,,,,,,joint-bundle-0pct-extra,0.0
single,A0174,A0174,1,73.5,0.6670406663539887,49.02748897701817,0.6670406663539887,,,,,,joint-bundle-0pct-extra,0.0
single,A0175,A0175,1,73.0,0.6517017989152087,47.57423132081024,0.6517017989152087,,,,,,joint-bundle-0pct-extra,0.0
single,A0176,A0176,1,70.5,0.7185852915704669,50.66026305571792,0.7185852915704669,,,,,,joint-bundle-0pct-extra,0.0
single,A0177,A0177,1,74.0,0.4425505130178502,32.74873796332091,0.4425505130178502,,,,,,joint-bundle-0pct-extra,0.0
single,A0178,A0178,1,65.0,0.968160252237406,62.930416395431386,0.968160252237406,,,,,,joint-bundle-0pct-extra,0.0
single,A0179,A0179,1,75.0,0.6796599663678462,50.974497477588464,0.6796599663678462,,,,,,joint-bundle-0pct-extra,0.0
single,A0181,A0181,1,73.5,0.5414917638696318,39.79964464441794,0.5414917638696318,,,,,,joint-bundle-0pct-extra,0.0
single,A0182,A0182,1,73.5,0.528839615007663,38.86971170306323,0.528839615007663,,,,,,joint-bundle-0pct-extra,0.0
single,A0184,A0184,1,73.0,0.5464588711751724,39.89149759578759,0.5464588711751724,,,,,,joint-bundle-0pct-extra,0.0
single,A0185,A0185,1,73.5,0.5437829647623906,39.968047910035715,0.5437829647623906,,,,,,joint-bundle-0pct-extra,0.0
single,A0186,A0186,1,73.0,0.6007022057262733,43.85126101801795,0.6007022057262733,,,,,,joint-bundle-0pct-extra,0.0
single,A0187,A0187,1,73.5,0.6044631128030615,44.428038791025024,0.6044631128030615,,,,,,joint-bundle-0pct-extra,0.0
single,A0188,A0188,1,73.5,0.6085672469064487,44.72969264762398,0.6085672469064487,,,,,,joint-bundle-0pct-extra,0.0
single,A0189,A0189,1,65.0,0.974078216392834,63.31508406553421,0.974078216392834,,,,,,joint-bundle-0pct-extra,0.0
single,A0190,A0190,1,73.5,0.6330592105139387,46.52985197277449,0.6330592105139387,,,,,,joint-bundle-0pct-extra,0.0
single,A0192,A0192,1,73.0,0.6237666509112081,45.53496551651819,0.6237666509112081,,,,,,joint-bundle-0pct-extra,0.0
single,A0193,A0193,1,73.5,0.5309362605921594,39.023815153523714,0.5309362605921594,,,,,,joint-bundle-0pct-extra,0.0
single,A0194,A0194,1,65.0,0.7387729238820192,48.020240052331246,0.7387729238820192,,,,,,joint-bundle-0pct-extra,0.0
single,A0195,A0195,1,73.5,0.6611129237323168,48.591799894325284,0.6611129237323168,,,,,,joint-bundle-0pct-extra,0.0
single,A0196,A0196,1,74.5,0.6295939205393997,46.904747080185274,0.6295939205393997,,,,,,joint-bundle-0pct-extra,0.0
single,A0198,A0198,1,67.0,0.9747698204131585,65.30957796768162,0.9747698204131585,,,,,,joint-bundle-0pct-extra,0.0
single,A0199,A0199,1,66.5,0.9725212639207788,64.67266405073178,0.9725212639207788,,,,,,joint-bundle-0pct-extra,0.0
single,A0200,A0200,1,67.0,0.975204623524761,65.33870977615899,0.975204623524761,,,,,,joint-bundle-0pct-extra,0.0
single,A0201,A0201,1,74.5,0.6995183139944451,52.11411439258616,0.6995183139944451,,,,,,joint-bundle-0pct-extra,0.0
single,A0202,A0202,1,76.0,0.6902322306038066,52.4576495258893,0.6902322306038066,,,,,,joint-bundle-0pct-extra,0.0
single,A0203,A0203,1,74.5,0.699374072872438,52.10336842899663,0.699374072872438,,,,,,joint-bundle-0pct-extra,0.0
single,A0204,A0204,1,65.0,0.978703338742931,63.61571701829052,0.978703338742931,,,,,,joint-bundle-0pct-extra,0.0
single,A0205,A0205,1,65.0,0.9787957646661224,63.62172470329796,0.9787957646661224,,,,,,joint-bundle-0pct-extra,0.0
single,A0206,A0206,1,65.0,0.9786096680234402,63.60962842152361,0.9786096680234402,,,,,,joint-bundle-0pct-extra,0.0
single,A0207,A0207,1,65.0,0.9711448902254749,63.12441786465587,0.9711448902254749,,,,,,joint-bundle-0pct-extra,0.0
single,A0208,A0208,1,67.0,0.9729677177381081,65.18883708845324,0.9729677177381081,,,,,,joint-bundle-0pct-extra,0.0
single,A0209,A0209,1,65.0,0.971236302369696,63.130359654030244,0.971236302369696,,,,,,joint-bundle-0pct-extra,0.0
single,A0210,A0210,1,74.0,0.6974159995558464,51.60878396713264,0.6974159995558464,,,,,,joint-bundle-0pct-extra,0.0
single,A0211,A0211,1,71.0,0.7124089636382024,50.58103641831237,0.7124089636382024,,,,,,joint-bundle-0pct-extra,0.0
single,A0212,A0212,1,69.5,0.722325933872381,50.20165240413048,0.722325933872381,,,,,,joint-bundle-0pct-extra,0.0
single,A0213,A0213,1,76.0,0.5657905434057585,43.00008129883765,0.5657905434057585,,,,,,joint-bundle-0pct-extra,0.0
single,A0214,A0214,1,69.0,0.7211535903738687,49.759597735796945,0.7211535903738687,,,,,,joint-bundle-0pct-extra,0.0
single,A0215,A0215,1,71.0,0.7139915634420458,50.69340100438526,0.7139915634420458,,,,,,joint-bundle-0pct-extra,0.0
single,A0216,A0216,1,73.5,0.7010222436616657,51.525134909132426,0.7010222436616657,,,,,,joint-bundle-0pct-extra,0.0
single,A0217,A0217,1,69.5,0.7242521270026586,50.33552282668477,0.7242521270026586,,,,,,joint-bundle-0pct-extra,0.0
single,A0218,A0218,1,74.0,0.4681590136025107,34.64376700658579,0.4681590136025107,,,,,,joint-bundle-0pct-extra,0.0
single,A0219,A0219,1,76.0,0.6883045347661515,52.31114464222751,0.6883045347661515,,,,,,joint-bundle-0pct-extra,0.0
single,A0220,A0220,1,73.0,0.6579953412674284,48.033659912522275,0.6579953412674284,,,,,,joint-bundle-0pct-extra,0.0
single,A0221,A0221,1,70.5,0.7161998556745087,50.492089825052865,0.7161998556745087,,,,,,joint-bundle-0pct-extra,0.0
single,A0222,A0222,1,67.0,0.9689683551090051,64.92087979230334,0.9689683551090051,,,,,,joint-bundle-0pct-extra,0.0
single,A0223,A0223,1,69.0,0.7204209931523179,49.709048527509935,0.7204209931523179,,,,,,joint-bundle-0pct-extra,0.0
single,A0224,A0224,1,76.5,0.6851888694575351,52.41694851350144,0.6851888694575351,,,,,,joint-bundle-0pct-extra,0.0
single,A0225,A0225,1,71.0,0.7143933241388553,50.72192601385872,0.7143933241388553,,,,,,joint-bundle-0pct-extra,0.0
single,A0226,A0226,1,76.5,0.6844972505259344,52.364039665233975,0.6844972505259344,,,,,,joint-bundle-0pct-extra,0.0
single,A0227,A0227,1,69.0,0.7250107031268271,50.02573851575107,0.7250107031268271,,,,,,joint-bundle-0pct-extra,0.0
single,A0228,A0228,1,73.5,0.6697772512610329,49.228627967685924,0.6697772512610329,,,,,,joint-bundle-0pct-extra,0.0
single,A0229,A0229,1,75.5,0.6930597709721906,52.32601270840039,0.6930597709721906,,,,,,joint-bundle-0pct-extra,0.0
single,A0230,A0230,1,74.0,0.5557113212205901,41.122637770323664,0.5557113212205901,,,,,,joint-bundle-0pct-extra,0.0
single,A0231,A0231,1,76.0,0.6881166205899707,52.296863164837774,0.6881166205899707,,,,,,joint-bundle-0pct-extra,0.0
single,A0232,A0232,1,66.5,0.7303718588573643,48.56972861401473,0.7303718588573643,,,,,,joint-bundle-0pct-extra,0.0
single,A0233,A0233,1,72.5,0.7060032914185572,51.1852386278454,0.7060032914185572,,,,,,joint-bundle-0pct-extra,0.0
single,A0234,A0234,1,75.0,0.6947190182099606,52.10392636574705,0.6947190182099606,,,,,,joint-bundle-0pct-extra,0.0
single,A0235,A0235,1,73.0,0.7064649403277419,51.57194064392516,0.7064649403277419,,,,,,joint-bundle-0pct-extra,0.0
single,A0236,A0236,1,74.0,0.7013337247002743,51.8986956278203,0.7013337247002743,,,,,,joint-bundle-0pct-extra,0.0
single,A0237,A0237,1,74.0,0.5102210475309895,37.756357517293225,0.5102210475309895,,,,,,joint-bundle-0pct-extra,0.0
single,A0238,A0238,1,71.5,0.710359459538255,50.79070135698523,0.710359459538255,,,,,,joint-bundle-0pct-extra,0.0
single,A0239,A0239,1,73.0,0.6014027160325155,43.90239827037363,0.6014027160325155,,,,,,joint-bundle-0pct-extra,0.0
single,A0240,A0240,1,76.5,0.6851888694575351,52.41694851350144,0.6851888694575351,,,,,,joint-bundle-0pct-extra,0.0
single,A0241,A0241,1,73.5,0.6108856172575615,44.900092868430775,0.6108856172575615,,,,,,joint-bundle-0pct-extra,0.0
single,A0242,A0242,1,73.5,0.7004190919925869,51.48080326145514,0.7004190919925869,,,,,,joint-bundle-0pct-extra,0.0
single,A0243,A0243,1,73.5,0.5019485208310844,36.893216281084705,0.5019485208310844,,,,,,joint-bundle-0pct-extra,0.0
single,A0244,A0244,1,74.0,0.4682419118070177,34.64990147371931,0.4682419118070177,,,,,,joint-bundle-0pct-extra,0.0
single,A0245,A0245,1,69.0,0.7255646783435046,50.06396280570181,0.7255646783435046,,,,,,joint-bundle-0pct-extra,0.0
single,A0246,A0246,1,74.5,0.6586311369841713,49.068019705320765,0.6586311369841713,,,,,,joint-bundle-0pct-extra,0.0
single,A0247,A0247,1,74.0,0.7026458415549818,51.99579227506865,0.7026458415549818,,,,,,joint-bundle-0pct-extra,0.0
single,A0248,A0248,1,73.0,0.5225902176762146,38.149085890363665,0.5225902176762146,,,,,,joint-bundle-0pct-extra,0.0
single,A0249,A0249,1,74.5,0.6579760851316135,49.01921834230521,0.6579760851316135,,,,,,joint-bundle-0pct-extra,0.0
single,A0250,A0250,1,73.5,0.5756191788142826,42.30800964284977,0.5756191788142826,,,,,,joint-bundle-0pct-extra,0.0
single,A0251,A0251,1,72.0,0.7089786912344611,51.0464657688812,0.7089786912344611,,,,,,joint-bundle-0pct-extra,0.0
single,A0252,A0252,1,72.5,0.708495938122855,51.36595551390699,0.708495938122855,,,,,,joint-bundle-0pct-extra,0.0
single,A0253,A0253,1,73.0,0.6211263042199745,45.34222020805814,0.6211263042199745,,,,,,joint-bundle-0pct-extra,0.0
single,A0254,A0254,1,73.5,0.5271815121947182,38.747841146311785,0.5271815121947182,,,,,,joint-bundle-0pct-extra,0.0
single,A0255,A0255,1,73.0,0.6176414617347223,45.08782670663473,0.6176414617347223,,,,,,joint-bundle-0pct-extra,0.0
single,A0256,A0256,1,73.5,0.6461036928952163,47.4886214277984,0.6461036928952163,,,,,,joint-bundle-0pct-extra,0.0
single,A0257,A0257,1,73.0,0.6296220485258953,45.96240954239036,0.6296220485258953,,,,,,joint-bundle-0pct-extra,0.0
single,A0258,A0258,1,74.5,0.6875691965098463,51.22390513998355,0.6875691965098463,,,,,,joint-bundle-0pct-extra,0.0
single,A0259,A0259,1,68.0,0.7244770202941252,49.264437380000516,0.7244770202941252,,,,,,joint-bundle-0pct-extra,0.0
single,A0260,A0260,1,73.5,0.6482489933561765,47.64630101167897,0.6482489933561765,,,,,,joint-bundle-0pct-extra,0.0
single,A0261,A0261,1,77.0,0.6655311307155957,51.24589706510086,0.6655311307155957,,,,,,joint-bundle-0pct-extra,0.0
single,A0262,A0262,1,73.0,0.6010232145419814,43.87469466156464,0.6010232145419814,,,,,,joint-bundle-0pct-extra,0.0
single,A0263,A0263,1,73.0,0.5168569257792048,37.73055558188195,0.5168569257792048,,,,,,joint-bundle-0pct-extra,0.0
single,A0264,A0264,1,73.5,0.6026717641350527,44.29637466392638,0.6026717641350527,,,,,,joint-bundle-0pct-extra,0.0
single,A0265,A0265,1,73.5,0.592099730490423,43.51933019104609,0.592099730490423,,,,,,joint-bundle-0pct-extra,0.0
single,A0266,A0266,1,67.0,0.9746934937285527,65.30446407981303,0.9746934937285527,,,,,,joint-bundle-0pct-extra,0.0
single,A0267,A0267,1,65.0,0.9431437749349406,61.30434537077114,0.9431437749349406,,,,,,joint-bundle-0pct-extra,0.0
single,A0268,A0268,1,65.0,0.9452813251292579,61.44328613340176,0.9452813251292579,,,,,,joint-bundle-0pct-extra,0.0
single,A0269,A0269,1,65.0,0.7396220526906693,48.075433424893504,0.7396220526906693,,,,,,joint-bundle-0pct-extra,0.0
single,A0270,A0270,1,65.0,0.9550272943969522,62.07677413580189,0.9550272943969522,,,,,,joint-bundle-0pct-extra,0.0
single,A0271,A0271,1,65.0,0.9738467992878401,63.30004195370961,0.9738467992878401,,,,,,joint-bundle-0pct-extra,0.0
single,A0272,A0272,1,76.0,0.628373301903268,47.75637094464837,0.628373301903268,,,,,,joint-bundle-0pct-extra,0.0
single,A0273,A0273,1,67.0,0.9739143775781056,65.25226329773308,0.9739143775781056,,,,,,joint-bundle-0pct-extra,0.0
single,A0274,A0274,1,74.5,0.6983591380472278,52.027755784518476,0.6983591380472278,,,,,,joint-bundle-0pct-extra,0.0
single,A0275,A0275,1,73.5,0.4965519123359681,36.49656555669366,0.4965519123359681,,,,,,joint-bundle-0pct-extra,0.0
single,A0276,A0276,1,65.0,0.942036504942803,61.2323728212822,0.942036504942803,,,,,,joint-bundle-0pct-extra,0.0
single,A0277,A0277,1,74.5,0.502074608139269,37.404558306375534,0.502074608139269,,,,,,joint-bundle-0pct-extra,0.0
single,A0278,A0278,1,65.0,0.9452813251292579,61.44328613340176,0.9452813251292579,,,,,,joint-bundle-0pct-extra,0.0
single,A0279,A0279,1,74.0,0.5354008184867762,39.619660568021445,0.5354008184867762,,,,,,joint-bundle-0pct-extra,0.0
single,A0280,A0280,1,65.0,0.954575561554339,62.04741150103203,0.954575561554339,,,,,,joint-bundle-0pct-extra,0.0
single,A0281,A0281,1,65.0,0.9446106994836342,61.39969546643622,0.9446106994836342,,,,,,joint-bundle-0pct-extra,0.0
single,A0282,A0282,1,74.5,0.5347163512024795,39.83636816458473,0.5347163512024795,,,,,,joint-bundle-0pct-extra,0.0
single,A0283,A0283,1,65.0,0.9261885110419636,60.20225321772764,0.9261885110419636,,,,,,joint-bundle-0pct-extra,0.0
single,A0284,A0284,1,73.0,0.503758486041897,36.77436948105848,0.503758486041897,,,,,,joint-bundle-0pct-extra,0.0
single,A0287,A0287,1,65.0,0.9437272452276758,61.34227093979893,0.9437272452276758,,,,,,joint-bundle-0pct-extra,0.0
single,A0288,A0288,1,73.5,0.5802097274636089,42.64541496857525,0.5802097274636089,,,,,,joint-bundle-0pct-extra,0.0
single,A0289,A0289,1,73.0,0.502544116379754,36.685720495722045,0.502544116379754,,,,,,joint-bundle-0pct-extra,0.0
single,A0290,A0290,1,72.5,0.7078587411984512,51.31975873688771,0.7078587411984512,,,,,,joint-bundle-0pct-extra,0.0
single,A0291,A0291,1,73.0,0.5045379586365213,36.83127098046605,0.5045379586365213,,,,,,joint-bundle-0pct-extra,0.0
single,A0292,A0292,1,65.5,0.736114644778902,48.21550923301808,0.736114644778902,,,,,,joint-bundle-0pct-extra,0.0
single,A0293,A0293,1,65.0,0.9443466182955337,61.38253018920969,0.9443466182955337,,,,,,joint-bundle-0pct-extra,0.0
single,A0294,A0294,1,75.0,0.699979607548091,52.498470566106825,0.699979607548091,,,,,,joint-bundle-0pct-extra,0.0
single,A0295,A0295,1,65.0,0.753080123722179,48.950208041941636,0.753080123722179,,,,,,joint-bundle-0pct-extra,0.0
single,A0296,A0296,1,78.0,0.6481941031235023,50.559140043633185,0.6481941031235023,,,,,,joint-bundle-0pct-extra,0.0
single,A0297,A0297,1,67.5,0.7277503266812668,49.12314705098551,0.7277503266812668,,,,,,joint-bundle-0pct-extra,0.0
single,A0298,A0298,1,67.5,0.7277503266812668,49.12314705098551,0.7277503266812668,,,,,,joint-bundle-0pct-extra,0.0
single,A0299,A0299,1,66.5,0.7365116736304467,48.9780262964247,0.7365116736304467,,,,,,joint-bundle-0pct-extra,0.0
single,A0300,A0300,1,66.0,0.7363109275556264,48.59652121867134,0.7363109275556264,,,,,,joint-bundle-0pct-extra,0.0
single,A0301,A0301,1,65.5,0.7371224831828603,48.28152264847735,0.7371224831828603,,,,,,joint-bundle-0pct-extra,0.0
single,A0302,A0302,1,65.0,0.7443643189947852,48.383680734661034,0.7443643189947852,,,,,,joint-bundle-0pct-extra,0.0
single,A0303,A0303,1,67.5,0.7277503266812668,49.12314705098551,0.7277503266812668,,,,,,joint-bundle-0pct-extra,0.0
single,A0304,A0304,1,65.0,0.7499471659374594,48.746565785934855,0.7499471659374594,,,,,,joint-bundle-0pct-extra,0.0
single,A0305,A0305,1,71.5,0.7135246349137971,51.01701139633649,0.7135246349137971,,,,,,joint-bundle-0pct-extra,0.0
single,A0306,A0306,1,65.0,0.7687590632667508,49.9693391123388,0.7687590632667508,,,,,,joint-bundle-0pct-extra,0.0
single,A0307,A0307,1,66.5,0.7304782311735059,48.57680237303814,0.7304782311735059,,,,,,joint-bundle-0pct-extra,0.0
single,A0308,A0308,1,78.0,0.6602836343867177,51.50212348216398,0.6602836343867177,,,,,,joint-bundle-0pct-extra,0.0
single,A0309,A0309,1,73.5,0.6651113222277423,48.88568218373906,0.6651113222277423,,,,,,joint-bundle-0pct-extra,0.0
single,A0310,A0310,1,74.5,0.5634491839319878,41.9769642029331,0.5634491839319878,,,,,,joint-bundle-0pct-extra,0.0
single,A0311,A0311,1,65.0,0.7654033612077448,49.75121847850341,0.7654033612077448,,,,,,joint-bundle-0pct-extra,0.0
single,A0312,A0312,1,73.5,0.5557283467547166,40.84603348647167,0.5557283467547166,,,,,,joint-bundle-0pct-extra,0.0
single,A0313,A0313,1,75.5,0.6415434456039166,48.43653014309571,0.6415434456039166,,,,,,joint-bundle-0pct-extra,0.0
single,A0314,A0314,1,73.5,0.524268952886994,38.533768037194065,0.524268952886994,,,,,,joint-bundle-0pct-extra,0.0
single,A0315,A0315,1,71.5,0.7102639108114085,50.783869623015704,0.7102639108114085,,,,,,joint-bundle-0pct-extra,0.0
single,A0316,A0316,1,73.5,0.6174232373313925,45.38060794385735,0.6174232373313925,,,,,,joint-bundle-0pct-extra,0.0
single,A0317,A0317,1,73.5,0.6258906681212625,46.00296410691279,0.6258906681212625,,,,,,joint-bundle-0pct-extra,0.0
single,A0318,A0318,1,73.5,0.617950593452062,45.41936861872656,0.617950593452062,,,,,,joint-bundle-0pct-extra,0.0
single,A0319,A0319,1,68.5,0.7287092087751894,49.91658080110047,0.7287092087751894,,,,,,joint-bundle-0pct-extra,0.0
single,A0320,A0320,1,73.0,0.6433077489347511,46.96146567223683,0.6433077489347511,,,,,,joint-bundle-0pct-extra,0.0
single,A0321,A0321,1,65.5,0.7382429486627946,48.35491313741305,0.7382429486627946,,,,,,joint-bundle-0pct-extra,0.0
single,A0322,A0322,1,74.0,0.6869974945868146,50.83781459942428,0.6869974945868146,,,,,,joint-bundle-0pct-extra,0.0
single,A0323,A0323,1,73.5,0.5823619560532651,42.803603769914986,0.5823619560532651,,,,,,joint-bundle-0pct-extra,0.0
single,A0324,A0324,1,73.0,0.694368185714718,50.688877557174415,0.694368185714718,,,,,,joint-bundle-0pct-extra,0.0
single,A0325,A0325,1,73.5,0.6601384886996653,48.5201789194254,0.6601384886996653,,,,,,joint-bundle-0pct-extra,0.0
single,A0326,A0326,1,73.5,0.6639502731727767,48.800345078199086,0.6639502731727767,,,,,,joint-bundle-0pct-extra,0.0
single,A0327,A0327,1,74.0,0.5289504104661,39.1423303744914,0.5289504104661,,,,,,joint-bundle-0pct-extra,0.0
single,A0328,A0328,1,65.0,0.750142943209103,48.7592913085917,0.750142943209103,,,,,,joint-bundle-0pct-extra,0.0
single,A0329,A0329,1,72.5,0.7096384640518871,51.448788643761816,0.7096384640518871,,,,,,joint-bundle-0pct-extra,0.0
single,A0330,A0330,1,73.5,0.6958110160315715,51.1421096783205,0.6958110160315715,,,,,,joint-bundle-0pct-extra,0.0
single,A0331,A0331,1,73.5,0.6372026453425308,46.834394432676014,0.6372026453425308,,,,,,joint-bundle-0pct-extra,0.0
single,A0332,A0332,1,73.0,0.5733445522918256,41.85415231730327,0.5733445522918256,,,,,,joint-bundle-0pct-extra,0.0
single,A0333,A0333,1,73.5,0.6468307937259707,47.54206333885885,0.6468307937259707,,,,,,joint-bundle-0pct-extra,0.0
single,A0334,A0334,1,73.0,0.6806038614020878,49.68408188235241,0.6806038614020878,,,,,,joint-bundle-0pct-extra,0.0
single,A0335,A0335,1,65.5,0.7382429486627946,48.35491313741305,0.7382429486627946,,,,,,joint-bundle-0pct-extra,0.0
single,A0336,A0336,1,73.5,0.6768061021812715,49.74524851032345,0.6768061021812715,,,,,,joint-bundle-0pct-extra,0.0
single,A0337,A0337,1,73.5,0.6581842005127839,48.37653873768962,0.6581842005127839,,,,,,joint-bundle-0pct-extra,0.0
single,A0338,A0338,1,73.0,0.5735659709879191,41.87031588211809,0.5735659709879191,,,,,,joint-bundle-0pct-extra,0.0
single,A0339,A0339,1,72.5,0.7085918653832199,51.372910240283446,0.7085918653832199,,,,,,joint-bundle-0pct-extra,0.0
single,A0340,A0340,1,71.5,0.7118567895468199,50.89776045259762,0.7118567895468199,,,,,,joint-bundle-0pct-extra,0.0
single,A0341,A0341,1,65.5,0.7382429486627946,48.35491313741305,0.7382429486627946,,,,,,joint-bundle-0pct-extra,0.0
single,A0342,A0342,1,71.5,0.7135246349137971,51.01701139633649,0.7135246349137971,,,,,,joint-bundle-0pct-extra,0.0
single,A0343,A0343,1,73.5,0.6451355430732826,47.41746241588627,0.6451355430732826,,,,,,joint-bundle-0pct-extra,0.0
single,A0344,A0344,1,74.0,0.6892617758129383,51.00537141015744,0.6892617758129383,,,,,,joint-bundle-0pct-extra,0.0
single,A0345,A0345,1,73.5,0.6955786965805979,51.125034198673944,0.6955786965805979,,,,,,joint-bundle-0pct-extra,0.0
single,A0346,A0346,1,68.5,0.7222034525141505,49.47093649721931,0.7222034525141505,,,,,,joint-bundle-0pct-extra,0.0
single,A0347,A0347,1,74.0,0.6105247927346644,45.17883466236517,0.6105247927346644,,,,,,joint-bundle-0pct-extra,0.0
single,A0348,A0348,1,73.5,0.5292343659133035,38.89872589462781,0.5292343659133035,,,,,,joint-bundle-0pct-extra,0.0
single,A0349,A0349,1,73.5,0.703954518920929,51.74065714068828,0.703954518920929,,,,,,joint-bundle-0pct-extra,0.0
single,A0350,A0350,1,73.0,0.6140915855650512,44.82868574624874,0.6140915855650512,,,,,,joint-bundle-0pct-extra,0.0
single,A0351,A0351,1,73.5,0.6353264773885005,46.696496088054786,0.6353264773885005,,,,,,joint-bundle-0pct-extra,0.0
single,A0352,A0352,1,73.5,0.6609682519729964,48.58116652001523,0.6609682519729964,,,,,,joint-bundle-0pct-extra,0.0
single,A0353,A0353,1,73.5,0.5894709349123456,43.3261137160574,0.5894709349123456,,,,,,joint-bundle-0pct-extra,0.0
single,A0354,A0354,1,74.5,0.5933986049208086,44.208196066600244,0.5933986049208086,,,,,,joint-bundle-0pct-extra,0.0
single,A0357,A0357,1,80.5,0.544172629193834,43.80589665010364,0.544172629193834,,,,,,joint-bundle-0pct-extra,0.0
single,A0358,A0358,1,74.5,0.30744679960596183,22.904786570644156,0.30744679960596183,,,,,,joint-bundle-0pct-extra,0.0
single,A0359,A0359,1,74.0,0.24950418017080178,18.463309332639334,0.24950418017080178,,,,,,joint-bundle-0pct-extra,0.0
single,A0362,A0362,1,74.0,0.506930921832693,37.51288821561928,0.506930921832693,,,,,,joint-bundle-0pct-extra,0.0
single,A0363,A0363,1,68.5,0.7290681862263289,49.941170756503524,0.7290681862263289,,,,,,joint-bundle-0pct-extra,0.0
single,A0365,A0365,1,72.0,0.7076568497046564,50.951293178735256,0.7076568497046564,,,,,,joint-bundle-0pct-extra,0.0
single,A0366,A0366,1,74.0,0.6101810867361409,45.153400418474426,0.6101810867361409,,,,,,joint-bundle-0pct-extra,0.0
single,A0367,A0367,1,73.5,0.7026164939568305,51.64231230582704,0.7026164939568305,,,,,,joint-bundle-0pct-extra,0.0
single,A0368,A0368,1,73.5,0.6599343530902331,48.50517495213213,0.6599343530902331,,,,,,joint-bundle-0pct-extra,0.0
single,A0370,A0370,1,71.0,0.713265444310617,50.641846546053806,0.713265444310617,,,,,,joint-bundle-0pct-extra,0.0
single,A0371,A0371,1,73.5,0.702831801938168,51.65813744245535,0.702831801938168,,,,,,joint-bundle-0pct-extra,0.0
single,A0372,A0372,1,73.5,0.5260068353565811,38.66150239870871,0.5260068353565811,,,,,,joint-bundle-0pct-extra,0.0
single,A0373,A0373,1,65.0,0.9748755999293127,63.366913995405326,0.9748755999293127,,,,,,joint-bundle-0pct-extra,0.0
single,A0374,A0374,1,67.0,0.9549375639268296,63.98081678309758,0.9549375639268296,,,,,,joint-bundle-0pct-extra,0.0
single,A0376,A0376,1,73.0,0.5502417816446704,40.16765006006094,0.5502417816446704,,,,,,joint-bundle-0pct-extra,0.0
single,A0377,A0377,1,74.0,0.5346434146374598,39.563612683172025,0.5346434146374598,,,,,,joint-bundle-0pct-extra,0.0
single,A0380,A0380,1,65.0,0.9586738277839882,62.31379880595924,0.9586738277839882,,,,,,joint-bundle-0pct-extra,0.0
single,A0381,A0381,1,73.5,0.6020287699476996,44.24911459115592,0.6020287699476996,,,,,,joint-bundle-0pct-extra,0.0
single,A0382,A0382,1,73.0,0.5639415709882224,41.167734682140235,0.5639415709882224,,,,,,joint-bundle-0pct-extra,0.0
single,A0383,A0383,1,74.0,0.5799928099343452,42.91946793514155,0.5799928099343452,,,,,,joint-bundle-0pct-extra,0.0
single,A0384,A0384,1,67.0,0.9659600823945698,64.71932552043617,0.9659600823945698,,,,,,joint-bundle-0pct-extra,0.0
single,A0385,A0385,1,73.0,0.7056701462398575,51.513920675509596,0.7056701462398575,,,,,,joint-bundle-0pct-extra,0.0
single,A0386,A0386,1,73.0,0.6121040166379293,44.683593214568845,0.6121040166379293,,,,,,joint-bundle-0pct-extra,0.0
single,A0387,A0387,1,73.5,0.6444672944196489,47.36834613984419,0.6444672944196489,,,,,,joint-bundle-0pct-extra,0.0
single,A0388,A0388,1,65.0,0.9787978245324473,63.62185859460908,0.9787978245324473,,,,,,joint-bundle-0pct-extra,0.0
single,A0389,A0389,1,73.5,0.5437829647623906,39.968047910035715,0.5437829647623906,,,,,,joint-bundle-0pct-extra,0.0
single,A0390,A0390,1,66.0,0.9726049364321724,64.19192580452338,0.9726049364321724,,,,,,joint-bundle-0pct-extra,0.0
single,A0391,A0391,1,73.0,0.5411574885758051,39.50449666603377,0.5411574885758051,,,,,,joint-bundle-0pct-extra,0.0
single,A0392,A0392,1,73.0,0.5004855303188737,36.53544371327778,0.5004855303188737,,,,,,joint-bundle-0pct-extra,0.0
single,A0393,A0393,1,72.0,0.7080607921406055,50.98037703412359,0.7080607921406055,,,,,,joint-bundle-0pct-extra,0.0
single,A0394,A0394,1,74.0,0.5606565138817086,41.48858202724644,0.5606565138817086,,,,,,joint-bundle-0pct-extra,0.0
single,A0395,A0395,1,69.0,0.7203147807003019,49.70171986832083,0.7203147807003019,,,,,,joint-bundle-0pct-extra,0.0
single,A0396,A0396,1,73.5,0.49391434554358565,36.302704397453546,0.49391434554358565,,,,,,joint-bundle-0pct-extra,0.0
single,A0397,A0397,1,78.5,0.6803379106676561,53.40652598741101,0.6803379106676561,,,,,,joint-bundle-0pct-extra,0.0
single,A0398,A0398,1,75.5,0.6955104510747061,52.51103905614031,0.6955104510747061,,,,,,joint-bundle-0pct-extra,0.0
single,A0399,A0399,1,78.5,0.6814942869404821,53.49730152482785,0.6814942869404821,,,,,,joint-bundle-0pct-extra,0.0
single,A0400,A0400,1,80.0,0.6723741661062478,53.789933288499824,0.6723741661062478,,,,,,joint-bundle-0pct-extra,0.0
single,A0401,A0401,1,70.0,0.7225206398022038,50.57644478615427,0.7225206398022038,,,,,,joint-bundle-0pct-extra,0.0
single,A0402,A0402,1,73.0,0.5690711835868445,41.54219640183965,0.5690711835868445,,,,,,joint-bundle-0pct-extra,0.0
single,A0403,A0403,1,74.0,0.5367051244788293,39.71617921143337,0.5367051244788293,,,,,,joint-bundle-0pct-extra,0.0
single,A0404,A0404,1,68.5,0.7269469647001346,49.79586708195922,0.7269469647001346,,,,,,joint-bundle-0pct-extra,0.0
single,A0405,A0405,1,65.0,0.9738467992878401,63.30004195370961,0.9738467992878401,,,,,,joint-bundle-0pct-extra,0.0
single,A0406,A0406,1,69.0,0.7250655642959661,50.02952393642166,0.7250655642959661,,,,,,joint-bundle-0pct-extra,0.0
single,A0407,A0407,1,67.0,0.7449646581166812,49.91263209381764,0.7449646581166812,,,,,,joint-bundle-0pct-extra,0.0
single,A0408,A0408,1,73.0,0.5834518535151944,42.59198530660919,0.5834518535151944,,,,,,joint-bundle-0pct-extra,0.0
single,A0409,A0409,1,67.0,0.9508334900494465,63.70584383331292,0.9508334900494465,,,,,,joint-bundle-0pct-extra,0.0
single,A0410,A0410,1,65.5,0.9719517957843266,63.66284262387339,0.9719517957843266,,,,,,joint-bundle-0pct-extra,0.0
single,A0411,A0411,1,78.5,0.6753392472005028,53.01413090523947,0.6753392472005028,,,,,,joint-bundle-0pct-extra,0.0
single,A0412,A0412,1,73.0,0.5685736251637982,41.505874636957266,0.5685736251637982,,,,,,joint-bundle-0pct-extra,0.0
single,A0413,A0413,1,73.5,0.5109921337318655,37.55792182929211,0.5109921337318655,,,,,,joint-bundle-0pct-extra,0.0
single,A0414,A0414,1,73.5,0.5450774350821053,40.06319147853474,0.5450774350821053,,,,,,joint-bundle-0pct-extra,0.0
single,A0415,A0415,1,65.0,0.9648945590658814,62.71814633928229,0.9648945590658814,,,,,,joint-bundle-0pct-extra,0.0
single,A0416,A0416,1,65.0,0.9462260686927692,61.50469446502999,0.9462260686927692,,,,,,joint-bundle-0pct-extra,0.0
single,A0417,A0417,1,65.0,0.942056494430543,61.233672137985295,0.942056494430543,,,,,,joint-bundle-0pct-extra,0.0
single,A0418,A0418,1,67.0,0.7391523037097731,49.5232043485548,0.7391523037097731,,,,,,joint-bundle-0pct-extra,0.0
single,A0419,A0419,1,65.0,0.9426486622968929,61.27216304929804,0.9426486622968929,,,,,,joint-bundle-0pct-extra,0.0
single,A0420,A0420,1,65.0,0.931660174484708,60.55791134150601,0.931660174484708,,,,,,joint-bundle-0pct-extra,0.0
single,A0421,A0421,1,73.5,0.5867291857482086,43.124595152493335,0.5867291857482086,,,,,,joint-bundle-0pct-extra,0.0
single,A0422,A0422,1,74.5,0.6966593794090838,51.90112376597675,0.6966593794090838,,,,,,joint-bundle-0pct-extra,0.0
single,A0424,A0424,1,67.0,0.7677853329703636,51.44161730901436,0.7677853329703636,,,,,,joint-bundle-0pct-extra,0.0
single,A0425,A0425,1,72.5,0.7077704522068421,51.31335778499605,0.7077704522068421,,,,,,joint-bundle-0pct-extra,0.0
single,A0426,A0426,1,72.0,0.7704761066387305,55.47427967798859,0.7704761066387305,,,,,,joint-bundle-0pct-extra,0.0
single,A0427,A0427,1,74.0,0.6510743694978534,48.17950334284115,0.6510743694978534,,,,,,joint-bundle-0pct-extra,0.0
single,A0428,A0428,1,75.0,0.6952519054067563,52.143892905506725,0.6952519054067563,,,,,,joint-bundle-0pct-extra,0.0
single,A0429,A0429,1,67.0,0.7678422396201334,51.445430054548936,0.7678422396201334,,,,,,joint-bundle-0pct-extra,0.0
single,A0430,A0430,1,74.0,0.6217605822301591,46.01028308503177,0.6217605822301591,,,,,,joint-bundle-0pct-extra,0.0
single,A0431,A0431,1,67.0,0.7680040474593056,51.45627117977347,0.7680040474593056,,,,,,joint-bundle-0pct-extra,0.0
single,A0432,A0432,1,73.0,0.6779031533650958,49.48693019565199,0.6779031533650958,,,,,,joint-bundle-0pct-extra,0.0
single,A0433,A0433,1,73.5,0.6468307937259707,47.54206333885885,0.6468307937259707,,,,,,joint-bundle-0pct-extra,0.0
single,A0434,A0434,1,73.5,0.6674514823131329,49.05768395001527,0.6674514823131329,,,,,,joint-bundle-0pct-extra,0.0
single,A0435,A0435,1,70.5,0.7196277989379547,50.73375982512581,0.7196277989379547,,,,,,joint-bundle-0pct-extra,0.0
single,A0436,A0436,1,77.0,0.6871989552541506,52.9143195545696,0.6871989552541506,,,,,,joint-bundle-0pct-extra,0.0
single,A0437,A0437,1,73.0,0.7080935184916491,51.690826849890385,0.7080935184916491,,,,,,joint-bundle-0pct-extra,0.0
single,A0438,A0438,1,70.0,0.7183253709157854,50.28277596410498,0.7183253709157854,,,,,,joint-bundle-0pct-extra,0.0
single,A0439,A0439,1,69.5,0.7241187272581577,50.32625154444196,0.7241187272581577,,,,,,joint-bundle-0pct-extra,0.0
single,A0440,A0440,1,77.5,0.5732101251378353,44.42378469818224,0.5732101251378353,,,,,,joint-bundle-0pct-extra,0.0
single,A0441,A0441,1,75.0,0.2943003679357324,22.072527595179928,0.2943003679357324,,,,,,joint-bundle-0pct-extra,0.0
single,A0442,A0442,1,77.0,0.483880596489897,37.25880592972207,0.483880596489897,,,,,,joint-bundle-0pct-extra,0.0
single,A0443,A0443,1,81.0,0.48724627593240943,39.466948350525165,0.48724627593240943,,,,,,joint-bundle-0pct-extra,0.0
single,A0444,A0444,1,74.5,0.5139370466633456,38.28830997641925,0.5139370466633456,,,,,,joint-bundle-0pct-extra,0.0
single,A0448,A0448,1,75.0,0.26272154837201106,19.70411612790083,0.26272154837201106,,,,,,joint-bundle-0pct-extra,0.0
single,A0449,A0449,1,74.0,0.4857570134494384,35.94601899525844,0.4857570134494384,,,,,,joint-bundle-0pct-extra,0.0
single,A0450,A0450,1,85.0,0.5613407241048513,47.71396154891236,0.5613407241048513,,,,,,joint-bundle-0pct-extra,0.0
single,A0455,A0455,1,80.0,0.41478829579420184,33.183063663536146,0.41478829579420184,,,,,,joint-bundle-0pct-extra,0.0
single,A0457,A0457,1,69.0,0.7211535903738687,49.759597735796945,0.7211535903738687,,,,,,joint-bundle-0pct-extra,0.0
single,A0459,A0459,1,65.0,0.9776073172538357,63.544475621499316,0.9776073172538357,,,,,,joint-bundle-0pct-extra,0.0
single,A0460,A0460,1,81.5,0.6589879472313314,53.7075176993535,0.6589879472313314,,,,,,joint-bundle-0pct-extra,0.0
single,A0461,A0461,1,73.5,0.5395423759441177,39.65636463189265,0.5395423759441177,,,,,,joint-bundle-0pct-extra,0.0
single,A0463,A0463,1,73.0,0.5743642776978579,41.92859227194363,0.5743642776978579,,,,,,joint-bundle-0pct-extra,0.0
single,A0464,A0464,1,73.5,0.3085449466910899,22.67805358179511,0.3085449466910899,,,,,,joint-bundle-0pct-extra,0.0
single,A0466,A0466,1,75.0,0.3829354451369564,28.720158385271727,0.3829354451369564,,,,,,joint-bundle-0pct-extra,0.0
single,A0468,A0468,1,85.0,0.43186575962042323,36.70858956773598,0.43186575962042323,,,,,,joint-bundle-0pct-extra,0.0
single,A0469,A0469,1,73.0,0.6002816840706777,43.82056293715947,0.6002816840706777,,,,,,joint-bundle-0pct-extra,0.0
single,A0470,A0470,1,72.5,0.7084482925411907,51.36250120923633,0.7084482925411907,,,,,,joint-bundle-0pct-extra,0.0
single,A0471,A0471,1,84.5,0.6447509999497819,54.481459495756575,0.6447509999497819,,,,,,joint-bundle-0pct-extra,0.0
single,A0472,A0472,1,73.0,0.5463416319440384,39.8829391319148,0.5463416319440384,,,,,,joint-bundle-0pct-extra,0.0
single,A0473,A0473,1,74.0,0.6775718352161977,50.140315805998625,0.6775718352161977,,,,,,joint-bundle-0pct-extra,0.0
single,A0475,A0475,1,73.5,0.6778719690985379,49.82358972874253,0.6778719690985379,,,,,,joint-bundle-0pct-extra,0.0
single,A0476,A0476,1,73.0,0.6144443766174181,44.854439493071524,0.6144443766174181,,,,,,joint-bundle-0pct-extra,0.0
single,A0477,A0477,1,85.0,0.6413678142132211,54.51626420812379,0.6413678142132211,,,,,,joint-bundle-0pct-extra,0.0
single,A0478,A0478,1,84.5,0.6391552345208313,54.00861731701025,0.6391552345208313,,,,,,joint-bundle-0pct-extra,0.0
single,A0479,A0479,1,65.0,0.9068489904457392,58.945184378973046,0.9068489904457392,,,,,,joint-bundle-0pct-extra,0.0
single,A0480,A0480,1,74.5,0.5215177095184119,38.85306935912169,0.5215177095184119,,,,,,joint-bundle-0pct-extra,0.0
single,A0481,A0481,1,81.0,0.6645490596537349,53.82847383195253,0.6645490596537349,,,,,,joint-bundle-0pct-extra,0.0
single,A0482,A0482,1,73.5,0.6516228241380543,47.89427757414699,0.6516228241380543,,,,,,joint-bundle-0pct-extra,0.0
single,A0483,A0483,1,65.0,0.9080716795382953,59.02465916998919,0.9080716795382953,,,,,,joint-bundle-0pct-extra,0.0
single,A0484,A0484,1,73.5,0.5814725522164826,42.738232587911476,0.5814725522164826,,,,,,joint-bundle-0pct-extra,0.0
single,A0485,A0485,1,73.5,0.6443596758738527,47.36043617672817,0.6443596758738527,,,,,,joint-bundle-0pct-extra,0.0
single,A0486,A0486,1,65.0,0.8993153590855482,58.45549834056063,0.8993153590855482,,,,,,joint-bundle-0pct-extra,0.0
single,A0487,A0487,1,78.5,0.5618323545010749,44.10383982833438,0.5618323545010749,,,,,,joint-bundle-0pct-extra,0.0
single,A0488,A0488,1,80.0,0.6188782482909084,49.51025986327267,0.6188782482909084,,,,,,joint-bundle-0pct-extra,0.0
single,A0489,A0489,1,65.0,0.8804357475228536,57.22832358898548,0.8804357475228536,,,,,,joint-bundle-0pct-extra,0.0
single,A0490,A0490,1,73.5,0.5833328873716552,42.87496722181666,0.5833328873716552,,,,,,joint-bundle-0pct-extra,0.0
single,A0491,A0491,1,65.0,0.958010322406643,62.27067095643179,0.958010322406643,,,,,,joint-bundle-0pct-extra,0.0
single,A0492,A0492,1,65.0,0.943613084214507,61.33485047394295,0.943613084214507,,,,,,joint-bundle-0pct-extra,0.0
single,A0493,A0493,1,78.0,0.5290738694117259,41.267761814114614,0.5290738694117259,,,,,,joint-bundle-0pct-extra,0.0
single,A0494,A0494,1,65.0,0.9623273592853934,62.55127835355057,0.9623273592853934,,,,,,joint-bundle-0pct-extra,0.0
single,A0495,A0495,1,65.0,0.9694739571705461,63.01580721608549,0.9694739571705461,,,,,,joint-bundle-0pct-extra,0.0
single,A0496,A0496,1,65.0,0.9614780672711367,62.49607437262389,0.9614780672711367,,,,,,joint-bundle-0pct-extra,0.0
single,A0497,A0497,1,65.0,0.9376028791583548,60.944187145293064,0.9376028791583548,,,,,,joint-bundle-0pct-extra,0.0
single,A0498,A0498,1,65.0,0.948352163120182,61.64289060281183,0.948352163120182,,,,,,joint-bundle-0pct-extra,0.0
single,A0499,A0499,1,78.0,0.6638869557323045,51.78318254711975,0.6638869557323045,,,,,,joint-bundle-0pct-extra,0.0
single,A0500,A0500,1,65.0,0.8708208025078995,56.60335216301347,0.8708208025078995,,,,,,joint-bundle-0pct-extra,0.0
single,A0501,A0501,1,65.0,0.9151521567561284,59.484890189148345,0.9151521567561284,,,,,,joint-bundle-0pct-extra,0.0
single,A0502,A0502,1,78.0,0.6761922801039219,52.7429978481059,0.6761922801039219,,,,,,joint-bundle-0pct-extra,0.0
single,A0503,A0503,1,78.0,0.6742569401844039,52.5920413343835,0.6742569401844039,,,,,,joint-bundle-0pct-extra,0.0
single,A0504,A0504,1,65.0,0.9273225935035326,60.27596857772962,0.9273225935035326,,,,,,joint-bundle-0pct-extra,0.0
single,A0505,A0505,1,65.0,0.9737458162100782,63.29347805365508,0.9737458162100782,,,,,,joint-bundle-0pct-extra,0.0
single,A0506,A0506,1,65.0,0.9312652702702942,60.53224256756912,0.9312652702702942,,,,,,joint-bundle-0pct-extra,0.0
single,A0507,A0507,1,65.0,0.9303746312837929,60.47435103344654,0.9303746312837929,,,,,,joint-bundle-0pct-extra,0.0
single,A0508,A0508,1,65.0,0.9365207356132659,60.87384781486228,0.9365207356132659,,,,,,joint-bundle-0pct-extra,0.0
single,A0509,A0509,1,65.0,0.9047215048970952,58.80689781831119,0.9047215048970952,,,,,,joint-bundle-0pct-extra,0.0
single,A0510,A0510,1,78.0,0.6272313762994614,48.924047351357984,0.6272313762994614,,,,,,joint-bundle-0pct-extra,0.0
single,A0511,A0511,1,65.0,0.8438052928257407,54.847344033673146,0.8438052928257407,,,,,,joint-bundle-0pct-extra,0.0
single,A0512,A0512,1,65.0,0.971280978452884,63.133263599437456,0.971280978452884,,,,,,joint-bundle-0pct-extra,0.0
single,A0513,A0513,1,65.0,0.8862736094307019,57.60778461299562,0.8862736094307019,,,,,,joint-bundle-0pct-extra,0.0
single,A0514,A0514,1,80.5,0.566658740985132,45.616028649303125,0.566658740985132,,,,,,joint-bundle-0pct-extra,0.0
single,A0515,A0515,1,65.0,0.9694208689361441,63.01235648084937,0.9694208689361441,,,,,,joint-bundle-0pct-extra,0.0
single,A0516,A0516,1,65.0,0.8988838404153606,58.42744962699844,0.8988838404153606,,,,,,joint-bundle-0pct-extra,0.0
single,A0517,A0517,1,65.0,0.9671271537918592,62.863264996470846,0.9671271537918592,,,,,,joint-bundle-0pct-extra,0.0
single,A0518,A0518,1,65.0,0.9638854685775681,62.65255545754192,0.9638854685775681,,,,,,joint-bundle-0pct-extra,0.0
single,A0519,A0519,1,65.0,0.960501342017144,62.43258723111436,0.960501342017144,,,,,,joint-bundle-0pct-extra,0.0
single,A0520,A0520,1,65.0,0.9622923460761729,62.54900249495124,0.9622923460761729,,,,,,joint-bundle-0pct-extra,0.0
single,A0521,A0521,1,65.0,0.9220269742363201,59.9317533253608,0.9220269742363201,,,,,,joint-bundle-0pct-extra,0.0
single,A0522,A0522,1,78.0,0.6314752854520685,49.25507226526135,0.6314752854520685,,,,,,joint-bundle-0pct-extra,0.0
single,A0523,A0523,1,67.0,0.9270137048364,62.1099182240388,0.9270137048364,,,,,,joint-bundle-0pct-extra,0.0
single,A0524,A0524,1,65.0,0.9060995913574007,58.89647343823105,0.9060995913574007,,,,,,joint-bundle-0pct-extra,0.0
single,A0525,A0525,1,65.0,0.8521731432637731,55.39125431214526,0.8521731432637731,,,,,,joint-bundle-0pct-extra,0.0
single,A0526,A0526,1,65.0,0.9481770626195795,61.631509070272664,0.9481770626195795,,,,,,joint-bundle-0pct-extra,0.0
single,A0527,A0527,1,65.0,0.9451807677663809,61.43674990481476,0.9451807677663809,,,,,,joint-bundle-0pct-extra,0.0
single,A0528,A0528,1,65.0,0.976644110297801,63.48186716935706,0.976644110297801,,,,,,joint-bundle-0pct-extra,0.0
single,A0529,A0529,1,65.0,0.916851292463437,59.5953340101234,0.916851292463437,,,,,,joint-bundle-0pct-extra,0.0
single,A0530,A0530,1,65.0,0.9408958348261992,61.15822926370295,0.9408958348261992,,,,,,joint-bundle-0pct-extra,0.0
single,A0531,A0531,1,65.0,0.9564964721585246,62.1722706903041,0.9564964721585246,,,,,,joint-bundle-0pct-extra,0.0
single,A0532,A0532,1,65.0,0.9659590872612416,62.7873406719807,0.9659590872612416,,,,,,joint-bundle-0pct-extra,0.0
single,A0533,A0533,1,65.0,0.9443137035843635,61.38039073298363,0.9443137035843635,,,,,,joint-bundle-0pct-extra,0.0
single,A0534,A0534,1,65.0,0.9446172220337502,61.40011943219376,0.9446172220337502,,,,,,joint-bundle-0pct-extra,0.0
single,A0535,A0535,1,65.0,0.9502142975803041,61.76392934271976,0.9502142975803041,,,,,,joint-bundle-0pct-extra,0.0
single,A0536,A0536,1,65.0,0.9548631196932723,62.0661027800627,0.9548631196932723,,,,,,joint-bundle-0pct-extra,0.0
single,A0537,A0537,1,65.0,0.8947951442778199,58.1616843780583,0.8947951442778199,,,,,,joint-bundle-0pct-extra,0.0
single,A0538,A0538,1,68.5,0.7242532387365609,49.61134685345442,0.7242532387365609,,,,,,joint-bundle-0pct-extra,0.0
single,A0539,A0539,1,65.0,0.9642272506954446,62.6747712952039,0.9642272506954446,,,,,,joint-bundle-0pct-extra,0.0
single,A0540,A0540,1,76.0,0.6901775633553214,52.453494815004426,0.6901775633553214,,,,,,joint-bundle-0pct-extra,0.0
single,A0541,A0541,1,73.0,0.7052845413767446,51.485771520502354,0.7052845413767446,,,,,,joint-bundle-0pct-extra,0.0
single,A0542,A0542,1,78.0,0.5816457284356904,45.368366817983855,0.5816457284356904,,,,,,joint-bundle-0pct-extra,0.0
single,A0543,A0543,1,73.5,0.7034489403040679,51.70349711234899,0.7034489403040679,,,,,,joint-bundle-0pct-extra,0.0
single,A0544,A0544,1,67.0,0.7434313495593631,49.80990042047733,0.7434313495593631,,,,,,joint-bundle-0pct-extra,0.0
single,A0545,A0545,1,72.0,0.7110772742544458,51.1975637463201,0.7110772742544458,,,,,,joint-bundle-0pct-extra,0.0
single,A0546,A0546,1,71.5,0.7164939866576909,51.2293200460249,0.7164939866576909,,,,,,joint-bundle-0pct-extra,0.0
single,A0547,A0547,1,77.5,0.679033448980287,52.62509229597224,0.679033448980287,,,,,,joint-bundle-0pct-extra,0.0
single,A0548,A0548,1,68.0,0.7239101889425719,49.22589284809489,0.7239101889425719,,,,,,joint-bundle-0pct-extra,0.0
single,A0549,A0549,1,75.0,0.6923725693021964,51.927942697664726,0.6923725693021964,,,,,,joint-bundle-0pct-extra,0.0
single,A0550,A0550,1,68.0,0.7262147274587751,49.38260146719671,0.7262147274587751,,,,,,joint-bundle-0pct-extra,0.0
single,A0551,A0551,1,73.5,0.7021671731392298,51.60928722573339,0.7021671731392298,,,,,,joint-bundle-0pct-extra,0.0
single,A0552,A0552,1,66.5,0.7346167469720915,48.85201367364408,0.7346167469720915,,,,,,joint-bundle-0pct-extra,0.0
single,A0553,A0553,1,75.5,0.6930729491631912,52.327007661820936,0.6930729491631912,,,,,,joint-bundle-0pct-extra,0.0
single,A0554,A0554,1,71.5,0.7128289845795371,50.96727239743691,0.7128289845795371,,,,,,joint-bundle-0pct-extra,0.0
single,A0555,A0555,1,72.0,0.7091035630784599,51.055456541649114,0.7091035630784599,,,,,,joint-bundle-0pct-extra,0.0
single,A0556,A0556,1,74.0,0.7040436369747602,52.09922913613226,0.7040436369747602,,,,,,joint-bundle-0pct-extra,0.0
single,A0557,A0557,1,74.0,0.704934122864664,52.16512509198513,0.704934122864664,,,,,,joint-bundle-0pct-extra,0.0
single,A0558,A0558,1,71.5,0.7126321701831406,50.953200168094554,0.7126321701831406,,,,,,joint-bundle-0pct-extra,0.0
single,A0559,A0559,1,69.5,0.7180292811345256,49.90303503884953,0.7180292811345256,,,,,,joint-bundle-0pct-extra,0.0
single,A0560,A0560,1,71.5,0.7155862531297358,51.164417098776106,0.7155862531297358,,,,,,joint-bundle-0pct-extra,0.0
single,A0561,A0561,1,71.5,0.710260561376197,50.78363013839808,0.710260561376197,,,,,,joint-bundle-0pct-extra,0.0
single,A0562,A0562,1,81.0,0.66633107014386,53.97281668165265,0.66633107014386,,,,,,joint-bundle-0pct-extra,0.0
single,A0563,A0563,1,73.0,0.7067805695420043,51.59498157656631,0.7067805695420043,,,,,,joint-bundle-0pct-extra,0.0
single,A0564,A0564,1,73.5,0.7048749394912112,51.80830805260402,0.7048749394912112,,,,,,joint-bundle-0pct-extra,0.0
single,A0565,A0565,1,68.0,0.7257951507505152,49.35407025103503,0.7257951507505152,,,,,,joint-bundle-0pct-extra,0.0
single,A0566,A0566,1,67.5,0.7308906042763413,49.33511578865304,0.7308906042763413,,,,,,joint-bundle-0pct-extra,0.0
single,A0567,A0567,1,75.0,0.6923725693021964,51.927942697664726,0.6923725693021964,,,,,,joint-bundle-0pct-extra,0.0
single,A0568,A0568,1,74.0,0.6756967495271949,50.00155946501243,0.6756967495271949,,,,,,joint-bundle-0pct-extra,0.0
single,A0569,A0569,1,67.5,0.7289466525824096,49.20389904931265,0.7289466525824096,,,,,,joint-bundle-0pct-extra,0.0
single,A0570,A0570,1,73.0,0.7083907543909048,51.71252507053605,0.7083907543909048,,,,,,joint-bundle-0pct-extra,0.0
single,A0571,A0571,1,68.5,0.7287892065239673,49.92206064689176,0.7287892065239673,,,,,,joint-bundle-0pct-extra,0.0
single,A0572,A0572,1,74.5,0.5113898202709243,38.09854161018386,0.5113898202709243,,,,,,joint-bundle-0pct-extra,0.0
single,A0573,A0573,1,74.0,0.6985157440443501,51.69016505928191,0.6985157440443501,,,,,,joint-bundle-0pct-extra,0.0
single,A0574,A0574,1,74.5,0.6946744441569778,51.75324608969484,0.6946744441569778,,,,,,joint-bundle-0pct-extra,0.0
single,A0575,A0575,1,70.5,0.7205053975873733,50.795630529909815,0.7205053975873733,,,,,,joint-bundle-0pct-extra,0.0
single,A0576,A0576,1,73.0,0.7029282413357857,51.313761617512355,0.7029282413357857,,,,,,joint-bundle-0pct-extra,0.0
single,A0577,A0577,1,73.5,0.5305231042870954,38.99344816510151,0.5305231042870954,,,,,,joint-bundle-0pct-extra,0.0
single,A0578,A0578,1,68.0,0.7292001141903927,49.5856077649467,0.7292001141903927,,,,,,joint-bundle-0pct-extra,0.0
single,A0579,A0579,1,75.5,0.5581621273859081,42.14124061763606,0.5581621273859081,,,,,,joint-bundle-0pct-extra,0.0
single,A0580,A0580,1,73.0,0.7029282413357857,51.313761617512355,0.7029282413357857,,,,,,joint-bundle-0pct-extra,0.0
single,A0581,A0581,1,80.5,0.6369038020750483,51.27075606704138,0.6369038020750483,,,,,,joint-bundle-0pct-extra,0.0
single,A0582,A0582,1,74.0,0.48679664377174064,36.02295163910881,0.48679664377174064,,,,,,joint-bundle-0pct-extra,0.0
single,A0583,A0583,1,73.5,0.5309879336822408,39.0276131256447,0.5309879336822408,,,,,,joint-bundle-0pct-extra,0.0
single,A0584,A0584,1,70.5,0.7201157688172112,50.76816170161339,0.7201157688172112,,,,,,joint-bundle-0pct-extra,0.0
single,A0585,A0585,1,72.5,0.7072951913076352,51.27890136980355,0.7072951913076352,,,,,,joint-bundle-0pct-extra,0.0
single,A0586,A0586,1,76.0,0.6543001827393508,49.726813888190655,0.6543001827393508,,,,,,joint-bundle-0pct-extra,0.0
single,A0587,A0587,1,72.0,0.7138390813915891,51.396413860194414,0.7138390813915891,,,,,,joint-bundle-0pct-extra,0.0
single,A0588,A0588,1,73.5,0.5737787277016797,42.17273648607346,0.5737787277016797,,,,,,joint-bundle-0pct-extra,0.0
single,A0589,A0589,1,68.5,0.7272718836585266,49.81812403060907,0.7272718836585266,,,,,,joint-bundle-0pct-extra,0.0
single,A0590,A0590,1,67.5,0.7267559811319313,49.056028726405366,0.7267559811319313,,,,,,joint-bundle-0pct-extra,0.0
single,A0591,A0591,1,73.0,0.630503113944133,46.02672731792171,0.630503113944133,,,,,,joint-bundle-0pct-extra,0.0
single,A0592,A0592,1,74.0,0.6070451666985375,44.921342335691776,0.6070451666985375,,,,,,joint-bundle-0pct-extra,0.0
single,A0593,A0593,1,74.0,0.6190593958698001,45.81039529436521,0.6190593958698001,,,,,,joint-bundle-0pct-extra,0.0
single,A0594,A0594,1,72.0,0.7085448210529895,51.01522711581525,0.7085448210529895,,,,,,joint-bundle-0pct-extra,0.0
single,A0595,A0595,1,74.0,0.6390948705675754,47.29302042200058,0.6390948705675754,,,,,,joint-bundle-0pct-extra,0.0
single,A0596,A0596,1,73.5,0.7063139617336389,51.91407618742246,0.7063139617336389,,,,,,joint-bundle-0pct-extra,0.0
single,A0597,A0597,1,73.0,0.6284258797927154,45.87508922486822,0.6284258797927154,,,,,,joint-bundle-0pct-extra,0.0
single,A0598,A0598,1,73.5,0.6495489553566263,47.74184821871203,0.6495489553566263,,,,,,joint-bundle-0pct-extra,0.0
single,A0599,A0599,1,74.5,0.6826061180623355,50.854155795644,0.6826061180623355,,,,,,joint-bundle-0pct-extra,0.0
single,A0600,A0600,1,74.0,0.6449539392868466,47.72659150722665,0.6449539392868466,,,,,,joint-bundle-0pct-extra,0.0
single,A0601,A0601,1,74.0,0.6795356851769239,50.28564070309237,0.6795356851769239,,,,,,joint-bundle-0pct-extra,0.0
single,A0602,A0602,1,73.5,0.6011310186176194,44.18312986839503,0.6011310186176194,,,,,,joint-bundle-0pct-extra,0.0
single,A0603,A0603,1,74.0,0.5946530807792219,44.00432797766242,0.5946530807792219,,,,,,joint-bundle-0pct-extra,0.0
single,A0604,A0604,1,71.0,0.7143813223204778,50.72107388475392,0.7143813223204778,,,,,,joint-bundle-0pct-extra,0.0
single,A0605,A0605,1,74.0,0.5378248872749035,39.79904165834286,0.5378248872749035,,,,,,joint-bundle-0pct-extra,0.0
single,A0606,A0606,1,73.5,0.6162718036566084,45.29597756876072,0.6162718036566084,,,,,,joint-bundle-0pct-extra,0.0
single,A0607,A0607,1,74.0,0.673598047452961,49.84625551151912,0.673598047452961,,,,,,joint-bundle-0pct-extra,0.0
single,A0608,A0608,1,74.0,0.654945709587006,48.46598250943845,0.654945709587006,,,,,,joint-bundle-0pct-extra,0.0
single,A0609,A0609,1,73.5,0.5850390137801302,43.000367512839574,0.5850390137801302,,,,,,joint-bundle-0pct-extra,0.0
single,A0610,A0610,1,71.0,0.7111477596960216,50.491490938417535,0.7111477596960216,,,,,,joint-bundle-0pct-extra,0.0
single,A0611,A0611,1,73.5,0.5683744917195105,41.77552514138402,0.5683744917195105,,,,,,joint-bundle-0pct-extra,0.0
single,A0612,A0612,1,65.0,0.9413274710532504,61.18628561846128,0.9413274710532504,,,,,,joint-bundle-0pct-extra,0.0
single,A0613,A0613,1,78.0,0.6643736768609555,51.821146795154526,0.6643736768609555,,,,,,joint-bundle-0pct-extra,0.0
single,A0614,A0614,1,74.0,0.6116025585436035,45.258589332226656,0.6116025585436035,,,,,,joint-bundle-0pct-extra,0.0
single,A0615,A0615,1,65.0,0.8586581765309159,55.812781474509535,0.8586581765309159,,,,,,joint-bundle-0pct-extra,0.0
single,A0616,A0616,1,74.0,0.643387030840622,47.61064028220603,0.643387030840622,,,,,,joint-bundle-0pct-extra,0.0
single,A0617,A0617,1,73.5,0.6514571935317716,47.88210372458521,0.6514571935317716,,,,,,joint-bundle-0pct-extra,0.0
single,A0618,A0618,1,65.0,0.8795014731884457,57.167595757248975,0.8795014731884457,,,,,,joint-bundle-0pct-extra,0.0
single,A0619,A0619,1,65.0,0.9423577346062452,61.25325274940594,0.9423577346062452,,,,,,joint-bundle-0pct-extra,0.0
single,A0620,A0620,1,65.0,0.9392917838721077,61.053965951687,0.9392917838721077,,,,,,joint-bundle-0pct-extra,0.0
single,A0621,A0621,1,78.0,0.6694275517398656,52.215349035709515,0.6694275517398656,,,,,,joint-bundle-0pct-extra,0.0
single,A0622,A0622,1,65.0,0.848694134019116,55.16511871124254,0.848694134019116,,,,,,joint-bundle-0pct-extra,0.0
single,A0623,A0623,1,65.0,0.9088994175045609,59.078462137796464,0.9088994175045609,,,,,,joint-bundle-0pct-extra,0.0
single,A0624,A0624,1,65.0,0.9232006514037262,60.0080423412422,0.9232006514037262,,,,,,joint-bundle-0pct-extra,0.0
single,A0625,A0625,1,78.0,0.6796752130780627,53.01466662008889,0.6796752130780627,,,,,,joint-bundle-0pct-extra,0.0
single,A0626,A0626,1,78.0,0.6412299540994344,50.01593641975588,0.6412299540994344,,,,,,joint-bundle-0pct-extra,0.0
single,A0627,A0627,1,78.0,0.6619082598265785,51.62884426647312,0.6619082598265785,,,,,,joint-bundle-0pct-extra,0.0
single,A0628,A0628,1,65.0,0.9060995913574007,58.89647343823105,0.9060995913574007,,,,,,joint-bundle-0pct-extra,0.0
single,A0629,A0629,1,65.0,0.9725700500432399,63.217053252810594,0.9725700500432399,,,,,,joint-bundle-0pct-extra,0.0
single,A0630,A0630,1,65.0,0.9066611748679769,58.9329763664185,0.9066611748679769,,,,,,joint-bundle-0pct-extra,0.0
single,A0631,A0631,1,65.0,0.922928205914412,59.99033338443678,0.922928205914412,,,,,,joint-bundle-0pct-extra,0.0
single,A0632,A0632,1,65.0,0.8764848755731044,56.971516912251786,0.8764848755731044,,,,,,joint-bundle-0pct-extra,0.0
single,A0633,A0633,1,65.0,0.9562344649596757,62.15524022237892,0.9562344649596757,,,,,,joint-bundle-0pct-extra,0.0
single,A0634,A0634,1,65.0,0.9708013824030288,63.102089856196876,0.9708013824030288,,,,,,joint-bundle-0pct-extra,0.0
single,A0635,A0635,1,76.5,0.6850577019905567,52.40691420227759,0.6850577019905567,,,,,,joint-bundle-0pct-extra,0.0
single,A0636,A0636,1,65.0,0.9331503563494764,60.65477316271597,0.9331503563494764,,,,,,joint-bundle-0pct-extra,0.0
single,A0637,A0637,1,78.0,0.5777173695168054,45.061954822310824,0.5777173695168054,,,,,,joint-bundle-0pct-extra,0.0
single,A0638,A0638,1,65.0,0.9244669073850693,60.0903489800295,0.9244669073850693,,,,,,joint-bundle-0pct-extra,0.0
single,A0639,A0639,1,65.0,0.8980351463627912,58.372284513581434,0.8980351463627912,,,,,,joint-bundle-0pct-extra,0.0
single,A0640,A0640,1,82.0,0.6521785462136898,53.47864078952256,0.6521785462136898,,,,,,joint-bundle-0pct-extra,0.0
single,A0641,A0641,1,78.0,0.5522157928551744,43.07283184270361,0.5522157928551744,,,,,,joint-bundle-0pct-extra,0.0
single,A0642,A0642,1,81.0,0.6645986571970031,53.832491232957246,0.6645986571970031,,,,,,joint-bundle-0pct-extra,0.0
single,A0643,A0643,1,76.0,0.5626412289983854,42.76073340387729,0.5626412289983854,,,,,,joint-bundle-0pct-extra,0.0
single,A0644,A0644,1,82.5,0.6524879635317564,53.83025699136991,0.6524879635317564,,,,,,joint-bundle-0pct-extra,0.0
single,A0645,A0645,1,65.0,0.9784196301096912,63.59727595712993,0.9784196301096912,,,,,,joint-bundle-0pct-extra,0.0
single,A0646,A0646,1,65.0,0.9381459498511006,60.97948674032153,0.9381459498511006,,,,,,joint-bundle-0pct-extra,0.0
single,A0647,A0647,1,65.0,0.9447745560410692,61.410346142669496,0.9447745560410692,,,,,,joint-bundle-0pct-extra,0.0
single,A0648,A0648,1,65.0,0.9556828484021838,62.119385146141944,0.9556828484021838,,,,,,joint-bundle-0pct-extra,0.0
single,A0649,A0649,1,78.0,0.6511588511997906,50.790390393583664,0.6511588511997906,,,,,,joint-bundle-0pct-extra,0.0
single,A0650,A0650,1,65.0,0.9725223354233602,63.213951802518416,0.9725223354233602,,,,,,joint-bundle-0pct-extra,0.0
single,A0651,A0651,1,65.0,0.959339037099903,62.35703741149369,0.959339037099903,,,,,,joint-bundle-0pct-extra,0.0
single,A0652,A0652,1,78.0,0.6493840571596441,50.65195645845224,0.6493840571596441,,,,,,joint-bundle-0pct-extra,0.0
single,A0653,A0653,1,65.0,0.9538955809044536,62.00321275878948,0.9538955809044536,,,,,,joint-bundle-0pct-extra,0.0
single,A0654,A0654,1,70.0,0.7195107442800303,50.36575209960212,0.7195107442800303,,,,,,joint-bundle-0pct-extra,0.0
single,A0655,A0655,1,70.5,0.7201157688172112,50.76816170161339,0.7201157688172112,,,,,,joint-bundle-0pct-extra,0.0
single,A0656,A0656,1,71.0,0.7146342512195026,50.73903183658469,0.7146342512195026,,,,,,joint-bundle-0pct-extra,0.0
single,A0657,A0657,1,66.0,0.7319851629971347,48.31102075781089,0.7319851629971347,,,,,,joint-bundle-0pct-extra,0.0
single,A0658,A0658,1,82.0,0.6438997826298696,52.799782175649305,0.6438997826298696,,,,,,joint-bundle-0pct-extra,0.0
single,A0659,A0659,1,73.5,0.7065825280317426,51.93381581033308,0.7065825280317426,,,,,,joint-bundle-0pct-extra,0.0
single,A0660,A0660,1,72.5,0.7045338228011668,51.07870215308459,0.7045338228011668,,,,,,joint-bundle-0pct-extra,0.0
single,A0661,A0661,1,72.5,0.7045338228011668,51.07870215308459,0.7045338228011668,,,,,,joint-bundle-0pct-extra,0.0
single,A0662,A0662,1,67.0,0.7566637250153704,50.69646957602981,0.7566637250153704,,,,,,joint-bundle-0pct-extra,0.0
single,A0663,A0663,1,73.5,0.5832125579793609,42.866123011483026,0.5832125579793609,,,,,,joint-bundle-0pct-extra,0.0
single,A0664,A0664,1,73.5,0.703518749981928,51.70862812367171,0.703518749981928,,,,,,joint-bundle-0pct-extra,0.0
single,A0665,A0665,1,67.0,0.7550154813188977,50.58603724836615,0.7550154813188977,,,,,,joint-bundle-0pct-extra,0.0
single,A0666,A0666,1,65.0,0.7366284620038228,47.88085003024848,0.7366284620038228,,,,,,joint-bundle-0pct-extra,0.0
single,A0667,A0667,1,67.5,0.728794256968865,49.193612345398385,0.728794256968865,,,,,,joint-bundle-0pct-extra,0.0
single,A0668,A0668,1,69.5,0.7180271225485652,49.90288501712528,0.7180271225485652,,,,,,joint-bundle-0pct-extra,0.0
single,A0669,A0669,1,75.5,0.6929132366451294,52.31494936670727,0.6929132366451294,,,,,,joint-bundle-0pct-extra,0.0
single,A0670,A0670,1,80.5,0.5949425900717594,47.89287850077663,0.5949425900717594,,,,,,joint-bundle-0pct-extra,0.0
single,A0671,A0671,1,73.0,0.7081546030788254,51.69528602475425,0.7081546030788254,,,,,,joint-bundle-0pct-extra,0.0
single,A0672,A0672,1,70.0,0.7194065273709659,50.358456915967615,0.7194065273709659,,,,,,joint-bundle-0pct-extra,0.0
single,A0673,A0673,1,70.5,0.7175608896972601,50.588042723656834,0.7175608896972601,,,,,,joint-bundle-0pct-extra,0.0
single,A0674,A0674,1,66.0,0.7343805981608619,48.46911947861688,0.7343805981608619,,,,,,joint-bundle-0pct-extra,0.0
single,A0675,A0675,1,75.0,0.6923725693021964,51.927942697664726,0.6923725693021964,,,,,,joint-bundle-0pct-extra,0.0
single,A0676,A0676,1,67.5,0.7286553122415598,49.18423357630528,0.7286553122415598,,,,,,joint-bundle-0pct-extra,0.0
single,A0677,A0677,1,68.5,0.7280715160750894,49.872898851143624,0.7280715160750894,,,,,,joint-bundle-0pct-extra,0.0
single,A0678,A0678,1,68.5,0.7224038418754681,49.48466316846957,0.7224038418754681,,,,,,joint-bundle-0pct-extra,0.0
single,A0679,A0679,1,70.0,0.7183806346825248,50.286644427776736,0.7183806346825248,,,,,,joint-bundle-0pct-extra,0.0
single,A0680,A0680,1,73.5,0.7054485668244277,51.85046966159543,0.7054485668244277,,,,,,joint-bundle-0pct-extra,0.0
single,A0681,A0681,1,69.0,0.7224504665963546,49.84908219514847,0.7224504665963546,,,,,,joint-bundle-0pct-extra,0.0
single,A0682,A0682,1,70.0,0.7199866445949684,50.39906512164779,0.7199866445949684,,,,,,joint-bundle-0pct-extra,0.0
single,A0683,A0683,1,70.5,0.7175608896972601,50.588042723656834,0.7175608896972601,,,,,,joint-bundle-0pct-extra,0.0
single,A0684,A0684,1,69.5,0.723042100845407,50.251426008755786,0.723042100845407,,,,,,joint-bundle-0pct-extra,0.0
single,A0685,A0685,1,65.0,0.8907381782783536,57.89798158809298,0.8907381782783536,,,,,,joint-bundle-0pct-extra,0.0
single,A0686,A0686,1,67.0,0.949648314103687,63.62643704494703,0.949648314103687,,,,,,joint-bundle-0pct-extra,0.0
single,A0687,A0687,1,65.0,0.95199562195268,61.8797154269242,0.95199562195268,,,,,,joint-bundle-0pct-extra,0.0
single,A0688,A0688,1,69.5,0.7189844522183323,49.969419429174096,0.7189844522183323,,,,,,joint-bundle-0pct-extra,0.0
single,A0689,A0689,1,65.0,0.8941759051183233,58.12143383269102,0.8941759051183233,,,,,,joint-bundle-0pct-extra,0.0
single,A0690,A0690,1,67.0,0.771044932151942,51.66001045418012,0.771044932151942,,,,,,joint-bundle-0pct-extra,0.0
single,A0691,A0691,1,68.5,0.7280715160750894,49.872898851143624,0.7280715160750894,,,,,,joint-bundle-0pct-extra,0.0
single,A0692,A0692,1,65.0,0.7372068242385756,47.91844357550742,0.7372068242385756,,,,,,joint-bundle-0pct-extra,0.0
single,A0693,A0693,1,73.5,0.648142974975578,47.638508660704986,0.648142974975578,,,,,,joint-bundle-0pct-extra,0.0
single,A0694,A0694,1,76.0,0.676198180468764,51.391061715626066,0.676198180468764,,,,,,joint-bundle-0pct-extra,0.0
single,A0695,A0695,1,65.0,0.9534909723025088,61.97691319966307,0.9534909723025088,,,,,,joint-bundle-0pct-extra,0.0
single,A0696,A0696,1,65.0,0.887732952173419,57.702641891272236,0.887732952173419,,,,,,joint-bundle-0pct-extra,0.0
single,A0697,A0697,1,83.0,0.6189192299531961,51.37029608611528,0.6189192299531961,,,,,,joint-bundle-0pct-extra,0.0
single,A0698,A0698,1,65.0,0.950396385838846,61.77576507952499,0.950396385838846,,,,,,joint-bundle-0pct-extra,0.0
single,A0699,A0699,1,74.5,0.5676460470627164,42.28963050617237,0.5676460470627164,,,,,,joint-bundle-0pct-extra,0.0
single,A0700,A0700,1,65.0,0.9174737721452024,59.635795189438156,0.9174737721452024,,,,,,joint-bundle-0pct-extra,0.0
single,A0701,A0701,1,65.0,0.8787319063692483,57.117573914001134,0.8787319063692483,,,,,,joint-bundle-0pct-extra,0.0
single,A0702,A0702,1,79.5,0.6696224570335013,53.234985334163355,0.6696224570335013,,,,,,joint-bundle-0pct-extra,0.0
single,A0703,A0703,1,77.0,0.6287411840447116,48.413071171442795,0.6287411840447116,,,,,,joint-bundle-0pct-extra,0.0
single,A0704,A0704,1,67.0,0.8859159234091878,59.356366868415584,0.8859159234091878,,,,,,joint-bundle-0pct-extra,0.0
single,A0705,A0705,1,65.0,0.9723538099108159,63.20299764420303,0.9723538099108159,,,,,,joint-bundle-0pct-extra,0.0
single,A0706,A0706,1,80.5,0.6639356036547516,53.4468160942075,0.6639356036547516,,,,,,joint-bundle-0pct-extra,0.0
single,A0707,A0707,1,65.0,0.9347441093749403,60.75836710937112,0.9347441093749403,,,,,,joint-bundle-0pct-extra,0.0
single,A0708,A0708,1,67.0,0.9624430773274086,64.48368618093637,0.9624430773274086,,,,,,joint-bundle-0pct-extra,0.0
single,A0709,A0709,1,65.0,0.8914209240117458,57.94236006076348,0.8914209240117458,,,,,,joint-bundle-0pct-extra,0.0
single,A0710,A0710,1,65.0,0.9258356517322125,60.179317362593814,0.9258356517322125,,,,,,joint-bundle-0pct-extra,0.0
single,A0711,A0711,1,77.5,0.684601700794785,53.056631811595835,0.684601700794785,,,,,,joint-bundle-0pct-extra,0.0
single,A0712,A0712,1,65.0,0.879920038504016,57.19480250276104,0.879920038504016,,,,,,joint-bundle-0pct-extra,0.0
single,A0713,A0713,1,65.0,0.9745096674020131,63.343128381130846,0.9745096674020131,,,,,,joint-bundle-0pct-extra,0.0
single,A0714,A0714,1,65.0,0.8971305443137034,58.31348538039072,0.8971305443137034,,,,,,joint-bundle-0pct-extra,0.0
single,A0715,A0715,1,65.0,0.9241230420336388,60.06799773218653,0.9241230420336388,,,,,,joint-bundle-0pct-extra,0.0
single,A0716,A0716,1,83.0,0.5913911164495698,49.08546266531429,0.5913911164495698,,,,,,joint-bundle-0pct-extra,0.0
single,A0717,A0717,1,65.0,0.8764848755731044,56.971516912251786,0.8764848755731044,,,,,,joint-bundle-0pct-extra,0.0
single,A0718,A0718,1,83.0,0.6150336404683135,51.047792158870024,0.6150336404683135,,,,,,joint-bundle-0pct-extra,0.0
single,A0719,A0719,1,65.0,0.921516577831115,59.89857755902247,0.921516577831115,,,,,,joint-bundle-0pct-extra,0.0
single,A0720,A0720,1,67.0,0.9380489329800034,62.84927850966022,0.9380489329800034,,,,,,joint-bundle-0pct-extra,0.0
single,A0721,A0721,1,83.0,0.5772712105681319,47.91351047715495,0.5772712105681319,,,,,,joint-bundle-0pct-extra,0.0
single,A0722,A0722,1,67.0,0.9417069572104875,63.09436613310266,0.9417069572104875,,,,,,joint-bundle-0pct-extra,0.0
single,A0724,A0724,1,65.0,0.9723538099108159,63.20299764420303,0.9723538099108159,,,,,,joint-bundle-0pct-extra,0.0
single,A0725,A0725,1,81.0,0.6645986571970031,53.832491232957246,0.6645986571970031,,,,,,joint-bundle-0pct-extra,0.0
single,A0726,A0726,1,82.5,0.6512379971928192,53.72713476840758,0.6512379971928192,,,,,,joint-bundle-0pct-extra,0.0
single,A0727,A0727,1,65.0,0.9525046236454902,61.91280053695686,0.9525046236454902,,,,,,joint-bundle-0pct-extra,0.0
single,A0728,A0728,1,65.0,0.9314168051603736,60.542092335424286,0.9314168051603736,,,,,,joint-bundle-0pct-extra,0.0
single,A0729,A0729,1,66.5,0.7325847464972445,48.71688564206676,0.7325847464972445,,,,,,joint-bundle-0pct-extra,0.0
single,A0730,A0730,1,73.0,0.704501085651214,51.428579252538626,0.704501085651214,,,,,,joint-bundle-0pct-extra,0.0
single,A0731,A0731,1,72.5,0.7050978676227518,51.11959540264951,0.7050978676227518,,,,,,joint-bundle-0pct-extra,0.0
single,A0732,A0732,1,69.5,0.7194028430995347,49.99849759541766,0.7194028430995347,,,,,,joint-bundle-0pct-extra,0.0
single,A0733,A0733,1,83.0,0.5769457186002258,47.88649464381874,0.5769457186002258,,,,,,joint-bundle-0pct-extra,0.0
single,A0734,A0734,1,67.0,0.7509931978299915,50.31654425460943,0.7509931978299915,,,,,,joint-bundle-0pct-extra,0.0
single,A0735,A0735,1,67.0,0.7449983676655006,49.91489063358854,0.7449983676655006,,,,,,joint-bundle-0pct-extra,0.0
single,A0736,A0736,1,66.0,0.738427159521874,48.73619252844368,0.738427159521874,,,,,,joint-bundle-0pct-extra,0.0
single,A0737,A0737,1,67.0,0.7420619779717939,49.71815252411019,0.7420619779717939,,,,,,joint-bundle-0pct-extra,0.0
single,A0738,A0738,1,65.0,0.9562733400383248,62.15776710249111,0.9562733400383248,,,,,,joint-bundle-0pct-extra,0.0
single,A0739,A0739,1,77.0,0.7897704040349393,60.81232111069032,0.7897704040349393,,,,,,joint-bundle-0pct-extra,0.0
single,A0740,A0740,1,72.0,0.7411930543744701,53.36589991496185,0.7411930543744701,,,,,,joint-bundle-0pct-extra,0.0
single,A0741,A0741,1,65.0,0.8971305443137034,58.31348538039072,0.8971305443137034,,,,,,joint-bundle-0pct-extra,0.0
single,A0742,A0742,1,77.0,0.9758926765452952,75.14373609398773,0.9758926765452952,,,,,,joint-bundle-0pct-extra,0.0
single,A0743,A0743,1,65.0,0.8947951442778199,58.1616843780583,0.8947951442778199,,,,,,joint-bundle-0pct-extra,0.0
single,A0744,A0744,1,80.0,0.6013727180361579,48.109817442892634,0.6013727180361579,,,,,,joint-bundle-0pct-extra,0.0
single,A0745,A0745,1,72.5,0.7107152482195822,51.52685549591971,0.7107152482195822,,,,,,joint-bundle-0pct-extra,0.0
single,A0746,A0746,1,65.0,0.938809066457033,61.022589319707144,0.938809066457033,,,,,,joint-bundle-0pct-extra,0.0
single,A0747,A0747,1,65.0,0.8971305443137034,58.31348538039072,0.8971305443137034,,,,,,joint-bundle-0pct-extra,0.0
single,A0748,A0748,1,65.0,0.974984560763869,63.373996449651486,0.974984560763869,,,,,,joint-bundle-0pct-extra,0.0
single,A0749,A0749,1,77.0,0.9430572977372423,72.61541192576766,0.9430572977372423,,,,,,joint-bundle-0pct-extra,0.0
single,A0750,A0750,1,77.0,0.9541420050487696,73.46893438875526,0.9541420050487696,,,,,,joint-bundle-0pct-extra,0.0
single,A0751,A0751,1,77.0,0.974252853462211,75.01746971659026,0.974252853462211,,,,,,joint-bundle-0pct-extra,0.0
single,A0752,A0752,1,65.0,0.9006734219026119,58.54377242366977,0.9006734219026119,,,,,,joint-bundle-0pct-extra,0.0
single,A0753,A0753,1,65.0,0.8028311249046985,52.184023118805406,0.8028311249046985,,,,,,joint-bundle-0pct-extra,0.0
single,A0754,A0754,1,65.0,0.9257921016502305,60.176486607264984,0.9257921016502305,,,,,,joint-bundle-0pct-extra,0.0
single,A0755,A0755,1,65.0,0.8816116503893543,57.30475727530803,0.8816116503893543,,,,,,joint-bundle-0pct-extra,0.0
single,A0756,A0756,1,65.0,0.9634161950701089,62.62205267955708,0.9634161950701089,,,,,,joint-bundle-0pct-extra,0.0
single,A0757,A0757,1,67.0,0.9320173815489659,62.445164563780715,0.9320173815489659,,,,,,joint-bundle-0pct-extra,0.0
single,A0758,A0758,1,68.5,0.7280439541796538,49.87101086130629,0.7280439541796538,,,,,,joint-bundle-0pct-extra,0.0
single,A0759,A0759,1,65.0,0.9282505693822998,60.336287009849485,0.9282505693822998,,,,,,joint-bundle-0pct-extra,0.0
single,A0760,A0760,1,82.0,0.6531293783180879,53.55660902208321,0.6531293783180879,,,,,,joint-bundle-0pct-extra,0.0
single,A0761,A0761,1,65.0,0.9534177731900099,61.97215525735064,0.9534177731900099,,,,,,joint-bundle-0pct-extra,0.0
single,A0762,A0762,1,65.0,0.9494049209424195,61.711319861257266,0.9494049209424195,,,,,,joint-bundle-0pct-extra,0.0
single,A0763,A0763,1,65.0,0.9612483966253451,62.48114578064743,0.9612483966253451,,,,,,joint-bundle-0pct-extra,0.0
single,A0764,A0764,1,65.0,0.9544996378666372,62.04247646133142,0.9544996378666372,,,,,,joint-bundle-0pct-extra,0.0
single,A0765,A0765,1,77.0,0.9765011251520859,75.1905866367106,0.9765011251520859,,,,,,joint-bundle-0pct-extra,0.0
single,A0766,A0766,1,65.0,0.9369821419995059,60.903839229967886,0.9369821419995059,,,,,,joint-bundle-0pct-extra,0.0
single,A0767,A0767,1,65.0,0.9645960234105766,62.69874152168748,0.9645960234105766,,,,,,joint-bundle-0pct-extra,0.0
single,A0768,A0768,1,65.0,0.9503612534825486,61.77348147636566,0.9503612534825486,,,,,,joint-bundle-0pct-extra,0.0
single,A0769,A0769,1,65.0,0.9407459180224222,61.148484671457446,0.9407459180224222,,,,,,joint-bundle-0pct-extra,0.0
single,A0770,A0770,1,65.0,0.9379301888505649,60.96546227528672,0.9379301888505649,,,,,,joint-bundle-0pct-extra,0.0
single,A0771,A0771,1,65.0,0.8830985479315266,57.40140561554923,0.8830985479315266,,,,,,joint-bundle-0pct-extra,0.0
single,A0772,A0772,1,65.0,0.9150272744617304,59.47677284001247,0.9150272744617304,,,,,,joint-bundle-0pct-extra,0.0
single,A0773,A0773,1,77.0,0.9473643691062313,72.94705642117981,0.9473643691062313,,,,,,joint-bundle-0pct-extra,0.0
single,A0774,A0774,1,65.0,0.9642815168018533,62.67829859212046,0.9642815168018533,,,,,,joint-bundle-0pct-extra,0.0
single,A0775,A0775,1,77.0,0.7841685084311258,60.380975149196686,0.7841685084311258,,,,,,joint-bundle-0pct-extra,0.0
single,A0776,A0776,1,65.0,0.8831561154237854,57.40514750254605,0.8831561154237854,,,,,,joint-bundle-0pct-extra,0.0
single,A0777,A0777,1,77.0,0.7483276923944336,57.62123231437139,0.7483276923944336,,,,,,joint-bundle-0pct-extra,0.0
single,A0778,A0778,1,73.5,0.7059265207578008,51.88559927569836,0.7059265207578008,,,,,,joint-bundle-0pct-extra,0.0
single,A0779,A0779,1,65.0,0.9458927018984808,61.483025623401254,0.9458927018984808,,,,,,joint-bundle-0pct-extra,0.0
single,A0780,A0780,1,65.0,0.9631921012115137,62.607486578748386,0.9631921012115137,,,,,,joint-bundle-0pct-extra,0.0
single,A0781,A0781,1,65.0,0.9417224472016135,61.211959068104875,0.9417224472016135,,,,,,joint-bundle-0pct-extra,0.0
single,A0782,A0782,1,65.0,0.9506994013156963,61.79546108552026,0.9506994013156963,,,,,,joint-bundle-0pct-extra,0.0
single,A0783,A0783,1,69.0,0.7202293049725097,49.69582204310317,0.7202293049725097,,,,,,joint-bundle-0pct-extra,0.0
single,A0784,A0784,1,67.5,0.7314424336221274,49.372364269493595,0.7314424336221274,,,,,,joint-bundle-0pct-extra,0.0
single,A0785,A0785,1,65.0,0.9470689395784827,61.55948107260138,0.9470689395784827,,,,,,joint-bundle-0pct-extra,0.0
single,A0786,A0786,1,72.0,0.7464842680911773,53.746867302564766,0.7464842680911773,,,,,,joint-bundle-0pct-extra,0.0
single,A0787,A0787,1,65.0,0.960322563777754,62.42096664555401,0.960322563777754,,,,,,joint-bundle-0pct-extra,0.0
single,A0788,A0788,1,77.0,0.8234168302369699,63.40309592824668,0.8234168302369699,,,,,,joint-bundle-0pct-extra,0.0
single,A0789,A0789,1,79.5,0.6677295991232729,53.0845031303002,0.6677295991232729,,,,,,joint-bundle-0pct-extra,0.0
single,A0790,A0790,1,77.0,0.8520238885653643,65.60583941953305,0.8520238885653643,,,,,,joint-bundle-0pct-extra,0.0
single,A0791,A0791,1,77.0,0.7615806402982866,58.641709302968074,0.7615806402982866,,,,,,joint-bundle-0pct-extra,0.0
single,A0792,A0792,1,74.5,0.6322638383573943,47.103655957625875,0.6322638383573943,,,,,,joint-bundle-0pct-extra,0.0
single,A0793,A0793,1,77.0,0.7894961437083021,60.791203065539264,0.7894961437083021,,,,,,joint-bundle-0pct-extra,0.0
single,A0794,A0794,1,77.0,0.854091530774577,65.76504786964243,0.854091530774577,,,,,,joint-bundle-0pct-extra,0.0
single,A0795,A0795,1,69.0,0.7215343651651418,49.78587119639479,0.7215343651651418,,,,,,joint-bundle-0pct-extra,0.0
single,A0796,A0796,1,77.0,0.7286896696604896,56.109104563857706,0.7286896696604896,,,,,,joint-bundle-0pct-extra,0.0
single,A0797,A0797,1,77.0,0.7882140620545823,60.69248277820284,0.7882140620545823,,,,,,joint-bundle-0pct-extra,0.0
single,A0798,A0798,1,77.0,0.7628287237972716,58.737811732389915,0.7628287237972716,,,,,,joint-bundle-0pct-extra,0.0
single,A0799,A0799,1,65.0,0.735615378475342,47.81499960089723,0.735615378475342,,,,,,joint-bundle-0pct-extra,0.0
single,A0800,A0800,1,77.0,0.6934710284033203,53.39726918705566,0.6934710284033203,,,,,,joint-bundle-0pct-extra,0.0
single,A0801,A0801,1,71.5,0.7104098540710421,50.79430456607951,0.7104098540710421,,,,,,joint-bundle-0pct-extra,0.0
single,A0802,A0802,1,72.0,0.9790054248098815,70.48839058631147,0.9790054248098815,,,,,,joint-bundle-0pct-extra,0.0
single,A0803,A0803,1,65.0,0.9513753738833529,61.83939930241794,0.9513753738833529,,,,,,joint-bundle-0pct-extra,0.0
single,A0804,A0804,1,65.0,0.9345528365186558,60.74593437371263,0.9345528365186558,,,,,,joint-bundle-0pct-extra,0.0
single,A0805,A0805,1,85.0,0.6118347854860361,52.00595676631307,0.6118347854860361,,,,,,joint-bundle-0pct-extra,0.0
single,A0806,A0806,1,65.0,0.9274535590962433,60.28448134125581,0.9274535590962433,,,,,,joint-bundle-0pct-extra,0.0
single,A0807,A0807,1,65.0,0.9022326563580464,58.645122663273014,0.9022326563580464,,,,,,joint-bundle-0pct-extra,0.0
single,A0808,A0808,1,77.0,0.6882048921690508,52.99177669701691,0.6882048921690508,,,,,,joint-bundle-0pct-extra,0.0
single,A0809,A0809,1,77.0,0.7286896696604896,56.109104563857706,0.7286896696604896,,,,,,joint-bundle-0pct-extra,0.0
single,A0810,A0810,1,73.0,0.7053949115651619,51.493828544256814,0.7053949115651619,,,,,,joint-bundle-0pct-extra,0.0
single,A0811,A0811,1,77.0,0.6879281984573249,52.97047128121402,0.6879281984573249,,,,,,joint-bundle-0pct-extra,0.0
single,A0812,A0812,1,77.0,0.687105830051902,52.90714891399645,0.687105830051902,,,,,,joint-bundle-0pct-extra,0.0
single,A0813,A0813,1,77.5,0.6825424747941804,52.89704179654898,0.6825424747941804,,,,,,joint-bundle-0pct-extra,0.0
single,A0814,A0814,1,82.0,0.6599831967261969,54.11862213154814,0.6599831967261969,,,,,,joint-bundle-0pct-extra,0.0
single,A0815,A0815,1,74.5,0.7020568565211532,52.30323581082592,0.7020568565211532,,,,,,joint-bundle-0pct-extra,0.0
single,A0816,A0816,1,77.0,0.6894181077373814,53.08519429577837,0.6894181077373814,,,,,,joint-bundle-0pct-extra,0.0
single,A0817,A0817,1,74.5,0.6992761092038112,52.09607013568394,0.6992761092038112,,,,,,joint-bundle-0pct-extra,0.0
single,A0818,A0818,1,71.5,0.7104430226572771,50.79667611999531,0.7104430226572771,,,,,,joint-bundle-0pct-extra,0.0
single,A0819,A0819,1,77.0,0.6867229275437974,52.8776654208724,0.6867229275437974,,,,,,joint-bundle-0pct-extra,0.0
single,A0820,A0820,1,80.0,0.6653361438001513,53.2268915040121,0.6653361438001513,,,,,,joint-bundle-0pct-extra,0.0
single,A0821,A0821,1,73.0,0.7066541083727795,51.58574991121291,0.7066541083727795,,,,,,joint-bundle-0pct-extra,0.0
single,A0822,A0822,1,76.5,0.6890546077237206,52.71267749086463,0.6890546077237206,,,,,,joint-bundle-0pct-extra,0.0
single,A0823,A0823,1,75.5,0.6951988494790472,52.48751313566807,0.6951988494790472,,,,,,joint-bundle-0pct-extra,0.0
single,A0824,A0824,1,78.0,0.6842185062994264,53.36904349135526,0.6842185062994264,,,,,,joint-bundle-0pct-extra,0.0
single,A0825,A0825,1,74.5,0.6992141856265217,52.09145682917587,0.6992141856265217,,,,,,joint-bundle-0pct-extra,0.0
single,A0826,A0826,1,79.5,0.6696568428726788,53.237719008377965,0.6696568428726788,,,,,,joint-bundle-0pct-extra,0.0
single,A0827,A0827,1,73.5,0.6899971193713007,50.7147882737906,0.6899971193713007,,,,,,joint-bundle-0pct-extra,0.0
single,A0828,A0828,1,65.0,0.9433081939577808,61.31503260725575,0.9433081939577808,,,,,,joint-bundle-0pct-extra,0.0
single,A0829,A0829,1,85.0,0.612345764154087,52.049389953097396,0.612345764154087,,,,,,joint-bundle-0pct-extra,0.0
single,A0830,A0830,1,77.0,0.7528798308009464,57.97174697167288,0.7528798308009464,,,,,,joint-bundle-0pct-extra,0.0
single,A0831,A0831,1,73.5,0.600966918483708,44.17106850855254,0.600966918483708,,,,,,joint-bundle-0pct-extra,0.0
single,A0832,A0832,1,73.0,0.7076445066847897,51.65804898798965,0.7076445066847897,,,,,,joint-bundle-0pct-extra,0.0
single,A0833,A0833,1,77.0,0.9469403975955839,72.91441061485996,0.9469403975955839,,,,,,joint-bundle-0pct-extra,0.0
single,A0834,A0834,1,65.0,0.9257535008868204,60.173977557643326,0.9257535008868204,,,,,,joint-bundle-0pct-extra,0.0
single,A0835,A0835,1,77.0,0.7876685614791541,60.65047923389486,0.7876685614791541,,,,,,joint-bundle-0pct-extra,0.0
bundle,,A0001;A0029,2,155.4,1.3493330581354663,104.84317861712574,,2.0,0.1994631990321821,0.8005368009678178,1.05,0.6746665290677332,joint-bundle-0pct-extra,0.0
bundle,,A0002;A0364;A0446,3,249.15000000000003,1.576807594549999,130.95387072737745,,2.0,1.2087372686974265,0.3956313656512868,1.1,0.5256025315166664,joint-bundle-0pct-extra,0.0
bundle,,A0003;A0360,2,161.70000000000002,0.9987917684622936,80.75231448017644,,2.0,0.6868979989446738,0.3131020010553261,1.1,0.4993958842311468,joint-bundle-0pct-extra,0.0
bundle,,A0005;A0008,2,161.70000000000002,1.1541849725114817,93.3158550275533,,2.0,0.7382753332318769,0.2617246667681231,1.1,0.5770924862557408,joint-bundle-0pct-extra,0.0
bundle,,A0007;A0013;A0019,3,242.55,1.911112786229078,154.51346876662095,,2.0,0.8001218239797592,0.5999390880101204,1.1,0.6370375954096926,joint-bundle-0pct-extra,0.0
bundle,,A0010;A0016;A0124,3,244.2,1.861733841631796,151.5451347088282,,2.0,0.8654166562411849,0.5672916718794075,1.1,0.6205779472105987,joint-bundle-0pct-extra,0.0
bundle,,A0011;A0036,2,161.70000000000002,1.2454673132118244,100.69603227317602,,2.0,0.4806051004142348,0.5193948995857651,1.1,0.6227336566059122,joint-bundle-0pct-extra,0.0
bundle,,A0012;A0022;A0023,3,242.0,2.009696033874711,162.11548006589334,,2.0,1.005357352145999,0.4973213239270004,1.1,0.669898677958237,joint-bundle-0pct-extra,0.0
bundle,,A0015;A0020;A0026,3,233.1,1.9596461780279253,152.26450803276984,,2.0,0.7648232221388522,0.6175883889305739,1.05,0.6532153926759752,joint-bundle-0pct-extra,0.0
bundle,,A0017;A0027;A0356,3,242.55,1.9336900973819608,156.3388443733315,,2.0,1.2015091071658848,0.3992454464170576,1.1,0.6445633657939869,joint-bundle-0pct-extra,0.0
bundle,,A0024;A0369,2,163.9,1.201722864877742,98.48118877673096,,2.0,0.77558187122923,0.22441812877077,1.1,0.600861432438871,joint-bundle-0pct-extra,0.0
bundle,,A0031;A0035,2,164.45000000000002,0.8802075348072228,72.3750645495239,,2.0,0.7039261633516458,0.2960738366483542,1.1,0.4401037674036114,joint-bundle-0pct-extra,0.0
bundle,,A0032;A0462,2,154.35,1.3066812116362918,100.84312250803082,,2.0,0.0,1.0,1.05,0.6533406058181459,joint-bundle-0pct-extra,0.0
bundle,,A0041;A0052;A0061;A0068,4,308.175,2.666277858384839,205.42004475193696,,2.0,1.228516857068096,0.5904943809773013,1.05,0.6665694645962098,joint-bundle-0pct-extra,0.0
bundle,,A0042;A0055,2,164.45000000000002,1.2924146648020671,106.26879581334998,,2.0,0.7597177898309037,0.2402822101690963,1.1,0.6462073324010336,joint-bundle-0pct-extra,0.0
bundle,,A0046;A0453,2,162.25,1.0351420071284905,83.97589532829879,,2.0,0.5288746286175343,0.4711253713824657,1.1,0.5175710035642452,joint-bundle-0pct-extra,0.0
bundle,,A0048;A0445,2,170.5,1.2031575763728235,102.5691833857832,,2.0,0.1853862346640429,0.8146137653359571,1.1,0.6015787881864118,joint-bundle-0pct-extra,0.0
bundle,,A0057;A0119;A0123,3,243.65,1.905208458731612,154.73468032331908,,2.0,1.1358231539064396,0.4320884230467802,1.1,0.6350694862438706,joint-bundle-0pct-extra,0.0
bundle,,A0060;A0355;A0375,3,242.55,1.816035299364041,146.82645395358273,,2.0,0.6805999566273753,0.6597000216863124,1.1,0.6053450997880137,joint-bundle-0pct-extra,0.0
bundle,,A0044;A0062;A0082,3,250.25,1.5847156667453783,132.19169853434363,,2.0,1.449052031785362,0.275473984107319,1.1,0.5282385555817928,joint-bundle-0pct-extra,0.0
bundle,,A0067;A0084;A0456,3,241.45000000000005,1.381915688763752,111.221181017336,,2.0,0.8781746233473314,0.5609126883263342,1.1,0.4606385629212507,joint-bundle-0pct-extra,0.0
bundle,,A0069;A0073,2,162.8,1.2702313072626945,103.39682841118332,,2.0,0.4958080028354725,0.5041919971645275,1.1,0.6351156536313471,joint-bundle-0pct-extra,0.0
bundle,,A0070;A0078,2,163.9,1.3078792824185772,107.1807071942024,,2.0,0.0,1.0,1.1,0.6539396412092886,joint-bundle-0pct-extra,0.0
bundle,,A0076;A0102,2,169.95000000000002,1.2116640833626984,102.9611554837453,,2.0,0.7249026018863092,0.2750973981136908,1.1,0.6058320416813492,joint-bundle-0pct-extra,0.0
bundle,,A0080;A0451,2,162.8,0.8109219548680757,66.00904712626136,,2.0,0.6131816745663672,0.3868183254336328,1.1,0.4054609774340378,joint-bundle-0pct-extra,0.0
bundle,,A0087;A0099;A0452,3,243.65,1.9685165377688527,159.87635147579368,,2.0,0.0580774789424702,0.9709612605287647,1.1,0.6561721792562843,joint-bundle-0pct-extra,0.0
bundle,,A0093;A0097;A0361,3,236.25,2.098312262393768,165.24209066350923,,2.0,0.1982383393082218,0.9008808303458892,1.05,0.6994374207979227,joint-bundle-0pct-extra,0.0
bundle,,A0095;A0118,2,161.70000000000002,1.3396185623954289,108.30816076967044,,2.0,0.1397511466167866,0.8602488533832133,1.1,0.6698092811977144,joint-bundle-0pct-extra,0.0
bundle,,A0098;A0105,2,161.15,1.3675458596642671,110.19000764244836,,2.0,0.3890212831278917,0.6109787168721084,1.1,0.6837729298321337,joint-bundle-0pct-extra,0.0
bundle,,A0112;A0120;A0467,3,242.55,1.998063882945216,161.54346493612073,,2.0,1.0156775457227138,0.4921612271386431,1.1,0.6660212943150721,joint-bundle-0pct-extra,0.0
bundle,,A0077;A0121;A0723,3,242.0,2.0759383413633303,167.45902620330864,,2.0,1.0850622306357125,0.4574688846821437,1.1,0.69197944712111,joint-bundle-0pct-extra,0.0
bundle,,A0122;A0458,2,156.45000000000002,1.3220053256463788,103.413866598688,,2.0,0.0099509077062747,0.9900490922937252,1.05,0.6610026628231894,joint-bundle-0pct-extra,0.0
bundle,,A0125;A0454,2,155.4,1.3304488340383966,103.37587440478342,,2.0,0.2648187390590238,0.7351812609409762,1.05,0.6652244170191983,joint-bundle-0pct-extra,0.0
bundle,,A0132;A0144;A0191,3,229.95,2.0264994191719707,155.33118047953155,,0.0,0.4893946592049182,0.7553026703975408,1.05,0.6754998063906569,joint-bundle-0pct-extra,0.0
bundle,,A0134;A0142;A0474,3,229.95,2.1153661523424945,162.1428155770522,,0.0,0.5631034240513215,0.7184482879743392,1.05,0.7051220507808315,joint-bundle-0pct-extra,0.0
bundle,,A0135;A0183;A0197,3,220.0,2.0651216581699874,151.44225493246572,,0.0,0.1739223158264307,0.9130388420867848,1.0,0.6883738860566624,joint-bundle-0pct-extra,0.0
bundle,,A0180;A0378;A0379,3,229.95,2.081865007277964,159.57495280785596,,0.0,0.3165593217033128,0.8417203391483435,1.05,0.6939550024259881,joint-bundle-0pct-extra,0.0
bundle,,A0285;A0286;A0423,3,231.525,2.017586597846403,155.70724568879618,,3.0,1.0720039676568534,0.4639980161715733,1.05,0.6725288659488011,joint-bundle-0pct-extra,0.0
bundle,,A0447;A0465,2,164.45000000000002,0.9684369704964242,79.6297298990685,,2.0,0.6366195589156273,0.3633804410843727,1.1,0.4842184852482121,joint-bundle-0pct-extra,0.0
single,A0004,A0004,1,79.5,0.694144797661609,55.18451141409791,0.694144797661609,,,,,,joint-bundle-1pct-extra,0.01
single,A0006,A0006,1,79.5,0.6876319256960474,54.666738092835764,0.6876319256960474,,,,,,joint-bundle-1pct-extra,0.01
single,A0009,A0009,1,74.0,0.5923618757150785,43.83477880291581,0.5923618757150785,,,,,,joint-bundle-1pct-extra,0.01
single,A0014,A0014,1,74.0,0.45738531658153186,33.84651342703336,0.45738531658153186,,,,,,joint-bundle-1pct-extra,0.01
single,A0018,A0018,1,74.0,0.5365297956685856,39.70320487947534,0.5365297956685856,,,,,,joint-bundle-1pct-extra,0.01
single,A0021,A0021,1,74.0,0.5887576776284094,43.56806814450229,0.5887576776284094,,,,,,joint-bundle-1pct-extra,0.01
single,A0025,A0025,1,75.5,0.4164177945102531,31.439543485524112,0.4164177945102531,,,,,,joint-bundle-1pct-extra,0.01
single,A0028,A0028,1,74.5,0.39421300610988097,29.368868955186134,0.39421300610988097,,,,,,joint-bundle-1pct-extra,0.01
single,A0030,A0030,1,76.0,0.5727863167623747,43.531760073940475,0.5727863167623747,,,,,,joint-bundle-1pct-extra,0.01
single,A0033,A0033,1,73.5,0.3933545570748389,28.91155994500066,0.3933545570748389,,,,,,joint-bundle-1pct-extra,0.01
single,A0034,A0034,1,74.0,0.38142689386905976,28.225590146310424,0.38142689386905976,,,,,,joint-bundle-1pct-extra,0.01
single,A0037,A0037,1,78.0,0.4842993953128824,37.77535283440483,0.4842993953128824,,,,,,joint-bundle-1pct-extra,0.01
single,A0038,A0038,1,79.5,0.6903052827534418,54.87926997889863,0.6903052827534418,,,,,,joint-bundle-1pct-extra,0.01
single,A0039,A0039,1,74.5,0.41357321492618265,30.811204512000607,0.41357321492618265,,,,,,joint-bundle-1pct-extra,0.01
single,A0040,A0040,1,74.0,0.23138697088321858,17.122635845358175,0.23138697088321858,,,,,,joint-bundle-1pct-extra,0.01
single,A0043,A0043,1,75.0,0.45687716767167896,34.265787575375924,0.45687716767167896,,,,,,joint-bundle-1pct-extra,0.01
single,A0045,A0045,1,74.0,0.22944464947859392,16.97890406141595,0.22944464947859392,,,,,,joint-bundle-1pct-extra,0.01
single,A0047,A0047,1,75.0,0.3173568640890148,23.80176480667611,0.3173568640890148,,,,,,joint-bundle-1pct-extra,0.01
single,A0049,A0049,1,76.5,0.3557925469996345,27.21812984547204,0.3557925469996345,,,,,,joint-bundle-1pct-extra,0.01
single,A0050,A0050,1,78.0,0.45120190520512043,35.193748605999396,0.45120190520512043,,,,,,joint-bundle-1pct-extra,0.01
single,A0051,A0051,1,74.5,0.3783122852185615,28.18426524878283,0.3783122852185615,,,,,,joint-bundle-1pct-extra,0.01
single,A0053,A0053,1,78.0,0.49813497566211323,38.85452810164483,0.49813497566211323,,,,,,joint-bundle-1pct-extra,0.01
single,A0054,A0054,1,75.0,0.5363519971070972,40.22639978303229,0.5363519971070972,,,,,,joint-bundle-1pct-extra,0.01
single,A0056,A0056,1,81.0,0.6620628131972078,53.62708786897383,0.6620628131972078,,,,,,joint-bundle-1pct-extra,0.01
single,A0058,A0058,1,77.0,0.5740011325167572,44.19808720379031,0.5740011325167572,,,,,,joint-bundle-1pct-extra,0.01
single,A0059,A0059,1,74.0,0.25648747784152387,18.980073360272765,0.25648747784152387,,,,,,joint-bundle-1pct-extra,0.01
single,A0063,A0063,1,79.5,0.6903052827534418,54.87926997889863,0.6903052827534418,,,,,,joint-bundle-1pct-extra,0.01
single,A0064,A0064,1,79.5,0.6925873810572374,55.06069679405037,0.6925873810572374,,,,,,joint-bundle-1pct-extra,0.01
single,A0065,A0065,1,75.0,0.48981657028527986,36.73624277139599,0.48981657028527986,,,,,,joint-bundle-1pct-extra,0.01
single,A0066,A0066,1,75.0,0.4144978848207188,31.08734136155391,0.4144978848207188,,,,,,joint-bundle-1pct-extra,0.01
single,A0071,A0071,1,78.0,0.5790711704525835,45.167551295301514,0.5790711704525835,,,,,,joint-bundle-1pct-extra,0.01
single,A0072,A0072,1,74.5,0.3650077996914159,27.193081077010483,0.3650077996914159,,,,,,joint-bundle-1pct-extra,0.01
single,A0074,A0074,1,74.5,0.25659284149604267,19.116166691455177,0.25659284149604267,,,,,,joint-bundle-1pct-extra,0.01
single,A0075,A0075,1,74.5,0.24149870036137913,17.991653176922746,0.24149870036137913,,,,,,joint-bundle-1pct-extra,0.01
single,A0079,A0079,1,78.5,0.6936824593148551,54.454073056216124,0.6936824593148551,,,,,,joint-bundle-1pct-extra,0.01
single,A0081,A0081,1,78.0,0.40201481140103934,31.357155289281067,0.40201481140103934,,,,,,joint-bundle-1pct-extra,0.01
single,A0083,A0083,1,74.0,0.18954695391816448,14.026474589944172,0.18954695391816448,,,,,,joint-bundle-1pct-extra,0.01
single,A0085,A0085,1,74.0,0.29642675593829454,21.935579939433797,0.29642675593829454,,,,,,joint-bundle-1pct-extra,0.01
single,A0086,A0086,1,74.5,0.3740673444743194,27.868017163336795,0.3740673444743194,,,,,,joint-bundle-1pct-extra,0.01
single,A0088,A0088,1,78.0,0.37210008181726506,29.023806381746674,0.37210008181726506,,,,,,joint-bundle-1pct-extra,0.01
single,A0089,A0089,1,74.5,0.2611970673220209,19.45918151549056,0.2611970673220209,,,,,,joint-bundle-1pct-extra,0.01
single,A0090,A0090,1,78.0,0.5360103920153695,41.80881057719882,0.5360103920153695,,,,,,joint-bundle-1pct-extra,0.01
single,A0091,A0091,1,73.5,0.21951399438511585,16.134278587306014,0.21951399438511585,,,,,,joint-bundle-1pct-extra,0.01
single,A0092,A0092,1,75.0,0.5443911311175218,40.82933483381414,0.5443911311175218,,,,,,joint-bundle-1pct-extra,0.01
single,A0094,A0094,1,74.0,0.2824288557888601,20.899735328375648,0.2824288557888601,,,,,,joint-bundle-1pct-extra,0.01
single,A0096,A0096,1,75.0,0.5494720926925267,41.210406951939504,0.5494720926925267,,,,,,joint-bundle-1pct-extra,0.01
single,A0100,A0100,1,74.0,0.20875532188845086,15.447893819745364,0.20875532188845086,,,,,,joint-bundle-1pct-extra,0.01
single,A0101,A0101,1,74.5,0.5390419385936284,40.15862442522531,0.5390419385936284,,,,,,joint-bundle-1pct-extra,0.01
single,A0103,A0103,1,74.0,0.5264911500613463,38.96034510453963,0.5264911500613463,,,,,,joint-bundle-1pct-extra,0.01
single,A0104,A0104,1,78.0,0.5179778263570761,40.40227045585194,0.5179778263570761,,,,,,joint-bundle-1pct-extra,0.01
single,A0106,A0106,1,75.5,0.29683843276676214,22.41130167389054,0.29683843276676214,,,,,,joint-bundle-1pct-extra,0.01
single,A0107,A0107,1,78.0,0.34732550093839765,27.091389073195018,0.34732550093839765,,,,,,joint-bundle-1pct-extra,0.01
single,A0108,A0108,1,74.0,0.2968171249186847,21.96446724398267,0.2968171249186847,,,,,,joint-bundle-1pct-extra,0.01
single,A0109,A0109,1,73.5,0.367896125611438,27.040365232440692,0.367896125611438,,,,,,joint-bundle-1pct-extra,0.01
single,A0110,A0110,1,76.5,0.34381032872308315,26.30149014731586,0.34381032872308315,,,,,,joint-bundle-1pct-extra,0.01
single,A0111,A0111,1,78.5,0.5305371162977371,41.647163629372365,0.5305371162977371,,,,,,joint-bundle-1pct-extra,0.01
single,A0113,A0113,1,74.5,0.2731985385395398,20.353291121195713,0.2731985385395398,,,,,,joint-bundle-1pct-extra,0.01
single,A0114,A0114,1,74.5,0.4430261198054987,33.005445925509655,0.4430261198054987,,,,,,joint-bundle-1pct-extra,0.01
single,A0115,A0115,1,75.0,0.32504735993262357,24.37855199494677,0.32504735993262357,,,,,,joint-bundle-1pct-extra,0.01
single,A0116,A0116,1,74.0,0.33108428229285064,24.500236889670948,0.33108428229285064,,,,,,joint-bundle-1pct-extra,0.01
single,A0117,A0117,1,75.0,0.5473244947235136,41.04933710426352,0.5473244947235136,,,,,,joint-bundle-1pct-extra,0.01
single,A0126,A0126,1,67.0,0.9672450130769978,64.80541587615886,0.9672450130769978,,,,,,joint-bundle-1pct-extra,0.01
single,A0127,A0127,1,73.5,0.508584975896147,37.380995728366806,0.508584975896147,,,,,,joint-bundle-1pct-extra,0.01
single,A0128,A0128,1,73.5,0.6115950413777212,44.95223554126251,0.6115950413777212,,,,,,joint-bundle-1pct-extra,0.01
single,A0129,A0129,1,66.0,0.7508109993352347,49.55352595612549,0.7508109993352347,,,,,,joint-bundle-1pct-extra,0.01
single,A0130,A0130,1,73.0,0.6139698402124293,44.819798335507336,0.6139698402124293,,,,,,joint-bundle-1pct-extra,0.01
single,A0131,A0131,1,73.5,0.5113480638986766,37.58408269655273,0.5113480638986766,,,,,,joint-bundle-1pct-extra,0.01
single,A0133,A0133,1,67.0,0.7644167258118852,51.21592062939631,0.7644167258118852,,,,,,joint-bundle-1pct-extra,0.01
single,A0136,A0136,1,76.5,0.6535644768555402,49.99768247944883,0.6535644768555402,,,,,,joint-bundle-1pct-extra,0.01
single,A0137,A0137,1,73.5,0.5802373476738695,42.647445054029404,0.5802373476738695,,,,,,joint-bundle-1pct-extra,0.01
single,A0138,A0138,1,73.5,0.5537157156708481,40.698105101807336,0.5537157156708481,,,,,,joint-bundle-1pct-extra,0.01
single,A0139,A0139,1,76.0,0.5987053589305004,45.501607278718026,0.5987053589305004,,,,,,joint-bundle-1pct-extra,0.01
single,A0140,A0140,1,77.0,0.6515444974686883,50.168926305088995,0.6515444974686883,,,,,,joint-bundle-1pct-extra,0.01
single,A0141,A0141,1,74.5,0.7030712994841519,52.37881181156932,0.7030712994841519,,,,,,joint-bundle-1pct-extra,0.01
single,A0143,A0143,1,74.0,0.6801971514571017,50.33458920782552,0.6801971514571017,,,,,,joint-bundle-1pct-extra,0.01
single,A0145,A0145,1,73.0,0.6022446113257179,43.96385662677741,0.6022446113257179,,,,,,joint-bundle-1pct-extra,0.01
single,A0146,A0146,1,74.0,0.5487429222824846,40.606976248903855,0.5487429222824846,,,,,,joint-bundle-1pct-extra,0.01
single,A0147,A0147,1,74.0,0.6414885558061209,47.47015312965294,0.6414885558061209,,,,,,joint-bundle-1pct-extra,0.01
single,A0148,A0148,1,74.0,0.5694082112959464,42.136207635900035,0.5694082112959464,,,,,,joint-bundle-1pct-extra,0.01
single,A0149,A0149,1,74.0,0.5693582963672348,42.132513931175374,0.5693582963672348,,,,,,joint-bundle-1pct-extra,0.01
single,A0150,A0150,1,74.5,0.7175430359663603,53.45695617949384,0.7175430359663603,,,,,,joint-bundle-1pct-extra,0.01
single,A0151,A0151,1,74.5,0.7030712994841519,52.37881181156932,0.7030712994841519,,,,,,joint-bundle-1pct-extra,0.01
single,A0152,A0152,1,73.5,0.688095093382138,50.57498936358714,0.688095093382138,,,,,,joint-bundle-1pct-extra,0.01
single,A0153,A0153,1,66.0,0.7482058349866058,49.38158510911598,0.7482058349866058,,,,,,joint-bundle-1pct-extra,0.01
single,A0154,A0154,1,75.0,0.6494066551740966,48.70549913805724,0.6494066551740966,,,,,,joint-bundle-1pct-extra,0.01
single,A0155,A0155,1,74.5,0.7030712994841519,52.37881181156932,0.7030712994841519,,,,,,joint-bundle-1pct-extra,0.01
single,A0156,A0156,1,73.5,0.6872671773356213,50.514137534168164,0.6872671773356213,,,,,,joint-bundle-1pct-extra,0.01
single,A0157,A0157,1,76.5,0.7080872920031765,54.168677838243006,0.7080872920031765,,,,,,joint-bundle-1pct-extra,0.01
single,A0158,A0158,1,77.0,0.6655311307155957,51.24589706510086,0.6655311307155957,,,,,,joint-bundle-1pct-extra,0.01
single,A0159,A0159,1,74.0,0.4811752564859976,35.606968979963824,0.4811752564859976,,,,,,joint-bundle-1pct-extra,0.01
single,A0160,A0160,1,65.0,0.9452813251292579,61.44328613340176,0.9452813251292579,,,,,,joint-bundle-1pct-extra,0.01
single,A0161,A0161,1,72.0,0.7234883212636013,52.09115913097929,0.7234883212636013,,,,,,joint-bundle-1pct-extra,0.01
single,A0162,A0162,1,78.0,0.658814288923702,51.387514536048755,0.658814288923702,,,,,,joint-bundle-1pct-extra,0.01
single,A0163,A0163,1,74.0,0.6406076461920274,47.40496581821002,0.6406076461920274,,,,,,joint-bundle-1pct-extra,0.01
single,A0164,A0164,1,65.0,0.9648945590658814,62.71814633928229,0.9648945590658814,,,,,,joint-bundle-1pct-extra,0.01
single,A0165,A0165,1,73.5,0.7009779985497696,51.52188289340807,0.7009779985497696,,,,,,joint-bundle-1pct-extra,0.01
single,A0166,A0166,1,66.5,0.7485214964524967,49.77667951409103,0.7485214964524967,,,,,,joint-bundle-1pct-extra,0.01
single,A0167,A0167,1,71.5,0.7242026355580619,51.78048844240142,0.7242026355580619,,,,,,joint-bundle-1pct-extra,0.01
single,A0168,A0168,1,79.5,0.6888294250179808,54.761939288929476,0.6888294250179808,,,,,,joint-bundle-1pct-extra,0.01
single,A0169,A0169,1,73.0,0.7178085157095668,52.40002164679838,0.7178085157095668,,,,,,joint-bundle-1pct-extra,0.01
single,A0170,A0170,1,73.5,0.5939741122432076,43.65709724987576,0.5939741122432076,,,,,,joint-bundle-1pct-extra,0.01
single,A0171,A0171,1,75.5,0.4638834077481384,35.02319728498445,0.4638834077481384,,,,,,joint-bundle-1pct-extra,0.01
single,A0172,A0172,1,73.5,0.7009779985497696,51.52188289340807,0.7009779985497696,,,,,,joint-bundle-1pct-extra,0.01
single,A0173,A0173,1,74.5,0.6867085769271476,51.159788981072495,0.6867085769271476,,,,,,joint-bundle-1pct-extra,0.01
single,A0174,A0174,1,73.5,0.6670406663539887,49.02748897701817,0.6670406663539887,,,,,,joint-bundle-1pct-extra,0.01
single,A0175,A0175,1,73.0,0.6517017989152087,47.57423132081024,0.6517017989152087,,,,,,joint-bundle-1pct-extra,0.01
single,A0176,A0176,1,71.5,0.729352757703895,52.14872217582849,0.729352757703895,,,,,,joint-bundle-1pct-extra,0.01
single,A0177,A0177,1,74.0,0.4425505130178502,32.74873796332091,0.4425505130178502,,,,,,joint-bundle-1pct-extra,0.01
single,A0178,A0178,1,65.0,0.968160252237406,62.930416395431386,0.968160252237406,,,,,,joint-bundle-1pct-extra,0.01
single,A0179,A0179,1,75.0,0.6796599663678462,50.974497477588464,0.6796599663678462,,,,,,joint-bundle-1pct-extra,0.01
single,A0181,A0181,1,73.5,0.5414917638696318,39.79964464441794,0.5414917638696318,,,,,,joint-bundle-1pct-extra,0.01
single,A0182,A0182,1,73.5,0.528839615007663,38.86971170306323,0.528839615007663,,,,,,joint-bundle-1pct-extra,0.01
single,A0184,A0184,1,73.0,0.5464588711751724,39.89149759578759,0.5464588711751724,,,,,,joint-bundle-1pct-extra,0.01
single,A0185,A0185,1,73.5,0.5437829647623906,39.968047910035715,0.5437829647623906,,,,,,joint-bundle-1pct-extra,0.01
single,A0186,A0186,1,73.0,0.6007022057262733,43.85126101801795,0.6007022057262733,,,,,,joint-bundle-1pct-extra,0.01
single,A0187,A0187,1,73.5,0.6044631128030615,44.428038791025024,0.6044631128030615,,,,,,joint-bundle-1pct-extra,0.01
single,A0188,A0188,1,73.5,0.6085672469064487,44.72969264762398,0.6085672469064487,,,,,,joint-bundle-1pct-extra,0.01
single,A0189,A0189,1,65.0,0.974078216392834,63.31508406553421,0.974078216392834,,,,,,joint-bundle-1pct-extra,0.01
single,A0190,A0190,1,73.5,0.6330592105139387,46.52985197277449,0.6330592105139387,,,,,,joint-bundle-1pct-extra,0.01
single,A0192,A0192,1,73.0,0.6237666509112081,45.53496551651819,0.6237666509112081,,,,,,joint-bundle-1pct-extra,0.01
single,A0193,A0193,1,73.5,0.5309362605921594,39.023815153523714,0.5309362605921594,,,,,,joint-bundle-1pct-extra,0.01
single,A0194,A0194,1,66.0,0.749037735401631,49.43649053650765,0.749037735401631,,,,,,joint-bundle-1pct-extra,0.01
single,A0195,A0195,1,73.5,0.6611129237323168,48.591799894325284,0.6611129237323168,,,,,,joint-bundle-1pct-extra,0.01
single,A0196,A0196,1,74.5,0.6295939205393997,46.904747080185274,0.6295939205393997,,,,,,joint-bundle-1pct-extra,0.01
single,A0198,A0198,1,67.0,0.9747698204131585,65.30957796768162,0.9747698204131585,,,,,,joint-bundle-1pct-extra,0.01
single,A0199,A0199,1,66.5,0.9725212639207788,64.67266405073178,0.9725212639207788,,,,,,joint-bundle-1pct-extra,0.01
single,A0200,A0200,1,67.0,0.975204623524761,65.33870977615899,0.975204623524761,,,,,,joint-bundle-1pct-extra,0.01
single,A0201,A0201,1,75.0,0.7051509333745353,52.88632000309015,0.7051509333745353,,,,,,joint-bundle-1pct-extra,0.01
single,A0202,A0202,1,77.0,0.7016340985835495,54.025825590933316,0.7016340985835495,,,,,,joint-bundle-1pct-extra,0.01
single,A0203,A0203,1,75.0,0.7050082558661758,52.87561918996318,0.7050082558661758,,,,,,joint-bundle-1pct-extra,0.01
single,A0204,A0204,1,65.0,0.978703338742931,63.61571701829052,0.978703338742931,,,,,,joint-bundle-1pct-extra,0.01
single,A0205,A0205,1,65.0,0.9787957646661224,63.62172470329796,0.9787957646661224,,,,,,joint-bundle-1pct-extra,0.01
single,A0206,A0206,1,65.0,0.9786096680234402,63.60962842152361,0.9786096680234402,,,,,,joint-bundle-1pct-extra,0.01
single,A0207,A0207,1,65.0,0.9711448902254749,63.12441786465587,0.9711448902254749,,,,,,joint-bundle-1pct-extra,0.01
single,A0208,A0208,1,67.0,0.9729677177381081,65.18883708845324,0.9729677177381081,,,,,,joint-bundle-1pct-extra,0.01
single,A0209,A0209,1,65.0,0.971236302369696,63.130359654030244,0.971236302369696,,,,,,joint-bundle-1pct-extra,0.01
single,A0210,A0210,1,75.0,0.7086650553518454,53.149879151388404,0.7086650553518454,,,,,,joint-bundle-1pct-extra,0.01
single,A0211,A0211,1,72.0,0.7233217578981137,52.079166568664185,0.7233217578981137,,,,,,joint-bundle-1pct-extra,0.01
single,A0212,A0212,1,70.5,0.7330034548683109,51.67674356821592,0.7330034548683109,,,,,,joint-bundle-1pct-extra,0.01
single,A0213,A0213,1,76.0,0.5657905434057585,43.00008129883765,0.5657905434057585,,,,,,joint-bundle-1pct-extra,0.01
single,A0214,A0214,1,70.0,0.731859457249962,51.23016200749734,0.731859457249962,,,,,,joint-bundle-1pct-extra,0.01
single,A0215,A0215,1,72.0,0.724867497436921,52.19045981545831,0.724867497436921,,,,,,joint-bundle-1pct-extra,0.01
single,A0216,A0216,1,74.5,0.7121925582001286,53.058345585909585,0.7121925582001286,,,,,,joint-bundle-1pct-extra,0.01
single,A0217,A0217,1,70.5,0.7348827649093483,51.809234926109056,0.7348827649093483,,,,,,joint-bundle-1pct-extra,0.01
single,A0218,A0218,1,74.0,0.4681590136025107,34.64376700658579,0.4681590136025107,,,,,,joint-bundle-1pct-extra,0.01
single,A0219,A0219,1,77.5,0.7053766352488203,54.66668923178358,0.7053766352488203,,,,,,joint-bundle-1pct-extra,0.01
single,A0220,A0220,1,73.0,0.6579953412674284,48.033659912522275,0.6579953412674284,,,,,,joint-bundle-1pct-extra,0.01
single,A0221,A0221,1,71.5,0.7270239210101245,51.9822103522239,0.7270239210101245,,,,,,joint-bundle-1pct-extra,0.01
single,A0222,A0222,1,67.0,0.9689683551090051,64.92087979230334,0.9689683551090051,,,,,,joint-bundle-1pct-extra,0.01
single,A0223,A0223,1,70.0,0.731144500859188,51.18011506014316,0.731144500859188,,,,,,joint-bundle-1pct-extra,0.01
single,A0224,A0224,1,78.0,0.702357826315615,54.783910452617974,0.702357826315615,,,,,,joint-bundle-1pct-extra,0.01
single,A0225,A0225,1,72.0,0.725259859271915,52.218709867577886,0.725259859271915,,,,,,joint-bundle-1pct-extra,0.01
single,A0226,A0226,1,78.0,0.7016875045890675,54.731625357947266,0.7016875045890675,,,,,,joint-bundle-1pct-extra,0.01
single,A0227,A0227,1,70.0,0.7356227717028505,51.493594019199534,0.7356227717028505,,,,,,joint-bundle-1pct-extra,0.01
single,A0228,A0228,1,73.5,0.6697772512610329,49.228627967685924,0.6697772512610329,,,,,,joint-bundle-1pct-extra,0.01
single,A0229,A0229,1,76.5,0.7044021346643227,53.886763301820686,0.7044021346643227,,,,,,joint-bundle-1pct-extra,0.01
single,A0230,A0230,1,74.0,0.5557113212205901,41.122637770323664,0.5557113212205901,,,,,,joint-bundle-1pct-extra,0.01
single,A0231,A0231,1,77.5,0.7051946051608576,54.652581899966464,0.7051946051608576,,,,,,joint-bundle-1pct-extra,0.01
single,A0232,A0232,1,67.5,0.7408509875601067,50.0074416603072,0.7408509875601067,,,,,,joint-bundle-1pct-extra,0.01
single,A0233,A0233,1,73.5,0.7170626169738609,52.704102347578775,0.7170626169738609,,,,,,joint-bundle-1pct-extra,0.01
single,A0234,A0234,1,76.0,0.7060260752535733,53.65798171927157,0.7060260752535733,,,,,,joint-bundle-1pct-extra,0.01
single,A0235,A0235,1,74.0,0.7175138484131692,53.096024782574524,0.7175138484131692,,,,,,joint-bundle-1pct-extra,0.01
single,A0236,A0236,1,75.0,0.7124971745279071,53.43728808959303,0.7124971745279071,,,,,,joint-bundle-1pct-extra,0.01
single,A0237,A0237,1,74.0,0.5102210475309895,37.756357517293225,0.5102210475309895,,,,,,joint-bundle-1pct-extra,0.01
single,A0238,A0238,1,72.5,0.7213196014083432,52.29567110210488,0.7213196014083432,,,,,,joint-bundle-1pct-extra,0.01
single,A0239,A0239,1,73.0,0.6014027160325155,43.90239827037363,0.6014027160325155,,,,,,joint-bundle-1pct-extra,0.01
single,A0240,A0240,1,78.0,0.702357826315615,54.783910452617974,0.702357826315615,,,,,,joint-bundle-1pct-extra,0.01
single,A0241,A0241,1,73.5,0.6108856172575615,44.900092868430775,0.6108856172575615,,,,,,joint-bundle-1pct-extra,0.01
single,A0242,A0242,1,74.5,0.7116026705980358,53.01439895955367,0.7116026705980358,,,,,,joint-bundle-1pct-extra,0.01
single,A0243,A0243,1,73.5,0.5019485208310844,36.893216281084705,0.5019485208310844,,,,,,joint-bundle-1pct-extra,0.01
single,A0244,A0244,1,74.0,0.4682419118070177,34.64990147371931,0.4682419118070177,,,,,,joint-bundle-1pct-extra,0.01
single,A0245,A0245,1,70.0,0.736163148299151,51.53142038094057,0.736163148299151,,,,,,joint-bundle-1pct-extra,0.01
single,A0246,A0246,1,74.5,0.6586311369841713,49.068019705320765,0.6586311369841713,,,,,,joint-bundle-1pct-extra,0.01
single,A0247,A0247,1,74.0,0.7026458415549818,51.99579227506865,0.7026458415549818,,,,,,joint-bundle-1pct-extra,0.01
single,A0248,A0248,1,73.0,0.5225902176762146,38.149085890363665,0.5225902176762146,,,,,,joint-bundle-1pct-extra,0.01
single,A0249,A0249,1,74.5,0.6579760851316135,49.01921834230521,0.6579760851316135,,,,,,joint-bundle-1pct-extra,0.01
single,A0250,A0250,1,73.5,0.5756191788142826,42.30800964284977,0.5756191788142826,,,,,,joint-bundle-1pct-extra,0.01
single,A0251,A0251,1,73.0,0.719970485095663,52.55784541198339,0.719970485095663,,,,,,joint-bundle-1pct-extra,0.01
single,A0252,A0252,1,73.5,0.7194987515286908,52.88315823735877,0.7194987515286908,,,,,,joint-bundle-1pct-extra,0.01
single,A0253,A0253,1,73.0,0.6211263042199745,45.34222020805814,0.6211263042199745,,,,,,joint-bundle-1pct-extra,0.01
single,A0254,A0254,1,73.5,0.5271815121947182,38.747841146311785,0.5271815121947182,,,,,,joint-bundle-1pct-extra,0.01
single,A0255,A0255,1,73.0,0.6176414617347223,45.08782670663473,0.6176414617347223,,,,,,joint-bundle-1pct-extra,0.01
single,A0256,A0256,1,73.5,0.6461036928952163,47.4886214277984,0.6461036928952163,,,,,,joint-bundle-1pct-extra,0.01
single,A0257,A0257,1,73.0,0.6296220485258953,45.96240954239036,0.6296220485258953,,,,,,joint-bundle-1pct-extra,0.01
single,A0258,A0258,1,74.5,0.6875691965098463,51.22390513998355,0.6875691965098463,,,,,,joint-bundle-1pct-extra,0.01
single,A0259,A0259,1,69.0,0.7351021592270324,50.722048986665236,0.7351021592270324,,,,,,joint-bundle-1pct-extra,0.01
single,A0260,A0260,1,73.5,0.6482489933561765,47.64630101167897,0.6482489933561765,,,,,,joint-bundle-1pct-extra,0.01
single,A0261,A0261,1,77.0,0.6655311307155957,51.24589706510086,0.6655311307155957,,,,,,joint-bundle-1pct-extra,0.01
single,A0262,A0262,1,73.0,0.6010232145419814,43.87469466156464,0.6010232145419814,,,,,,joint-bundle-1pct-extra,0.01
single,A0263,A0263,1,73.0,0.5168569257792048,37.73055558188195,0.5168569257792048,,,,,,joint-bundle-1pct-extra,0.01
single,A0264,A0264,1,73.5,0.6026717641350527,44.29637466392638,0.6026717641350527,,,,,,joint-bundle-1pct-extra,0.01
single,A0265,A0265,1,73.5,0.592099730490423,43.51933019104609,0.592099730490423,,,,,,joint-bundle-1pct-extra,0.01
single,A0266,A0266,1,67.0,0.9746934937285527,65.30446407981303,0.9746934937285527,,,,,,joint-bundle-1pct-extra,0.01
single,A0267,A0267,1,65.0,0.9431437749349406,61.30434537077114,0.9431437749349406,,,,,,joint-bundle-1pct-extra,0.01
single,A0268,A0268,1,65.0,0.9452813251292579,61.44328613340176,0.9452813251292579,,,,,,joint-bundle-1pct-extra,0.01
single,A0269,A0269,1,66.0,0.7498647952240599,49.49107648478795,0.7498647952240599,,,,,,joint-bundle-1pct-extra,0.01
single,A0270,A0270,1,65.0,0.9550272943969522,62.07677413580189,0.9550272943969522,,,,,,joint-bundle-1pct-extra,0.01
single,A0271,A0271,1,65.0,0.9738467992878401,63.30004195370961,0.9738467992878401,,,,,,joint-bundle-1pct-extra,0.01
single,A0272,A0272,1,76.0,0.628373301903268,47.75637094464837,0.628373301903268,,,,,,joint-bundle-1pct-extra,0.01
single,A0273,A0273,1,67.0,0.9739143775781056,65.25226329773308,0.9739143775781056,,,,,,joint-bundle-1pct-extra,0.01
single,A0274,A0274,1,75.0,0.7040042920290411,52.800321902178084,0.7040042920290411,,,,,,joint-bundle-1pct-extra,0.01
single,A0275,A0275,1,73.5,0.4965519123359681,36.49656555669366,0.4965519123359681,,,,,,joint-bundle-1pct-extra,0.01
single,A0276,A0276,1,65.0,0.942036504942803,61.2323728212822,0.942036504942803,,,,,,joint-bundle-1pct-extra,0.01
single,A0277,A0277,1,74.5,0.502074608139269,37.404558306375534,0.502074608139269,,,,,,joint-bundle-1pct-extra,0.01
single,A0278,A0278,1,65.0,0.9452813251292579,61.44328613340176,0.9452813251292579,,,,,,joint-bundle-1pct-extra,0.01
single,A0279,A0279,1,74.0,0.5354008184867762,39.619660568021445,0.5354008184867762,,,,,,joint-bundle-1pct-extra,0.01
single,A0280,A0280,1,65.0,0.954575561554339,62.04741150103203,0.954575561554339,,,,,,joint-bundle-1pct-extra,0.01
single,A0281,A0281,1,65.0,0.9446106994836342,61.39969546643622,0.9446106994836342,,,,,,joint-bundle-1pct-extra,0.01
single,A0282,A0282,1,74.5,0.5347163512024795,39.83636816458473,0.5347163512024795,,,,,,joint-bundle-1pct-extra,0.01
single,A0283,A0283,1,65.0,0.9261885110419636,60.20225321772764,0.9261885110419636,,,,,,joint-bundle-1pct-extra,0.01
single,A0284,A0284,1,73.0,0.503758486041897,36.77436948105848,0.503758486041897,,,,,,joint-bundle-1pct-extra,0.01
single,A0287,A0287,1,65.0,0.9437272452276758,61.34227093979893,0.9437272452276758,,,,,,joint-bundle-1pct-extra,0.01
single,A0288,A0288,1,73.5,0.5802097274636089,42.64541496857525,0.5802097274636089,,,,,,joint-bundle-1pct-extra,0.01
single,A0289,A0289,1,73.0,0.502544116379754,36.685720495722045,0.502544116379754,,,,,,joint-bundle-1pct-extra,0.01
single,A0290,A0290,1,73.5,0.7188760624025916,52.83739058659048,0.7188760624025916,,,,,,joint-bundle-1pct-extra,0.01
single,A0291,A0291,1,73.0,0.5045379586365213,36.83127098046605,0.5045379586365213,,,,,,joint-bundle-1pct-extra,0.01
single,A0292,A0292,1,66.5,0.7464480622786469,49.63879614153002,0.7464480622786469,,,,,,joint-bundle-1pct-extra,0.01
single,A0293,A0293,1,65.0,0.9443466182955337,61.38253018920969,0.9443466182955337,,,,,,joint-bundle-1pct-extra,0.01
single,A0294,A0294,1,75.5,0.7056072189744298,53.27334503256945,0.7056072189744298,,,,,,joint-bundle-1pct-extra,0.01
single,A0295,A0295,1,65.0,0.753080123722179,48.950208041941636,0.753080123722179,,,,,,joint-bundle-1pct-extra,0.01
single,A0296,A0296,1,78.0,0.6481941031235023,50.559140043633185,0.6481941031235023,,,,,,joint-bundle-1pct-extra,0.01
single,A0297,A0297,1,68.5,0.7382948339224915,50.57319612369067,0.7382948339224915,,,,,,joint-bundle-1pct-extra,0.01
single,A0298,A0298,1,68.5,0.7382948339224915,50.57319612369067,0.7382948339224915,,,,,,joint-bundle-1pct-extra,0.01
single,A0299,A0299,1,67.0,0.7417068943991422,49.69436192474252,0.7417068943991422,,,,,,joint-bundle-1pct-extra,0.01
single,A0300,A0300,1,67.0,0.7466393043506484,50.024833391493445,0.7466393043506484,,,,,,joint-bundle-1pct-extra,0.01
single,A0301,A0301,1,66.5,0.7474299761646815,49.70409341495132,0.7474299761646815,,,,,,joint-bundle-1pct-extra,0.01
single,A0302,A0302,1,65.5,0.7494573781857948,49.08945827116956,0.7494573781857948,,,,,,joint-bundle-1pct-extra,0.01
single,A0303,A0303,1,68.5,0.7382948339224915,50.57319612369067,0.7382948339224915,,,,,,joint-bundle-1pct-extra,0.01
single,A0304,A0304,1,65.0,0.7499471659374594,48.746565785934855,0.7499471659374594,,,,,,joint-bundle-1pct-extra,0.01
single,A0305,A0305,1,72.5,0.72441147122051,52.519831663486976,0.72441147122051,,,,,,joint-bundle-1pct-extra,0.01
single,A0306,A0306,1,65.0,0.7687590632667508,49.9693391123388,0.7687590632667508,,,,,,joint-bundle-1pct-extra,0.01
single,A0307,A0307,1,67.5,0.740954691995298,50.014441709682615,0.740954691995298,,,,,,joint-bundle-1pct-extra,0.01
single,A0308,A0308,1,78.0,0.6602836343867177,51.50212348216398,0.6602836343867177,,,,,,joint-bundle-1pct-extra,0.01
single,A0309,A0309,1,73.5,0.6651113222277423,48.88568218373906,0.6651113222277423,,,,,,joint-bundle-1pct-extra,0.01
single,A0310,A0310,1,74.5,0.5634491839319878,41.9769642029331,0.5634491839319878,,,,,,joint-bundle-1pct-extra,0.01
single,A0311,A0311,1,65.0,0.7654033612077448,49.75121847850341,0.7654033612077448,,,,,,joint-bundle-1pct-extra,0.01
single,A0312,A0312,1,73.5,0.5557283467547166,40.84603348647167,0.5557283467547166,,,,,,joint-bundle-1pct-extra,0.01
single,A0313,A0313,1,75.5,0.6415434456039166,48.43653014309571,0.6415434456039166,,,,,,joint-bundle-1pct-extra,0.01
single,A0314,A0314,1,73.5,0.524268952886994,38.533768037194065,0.524268952886994,,,,,,joint-bundle-1pct-extra,0.01
single,A0315,A0315,1,72.5,0.7212262493808316,52.28890308011029,0.7212262493808316,,,,,,joint-bundle-1pct-extra,0.01
single,A0316,A0316,1,73.5,0.6174232373313925,45.38060794385735,0.6174232373313925,,,,,,joint-bundle-1pct-extra,0.01
single,A0317,A0317,1,73.5,0.6258906681212625,46.00296410691279,0.6258906681212625,,,,,,joint-bundle-1pct-extra,0.01
single,A0318,A0318,1,73.5,0.617950593452062,45.41936861872656,0.617950593452062,,,,,,joint-bundle-1pct-extra,0.01
single,A0319,A0319,1,69.0,0.7340027101258294,50.64618699868223,0.7340027101258294,,,,,,joint-bundle-1pct-extra,0.01
single,A0320,A0320,1,73.0,0.6433077489347511,46.96146567223683,0.6433077489347511,,,,,,joint-bundle-1pct-extra,0.01
single,A0321,A0321,1,66.5,0.7485214964524967,49.77667951409103,0.7485214964524967,,,,,,joint-bundle-1pct-extra,0.01
single,A0322,A0322,1,74.0,0.6869974945868146,50.83781459942428,0.6869974945868146,,,,,,joint-bundle-1pct-extra,0.01
single,A0323,A0323,1,73.5,0.5823619560532651,42.803603769914986,0.5823619560532651,,,,,,joint-bundle-1pct-extra,0.01
single,A0324,A0324,1,73.0,0.694368185714718,50.688877557174415,0.694368185714718,,,,,,joint-bundle-1pct-extra,0.01
single,A0325,A0325,1,73.5,0.6601384886996653,48.5201789194254,0.6601384886996653,,,,,,joint-bundle-1pct-extra,0.01
single,A0326,A0326,1,73.5,0.6639502731727767,48.800345078199086,0.6639502731727767,,,,,,joint-bundle-1pct-extra,0.01
single,A0327,A0327,1,74.0,0.5289504104661,39.1423303744914,0.5289504104661,,,,,,joint-bundle-1pct-extra,0.01
single,A0328,A0328,1,65.0,0.750142943209103,48.7592913085917,0.750142943209103,,,,,,joint-bundle-1pct-extra,0.01
single,A0329,A0329,1,73.0,0.7151586254864589,52.2065796605115,0.7151586254864589,,,,,,joint-bundle-1pct-extra,0.01
single,A0330,A0330,1,73.5,0.6958110160315715,51.1421096783205,0.6958110160315715,,,,,,joint-bundle-1pct-extra,0.01
single,A0331,A0331,1,73.5,0.6372026453425308,46.834394432676014,0.6372026453425308,,,,,,joint-bundle-1pct-extra,0.01
single,A0332,A0332,1,73.0,0.5733445522918256,41.85415231730327,0.5733445522918256,,,,,,joint-bundle-1pct-extra,0.01
single,A0333,A0333,1,73.5,0.6468307937259707,47.54206333885885,0.6468307937259707,,,,,,joint-bundle-1pct-extra,0.01
single,A0334,A0334,1,73.0,0.6806038614020878,49.68408188235241,0.6806038614020878,,,,,,joint-bundle-1pct-extra,0.01
single,A0335,A0335,1,66.5,0.7485214964524967,49.77667951409103,0.7485214964524967,,,,,,joint-bundle-1pct-extra,0.01
single,A0336,A0336,1,73.5,0.6768061021812715,49.74524851032345,0.6768061021812715,,,,,,joint-bundle-1pct-extra,0.01
single,A0337,A0337,1,73.5,0.6581842005127839,48.37653873768962,0.6581842005127839,,,,,,joint-bundle-1pct-extra,0.01
single,A0338,A0338,1,73.0,0.5735659709879191,41.87031588211809,0.5735659709879191,,,,,,joint-bundle-1pct-extra,0.01
single,A0339,A0339,1,73.0,0.7141239085050171,52.13104532086624,0.7141239085050171,,,,,,joint-bundle-1pct-extra,0.01
single,A0340,A0340,1,72.5,0.7227823831451781,52.40172277802541,0.7227823831451781,,,,,,joint-bundle-1pct-extra,0.01
single,A0341,A0341,1,66.5,0.7485214964524967,49.77667951409103,0.7485214964524967,,,,,,joint-bundle-1pct-extra,0.01
single,A0342,A0342,1,72.5,0.72441147122051,52.519831663486976,0.72441147122051,,,,,,joint-bundle-1pct-extra,0.01
single,A0343,A0343,1,73.5,0.6451355430732826,47.41746241588627,0.6451355430732826,,,,,,joint-bundle-1pct-extra,0.01
single,A0344,A0344,1,74.0,0.6892617758129383,51.00537141015744,0.6892617758129383,,,,,,joint-bundle-1pct-extra,0.01
single,A0345,A0345,1,73.5,0.6955786965805979,51.125034198673944,0.6955786965805979,,,,,,joint-bundle-1pct-extra,0.01
single,A0346,A0346,1,69.5,0.7328839416445698,50.9354339442976,0.7328839416445698,,,,,,joint-bundle-1pct-extra,0.01
single,A0347,A0347,1,74.0,0.6105247927346644,45.17883466236517,0.6105247927346644,,,,,,joint-bundle-1pct-extra,0.01
single,A0348,A0348,1,73.5,0.5292343659133035,38.89872589462781,0.5292343659133035,,,,,,joint-bundle-1pct-extra,0.01
single,A0349,A0349,1,73.5,0.703954518920929,51.74065714068828,0.703954518920929,,,,,,joint-bundle-1pct-extra,0.01
single,A0350,A0350,1,73.0,0.6140915855650512,44.82868574624874,0.6140915855650512,,,,,,joint-bundle-1pct-extra,0.01
single,A0351,A0351,1,73.5,0.6353264773885005,46.696496088054786,0.6353264773885005,,,,,,joint-bundle-1pct-extra,0.01
single,A0352,A0352,1,73.5,0.6609682519729964,48.58116652001523,0.6609682519729964,,,,,,joint-bundle-1pct-extra,0.01
single,A0353,A0353,1,73.5,0.5894709349123456,43.3261137160574,0.5894709349123456,,,,,,joint-bundle-1pct-extra,0.01
single,A0354,A0354,1,74.5,0.5933986049208086,44.208196066600244,0.5933986049208086,,,,,,joint-bundle-1pct-extra,0.01
single,A0357,A0357,1,80.5,0.544172629193834,43.80589665010364,0.544172629193834,,,,,,joint-bundle-1pct-extra,0.01
single,A0358,A0358,1,74.5,0.30744679960596183,22.904786570644156,0.30744679960596183,,,,,,joint-bundle-1pct-extra,0.01
single,A0359,A0359,1,74.0,0.24950418017080178,18.463309332639334,0.24950418017080178,,,,,,joint-bundle-1pct-extra,0.01
single,A0362,A0362,1,74.0,0.506930921832693,37.51288821561928,0.506930921832693,,,,,,joint-bundle-1pct-extra,0.01
single,A0363,A0363,1,69.0,0.7343572365092661,50.67064931913936,0.7343572365092661,,,,,,joint-bundle-1pct-extra,0.01
single,A0365,A0365,1,73.0,0.7186787587856915,52.463549391355485,0.7186787587856915,,,,,,joint-bundle-1pct-extra,0.01
single,A0366,A0366,1,74.0,0.6101810867361409,45.153400418474426,0.6101810867361409,,,,,,joint-bundle-1pct-extra,0.01
single,A0367,A0367,1,73.5,0.7026164939568305,51.64231230582704,0.7026164939568305,,,,,,joint-bundle-1pct-extra,0.01
single,A0368,A0368,1,73.5,0.6599343530902331,48.50517495213213,0.6599343530902331,,,,,,joint-bundle-1pct-extra,0.01
single,A0370,A0370,1,72.0,0.7241583226675153,52.1393992320611,0.7241583226675153,,,,,,joint-bundle-1pct-extra,0.01
single,A0371,A0371,1,73.5,0.702831801938168,51.65813744245535,0.702831801938168,,,,,,joint-bundle-1pct-extra,0.01
single,A0372,A0372,1,73.5,0.5260068353565811,38.66150239870871,0.5260068353565811,,,,,,joint-bundle-1pct-extra,0.01
single,A0373,A0373,1,65.0,0.9748755999293127,63.366913995405326,0.9748755999293127,,,,,,joint-bundle-1pct-extra,0.01
single,A0374,A0374,1,67.0,0.9549375639268296,63.98081678309758,0.9549375639268296,,,,,,joint-bundle-1pct-extra,0.01
single,A0376,A0376,1,73.0,0.5502417816446704,40.16765006006094,0.5502417816446704,,,,,,joint-bundle-1pct-extra,0.01
single,A0377,A0377,1,74.0,0.5346434146374598,39.563612683172025,0.5346434146374598,,,,,,joint-bundle-1pct-extra,0.01
single,A0380,A0380,1,65.0,0.9586738277839882,62.31379880595924,0.9586738277839882,,,,,,joint-bundle-1pct-extra,0.01
single,A0381,A0381,1,73.5,0.6020287699476996,44.24911459115592,0.6020287699476996,,,,,,joint-bundle-1pct-extra,0.01
single,A0382,A0382,1,73.0,0.5639415709882224,41.167734682140235,0.5639415709882224,,,,,,joint-bundle-1pct-extra,0.01
single,A0383,A0383,1,74.0,0.5799928099343452,42.91946793514155,0.5799928099343452,,,,,,joint-bundle-1pct-extra,0.01
single,A0384,A0384,1,67.0,0.9659600823945698,64.71932552043617,0.9659600823945698,,,,,,joint-bundle-1pct-extra,0.01
single,A0385,A0385,1,74.0,0.7167369756875711,53.03853620088026,0.7167369756875711,,,,,,joint-bundle-1pct-extra,0.01
single,A0386,A0386,1,73.0,0.6121040166379293,44.683593214568845,0.6121040166379293,,,,,,joint-bundle-1pct-extra,0.01
single,A0387,A0387,1,73.5,0.6444672944196489,47.36834613984419,0.6444672944196489,,,,,,joint-bundle-1pct-extra,0.01
single,A0388,A0388,1,65.0,0.9787978245324473,63.62185859460908,0.9787978245324473,,,,,,joint-bundle-1pct-extra,0.01
single,A0389,A0389,1,73.5,0.5437829647623906,39.968047910035715,0.5437829647623906,,,,,,joint-bundle-1pct-extra,0.01
single,A0390,A0390,1,66.0,0.9726049364321724,64.19192580452338,0.9726049364321724,,,,,,joint-bundle-1pct-extra,0.01
single,A0391,A0391,1,73.0,0.5411574885758051,39.50449666603377,0.5411574885758051,,,,,,joint-bundle-1pct-extra,0.01
single,A0392,A0392,1,73.0,0.5004855303188737,36.53544371327778,0.5004855303188737,,,,,,joint-bundle-1pct-extra,0.01
single,A0393,A0393,1,73.0,0.7190735175950563,52.49236678443911,0.7190735175950563,,,,,,joint-bundle-1pct-extra,0.01
single,A0394,A0394,1,74.0,0.5606565138817086,41.48858202724644,0.5606565138817086,,,,,,joint-bundle-1pct-extra,0.01
single,A0395,A0395,1,70.0,0.7310408413578693,51.17285889505085,0.7310408413578693,,,,,,joint-bundle-1pct-extra,0.01
single,A0396,A0396,1,73.5,0.49391434554358565,36.302704397453546,0.49391434554358565,,,,,,joint-bundle-1pct-extra,0.01
single,A0397,A0397,1,79.5,0.691941425403995,55.0093433196176,0.691941425403995,,,,,,joint-bundle-1pct-extra,0.01
single,A0398,A0398,1,76.5,0.7068005662438583,54.07024331765516,0.7068005662438583,,,,,,joint-bundle-1pct-extra,0.01
single,A0399,A0399,1,79.5,0.6930747627641763,55.09944363975202,0.6930747627641763,,,,,,joint-bundle-1pct-extra,0.01
single,A0400,A0400,1,81.0,0.6841325458882018,55.41473621694435,0.6841325458882018,,,,,,joint-bundle-1pct-extra,0.01
single,A0401,A0401,1,70.5,0.7278898033452561,51.31623113584055,0.7278898033452561,,,,,,joint-bundle-1pct-extra,0.01
single,A0402,A0402,1,73.0,0.5690711835868445,41.54219640183965,0.5690711835868445,,,,,,joint-bundle-1pct-extra,0.01
single,A0403,A0403,1,74.0,0.5367051244788293,39.71617921143337,0.5367051244788293,,,,,,joint-bundle-1pct-extra,0.01
single,A0404,A0404,1,69.5,0.7375113642451376,51.25703981503707,0.7375113642451376,,,,,,joint-bundle-1pct-extra,0.01
single,A0405,A0405,1,65.0,0.9738467992878401,63.30004195370961,0.9738467992878401,,,,,,joint-bundle-1pct-extra,0.01
single,A0406,A0406,1,70.0,0.7356762875976874,51.49734013183812,0.7356762875976874,,,,,,joint-bundle-1pct-extra,0.01
single,A0407,A0407,1,67.0,0.7449646581166812,49.91263209381764,0.7449646581166812,,,,,,joint-bundle-1pct-extra,0.01
single,A0408,A0408,1,73.0,0.5834518535151944,42.59198530660919,0.5834518535151944,,,,,,joint-bundle-1pct-extra,0.01
single,A0409,A0409,1,67.0,0.9508334900494465,63.70584383331292,0.9508334900494465,,,,,,joint-bundle-1pct-extra,0.01
single,A0410,A0410,1,65.5,0.9719517957843266,63.66284262387339,0.9719517957843266,,,,,,joint-bundle-1pct-extra,0.01
single,A0411,A0411,1,80.0,0.6928045420522209,55.424363364177665,0.6928045420522209,,,,,,joint-bundle-1pct-extra,0.01
single,A0412,A0412,1,73.0,0.5685736251637982,41.505874636957266,0.5685736251637982,,,,,,joint-bundle-1pct-extra,0.01
single,A0413,A0413,1,73.5,0.5109921337318655,37.55792182929211,0.5109921337318655,,,,,,joint-bundle-1pct-extra,0.01
single,A0414,A0414,1,73.5,0.5450774350821053,40.06319147853474,0.5450774350821053,,,,,,joint-bundle-1pct-extra,0.01
single,A0415,A0415,1,65.0,0.9648945590658814,62.71814633928229,0.9648945590658814,,,,,,joint-bundle-1pct-extra,0.01
single,A0416,A0416,1,65.0,0.9462260686927692,61.50469446502999,0.9462260686927692,,,,,,joint-bundle-1pct-extra,0.01
single,A0417,A0417,1,65.0,0.942056494430543,61.233672137985295,0.942056494430543,,,,,,joint-bundle-1pct-extra,0.01
single,A0418,A0418,1,67.5,0.7443135339601187,50.24116354230801,0.7443135339601187,,,,,,joint-bundle-1pct-extra,0.01
single,A0419,A0419,1,65.0,0.9426486622968929,61.27216304929804,0.9426486622968929,,,,,,joint-bundle-1pct-extra,0.01
single,A0420,A0420,1,65.0,0.931660174484708,60.55791134150601,0.931660174484708,,,,,,joint-bundle-1pct-extra,0.01
single,A0421,A0421,1,73.5,0.5867291857482086,43.124595152493335,0.5867291857482086,,,,,,joint-bundle-1pct-extra,0.01
single,A0422,A0422,1,74.5,0.6966593794090838,51.90112376597675,0.6966593794090838,,,,,,joint-bundle-1pct-extra,0.01
single,A0424,A0424,1,67.0,0.7677853329703636,51.44161730901436,0.7677853329703636,,,,,,joint-bundle-1pct-extra,0.01
single,A0425,A0425,1,73.5,0.7187897802536086,52.831048848640236,0.7187897802536086,,,,,,joint-bundle-1pct-extra,0.01
single,A0426,A0426,1,72.0,0.7704761066387305,55.47427967798859,0.7704761066387305,,,,,,joint-bundle-1pct-extra,0.01
single,A0427,A0427,1,74.0,0.6510743694978534,48.17950334284115,0.6510743694978534,,,,,,joint-bundle-1pct-extra,0.01
single,A0428,A0428,1,76.0,0.7065475623435038,53.69761473810629,0.7065475623435038,,,,,,joint-bundle-1pct-extra,0.01
single,A0429,A0429,1,67.0,0.7678422396201334,51.445430054548936,0.7678422396201334,,,,,,joint-bundle-1pct-extra,0.01
single,A0430,A0430,1,74.0,0.6217605822301591,46.01028308503177,0.6217605822301591,,,,,,joint-bundle-1pct-extra,0.01
single,A0431,A0431,1,67.0,0.7680040474593056,51.45627117977347,0.7680040474593056,,,,,,joint-bundle-1pct-extra,0.01
single,A0432,A0432,1,73.0,0.6779031533650958,49.48693019565199,0.6779031533650958,,,,,,joint-bundle-1pct-extra,0.01
single,A0433,A0433,1,73.5,0.6468307937259707,47.54206333885885,0.6468307937259707,,,,,,joint-bundle-1pct-extra,0.01
single,A0434,A0434,1,73.5,0.6674514823131329,49.05768395001527,0.6674514823131329,,,,,,joint-bundle-1pct-extra,0.01
single,A0435,A0435,1,71.5,0.7303703437561629,52.22147957856565,0.7303703437561629,,,,,,joint-bundle-1pct-extra,0.01
single,A0436,A0436,1,78.0,0.6986637289066636,54.495770854719765,0.6986637289066636,,,,,,joint-bundle-1pct-extra,0.01
single,A0437,A0437,1,74.0,0.7191054991688548,53.21380693849525,0.7191054991688548,,,,,,joint-bundle-1pct-extra,0.01
single,A0438,A0438,1,71.0,0.7290990329018314,51.76603133603003,0.7290990329018314,,,,,,joint-bundle-1pct-extra,0.01
single,A0439,A0439,1,70.5,0.7347526245040056,51.800060027532396,0.7347526245040056,,,,,,joint-bundle-1pct-extra,0.01
single,A0440,A0440,1,77.5,0.5732101251378353,44.42378469818224,0.5732101251378353,,,,,,joint-bundle-1pct-extra,0.01
single,A0441,A0441,1,75.0,0.2943003679357324,22.072527595179928,0.2943003679357324,,,,,,joint-bundle-1pct-extra,0.01
single,A0442,A0442,1,77.0,0.483880596489897,37.25880592972207,0.483880596489897,,,,,,joint-bundle-1pct-extra,0.01
single,A0443,A0443,1,81.0,0.48724627593240943,39.466948350525165,0.48724627593240943,,,,,,joint-bundle-1pct-extra,0.01
single,A0444,A0444,1,74.5,0.5139370466633456,38.28830997641925,0.5139370466633456,,,,,,joint-bundle-1pct-extra,0.01
single,A0448,A0448,1,75.0,0.26272154837201106,19.70411612790083,0.26272154837201106,,,,,,joint-bundle-1pct-extra,0.01
single,A0449,A0449,1,74.0,0.4857570134494384,35.94601899525844,0.4857570134494384,,,,,,joint-bundle-1pct-extra,0.01
single,A0450,A0450,1,85.0,0.5613407241048513,47.71396154891236,0.5613407241048513,,,,,,joint-bundle-1pct-extra,0.01
single,A0455,A0455,1,80.0,0.41478829579420184,33.183063663536146,0.41478829579420184,,,,,,joint-bundle-1pct-extra,0.01
single,A0457,A0457,1,70.0,0.731859457249962,51.23016200749734,0.731859457249962,,,,,,joint-bundle-1pct-extra,0.01
single,A0459,A0459,1,65.0,0.9776073172538357,63.544475621499316,0.9776073172538357,,,,,,joint-bundle-1pct-extra,0.01
single,A0460,A0460,1,82.5,0.6709916698197036,55.35681276012555,0.6709916698197036,,,,,,joint-bundle-1pct-extra,0.01
single,A0461,A0461,1,73.5,0.5395423759441177,39.65636463189265,0.5395423759441177,,,,,,joint-bundle-1pct-extra,0.01
single,A0463,A0463,1,73.0,0.5743642776978579,41.92859227194363,0.5743642776978579,,,,,,joint-bundle-1pct-extra,0.01
single,A0464,A0464,1,73.5,0.3085449466910899,22.67805358179511,0.3085449466910899,,,,,,joint-bundle-1pct-extra,0.01
single,A0466,A0466,1,75.0,0.3829354451369564,28.720158385271727,0.3829354451369564,,,,,,joint-bundle-1pct-extra,0.01
single,A0468,A0468,1,85.0,0.43186575962042323,36.70858956773598,0.43186575962042323,,,,,,joint-bundle-1pct-extra,0.01
single,A0469,A0469,1,73.0,0.6002816840706777,43.82056293715947,0.6002816840706777,,,,,,joint-bundle-1pct-extra,0.01
single,A0470,A0470,1,73.5,0.7194521922114073,52.879736127538436,0.7194521922114073,,,,,,joint-bundle-1pct-extra,0.01
single,A0471,A0471,1,85.0,0.650897898509025,55.32632137326713,0.650897898509025,,,,,,joint-bundle-1pct-extra,0.01
single,A0472,A0472,1,73.0,0.5463416319440384,39.8829391319148,0.5463416319440384,,,,,,joint-bundle-1pct-extra,0.01
single,A0473,A0473,1,74.0,0.6775718352161977,50.140315805998625,0.6775718352161977,,,,,,joint-bundle-1pct-extra,0.01
single,A0475,A0475,1,73.5,0.6778719690985379,49.82358972874253,0.6778719690985379,,,,,,joint-bundle-1pct-extra,0.01
single,A0476,A0476,1,73.0,0.6144443766174181,44.854439493071524,0.6144443766174181,,,,,,joint-bundle-1pct-extra,0.01
single,A0477,A0477,1,85.0,0.6413678142132211,54.51626420812379,0.6413678142132211,,,,,,joint-bundle-1pct-extra,0.01
single,A0478,A0478,1,85.0,0.6453456976512418,54.854384300355555,0.6453456976512418,,,,,,joint-bundle-1pct-extra,0.01
single,A0479,A0479,1,65.0,0.9068489904457392,58.945184378973046,0.9068489904457392,,,,,,joint-bundle-1pct-extra,0.01
single,A0480,A0480,1,74.5,0.5215177095184119,38.85306935912169,0.5215177095184119,,,,,,joint-bundle-1pct-extra,0.01
single,A0481,A0481,1,82.0,0.6764531392682871,55.46915741999954,0.6764531392682871,,,,,,joint-bundle-1pct-extra,0.01
single,A0482,A0482,1,73.5,0.6516228241380543,47.89427757414699,0.6516228241380543,,,,,,joint-bundle-1pct-extra,0.01
single,A0483,A0483,1,65.0,0.9080716795382953,59.02465916998919,0.9080716795382953,,,,,,joint-bundle-1pct-extra,0.01
single,A0484,A0484,1,73.5,0.5814725522164826,42.738232587911476,0.5814725522164826,,,,,,joint-bundle-1pct-extra,0.01
single,A0485,A0485,1,73.5,0.6443596758738527,47.36043617672817,0.6443596758738527,,,,,,joint-bundle-1pct-extra,0.01
single,A0486,A0486,1,65.0,0.8993153590855482,58.45549834056063,0.8993153590855482,,,,,,joint-bundle-1pct-extra,0.01
single,A0487,A0487,1,78.5,0.5618323545010749,44.10383982833438,0.5618323545010749,,,,,,joint-bundle-1pct-extra,0.01
single,A0488,A0488,1,80.0,0.6188782482909084,49.51025986327267,0.6188782482909084,,,,,,joint-bundle-1pct-extra,0.01
single,A0489,A0489,1,65.0,0.8804357475228536,57.22832358898548,0.8804357475228536,,,,,,joint-bundle-1pct-extra,0.01
single,A0490,A0490,1,73.5,0.5833328873716552,42.87496722181666,0.5833328873716552,,,,,,joint-bundle-1pct-extra,0.01
single,A0491,A0491,1,65.0,0.958010322406643,62.27067095643179,0.958010322406643,,,,,,joint-bundle-1pct-extra,0.01
single,A0492,A0492,1,65.0,0.943613084214507,61.33485047394295,0.943613084214507,,,,,,joint-bundle-1pct-extra,0.01
single,A0493,A0493,1,78.0,0.5290738694117259,41.267761814114614,0.5290738694117259,,,,,,joint-bundle-1pct-extra,0.01
single,A0494,A0494,1,65.0,0.9623273592853934,62.55127835355057,0.9623273592853934,,,,,,joint-bundle-1pct-extra,0.01
single,A0495,A0495,1,65.0,0.9694739571705461,63.01580721608549,0.9694739571705461,,,,,,joint-bundle-1pct-extra,0.01
single,A0496,A0496,1,65.0,0.9614780672711367,62.49607437262389,0.9614780672711367,,,,,,joint-bundle-1pct-extra,0.01
single,A0497,A0497,1,65.0,0.9376028791583548,60.944187145293064,0.9376028791583548,,,,,,joint-bundle-1pct-extra,0.01
single,A0498,A0498,1,65.0,0.948352163120182,61.64289060281183,0.948352163120182,,,,,,joint-bundle-1pct-extra,0.01
single,A0499,A0499,1,78.0,0.6638869557323045,51.78318254711975,0.6638869557323045,,,,,,joint-bundle-1pct-extra,0.01
single,A0500,A0500,1,65.0,0.8708208025078995,56.60335216301347,0.8708208025078995,,,,,,joint-bundle-1pct-extra,0.01
single,A0501,A0501,1,65.0,0.9151521567561284,59.484890189148345,0.9151521567561284,,,,,,joint-bundle-1pct-extra,0.01
single,A0502,A0502,1,78.0,0.6761922801039219,52.7429978481059,0.6761922801039219,,,,,,joint-bundle-1pct-extra,0.01
single,A0503,A0503,1,78.0,0.6742569401844039,52.5920413343835,0.6742569401844039,,,,,,joint-bundle-1pct-extra,0.01
single,A0504,A0504,1,65.0,0.9273225935035326,60.27596857772962,0.9273225935035326,,,,,,joint-bundle-1pct-extra,0.01
single,A0505,A0505,1,65.0,0.9737458162100782,63.29347805365508,0.9737458162100782,,,,,,joint-bundle-1pct-extra,0.01
single,A0506,A0506,1,65.0,0.9312652702702942,60.53224256756912,0.9312652702702942,,,,,,joint-bundle-1pct-extra,0.01
single,A0507,A0507,1,65.0,0.9303746312837929,60.47435103344654,0.9303746312837929,,,,,,joint-bundle-1pct-extra,0.01
single,A0508,A0508,1,65.0,0.9365207356132659,60.87384781486228,0.9365207356132659,,,,,,joint-bundle-1pct-extra,0.01
single,A0509,A0509,1,65.0,0.9047215048970952,58.80689781831119,0.9047215048970952,,,,,,joint-bundle-1pct-extra,0.01
single,A0510,A0510,1,78.0,0.6272313762994614,48.924047351357984,0.6272313762994614,,,,,,joint-bundle-1pct-extra,0.01
single,A0511,A0511,1,65.0,0.8438052928257407,54.847344033673146,0.8438052928257407,,,,,,joint-bundle-1pct-extra,0.01
single,A0512,A0512,1,65.0,0.971280978452884,63.133263599437456,0.971280978452884,,,,,,joint-bundle-1pct-extra,0.01
single,A0513,A0513,1,65.0,0.8862736094307019,57.60778461299562,0.8862736094307019,,,,,,joint-bundle-1pct-extra,0.01
single,A0514,A0514,1,80.5,0.566658740985132,45.616028649303125,0.566658740985132,,,,,,joint-bundle-1pct-extra,0.01
single,A0515,A0515,1,65.0,0.9694208689361441,63.01235648084937,0.9694208689361441,,,,,,joint-bundle-1pct-extra,0.01
single,A0516,A0516,1,65.0,0.8988838404153606,58.42744962699844,0.8988838404153606,,,,,,joint-bundle-1pct-extra,0.01
single,A0517,A0517,1,65.0,0.9671271537918592,62.863264996470846,0.9671271537918592,,,,,,joint-bundle-1pct-extra,0.01
single,A0518,A0518,1,65.0,0.9638854685775681,62.65255545754192,0.9638854685775681,,,,,,joint-bundle-1pct-extra,0.01
single,A0519,A0519,1,65.0,0.960501342017144,62.43258723111436,0.960501342017144,,,,,,joint-bundle-1pct-extra,0.01
single,A0520,A0520,1,65.0,0.9622923460761729,62.54900249495124,0.9622923460761729,,,,,,joint-bundle-1pct-extra,0.01
single,A0521,A0521,1,65.0,0.9220269742363201,59.9317533253608,0.9220269742363201,,,,,,joint-bundle-1pct-extra,0.01
single,A0522,A0522,1,78.0,0.6314752854520685,49.25507226526135,0.6314752854520685,,,,,,joint-bundle-1pct-extra,0.01
single,A0523,A0523,1,67.0,0.9270137048364,62.1099182240388,0.9270137048364,,,,,,joint-bundle-1pct-extra,0.01
single,A0524,A0524,1,65.0,0.9060995913574007,58.89647343823105,0.9060995913574007,,,,,,joint-bundle-1pct-extra,0.01
single,A0525,A0525,1,65.0,0.8521731432637731,55.39125431214526,0.8521731432637731,,,,,,joint-bundle-1pct-extra,0.01
single,A0526,A0526,1,65.0,0.9481770626195795,61.631509070272664,0.9481770626195795,,,,,,joint-bundle-1pct-extra,0.01
single,A0527,A0527,1,65.0,0.9451807677663809,61.43674990481476,0.9451807677663809,,,,,,joint-bundle-1pct-extra,0.01
single,A0528,A0528,1,65.0,0.976644110297801,63.48186716935706,0.976644110297801,,,,,,joint-bundle-1pct-extra,0.01
single,A0529,A0529,1,65.0,0.916851292463437,59.5953340101234,0.916851292463437,,,,,,joint-bundle-1pct-extra,0.01
single,A0530,A0530,1,65.0,0.9408958348261992,61.15822926370295,0.9408958348261992,,,,,,joint-bundle-1pct-extra,0.01
single,A0531,A0531,1,65.0,0.9564964721585246,62.1722706903041,0.9564964721585246,,,,,,joint-bundle-1pct-extra,0.01
single,A0532,A0532,1,65.0,0.9659590872612416,62.7873406719807,0.9659590872612416,,,,,,joint-bundle-1pct-extra,0.01
single,A0533,A0533,1,65.0,0.9443137035843635,61.38039073298363,0.9443137035843635,,,,,,joint-bundle-1pct-extra,0.01
single,A0534,A0534,1,65.0,0.9446172220337502,61.40011943219376,0.9446172220337502,,,,,,joint-bundle-1pct-extra,0.01
single,A0535,A0535,1,65.0,0.9502142975803041,61.76392934271976,0.9502142975803041,,,,,,joint-bundle-1pct-extra,0.01
single,A0536,A0536,1,65.0,0.9548631196932723,62.0661027800627,0.9548631196932723,,,,,,joint-bundle-1pct-extra,0.01
single,A0537,A0537,1,65.0,0.8947951442778199,58.1616843780583,0.8947951442778199,,,,,,joint-bundle-1pct-extra,0.01
single,A0538,A0538,1,69.5,0.7348838494726305,51.07442753834782,0.7348838494726305,,,,,,joint-bundle-1pct-extra,0.01
single,A0539,A0539,1,65.0,0.9642272506954446,62.6747712952039,0.9642272506954446,,,,,,joint-bundle-1pct-extra,0.01
single,A0540,A0540,1,77.0,0.7015805735567062,54.02170416386638,0.7015805735567062,,,,,,joint-bundle-1pct-extra,0.01
single,A0541,A0541,1,74.0,0.7163600419041481,53.01064310090696,0.7163600419041481,,,,,,joint-bundle-1pct-extra,0.01
single,A0542,A0542,1,78.0,0.5816457284356904,45.368366817983855,0.5816457284356904,,,,,,joint-bundle-1pct-extra,0.01
single,A0543,A0543,1,74.5,0.7145655055253454,53.23513016163823,0.7145655055253454,,,,,,joint-bundle-1pct-extra,0.01
single,A0544,A0544,1,67.0,0.7434313495593631,49.80990042047733,0.7434313495593631,,,,,,joint-bundle-1pct-extra,0.01
single,A0545,A0545,1,73.0,0.7220208829230892,52.70752445338551,0.7220208829230892,,,,,,joint-bundle-1pct-extra,0.01
single,A0546,A0546,1,72.0,0.721934885051064,51.9793117236766,0.721934885051064,,,,,,joint-bundle-1pct-extra,0.01
single,A0547,A0547,1,79.0,0.6963893555671108,55.01475908980175,0.6963893555671108,,,,,,joint-bundle-1pct-extra,0.01
single,A0548,A0548,1,69.0,0.7345491776758055,50.68389325963058,0.7345491776758055,,,,,,joint-bundle-1pct-extra,0.01
single,A0549,A0549,1,76.5,0.7093159547642941,54.2626705394685,0.7093159547642941,,,,,,joint-bundle-1pct-extra,0.01
single,A0550,A0550,1,69.0,0.7367971998000364,50.83900678620252,0.7367971998000364,,,,,,joint-bundle-1pct-extra,0.01
single,A0551,A0551,1,74.5,0.713312204916344,53.14175926626763,0.713312204916344,,,,,,joint-bundle-1pct-extra,0.01
single,A0552,A0552,1,67.5,0.7449885001906,50.2867237628655,0.7449885001906,,,,,,joint-bundle-1pct-extra,0.01
single,A0553,A0553,1,76.0,0.6987743613665478,53.10685146385763,0.6987743613665478,,,,,,joint-bundle-1pct-extra,0.01
single,A0554,A0554,1,72.5,0.7237320215521976,52.470571562534325,0.7237320215521976,,,,,,joint-bundle-1pct-extra,0.01
single,A0555,A0555,1,73.0,0.7200925026076583,52.56675269035906,0.7200925026076583,,,,,,joint-bundle-1pct-extra,0.01
single,A0556,A0556,1,75.0,0.715146936531406,53.636020239855455,0.715146936531406,,,,,,joint-bundle-1pct-extra,0.01
single,A0557,A0557,1,75.0,0.7160174898038194,53.70131173528645,0.7160174898038194,,,,,,joint-bundle-1pct-extra,0.01
single,A0558,A0558,1,72.5,0.7235397815338169,52.45663416120173,0.7235397815338169,,,,,,joint-bundle-1pct-extra,0.01
single,A0559,A0559,1,70.5,0.7288099925967493,51.381104478070824,0.7288099925967493,,,,,,joint-bundle-1pct-extra,0.01
single,A0560,A0560,1,72.5,0.7264247817289015,52.665796675345355,0.7264247817289015,,,,,,joint-bundle-1pct-extra,0.01
single,A0561,A0561,1,72.5,0.7212229769330909,52.28866582764909,0.7212229769330909,,,,,,joint-bundle-1pct-extra,0.01
single,A0562,A0562,1,81.0,0.66633107014386,53.97281668165265,0.66633107014386,,,,,,joint-bundle-1pct-extra,0.01
single,A0563,A0563,1,74.0,0.7178223424303205,53.11885333984372,0.7178223424303205,,,,,,joint-bundle-1pct-extra,0.01
single,A0564,A0564,1,74.5,0.7159596337526632,53.338992714573415,0.7159596337526632,,,,,,joint-bundle-1pct-extra,0.01
single,A0565,A0565,1,69.0,0.7363879538339818,50.810768814544744,0.7363879538339818,,,,,,joint-bundle-1pct-extra,0.01
single,A0566,A0566,1,68.5,0.7413567114381713,50.782934733514736,0.7413567114381713,,,,,,joint-bundle-1pct-extra,0.01
single,A0567,A0567,1,76.5,0.7093159547642941,54.2626705394685,0.7093159547642941,,,,,,joint-bundle-1pct-extra,0.01
single,A0568,A0568,1,74.0,0.6756967495271949,50.00155946501243,0.6756967495271949,,,,,,joint-bundle-1pct-extra,0.01
single,A0569,A0569,1,68.5,0.7394614130570647,50.653106794408934,0.7394614130570647,,,,,,joint-bundle-1pct-extra,0.01
single,A0570,A0570,1,74.0,0.7193959655495982,53.23530145067026,0.7193959655495982,,,,,,joint-bundle-1pct-extra,0.01
single,A0571,A0571,1,69.0,0.7340817165490144,50.651638441882,0.7340817165490144,,,,,,joint-bundle-1pct-extra,0.01
single,A0572,A0572,1,74.5,0.5113898202709243,38.09854161018386,0.5113898202709243,,,,,,joint-bundle-1pct-extra,0.01
single,A0573,A0573,1,74.5,0.7041592087491652,52.4598610518128,0.7041592087491652,,,,,,joint-bundle-1pct-extra,0.01
single,A0574,A0574,1,76.0,0.71154386764147,54.07733394075172,0.71154386764147,,,,,,joint-bundle-1pct-extra,0.01
single,A0575,A0575,1,71.0,0.7258987623547815,51.53881212718948,0.7258987623547815,,,,,,joint-bundle-1pct-extra,0.01
single,A0576,A0576,1,74.0,0.7140563913240622,52.8401729579806,0.7140563913240622,,,,,,joint-bundle-1pct-extra,0.01
single,A0577,A0577,1,73.5,0.5305231042870954,38.99344816510151,0.5305231042870954,,,,,,joint-bundle-1pct-extra,0.01
single,A0578,A0578,1,69.0,0.7397085532472589,51.039890174060865,0.7397085532472589,,,,,,joint-bundle-1pct-extra,0.01
single,A0579,A0579,1,75.5,0.5581621273859081,42.14124061763606,0.5581621273859081,,,,,,joint-bundle-1pct-extra,0.01
single,A0580,A0580,1,74.0,0.7140563913240622,52.8401729579806,0.7140563913240622,,,,,,joint-bundle-1pct-extra,0.01
single,A0581,A0581,1,80.5,0.6369038020750483,51.27075606704138,0.6369038020750483,,,,,,joint-bundle-1pct-extra,0.01
single,A0582,A0582,1,74.0,0.48679664377174064,36.02295163910881,0.48679664377174064,,,,,,joint-bundle-1pct-extra,0.01
single,A0583,A0583,1,73.5,0.5309879336822408,39.0276131256447,0.5309879336822408,,,,,,joint-bundle-1pct-extra,0.01
single,A0584,A0584,1,71.5,0.7308466098208929,52.25553260219384,0.7308466098208929,,,,,,joint-bundle-1pct-extra,0.01
single,A0585,A0585,1,73.5,0.718325308271521,52.79691015795679,0.718325308271521,,,,,,joint-bundle-1pct-extra,0.01
single,A0586,A0586,1,76.0,0.6543001827393508,49.726813888190655,0.6543001827393508,,,,,,joint-bundle-1pct-extra,0.01
single,A0587,A0587,1,73.0,0.7247185781831248,52.90445620736811,0.7247185781831248,,,,,,joint-bundle-1pct-extra,0.01
single,A0588,A0588,1,73.5,0.5737787277016797,42.17273648607346,0.5737787277016797,,,,,,joint-bundle-1pct-extra,0.01
single,A0589,A0589,1,69.5,0.7378282458496522,51.27906308655083,0.7378282458496522,,,,,,joint-bundle-1pct-extra,0.01
single,A0590,A0590,1,68.5,0.7373250998253675,50.50676933803768,0.7373250998253675,,,,,,joint-bundle-1pct-extra,0.01
single,A0591,A0591,1,73.0,0.630503113944133,46.02672731792171,0.630503113944133,,,,,,joint-bundle-1pct-extra,0.01
single,A0592,A0592,1,74.0,0.6070451666985375,44.921342335691776,0.6070451666985375,,,,,,joint-bundle-1pct-extra,0.01
single,A0593,A0593,1,74.0,0.6190593958698001,45.81039529436521,0.6190593958698001,,,,,,joint-bundle-1pct-extra,0.01
single,A0594,A0594,1,73.0,0.7195465197386741,52.52689594092321,0.7195465197386741,,,,,,joint-bundle-1pct-extra,0.01
single,A0595,A0595,1,74.0,0.6390948705675754,47.29302042200058,0.6390948705675754,,,,,,joint-bundle-1pct-extra,0.01
single,A0596,A0596,1,74.5,0.7173662792122371,53.44378780131166,0.7173662792122371,,,,,,joint-bundle-1pct-extra,0.01
single,A0597,A0597,1,73.0,0.6284258797927154,45.87508922486822,0.6284258797927154,,,,,,joint-bundle-1pct-extra,0.01
single,A0598,A0598,1,73.5,0.6495489553566263,47.74184821871203,0.6495489553566263,,,,,,joint-bundle-1pct-extra,0.01
single,A0599,A0599,1,74.5,0.6826061180623355,50.854155795644,0.6826061180623355,,,,,,joint-bundle-1pct-extra,0.01
single,A0600,A0600,1,74.0,0.6449539392868466,47.72659150722665,0.6449539392868466,,,,,,joint-bundle-1pct-extra,0.01
single,A0601,A0601,1,74.0,0.6795356851769239,50.28564070309237,0.6795356851769239,,,,,,joint-bundle-1pct-extra,0.01
single,A0602,A0602,1,73.5,0.6011310186176194,44.18312986839503,0.6011310186176194,,,,,,joint-bundle-1pct-extra,0.01
single,A0603,A0603,1,74.0,0.5946530807792219,44.00432797766242,0.5946530807792219,,,,,,joint-bundle-1pct-extra,0.01
single,A0604,A0604,1,72.0,0.725248138469533,52.217865969806375,0.725248138469533,,,,,,joint-bundle-1pct-extra,0.01
single,A0605,A0605,1,74.0,0.5378248872749035,39.79904165834286,0.5378248872749035,,,,,,joint-bundle-1pct-extra,0.01
single,A0606,A0606,1,73.5,0.6162718036566084,45.29597756876072,0.6162718036566084,,,,,,joint-bundle-1pct-extra,0.01
single,A0607,A0607,1,74.0,0.673598047452961,49.84625551151912,0.673598047452961,,,,,,joint-bundle-1pct-extra,0.01
single,A0608,A0608,1,74.0,0.654945709587006,48.46598250943845,0.654945709587006,,,,,,joint-bundle-1pct-extra,0.01
single,A0609,A0609,1,73.5,0.5850390137801302,43.000367512839574,0.5850390137801302,,,,,,joint-bundle-1pct-extra,0.01
single,A0610,A0610,1,72.0,0.7220897420040193,51.99046142428939,0.7220897420040193,,,,,,joint-bundle-1pct-extra,0.01
single,A0611,A0611,1,73.5,0.5683744917195105,41.77552514138402,0.5683744917195105,,,,,,joint-bundle-1pct-extra,0.01
single,A0612,A0612,1,65.0,0.9413274710532504,61.18628561846128,0.9413274710532504,,,,,,joint-bundle-1pct-extra,0.01
single,A0613,A0613,1,78.0,0.6643736768609555,51.821146795154526,0.6643736768609555,,,,,,joint-bundle-1pct-extra,0.01
single,A0614,A0614,1,74.0,0.6116025585436035,45.258589332226656,0.6116025585436035,,,,,,joint-bundle-1pct-extra,0.01
single,A0615,A0615,1,65.0,0.8586581765309159,55.812781474509535,0.8586581765309159,,,,,,joint-bundle-1pct-extra,0.01
single,A0616,A0616,1,74.0,0.643387030840622,47.61064028220603,0.643387030840622,,,,,,joint-bundle-1pct-extra,0.01
single,A0617,A0617,1,73.5,0.6514571935317716,47.88210372458521,0.6514571935317716,,,,,,joint-bundle-1pct-extra,0.01
single,A0618,A0618,1,65.0,0.8795014731884457,57.167595757248975,0.8795014731884457,,,,,,joint-bundle-1pct-extra,0.01
single,A0619,A0619,1,65.0,0.9423577346062452,61.25325274940594,0.9423577346062452,,,,,,joint-bundle-1pct-extra,0.01
single,A0620,A0620,1,65.0,0.9392917838721077,61.053965951687,0.9392917838721077,,,,,,joint-bundle-1pct-extra,0.01
single,A0621,A0621,1,78.0,0.6694275517398656,52.215349035709515,0.6694275517398656,,,,,,joint-bundle-1pct-extra,0.01
single,A0622,A0622,1,65.0,0.848694134019116,55.16511871124254,0.848694134019116,,,,,,joint-bundle-1pct-extra,0.01
single,A0623,A0623,1,65.0,0.9088994175045609,59.078462137796464,0.9088994175045609,,,,,,joint-bundle-1pct-extra,0.01
single,A0624,A0624,1,65.0,0.9232006514037262,60.0080423412422,0.9232006514037262,,,,,,joint-bundle-1pct-extra,0.01
single,A0625,A0625,1,79.0,0.6912918679440442,54.61205756757949,0.6912918679440442,,,,,,joint-bundle-1pct-extra,0.01
single,A0626,A0626,1,78.0,0.6412299540994344,50.01593641975588,0.6412299540994344,,,,,,joint-bundle-1pct-extra,0.01
single,A0627,A0627,1,78.0,0.6619082598265785,51.62884426647312,0.6619082598265785,,,,,,joint-bundle-1pct-extra,0.01
single,A0628,A0628,1,65.0,0.9060995913574007,58.89647343823105,0.9060995913574007,,,,,,joint-bundle-1pct-extra,0.01
single,A0629,A0629,1,65.0,0.9725700500432399,63.217053252810594,0.9725700500432399,,,,,,joint-bundle-1pct-extra,0.01
single,A0630,A0630,1,65.0,0.9066611748679769,58.9329763664185,0.9066611748679769,,,,,,joint-bundle-1pct-extra,0.01
single,A0631,A0631,1,65.0,0.922928205914412,59.99033338443678,0.922928205914412,,,,,,joint-bundle-1pct-extra,0.01
single,A0632,A0632,1,65.0,0.8764848755731044,56.971516912251786,0.8764848755731044,,,,,,joint-bundle-1pct-extra,0.01
single,A0633,A0633,1,65.0,0.9562344649596757,62.15524022237892,0.9562344649596757,,,,,,joint-bundle-1pct-extra,0.01
single,A0634,A0634,1,65.0,0.9708013824030288,63.102089856196876,0.9708013824030288,,,,,,joint-bundle-1pct-extra,0.01
single,A0635,A0635,1,78.0,0.7022307035943265,54.77399488035746,0.7022307035943265,,,,,,joint-bundle-1pct-extra,0.01
single,A0636,A0636,1,65.0,0.9331503563494764,60.65477316271597,0.9331503563494764,,,,,,joint-bundle-1pct-extra,0.01
single,A0637,A0637,1,78.0,0.5777173695168054,45.061954822310824,0.5777173695168054,,,,,,joint-bundle-1pct-extra,0.01
single,A0638,A0638,1,65.0,0.9244669073850693,60.0903489800295,0.9244669073850693,,,,,,joint-bundle-1pct-extra,0.01
single,A0639,A0639,1,65.0,0.8980351463627912,58.372284513581434,0.8980351463627912,,,,,,joint-bundle-1pct-extra,0.01
single,A0640,A0640,1,83.0,0.6642998578796462,55.13688820401063,0.6642998578796462,,,,,,joint-bundle-1pct-extra,0.01
single,A0641,A0641,1,78.0,0.5522157928551744,43.07283184270361,0.5522157928551744,,,,,,joint-bundle-1pct-extra,0.01
single,A0642,A0642,1,82.0,0.6765018335383707,55.4731503501464,0.6765018335383707,,,,,,joint-bundle-1pct-extra,0.01
single,A0643,A0643,1,76.0,0.5626412289983854,42.76073340387729,0.5626412289983854,,,,,,joint-bundle-1pct-extra,0.01
single,A0644,A0644,1,83.0,0.6585718814780293,54.661466162676426,0.6585718814780293,,,,,,joint-bundle-1pct-extra,0.01
single,A0645,A0645,1,65.0,0.9784196301096912,63.59727595712993,0.9784196301096912,,,,,,joint-bundle-1pct-extra,0.01
single,A0646,A0646,1,65.0,0.9381459498511006,60.97948674032153,0.9381459498511006,,,,,,joint-bundle-1pct-extra,0.01
single,A0647,A0647,1,65.0,0.9447745560410692,61.410346142669496,0.9447745560410692,,,,,,joint-bundle-1pct-extra,0.01
single,A0648,A0648,1,65.0,0.9556828484021838,62.119385146141944,0.9556828484021838,,,,,,joint-bundle-1pct-extra,0.01
single,A0649,A0649,1,78.0,0.6511588511997906,50.790390393583664,0.6511588511997906,,,,,,joint-bundle-1pct-extra,0.01
single,A0650,A0650,1,65.0,0.9725223354233602,63.213951802518416,0.9725223354233602,,,,,,joint-bundle-1pct-extra,0.01
single,A0651,A0651,1,65.0,0.959339037099903,62.35703741149369,0.959339037099903,,,,,,joint-bundle-1pct-extra,0.01
single,A0652,A0652,1,78.0,0.6493840571596441,50.65195645845224,0.6493840571596441,,,,,,joint-bundle-1pct-extra,0.01
single,A0653,A0653,1,65.0,0.9538955809044536,62.00321275878948,0.9538955809044536,,,,,,joint-bundle-1pct-extra,0.01
single,A0654,A0654,1,71.0,0.7302560929395814,51.84818259871028,0.7302560929395814,,,,,,joint-bundle-1pct-extra,0.01
single,A0655,A0655,1,71.5,0.7308466098208929,52.25553260219384,0.7308466098208929,,,,,,joint-bundle-1pct-extra,0.01
single,A0656,A0656,1,72.0,0.7254951420077148,52.235650224555464,0.7254951420077148,,,,,,joint-bundle-1pct-extra,0.01
single,A0657,A0657,1,67.0,0.7424237029603622,49.742388098344264,0.7424237029603622,,,,,,joint-bundle-1pct-extra,0.01
single,A0658,A0658,1,82.0,0.6438997826298696,52.799782175649305,0.6438997826298696,,,,,,joint-bundle-1pct-extra,0.01
single,A0659,A0659,1,74.5,0.7176287791112779,53.4633440437902,0.7176287791112779,,,,,,joint-bundle-1pct-extra,0.01
single,A0660,A0660,1,73.5,0.7156261602703697,52.59852277987218,0.7156261602703697,,,,,,joint-bundle-1pct-extra,0.01
single,A0661,A0661,1,73.5,0.7156261602703697,52.59852277987218,0.7156261602703697,,,,,,joint-bundle-1pct-extra,0.01
single,A0662,A0662,1,67.0,0.7566637250153704,50.69646957602981,0.7566637250153704,,,,,,joint-bundle-1pct-extra,0.01
single,A0663,A0663,1,73.5,0.5832125579793609,42.866123011483026,0.5832125579793609,,,,,,joint-bundle-1pct-extra,0.01
single,A0664,A0664,1,74.5,0.7146337598952569,53.24021511219664,0.7146337598952569,,,,,,joint-bundle-1pct-extra,0.01
single,A0665,A0665,1,67.0,0.7550154813188977,50.58603724836615,0.7550154813188977,,,,,,joint-bundle-1pct-extra,0.01
single,A0666,A0666,1,66.0,0.7469486757943575,49.298612602427596,0.7469486757943575,,,,,,joint-bundle-1pct-extra,0.01
single,A0667,A0667,1,68.5,0.73931281503196,50.64292782968926,0.73931281503196,,,,,,joint-bundle-1pct-extra,0.01
single,A0668,A0668,1,70.5,0.7288078853701833,51.38095591859792,0.7288078853701833,,,,,,joint-bundle-1pct-extra,0.01
single,A0669,A0669,1,76.5,0.7042587045909079,53.875790901204454,0.7042587045909079,,,,,,joint-bundle-1pct-extra,0.01
single,A0670,A0670,1,80.5,0.5949425900717594,47.89287850077663,0.5949425900717594,,,,,,joint-bundle-1pct-extra,0.01
single,A0671,A0671,1,74.0,0.7191651933115482,53.21822430505456,0.7191651933115482,,,,,,joint-bundle-1pct-extra,0.01
single,A0672,A0672,1,71.0,0.7301543711674429,51.840960352888445,0.7301543711674429,,,,,,joint-bundle-1pct-extra,0.01
single,A0673,A0673,1,71.5,0.7283527342795244,52.077220500985995,0.7283527342795244,,,,,,joint-bundle-1pct-extra,0.01
single,A0674,A0674,1,67.0,0.7447583739110245,49.89881105203864,0.7447583739110245,,,,,,joint-bundle-1pct-extra,0.01
single,A0675,A0675,1,76.5,0.7093159547642941,54.2626705394685,0.7093159547642941,,,,,,joint-bundle-1pct-extra,0.01
single,A0676,A0676,1,68.5,0.7391773306061624,50.63364714652212,0.7391773306061624,,,,,,joint-bundle-1pct-extra,0.01
single,A0677,A0677,1,69.5,0.7386080514961648,51.33325957898346,0.7386080514961648,,,,,,joint-bundle-1pct-extra,0.01
single,A0678,A0678,1,69.5,0.7330794740879736,50.949023449114165,0.7330794740879736,,,,,,joint-bundle-1pct-extra,0.01
single,A0679,A0679,1,71.0,0.7291529799076755,51.769861573444956,0.7291529799076755,,,,,,joint-bundle-1pct-extra,0.01
single,A0680,A0680,1,74.5,0.7165203808117853,53.380768370478,0.7165203808117853,,,,,,joint-bundle-1pct-extra,0.01
single,A0681,A0681,1,70.0,0.7331249681484142,51.318747770388995,0.7331249681484142,,,,,,joint-bundle-1pct-extra,0.01
single,A0682,A0682,1,71.0,0.7307205850131157,51.88116153593121,0.7307205850131157,,,,,,joint-bundle-1pct-extra,0.01
single,A0683,A0683,1,71.5,0.7283527342795244,52.077220500985995,0.7283527342795244,,,,,,joint-bundle-1pct-extra,0.01
single,A0684,A0684,1,70.5,0.7337022355134424,51.72600760369769,0.7337022355134424,,,,,,joint-bundle-1pct-extra,0.01
single,A0685,A0685,1,65.0,0.8907381782783536,57.89798158809298,0.8907381782783536,,,,,,joint-bundle-1pct-extra,0.01
single,A0686,A0686,1,67.0,0.949648314103687,63.62643704494703,0.949648314103687,,,,,,joint-bundle-1pct-extra,0.01
single,A0687,A0687,1,65.0,0.95199562195268,61.8797154269242,0.95199562195268,,,,,,joint-bundle-1pct-extra,0.01
single,A0688,A0688,1,70.5,0.7297423896952511,51.4468384735152,0.7297423896952511,,,,,,joint-bundle-1pct-extra,0.01
single,A0689,A0689,1,65.0,0.8941759051183233,58.12143383269102,0.8941759051183233,,,,,,joint-bundle-1pct-extra,0.01
single,A0690,A0690,1,67.0,0.771044932151942,51.66001045418012,0.771044932151942,,,,,,joint-bundle-1pct-extra,0.01
single,A0691,A0691,1,69.5,0.7386080514961648,51.33325957898346,0.7386080514961648,,,,,,joint-bundle-1pct-extra,0.01
single,A0692,A0692,1,66.0,0.7475121429506685,49.33580143474412,0.7475121429506685,,,,,,joint-bundle-1pct-extra,0.01
single,A0693,A0693,1,73.5,0.648142974975578,47.638508660704986,0.648142974975578,,,,,,joint-bundle-1pct-extra,0.01
single,A0694,A0694,1,76.0,0.676198180468764,51.391061715626066,0.676198180468764,,,,,,joint-bundle-1pct-extra,0.01
single,A0695,A0695,1,65.0,0.9534909723025088,61.97691319966307,0.9534909723025088,,,,,,joint-bundle-1pct-extra,0.01
single,A0696,A0696,1,65.0,0.887732952173419,57.702641891272236,0.887732952173419,,,,,,joint-bundle-1pct-extra,0.01
single,A0697,A0697,1,83.0,0.6189192299531961,51.37029608611528,0.6189192299531961,,,,,,joint-bundle-1pct-extra,0.01
single,A0698,A0698,1,65.0,0.950396385838846,61.77576507952499,0.950396385838846,,,,,,joint-bundle-1pct-extra,0.01
single,A0699,A0699,1,74.5,0.5676460470627164,42.28963050617237,0.5676460470627164,,,,,,joint-bundle-1pct-extra,0.01
single,A0700,A0700,1,65.0,0.9174737721452024,59.635795189438156,0.9174737721452024,,,,,,joint-bundle-1pct-extra,0.01
single,A0701,A0701,1,65.0,0.8787319063692483,57.117573914001134,0.8787319063692483,,,,,,joint-bundle-1pct-extra,0.01
single,A0702,A0702,1,81.0,0.6872528700113315,55.667482470917854,0.6872528700113315,,,,,,joint-bundle-1pct-extra,0.01
single,A0703,A0703,1,77.0,0.6287411840447116,48.413071171442795,0.6287411840447116,,,,,,joint-bundle-1pct-extra,0.01
single,A0704,A0704,1,67.0,0.8859159234091878,59.356366868415584,0.8859159234091878,,,,,,joint-bundle-1pct-extra,0.01
single,A0705,A0705,1,65.0,0.9723538099108159,63.20299764420303,0.9723538099108159,,,,,,joint-bundle-1pct-extra,0.01
single,A0706,A0706,1,82.0,0.6817252489111459,55.90147041071397,0.6817252489111459,,,,,,joint-bundle-1pct-extra,0.01
single,A0707,A0707,1,65.0,0.9347441093749403,60.75836710937112,0.9347441093749403,,,,,,joint-bundle-1pct-extra,0.01
single,A0708,A0708,1,67.0,0.9624430773274086,64.48368618093637,0.9624430773274086,,,,,,joint-bundle-1pct-extra,0.01
single,A0709,A0709,1,65.0,0.8914209240117458,57.94236006076348,0.8914209240117458,,,,,,joint-bundle-1pct-extra,0.01
single,A0710,A0710,1,65.0,0.9258356517322125,60.179317362593814,0.9258356517322125,,,,,,joint-bundle-1pct-extra,0.01
single,A0711,A0711,1,78.5,0.6961195737860649,54.6453865422061,0.6961195737860649,,,,,,joint-bundle-1pct-extra,0.01
single,A0712,A0712,1,65.0,0.879920038504016,57.19480250276104,0.879920038504016,,,,,,joint-bundle-1pct-extra,0.01
single,A0713,A0713,1,65.0,0.9745096674020131,63.343128381130846,0.9745096674020131,,,,,,joint-bundle-1pct-extra,0.01
single,A0714,A0714,1,65.0,0.8971305443137034,58.31348538039072,0.8971305443137034,,,,,,joint-bundle-1pct-extra,0.01
single,A0715,A0715,1,65.0,0.9241230420336388,60.06799773218653,0.9241230420336388,,,,,,joint-bundle-1pct-extra,0.01
single,A0716,A0716,1,83.0,0.5913911164495698,49.08546266531429,0.5913911164495698,,,,,,joint-bundle-1pct-extra,0.01
single,A0717,A0717,1,65.0,0.8764848755731044,56.971516912251786,0.8764848755731044,,,,,,joint-bundle-1pct-extra,0.01
single,A0718,A0718,1,83.0,0.6150336404683135,51.047792158870024,0.6150336404683135,,,,,,joint-bundle-1pct-extra,0.01
single,A0719,A0719,1,65.0,0.921516577831115,59.89857755902247,0.921516577831115,,,,,,joint-bundle-1pct-extra,0.01
single,A0720,A0720,1,67.0,0.9380489329800034,62.84927850966022,0.9380489329800034,,,,,,joint-bundle-1pct-extra,0.01
single,A0721,A0721,1,83.0,0.5772712105681319,47.91351047715495,0.5772712105681319,,,,,,joint-bundle-1pct-extra,0.01
single,A0722,A0722,1,67.0,0.9417069572104875,63.09436613310266,0.9417069572104875,,,,,,joint-bundle-1pct-extra,0.01
single,A0724,A0724,1,65.0,0.9723538099108159,63.20299764420303,0.9723538099108159,,,,,,joint-bundle-1pct-extra,0.01
single,A0725,A0725,1,82.0,0.6765018335383707,55.4731503501464,0.6765018335383707,,,,,,joint-bundle-1pct-extra,0.01
single,A0726,A0726,1,83.0,0.6573323059427156,54.5585813932454,0.6573323059427156,,,,,,joint-bundle-1pct-extra,0.01
single,A0727,A0727,1,65.0,0.9525046236454902,61.91280053695686,0.9525046236454902,,,,,,joint-bundle-1pct-extra,0.01
single,A0728,A0728,1,65.0,0.9314168051603736,60.542092335424286,0.9314168051603736,,,,,,joint-bundle-1pct-extra,0.01
single,A0729,A0729,1,67.5,0.7430081328612751,50.15304896813607,0.7430081328612751,,,,,,joint-bundle-1pct-extra,0.01
single,A0730,A0730,1,74.0,0.7155941560055735,52.95396754441244,0.7155941560055735,,,,,,joint-bundle-1pct-extra,0.01
single,A0731,A0731,1,73.5,0.7161775603103551,52.639050682811096,0.7161775603103551,,,,,,joint-bundle-1pct-extra,0.01
single,A0732,A0732,1,70.5,0.7301507750833193,51.475629643374006,0.7301507750833193,,,,,,joint-bundle-1pct-extra,0.01
single,A0733,A0733,1,83.0,0.5769457186002258,47.88649464381874,0.5769457186002258,,,,,,joint-bundle-1pct-extra,0.01
single,A0734,A0734,1,67.0,0.7509931978299915,50.31654425460943,0.7509931978299915,,,,,,joint-bundle-1pct-extra,0.01
single,A0735,A0735,1,67.0,0.7449983676655006,49.91489063358854,0.7449983676655006,,,,,,joint-bundle-1pct-extra,0.01
single,A0736,A0736,1,66.5,0.7435977606226138,49.44925108140382,0.7435977606226138,,,,,,joint-bundle-1pct-extra,0.01
single,A0737,A0737,1,67.0,0.7420619779717939,49.71815252411019,0.7420619779717939,,,,,,joint-bundle-1pct-extra,0.01
single,A0738,A0738,1,65.0,0.9562733400383248,62.15776710249111,0.9562733400383248,,,,,,joint-bundle-1pct-extra,0.01
single,A0739,A0739,1,77.0,0.7897704040349393,60.81232111069032,0.7897704040349393,,,,,,joint-bundle-1pct-extra,0.01
single,A0740,A0740,1,72.0,0.7411930543744701,53.36589991496185,0.7411930543744701,,,,,,joint-bundle-1pct-extra,0.01
single,A0741,A0741,1,65.0,0.8971305443137034,58.31348538039072,0.8971305443137034,,,,,,joint-bundle-1pct-extra,0.01
single,A0742,A0742,1,77.0,0.9758926765452952,75.14373609398773,0.9758926765452952,,,,,,joint-bundle-1pct-extra,0.01
single,A0743,A0743,1,65.0,0.8947951442778199,58.1616843780583,0.8947951442778199,,,,,,joint-bundle-1pct-extra,0.01
single,A0744,A0744,1,80.0,0.6013727180361579,48.109817442892634,0.6013727180361579,,,,,,joint-bundle-1pct-extra,0.01
single,A0745,A0745,1,73.5,0.7216672020236561,53.04253934873872,0.7216672020236561,,,,,,joint-bundle-1pct-extra,0.01
single,A0746,A0746,1,65.0,0.938809066457033,61.022589319707144,0.938809066457033,,,,,,joint-bundle-1pct-extra,0.01
single,A0747,A0747,1,65.0,0.8971305443137034,58.31348538039072,0.8971305443137034,,,,,,joint-bundle-1pct-extra,0.01
single,A0748,A0748,1,65.0,0.974984560763869,63.373996449651486,0.974984560763869,,,,,,joint-bundle-1pct-extra,0.01
single,A0749,A0749,1,77.0,0.9430572977372423,72.61541192576766,0.9430572977372423,,,,,,joint-bundle-1pct-extra,0.01
single,A0750,A0750,1,77.0,0.9541420050487696,73.46893438875526,0.9541420050487696,,,,,,joint-bundle-1pct-extra,0.01
single,A0751,A0751,1,77.0,0.974252853462211,75.01746971659026,0.974252853462211,,,,,,joint-bundle-1pct-extra,0.01
single,A0752,A0752,1,65.0,0.9006734219026119,58.54377242366977,0.9006734219026119,,,,,,joint-bundle-1pct-extra,0.01
single,A0753,A0753,1,65.0,0.8028311249046985,52.184023118805406,0.8028311249046985,,,,,,joint-bundle-1pct-extra,0.01
single,A0754,A0754,1,65.0,0.9257921016502305,60.176486607264984,0.9257921016502305,,,,,,joint-bundle-1pct-extra,0.01
single,A0755,A0755,1,65.0,0.8816116503893543,57.30475727530803,0.8816116503893543,,,,,,joint-bundle-1pct-extra,0.01
single,A0756,A0756,1,65.0,0.9634161950701089,62.62205267955708,0.9634161950701089,,,,,,joint-bundle-1pct-extra,0.01
single,A0757,A0757,1,67.0,0.9320173815489659,62.445164563780715,0.9320173815489659,,,,,,joint-bundle-1pct-extra,0.01
single,A0758,A0758,1,69.5,0.7385811740983516,51.331391599835435,0.7385811740983516,,,,,,joint-bundle-1pct-extra,0.01
single,A0759,A0759,1,65.0,0.9282505693822998,60.336287009849485,0.9282505693822998,,,,,,joint-bundle-1pct-extra,0.01
single,A0760,A0760,1,83.5,0.6712077745681806,56.04584917644308,0.6712077745681806,,,,,,joint-bundle-1pct-extra,0.01
single,A0761,A0761,1,65.0,0.9534177731900099,61.97215525735064,0.9534177731900099,,,,,,joint-bundle-1pct-extra,0.01
single,A0762,A0762,1,65.0,0.9494049209424195,61.711319861257266,0.9494049209424195,,,,,,joint-bundle-1pct-extra,0.01
single,A0763,A0763,1,65.0,0.9612483966253451,62.48114578064743,0.9612483966253451,,,,,,joint-bundle-1pct-extra,0.01
single,A0764,A0764,1,65.0,0.9544996378666372,62.04247646133142,0.9544996378666372,,,,,,joint-bundle-1pct-extra,0.01
single,A0765,A0765,1,77.0,0.9765011251520859,75.1905866367106,0.9765011251520859,,,,,,joint-bundle-1pct-extra,0.01
single,A0766,A0766,1,65.0,0.9369821419995059,60.903839229967886,0.9369821419995059,,,,,,joint-bundle-1pct-extra,0.01
single,A0767,A0767,1,65.0,0.9645960234105766,62.69874152168748,0.9645960234105766,,,,,,joint-bundle-1pct-extra,0.01
single,A0768,A0768,1,65.0,0.9503612534825486,61.77348147636566,0.9503612534825486,,,,,,joint-bundle-1pct-extra,0.01
single,A0769,A0769,1,65.0,0.9407459180224222,61.148484671457446,0.9407459180224222,,,,,,joint-bundle-1pct-extra,0.01
single,A0770,A0770,1,65.0,0.9379301888505649,60.96546227528672,0.9379301888505649,,,,,,joint-bundle-1pct-extra,0.01
single,A0771,A0771,1,65.0,0.8830985479315266,57.40140561554923,0.8830985479315266,,,,,,joint-bundle-1pct-extra,0.01
single,A0772,A0772,1,65.0,0.9150272744617304,59.47677284001247,0.9150272744617304,,,,,,joint-bundle-1pct-extra,0.01
single,A0773,A0773,1,77.0,0.9473643691062313,72.94705642117981,0.9473643691062313,,,,,,joint-bundle-1pct-extra,0.01
single,A0774,A0774,1,65.0,0.9642815168018533,62.67829859212046,0.9642815168018533,,,,,,joint-bundle-1pct-extra,0.01
single,A0775,A0775,1,77.0,0.7841685084311258,60.380975149196686,0.7841685084311258,,,,,,joint-bundle-1pct-extra,0.01
single,A0776,A0776,1,65.0,0.8831561154237854,57.40514750254605,0.8831561154237854,,,,,,joint-bundle-1pct-extra,0.01
single,A0777,A0777,1,77.0,0.7483276923944336,57.62123231437139,0.7483276923944336,,,,,,joint-bundle-1pct-extra,0.01
single,A0778,A0778,1,74.5,0.716987576550597,53.415574453019474,0.716987576550597,,,,,,joint-bundle-1pct-extra,0.01
single,A0779,A0779,1,65.0,0.9458927018984808,61.483025623401254,0.9458927018984808,,,,,,joint-bundle-1pct-extra,0.01
single,A0780,A0780,1,65.0,0.9631921012115137,62.607486578748386,0.9631921012115137,,,,,,joint-bundle-1pct-extra,0.01
single,A0781,A0781,1,65.0,0.9417224472016135,61.211959068104875,0.9417224472016135,,,,,,joint-bundle-1pct-extra,0.01
single,A0782,A0782,1,65.0,0.9506994013156963,61.79546108552026,0.9506994013156963,,,,,,joint-bundle-1pct-extra,0.01
single,A0783,A0783,1,70.0,0.7309574192959877,51.16701935071914,0.7309574192959877,,,,,,joint-bundle-1pct-extra,0.01
single,A0784,A0784,1,68.5,0.74189465812485,50.81978408155223,0.74189465812485,,,,,,joint-bundle-1pct-extra,0.01
single,A0785,A0785,1,65.0,0.9470689395784827,61.55948107260138,0.9470689395784827,,,,,,joint-bundle-1pct-extra,0.01
single,A0786,A0786,1,72.0,0.7464842680911773,53.746867302564766,0.7464842680911773,,,,,,joint-bundle-1pct-extra,0.01
single,A0787,A0787,1,65.0,0.960322563777754,62.42096664555401,0.960322563777754,,,,,,joint-bundle-1pct-extra,0.01
single,A0788,A0788,1,77.0,0.8234168302369699,63.40309592824668,0.8234168302369699,,,,,,joint-bundle-1pct-extra,0.01
single,A0789,A0789,1,81.0,0.6854135686265725,55.518499058752376,0.6854135686265725,,,,,,joint-bundle-1pct-extra,0.01
single,A0790,A0790,1,77.0,0.8520238885653643,65.60583941953305,0.8520238885653643,,,,,,joint-bundle-1pct-extra,0.01
single,A0791,A0791,1,77.0,0.7615806402982866,58.641709302968074,0.7615806402982866,,,,,,joint-bundle-1pct-extra,0.01
single,A0792,A0792,1,74.5,0.6322638383573943,47.103655957625875,0.6322638383573943,,,,,,joint-bundle-1pct-extra,0.01
single,A0793,A0793,1,77.0,0.7894961437083021,60.791203065539264,0.7894961437083021,,,,,,joint-bundle-1pct-extra,0.01
single,A0794,A0794,1,77.0,0.854091530774577,65.76504786964243,0.854091530774577,,,,,,joint-bundle-1pct-extra,0.01
single,A0795,A0795,1,70.0,0.7322310410152275,51.25617287106593,0.7322310410152275,,,,,,joint-bundle-1pct-extra,0.01
single,A0796,A0796,1,77.0,0.7286896696604896,56.109104563857706,0.7286896696604896,,,,,,joint-bundle-1pct-extra,0.01
single,A0797,A0797,1,77.0,0.7882140620545823,60.69248277820284,0.7882140620545823,,,,,,joint-bundle-1pct-extra,0.01
single,A0798,A0798,1,77.0,0.7628287237972716,58.737811732389915,0.7628287237972716,,,,,,joint-bundle-1pct-extra,0.01
single,A0799,A0799,1,66.0,0.7459615995490948,49.233465570240256,0.7459615995490948,,,,,,joint-bundle-1pct-extra,0.01
single,A0800,A0800,1,77.5,0.6991682556490035,54.18553981279777,0.6991682556490035,,,,,,joint-bundle-1pct-extra,0.01
single,A0801,A0801,1,72.5,0.7213688369700587,52.299240680329255,0.7213688369700587,,,,,,joint-bundle-1pct-extra,0.01
single,A0802,A0802,1,72.0,0.9790054248098815,70.48839058631147,0.9790054248098815,,,,,,joint-bundle-1pct-extra,0.01
single,A0803,A0803,1,65.0,0.9513753738833529,61.83939930241794,0.9513753738833529,,,,,,joint-bundle-1pct-extra,0.01
single,A0804,A0804,1,65.0,0.9345528365186558,60.74593437371263,0.9345528365186558,,,,,,joint-bundle-1pct-extra,0.01
single,A0805,A0805,1,85.0,0.6118347854860361,52.00595676631307,0.6118347854860361,,,,,,joint-bundle-1pct-extra,0.01
single,A0806,A0806,1,65.0,0.9274535590962433,60.28448134125581,0.9274535590962433,,,,,,joint-bundle-1pct-extra,0.01
single,A0807,A0807,1,65.0,0.9022326563580464,58.645122663273014,0.9022326563580464,,,,,,joint-bundle-1pct-extra,0.01
single,A0808,A0808,1,78.0,0.6996489106775772,54.57261503285102,0.6996489106775772,,,,,,joint-bundle-1pct-extra,0.01
single,A0809,A0809,1,77.0,0.7286896696604896,56.109104563857706,0.7286896696604896,,,,,,joint-bundle-1pct-extra,0.01
single,A0810,A0810,1,74.0,0.7164679317852014,53.0186269521049,0.7164679317852014,,,,,,joint-bundle-1pct-extra,0.01
single,A0811,A0811,1,78.0,0.6993779364296634,54.551479041513744,0.6993779364296634,,,,,,joint-bundle-1pct-extra,0.01
single,A0812,A0812,1,78.0,0.698572519777807,54.48865654266895,0.698572519777807,,,,,,joint-bundle-1pct-extra,0.01
single,A0813,A0813,1,78.5,0.6941019463615675,54.48700278938305,0.6941019463615675,,,,,,joint-bundle-1pct-extra,0.01
single,A0814,A0814,1,82.0,0.6599831967261969,54.11862213154814,0.6599831967261969,,,,,,joint-bundle-1pct-extra,0.01
single,A0815,A0815,1,75.5,0.7132043302994131,53.84692693760569,0.7132043302994131,,,,,,joint-bundle-1pct-extra,0.01
single,A0816,A0816,1,78.0,0.7008369537782686,54.66528239470495,0.7008369537782686,,,,,,joint-bundle-1pct-extra,0.01
single,A0817,A0817,1,75.5,0.710484719405597,53.64159631512257,0.710484719405597,,,,,,joint-bundle-1pct-extra,0.01
single,A0818,A0818,1,72.5,0.7214012426024736,52.30159008867934,0.7214012426024736,,,,,,joint-bundle-1pct-extra,0.01
single,A0819,A0819,1,78.0,0.6981974860589645,54.45940391259923,0.6981974860589645,,,,,,joint-bundle-1pct-extra,0.01
single,A0820,A0820,1,80.0,0.6653361438001513,53.2268915040121,0.6653361438001513,,,,,,joint-bundle-1pct-extra,0.01
single,A0821,A0821,1,74.0,0.7176987413213527,53.1097068577801,0.7176987413213527,,,,,,joint-bundle-1pct-extra,0.01
single,A0822,A0822,1,77.5,0.7004810119943019,54.2872784295584,0.7004810119943019,,,,,,joint-bundle-1pct-extra,0.01
single,A0823,A0823,1,76.5,0.7064956427745305,54.046916672251584,0.7064956427745305,,,,,,joint-bundle-1pct-extra,0.01
single,A0824,A0824,1,79.0,0.6957441537986813,54.96378815009582,0.6957441537986813,,,,,,joint-bundle-1pct-extra,0.01
single,A0825,A0825,1,75.5,0.7104241480796387,53.637023180012726,0.7104241480796387,,,,,,joint-bundle-1pct-extra,0.01
single,A0826,A0826,1,80.0,0.6755896277476003,54.047170219808024,0.6755896277476003,,,,,,joint-bundle-1pct-extra,0.01
single,A0827,A0827,1,73.5,0.6899971193713007,50.7147882737906,0.6899971193713007,,,,,,joint-bundle-1pct-extra,0.01
single,A0828,A0828,1,65.0,0.9433081939577808,61.31503260725575,0.9433081939577808,,,,,,joint-bundle-1pct-extra,0.01
single,A0829,A0829,1,85.0,0.612345764154087,52.049389953097396,0.612345764154087,,,,,,joint-bundle-1pct-extra,0.01
single,A0830,A0830,1,77.0,0.7528798308009464,57.97174697167288,0.7528798308009464,,,,,,joint-bundle-1pct-extra,0.01
single,A0831,A0831,1,73.5,0.600966918483708,44.17106850855254,0.600966918483708,,,,,,joint-bundle-1pct-extra,0.01
single,A0832,A0832,1,74.0,0.7186666961167119,53.18133551263668,0.7186666961167119,,,,,,joint-bundle-1pct-extra,0.01
single,A0833,A0833,1,77.0,0.9469403975955839,72.91441061485996,0.9469403975955839,,,,,,joint-bundle-1pct-extra,0.01
single,A0834,A0834,1,65.0,0.9257535008868204,60.173977557643326,0.9257535008868204,,,,,,joint-bundle-1pct-extra,0.01
single,A0835,A0835,1,77.0,0.7876685614791541,60.65047923389486,0.7876685614791541,,,,,,joint-bundle-1pct-extra,0.01
bundle,,A0001;A0029,2,155.4,1.3493330581354663,104.84317861712574,,2.0,0.1994631990321821,0.8005368009678178,1.05,0.6746665290677332,joint-bundle-1pct-extra,0.01
bundle,,A0002;A0364;A0446,3,249.15000000000003,1.576807594549999,130.95387072737745,,2.0,1.2087372686974265,0.3956313656512868,1.1,0.5256025315166664,joint-bundle-1pct-extra,0.01
bundle,,A0003;A0360,2,161.70000000000002,0.9987917684622936,80.75231448017644,,2.0,0.6868979989446738,0.3131020010553261,1.1,0.4993958842311468,joint-bundle-1pct-extra,0.01
bundle,,A0005;A0008,2,161.70000000000002,1.1541849725114817,93.3158550275533,,2.0,0.7382753332318769,0.2617246667681231,1.1,0.5770924862557408,joint-bundle-1pct-extra,0.01
bundle,,A0007;A0013;A0019,3,242.55,1.911112786229078,154.51346876662095,,2.0,0.8001218239797592,0.5999390880101204,1.1,0.6370375954096926,joint-bundle-1pct-extra,0.01
bundle,,A0010;A0016;A0124,3,244.2,1.861733841631796,151.5451347088282,,2.0,0.8654166562411849,0.5672916718794075,1.1,0.6205779472105987,joint-bundle-1pct-extra,0.01
bundle,,A0011;A0036,2,161.70000000000002,1.2454673132118244,100.69603227317602,,2.0,0.4806051004142348,0.5193948995857651,1.1,0.6227336566059122,joint-bundle-1pct-extra,0.01
bundle,,A0012;A0022;A0023,3,242.0,2.009696033874711,162.11548006589334,,2.0,1.005357352145999,0.4973213239270004,1.1,0.669898677958237,joint-bundle-1pct-extra,0.01
bundle,,A0015;A0020;A0026,3,244.2,2.090701882696125,170.1831332514646,,2.0,0.7648232221388522,0.6175883889305739,1.1,0.6969006275653751,joint-bundle-1pct-extra,0.01
bundle,,A0017;A0027;A0356,3,242.55,1.9336900973819608,156.3388443733315,,2.0,1.2015091071658848,0.3992454464170576,1.1,0.6445633657939869,joint-bundle-1pct-extra,0.01
bundle,,A0024;A0369,2,163.9,1.201722864877742,98.48118877673096,,2.0,0.77558187122923,0.22441812877077,1.1,0.600861432438871,joint-bundle-1pct-extra,0.01
bundle,,A0031;A0035,2,164.45000000000002,0.8802075348072228,72.3750645495239,,2.0,0.7039261633516458,0.2960738366483542,1.1,0.4401037674036114,joint-bundle-1pct-extra,0.01
bundle,,A0032;A0462,2,161.70000000000002,1.393465620219886,112.6616953947778,,2.0,0.0,1.0,1.1,0.696732810109943,joint-bundle-1pct-extra,0.01
bundle,,A0041;A0052;A0061;A0068,4,322.85,2.8358948963827912,228.89216682429603,,2.0,1.228516857068096,0.5904943809773013,1.1,0.7089737240956978,joint-bundle-1pct-extra,0.01
bundle,,A0042;A0055,2,164.45000000000002,1.2924146648020671,106.26879581334998,,2.0,0.7597177898309037,0.2402822101690963,1.1,0.6462073324010336,joint-bundle-1pct-extra,0.01
bundle,,A0046;A0453,2,162.25,1.0351420071284905,83.97589532829879,,2.0,0.5288746286175343,0.4711253713824657,1.1,0.5175710035642452,joint-bundle-1pct-extra,0.01
bundle,,A0048;A0445,2,170.5,1.2031575763728235,102.5691833857832,,2.0,0.1853862346640429,0.8146137653359571,1.1,0.6015787881864118,joint-bundle-1pct-extra,0.01
bundle,,A0057;A0119;A0123,3,243.65,1.905208458731612,154.73468032331908,,2.0,1.1358231539064396,0.4320884230467802,1.1,0.6350694862438706,joint-bundle-1pct-extra,0.01
bundle,,A0060;A0355;A0375,3,242.55,1.816035299364041,146.82645395358273,,2.0,0.6805999566273753,0.6597000216863124,1.1,0.6053450997880137,joint-bundle-1pct-extra,0.01
bundle,,A0044;A0062;A0082,3,250.25,1.5847156667453783,132.19169853434363,,2.0,1.449052031785362,0.275473984107319,1.1,0.5282385555817928,joint-bundle-1pct-extra,0.01
bundle,,A0067;A0084;A0456,3,241.45000000000005,1.381915688763752,111.221181017336,,2.0,0.8781746233473314,0.5609126883263342,1.1,0.4606385629212507,joint-bundle-1pct-extra,0.01
bundle,,A0069;A0073,2,162.8,1.2702313072626945,103.39682841118332,,2.0,0.4958080028354725,0.5041919971645275,1.1,0.6351156536313471,joint-bundle-1pct-extra,0.01
bundle,,A0070;A0078,2,163.9,1.3078792824185772,107.1807071942024,,2.0,0.0,1.0,1.1,0.6539396412092886,joint-bundle-1pct-extra,0.01
bundle,,A0076;A0102,2,169.95000000000002,1.2116640833626984,102.9611554837453,,2.0,0.7249026018863092,0.2750973981136908,1.1,0.6058320416813492,joint-bundle-1pct-extra,0.01
bundle,,A0080;A0451,2,162.8,0.8109219548680757,66.00904712626136,,2.0,0.6131816745663672,0.3868183254336328,1.1,0.4054609774340378,joint-bundle-1pct-extra,0.01
bundle,,A0087;A0099;A0452,3,243.65,1.9685165377688527,159.87635147579368,,2.0,0.0580774789424702,0.9709612605287647,1.1,0.6561721792562843,joint-bundle-1pct-extra,0.01
bundle,,A0093;A0097;A0361,3,236.25,2.098312262393768,165.24209066350923,,2.0,0.1982383393082218,0.9008808303458892,1.05,0.6994374207979227,joint-bundle-1pct-extra,0.01
bundle,,A0095;A0118,2,161.70000000000002,1.3396185623954289,108.30816076967044,,2.0,0.1397511466167866,0.8602488533832133,1.1,0.6698092811977144,joint-bundle-1pct-extra,0.01
bundle,,A0098;A0105,2,161.15,1.3675458596642671,110.19000764244836,,2.0,0.3890212831278917,0.6109787168721084,1.1,0.6837729298321337,joint-bundle-1pct-extra,0.01
bundle,,A0112;A0120;A0467,3,242.55,1.998063882945216,161.54346493612073,,2.0,1.0156775457227138,0.4921612271386431,1.1,0.6660212943150721,joint-bundle-1pct-extra,0.01
bundle,,A0077;A0121;A0723,3,242.0,2.0759383413633303,167.45902620330864,,2.0,1.0850622306357125,0.4574688846821437,1.1,0.69197944712111,joint-bundle-1pct-extra,0.01
bundle,,A0122;A0458,2,163.9,1.4088635605615252,115.456368788017,,2.0,0.0099509077062747,0.9900490922937252,1.1,0.7044317802807626,joint-bundle-1pct-extra,0.01
bundle,,A0125;A0454,2,162.8,1.4161458639897548,115.27427332876606,,2.0,0.2648187390590238,0.7351812609409762,1.1,0.7080729319948774,joint-bundle-1pct-extra,0.01
bundle,,A0132;A0144;A0191,3,229.95,2.0264994191719707,155.33118047953155,,0.0,0.4893946592049182,0.7553026703975408,1.05,0.6754998063906569,joint-bundle-1pct-extra,0.01
bundle,,A0134;A0142;A0474,3,229.95,2.1153661523424945,162.1428155770522,,0.0,0.5631034240513215,0.7184482879743392,1.05,0.7051220507808315,joint-bundle-1pct-extra,0.01
bundle,,A0135;A0183;A0197,3,231.0,2.187329452499738,168.42436784247985,,0.0,0.1739223158264307,0.9130388420867848,1.05,0.7291098174999128,joint-bundle-1pct-extra,0.01
bundle,,A0180;A0378;A0379,3,229.95,2.081865007277964,159.57495280785596,,0.0,0.3165593217033128,0.8417203391483435,1.05,0.6939550024259881,joint-bundle-1pct-extra,0.01
bundle,,A0285;A0286;A0423,3,231.525,2.017586597846403,155.70724568879618,,3.0,1.0720039676568534,0.4639980161715733,1.05,0.6725288659488011,joint-bundle-1pct-extra,0.01
bundle,,A0447;A0465,2,164.45000000000002,0.9684369704964242,79.6297298990685,,2.0,0.6366195589156273,0.3633804410843727,1.1,0.4842184852482121,joint-bundle-1pct-extra,0.01
single,A0004,A0004,1,80.5,0.7054641058915552,56.78986052427019,0.7054641058915552,,,,,,joint-bundle-2pct-extra,0.02
single,A0006,A0006,1,81.0,0.7047250622105327,57.082730039053146,0.7047250622105327,,,,,,joint-bundle-2pct-extra,0.02
single,A0009,A0009,1,74.0,0.5923618757150785,43.83477880291581,0.5923618757150785,,,,,,joint-bundle-2pct-extra,0.02
single,A0014,A0014,1,74.0,0.45738531658153186,33.84651342703336,0.45738531658153186,,,,,,joint-bundle-2pct-extra,0.02
single,A0018,A0018,1,74.0,0.5365297956685856,39.70320487947534,0.5365297956685856,,,,,,joint-bundle-2pct-extra,0.02
single,A0021,A0021,1,74.0,0.5887576776284094,43.56806814450229,0.5887576776284094,,,,,,joint-bundle-2pct-extra,0.02
single,A0025,A0025,1,75.5,0.4164177945102531,31.439543485524112,0.4164177945102531,,,,,,joint-bundle-2pct-extra,0.02
single,A0028,A0028,1,74.5,0.39421300610988097,29.368868955186134,0.39421300610988097,,,,,,joint-bundle-2pct-extra,0.02
single,A0030,A0030,1,76.0,0.5727863167623747,43.531760073940475,0.5727863167623747,,,,,,joint-bundle-2pct-extra,0.02
single,A0033,A0033,1,73.5,0.3933545570748389,28.91155994500066,0.3933545570748389,,,,,,joint-bundle-2pct-extra,0.02
single,A0034,A0034,1,74.0,0.38142689386905976,28.225590146310424,0.38142689386905976,,,,,,joint-bundle-2pct-extra,0.02
single,A0037,A0037,1,78.0,0.4842993953128824,37.77535283440483,0.4842993953128824,,,,,,joint-bundle-2pct-extra,0.02
single,A0038,A0038,1,81.0,0.7073143970520144,57.29246616121316,0.7073143970520144,,,,,,joint-bundle-2pct-extra,0.02
single,A0039,A0039,1,74.5,0.41357321492618265,30.811204512000607,0.41357321492618265,,,,,,joint-bundle-2pct-extra,0.02
single,A0040,A0040,1,74.0,0.23138697088321858,17.122635845358175,0.23138697088321858,,,,,,joint-bundle-2pct-extra,0.02
single,A0043,A0043,1,75.0,0.45687716767167896,34.265787575375924,0.45687716767167896,,,,,,joint-bundle-2pct-extra,0.02
single,A0045,A0045,1,74.0,0.22944464947859392,16.97890406141595,0.22944464947859392,,,,,,joint-bundle-2pct-extra,0.02
single,A0047,A0047,1,75.0,0.3173568640890148,23.80176480667611,0.3173568640890148,,,,,,joint-bundle-2pct-extra,0.02
single,A0049,A0049,1,76.5,0.3557925469996345,27.21812984547204,0.3557925469996345,,,,,,joint-bundle-2pct-extra,0.02
single,A0050,A0050,1,78.0,0.45120190520512043,35.193748605999396,0.45120190520512043,,,,,,joint-bundle-2pct-extra,0.02
single,A0051,A0051,1,74.5,0.3783122852185615,28.18426524878283,0.3783122852185615,,,,,,joint-bundle-2pct-extra,0.02
single,A0053,A0053,1,78.0,0.49813497566211323,38.85452810164483,0.49813497566211323,,,,,,joint-bundle-2pct-extra,0.02
single,A0054,A0054,1,75.0,0.5363519971070972,40.22639978303229,0.5363519971070972,,,,,,joint-bundle-2pct-extra,0.02
single,A0056,A0056,1,81.0,0.6620628131972078,53.62708786897383,0.6620628131972078,,,,,,joint-bundle-2pct-extra,0.02
single,A0058,A0058,1,77.0,0.5740011325167572,44.19808720379031,0.5740011325167572,,,,,,joint-bundle-2pct-extra,0.02
single,A0059,A0059,1,74.0,0.25648747784152387,18.980073360272765,0.25648747784152387,,,,,,joint-bundle-2pct-extra,0.02
single,A0063,A0063,1,81.0,0.7073143970520144,57.29246616121316,0.7073143970520144,,,,,,joint-bundle-2pct-extra,0.02
single,A0064,A0064,1,80.5,0.7039397440507609,56.66714939608625,0.7039397440507609,,,,,,joint-bundle-2pct-extra,0.02
single,A0065,A0065,1,75.0,0.48981657028527986,36.73624277139599,0.48981657028527986,,,,,,joint-bundle-2pct-extra,0.02
single,A0066,A0066,1,75.0,0.4144978848207188,31.08734136155391,0.4144978848207188,,,,,,joint-bundle-2pct-extra,0.02
single,A0071,A0071,1,78.0,0.5790711704525835,45.167551295301514,0.5790711704525835,,,,,,joint-bundle-2pct-extra,0.02
single,A0072,A0072,1,74.5,0.3650077996914159,27.193081077010483,0.3650077996914159,,,,,,joint-bundle-2pct-extra,0.02
single,A0074,A0074,1,74.5,0.25659284149604267,19.116166691455177,0.25659284149604267,,,,,,joint-bundle-2pct-extra,0.02
single,A0075,A0075,1,74.5,0.24149870036137913,17.991653176922746,0.24149870036137913,,,,,,joint-bundle-2pct-extra,0.02
single,A0079,A0079,1,79.0,0.6993774603959946,55.25081937128357,0.6993774603959946,,,,,,joint-bundle-2pct-extra,0.02
single,A0081,A0081,1,78.0,0.40201481140103934,31.357155289281067,0.40201481140103934,,,,,,joint-bundle-2pct-extra,0.02
single,A0083,A0083,1,74.0,0.18954695391816448,14.026474589944172,0.18954695391816448,,,,,,joint-bundle-2pct-extra,0.02
single,A0085,A0085,1,74.0,0.29642675593829454,21.935579939433797,0.29642675593829454,,,,,,joint-bundle-2pct-extra,0.02
single,A0086,A0086,1,74.5,0.3740673444743194,27.868017163336795,0.3740673444743194,,,,,,joint-bundle-2pct-extra,0.02
single,A0088,A0088,1,78.0,0.37210008181726506,29.023806381746674,0.37210008181726506,,,,,,joint-bundle-2pct-extra,0.02
single,A0089,A0089,1,74.5,0.2611970673220209,19.45918151549056,0.2611970673220209,,,,,,joint-bundle-2pct-extra,0.02
single,A0090,A0090,1,78.0,0.5360103920153695,41.80881057719882,0.5360103920153695,,,,,,joint-bundle-2pct-extra,0.02
single,A0091,A0091,1,73.5,0.21951399438511585,16.134278587306014,0.21951399438511585,,,,,,joint-bundle-2pct-extra,0.02
single,A0092,A0092,1,75.0,0.5443911311175218,40.82933483381414,0.5443911311175218,,,,,,joint-bundle-2pct-extra,0.02
single,A0094,A0094,1,74.0,0.2824288557888601,20.899735328375648,0.2824288557888601,,,,,,joint-bundle-2pct-extra,0.02
single,A0096,A0096,1,75.0,0.5494720926925267,41.210406951939504,0.5494720926925267,,,,,,joint-bundle-2pct-extra,0.02
single,A0100,A0100,1,74.0,0.20875532188845086,15.447893819745364,0.20875532188845086,,,,,,joint-bundle-2pct-extra,0.02
single,A0101,A0101,1,74.5,0.5390419385936284,40.15862442522531,0.5390419385936284,,,,,,joint-bundle-2pct-extra,0.02
single,A0103,A0103,1,74.0,0.5264911500613463,38.96034510453963,0.5264911500613463,,,,,,joint-bundle-2pct-extra,0.02
single,A0104,A0104,1,78.0,0.5179778263570761,40.40227045585194,0.5179778263570761,,,,,,joint-bundle-2pct-extra,0.02
single,A0106,A0106,1,75.5,0.29683843276676214,22.41130167389054,0.29683843276676214,,,,,,joint-bundle-2pct-extra,0.02
single,A0107,A0107,1,78.0,0.34732550093839765,27.091389073195018,0.34732550093839765,,,,,,joint-bundle-2pct-extra,0.02
single,A0108,A0108,1,74.0,0.2968171249186847,21.96446724398267,0.2968171249186847,,,,,,joint-bundle-2pct-extra,0.02
single,A0109,A0109,1,73.5,0.367896125611438,27.040365232440692,0.367896125611438,,,,,,joint-bundle-2pct-extra,0.02
single,A0110,A0110,1,76.5,0.34381032872308315,26.30149014731586,0.34381032872308315,,,,,,joint-bundle-2pct-extra,0.02
single,A0111,A0111,1,78.5,0.5305371162977371,41.647163629372365,0.5305371162977371,,,,,,joint-bundle-2pct-extra,0.02
single,A0113,A0113,1,74.5,0.2731985385395398,20.353291121195713,0.2731985385395398,,,,,,joint-bundle-2pct-extra,0.02
single,A0114,A0114,1,74.5,0.4430261198054987,33.005445925509655,0.4430261198054987,,,,,,joint-bundle-2pct-extra,0.02
single,A0115,A0115,1,75.0,0.32504735993262357,24.37855199494677,0.32504735993262357,,,,,,joint-bundle-2pct-extra,0.02
single,A0116,A0116,1,74.0,0.33108428229285064,24.500236889670948,0.33108428229285064,,,,,,joint-bundle-2pct-extra,0.02
single,A0117,A0117,1,75.0,0.5473244947235136,41.04933710426352,0.5473244947235136,,,,,,joint-bundle-2pct-extra,0.02
single,A0126,A0126,1,67.0,0.9672450130769978,64.80541587615886,0.9672450130769978,,,,,,joint-bundle-2pct-extra,0.02
single,A0127,A0127,1,73.5,0.508584975896147,37.380995728366806,0.508584975896147,,,,,,joint-bundle-2pct-extra,0.02
single,A0128,A0128,1,73.5,0.6115950413777212,44.95223554126251,0.6115950413777212,,,,,,joint-bundle-2pct-extra,0.02
single,A0129,A0129,1,67.0,0.7607559659099064,50.970649715963724,0.7607559659099064,,,,,,joint-bundle-2pct-extra,0.02
single,A0130,A0130,1,73.0,0.6139698402124293,44.819798335507336,0.6139698402124293,,,,,,joint-bundle-2pct-extra,0.02
single,A0131,A0131,1,73.5,0.5113480638986766,37.58408269655273,0.5113480638986766,,,,,,joint-bundle-2pct-extra,0.02
single,A0133,A0133,1,67.0,0.7644167258118852,51.21592062939631,0.7644167258118852,,,,,,joint-bundle-2pct-extra,0.02
single,A0136,A0136,1,76.5,0.6535644768555402,49.99768247944883,0.6535644768555402,,,,,,joint-bundle-2pct-extra,0.02
single,A0137,A0137,1,73.5,0.5802373476738695,42.647445054029404,0.5802373476738695,,,,,,joint-bundle-2pct-extra,0.02
single,A0138,A0138,1,73.5,0.5537157156708481,40.698105101807336,0.5537157156708481,,,,,,joint-bundle-2pct-extra,0.02
single,A0139,A0139,1,76.0,0.5987053589305004,45.501607278718026,0.5987053589305004,,,,,,joint-bundle-2pct-extra,0.02
single,A0140,A0140,1,77.0,0.6515444974686883,50.168926305088995,0.6515444974686883,,,,,,joint-bundle-2pct-extra,0.02
single,A0141,A0141,1,74.5,0.7030712994841519,52.37881181156932,0.7030712994841519,,,,,,joint-bundle-2pct-extra,0.02
single,A0143,A0143,1,74.0,0.6801971514571017,50.33458920782552,0.6801971514571017,,,,,,joint-bundle-2pct-extra,0.02
single,A0145,A0145,1,73.0,0.6022446113257179,43.96385662677741,0.6022446113257179,,,,,,joint-bundle-2pct-extra,0.02
single,A0146,A0146,1,74.0,0.5487429222824846,40.606976248903855,0.5487429222824846,,,,,,joint-bundle-2pct-extra,0.02
single,A0147,A0147,1,74.0,0.6414885558061209,47.47015312965294,0.6414885558061209,,,,,,joint-bundle-2pct-extra,0.02
single,A0148,A0148,1,74.0,0.5694082112959464,42.136207635900035,0.5694082112959464,,,,,,joint-bundle-2pct-extra,0.02
single,A0149,A0149,1,74.0,0.5693582963672348,42.132513931175374,0.5693582963672348,,,,,,joint-bundle-2pct-extra,0.02
single,A0150,A0150,1,75.5,0.7283353044597729,54.989315486712854,0.7283353044597729,,,,,,joint-bundle-2pct-extra,0.02
single,A0151,A0151,1,74.5,0.7030712994841519,52.37881181156932,0.7030712994841519,,,,,,joint-bundle-2pct-extra,0.02
single,A0152,A0152,1,73.5,0.688095093382138,50.57498936358714,0.688095093382138,,,,,,joint-bundle-2pct-extra,0.02
single,A0153,A0153,1,67.0,0.7582212910388535,50.80082649960318,0.7582212910388535,,,,,,joint-bundle-2pct-extra,0.02
single,A0154,A0154,1,75.0,0.6494066551740966,48.70549913805724,0.6494066551740966,,,,,,joint-bundle-2pct-extra,0.02
single,A0155,A0155,1,74.5,0.7030712994841519,52.37881181156932,0.7030712994841519,,,,,,joint-bundle-2pct-extra,0.02
single,A0156,A0156,1,73.5,0.6872671773356213,50.514137534168164,0.6872671773356213,,,,,,joint-bundle-2pct-extra,0.02
single,A0157,A0157,1,77.5,0.7190994143896753,55.73020461519983,0.7190994143896753,,,,,,joint-bundle-2pct-extra,0.02
single,A0158,A0158,1,77.0,0.6655311307155957,51.24589706510086,0.6655311307155957,,,,,,joint-bundle-2pct-extra,0.02
single,A0159,A0159,1,74.0,0.4811752564859976,35.606968979963824,0.4811752564859976,,,,,,joint-bundle-2pct-extra,0.02
single,A0160,A0160,1,65.0,0.9452813251292579,61.44328613340176,0.9452813251292579,,,,,,joint-bundle-2pct-extra,0.02
single,A0161,A0161,1,73.5,0.7393630616901431,54.34318503422552,0.7393630616901431,,,,,,joint-bundle-2pct-extra,0.02
single,A0162,A0162,1,78.0,0.658814288923702,51.387514536048755,0.658814288923702,,,,,,joint-bundle-2pct-extra,0.02
single,A0163,A0163,1,74.0,0.6406076461920274,47.40496581821002,0.6406076461920274,,,,,,joint-bundle-2pct-extra,0.02
single,A0164,A0164,1,65.0,0.9648945590658814,62.71814633928229,0.9648945590658814,,,,,,joint-bundle-2pct-extra,0.02
single,A0165,A0165,1,73.5,0.7009779985497696,51.52188289340807,0.7009779985497696,,,,,,joint-bundle-2pct-extra,0.02
single,A0166,A0166,1,67.5,0.7585284488457888,51.200670297090745,0.7585284488457888,,,,,,joint-bundle-2pct-extra,0.02
single,A0167,A0167,1,73.0,0.7400511012919067,54.02373039430918,0.7400511012919067,,,,,,joint-bundle-2pct-extra,0.02
single,A0168,A0168,1,81.0,0.705885060964195,57.1766899380998,0.705885060964195,,,,,,joint-bundle-2pct-extra,0.02
single,A0169,A0169,1,74.5,0.7338893998533872,54.67476028907735,0.7338893998533872,,,,,,joint-bundle-2pct-extra,0.02
single,A0170,A0170,1,73.5,0.5939741122432076,43.65709724987576,0.5939741122432076,,,,,,joint-bundle-2pct-extra,0.02
single,A0171,A0171,1,75.5,0.4638834077481384,35.02319728498445,0.4638834077481384,,,,,,joint-bundle-2pct-extra,0.02
single,A0172,A0172,1,73.5,0.7009779985497696,51.52188289340807,0.7009779985497696,,,,,,joint-bundle-2pct-extra,0.02
single,A0173,A0173,1,74.5,0.6867085769271476,51.159788981072495,0.6867085769271476,,,,,,joint-bundle-2pct-extra,0.02
single,A0174,A0174,1,73.5,0.6670406663539887,49.02748897701817,0.6670406663539887,,,,,,joint-bundle-2pct-extra,0.02
single,A0175,A0175,1,73.0,0.6517017989152087,47.57423132081024,0.6517017989152087,,,,,,joint-bundle-2pct-extra,0.02
single,A0176,A0176,1,72.5,0.7398573865636435,53.63966052586416,0.7398573865636435,,,,,,joint-bundle-2pct-extra,0.02
single,A0177,A0177,1,74.0,0.4425505130178502,32.74873796332091,0.4425505130178502,,,,,,joint-bundle-2pct-extra,0.02
single,A0178,A0178,1,65.0,0.968160252237406,62.930416395431386,0.968160252237406,,,,,,joint-bundle-2pct-extra,0.02
single,A0179,A0179,1,75.0,0.6796599663678462,50.974497477588464,0.6796599663678462,,,,,,joint-bundle-2pct-extra,0.02
single,A0181,A0181,1,73.5,0.5414917638696318,39.79964464441794,0.5414917638696318,,,,,,joint-bundle-2pct-extra,0.02
single,A0182,A0182,1,73.5,0.528839615007663,38.86971170306323,0.528839615007663,,,,,,joint-bundle-2pct-extra,0.02
single,A0184,A0184,1,73.0,0.5464588711751724,39.89149759578759,0.5464588711751724,,,,,,joint-bundle-2pct-extra,0.02
single,A0185,A0185,1,73.5,0.5437829647623906,39.968047910035715,0.5437829647623906,,,,,,joint-bundle-2pct-extra,0.02
single,A0186,A0186,1,73.0,0.6007022057262733,43.85126101801795,0.6007022057262733,,,,,,joint-bundle-2pct-extra,0.02
single,A0187,A0187,1,73.5,0.6044631128030615,44.428038791025024,0.6044631128030615,,,,,,joint-bundle-2pct-extra,0.02
single,A0188,A0188,1,73.5,0.6085672469064487,44.72969264762398,0.6085672469064487,,,,,,joint-bundle-2pct-extra,0.02
single,A0189,A0189,1,65.0,0.974078216392834,63.31508406553421,0.974078216392834,,,,,,joint-bundle-2pct-extra,0.02
single,A0190,A0190,1,73.5,0.6330592105139387,46.52985197277449,0.6330592105139387,,,,,,joint-bundle-2pct-extra,0.02
single,A0192,A0192,1,73.0,0.6237666509112081,45.53496551651819,0.6237666509112081,,,,,,joint-bundle-2pct-extra,0.02
single,A0193,A0193,1,73.5,0.5309362605921594,39.023815153523714,0.5309362605921594,,,,,,joint-bundle-2pct-extra,0.02
single,A0194,A0194,1,67.0,0.7590307585293447,50.85506082146609,0.7590307585293447,,,,,,joint-bundle-2pct-extra,0.02
single,A0195,A0195,1,73.5,0.6611129237323168,48.591799894325284,0.6611129237323168,,,,,,joint-bundle-2pct-extra,0.02
single,A0196,A0196,1,74.5,0.6295939205393997,46.904747080185274,0.6295939205393997,,,,,,joint-bundle-2pct-extra,0.02
single,A0198,A0198,1,67.0,0.9747698204131585,65.30957796768162,0.9747698204131585,,,,,,joint-bundle-2pct-extra,0.02
single,A0199,A0199,1,66.5,0.9725212639207788,64.67266405073178,0.9725212639207788,,,,,,joint-bundle-2pct-extra,0.02
single,A0200,A0200,1,67.0,0.975204623524761,65.33870977615899,0.975204623524761,,,,,,joint-bundle-2pct-extra,0.02
single,A0201,A0201,1,75.0,0.7051509333745353,52.88632000309015,0.7051509333745353,,,,,,joint-bundle-2pct-extra,0.02
single,A0202,A0202,1,78.0,0.712790918911407,55.59769167508975,0.712790918911407,,,,,,joint-bundle-2pct-extra,0.02
single,A0203,A0203,1,75.0,0.7050082558661758,52.87561918996318,0.7050082558661758,,,,,,joint-bundle-2pct-extra,0.02
single,A0204,A0204,1,65.0,0.978703338742931,63.61571701829052,0.978703338742931,,,,,,joint-bundle-2pct-extra,0.02
single,A0205,A0205,1,65.0,0.9787957646661224,63.62172470329796,0.9787957646661224,,,,,,joint-bundle-2pct-extra,0.02
single,A0206,A0206,1,65.0,0.9786096680234402,63.60962842152361,0.9786096680234402,,,,,,joint-bundle-2pct-extra,0.02
single,A0207,A0207,1,65.0,0.9711448902254749,63.12441786465587,0.9711448902254749,,,,,,joint-bundle-2pct-extra,0.02
single,A0208,A0208,1,67.0,0.9729677177381081,65.18883708845324,0.9729677177381081,,,,,,joint-bundle-2pct-extra,0.02
single,A0209,A0209,1,65.0,0.971236302369696,63.130359654030244,0.971236302369696,,,,,,joint-bundle-2pct-extra,0.02
single,A0210,A0210,1,75.0,0.7086650553518454,53.149879151388404,0.7086650553518454,,,,,,joint-bundle-2pct-extra,0.02
single,A0211,A0211,1,73.5,0.7392026138265805,54.33139211625367,0.7392026138265805,,,,,,joint-bundle-2pct-extra,0.02
single,A0212,A0212,1,71.5,0.7434162368767607,53.154260936688395,0.7434162368767607,,,,,,joint-bundle-2pct-extra,0.02
single,A0213,A0213,1,76.0,0.5657905434057585,43.00008129883765,0.5657905434057585,,,,,,joint-bundle-2pct-extra,0.02
single,A0214,A0214,1,71.5,0.7474213854868188,53.44062906230754,0.7474213854868188,,,,,,joint-bundle-2pct-extra,0.02
single,A0215,A0215,1,73.0,0.7354830761484382,53.69026455883599,0.7354830761484382,,,,,,joint-bundle-2pct-extra,0.02
single,A0216,A0216,1,76.0,0.7284724132394335,55.36390340619694,0.7284724132394335,,,,,,joint-bundle-2pct-extra,0.02
single,A0217,A0217,1,71.5,0.7452477269147764,53.28521247440651,0.7452477269147764,,,,,,joint-bundle-2pct-extra,0.02
single,A0218,A0218,1,74.0,0.4681590136025107,34.64376700658579,0.4681590136025107,,,,,,joint-bundle-2pct-extra,0.02
single,A0219,A0219,1,78.5,0.7164500662732501,56.241330202450136,0.7164500662732501,,,,,,joint-bundle-2pct-extra,0.02
single,A0220,A0220,1,73.0,0.6579953412674284,48.033659912522275,0.6579953412674284,,,,,,joint-bundle-2pct-extra,0.02
single,A0221,A0221,1,72.5,0.737586417916778,53.475015298966404,0.737586417916778,,,,,,joint-bundle-2pct-extra,0.02
single,A0222,A0222,1,67.0,0.9689683551090051,64.92087979230334,0.9689683551090051,,,,,,joint-bundle-2pct-extra,0.02
single,A0223,A0223,1,71.5,0.746733563428917,53.39144978516756,0.746733563428917,,,,,,joint-bundle-2pct-extra,0.02
single,A0224,A0224,1,78.0,0.702357826315615,54.783910452617974,0.702357826315615,,,,,,joint-bundle-2pct-extra,0.02
single,A0225,A0225,1,73.0,0.7358658156695081,53.718204543874094,0.7358658156695081,,,,,,joint-bundle-2pct-extra,0.02
single,A0226,A0226,1,79.0,0.712843145217545,56.31460847218605,0.712843145217545,,,,,,joint-bundle-2pct-extra,0.02
single,A0227,A0227,1,71.0,0.7459688033674126,52.96378503908629,0.7459688033674126,,,,,,joint-bundle-2pct-extra,0.02
single,A0228,A0228,1,73.5,0.6697772512610329,49.228627967685924,0.6697772512610329,,,,,,joint-bundle-2pct-extra,0.02
single,A0229,A0229,1,78.0,0.7209499947700553,56.23409959206431,0.7209499947700553,,,,,,joint-bundle-2pct-extra,0.02
single,A0230,A0230,1,74.0,0.5557113212205901,41.122637770323664,0.5557113212205901,,,,,,joint-bundle-2pct-extra,0.02
single,A0231,A0231,1,78.0,0.7107648163442827,55.43965567485405,0.7107648163442827,,,,,,joint-bundle-2pct-extra,0.02
single,A0232,A0232,1,68.5,0.7510616576009352,51.44772354566406,0.7510616576009352,,,,,,joint-bundle-2pct-extra,0.02
single,A0233,A0233,1,75.0,0.7331702061639854,54.98776546229891,0.7331702061639854,,,,,,joint-bundle-2pct-extra,0.02
single,A0234,A0234,1,77.5,0.7225188371467576,55.99520987887371,0.7225188371467576,,,,,,joint-bundle-2pct-extra,0.02
single,A0235,A0235,1,75.0,0.7283068098516544,54.62301073887408,0.7283068098516544,,,,,,joint-bundle-2pct-extra,0.02
single,A0236,A0236,1,76.0,0.7234079211294485,54.97900200583809,0.7234079211294485,,,,,,joint-bundle-2pct-extra,0.02
single,A0237,A0237,1,74.0,0.5102210475309895,37.756357517293225,0.5102210475309895,,,,,,joint-bundle-2pct-extra,0.02
single,A0238,A0238,1,74.0,0.7372736360854711,54.55824907032486,0.7372736360854711,,,,,,joint-bundle-2pct-extra,0.02
single,A0239,A0239,1,73.0,0.6014027160325155,43.90239827037363,0.6014027160325155,,,,,,joint-bundle-2pct-extra,0.02
single,A0240,A0240,1,78.0,0.702357826315615,54.783910452617974,0.702357826315615,,,,,,joint-bundle-2pct-extra,0.02
single,A0241,A0241,1,73.5,0.6108856172575615,44.900092868430775,0.6108856172575615,,,,,,joint-bundle-2pct-extra,0.02
single,A0242,A0242,1,76.0,0.7279031446316833,55.32063899200793,0.7279031446316833,,,,,,joint-bundle-2pct-extra,0.02
single,A0243,A0243,1,73.5,0.5019485208310844,36.893216281084705,0.5019485208310844,,,,,,joint-bundle-2pct-extra,0.02
single,A0244,A0244,1,74.0,0.4682419118070177,34.64990147371931,0.4682419118070177,,,,,,joint-bundle-2pct-extra,0.02
single,A0245,A0245,1,71.0,0.7464953205597225,53.00116775974029,0.7464953205597225,,,,,,joint-bundle-2pct-extra,0.02
single,A0246,A0246,1,74.5,0.6586311369841713,49.068019705320765,0.6586311369841713,,,,,,joint-bundle-2pct-extra,0.02
single,A0247,A0247,1,74.0,0.7026458415549818,51.99579227506865,0.7026458415549818,,,,,,joint-bundle-2pct-extra,0.02
single,A0248,A0248,1,73.0,0.5225902176762146,38.149085890363665,0.5225902176762146,,,,,,joint-bundle-2pct-extra,0.02
single,A0249,A0249,1,74.5,0.6579760851316135,49.01921834230521,0.6579760851316135,,,,,,joint-bundle-2pct-extra,0.02
single,A0250,A0250,1,73.5,0.5756191788142826,42.30800964284977,0.5756191788142826,,,,,,joint-bundle-2pct-extra,0.02
single,A0251,A0251,1,74.5,0.7359734841689355,54.83002457058569,0.7359734841689355,,,,,,joint-bundle-2pct-extra,0.02
single,A0252,A0252,1,74.5,0.7302443873733755,54.40320685931648,0.7302443873733755,,,,,,joint-bundle-2pct-extra,0.02
single,A0253,A0253,1,73.0,0.6211263042199745,45.34222020805814,0.6211263042199745,,,,,,joint-bundle-2pct-extra,0.02
single,A0254,A0254,1,73.5,0.5271815121947182,38.747841146311785,0.5271815121947182,,,,,,joint-bundle-2pct-extra,0.02
single,A0255,A0255,1,73.0,0.6176414617347223,45.08782670663473,0.6176414617347223,,,,,,joint-bundle-2pct-extra,0.02
single,A0256,A0256,1,73.5,0.6461036928952163,47.4886214277984,0.6461036928952163,,,,,,joint-bundle-2pct-extra,0.02
single,A0257,A0257,1,73.0,0.6296220485258953,45.96240954239036,0.6296220485258953,,,,,,joint-bundle-2pct-extra,0.02
single,A0258,A0258,1,74.5,0.6875691965098463,51.22390513998355,0.6875691965098463,,,,,,joint-bundle-2pct-extra,0.02
single,A0259,A0259,1,70.5,0.7505400402204293,52.91307283554027,0.7505400402204293,,,,,,joint-bundle-2pct-extra,0.02
single,A0260,A0260,1,73.5,0.6482489933561765,47.64630101167897,0.6482489933561765,,,,,,joint-bundle-2pct-extra,0.02
single,A0261,A0261,1,77.0,0.6655311307155957,51.24589706510086,0.6655311307155957,,,,,,joint-bundle-2pct-extra,0.02
single,A0262,A0262,1,73.0,0.6010232145419814,43.87469466156464,0.6010232145419814,,,,,,joint-bundle-2pct-extra,0.02
single,A0263,A0263,1,73.0,0.5168569257792048,37.73055558188195,0.5168569257792048,,,,,,joint-bundle-2pct-extra,0.02
single,A0264,A0264,1,73.5,0.6026717641350527,44.29637466392638,0.6026717641350527,,,,,,joint-bundle-2pct-extra,0.02
single,A0265,A0265,1,73.5,0.592099730490423,43.51933019104609,0.592099730490423,,,,,,joint-bundle-2pct-extra,0.02
single,A0266,A0266,1,67.0,0.9746934937285527,65.30446407981303,0.9746934937285527,,,,,,joint-bundle-2pct-extra,0.02
single,A0267,A0267,1,65.0,0.9431437749349406,61.30434537077114,0.9431437749349406,,,,,,joint-bundle-2pct-extra,0.02
single,A0268,A0268,1,65.0,0.9452813251292579,61.44328613340176,0.9452813251292579,,,,,,joint-bundle-2pct-extra,0.02
single,A0269,A0269,1,67.0,0.7598354449893985,50.9089748142897,0.7598354449893985,,,,,,joint-bundle-2pct-extra,0.02
single,A0270,A0270,1,65.0,0.9550272943969522,62.07677413580189,0.9550272943969522,,,,,,joint-bundle-2pct-extra,0.02
single,A0271,A0271,1,65.0,0.9738467992878401,63.30004195370961,0.9738467992878401,,,,,,joint-bundle-2pct-extra,0.02
single,A0272,A0272,1,76.0,0.628373301903268,47.75637094464837,0.628373301903268,,,,,,joint-bundle-2pct-extra,0.02
single,A0273,A0273,1,67.0,0.9739143775781056,65.25226329773308,0.9739143775781056,,,,,,joint-bundle-2pct-extra,0.02
single,A0274,A0274,1,75.0,0.7040042920290411,52.800321902178084,0.7040042920290411,,,,,,joint-bundle-2pct-extra,0.02
single,A0275,A0275,1,73.5,0.4965519123359681,36.49656555669366,0.4965519123359681,,,,,,joint-bundle-2pct-extra,0.02
single,A0276,A0276,1,65.0,0.942036504942803,61.2323728212822,0.942036504942803,,,,,,joint-bundle-2pct-extra,0.02
single,A0277,A0277,1,74.5,0.502074608139269,37.404558306375534,0.502074608139269,,,,,,joint-bundle-2pct-extra,0.02
single,A0278,A0278,1,65.0,0.9452813251292579,61.44328613340176,0.9452813251292579,,,,,,joint-bundle-2pct-extra,0.02
single,A0279,A0279,1,74.0,0.5354008184867762,39.619660568021445,0.5354008184867762,,,,,,joint-bundle-2pct-extra,0.02
single,A0280,A0280,1,65.0,0.954575561554339,62.04741150103203,0.954575561554339,,,,,,joint-bundle-2pct-extra,0.02
single,A0281,A0281,1,65.0,0.9446106994836342,61.39969546643622,0.9446106994836342,,,,,,joint-bundle-2pct-extra,0.02
single,A0282,A0282,1,74.5,0.5347163512024795,39.83636816458473,0.5347163512024795,,,,,,joint-bundle-2pct-extra,0.02
single,A0283,A0283,1,65.0,0.9261885110419636,60.20225321772764,0.9261885110419636,,,,,,joint-bundle-2pct-extra,0.02
single,A0284,A0284,1,73.0,0.503758486041897,36.77436948105848,0.503758486041897,,,,,,joint-bundle-2pct-extra,0.02
single,A0287,A0287,1,65.0,0.9437272452276758,61.34227093979893,0.9437272452276758,,,,,,joint-bundle-2pct-extra,0.02
single,A0288,A0288,1,73.5,0.5802097274636089,42.64541496857525,0.5802097274636089,,,,,,joint-bundle-2pct-extra,0.02
single,A0289,A0289,1,73.0,0.502544116379754,36.685720495722045,0.502544116379754,,,,,,joint-bundle-2pct-extra,0.02
single,A0290,A0290,1,74.5,0.7296365889703316,54.3579258782897,0.7296365889703316,,,,,,joint-bundle-2pct-extra,0.02
single,A0291,A0291,1,73.0,0.5045379586365213,36.83127098046605,0.5045379586365213,,,,,,joint-bundle-2pct-extra,0.02
single,A0292,A0292,1,67.5,0.7565106827198487,51.06447108358979,0.7565106827198487,,,,,,joint-bundle-2pct-extra,0.02
single,A0293,A0293,1,65.0,0.9443466182955337,61.38253018920969,0.9443466182955337,,,,,,joint-bundle-2pct-extra,0.02
single,A0294,A0294,1,75.5,0.7056072189744298,53.27334503256945,0.7056072189744298,,,,,,joint-bundle-2pct-extra,0.02
single,A0295,A0295,1,66.0,0.7629631213149779,50.35556600678854,0.7629631213149779,,,,,,joint-bundle-2pct-extra,0.02
single,A0296,A0296,1,78.0,0.6481941031235023,50.559140043633185,0.6481941031235023,,,,,,joint-bundle-2pct-extra,0.02
single,A0297,A0297,1,69.5,0.7485720381988109,52.02575665481736,0.7485720381988109,,,,,,joint-bundle-2pct-extra,0.02
single,A0298,A0298,1,69.5,0.7485720381988109,52.02575665481736,0.7485720381988109,,,,,,joint-bundle-2pct-extra,0.02
single,A0299,A0299,1,68.5,0.7568871594980816,51.84677042561859,0.7568871594980816,,,,,,joint-bundle-2pct-extra,0.02
single,A0300,A0300,1,68.0,0.7566968089035553,51.45538300544176,0.7566968089035553,,,,,,joint-bundle-2pct-extra,0.02
single,A0301,A0301,1,67.5,0.7574662894019261,51.12897453463001,0.7574662894019261,,,,,,joint-bundle-2pct-extra,0.02
single,A0302,A0302,1,66.5,0.7594390581114808,50.50269736441347,0.7594390581114808,,,,,,joint-bundle-2pct-extra,0.02
single,A0303,A0303,1,69.5,0.7485720381988109,52.02575665481736,0.7485720381988109,,,,,,joint-bundle-2pct-extra,0.02
single,A0304,A0304,1,66.0,0.759915583561824,50.15442851508038,0.759915583561824,,,,,,joint-bundle-2pct-extra,0.02
single,A0305,A0305,1,73.5,0.7350382134676515,54.02530868987239,0.7350382134676515,,,,,,joint-bundle-2pct-extra,0.02
single,A0306,A0306,1,65.0,0.7687590632667508,49.9693391123388,0.7687590632667508,,,,,,joint-bundle-2pct-extra,0.02
single,A0307,A0307,1,68.5,0.7511626484207619,51.454641416822184,0.7511626484207619,,,,,,joint-bundle-2pct-extra,0.02
single,A0308,A0308,1,78.0,0.6602836343867177,51.50212348216398,0.6602836343867177,,,,,,joint-bundle-2pct-extra,0.02
single,A0309,A0309,1,73.5,0.6651113222277423,48.88568218373906,0.6651113222277423,,,,,,joint-bundle-2pct-extra,0.02
single,A0310,A0310,1,74.5,0.5634491839319878,41.9769642029331,0.5634491839319878,,,,,,joint-bundle-2pct-extra,0.02
single,A0311,A0311,1,65.0,0.7654033612077448,49.75121847850341,0.7654033612077448,,,,,,joint-bundle-2pct-extra,0.02
single,A0312,A0312,1,73.5,0.5557283467547166,40.84603348647167,0.5557283467547166,,,,,,joint-bundle-2pct-extra,0.02
single,A0313,A0313,1,75.5,0.6415434456039166,48.43653014309571,0.6415434456039166,,,,,,joint-bundle-2pct-extra,0.02
single,A0314,A0314,1,73.5,0.524268952886994,38.533768037194065,0.524268952886994,,,,,,joint-bundle-2pct-extra,0.02
single,A0315,A0315,1,74.0,0.737183681112962,54.551592402359184,0.737183681112962,,,,,,joint-bundle-2pct-extra,0.02
single,A0316,A0316,1,73.5,0.6174232373313925,45.38060794385735,0.6174232373313925,,,,,,joint-bundle-2pct-extra,0.02
single,A0317,A0317,1,73.5,0.6258906681212625,46.00296410691279,0.6258906681212625,,,,,,joint-bundle-2pct-extra,0.02
single,A0318,A0318,1,73.5,0.617950593452062,45.41936861872656,0.617950593452062,,,,,,joint-bundle-2pct-extra,0.02
single,A0319,A0319,1,70.5,0.7494828294412749,52.83853947560988,0.7494828294412749,,,,,,joint-bundle-2pct-extra,0.02
single,A0320,A0320,1,73.0,0.6433077489347511,46.96146567223683,0.6433077489347511,,,,,,joint-bundle-2pct-extra,0.02
single,A0321,A0321,1,67.5,0.7585284488457888,51.200670297090745,0.7585284488457888,,,,,,joint-bundle-2pct-extra,0.02
single,A0322,A0322,1,74.0,0.6869974945868146,50.83781459942428,0.6869974945868146,,,,,,joint-bundle-2pct-extra,0.02
single,A0323,A0323,1,73.5,0.5823619560532651,42.803603769914986,0.5823619560532651,,,,,,joint-bundle-2pct-extra,0.02
single,A0324,A0324,1,73.0,0.694368185714718,50.688877557174415,0.694368185714718,,,,,,joint-bundle-2pct-extra,0.02
single,A0325,A0325,1,73.5,0.6601384886996653,48.5201789194254,0.6601384886996653,,,,,,joint-bundle-2pct-extra,0.02
single,A0326,A0326,1,73.5,0.6639502731727767,48.800345078199086,0.6639502731727767,,,,,,joint-bundle-2pct-extra,0.02
single,A0327,A0327,1,74.0,0.5289504104661,39.1423303744914,0.5289504104661,,,,,,joint-bundle-2pct-extra,0.02
single,A0328,A0328,1,66.0,0.7601060527036045,50.1669994784379,0.7601060527036045,,,,,,joint-bundle-2pct-extra,0.02
single,A0329,A0329,1,73.0,0.7151586254864589,52.2065796605115,0.7151586254864589,,,,,,joint-bundle-2pct-extra,0.02
single,A0330,A0330,1,73.5,0.6958110160315715,51.1421096783205,0.6958110160315715,,,,,,joint-bundle-2pct-extra,0.02
single,A0331,A0331,1,73.5,0.6372026453425308,46.834394432676014,0.6372026453425308,,,,,,joint-bundle-2pct-extra,0.02
single,A0332,A0332,1,73.0,0.5733445522918256,41.85415231730327,0.5733445522918256,,,,,,joint-bundle-2pct-extra,0.02
single,A0333,A0333,1,73.5,0.6468307937259707,47.54206333885885,0.6468307937259707,,,,,,joint-bundle-2pct-extra,0.02
single,A0334,A0334,1,73.0,0.6806038614020878,49.68408188235241,0.6806038614020878,,,,,,joint-bundle-2pct-extra,0.02
single,A0335,A0335,1,67.5,0.7585284488457888,51.200670297090745,0.7585284488457888,,,,,,joint-bundle-2pct-extra,0.02
single,A0336,A0336,1,73.5,0.6768061021812715,49.74524851032345,0.6768061021812715,,,,,,joint-bundle-2pct-extra,0.02
single,A0337,A0337,1,73.5,0.6581842005127839,48.37653873768962,0.6581842005127839,,,,,,joint-bundle-2pct-extra,0.02
single,A0338,A0338,1,73.0,0.5735659709879191,41.87031588211809,0.5735659709879191,,,,,,joint-bundle-2pct-extra,0.02
single,A0339,A0339,1,73.0,0.7141239085050171,52.13104532086624,0.7141239085050171,,,,,,joint-bundle-2pct-extra,0.02
single,A0340,A0340,1,73.5,0.7334488291165012,53.90848894006284,0.7334488291165012,,,,,,joint-bundle-2pct-extra,0.02
single,A0341,A0341,1,67.5,0.7585284488457888,51.200670297090745,0.7585284488457888,,,,,,joint-bundle-2pct-extra,0.02
single,A0342,A0342,1,73.5,0.7350382134676515,54.02530868987239,0.7350382134676515,,,,,,joint-bundle-2pct-extra,0.02
single,A0343,A0343,1,73.5,0.6451355430732826,47.41746241588627,0.6451355430732826,,,,,,joint-bundle-2pct-extra,0.02
single,A0344,A0344,1,74.0,0.6892617758129383,51.00537141015744,0.6892617758129383,,,,,,joint-bundle-2pct-extra,0.02
single,A0345,A0345,1,73.5,0.6955786965805979,51.125034198673944,0.6955786965805979,,,,,,joint-bundle-2pct-extra,0.02
single,A0346,A0346,1,71.0,0.7484068522677416,53.136886511009656,0.7484068522677416,,,,,,joint-bundle-2pct-extra,0.02
single,A0347,A0347,1,74.0,0.6105247927346644,45.17883466236517,0.6105247927346644,,,,,,joint-bundle-2pct-extra,0.02
single,A0348,A0348,1,73.5,0.5292343659133035,38.89872589462781,0.5292343659133035,,,,,,joint-bundle-2pct-extra,0.02
single,A0349,A0349,1,73.5,0.703954518920929,51.74065714068828,0.703954518920929,,,,,,joint-bundle-2pct-extra,0.02
single,A0350,A0350,1,73.0,0.6140915855650512,44.82868574624874,0.6140915855650512,,,,,,joint-bundle-2pct-extra,0.02
single,A0351,A0351,1,73.5,0.6353264773885005,46.696496088054786,0.6353264773885005,,,,,,joint-bundle-2pct-extra,0.02
single,A0352,A0352,1,73.5,0.6609682519729964,48.58116652001523,0.6609682519729964,,,,,,joint-bundle-2pct-extra,0.02
single,A0353,A0353,1,73.5,0.5894709349123456,43.3261137160574,0.5894709349123456,,,,,,joint-bundle-2pct-extra,0.02
single,A0354,A0354,1,74.5,0.5933986049208086,44.208196066600244,0.5933986049208086,,,,,,joint-bundle-2pct-extra,0.02
single,A0357,A0357,1,80.5,0.544172629193834,43.80589665010364,0.544172629193834,,,,,,joint-bundle-2pct-extra,0.02
single,A0358,A0358,1,74.5,0.30744679960596183,22.904786570644156,0.30744679960596183,,,,,,joint-bundle-2pct-extra,0.02
single,A0359,A0359,1,74.0,0.24950418017080178,18.463309332639334,0.24950418017080178,,,,,,joint-bundle-2pct-extra,0.02
single,A0362,A0362,1,74.0,0.506930921832693,37.51288821561928,0.506930921832693,,,,,,joint-bundle-2pct-extra,0.02
single,A0363,A0363,1,70.5,0.7498237558653674,52.862574788508404,0.7498237558653674,,,,,,joint-bundle-2pct-extra,0.02
single,A0365,A0365,1,73.5,0.7240938741187395,53.22089974772735,0.7240938741187395,,,,,,joint-bundle-2pct-extra,0.02
single,A0366,A0366,1,74.0,0.6101810867361409,45.153400418474426,0.6101810867361409,,,,,,joint-bundle-2pct-extra,0.02
single,A0367,A0367,1,73.5,0.7026164939568305,51.64231230582704,0.7026164939568305,,,,,,joint-bundle-2pct-extra,0.02
single,A0368,A0368,1,73.5,0.6599343530902331,48.50517495213213,0.6599343530902331,,,,,,joint-bundle-2pct-extra,0.02
single,A0370,A0370,1,73.5,0.7400084206359331,54.39061891674108,0.7400084206359331,,,,,,joint-bundle-2pct-extra,0.02
single,A0371,A0371,1,73.5,0.702831801938168,51.65813744245535,0.702831801938168,,,,,,joint-bundle-2pct-extra,0.02
single,A0372,A0372,1,73.5,0.5260068353565811,38.66150239870871,0.5260068353565811,,,,,,joint-bundle-2pct-extra,0.02
single,A0373,A0373,1,65.0,0.9748755999293127,63.366913995405326,0.9748755999293127,,,,,,joint-bundle-2pct-extra,0.02
single,A0374,A0374,1,67.0,0.9549375639268296,63.98081678309758,0.9549375639268296,,,,,,joint-bundle-2pct-extra,0.02
single,A0376,A0376,1,73.0,0.5502417816446704,40.16765006006094,0.5502417816446704,,,,,,joint-bundle-2pct-extra,0.02
single,A0377,A0377,1,74.0,0.5346434146374598,39.563612683172025,0.5346434146374598,,,,,,joint-bundle-2pct-extra,0.02
single,A0380,A0380,1,65.0,0.9586738277839882,62.31379880595924,0.9586738277839882,,,,,,joint-bundle-2pct-extra,0.02
single,A0381,A0381,1,73.5,0.6020287699476996,44.24911459115592,0.6020287699476996,,,,,,joint-bundle-2pct-extra,0.02
single,A0382,A0382,1,73.0,0.5639415709882224,41.167734682140235,0.5639415709882224,,,,,,joint-bundle-2pct-extra,0.02
single,A0383,A0383,1,74.0,0.5799928099343452,42.91946793514155,0.5799928099343452,,,,,,joint-bundle-2pct-extra,0.02
single,A0384,A0384,1,67.0,0.9659600823945698,64.71932552043617,0.9659600823945698,,,,,,joint-bundle-2pct-extra,0.02
single,A0385,A0385,1,75.0,0.727548348396502,54.56612612973765,0.727548348396502,,,,,,joint-bundle-2pct-extra,0.02
single,A0386,A0386,1,73.0,0.6121040166379293,44.683593214568845,0.6121040166379293,,,,,,joint-bundle-2pct-extra,0.02
single,A0387,A0387,1,73.5,0.6444672944196489,47.36834613984419,0.6444672944196489,,,,,,joint-bundle-2pct-extra,0.02
single,A0388,A0388,1,65.0,0.9787978245324473,63.62185859460908,0.9787978245324473,,,,,,joint-bundle-2pct-extra,0.02
single,A0389,A0389,1,73.5,0.5437829647623906,39.968047910035715,0.5437829647623906,,,,,,joint-bundle-2pct-extra,0.02
single,A0390,A0390,1,66.0,0.9726049364321724,64.19192580452338,0.9726049364321724,,,,,,joint-bundle-2pct-extra,0.02
single,A0391,A0391,1,73.0,0.5411574885758051,39.50449666603377,0.5411574885758051,,,,,,joint-bundle-2pct-extra,0.02
single,A0392,A0392,1,73.0,0.5004855303188737,36.53544371327778,0.5004855303188737,,,,,,joint-bundle-2pct-extra,0.02
single,A0393,A0393,1,74.5,0.7351089167992672,54.765614301545405,0.7351089167992672,,,,,,joint-bundle-2pct-extra,0.02
single,A0394,A0394,1,74.0,0.5606565138817086,41.48858202724644,0.5606565138817086,,,,,,joint-bundle-2pct-extra,0.02
single,A0395,A0395,1,71.5,0.746633831583421,53.3843189582146,0.746633831583421,,,,,,joint-bundle-2pct-extra,0.02
single,A0396,A0396,1,73.5,0.49391434554358565,36.302704397453546,0.49391434554358565,,,,,,joint-bundle-2pct-extra,0.02
single,A0397,A0397,1,80.0,0.6976546872740192,55.812374981921536,0.6976546872740192,,,,,,joint-bundle-2pct-extra,0.02
single,A0398,A0398,1,77.5,0.7178418867319701,55.632746221727686,0.7178418867319701,,,,,,joint-bundle-2pct-extra,0.02
single,A0399,A0399,1,80.0,0.6987761559204301,55.902092473634404,0.6987761559204301,,,,,,joint-bundle-2pct-extra,0.02
single,A0400,A0400,1,82.5,0.7013340006761244,57.860055055780265,0.7013340006761244,,,,,,joint-bundle-2pct-extra,0.02
single,A0401,A0401,1,72.0,0.7436014036129922,53.539301060135436,0.7436014036129922,,,,,,joint-bundle-2pct-extra,0.02
single,A0402,A0402,1,73.0,0.5690711835868445,41.54219640183965,0.5690711835868445,,,,,,joint-bundle-2pct-extra,0.02
single,A0403,A0403,1,74.0,0.5367051244788293,39.71617921143337,0.5367051244788293,,,,,,joint-bundle-2pct-extra,0.02
single,A0404,A0404,1,70.5,0.7478088259328126,52.72052222826329,0.7478088259328126,,,,,,joint-bundle-2pct-extra,0.02
single,A0405,A0405,1,65.0,0.9738467992878401,63.30004195370961,0.9738467992878401,,,,,,joint-bundle-2pct-extra,0.02
single,A0406,A0406,1,71.0,0.7460209480544121,52.96748731186326,0.7460209480544121,,,,,,joint-bundle-2pct-extra,0.02
single,A0407,A0407,1,68.0,0.755066832328589,51.34454459834405,0.755066832328589,,,,,,joint-bundle-2pct-extra,0.02
single,A0408,A0408,1,73.0,0.5834518535151944,42.59198530660919,0.5834518535151944,,,,,,joint-bundle-2pct-extra,0.02
single,A0409,A0409,1,67.0,0.9508334900494465,63.70584383331292,0.9508334900494465,,,,,,joint-bundle-2pct-extra,0.02
single,A0410,A0410,1,65.5,0.9719517957843266,63.66284262387339,0.9719517957843266,,,,,,joint-bundle-2pct-extra,0.02
single,A0411,A0411,1,81.0,0.704152311188672,57.03633720628244,0.704152311188672,,,,,,joint-bundle-2pct-extra,0.02
single,A0412,A0412,1,73.0,0.5685736251637982,41.505874636957266,0.5685736251637982,,,,,,joint-bundle-2pct-extra,0.02
single,A0413,A0413,1,73.5,0.5109921337318655,37.55792182929211,0.5109921337318655,,,,,,joint-bundle-2pct-extra,0.02
single,A0414,A0414,1,73.5,0.5450774350821053,40.06319147853474,0.5450774350821053,,,,,,joint-bundle-2pct-extra,0.02
single,A0415,A0415,1,65.0,0.9648945590658814,62.71814633928229,0.9648945590658814,,,,,,joint-bundle-2pct-extra,0.02
single,A0416,A0416,1,65.0,0.9462260686927692,61.50469446502999,0.9462260686927692,,,,,,joint-bundle-2pct-extra,0.02
single,A0417,A0417,1,65.0,0.942056494430543,61.233672137985295,0.942056494430543,,,,,,joint-bundle-2pct-extra,0.02
single,A0418,A0418,1,68.5,0.7544329979383511,51.678660358777044,0.7544329979383511,,,,,,joint-bundle-2pct-extra,0.02
single,A0419,A0419,1,65.0,0.9426486622968929,61.27216304929804,0.9426486622968929,,,,,,joint-bundle-2pct-extra,0.02
single,A0420,A0420,1,65.0,0.931660174484708,60.55791134150601,0.931660174484708,,,,,,joint-bundle-2pct-extra,0.02
single,A0421,A0421,1,73.5,0.5867291857482086,43.124595152493335,0.5867291857482086,,,,,,joint-bundle-2pct-extra,0.02
single,A0422,A0422,1,74.5,0.6966593794090838,51.90112376597675,0.6966593794090838,,,,,,joint-bundle-2pct-extra,0.02
single,A0424,A0424,1,67.0,0.7677853329703636,51.44161730901436,0.7677853329703636,,,,,,joint-bundle-2pct-extra,0.02
single,A0425,A0425,1,73.5,0.7187897802536086,52.831048848640236,0.7187897802536086,,,,,,joint-bundle-2pct-extra,0.02
single,A0426,A0426,1,72.0,0.7704761066387305,55.47427967798859,0.7704761066387305,,,,,,joint-bundle-2pct-extra,0.02
single,A0427,A0427,1,74.0,0.6510743694978534,48.17950334284115,0.6510743694978534,,,,,,joint-bundle-2pct-extra,0.02
single,A0428,A0428,1,77.5,0.7230225449673667,56.03424723497092,0.7230225449673667,,,,,,joint-bundle-2pct-extra,0.02
single,A0429,A0429,1,67.0,0.7678422396201334,51.445430054548936,0.7678422396201334,,,,,,joint-bundle-2pct-extra,0.02
single,A0430,A0430,1,74.0,0.6217605822301591,46.01028308503177,0.6217605822301591,,,,,,joint-bundle-2pct-extra,0.02
single,A0431,A0431,1,67.0,0.7680040474593056,51.45627117977347,0.7680040474593056,,,,,,joint-bundle-2pct-extra,0.02
single,A0432,A0432,1,73.0,0.6779031533650958,49.48693019565199,0.6779031533650958,,,,,,joint-bundle-2pct-extra,0.02
single,A0433,A0433,1,73.5,0.6468307937259707,47.54206333885885,0.6468307937259707,,,,,,joint-bundle-2pct-extra,0.02
single,A0434,A0434,1,73.5,0.6674514823131329,49.05768395001527,0.6674514823131329,,,,,,joint-bundle-2pct-extra,0.02
single,A0435,A0435,1,72.5,0.7408495104500644,53.71158950762967,0.7408495104500644,,,,,,joint-bundle-2pct-extra,0.02
single,A0436,A0436,1,79.5,0.7154030405795121,56.874541726071214,0.7154030405795121,,,,,,joint-bundle-2pct-extra,0.02
single,A0437,A0437,1,75.0,0.7298605437725029,54.739540782937716,0.7298605437725029,,,,,,joint-bundle-2pct-extra,0.02
single,A0438,A0438,1,72.0,0.7396099937592848,53.251919550668504,0.7396099937592848,,,,,,joint-bundle-2pct-extra,0.02
single,A0439,A0439,1,71.5,0.745120909800712,53.276145050750905,0.745120909800712,,,,,,joint-bundle-2pct-extra,0.02
single,A0440,A0440,1,77.5,0.5732101251378353,44.42378469818224,0.5732101251378353,,,,,,joint-bundle-2pct-extra,0.02
single,A0441,A0441,1,75.0,0.2943003679357324,22.072527595179928,0.2943003679357324,,,,,,joint-bundle-2pct-extra,0.02
single,A0442,A0442,1,77.0,0.483880596489897,37.25880592972207,0.483880596489897,,,,,,joint-bundle-2pct-extra,0.02
single,A0443,A0443,1,81.0,0.48724627593240943,39.466948350525165,0.48724627593240943,,,,,,joint-bundle-2pct-extra,0.02
single,A0444,A0444,1,74.5,0.5139370466633456,38.28830997641925,0.5139370466633456,,,,,,joint-bundle-2pct-extra,0.02
single,A0448,A0448,1,75.0,0.26272154837201106,19.70411612790083,0.26272154837201106,,,,,,joint-bundle-2pct-extra,0.02
single,A0449,A0449,1,74.0,0.4857570134494384,35.94601899525844,0.4857570134494384,,,,,,joint-bundle-2pct-extra,0.02
single,A0450,A0450,1,85.0,0.5613407241048513,47.71396154891236,0.5613407241048513,,,,,,joint-bundle-2pct-extra,0.02
single,A0455,A0455,1,80.0,0.41478829579420184,33.183063663536146,0.41478829579420184,,,,,,joint-bundle-2pct-extra,0.02
single,A0457,A0457,1,71.5,0.7474213854868188,53.44062906230754,0.7474213854868188,,,,,,joint-bundle-2pct-extra,0.02
single,A0459,A0459,1,65.0,0.9776073172538357,63.544475621499316,0.9776073172538357,,,,,,joint-bundle-2pct-extra,0.02
single,A0460,A0460,1,84.0,0.6885829964494009,57.84097170174967,0.6885829964494009,,,,,,joint-bundle-2pct-extra,0.02
single,A0461,A0461,1,73.5,0.5395423759441177,39.65636463189265,0.5395423759441177,,,,,,joint-bundle-2pct-extra,0.02
single,A0463,A0463,1,73.0,0.5743642776978579,41.92859227194363,0.5743642776978579,,,,,,joint-bundle-2pct-extra,0.02
single,A0464,A0464,1,73.5,0.3085449466910899,22.67805358179511,0.3085449466910899,,,,,,joint-bundle-2pct-extra,0.02
single,A0466,A0466,1,75.0,0.3829354451369564,28.720158385271727,0.3829354451369564,,,,,,joint-bundle-2pct-extra,0.02
single,A0468,A0468,1,85.0,0.43186575962042323,36.70858956773598,0.43186575962042323,,,,,,joint-bundle-2pct-extra,0.02
single,A0469,A0469,1,73.0,0.6002816840706777,43.82056293715947,0.6002816840706777,,,,,,joint-bundle-2pct-extra,0.02
single,A0470,A0470,1,74.5,0.73019894284988,54.39982124231606,0.73019894284988,,,,,,joint-bundle-2pct-extra,0.02
single,A0471,A0471,1,85.0,0.650897898509025,55.32632137326713,0.650897898509025,,,,,,joint-bundle-2pct-extra,0.02
single,A0472,A0472,1,73.0,0.5463416319440384,39.8829391319148,0.5463416319440384,,,,,,joint-bundle-2pct-extra,0.02
single,A0473,A0473,1,74.0,0.6775718352161977,50.140315805998625,0.6775718352161977,,,,,,joint-bundle-2pct-extra,0.02
single,A0475,A0475,1,73.5,0.6778719690985379,49.82358972874253,0.6778719690985379,,,,,,joint-bundle-2pct-extra,0.02
single,A0476,A0476,1,73.0,0.6144443766174181,44.854439493071524,0.6144443766174181,,,,,,joint-bundle-2pct-extra,0.02
single,A0477,A0477,1,85.0,0.6413678142132211,54.51626420812379,0.6413678142132211,,,,,,joint-bundle-2pct-extra,0.02
single,A0478,A0478,1,85.0,0.6453456976512418,54.854384300355555,0.6453456976512418,,,,,,joint-bundle-2pct-extra,0.02
single,A0479,A0479,1,65.0,0.9068489904457392,58.945184378973046,0.9068489904457392,,,,,,joint-bundle-2pct-extra,0.02
single,A0480,A0480,1,74.5,0.5215177095184119,38.85306935912169,0.5215177095184119,,,,,,joint-bundle-2pct-extra,0.02
single,A0481,A0481,1,83.5,0.6938856730364216,57.9394536985412,0.6938856730364216,,,,,,joint-bundle-2pct-extra,0.02
single,A0482,A0482,1,73.5,0.6516228241380543,47.89427757414699,0.6516228241380543,,,,,,joint-bundle-2pct-extra,0.02
single,A0483,A0483,1,65.0,0.9080716795382953,59.02465916998919,0.9080716795382953,,,,,,joint-bundle-2pct-extra,0.02
single,A0484,A0484,1,73.5,0.5814725522164826,42.738232587911476,0.5814725522164826,,,,,,joint-bundle-2pct-extra,0.02
single,A0485,A0485,1,73.5,0.6443596758738527,47.36043617672817,0.6443596758738527,,,,,,joint-bundle-2pct-extra,0.02
single,A0486,A0486,1,65.0,0.8993153590855482,58.45549834056063,0.8993153590855482,,,,,,joint-bundle-2pct-extra,0.02
single,A0487,A0487,1,78.5,0.5618323545010749,44.10383982833438,0.5618323545010749,,,,,,joint-bundle-2pct-extra,0.02
single,A0488,A0488,1,80.0,0.6188782482909084,49.51025986327267,0.6188782482909084,,,,,,joint-bundle-2pct-extra,0.02
single,A0489,A0489,1,65.0,0.8804357475228536,57.22832358898548,0.8804357475228536,,,,,,joint-bundle-2pct-extra,0.02
single,A0490,A0490,1,73.5,0.5833328873716552,42.87496722181666,0.5833328873716552,,,,,,joint-bundle-2pct-extra,0.02
single,A0491,A0491,1,65.0,0.958010322406643,62.27067095643179,0.958010322406643,,,,,,joint-bundle-2pct-extra,0.02
single,A0492,A0492,1,65.0,0.943613084214507,61.33485047394295,0.943613084214507,,,,,,joint-bundle-2pct-extra,0.02
single,A0493,A0493,1,78.0,0.5290738694117259,41.267761814114614,0.5290738694117259,,,,,,joint-bundle-2pct-extra,0.02
single,A0494,A0494,1,65.0,0.9623273592853934,62.55127835355057,0.9623273592853934,,,,,,joint-bundle-2pct-extra,0.02
single,A0495,A0495,1,65.0,0.9694739571705461,63.01580721608549,0.9694739571705461,,,,,,joint-bundle-2pct-extra,0.02
single,A0496,A0496,1,65.0,0.9614780672711367,62.49607437262389,0.9614780672711367,,,,,,joint-bundle-2pct-extra,0.02
single,A0497,A0497,1,65.0,0.9376028791583548,60.944187145293064,0.9376028791583548,,,,,,joint-bundle-2pct-extra,0.02
single,A0498,A0498,1,65.0,0.948352163120182,61.64289060281183,0.948352163120182,,,,,,joint-bundle-2pct-extra,0.02
single,A0499,A0499,1,78.0,0.6638869557323045,51.78318254711975,0.6638869557323045,,,,,,joint-bundle-2pct-extra,0.02
single,A0500,A0500,1,65.0,0.8708208025078995,56.60335216301347,0.8708208025078995,,,,,,joint-bundle-2pct-extra,0.02
single,A0501,A0501,1,65.0,0.9151521567561284,59.484890189148345,0.9151521567561284,,,,,,joint-bundle-2pct-extra,0.02
single,A0502,A0502,1,78.0,0.6761922801039219,52.7429978481059,0.6761922801039219,,,,,,joint-bundle-2pct-extra,0.02
single,A0503,A0503,1,78.0,0.6742569401844039,52.5920413343835,0.6742569401844039,,,,,,joint-bundle-2pct-extra,0.02
single,A0504,A0504,1,65.0,0.9273225935035326,60.27596857772962,0.9273225935035326,,,,,,joint-bundle-2pct-extra,0.02
single,A0505,A0505,1,65.0,0.9737458162100782,63.29347805365508,0.9737458162100782,,,,,,joint-bundle-2pct-extra,0.02
single,A0506,A0506,1,65.0,0.9312652702702942,60.53224256756912,0.9312652702702942,,,,,,joint-bundle-2pct-extra,0.02
single,A0507,A0507,1,65.0,0.9303746312837929,60.47435103344654,0.9303746312837929,,,,,,joint-bundle-2pct-extra,0.02
single,A0508,A0508,1,65.0,0.9365207356132659,60.87384781486228,0.9365207356132659,,,,,,joint-bundle-2pct-extra,0.02
single,A0509,A0509,1,65.0,0.9047215048970952,58.80689781831119,0.9047215048970952,,,,,,joint-bundle-2pct-extra,0.02
single,A0510,A0510,1,78.0,0.6272313762994614,48.924047351357984,0.6272313762994614,,,,,,joint-bundle-2pct-extra,0.02
single,A0511,A0511,1,65.0,0.8438052928257407,54.847344033673146,0.8438052928257407,,,,,,joint-bundle-2pct-extra,0.02
single,A0512,A0512,1,65.0,0.971280978452884,63.133263599437456,0.971280978452884,,,,,,joint-bundle-2pct-extra,0.02
single,A0513,A0513,1,65.0,0.8862736094307019,57.60778461299562,0.8862736094307019,,,,,,joint-bundle-2pct-extra,0.02
single,A0514,A0514,1,80.5,0.566658740985132,45.616028649303125,0.566658740985132,,,,,,joint-bundle-2pct-extra,0.02
single,A0515,A0515,1,65.0,0.9694208689361441,63.01235648084937,0.9694208689361441,,,,,,joint-bundle-2pct-extra,0.02
single,A0516,A0516,1,65.0,0.8988838404153606,58.42744962699844,0.8988838404153606,,,,,,joint-bundle-2pct-extra,0.02
single,A0517,A0517,1,65.0,0.9671271537918592,62.863264996470846,0.9671271537918592,,,,,,joint-bundle-2pct-extra,0.02
single,A0518,A0518,1,65.0,0.9638854685775681,62.65255545754192,0.9638854685775681,,,,,,joint-bundle-2pct-extra,0.02
single,A0519,A0519,1,65.0,0.960501342017144,62.43258723111436,0.960501342017144,,,,,,joint-bundle-2pct-extra,0.02
single,A0520,A0520,1,65.0,0.9622923460761729,62.54900249495124,0.9622923460761729,,,,,,joint-bundle-2pct-extra,0.02
single,A0521,A0521,1,65.0,0.9220269742363201,59.9317533253608,0.9220269742363201,,,,,,joint-bundle-2pct-extra,0.02
single,A0522,A0522,1,78.0,0.6314752854520685,49.25507226526135,0.6314752854520685,,,,,,joint-bundle-2pct-extra,0.02
single,A0523,A0523,1,67.0,0.9270137048364,62.1099182240388,0.9270137048364,,,,,,joint-bundle-2pct-extra,0.02
single,A0524,A0524,1,65.0,0.9060995913574007,58.89647343823105,0.9060995913574007,,,,,,joint-bundle-2pct-extra,0.02
single,A0525,A0525,1,65.0,0.8521731432637731,55.39125431214526,0.8521731432637731,,,,,,joint-bundle-2pct-extra,0.02
single,A0526,A0526,1,65.0,0.9481770626195795,61.631509070272664,0.9481770626195795,,,,,,joint-bundle-2pct-extra,0.02
single,A0527,A0527,1,65.0,0.9451807677663809,61.43674990481476,0.9451807677663809,,,,,,joint-bundle-2pct-extra,0.02
single,A0528,A0528,1,65.0,0.976644110297801,63.48186716935706,0.976644110297801,,,,,,joint-bundle-2pct-extra,0.02
single,A0529,A0529,1,65.0,0.916851292463437,59.5953340101234,0.916851292463437,,,,,,joint-bundle-2pct-extra,0.02
single,A0530,A0530,1,65.0,0.9408958348261992,61.15822926370295,0.9408958348261992,,,,,,joint-bundle-2pct-extra,0.02
single,A0531,A0531,1,65.0,0.9564964721585246,62.1722706903041,0.9564964721585246,,,,,,joint-bundle-2pct-extra,0.02
single,A0532,A0532,1,65.0,0.9659590872612416,62.7873406719807,0.9659590872612416,,,,,,joint-bundle-2pct-extra,0.02
single,A0533,A0533,1,65.0,0.9443137035843635,61.38039073298363,0.9443137035843635,,,,,,joint-bundle-2pct-extra,0.02
single,A0534,A0534,1,65.0,0.9446172220337502,61.40011943219376,0.9446172220337502,,,,,,joint-bundle-2pct-extra,0.02
single,A0535,A0535,1,65.0,0.9502142975803041,61.76392934271976,0.9502142975803041,,,,,,joint-bundle-2pct-extra,0.02
single,A0536,A0536,1,65.0,0.9548631196932723,62.0661027800627,0.9548631196932723,,,,,,joint-bundle-2pct-extra,0.02
single,A0537,A0537,1,65.0,0.8947951442778199,58.1616843780583,0.8947951442778199,,,,,,joint-bundle-2pct-extra,0.02
single,A0538,A0538,1,70.5,0.7452487837750567,52.5400392561415,0.7452487837750567,,,,,,joint-bundle-2pct-extra,0.02
single,A0539,A0539,1,65.0,0.9642272506954446,62.6747712952039,0.9642272506954446,,,,,,joint-bundle-2pct-extra,0.02
single,A0540,A0540,1,78.0,0.712738575914745,55.59360892135011,0.712738575914745,,,,,,joint-bundle-2pct-extra,0.02
single,A0541,A0541,1,75.5,0.7324927071375839,55.30319938888758,0.7324927071375839,,,,,,joint-bundle-2pct-extra,0.02
single,A0542,A0542,1,78.0,0.5816457284356904,45.368366817983855,0.5816457284356904,,,,,,joint-bundle-2pct-extra,0.02
single,A0543,A0543,1,75.5,0.7254280074762577,54.769814564457455,0.7254280074762577,,,,,,joint-bundle-2pct-extra,0.02
single,A0544,A0544,1,68.0,0.7535741687932835,51.24304347794328,0.7535741687932835,,,,,,joint-bundle-2pct-extra,0.02
single,A0545,A0545,1,74.0,0.7327057934345517,54.220228714156825,0.7327057934345517,,,,,,joint-bundle-2pct-extra,0.02
single,A0546,A0546,1,73.5,0.7378664963792555,54.23318748387528,0.7378664963792555,,,,,,joint-bundle-2pct-extra,0.02
single,A0547,A0547,1,80.0,0.7076605798068848,56.612846384550785,0.7076605798068848,,,,,,joint-bundle-2pct-extra,0.02
single,A0548,A0548,1,70.5,0.7500083259946054,52.87558698261968,0.7500083259946054,,,,,,joint-bundle-2pct-extra,0.02
single,A0549,A0549,1,77.5,0.7203000356961745,55.82325276645352,0.7203000356961745,,,,,,joint-bundle-2pct-extra,0.02
single,A0550,A0550,1,70.0,0.7471130715176895,52.29791500623826,0.7471130715176895,,,,,,joint-bundle-2pct-extra,0.02
single,A0551,A0551,1,76.0,0.729552777008229,55.4460110526254,0.729552777008229,,,,,,joint-bundle-2pct-extra,0.02
single,A0552,A0552,1,68.5,0.7550900404738888,51.72366777246138,0.7550900404738888,,,,,,joint-bundle-2pct-extra,0.02
single,A0553,A0553,1,76.0,0.6987743613665478,53.10685146385763,0.6987743613665478,,,,,,joint-bundle-2pct-extra,0.02
single,A0554,A0554,1,73.5,0.7343753566850987,53.976588716354755,0.7343753566850987,,,,,,joint-bundle-2pct-extra,0.02
single,A0555,A0555,1,74.5,0.7360910846695126,54.838785807878686,0.7360910846695126,,,,,,joint-bundle-2pct-extra,0.02
single,A0556,A0556,1,75.0,0.715146936531406,53.636020239855455,0.715146936531406,,,,,,joint-bundle-2pct-extra,0.02
single,A0557,A0557,1,76.0,0.726845857785945,55.24028519173182,0.726845857785945,,,,,,joint-bundle-2pct-extra,0.02
single,A0558,A0558,1,73.5,0.7341878026705964,53.962803496288835,0.7341878026705964,,,,,,joint-bundle-2pct-extra,0.02
single,A0559,A0559,1,72.0,0.7444871121868996,53.603072077456765,0.7444871121868996,,,,,,joint-bundle-2pct-extra,0.02
single,A0560,A0560,1,73.5,0.7370020752858194,54.16965253350772,0.7370020752858194,,,,,,joint-bundle-2pct-extra,0.02
single,A0561,A0561,1,74.0,0.7371805277245259,54.55135905161492,0.7371805277245259,,,,,,joint-bundle-2pct-extra,0.02
single,A0562,A0562,1,81.0,0.66633107014386,53.97281668165265,0.66633107014386,,,,,,joint-bundle-2pct-extra,0.02
single,A0563,A0563,1,75.0,0.7286079753975201,54.64559815481401,0.7286079753975201,,,,,,joint-bundle-2pct-extra,0.02
single,A0564,A0564,1,75.5,0.7267893660380159,54.8725971358702,0.7267893660380159,,,,,,joint-bundle-2pct-extra,0.02
single,A0565,A0565,1,70.0,0.7467143514390873,52.27000460073611,0.7467143514390873,,,,,,joint-bundle-2pct-extra,0.02
single,A0566,A0566,1,69.5,0.7515541377634556,52.23301257456016,0.7515541377634556,,,,,,joint-bundle-2pct-extra,0.02
single,A0567,A0567,1,77.5,0.7203000356961745,55.82325276645352,0.7203000356961745,,,,,,joint-bundle-2pct-extra,0.02
single,A0568,A0568,1,74.0,0.6756967495271949,50.00155946501243,0.6756967495271949,,,,,,joint-bundle-2pct-extra,0.02
single,A0569,A0569,1,69.5,0.7497083363683706,52.10472937760176,0.7497083363683706,,,,,,joint-bundle-2pct-extra,0.02
single,A0570,A0570,1,74.5,0.724802561853861,53.99779085811265,0.724802561853861,,,,,,joint-bundle-2pct-extra,0.02
single,A0571,A0571,1,70.5,0.7495588067648127,52.84389587691929,0.7495588067648127,,,,,,joint-bundle-2pct-extra,0.02
single,A0572,A0572,1,74.5,0.5113898202709243,38.09854161018386,0.5113898202709243,,,,,,joint-bundle-2pct-extra,0.02
single,A0573,A0573,1,74.5,0.7041592087491652,52.4598610518128,0.7041592087491652,,,,,,joint-bundle-2pct-extra,0.02
single,A0574,A0574,1,77.0,0.7224767006519962,55.630705950203705,0.7224767006519962,,,,,,joint-bundle-2pct-extra,0.02
single,A0575,A0575,1,72.5,0.7416845268570073,53.77212819713303,0.7416845268570073,,,,,,joint-bundle-2pct-extra,0.02
single,A0576,A0576,1,75.5,0.7302707472580126,55.13544141797995,0.7302707472580126,,,,,,joint-bundle-2pct-extra,0.02
single,A0577,A0577,1,73.5,0.5305231042870954,38.99344816510151,0.5305231042870954,,,,,,joint-bundle-2pct-extra,0.02
single,A0578,A0578,1,70.0,0.7499490434254674,52.49643303978272,0.7499490434254674,,,,,,joint-bundle-2pct-extra,0.02
single,A0579,A0579,1,75.5,0.5581621273859081,42.14124061763606,0.5581621273859081,,,,,,joint-bundle-2pct-extra,0.02
single,A0580,A0580,1,75.5,0.7302707472580126,55.13544141797995,0.7302707472580126,,,,,,joint-bundle-2pct-extra,0.02
single,A0581,A0581,1,80.5,0.6369038020750483,51.27075606704138,0.6369038020750483,,,,,,joint-bundle-2pct-extra,0.02
single,A0582,A0582,1,74.0,0.48679664377174064,36.02295163910881,0.48679664377174064,,,,,,joint-bundle-2pct-extra,0.02
single,A0583,A0583,1,73.5,0.5309879336822408,39.0276131256447,0.5309879336822408,,,,,,joint-bundle-2pct-extra,0.02
single,A0584,A0584,1,72.5,0.7413138224144818,53.74525212504994,0.7413138224144818,,,,,,joint-bundle-2pct-extra,0.02
single,A0585,A0585,1,75.0,0.7343876399968104,55.07907299976078,0.7343876399968104,,,,,,joint-bundle-2pct-extra,0.02
single,A0586,A0586,1,76.0,0.6543001827393508,49.726813888190655,0.6543001827393508,,,,,,joint-bundle-2pct-extra,0.02
single,A0587,A0587,1,74.0,0.735337804817276,54.41499755647842,0.735337804817276,,,,,,joint-bundle-2pct-extra,0.02
single,A0588,A0588,1,73.5,0.5737787277016797,42.17273648607346,0.5737787277016797,,,,,,joint-bundle-2pct-extra,0.02
single,A0589,A0589,1,70.5,0.7481175218999347,52.7422852939454,0.7481175218999347,,,,,,joint-bundle-2pct-extra,0.02
single,A0590,A0590,1,69.5,0.7476273682108076,51.96010209065113,0.7476273682108076,,,,,,joint-bundle-2pct-extra,0.02
single,A0591,A0591,1,73.0,0.630503113944133,46.02672731792171,0.630503113944133,,,,,,joint-bundle-2pct-extra,0.02
single,A0592,A0592,1,74.0,0.6070451666985375,44.921342335691776,0.6070451666985375,,,,,,joint-bundle-2pct-extra,0.02
single,A0593,A0593,1,74.0,0.6190593958698001,45.81039529436521,0.6190593958698001,,,,,,joint-bundle-2pct-extra,0.02
single,A0594,A0594,1,74.5,0.7355648485706416,54.7995812185128,0.7355648485706416,,,,,,joint-bundle-2pct-extra,0.02
single,A0595,A0595,1,74.0,0.6390948705675754,47.29302042200058,0.6390948705675754,,,,,,joint-bundle-2pct-extra,0.02
single,A0596,A0596,1,75.5,0.7281627427521906,54.97628707779039,0.7281627427521906,,,,,,joint-bundle-2pct-extra,0.02
single,A0597,A0597,1,73.0,0.6284258797927154,45.87508922486822,0.6284258797927154,,,,,,joint-bundle-2pct-extra,0.02
single,A0598,A0598,1,73.5,0.6495489553566263,47.74184821871203,0.6495489553566263,,,,,,joint-bundle-2pct-extra,0.02
single,A0599,A0599,1,74.5,0.6826061180623355,50.854155795644,0.6826061180623355,,,,,,joint-bundle-2pct-extra,0.02
single,A0600,A0600,1,74.0,0.6449539392868466,47.72659150722665,0.6449539392868466,,,,,,joint-bundle-2pct-extra,0.02
single,A0601,A0601,1,74.0,0.6795356851769239,50.28564070309237,0.6795356851769239,,,,,,joint-bundle-2pct-extra,0.02
single,A0602,A0602,1,73.5,0.6011310186176194,44.18312986839503,0.6011310186176194,,,,,,joint-bundle-2pct-extra,0.02
single,A0603,A0603,1,74.0,0.5946530807792219,44.00432797766242,0.5946530807792219,,,,,,joint-bundle-2pct-extra,0.02
single,A0604,A0604,1,73.0,0.7358543825406936,53.71736992547063,0.7358543825406936,,,,,,joint-bundle-2pct-extra,0.02
single,A0605,A0605,1,74.0,0.5378248872749035,39.79904165834286,0.5378248872749035,,,,,,joint-bundle-2pct-extra,0.02
single,A0606,A0606,1,73.5,0.6162718036566084,45.29597756876072,0.6162718036566084,,,,,,joint-bundle-2pct-extra,0.02
single,A0607,A0607,1,74.0,0.673598047452961,49.84625551151912,0.673598047452961,,,,,,joint-bundle-2pct-extra,0.02
single,A0608,A0608,1,74.0,0.654945709587006,48.46598250943845,0.654945709587006,,,,,,joint-bundle-2pct-extra,0.02
single,A0609,A0609,1,73.5,0.5850390137801302,43.000367512839574,0.5850390137801302,,,,,,joint-bundle-2pct-extra,0.02
single,A0610,A0610,1,73.5,0.7380157006176863,54.24415399539994,0.7380157006176863,,,,,,joint-bundle-2pct-extra,0.02
single,A0611,A0611,1,73.5,0.5683744917195105,41.77552514138402,0.5683744917195105,,,,,,joint-bundle-2pct-extra,0.02
single,A0612,A0612,1,65.0,0.9413274710532504,61.18628561846128,0.9413274710532504,,,,,,joint-bundle-2pct-extra,0.02
single,A0613,A0613,1,78.0,0.6643736768609555,51.821146795154526,0.6643736768609555,,,,,,joint-bundle-2pct-extra,0.02
single,A0614,A0614,1,74.0,0.6116025585436035,45.258589332226656,0.6116025585436035,,,,,,joint-bundle-2pct-extra,0.02
single,A0615,A0615,1,65.0,0.8586581765309159,55.812781474509535,0.8586581765309159,,,,,,joint-bundle-2pct-extra,0.02
single,A0616,A0616,1,74.0,0.643387030840622,47.61064028220603,0.643387030840622,,,,,,joint-bundle-2pct-extra,0.02
single,A0617,A0617,1,73.5,0.6514571935317716,47.88210372458521,0.6514571935317716,,,,,,joint-bundle-2pct-extra,0.02
single,A0618,A0618,1,65.0,0.8795014731884457,57.167595757248975,0.8795014731884457,,,,,,joint-bundle-2pct-extra,0.02
single,A0619,A0619,1,65.0,0.9423577346062452,61.25325274940594,0.9423577346062452,,,,,,joint-bundle-2pct-extra,0.02
single,A0620,A0620,1,65.0,0.9392917838721077,61.053965951687,0.9392917838721077,,,,,,joint-bundle-2pct-extra,0.02
single,A0621,A0621,1,78.0,0.6694275517398656,52.215349035709515,0.6694275517398656,,,,,,joint-bundle-2pct-extra,0.02
single,A0622,A0622,1,65.0,0.848694134019116,55.16511871124254,0.848694134019116,,,,,,joint-bundle-2pct-extra,0.02
single,A0623,A0623,1,65.0,0.9088994175045609,59.078462137796464,0.9088994175045609,,,,,,joint-bundle-2pct-extra,0.02
single,A0624,A0624,1,65.0,0.9232006514037262,60.0080423412422,0.9232006514037262,,,,,,joint-bundle-2pct-extra,0.02
single,A0625,A0625,1,80.0,0.7026715341338776,56.21372273071021,0.7026715341338776,,,,,,joint-bundle-2pct-extra,0.02
single,A0626,A0626,1,78.0,0.6412299540994344,50.01593641975588,0.6412299540994344,,,,,,joint-bundle-2pct-extra,0.02
single,A0627,A0627,1,78.0,0.6619082598265785,51.62884426647312,0.6619082598265785,,,,,,joint-bundle-2pct-extra,0.02
single,A0628,A0628,1,65.0,0.9060995913574007,58.89647343823105,0.9060995913574007,,,,,,joint-bundle-2pct-extra,0.02
single,A0629,A0629,1,65.0,0.9725700500432399,63.217053252810594,0.9725700500432399,,,,,,joint-bundle-2pct-extra,0.02
single,A0630,A0630,1,65.0,0.9066611748679769,58.9329763664185,0.9066611748679769,,,,,,joint-bundle-2pct-extra,0.02
single,A0631,A0631,1,65.0,0.922928205914412,59.99033338443678,0.922928205914412,,,,,,joint-bundle-2pct-extra,0.02
single,A0632,A0632,1,65.0,0.8764848755731044,56.971516912251786,0.8764848755731044,,,,,,joint-bundle-2pct-extra,0.02
single,A0633,A0633,1,65.0,0.9562344649596757,62.15524022237892,0.9562344649596757,,,,,,joint-bundle-2pct-extra,0.02
single,A0634,A0634,1,65.0,0.9708013824030288,63.102089856196876,0.9708013824030288,,,,,,joint-bundle-2pct-extra,0.02
single,A0635,A0635,1,78.0,0.7022307035943265,54.77399488035746,0.7022307035943265,,,,,,joint-bundle-2pct-extra,0.02
single,A0636,A0636,1,65.0,0.9331503563494764,60.65477316271597,0.9331503563494764,,,,,,joint-bundle-2pct-extra,0.02
single,A0637,A0637,1,78.0,0.5777173695168054,45.061954822310824,0.5777173695168054,,,,,,joint-bundle-2pct-extra,0.02
single,A0638,A0638,1,65.0,0.9244669073850693,60.0903489800295,0.9244669073850693,,,,,,joint-bundle-2pct-extra,0.02
single,A0639,A0639,1,65.0,0.8980351463627912,58.372284513581434,0.8980351463627912,,,,,,joint-bundle-2pct-extra,0.02
single,A0640,A0640,1,83.0,0.6642998578796462,55.13688820401063,0.6642998578796462,,,,,,joint-bundle-2pct-extra,0.02
single,A0641,A0641,1,78.0,0.5522157928551744,43.07283184270361,0.5522157928551744,,,,,,joint-bundle-2pct-extra,0.02
single,A0642,A0642,1,83.0,0.6881807741911654,57.11900425786673,0.6881807741911654,,,,,,joint-bundle-2pct-extra,0.02
single,A0643,A0643,1,76.0,0.5626412289983854,42.76073340387729,0.5626412289983854,,,,,,joint-bundle-2pct-extra,0.02
single,A0644,A0644,1,83.0,0.6585718814780293,54.661466162676426,0.6585718814780293,,,,,,joint-bundle-2pct-extra,0.02
single,A0645,A0645,1,65.0,0.9784196301096912,63.59727595712993,0.9784196301096912,,,,,,joint-bundle-2pct-extra,0.02
single,A0646,A0646,1,65.0,0.9381459498511006,60.97948674032153,0.9381459498511006,,,,,,joint-bundle-2pct-extra,0.02
single,A0647,A0647,1,65.0,0.9447745560410692,61.410346142669496,0.9447745560410692,,,,,,joint-bundle-2pct-extra,0.02
single,A0648,A0648,1,65.0,0.9556828484021838,62.119385146141944,0.9556828484021838,,,,,,joint-bundle-2pct-extra,0.02
single,A0649,A0649,1,78.0,0.6511588511997906,50.790390393583664,0.6511588511997906,,,,,,joint-bundle-2pct-extra,0.02
single,A0650,A0650,1,65.0,0.9725223354233602,63.213951802518416,0.9725223354233602,,,,,,joint-bundle-2pct-extra,0.02
single,A0651,A0651,1,65.0,0.959339037099903,62.35703741149369,0.959339037099903,,,,,,joint-bundle-2pct-extra,0.02
single,A0652,A0652,1,78.0,0.6493840571596441,50.65195645845224,0.6493840571596441,,,,,,joint-bundle-2pct-extra,0.02
single,A0653,A0653,1,65.0,0.9538955809044536,62.00321275878948,0.9538955809044536,,,,,,joint-bundle-2pct-extra,0.02
single,A0654,A0654,1,72.0,0.7407381237862806,53.3331449126122,0.7407381237862806,,,,,,joint-bundle-2pct-extra,0.02
single,A0655,A0655,1,72.5,0.7413138224144818,53.74525212504994,0.7413138224144818,,,,,,joint-bundle-2pct-extra,0.02
single,A0656,A0656,1,73.0,0.7360953206447205,53.734958407064596,0.7360953206447205,,,,,,joint-bundle-2pct-extra,0.02
single,A0657,A0657,1,68.0,0.7525931003935104,51.1763308267587,0.7525931003935104,,,,,,joint-bundle-2pct-extra,0.02
single,A0658,A0658,1,82.0,0.6438997826298696,52.799782175649305,0.6438997826298696,,,,,,joint-bundle-2pct-extra,0.02
single,A0659,A0659,1,75.5,0.7284190114544965,54.99563536481448,0.7284190114544965,,,,,,joint-bundle-2pct-extra,0.02
single,A0660,A0660,1,75.0,0.731784938211745,54.883870365880874,0.731784938211745,,,,,,joint-bundle-2pct-extra,0.02
single,A0661,A0661,1,75.0,0.731784938211745,54.883870365880874,0.731784938211745,,,,,,joint-bundle-2pct-extra,0.02
single,A0662,A0662,1,67.0,0.7566637250153704,50.69646957602981,0.7566637250153704,,,,,,joint-bundle-2pct-extra,0.02
single,A0663,A0663,1,73.5,0.5832125579793609,42.866123011483026,0.5832125579793609,,,,,,joint-bundle-2pct-extra,0.02
single,A0664,A0664,1,75.5,0.7254946622001642,54.7748469961124,0.7254946622001642,,,,,,joint-bundle-2pct-extra,0.02
single,A0665,A0665,1,67.5,0.7599647657261626,51.297621686515974,0.7599647657261626,,,,,,joint-bundle-2pct-extra,0.02
single,A0666,A0666,1,67.0,0.7569978963838486,50.71885905771786,0.7569978963838486,,,,,,joint-bundle-2pct-extra,0.02
single,A0667,A0667,1,69.5,0.7495636033479994,52.09467043268596,0.7495636033479994,,,,,,joint-bundle-2pct-extra,0.02
single,A0668,A0668,1,72.0,0.7444850840685311,53.60292605293424,0.7444850840685311,,,,,,joint-bundle-2pct-extra,0.02
single,A0669,A0669,1,78.0,0.7208114116316474,56.2232901072685,0.7208114116316474,,,,,,joint-bundle-2pct-extra,0.02
single,A0670,A0670,1,80.5,0.5949425900717594,47.89287850077663,0.5949425900717594,,,,,,joint-bundle-2pct-extra,0.02
single,A0671,A0671,1,75.0,0.7299188107378533,54.74391080533899,0.7299188107378533,,,,,,joint-bundle-2pct-extra,0.02
single,A0672,A0672,1,72.0,0.7406389509366814,53.32600446744106,0.7406389509366814,,,,,,joint-bundle-2pct-extra,0.02
single,A0673,A0673,1,72.5,0.7388822811609785,53.568965384170944,0.7388822811609785,,,,,,joint-bundle-2pct-extra,0.02
single,A0674,A0674,1,68.0,0.7548660304849589,51.330890072977205,0.7548660304849589,,,,,,joint-bundle-2pct-extra,0.02
single,A0675,A0675,1,77.5,0.7203000356961745,55.82325276645352,0.7203000356961745,,,,,,joint-bundle-2pct-extra,0.02
single,A0676,A0676,1,69.5,0.7494316408509675,52.08549903914224,0.7494316408509675,,,,,,joint-bundle-2pct-extra,0.02
single,A0677,A0677,1,70.5,0.7488771394128863,52.79583832860848,0.7488771394128863,,,,,,joint-bundle-2pct-extra,0.02
single,A0678,A0678,1,71.0,0.7485949196390634,53.150239294373506,0.7485949196390634,,,,,,joint-bundle-2pct-extra,0.02
single,A0679,A0679,1,72.0,0.739662595014038,53.255706841010735,0.739662595014038,,,,,,joint-bundle-2pct-extra,0.02
single,A0680,A0680,1,75.5,0.7273368754611165,54.913934097314296,0.7273368754611165,,,,,,joint-bundle-2pct-extra,0.02
single,A0681,A0681,1,71.0,0.7435346692646239,52.7909615177883,0.7435346692646239,,,,,,joint-bundle-2pct-extra,0.02
single,A0682,A0682,1,72.0,0.7411909630720702,53.36574934118906,0.7411909630720702,,,,,,joint-bundle-2pct-extra,0.02
single,A0683,A0683,1,72.5,0.7388822811609785,53.568965384170944,0.7388822811609785,,,,,,joint-bundle-2pct-extra,0.02
single,A0684,A0684,1,71.5,0.7440972794640993,53.2029554816831,0.7440972794640993,,,,,,joint-bundle-2pct-extra,0.02
single,A0685,A0685,1,65.0,0.8907381782783536,57.89798158809298,0.8907381782783536,,,,,,joint-bundle-2pct-extra,0.02
single,A0686,A0686,1,67.0,0.949648314103687,63.62643704494703,0.949648314103687,,,,,,joint-bundle-2pct-extra,0.02
single,A0687,A0687,1,65.0,0.95199562195268,61.8797154269242,0.95199562195268,,,,,,joint-bundle-2pct-extra,0.02
single,A0688,A0688,1,72.0,0.7453844392961105,53.667679629319956,0.7453844392961105,,,,,,joint-bundle-2pct-extra,0.02
single,A0689,A0689,1,65.0,0.8941759051183233,58.12143383269102,0.8941759051183233,,,,,,joint-bundle-2pct-extra,0.02
single,A0690,A0690,1,67.0,0.771044932151942,51.66001045418012,0.771044932151942,,,,,,joint-bundle-2pct-extra,0.02
single,A0691,A0691,1,70.5,0.7488771394128863,52.79583832860848,0.7488771394128863,,,,,,joint-bundle-2pct-extra,0.02
single,A0692,A0692,1,67.0,0.7575462502711406,50.75559876816642,0.7575462502711406,,,,,,joint-bundle-2pct-extra,0.02
single,A0693,A0693,1,73.5,0.648142974975578,47.638508660704986,0.648142974975578,,,,,,joint-bundle-2pct-extra,0.02
single,A0694,A0694,1,76.0,0.676198180468764,51.391061715626066,0.676198180468764,,,,,,joint-bundle-2pct-extra,0.02
single,A0695,A0695,1,65.0,0.9534909723025088,61.97691319966307,0.9534909723025088,,,,,,joint-bundle-2pct-extra,0.02
single,A0696,A0696,1,65.0,0.887732952173419,57.702641891272236,0.887732952173419,,,,,,joint-bundle-2pct-extra,0.02
single,A0697,A0697,1,83.0,0.6189192299531961,51.37029608611528,0.6189192299531961,,,,,,joint-bundle-2pct-extra,0.02
single,A0698,A0698,1,65.0,0.950396385838846,61.77576507952499,0.950396385838846,,,,,,joint-bundle-2pct-extra,0.02
single,A0699,A0699,1,74.5,0.5676460470627164,42.28963050617237,0.5676460470627164,,,,,,joint-bundle-2pct-extra,0.02
single,A0700,A0700,1,65.0,0.9174737721452024,59.635795189438156,0.9174737721452024,,,,,,joint-bundle-2pct-extra,0.02
single,A0701,A0701,1,65.0,0.8787319063692483,57.117573914001134,0.8787319063692483,,,,,,joint-bundle-2pct-extra,0.02
single,A0702,A0702,1,82.0,0.6987165339406513,57.294755783133404,0.6987165339406513,,,,,,joint-bundle-2pct-extra,0.02
single,A0703,A0703,1,77.0,0.6287411840447116,48.413071171442795,0.6287411840447116,,,,,,joint-bundle-2pct-extra,0.02
single,A0704,A0704,1,67.0,0.8859159234091878,59.356366868415584,0.8859159234091878,,,,,,joint-bundle-2pct-extra,0.02
single,A0705,A0705,1,65.0,0.9723538099108159,63.20299764420303,0.9723538099108159,,,,,,joint-bundle-2pct-extra,0.02
single,A0706,A0706,1,83.0,0.6933011064397523,57.54399183449944,0.6933011064397523,,,,,,joint-bundle-2pct-extra,0.02
single,A0707,A0707,1,65.0,0.9347441093749403,60.75836710937112,0.9347441093749403,,,,,,joint-bundle-2pct-extra,0.02
single,A0708,A0708,1,67.0,0.9624430773274086,64.48368618093637,0.9624430773274086,,,,,,joint-bundle-2pct-extra,0.02
single,A0709,A0709,1,65.0,0.8914209240117458,57.94236006076348,0.8914209240117458,,,,,,joint-bundle-2pct-extra,0.02
single,A0710,A0710,1,65.0,0.9258356517322125,60.179317362593814,0.9258356517322125,,,,,,joint-bundle-2pct-extra,0.02
single,A0711,A0711,1,80.0,0.7129421467500867,57.03537174000694,0.7129421467500867,,,,,,joint-bundle-2pct-extra,0.02
single,A0712,A0712,1,65.0,0.879920038504016,57.19480250276104,0.879920038504016,,,,,,joint-bundle-2pct-extra,0.02
single,A0713,A0713,1,65.0,0.9745096674020131,63.343128381130846,0.9745096674020131,,,,,,joint-bundle-2pct-extra,0.02
single,A0714,A0714,1,65.0,0.8971305443137034,58.31348538039072,0.8971305443137034,,,,,,joint-bundle-2pct-extra,0.02
single,A0715,A0715,1,65.0,0.9241230420336388,60.06799773218653,0.9241230420336388,,,,,,joint-bundle-2pct-extra,0.02
single,A0716,A0716,1,83.0,0.5913911164495698,49.08546266531429,0.5913911164495698,,,,,,joint-bundle-2pct-extra,0.02
single,A0717,A0717,1,65.0,0.8764848755731044,56.971516912251786,0.8764848755731044,,,,,,joint-bundle-2pct-extra,0.02
single,A0718,A0718,1,83.0,0.6150336404683135,51.047792158870024,0.6150336404683135,,,,,,joint-bundle-2pct-extra,0.02
single,A0719,A0719,1,65.0,0.921516577831115,59.89857755902247,0.921516577831115,,,,,,joint-bundle-2pct-extra,0.02
single,A0720,A0720,1,67.0,0.9380489329800034,62.84927850966022,0.9380489329800034,,,,,,joint-bundle-2pct-extra,0.02
single,A0721,A0721,1,83.0,0.5772712105681319,47.91351047715495,0.5772712105681319,,,,,,joint-bundle-2pct-extra,0.02
single,A0722,A0722,1,67.0,0.9417069572104875,63.09436613310266,0.9417069572104875,,,,,,joint-bundle-2pct-extra,0.02
single,A0724,A0724,1,65.0,0.9723538099108159,63.20299764420303,0.9723538099108159,,,,,,joint-bundle-2pct-extra,0.02
single,A0725,A0725,1,83.0,0.6881807741911654,57.11900425786673,0.6881807741911654,,,,,,joint-bundle-2pct-extra,0.02
single,A0726,A0726,1,83.0,0.6573323059427156,54.5585813932454,0.6573323059427156,,,,,,joint-bundle-2pct-extra,0.02
single,A0727,A0727,1,65.0,0.9525046236454902,61.91280053695686,0.9525046236454902,,,,,,joint-bundle-2pct-extra,0.02
single,A0728,A0728,1,65.0,0.9314168051603736,60.542092335424286,0.9314168051603736,,,,,,joint-bundle-2pct-extra,0.02
single,A0729,A0729,1,68.5,0.7531621278799953,51.591605759779675,0.7531621278799953,,,,,,joint-bundle-2pct-extra,0.02
single,A0730,A0730,1,75.5,0.7317540708339662,55.24743234796444,0.7317540708339662,,,,,,joint-bundle-2pct-extra,0.02
single,A0731,A0731,1,75.0,0.7323167262419983,54.92375446814987,0.7323167262419983,,,,,,joint-bundle-2pct-extra,0.02
single,A0732,A0732,1,71.5,0.7406354449428205,52.955434313411665,0.7406354449428205,,,,,,joint-bundle-2pct-extra,0.02
single,A0733,A0733,1,83.0,0.5769457186002258,47.88649464381874,0.5769457186002258,,,,,,joint-bundle-2pct-extra,0.02
single,A0734,A0734,1,67.5,0.755997480947625,51.02982996396469,0.755997480947625,,,,,,joint-bundle-2pct-extra,0.02
single,A0735,A0735,1,68.0,0.7550996455687118,51.346775898672405,0.7550996455687118,,,,,,joint-bundle-2pct-extra,0.02
single,A0736,A0736,1,68.0,0.7587030499469063,51.591807396389626,0.7587030499469063,,,,,,joint-bundle-2pct-extra,0.02
single,A0737,A0737,1,68.5,0.7572282049535384,51.870132039317376,0.7572282049535384,,,,,,joint-bundle-2pct-extra,0.02
single,A0738,A0738,1,65.0,0.9562733400383248,62.15776710249111,0.9562733400383248,,,,,,joint-bundle-2pct-extra,0.02
single,A0739,A0739,1,77.0,0.7897704040349393,60.81232111069032,0.7897704040349393,,,,,,joint-bundle-2pct-extra,0.02
single,A0740,A0740,1,72.0,0.7411930543744701,53.36589991496185,0.7411930543744701,,,,,,joint-bundle-2pct-extra,0.02
single,A0741,A0741,1,65.0,0.8971305443137034,58.31348538039072,0.8971305443137034,,,,,,joint-bundle-2pct-extra,0.02
single,A0742,A0742,1,77.0,0.9758926765452952,75.14373609398773,0.9758926765452952,,,,,,joint-bundle-2pct-extra,0.02
single,A0743,A0743,1,65.0,0.8947951442778199,58.1616843780583,0.8947951442778199,,,,,,joint-bundle-2pct-extra,0.02
single,A0744,A0744,1,80.0,0.6013727180361579,48.109817442892634,0.6013727180361579,,,,,,joint-bundle-2pct-extra,0.02
single,A0745,A0745,1,74.5,0.7323606679535514,54.560869762539575,0.7323606679535514,,,,,,joint-bundle-2pct-extra,0.02
single,A0746,A0746,1,65.0,0.938809066457033,61.022589319707144,0.938809066457033,,,,,,joint-bundle-2pct-extra,0.02
single,A0747,A0747,1,65.0,0.8971305443137034,58.31348538039072,0.8971305443137034,,,,,,joint-bundle-2pct-extra,0.02
single,A0748,A0748,1,65.0,0.974984560763869,63.373996449651486,0.974984560763869,,,,,,joint-bundle-2pct-extra,0.02
single,A0749,A0749,1,77.0,0.9430572977372423,72.61541192576766,0.9430572977372423,,,,,,joint-bundle-2pct-extra,0.02
single,A0750,A0750,1,77.0,0.9541420050487696,73.46893438875526,0.9541420050487696,,,,,,joint-bundle-2pct-extra,0.02
single,A0751,A0751,1,77.0,0.974252853462211,75.01746971659026,0.974252853462211,,,,,,joint-bundle-2pct-extra,0.02
single,A0752,A0752,1,65.0,0.9006734219026119,58.54377242366977,0.9006734219026119,,,,,,joint-bundle-2pct-extra,0.02
single,A0753,A0753,1,65.0,0.8028311249046985,52.184023118805406,0.8028311249046985,,,,,,joint-bundle-2pct-extra,0.02
single,A0754,A0754,1,65.0,0.9257921016502305,60.176486607264984,0.9257921016502305,,,,,,joint-bundle-2pct-extra,0.02
single,A0755,A0755,1,65.0,0.8816116503893543,57.30475727530803,0.8816116503893543,,,,,,joint-bundle-2pct-extra,0.02
single,A0756,A0756,1,65.0,0.9634161950701089,62.62205267955708,0.9634161950701089,,,,,,joint-bundle-2pct-extra,0.02
single,A0757,A0757,1,67.0,0.9320173815489659,62.445164563780715,0.9320173815489659,,,,,,joint-bundle-2pct-extra,0.02
single,A0758,A0758,1,70.5,0.7488509588837597,52.793992601305064,0.7488509588837597,,,,,,joint-bundle-2pct-extra,0.02
single,A0759,A0759,1,65.0,0.9282505693822998,60.336287009849485,0.9282505693822998,,,,,,joint-bundle-2pct-extra,0.02
single,A0760,A0760,1,85.0,0.6887929056257093,58.54739697818529,0.6887929056257093,,,,,,joint-bundle-2pct-extra,0.02
single,A0761,A0761,1,65.0,0.9534177731900099,61.97215525735064,0.9534177731900099,,,,,,joint-bundle-2pct-extra,0.02
single,A0762,A0762,1,65.0,0.9494049209424195,61.711319861257266,0.9494049209424195,,,,,,joint-bundle-2pct-extra,0.02
single,A0763,A0763,1,65.0,0.9612483966253451,62.48114578064743,0.9612483966253451,,,,,,joint-bundle-2pct-extra,0.02
single,A0764,A0764,1,65.0,0.9544996378666372,62.04247646133142,0.9544996378666372,,,,,,joint-bundle-2pct-extra,0.02
single,A0765,A0765,1,77.0,0.9765011251520859,75.1905866367106,0.9765011251520859,,,,,,joint-bundle-2pct-extra,0.02
single,A0766,A0766,1,65.0,0.9369821419995059,60.903839229967886,0.9369821419995059,,,,,,joint-bundle-2pct-extra,0.02
single,A0767,A0767,1,65.0,0.9645960234105766,62.69874152168748,0.9645960234105766,,,,,,joint-bundle-2pct-extra,0.02
single,A0768,A0768,1,65.0,0.9503612534825486,61.77348147636566,0.9503612534825486,,,,,,joint-bundle-2pct-extra,0.02
single,A0769,A0769,1,65.0,0.9407459180224222,61.148484671457446,0.9407459180224222,,,,,,joint-bundle-2pct-extra,0.02
single,A0770,A0770,1,65.0,0.9379301888505649,60.96546227528672,0.9379301888505649,,,,,,joint-bundle-2pct-extra,0.02
single,A0771,A0771,1,65.0,0.8830985479315266,57.40140561554923,0.8830985479315266,,,,,,joint-bundle-2pct-extra,0.02
single,A0772,A0772,1,65.0,0.9150272744617304,59.47677284001247,0.9150272744617304,,,,,,joint-bundle-2pct-extra,0.02
single,A0773,A0773,1,77.0,0.9473643691062313,72.94705642117981,0.9473643691062313,,,,,,joint-bundle-2pct-extra,0.02
single,A0774,A0774,1,65.0,0.9642815168018533,62.67829859212046,0.9642815168018533,,,,,,joint-bundle-2pct-extra,0.02
single,A0775,A0775,1,77.0,0.7841685084311258,60.380975149196686,0.7841685084311258,,,,,,joint-bundle-2pct-extra,0.02
single,A0776,A0776,1,65.0,0.8831561154237854,57.40514750254605,0.8831561154237854,,,,,,joint-bundle-2pct-extra,0.02
single,A0777,A0777,1,77.0,0.7483276923944336,57.62123231437139,0.7483276923944336,,,,,,joint-bundle-2pct-extra,0.02
single,A0778,A0778,1,75.5,0.7277930170733499,54.94837278903792,0.7277930170733499,,,,,,joint-bundle-2pct-extra,0.02
single,A0779,A0779,1,65.0,0.9458927018984808,61.483025623401254,0.9458927018984808,,,,,,joint-bundle-2pct-extra,0.02
single,A0780,A0780,1,65.0,0.9631921012115137,62.607486578748386,0.9631921012115137,,,,,,joint-bundle-2pct-extra,0.02
single,A0781,A0781,1,65.0,0.9417224472016135,61.211959068104875,0.9417224472016135,,,,,,joint-bundle-2pct-extra,0.02
single,A0782,A0782,1,65.0,0.9506994013156963,61.79546108552026,0.9506994013156963,,,,,,joint-bundle-2pct-extra,0.02
single,A0783,A0783,1,71.5,0.7465535691904996,53.378580197120726,0.7465535691904996,,,,,,joint-bundle-2pct-extra,0.02
single,A0784,A0784,1,69.5,0.7520779678197026,52.26941876346933,0.7520779678197026,,,,,,joint-bundle-2pct-extra,0.02
single,A0785,A0785,1,65.0,0.9470689395784827,61.55948107260138,0.9470689395784827,,,,,,joint-bundle-2pct-extra,0.02
single,A0786,A0786,1,72.0,0.7464842680911773,53.746867302564766,0.7464842680911773,,,,,,joint-bundle-2pct-extra,0.02
single,A0787,A0787,1,65.0,0.960322563777754,62.42096664555401,0.960322563777754,,,,,,joint-bundle-2pct-extra,0.02
single,A0788,A0788,1,77.0,0.8234168302369699,63.40309592824668,0.8234168302369699,,,,,,joint-bundle-2pct-extra,0.02
single,A0789,A0789,1,82.0,0.6969149191939548,57.14702337390429,0.6969149191939548,,,,,,joint-bundle-2pct-extra,0.02
single,A0790,A0790,1,77.0,0.8520238885653643,65.60583941953305,0.8520238885653643,,,,,,joint-bundle-2pct-extra,0.02
single,A0791,A0791,1,77.0,0.7615806402982866,58.641709302968074,0.7615806402982866,,,,,,joint-bundle-2pct-extra,0.02
single,A0792,A0792,1,74.5,0.6322638383573943,47.103655957625875,0.6322638383573943,,,,,,joint-bundle-2pct-extra,0.02
single,A0793,A0793,1,77.0,0.7894961437083021,60.791203065539264,0.7894961437083021,,,,,,joint-bundle-2pct-extra,0.02
single,A0794,A0794,1,77.0,0.854091530774577,65.76504786964243,0.854091530774577,,,,,,joint-bundle-2pct-extra,0.02
single,A0795,A0795,1,71.0,0.7426633712802861,52.729099360900314,0.7426633712802861,,,,,,joint-bundle-2pct-extra,0.02
single,A0796,A0796,1,77.0,0.7286896696604896,56.109104563857706,0.7286896696604896,,,,,,joint-bundle-2pct-extra,0.02
single,A0797,A0797,1,77.0,0.7882140620545823,60.69248277820284,0.7882140620545823,,,,,,joint-bundle-2pct-extra,0.02
single,A0798,A0798,1,77.0,0.7628287237972716,58.737811732389915,0.7628287237972716,,,,,,joint-bundle-2pct-extra,0.02
single,A0799,A0799,1,67.0,0.7560372162229576,50.65449348693816,0.7560372162229576,,,,,,joint-bundle-2pct-extra,0.02
single,A0800,A0800,1,79.0,0.7158909376382037,56.55538407341809,0.7158909376382037,,,,,,joint-bundle-2pct-extra,0.02
single,A0801,A0801,1,74.0,0.7373210794415244,54.5617598786728,0.7373210794415244,,,,,,joint-bundle-2pct-extra,0.02
single,A0802,A0802,1,72.0,0.9790054248098815,70.48839058631147,0.9790054248098815,,,,,,joint-bundle-2pct-extra,0.02
single,A0803,A0803,1,65.0,0.9513753738833529,61.83939930241794,0.9513753738833529,,,,,,joint-bundle-2pct-extra,0.02
single,A0804,A0804,1,65.0,0.9345528365186558,60.74593437371263,0.9345528365186558,,,,,,joint-bundle-2pct-extra,0.02
single,A0805,A0805,1,85.0,0.6118347854860361,52.00595676631307,0.6118347854860361,,,,,,joint-bundle-2pct-extra,0.02
single,A0806,A0806,1,65.0,0.9274535590962433,60.28448134125581,0.9274535590962433,,,,,,joint-bundle-2pct-extra,0.02
single,A0807,A0807,1,65.0,0.9022326563580464,58.645122663273014,0.9022326563580464,,,,,,joint-bundle-2pct-extra,0.02
single,A0808,A0808,1,79.0,0.710849371406527,56.15710034111564,0.710849371406527,,,,,,joint-bundle-2pct-extra,0.02
single,A0809,A0809,1,77.0,0.7286896696604896,56.109104563857706,0.7286896696604896,,,,,,joint-bundle-2pct-extra,0.02
single,A0810,A0810,1,75.5,0.7325967511661907,55.3110547130474,0.7325967511661907,,,,,,joint-bundle-2pct-extra,0.02
single,A0811,A0811,1,79.0,0.7105843221179348,56.136161447316844,0.7105843221179348,,,,,,joint-bundle-2pct-extra,0.02
single,A0812,A0812,1,79.5,0.7153148336128272,56.86752927221976,0.7153148336128272,,,,,,joint-bundle-2pct-extra,0.02
single,A0813,A0813,1,80.0,0.7109898410989703,56.87918728791763,0.7109898410989703,,,,,,joint-bundle-2pct-extra,0.02
single,A0814,A0814,1,82.0,0.6599831967261969,54.11862213154814,0.6599831967261969,,,,,,joint-bundle-2pct-extra,0.02
single,A0815,A0815,1,76.5,0.7240986322804167,55.39354536945188,0.7240986322804167,,,,,,joint-bundle-2pct-extra,0.02
single,A0816,A0816,1,79.0,0.7120113471110565,56.248896421773466,0.7120113471110565,,,,,,joint-bundle-2pct-extra,0.02
single,A0817,A0817,1,76.5,0.7214419800671558,55.19031147513741,0.7214419800671558,,,,,,joint-bundle-2pct-extra,0.02
single,A0818,A0818,1,74.0,0.7373523052860439,54.56407059116725,0.7373523052860439,,,,,,joint-bundle-2pct-extra,0.02
single,A0819,A0819,1,79.5,0.7149521307395229,56.83869439379207,0.7149521307395229,,,,,,joint-bundle-2pct-extra,0.02
single,A0820,A0820,1,80.0,0.6653361438001513,53.2268915040121,0.6653361438001513,,,,,,joint-bundle-2pct-extra,0.02
single,A0821,A0821,1,75.0,0.728487311699371,54.636548377452826,0.728487311699371,,,,,,joint-bundle-2pct-extra,0.02
single,A0822,A0822,1,79.0,0.7171602408768443,56.655659029270694,0.7171602408768443,,,,,,joint-bundle-2pct-extra,0.02
single,A0823,A0823,1,77.5,0.717543857247921,55.60964893671388,0.717543857247921,,,,,,joint-bundle-2pct-extra,0.02
single,A0824,A0824,1,80.0,0.7070292536920514,56.56234029536411,0.7070292536920514,,,,,,joint-bundle-2pct-extra,0.02
single,A0825,A0825,1,76.5,0.7213828021976014,55.18578436811651,0.7213828021976014,,,,,,joint-bundle-2pct-extra,0.02
single,A0826,A0826,1,80.0,0.6755896277476003,54.047170219808024,0.6755896277476003,,,,,,joint-bundle-2pct-extra,0.02
single,A0827,A0827,1,73.5,0.6899971193713007,50.7147882737906,0.6899971193713007,,,,,,joint-bundle-2pct-extra,0.02
single,A0828,A0828,1,65.0,0.9433081939577808,61.31503260725575,0.9433081939577808,,,,,,joint-bundle-2pct-extra,0.02
single,A0829,A0829,1,85.0,0.612345764154087,52.049389953097396,0.612345764154087,,,,,,joint-bundle-2pct-extra,0.02
single,A0830,A0830,1,77.0,0.7528798308009464,57.97174697167288,0.7528798308009464,,,,,,joint-bundle-2pct-extra,0.02
single,A0831,A0831,1,73.5,0.600966918483708,44.17106850855254,0.600966918483708,,,,,,joint-bundle-2pct-extra,0.02
single,A0832,A0832,1,75.0,0.7294322203269499,54.70741652452124,0.7294322203269499,,,,,,joint-bundle-2pct-extra,0.02
single,A0833,A0833,1,77.0,0.9469403975955839,72.91441061485996,0.9469403975955839,,,,,,joint-bundle-2pct-extra,0.02
single,A0834,A0834,1,65.0,0.9257535008868204,60.173977557643326,0.9257535008868204,,,,,,joint-bundle-2pct-extra,0.02
single,A0835,A0835,1,77.0,0.7876685614791541,60.65047923389486,0.7876685614791541,,,,,,joint-bundle-2pct-extra,0.02
bundle,,A0001;A0029,2,162.8,1.4336419651246195,116.69845596114403,,2.0,0.1994631990321821,0.8005368009678178,1.1,0.7168209825623099,joint-bundle-2pct-extra,0.02
bundle,,A0002;A0364;A0446,3,249.15000000000003,1.576807594549999,130.95387072737745,,2.0,1.2087372686974265,0.3956313656512868,1.1,0.5256025315166664,joint-bundle-2pct-extra,0.02
bundle,,A0003;A0360,2,161.70000000000002,0.9987917684622936,80.75231448017644,,2.0,0.6868979989446738,0.3131020010553261,1.1,0.4993958842311468,joint-bundle-2pct-extra,0.02
bundle,,A0005;A0008,2,161.70000000000002,1.1541849725114817,93.3158550275533,,2.0,0.7382753332318769,0.2617246667681231,1.1,0.5770924862557408,joint-bundle-2pct-extra,0.02
bundle,,A0007;A0013;A0019,3,242.55,1.911112786229078,154.51346876662095,,2.0,0.8001218239797592,0.5999390880101204,1.1,0.6370375954096926,joint-bundle-2pct-extra,0.02
bundle,,A0010;A0016;A0124,3,244.2,1.861733841631796,151.5451347088282,,2.0,0.8654166562411849,0.5672916718794075,1.1,0.6205779472105987,joint-bundle-2pct-extra,0.02
bundle,,A0011;A0036,2,161.70000000000002,1.2454673132118244,100.69603227317602,,2.0,0.4806051004142348,0.5193948995857651,1.1,0.6227336566059122,joint-bundle-2pct-extra,0.02
bundle,,A0012;A0022;A0023,3,242.0,2.009696033874711,162.11548006589334,,2.0,1.005357352145999,0.4973213239270004,1.1,0.669898677958237,joint-bundle-2pct-extra,0.02
bundle,,A0015;A0020;A0026,3,244.2,2.090701882696125,170.1831332514646,,2.0,0.7648232221388522,0.6175883889305739,1.1,0.6969006275653751,joint-bundle-2pct-extra,0.02
bundle,,A0017;A0027;A0356,3,242.55,1.9336900973819608,156.3388443733315,,2.0,1.2015091071658848,0.3992454464170576,1.1,0.6445633657939869,joint-bundle-2pct-extra,0.02
bundle,,A0024;A0369,2,163.9,1.201722864877742,98.48118877673096,,2.0,0.77558187122923,0.22441812877077,1.1,0.600861432438871,joint-bundle-2pct-extra,0.02
bundle,,A0031;A0035,2,164.45000000000002,0.8802075348072228,72.3750645495239,,2.0,0.7039261633516458,0.2960738366483542,1.1,0.4401037674036114,joint-bundle-2pct-extra,0.02
bundle,,A0032;A0462,2,161.70000000000002,1.393465620219886,112.6616953947778,,2.0,0.0,1.0,1.1,0.696732810109943,joint-bundle-2pct-extra,0.02
bundle,,A0041;A0052;A0061;A0068,4,322.85,2.8358948963827912,228.89216682429603,,2.0,1.228516857068096,0.5904943809773013,1.1,0.7089737240956978,joint-bundle-2pct-extra,0.02
bundle,,A0042;A0055,2,164.45000000000002,1.2924146648020671,106.26879581334998,,2.0,0.7597177898309037,0.2402822101690963,1.1,0.6462073324010336,joint-bundle-2pct-extra,0.02
bundle,,A0046;A0453,2,162.25,1.0351420071284905,83.97589532829879,,2.0,0.5288746286175343,0.4711253713824657,1.1,0.5175710035642452,joint-bundle-2pct-extra,0.02
bundle,,A0048;A0445,2,170.5,1.2031575763728235,102.5691833857832,,2.0,0.1853862346640429,0.8146137653359571,1.1,0.6015787881864118,joint-bundle-2pct-extra,0.02
bundle,,A0057;A0119;A0123,3,243.65,1.905208458731612,154.73468032331908,,2.0,1.1358231539064396,0.4320884230467802,1.1,0.6350694862438706,joint-bundle-2pct-extra,0.02
bundle,,A0060;A0355;A0375,3,242.55,1.816035299364041,146.82645395358273,,2.0,0.6805999566273753,0.6597000216863124,1.1,0.6053450997880137,joint-bundle-2pct-extra,0.02
bundle,,A0044;A0062;A0082,3,250.25,1.5847156667453783,132.19169853434363,,2.0,1.449052031785362,0.275473984107319,1.1,0.5282385555817928,joint-bundle-2pct-extra,0.02
bundle,,A0067;A0084;A0456,3,241.45000000000005,1.381915688763752,111.221181017336,,2.0,0.8781746233473314,0.5609126883263342,1.1,0.4606385629212507,joint-bundle-2pct-extra,0.02
bundle,,A0069;A0073,2,162.8,1.2702313072626945,103.39682841118332,,2.0,0.4958080028354725,0.5041919971645275,1.1,0.6351156536313471,joint-bundle-2pct-extra,0.02
bundle,,A0070;A0078,2,163.9,1.3078792824185772,107.1807071942024,,2.0,0.0,1.0,1.1,0.6539396412092886,joint-bundle-2pct-extra,0.02
bundle,,A0076;A0102,2,169.95000000000002,1.2116640833626984,102.9611554837453,,2.0,0.7249026018863092,0.2750973981136908,1.1,0.6058320416813492,joint-bundle-2pct-extra,0.02
bundle,,A0080;A0451,2,162.8,0.8109219548680757,66.00904712626136,,2.0,0.6131816745663672,0.3868183254336328,1.1,0.4054609774340378,joint-bundle-2pct-extra,0.02
bundle,,A0087;A0099;A0452,3,243.65,1.9685165377688527,159.87635147579368,,2.0,0.0580774789424702,0.9709612605287647,1.1,0.6561721792562843,joint-bundle-2pct-extra,0.02
bundle,,A0093;A0097;A0361,3,236.25,2.098312262393768,165.24209066350923,,2.0,0.1982383393082218,0.9008808303458892,1.05,0.6994374207979227,joint-bundle-2pct-extra,0.02
bundle,,A0095;A0118,2,161.70000000000002,1.3396185623954289,108.30816076967044,,2.0,0.1397511466167866,0.8602488533832133,1.1,0.6698092811977144,joint-bundle-2pct-extra,0.02
bundle,,A0098;A0105,2,161.15,1.3675458596642671,110.19000764244836,,2.0,0.3890212831278917,0.6109787168721084,1.1,0.6837729298321337,joint-bundle-2pct-extra,0.02
bundle,,A0112;A0120;A0467,3,242.55,1.998063882945216,161.54346493612073,,2.0,1.0156775457227138,0.4921612271386431,1.1,0.6660212943150721,joint-bundle-2pct-extra,0.02
bundle,,A0077;A0121;A0723,3,242.0,2.0759383413633303,167.45902620330864,,2.0,1.0850622306357125,0.4574688846821437,1.1,0.69197944712111,joint-bundle-2pct-extra,0.02
bundle,,A0122;A0458,2,163.9,1.4088635605615252,115.456368788017,,2.0,0.0099509077062747,0.9900490922937252,1.1,0.7044317802807626,joint-bundle-2pct-extra,0.02
bundle,,A0125;A0454,2,162.8,1.4161458639897548,115.27427332876606,,2.0,0.2648187390590238,0.7351812609409762,1.1,0.7080729319948774,joint-bundle-2pct-extra,0.02
bundle,,A0132;A0144;A0191,3,240.90000000000003,2.151135456124977,172.73617712683568,,0.0,0.4893946592049182,0.7553026703975408,1.1,0.717045152041659,joint-bundle-2pct-extra,0.02
bundle,,A0134;A0142;A0474,3,229.95,2.1153661523424945,162.1428155770522,,0.0,0.5631034240513215,0.7184482879743392,1.05,0.7051220507808315,joint-bundle-2pct-extra,0.02
bundle,,A0135;A0183;A0197,3,231.0,2.187329452499738,168.42436784247985,,0.0,0.1739223158264307,0.9130388420867848,1.05,0.7291098174999128,joint-bundle-2pct-extra,0.02
bundle,,A0180;A0378;A0379,3,240.90000000000003,2.2022032299483185,176.83691936485,,0.0,0.3165593217033128,0.8417203391483435,1.1,0.7340677433161061,joint-bundle-2pct-extra,0.02
bundle,,A0285;A0286;A0423,3,242.55,2.1437056359611675,173.3186006674604,,3.0,1.0720039676568534,0.4639980161715733,1.1,0.7145685453203892,joint-bundle-2pct-extra,0.02
bundle,,A0447;A0465,2,164.45000000000002,0.9684369704964242,79.6297298990685,,2.0,0.6366195589156273,0.3633804410843727,1.1,0.4842184852482121,joint-bundle-2pct-extra,0.02
