candidate_id,task_ids,region,task_count,route_length_km,compactness,price_multiplier,average_reward,total_reward,bundle_probability,expected_completions,expected_payout,baseline_completions,baseline_expected_payout,completion_gain,payout_change
candidate-00001,A0001;A0029,2,2,0.19946319903218218,0.8005368009678178,0.9,66.60000000000001,133.20000000000002,0.5327606657087367,1.0655213314174734,70.96372067240374,0.9344941675310969,69.15256839730117,0.13102716388637647,1.8111522751025717
candidate-00002,A0001;A0029,2,2,0.19946319903218218,0.8005368009678178,0.95,70.3,140.6,0.5819077236956344,1.1638154473912687,81.81622595160619,0.9344941675310969,69.15256839730117,0.2293212798601718,12.663657554305018
candidate-00003,A0001;A0029,2,2,0.19946319903218218,0.8005368009678178,1.0,74.0,148.0,0.6294804923986148,1.2589609847972296,93.163112874995,0.9344941675310969,69.15256839730117,0.3244668172661327,24.010544477693827
candidate-00004,A0001;A0029,2,2,0.19946319903218218,0.8005368009678178,1.05,77.7,155.4,0.6746665290677332,1.3493330581354663,104.84317861712574,0.9344941675310969,69.15256839730117,0.4148388906043694,35.69061021982458
candidate-00005,A0001;A0029,2,2,0.19946319903218218,0.8005368009678178,1.1,81.4,162.8,0.7168209825623099,1.4336419651246197,116.69845596114405,0.9344941675310969,69.15256839730117,0.4991477975935228,47.54588756384288
candidate-00006,A0002;A0364,2,2,0.5698554792166522,0.43014452078334775,0.9,65.925,131.85,0.2916926220713265,0.583385244142653,38.4596722201044,0.5577271857685586,40.85512599048898,0.025658058374094406,-2.3954537703845773
candidate-00007,A0002;A0364,2,2,0.5698554792166522,0.43014452078334775,0.95,69.58749999999999,139.17499999999998,0.33407328309657947,0.6681465661931589,46.49464917496644,0.5577271857685586,40.85512599048898,0.11041938042460031,5.639523184477461
candidate-00008,A0002;A0364,2,2,0.5698554792166522,0.43014452078334775,1.0,73.25,146.5,0.37931400575029306,0.7586280115005861,55.569501842417935,0.5577271857685586,40.85512599048898,0.2009008257320275,14.714375851928956
candidate-00009,A0002;A0364,2,2,0.5698554792166522,0.43014452078334775,1.05,76.91250000000001,153.82500000000002,0.42675512255293463,0.8535102451058693,65.64560672670518,0.5577271857685586,40.85512599048898,0.29578305933731064,24.790480736216203
candidate-00010,A0002;A0364,2,2,0.5698554792166522,0.43014452078334775,1.1,80.575,161.15,0.4755833601431525,0.951166720286305,76.64025848706903,0.5577271857685586,40.85512599048898,0.3934395345177464,35.785132496580054
candidate-00011,A0002;A0446,2,2,0.7774003223413861,0.22259967765861388,0.9,69.075,138.15,0.30562304661829925,0.6112460932365985,42.22182389031804,0.643984179942465,49.68519581340267,-0.03273808670586653,-7.46337192308463
candidate-00012,A0002;A0446,2,2,0.7774003223413861,0.22259967765861388,0.95,72.9125,145.825,0.3511759707297056,0.7023519414594112,51.21023593165931,0.643984179942465,49.68519581340267,0.058367761516946115,1.5250401182566407
candidate-00013,A0002;A0446,2,2,0.7774003223413861,0.22259967765861388,1.0,76.75,153.5,0.3996111223627818,0.7992222447255636,61.34030728268701,0.643984179942465,49.68519581340267,0.15523806478309854,11.655111469284336
candidate-00014,A0002;A0446,2,2,0.7774003223413861,0.22259967765861388,1.05,80.5875,161.175,0.45009241971853814,0.9001848394370763,72.54364574813539,0.643984179942465,49.68519581340267,0.25620065949461124,22.858449934732718
candidate-00015,A0002;A0446,2,2,0.7774003223413861,0.22259967765861388,1.1,84.42500000000001,168.85000000000002,0.5016227732240773,1.0032455464481547,84.69900525888546,0.643984179942465,49.68519581340267,0.3592613665056896,35.01380944548279
candidate-00016,A0002;A0364;A0446,2,3,1.2087372686974263,0.39563136565128687,0.9,67.95,203.85000000000002,0.32933764976187907,0.9880129492856372,67.13547990395905,0.9196285069426329,69.80723168441492,0.06838444234300434,-2.671751780455864
candidate-00017,A0002;A0364;A0446,2,3,1.2087372686974263,0.39563136565128687,0.95,71.725,215.17499999999998,0.3757183640733544,1.1271550922200633,80.84519898948403,0.9196285069426329,69.80723168441492,0.2075265852774304,11.037967305069117
candidate-00018,A0002;A0364;A0446,2,3,1.2087372686974263,0.39563136565128687,1.0,75.5,226.5,0.42449657077366637,1.2734897123209992,96.14847328023544,0.9196285069426329,69.80723168441492,0.3538612053783663,26.34124159582052
candidate-00019,A0002;A0364;A0446,2,3,1.2087372686974263,0.39563136565128687,1.05,79.275,237.82500000000002,0.4747912064230085,1.4243736192690255,112.917218667552,0.9196285069426329,69.80723168441492,0.5047451123263926,43.10998698313709
candidate-00020,A0002;A0364;A0446,2,3,1.2087372686974263,0.39563136565128687,1.1,83.05000000000001,249.15000000000003,0.5256025315166664,1.576807594549999,130.95387072737745,0.9196285069426329,69.80723168441492,0.6571790876073662,61.14663904296253
candidate-00021,A0003;A0360,2,2,0.6868979989446738,0.31310200105532615,0.9,66.15,132.3,0.3111938105842959,0.6223876211685918,41.170941140302354,0.6236629905482636,45.839229805297364,-0.0012753693796717647,-4.668288664995011
candidate-00022,A0003;A0360,2,2,0.6868979989446738,0.31310200105532615,0.95,69.825,139.65,0.3551420653239816,0.7102841306479633,49.59558942249404,0.6236629905482636,45.839229805297364,0.08662114009969968,3.756359617196672
candidate-00023,A0003;A0360,2,2,0.6868979989446738,0.31310200105532615,1.0,73.5,147.0,0.4016775308714404,0.8033550617428808,59.046597038101744,0.6236629905482636,45.839229805297364,0.17969207119461728,13.20736723280438
candidate-00024,A0003;A0360,2,2,0.6868979989446738,0.31310200105532615,1.05,77.175,154.35,0.4500550293571742,0.9001100587143483,69.46599378127983,0.6236629905482636,45.839229805297364,0.2764470681660848,23.62676397598247
candidate-00025,A0003;A0360,2,2,0.6868979989446738,0.31310200105532615,1.1,80.85000000000001,161.70000000000002,0.4993958842311468,0.9987917684622936,80.75231448017644,0.6236629905482636,45.839229805297364,0.37512877791403,34.91308467487907
candidate-00026,A0005;A0008,2,2,0.7382753332318769,0.2617246667681231,0.9,66.15,132.3,0.38195026185655745,0.7639005237131149,50.532019643622554,0.7786155246136366,57.22824105910229,-0.01471500090052169,-6.696221415479734
candidate-00027,A0005;A0008,2,2,0.7382753332318769,0.2617246667681231,0.95,69.825,139.65,0.4296579973695671,0.8593159947391342,60.00173933266005,0.7786155246136366,57.22824105910229,0.08070047012549764,2.773498273557763
candidate-00028,A0005;A0008,2,2,0.7382753332318769,0.2617246667681231,1.0,73.5,147.0,0.4787091932878293,0.9574183865756586,70.37025141331091,0.7786155246136366,57.22824105910229,0.178802861962022,13.142010354208622
candidate-00029,A0005;A0008,2,2,0.7382753332318769,0.2617246667681231,1.05,77.175,154.35,0.5281744077328703,1.0563488154657406,81.52371983356852,0.7786155246136366,57.22824105910229,0.27773329085210396,24.295478774466233
candidate-00030,A0005;A0008,2,2,0.7382753332318769,0.2617246667681231,1.1,80.85000000000001,161.70000000000002,0.5770924862557408,1.1541849725114817,93.3158550275533,0.7786155246136366,57.22824105910229,0.3755694478978451,36.08761396845101
candidate-00031,A0007;A0019,2,2,0.4303607181088833,0.5696392818911167,0.9,66.15,132.3,0.40325202946250344,0.8065040589250069,53.35024349788921,0.7420797179550568,54.54285926969668,0.06442434096995009,-1.1926157718074677
candidate-00032,A0007;A0019,2,2,0.4303607181088833,0.5696392818911167,0.95,69.825,139.65,0.4516760056267124,0.9033520112534248,63.07655418577039,0.7420797179550568,54.54285926969668,0.161272293298368,8.533694916073713
candidate-00033,A0007;A0019,2,2,0.4303607181088833,0.5696392818911167,1.0,73.5,147.0,0.5010326663048382,1.0020653326096765,73.65180194681122,0.7420797179550568,54.54285926969668,0.25998561465461967,19.10894267711454
candidate-00034,A0007;A0019,2,2,0.4303607181088833,0.5696392818911167,1.05,77.175,154.35,0.5503692098384828,1.1007384196769656,84.94948753856981,0.7420797179550568,54.54285926969668,0.35865870172190883,30.406628268873135
candidate-00035,A0007;A0019,2,2,0.4303607181088833,0.5696392818911167,1.1,80.85000000000001,161.70000000000002,0.5987343795471651,1.1974687590943303,96.8153491727766,0.7420797179550568,54.54285926969668,0.4553890411392735,42.27248990307993
candidate-00036,A0007;A0013,2,2,0.5897559590575939,0.4102440409424061,0.9,66.15,132.3,0.3818777170703517,0.7637554341407033,50.52242196840753,0.7411242488876608,54.472632293243066,0.02263118525304253,-3.9502103248355382
candidate-00037,A0007;A0013,2,2,0.5897559590575939,0.4102440409424061,0.95,69.825,139.65,0.4295826894604821,0.8591653789209642,59.99122258315633,0.7411242488876608,54.472632293243066,0.11804113003330341,5.518590289913263
candidate-00038,A0007;A0013,2,2,0.5897559590575939,0.4102440409424061,1.0,73.5,147.0,0.4786325029388502,0.9572650058777004,70.35897793201097,0.7411242488876608,54.472632293243066,0.21614075699003954,15.886345638767907
candidate-00039,A0007;A0013,2,2,0.5897559590575939,0.4102440409424061,1.05,77.175,154.35,0.5280978208612724,1.0561956417225449,81.5118986499374,0.7411242488876608,54.472632293243066,0.31507139283488406,27.039266356694327
candidate-00040,A0007;A0013,2,2,0.5897559590575939,0.4102440409424061,1.1,80.85000000000001,161.70000000000002,0.5770174808037689,1.1540349616075378,93.30372664596945,0.7411242488876608,54.472632293243066,0.412910712719877,38.83109435272638
candidate-00041,A0007;A0013;A0019,2,3,0.8001218239797592,0.5999390880101204,0.9,66.15,198.45000000000002,0.44285129113199495,1.3285538733959847,87.8838387251444,1.1447939177739093,84.14235295638233,0.18375995562207548,3.7414857687620753
candidate-00042,A0007;A0013;A0019,2,3,0.8001218239797592,0.5999390880101204,0.95,69.825,209.47500000000002,0.4921090888415853,1.4763272665247558,103.08455138509109,1.1447939177739093,84.14235295638233,0.3315333487508465,18.942198428708764
candidate-00043,A0007;A0013;A0019,2,3,0.8001218239797592,0.5999390880101204,1.0,73.5,220.5,0.5415205703860598,1.6245617111581794,119.4052857701262,1.1447939177739093,84.14235295638233,0.4797677933842701,35.26293281374387
candidate-00044,A0007;A0013;A0019,2,3,0.8001218239797592,0.5999390880101204,1.05,77.175,231.52499999999998,0.5901287192206635,1.7703861576619904,136.62955171756408,1.1447939177739093,84.14235295638233,0.6255922398880811,52.48719876118176
candidate-00045,A0007;A0013;A0019,2,3,0.8001218239797592,0.5999390880101204,1.1,80.85000000000001,242.55,0.6370375954096926,1.911112786229078,154.51346876662095,1.1447939177739093,84.14235295638233,0.7663188684551687,70.37111581023862
candidate-00046,A0010;A0016,2,2,0.38608179093073297,0.613918209069267,0.9,66.60000000000001,133.20000000000002,0.4013046492375177,0.8026092984750354,53.45377927843736,0.7281707654120224,53.88463664048966,0.07443853306301296,-0.43085736205230063
candidate-00047,A0010;A0016,2,2,0.38608179093073297,0.613918209069267,0.95,70.3,140.6,0.4500043892532145,0.900008778506429,63.270617129001955,0.7281707654120224,53.88463664048966,0.1718380130944066,9.385980488512295
candidate-00048,A0010;A0016,2,2,0.38608179093073297,0.613918209069267,1.0,74.0,148.0,0.49968152190727333,0.9993630438145467,73.95286524227646,0.7281707654120224,53.88463664048966,0.27119227840252424,20.0682286017868
candidate-00049,A0010;A0016,2,2,0.38608179093073297,0.613918209069267,1.05,77.7,155.4,0.5493649429263001,1.0987298858526002,85.37131213074704,0.7281707654120224,53.88463664048966,0.3705591204405778,31.486675490257383
candidate-00050,A0010;A0016,2,2,0.38608179093073297,0.613918209069267,1.1,81.4,162.8,0.5980830586399858,1.1961661172799716,97.36792194658969,0.7281707654120224,53.88463664048966,0.46799535186794916,43.48328530610003
candidate-00051,A0010;A0124,2,2,0.5650035506328661,0.4349964493671339,0.9,66.60000000000001,133.20000000000002,0.369422786920346,0.738845573840692,49.2071152177901,0.7109873951348321,52.61306723997758,0.027858178705859937,-3.405952022187485
candidate-00052,A0010;A0124,2,2,0.5650035506328661,0.4349964493671339,0.95,70.3,140.6,0.4169480126415321,0.8338960252830642,58.62289057739941,0.7109873951348321,52.61306723997758,0.12290863014823206,6.009823337421828
candidate-00053,A0010;A0124,2,2,0.5650035506328661,0.4349964493671339,1.0,74.0,148.0,0.4660682941304574,0.9321365882609148,68.9781075313077,0.7109873951348321,52.61306723997758,0.22114919312608272,16.365040291330118
candidate-00054,A0010;A0124,2,2,0.5650035506328661,0.4349964493671339,1.05,77.7,155.4,0.5158555037752776,1.0317110075505551,80.16394528667813,0.7109873951348321,52.61306723997758,0.320723612415723,27.550878046700547
candidate-00055,A0010;A0124,2,2,0.5650035506328661,0.4349964493671339,1.1,81.4,162.8,0.5653299573364357,1.1306599146728713,92.03571705437173,0.7109873951348321,52.61306723997758,0.4196725195380392,39.42264981439415
candidate-00056,A0010;A0016;A0124,2,3,0.8654166562411849,0.5672916718794075,0.9,66.60000000000001,199.8,0.4242100577531398,1.2726301732594194,84.75716953907734,1.105605819832681,81.81483066761841,0.16702435342673838,2.9423388714589294
candidate-00057,A0010;A0016;A0124,2,3,0.8654166562411849,0.5672916718794075,0.95,70.3,210.89999999999998,0.4734911022536598,1.4204733067609794,99.85927346529684,1.105605819832681,81.81483066761841,0.31486748692829836,18.04444279767843
candidate-00058,A0010;A0016;A0124,2,3,0.8654166562411849,0.5672916718794075,1.0,74.0,222.0,0.5232941096127108,1.5698823288381325,116.1712923340218,1.105605819832681,81.81483066761841,0.4642765090054515,34.35646166640339
candidate-00059,A0010;A0016;A0124,2,3,0.8654166562411849,0.5672916718794075,1.05,77.7,233.10000000000002,0.5726381619490384,1.7179144858471151,133.48195555032086,1.105605819832681,81.81483066761841,0.6123086660144341,51.66712488270245
candidate-00060,A0010;A0016;A0124,2,3,0.8654166562411849,0.5672916718794075,1.1,81.4,244.20000000000002,0.6205779472105987,1.861733841631796,151.54513470882821,1.105605819832681,81.81483066761841,0.7561280217991149,69.7303040412098
candidate-00061,A0011;A0036,2,2,0.4806051004142348,0.5193948995857651,0.9,66.15,132.3,0.4277688396935057,0.8555376793870114,56.59381749145081,0.8018207028793438,58.933821661631775,0.0537169765076676,-2.3400041701809684
candidate-00062,A0011;A0036,2,2,0.4806051004142348,0.5193948995857651,0.95,69.825,139.65,0.476784657272533,0.953569314545066,66.58297738810924,0.8018207028793438,58.933821661631775,0.15174861166572218,7.649155726477467
candidate-00063,A0011;A0036,2,2,0.4806051004142348,0.5193948995857651,1.0,73.5,147.0,0.5262517642338078,1.0525035284676156,77.35900934236975,0.8018207028793438,58.933821661631775,0.2506828255882718,18.42518768073797
candidate-00064,A0011;A0036,2,2,0.4806051004142348,0.5193948995857651,1.05,77.175,154.35,0.575208860267749,1.150417720535498,88.78348758232706,0.8018207028793438,58.933821661631775,0.34859701765615414,29.84966592069528
candidate-00065,A0011;A0036,2,2,0.4806051004142348,0.5193948995857651,1.1,80.85000000000001,161.70000000000002,0.6227336566059122,1.2454673132118244,100.69603227317602,0.8018207028793438,58.933821661631775,0.44364661033248054,41.76221061154424
candidate-00066,A0011;A0017,2,2,0.6284624169332029,0.3715375830667971,0.9,66.15,132.3,0.4146761643939107,0.8293523287878214,54.86165654931439,0.8151817457841513,59.91585831513512,0.014170583003670134,-5.0542017658207286
candidate-00067,A0011;A0017,2,2,0.6284624169332029,0.3715375830667971,0.95,69.825,139.65,0.4634066761623304,0.9268133523246608,64.71474232606944,0.8151817457841513,59.91585831513512,0.11163160654050952,4.798884010934323
candidate-00068,A0011;A0017,2,2,0.6284624169332029,0.3715375830667971,1.0,73.5,147.0,0.5128462760737811,1.0256925521475622,75.38840258284581,0.8151817457841513,59.91585831513512,0.2105108063634109,15.472544267710695
candidate-00069,A0011;A0017,2,2,0.6284624169332029,0.3715375830667971,1.05,77.175,154.35,0.5620357830459074,1.1240715660918148,86.7502231131358,0.8151817457841513,59.91585831513512,0.30888982030766354,26.834364798000685
candidate-00070,A0011;A0017,2,2,0.6284624169332029,0.3715375830667971,1.1,80.85000000000001,161.70000000000002,0.6100352045779738,1.2200704091559476,98.64269258025837,0.8151817457841513,59.91585831513512,0.4048886633717963,38.72683426512325
candidate-00071,A0011;A0012,2,2,0.8195553014533795,0.18044469854662049,0.9,66.15,132.3,0.39549648148170485,0.7909929629634097,52.32418450002956,0.8276310394778963,60.83088140162538,-0.036638076514486584,-8.506696901595824
candidate-00072,A0011;A0012,2,2,0.8195553014533795,0.18044469854662049,0.95,69.825,139.65,0.4436815746262976,0.8873631492525952,61.96013189656246,0.8276310394778963,60.83088140162538,0.059732109774698894,1.1292504949370752
candidate-00073,A0011;A0012,2,2,0.8195553014533795,0.18044469854662049,1.0,73.5,147.0,0.492950013730605,0.98590002746121,72.46365201839893,0.8276310394778963,60.83088140162538,0.15826898798331368,11.632770616773549
candidate-00074,A0011;A0012,2,2,0.8195553014533795,0.18044469854662049,1.05,77.175,154.35,0.5423557656038345,1.084711531207669,83.71261242095184,0.8276310394778963,60.83088140162538,0.25708049172977265,22.88173101932646
candidate-00075,A0011;A0012,2,2,0.8195553014533795,0.18044469854662049,1.1,80.85000000000001,161.70000000000002,0.5909422545467837,1.1818845090935675,95.55536256021495,0.8276310394778963,60.83088140162538,0.35425346961567117,34.72448115858956
candidate-00076,A0011;A0017;A0036,2,3,1.1090675173474378,0.4454662413262811,0.9,66.15,198.45000000000002,0.4451786081392484,1.3355358244177453,88.34569478523386,1.2187235527058347,89.57618112387885,0.11681227171191066,-1.2304863386449938
candidate-00077,A0011;A0017;A0036,2,3,1.1090675173474378,0.4454662413262811,0.95,69.825,209.47500000000002,0.4944655299481728,1.4833965898445183,103.57816688589351,1.2187235527058347,89.57618112387885,0.2646730371386836,14.001985762014655
candidate-00078,A0011;A0017;A0036,2,3,1.1090675173474378,0.4454662413262811,1.0,73.5,220.5,0.5438602549215626,1.631580764764688,119.92118621020457,1.2187235527058347,89.57618112387885,0.4128572120588534,30.345005086325713
candidate-00079,A0011;A0017;A0036,2,3,1.1090675173474378,0.4454662413262811,1.05,77.175,231.52499999999998,0.5924070555676753,1.7772211667030258,137.157043540306,1.2187235527058347,89.57618112387885,0.5584976139971911,47.58086241642715
candidate-00080,A0011;A0017;A0036,2,3,1.1090675173474378,0.4454662413262811,1.1,80.85000000000001,242.55,0.6392145955337686,1.9176437866013059,155.04150014671558,1.2187235527058347,89.57618112387885,0.6989202338954712,65.46531902283672
candidate-00081,A0011;A0012;A0036,2,3,1.2450125228478373,0.3774937385760814,0.9,66.15,198.45000000000002,0.4368027628455981,1.3104082885367943,86.68350828670896,1.2311728463995797,90.49120421036912,0.07923544213721456,-3.8076959236601624
candidate-00082,A0011;A0012;A0036,2,3,1.2450125228478373,0.3774937385760814,0.95,69.825,209.47500000000002,0.48597461615143667,1.45792384845431,101.79953271832221,1.2311728463995797,90.49120421036912,0.2267510020547303,11.308328507953092
candidate-00083,A0011;A0012;A0036,2,3,1.2450125228478373,0.3774937385760814,1.0,73.5,220.5,0.5354194831255188,1.6062584493765564,118.05999602917689,1.2311728463995797,90.49120421036912,0.3750856029769767,27.568791818807767
candidate-00084,A0011;A0012;A0036,2,3,1.2450125228478373,0.3774937385760814,1.05,77.175,231.52499999999998,0.5841777770287387,1.7525333310862163,135.25175982657873,1.2311728463995797,90.49120421036912,0.5213604846866366,44.760555616209615
candidate-00085,A0011;A0012;A0036,2,3,1.2450125228478373,0.3774937385760814,1.1,80.85000000000001,242.55,0.631342254681234,1.8940267640437018,153.13206387293332,1.2311728463995797,90.49120421036912,0.6628539176441222,62.640859662564196
candidate-00086,A0012;A0022,2,2,0.35193855242732913,0.6480614475726709,0.9,65.925,131.85,0.47416824878171593,0.9483364975634319,62.51908360186924,0.8578405092377333,62.83703324611464,0.0904959883256986,-0.3179496442454024
candidate-00087,A0012;A0022,2,2,0.35193855242732913,0.6480614475726709,0.95,69.58749999999999,139.17499999999998,0.5234675529210324,1.0469351058420648,72.85359667778468,0.8578405092377333,62.83703324611464,0.1890945966043316,10.016563431670036
candidate-00088,A0012;A0022,2,2,0.35193855242732913,0.6480614475726709,1.0,73.25,146.5,0.5723137641882091,1.1446275283764182,83.84396645357263,0.8578405092377333,62.83703324611464,0.286787019138685,21.00693320745799
candidate-00089,A0012;A0022,2,2,0.35193855242732913,0.6480614475726709,1.05,76.91250000000001,153.82500000000002,0.6197897366806139,1.2395794733612278,95.33915624489543,0.8578405092377333,62.83703324611464,0.3817389641234945,32.50212299878079
candidate-00090,A0012;A0022,2,2,0.35193855242732913,0.6480614475726709,1.1,80.575,161.15,0.6650796747999521,1.3301593495999042,107.17758959401229,0.8578405092377333,62.83703324611464,0.472318840362171,44.340556347897646
candidate-00091,A0012;A0023,2,2,0.7341670700377315,0.2658329299622685,0.9,66.15,132.3,0.42372660604783075,0.8474532120956615,56.05902998012801,0.8615167843429014,63.321483649203245,-0.014063572247239864,-7.262453669075235
candidate-00092,A0012;A0023,2,2,0.7341670700377315,0.2658329299622685,0.95,69.825,139.65,0.47266182964701664,0.9453236592940333,66.00722451020587,0.8615167843429014,63.321483649203245,0.08380687495113193,2.6857408610026283
candidate-00093,A0012;A0023,2,2,0.7341670700377315,0.2658329299622685,1.0,73.5,147.0,0.5221280477012462,1.0442560954024924,76.7528230120832,0.8615167843429014,63.321483649203245,0.18273931105959107,13.431339362879953
candidate-00094,A0012;A0023,2,2,0.7341670700377315,0.2658329299622685,1.05,77.175,154.35,0.5711640284120931,1.1423280568241863,88.15916778540657,0.8615167843429014,63.321483649203245,0.2808112724812849,24.837684136203322
candidate-00095,A0012;A0023,2,2,0.7341670700377315,0.2658329299622685,1.1,80.85000000000001,161.70000000000002,0.6188414878746922,1.2376829757493844,100.06666858933774,0.8615167843429014,63.321483649203245,0.376166191406483,36.74518494013449
candidate-00096,A0012;A0036,2,2,0.7644074224336025,0.2355925775663975,0.9,66.15,132.3,0.4054088361820903,0.8108176723641806,53.63558902689055,0.8328939504419193,61.217705357481066,-0.02207627807773871,-7.582116330590516
candidate-00097,A0012;A0036,2,2,0.7644074224336025,0.2355925775663975,0.95,69.825,139.65,0.45389481267725656,0.9077896253545131,63.38641059037888,0.8328939504419193,61.217705357481066,0.07489567491259386,2.168705232897814
candidate-00098,A0012;A0036,2,2,0.7644074224336025,0.2355925775663975,1.0,73.5,147.0,0.503271394802845,1.00654278960569,73.98089503601821,0.8328939504419193,61.217705357481066,0.17364883916377072,12.763189678537145
candidate-00099,A0012;A0036,2,2,0.7644074224336025,0.2355925775663975,1.05,77.175,154.35,0.5525842500403125,1.105168500080625,85.29137899372223,0.8328939504419193,61.217705357481066,0.2722745496387058,24.073673636241168
candidate-00100,A0012;A0036,2,2,0.7644074224336025,0.2355925775663975,1.1,80.85000000000001,161.70000000000002,0.6008839397622644,1.2017678795245288,97.16293305955816,0.8328939504419193,61.217705357481066,0.3688739290826095,35.94522770207709
candidate-00101,A0012;A0022;A0023,2,3,1.005357352145999,0.49732132392700046,0.9,66.0,198.0,0.47936060137466746,1.4380818041240024,94.91339907218416,1.2900051500603986,94.60113434658055,0.14807665406360382,0.31226472560361174
candidate-00102,A0012;A0022;A0023,2,3,1.005357352145999,0.49732132392700046,0.95,69.66666666666666,208.99999999999997,0.528712951687956,1.5861388550638678,110.50100690278278,1.2900051500603986,94.60113434658055,0.29613370500346914,15.899872556202226
candidate-00103,A0012;A0022;A0023,2,3,1.005357352145999,0.49732132392700046,1.0,73.33333333333333,220.0,0.5775102849692717,1.732530854907815,127.05226269323977,1.2900051500603986,94.60113434658055,0.4425257048474165,32.45112834665922
candidate-00104,A0012;A0022;A0023,2,3,1.005357352145999,0.49732132392700046,1.05,77.0,231.0,0.6248402283063069,1.8745206849189207,144.3380927387569,1.2900051500603986,94.60113434658055,0.584515534858522,49.73695839217635
candidate-00105,A0012;A0022;A0023,2,3,1.005357352145999,0.49732132392700046,1.1,80.66666666666667,242.0,0.669898677958237,2.009696033874711,162.11548006589334,1.2900051500603986,94.60113434658055,0.7196908838143123,67.51434571931279
candidate-00106,A0012;A0022;A0036,2,3,1.1163459748609317,0.44182701256953416,0.9,66.0,198.0,0.45922574970978897,1.377677249129367,90.92669844253821,1.2613823161594166,92.49735605485837,0.1162949329699503,-1.5706576123201614
candidate-00107,A0012;A0022;A0036,2,3,1.1163459748609317,0.44182701256953416,0.95,69.66666666666666,208.99999999999997,0.5085298848629534,1.52558965458886,106.28274593635724,1.2613823161594166,92.49735605485837,0.26420733842944344,13.785389881498872
candidate-00108,A0012;A0022;A0036,2,3,1.1163459748609317,0.44182701256953416,1.0,73.33333333333333,220.0,0.5576686460589944,1.673005938176983,122.68710213297877,1.2613823161594166,92.49735605485837,0.4116236220175664,30.189746078120393
candidate-00109,A0012;A0022;A0036,2,3,1.1163459748609317,0.44182701256953416,1.05,77.0,231.0,0.6057037636275691,1.8171112908827072,139.91756939796846,1.2613823161594166,92.49735605485837,0.5557289747232905,47.42021334311009
candidate-00110,A0012;A0022;A0036,2,3,1.1163459748609317,0.44182701256953416,1.1,80.66666666666667,242.0,0.6517797174531819,1.9553391523595456,157.73069162367,1.2613823161594166,92.49735605485837,0.6939568362001289,65.23333556881163
candidate-00111,A0011;A0012;A0022,2,3,1.1714938538807087,0.41425307305964565,0.9,66.0,198.0,0.4522844938131905,1.3568534814395716,89.55232977501173,1.2561194051953937,92.11053209900268,0.10073407624417796,-2.5582023239909546
candidate-00112,A0011;A0012;A0022,2,3,1.1714938538807087,0.41425307305964565,0.95,69.66666666666666,208.99999999999997,0.5015345529346461,1.5046036588039384,104.82072156334102,1.2561194051953937,92.11053209900268,0.24848425360854476,12.710189464338342
candidate-00113,A0011;A0012;A0022,2,3,1.1714938538807087,0.41425307305964565,1.0,73.33333333333333,220.0,0.550754852464955,1.652264557394865,121.16606754229011,1.2561194051953937,92.11053209900268,0.39614515219947144,29.055535443287425
candidate-00114,A0011;A0012;A0022,2,3,1.1714938538807087,0.41425307305964565,1.05,77.0,231.0,0.599000898841001,1.7970026965230033,138.36920763227124,1.2561194051953937,92.11053209900268,0.5408832913276096,46.25867553326856
candidate-00115,A0011;A0012;A0022,2,3,1.1714938538807087,0.41425307305964565,1.1,80.66666666666667,242.0,0.6454015717629459,1.9362047152888375,156.1871803666329,1.2561194051953937,92.11053209900268,0.6800853100934439,64.07664826763022
candidate-00116,A0012;A0022;A0032,2,3,1.2989120108999181,0.3505439945500409,0.9,66.0,198.0,0.44683213680319206,1.3404964104095762,88.47276308703202,1.2747683376317613,93.48122863307572,0.0657280727778149,-5.008465546043695
candidate-00117,A0012;A0022;A0032,2,3,1.2989120108999181,0.3505439945500409,0.95,69.66666666666666,208.99999999999997,0.4960261653211334,1.4880784959634004,103.66946855211687,1.2747683376317613,93.48122863307572,0.21331015833163902,10.188239919041152
candidate-00118,A0012;A0022;A0032,2,3,1.2989120108999181,0.3505439945500409,1.0,73.33333333333333,220.0,0.545297254328965,1.635891762986895,119.9653959523723,1.2747683376317613,93.48122863307572,0.36112342535513364,26.48416731929659
candidate-00119,A0012;A0022;A0032,2,3,1.2989120108999181,0.3505439945500409,1.05,77.0,231.0,0.5936970257928382,1.7810910773785147,137.14401295814562,1.2747683376317613,93.48122863307572,0.5063227397467533,43.66278432506991
candidate-00120,A0012;A0022;A0032,2,3,1.2989120108999181,0.3505439945500409,1.1,80.66666666666667,242.0,0.6403429259789551,1.9210287779368653,154.96298808690713,1.2747683376317613,93.48122863307572,0.646260440305104,61.481759453831415
candidate-00121,A0012;A0022;A0462,2,3,1.2989120108999181,0.3505439945500409,0.9,66.0,198.0,0.44683213680319206,1.3404964104095762,88.47276308703202,1.2747683376317613,93.48122863307572,0.0657280727778149,-5.008465546043695
candidate-00122,A0012;A0022;A0462,2,3,1.2989120108999181,0.3505439945500409,0.95,69.66666666666666,208.99999999999997,0.4960261653211334,1.4880784959634004,103.66946855211687,1.2747683376317613,93.48122863307572,0.21331015833163902,10.188239919041152
candidate-00123,A0012;A0022;A0462,2,3,1.2989120108999181,0.3505439945500409,1.0,73.33333333333333,220.0,0.545297254328965,1.635891762986895,119.9653959523723,1.2747683376317613,93.48122863307572,0.36112342535513364,26.48416731929659
candidate-00124,A0012;A0022;A0462,2,3,1.2989120108999181,0.3505439945500409,1.05,77.0,231.0,0.5936970257928382,1.7810910773785147,137.14401295814562,1.2747683376317613,93.48122863307572,0.5063227397467533,43.66278432506991
candidate-00125,A0012;A0022;A0462,2,3,1.2989120108999181,0.3505439945500409,1.1,80.66666666666667,242.0,0.6403429259789551,1.9210287779368653,154.96298808690713,1.2747683376317613,93.48122863307572,0.646260440305104,61.481759453831415
candidate-00126,A0012;A0023;A0032,2,3,1.651401939544428,0.17429903022778603,0.9,66.15,198.45000000000002,0.4154302072180666,1.2462906216541998,82.44212462242533,1.2784446127369296,93.96567903616432,-0.03215399108272976,-11.523554413738992
candidate-00127,A0012;A0023;A0032,2,3,1.651401939544428,0.17429903022778603,0.95,69.825,209.47500000000002,0.4641790588624856,1.3925371765874568,97.23390835521919,1.2784446127369296,93.96567903616432,0.11409256385052724,3.2682293190548677
candidate-00128,A0012;A0023;A0032,2,3,1.651401939544428,0.17429903022778603,1.0,73.5,220.5,0.5136221863991207,1.540866559197362,113.25369210100612,1.2784446127369296,93.96567903616432,0.2624219464604325,19.288013064841806
candidate-00129,A0012;A0023;A0032,2,3,1.651401939544428,0.17429903022778603,1.05,77.175,231.52499999999998,0.5628001370632507,1.6884004111897521,130.3023017335691,1.2784446127369296,93.96567903616432,0.4099557984528226,36.33662269740478
candidate-00130,A0012;A0023;A0032,2,3,1.651401939544428,0.17429903022778603,1.1,80.85000000000001,242.55,0.6107738015651325,1.8323214046953975,148.1431855696229,1.2784446127369296,93.96567903616432,0.553876791958468,54.17750653345857
candidate-00131,A0012;A0023;A0462,2,3,1.651401939544428,0.17429903022778603,0.9,66.15,198.45000000000002,0.4154302072180666,1.2462906216541998,82.44212462242533,1.2784446127369296,93.96567903616432,-0.03215399108272976,-11.523554413738992
candidate-00132,A0012;A0023;A0462,2,3,1.651401939544428,0.17429903022778603,0.95,69.825,209.47500000000002,0.4641790588624856,1.3925371765874568,97.23390835521919,1.2784446127369296,93.96567903616432,0.11409256385052724,3.2682293190548677
candidate-00133,A0012;A0023;A0462,2,3,1.651401939544428,0.17429903022778603,1.0,73.5,220.5,0.5136221863991207,1.540866559197362,113.25369210100612,1.2784446127369296,93.96567903616432,0.2624219464604325,19.288013064841806
candidate-00134,A0012;A0023;A0462,2,3,1.651401939544428,0.17429903022778603,1.05,77.175,231.52499999999998,0.5628001370632507,1.6884004111897521,130.3023017335691,1.2784446127369296,93.96567903616432,0.4099557984528226,36.33662269740478
candidate-00135,A0012;A0023;A0462,2,3,1.651401939544428,0.17429903022778603,1.1,80.85000000000001,242.55,0.6107738015651325,1.8323214046953975,148.1431855696229,1.2784446127369296,93.96567903616432,0.553876791958468,54.17750653345857
candidate-00136,A0012;A0032;A0036,2,3,1.617747672099576,0.19112616395021198,0.9,66.15,198.45000000000002,0.4089818555484524,1.2269455666453573,81.16244923359038,1.2498217788359474,91.86190074444212,-0.022876212190590106,-10.699451510851745
candidate-00137,A0012;A0032;A0036,2,3,1.617747672099576,0.19112616395021198,0.95,69.825,209.47500000000002,0.4575663100397801,1.3726989301193404,95.84870279558295,1.2498217788359474,91.86190074444212,0.12287715128339305,3.9868020511408275
candidate-00138,A0012;A0032;A0036,2,3,1.617747672099576,0.19112616395021198,1.0,73.5,220.5,0.5069715130695336,1.5209145392086008,111.78721863183216,1.2498217788359474,91.86190074444212,0.2710927603726534,19.925317887390037
candidate-00139,A0012;A0032;A0036,2,3,1.617747672099576,0.19112616395021198,1.05,77.175,231.52499999999998,0.5562409311630349,1.6687227934891045,128.78368158752164,1.2498217788359474,91.86190074444212,0.4189010146531571,36.92178084307952
candidate-00140,A0012;A0032;A0036,2,3,1.617747672099576,0.19112616395021198,1.1,80.85000000000001,242.55,0.6044284561178548,1.8132853683535644,146.60412203138569,1.2498217788359474,91.86190074444212,0.563463589517617,54.74222128694356
candidate-00141,A0012;A0036;A0462,2,3,1.617747672099576,0.19112616395021198,0.9,66.15,198.45000000000002,0.4089818555484524,1.2269455666453573,81.16244923359038,1.2498217788359474,91.86190074444212,-0.022876212190590106,-10.699451510851745
candidate-00142,A0012;A0036;A0462,2,3,1.617747672099576,0.19112616395021198,0.95,69.825,209.47500000000002,0.4575663100397801,1.3726989301193404,95.84870279558295,1.2498217788359474,91.86190074444212,0.12287715128339305,3.9868020511408275
candidate-00143,A0012;A0036;A0462,2,3,1.617747672099576,0.19112616395021198,1.0,73.5,220.5,0.5069715130695336,1.5209145392086008,111.78721863183216,1.2498217788359474,91.86190074444212,0.2710927603726534,19.925317887390037
candidate-00144,A0012;A0036;A0462,2,3,1.617747672099576,0.19112616395021198,1.05,77.175,231.52499999999998,0.5562409311630349,1.6687227934891045,128.78368158752164,1.2498217788359474,91.86190074444212,0.4189010146531571,36.92178084307952
candidate-00145,A0012;A0036;A0462,2,3,1.617747672099576,0.19112616395021198,1.1,80.85000000000001,242.55,0.6044284561178548,1.8132853683535644,146.60412203138569,1.2498217788359474,91.86190074444212,0.563463589517617,54.74222128694356
candidate-00146,A0012;A0032;A0462,2,3,0.9469734584725891,0.5265132707637055,0.9,66.15,198.45000000000002,0.47414944238439355,1.4224483271531807,94.0949568411829,1.263207800308292,92.84577332265947,0.15924052684488865,1.249183518523438
candidate-00147,A0012;A0032;A0462,2,3,0.9469734584725891,0.5265132707637055,0.95,69.825,209.47500000000002,0.5236167591067407,1.570850277320222,109.6846206138845,1.263207800308292,92.84577332265947,0.3076424770119299,16.838847291225036
candidate-00148,A0012;A0032;A0462,2,3,0.9469734584725891,0.5265132707637055,1.0,73.5,220.5,0.5726250174648924,1.717875052394677,126.26381635100877,1.263207800308292,92.84577332265947,0.45466725208638503,33.4180430283493
candidate-00149,A0012;A0032;A0462,2,3,0.9469734584725891,0.5265132707637055,1.05,77.175,231.52499999999998,0.6202480420396296,1.8607441261188886,143.60292793322523,1.263207800308292,92.84577332265947,0.5975363258105966,50.75715461056576
candidate-00150,A0012;A0032;A0462,2,3,0.9469734584725891,0.5265132707637055,1.1,80.85000000000001,242.55,0.6656627754777228,1.9969883264331685,161.45650619212168,1.263207800308292,92.84577332265947,0.7337805261248764,68.61073286946221
candidate-00151,A0012;A0022;A0023;A0032,2,4,1.9225922216526956,0.35913592611576817,0.9,66.03750000000001,264.15000000000003,0.4469218033964163,1.7876872135856652,118.05439436716338,1.7069329784544267,125.24532973354161,0.08075423513123847,-7.190935366378227
candidate-00152,A0012;A0022;A0023;A0032,2,4,1.9225922216526956,0.35913592611576817,0.95,69.70625,278.825,0.4961449141125365,1.984579656450146,138.33760567742797,1.7069329784544267,125.24532973354161,0.2776466779957192,13.092275943886364
candidate-00153,A0012;A0022;A0023;A0032,2,4,1.9225922216526956,0.35913592611576817,1.0,73.375,293.5,0.5454428672460938,2.1817714689843752,160.08748153672855,1.7069329784544267,125.24532973354161,0.47483849052994853,34.84215180318694
candidate-00154,A0012;A0022;A0023;A0032,2,4,1.9225922216526956,0.35913592611576817,1.05,77.04375,308.175,0.5938657608414117,2.375463043365647,183.01458084730206,1.7069329784544267,125.24532973354161,0.6685300649112202,57.76925111376045
candidate-00155,A0012;A0022;A0023;A0032,2,4,1.9225922216526956,0.35913592611576817,1.1,80.7125,322.85,0.6405298683898049,2.5621194735592194,206.7950680096485,1.7069329784544267,125.24532973354161,0.8551864951047927,81.5497382761069
candidate-00156,A0012;A0022;A0023;A0462,2,4,1.9225922216526956,0.35913592611576817,0.9,66.03750000000001,264.15000000000003,0.4469218033964163,1.7876872135856652,118.05439436716338,1.7069329784544267,125.24532973354161,0.08075423513123847,-7.190935366378227
candidate-00157,A0012;A0022;A0023;A0462,2,4,1.9225922216526956,0.35913592611576817,0.95,69.70625,278.825,0.4961449141125365,1.984579656450146,138.33760567742797,1.7069329784544267,125.24532973354161,0.2776466779957192,13.092275943886364
candidate-00158,A0012;A0022;A0023;A0462,2,4,1.9225922216526956,0.35913592611576817,1.0,73.375,293.5,0.5454428672460938,2.1817714689843752,160.08748153672855,1.7069329784544267,125.24532973354161,0.47483849052994853,34.84215180318694
candidate-00159,A0012;A0022;A0023;A0462,2,4,1.9225922216526956,0.35913592611576817,1.05,77.04375,308.175,0.5938657608414117,2.375463043365647,183.01458084730206,1.7069329784544267,125.24532973354161,0.6685300649112202,57.76925111376045
candidate-00160,A0012;A0022;A0023;A0462,2,4,1.9225922216526956,0.35913592611576817,1.1,80.7125,322.85,0.6405298683898049,2.5621194735592194,206.7950680096485,1.7069329784544267,125.24532973354161,0.8551864951047927,81.5497382761069
candidate-00161,A0011;A0012;A0022;A0036,2,4,1.5969510752751663,0.4676829749082779,0.9,66.03750000000001,264.15000000000003,0.45770438672879954,1.8308175469151982,120.90261375441241,1.659661212117077,121.77085490774641,0.1711563347981211,-0.8682411533339973
candidate-00162,A0011;A0012;A0022;A0036,2,4,1.5969510752751663,0.4676829749082779,0.95,69.70625,278.825,0.5070263802011222,2.028105520804489,141.3716304595779,1.659661212117077,121.77085490774641,0.36844430868741185,19.600775551831475
candidate-00163,A0011;A0012;A0022;A0036,2,4,1.5969510752751663,0.4676829749082779,1.0,73.375,293.5,0.5562119825766165,2.224847930306466,163.24821688623695,1.659661212117077,121.77085490774641,0.565186718189389,41.477361978490535
candidate-00164,A0011;A0012;A0022;A0036,2,4,1.5969510752751663,0.4676829749082779,1.05,77.04375,308.175,0.6043198861200237,2.417279544480095,186.2362809050383,1.659661212117077,121.77085490774641,0.7576183323630179,64.4654259972919
candidate-00165,A0011;A0012;A0022;A0036,2,4,1.5969510752751663,0.4676829749082779,1.1,80.7125,322.85,0.6504897570449905,2.601959028179962,210.01061806197518,1.659661212117077,121.77085490774641,0.9422978160628848,88.23976315422877
candidate-00166,A0012;A0022;A0032;A0036,2,4,1.9696862245269051,0.34343792515769833,0.9,66.03750000000001,264.15000000000003,0.43637551024734517,1.7455020409893807,115.26859103183624,1.6783101445534447,123.14155144181944,0.06719189643593593,-7.872960409983207
candidate-00167,A0012;A0022;A0032;A0036,2,4,1.9696862245269051,0.34343792515769833,0.95,69.70625,278.825,0.4854566053151121,1.9418264212604484,135.35743797698612,1.6783101445534447,123.14155144181944,0.2635162767070036,12.215886535166675
candidate-00168,A0012;A0022;A0032;A0036,2,4,1.9696862245269051,0.34343792515769833,1.0,73.375,293.5,0.5348198250677227,2.139279300270891,156.96961865737663,1.6783101445534447,123.14155144181944,0.46096915571744623,33.82806721555718
candidate-00169,A0012;A0022;A0032;A0036,2,4,1.9696862245269051,0.34343792515769833,1.05,77.04375,308.175,0.5835102617813508,2.334041047125403,179.8232749244678,1.6783101445534447,123.14155144181944,0.6557309025719584,56.68172348264835
candidate-00170,A0012;A0022;A0032;A0036,2,4,1.9696862245269051,0.34343792515769833,1.1,80.7125,322.85,0.6306241418507105,2.522496567402842,203.5970041965019,1.6783101445534447,123.14155144181944,0.8441864228493972,80.45545275468245
candidate-00171,A0012;A0022;A0036;A0462,2,4,1.9696862245269051,0.34343792515769833,0.9,66.03750000000001,264.15000000000003,0.43637551024734517,1.7455020409893807,115.26859103183624,1.6783101445534447,123.14155144181944,0.06719189643593593,-7.872960409983207
candidate-00172,A0012;A0022;A0036;A0462,2,4,1.9696862245269051,0.34343792515769833,0.95,69.70625,278.825,0.4854566053151121,1.9418264212604484,135.35743797698612,1.6783101445534447,123.14155144181944,0.2635162767070036,12.215886535166675
candidate-00173,A0012;A0022;A0036;A0462,2,4,1.9696862245269051,0.34343792515769833,1.0,73.375,293.5,0.5348198250677227,2.139279300270891,156.96961865737663,1.6783101445534447,123.14155144181944,0.46096915571744623,33.82806721555718
candidate-00174,A0012;A0022;A0036;A0462,2,4,1.9696862245269051,0.34343792515769833,1.05,77.04375,308.175,0.5835102617813508,2.334041047125403,179.8232749244678,1.6783101445534447,123.14155144181944,0.6557309025719584,56.68172348264835
candidate-00175,A0012;A0022;A0036;A0462,2,4,1.9696862245269051,0.34343792515769833,1.1,80.7125,322.85,0.6306241418507105,2.522496567402842,203.5970041965019,1.6783101445534447,123.14155144181944,0.8441864228493972,80.45545275468245
candidate-00176,A0012;A0022;A0032;A0462,2,4,1.2989120108999181,0.5670293297000273,0.9,66.03750000000001,264.15000000000003,0.48700302901947407,1.9480121160778963,128.6418501154941,1.6916961660257894,124.12542402003677,0.25631595005210683,4.516426095457319
candidate-00177,A0012;A0022;A0032;A0462,2,4,1.2989120108999181,0.5670293297000273,0.95,69.70625,278.825,0.5363595816500871,2.1454383266003485,149.55046035358555,1.6916961660257894,124.12542402003677,0.4537421605745591,25.425036333548775
candidate-00178,A0012;A0022;A0032;A0462,2,4,1.2989120108999181,0.5670293297000273,1.0,73.375,293.5,0.5850139068138452,2.340055627255381,171.70158164986358,1.6916961660257894,124.12542402003677,0.6483594612295915,47.57615762982681
candidate-00179,A0012;A0022;A0032;A0462,2,4,1.2989120108999181,0.5670293297000273,1.05,77.04375,308.175,0.6320649463000724,2.5282597852002895,194.78661482602482,1.6916961660257894,124.12542402003677,0.8365636191745001,70.66119080598804
candidate-00180,A0012;A0022;A0032;A0462,2,4,1.2989120108999181,0.5670293297000273,1.1,80.7125,322.85,0.6767291971561697,2.706916788624679,218.48202130186942,1.6916961660257894,124.12542402003677,1.0152206225988896,94.35659728183265
candidate-00181,A0012;A0023;A0032;A0462,2,4,1.651401939544428,0.449532686818524,0.9,66.15,264.6,0.4628694240073273,1.8514776960293091,122.47524959233881,1.6953724411309576,124.60987442312538,0.15610525489835148,-2.1346248307865636
candidate-00182,A0012;A0023;A0032;A0462,2,4,1.651401939544428,0.449532686818524,0.95,69.825,279.3,0.5123064296346206,2.0492257185384823,143.08718579694954,1.6953724411309576,124.60987442312538,0.3538532774075247,18.477311373824165
candidate-00183,A0012;A0023;A0032;A0462,2,4,1.651401939544428,0.449532686818524,1.0,73.5,294.0,0.5615038392271975,2.24601535690879,165.08212873279606,1.6953724411309576,124.60987442312538,0.5506429157778323,40.47225430967069
candidate-00184,A0012;A0023;A0032;A0462,2,4,1.651401939544428,0.449532686818524,1.05,77.175,308.7,0.6095210561369923,2.438084224547969,188.1591500294895,1.6953724411309576,124.60987442312538,0.7427117834170114,63.54927560636412
candidate-00185,A0012;A0023;A0032;A0462,2,4,1.651401939544428,0.449532686818524,1.1,80.85000000000001,323.40000000000003,0.6555061260423422,2.6220245041693686,211.99068116209347,1.6953724411309576,124.60987442312538,0.926652063038411,87.38080673896809
candidate-00186,A0012;A0032;A0036;A0462,2,4,1.617747672099576,0.460750775966808,0.9,66.15,264.6,0.45792799250970995,1.8317119700388398,121.16774681806926,1.6667496072299754,122.50609613140318,0.16496236280886434,-1.3383493133339215
candidate-00187,A0012;A0032;A0036;A0462,2,4,1.617747672099576,0.460750775966808,0.95,69.825,279.3,0.5073357224008603,2.0293428896034413,141.69886726656028,1.6667496072299754,122.50609613140318,0.3625932823734659,19.192771135157102
candidate-00188,A0012;A0032;A0036;A0462,2,4,1.617747672099576,0.460750775966808,1.0,73.5,294.0,0.5566005765596991,2.2264023062387963,163.64056950855152,1.6667496072299754,122.50609613140318,0.5596526990088209,41.13447337714834
candidate-00189,A0012;A0032;A0036;A0462,2,4,1.617747672099576,0.460750775966808,1.05,77.175,308.7,0.6047767964606912,2.4191071858427646,186.69459706741534,1.6667496072299754,122.50609613140318,0.7523575786127892,64.18850093601216
candidate-00190,A0012;A0032;A0036;A0462,2,4,1.617747672099576,0.460750775966808,1.1,80.85000000000001,323.40000000000003,0.6510006710928612,2.6040026843714448,210.53361703143133,1.6667496072299754,122.50609613140318,0.9372530771414693,88.02752090002815
candidate-00191,A0012;A0022;A0023;A0032;A0462,2,5,1.9225922216526956,0.5193519445868261,0.9,66.06,330.3,0.47266628017592205,2.36333140087961,156.12167234210705,2.123860806848455,155.88952512050267,0.23947059403115523,0.23214722160437873
candidate-00192,A0012;A0022;A0023;A0032;A0462,2,5,1.9225922216526956,0.5193519445868261,0.95,69.73,348.65000000000003,0.5220652766210901,2.6103263831054506,182.0180586939431,2.123860806848455,155.88952512050267,0.4864655762569958,26.12853357344042
candidate-00193,A0012;A0022;A0023;A0032;A0462,2,5,1.9225922216526956,0.5193519445868261,1.0,73.4,367.0,0.5710364105260651,2.8551820526303255,209.5703626630659,2.123860806848455,155.88952512050267,0.7313212457818707,53.68083754256324
candidate-00194,A0012;A0022;A0023;A0032;A0462,2,5,1.9225922216526956,0.5193519445868261,1.05,77.07000000000001,385.35,0.6186550244718209,3.0932751223591044,238.3987136802162,2.123860806848455,155.88952512050267,0.9694143155106496,82.50918855971352
candidate-00195,A0012;A0022;A0023;A0032;A0462,2,5,1.9225922216526956,0.5193519445868261,1.1,80.74000000000001,403.70000000000005,0.6640970133001327,3.3204850665006633,268.0959642692636,2.123860806848455,155.88952512050267,1.1966242596522085,112.20643914876095
candidate-00196,A0012;A0022;A0032;A0036;A0462,2,5,1.9696862245269051,0.5075784438682738,0.9,66.06,330.3,0.46401988568835656,2.320099428441783,153.26576824286417,2.095237972947473,153.7857468287805,0.22486145549431003,-0.5199785859163342
candidate-00197,A0012;A0022;A0032;A0036;A0462,2,5,1.9696862245269051,0.5075784438682738,0.95,69.73,348.65000000000003,0.5133949965417848,2.566974982708924,178.9951655442933,2.095237972947473,153.7857468287805,0.4717370097614513,25.209418715512783
candidate-00198,A0012;A0022;A0032;A0036;A0462,2,5,1.9696862245269051,0.5075784438682738,1.0,73.4,367.0,0.562510051253246,2.8125502562662303,206.4411888099413,2.095237972947473,153.7857468287805,0.7173122833187575,52.655441981160806
candidate-00199,A0012;A0022;A0032;A0036;A0462,2,5,1.9696862245269051,0.5075784438682738,1.05,77.07000000000001,385.35,0.610429446664915,3.0521472333245754,235.22898727232504,2.095237972947473,153.7857468287805,0.9569092603771026,81.44324044354454
candidate-00200,A0012;A0022;A0032;A0036;A0462,2,5,1.9696862245269051,0.5075784438682738,1.1,80.74000000000001,403.70000000000005,0.6563070777626997,3.2815353888134986,264.95116729280187,2.095237972947473,153.7857468287805,1.1862974158660258,111.16542046402137
candidate-00201,A0013;A0019,2,2,0.36976110587087585,0.6302388941291241,0.9,66.15,132.3,0.4450987972993928,0.8901975945987856,58.88657088270967,0.806383868705101,59.26921434982492,0.08381372589368452,-0.3826434671152512
candidate-00202,A0013;A0019,2,2,0.36976110587087585,0.6302388941291241,0.95,69.825,139.65,0.49438475659583775,0.9887695131916755,69.04083125860875,0.806383868705101,59.26921434982492,0.18238564448657446,9.771616908783827
candidate-00203,A0013;A0019,2,2,0.36976110587087585,0.6302388941291241,1.0,73.5,147.0,0.5437800920101112,1.0875601840202225,79.93567352548635,0.806383868705101,59.26921434982492,0.28117631531512144,20.66645917566143
candidate-00204,A0013;A0019,2,2,0.36976110587087585,0.6302388941291241,1.05,77.175,154.35,0.5923290291016098,1.1846580582032196,91.42598564183346,0.806383868705101,59.26921434982492,0.37827418949811853,32.15677129200854
candidate-00205,A0013;A0019,2,2,0.36976110587087585,0.6302388941291241,1.1,80.85000000000001,161.70000000000002,0.6391400713429196,1.2782801426858392,103.34894953615012,0.806383868705101,59.26921434982492,0.4718962739807382,44.079735186325195
candidate-00206,A0015;A0020,2,2,0.22678929773463202,0.773210702265368,0.9,66.60000000000001,133.20000000000002,0.5081033880969391,1.0162067761938782,67.6793712945123,0.8929031625022921,66.07483402516962,0.12330361369158616,1.6045372693426714
candidate-00207,A0015;A0020,2,2,0.22678929773463202,0.773210702265368,0.95,70.3,140.6,0.5576907845603137,1.1153815691206275,78.4113243091801,0.8929031625022921,66.07483402516962,0.2224784066183354,12.33649028401048
candidate-00208,A0015;A0020,2,2,0.22678929773463202,0.773210702265368,1.0,74.0,148.0,0.6061540903959166,1.2123081807918332,89.71080537859567,0.8929031625022921,66.07483402516962,0.31940501828954115,23.635971353426044
candidate-00209,A0015;A0020,2,2,0.22678929773463202,0.773210702265368,1.05,77.7,155.4,0.6526149643123687,1.3052299286247373,101.4163654541421,0.8929031625022921,66.07483402516962,0.41232676612244523,35.34153142897247
candidate-00210,A0015;A0020,2,2,0.22678929773463202,0.773210702265368,1.1,81.4,162.8,0.6963406751002276,1.3926813502004551,113.36426190631705,0.8929031625022921,66.07483402516962,0.49977818769816307,47.28942788114743
candidate-00211,A0015;A0026,2,2,0.7295071593514735,0.2704928406485265,0.9,66.60000000000001,133.20000000000002,0.4422600031271488,0.8845200062542976,58.90903241653623,0.89884119910668,66.51424873389432,-0.014321192852382425,-7.605216317358092
candidate-00212,A0015;A0026,2,2,0.7295071593514735,0.2704928406485265,0.95,70.3,140.6,0.491846748199049,0.983693496398098,69.15365279678629,0.89884119910668,66.51424873389432,0.08485229729141797,2.6394040628919697
candidate-00213,A0015;A0026,2,2,0.7295071593514735,0.2704928406485265,1.0,74.0,148.0,0.5415944372930144,1.0831888745860287,80.15597671936612,0.89884119910668,66.51424873389432,0.18434767547934872,13.641727985471803
candidate-00214,A0015;A0026,2,2,0.7295071593514735,0.2704928406485265,1.05,77.7,155.4,0.5905264698108472,1.1810529396216944,91.76781340860566,0.89884119910668,66.51424873389432,0.2822117405150144,25.253564674711342
candidate-00215,A0015;A0026,2,2,0.7295071593514735,0.2704928406485265,1.1,81.4,162.8,0.637729085427414,1.275458170854828,103.82229510758302,0.89884119910668,66.51424873389432,0.376616971748148,37.3080463736887
candidate-00216,A0015;A0020;A0026,2,3,0.7648232221388522,0.6175883889305739,0.9,66.60000000000001,199.8,0.5087655820918939,1.5262967462756818,101.65136330196042,1.3303885411076992,98.44875204196975,0.19590820516798257,3.202611259990661
candidate-00217,A0015;A0020;A0026,2,3,0.7648232221388522,0.6175883889305739,0.95,70.3,210.89999999999998,0.5583442486373129,1.6750327459119387,117.75480203760928,1.3303885411076992,98.44875204196975,0.3446442048042395,19.306049995639526
candidate-00218,A0015;A0020;A0026,2,3,0.7648232221388522,0.6175883889305739,1.0,74.0,222.0,0.6067864380154925,1.8203593140464776,134.70658923943932,1.3303885411076992,98.44875204196975,0.48997077293877833,36.25783719746957
candidate-00219,A0015;A0020;A0026,2,3,0.7648232221388522,0.6175883889305739,1.05,77.7,233.10000000000002,0.6532153926759752,1.9596461780279255,152.26450803276984,1.3303885411076992,98.44875204196975,0.6292576369202263,53.815755990800085
candidate-00220,A0015;A0020;A0026,2,3,0.7648232221388522,0.6175883889305739,1.1,81.4,244.20000000000002,0.6969006275653751,2.0907018826961252,170.1831332514646,1.3303885411076992,98.44875204196975,0.760313341588426,71.73438120949484
candidate-00221,A0014;A0015;A0020,2,3,1.120528692234515,0.4397356538827425,0.9,66.60000000000001,199.8,0.48800919143690963,1.464027574310729,97.50423644909455,1.3502884790838239,99.92134745220295,0.11373909522690506,-2.4171110031084027
candidate-00222,A0014;A0015;A0020,2,3,1.120528692234515,0.4397356538827425,0.95,70.3,210.89999999999998,0.5377795102945205,1.6133385308835617,113.41769872111436,1.3502884790838239,99.92134745220295,0.26305005179973784,13.496351268911411
candidate-00223,A0014;A0015;A0020,2,3,1.120528692234515,0.4397356538827425,1.0,74.0,222.0,0.5868080876323485,1.7604242628970455,130.27139545438138,1.3502884790838239,99.92134745220295,0.4101357838132216,30.350048002178426
candidate-00224,A0014;A0015;A0020,2,3,1.120528692234515,0.4397356538827425,1.05,77.7,233.10000000000002,0.6341738049501945,1.9025214148505833,147.82591393389035,1.3502884790838239,99.92134745220295,0.5522329357667595,47.9045664816874
candidate-00225,A0014;A0015;A0020,2,3,1.120528692234515,0.4397356538827425,1.1,81.4,244.20000000000002,0.6790792790838719,2.037237837251616,165.83115995228152,1.3502884790838239,99.92134745220295,0.6869493581677919,65.90981250007857
candidate-00226,A0016;A0124,2,2,0.479334865310452,0.520665134689548,0.9,66.60000000000001,133.20000000000002,0.41205779919163227,0.8241155983832645,54.886098852325425,0.7720534791185077,57.13195745476958,0.05206211926475679,-2.2458586024441516
candidate-00227,A0016;A0124,2,2,0.479334865310452,0.520665134689548,0.95,70.3,140.6,0.4610575383609517,0.9221150767219034,64.8246898935498,0.7720534791185077,57.13195745476958,0.15006159760339566,7.692732438780226
candidate-00228,A0016;A0124,2,2,0.479334865310452,0.520665134689548,1.0,74.0,148.0,0.5108215800315281,1.0216431600630562,75.60159384466616,0.7720534791185077,57.13195745476958,0.24958968094454848,18.46963638989658
candidate-00229,A0016;A0124,2,2,0.479334865310452,0.520665134689548,1.05,77.7,155.4,0.5603720481101845,1.120744096220369,87.08181627632267,0.7720534791185077,57.13195745476958,0.3486906171018612,29.949858821553093
candidate-00230,A0016;A0124,2,2,0.479334865310452,0.520665134689548,1.1,81.4,162.8,0.6087476767248534,1.2174953534497068,99.10412177080615,0.7720534791185077,57.13195745476958,0.4454418743311991,41.97216431603657
candidate-00231,A0017;A0027,2,2,0.5735668723787288,0.42643312762127117,0.9,66.15,132.3,0.4268601149548968,0.8537202299097936,56.47359320853285,0.8247097900761028,60.616169570593556,0.029010439833690782,-4.142576362060709
candidate-00232,A0017;A0027,2,2,0.5735668723787288,0.42643312762127117,0.95,69.825,139.65,0.47585839606018315,0.9517167921203663,66.45362500980458,0.8247097900761028,60.616169570593556,0.12700700204426352,5.837455439211027
candidate-00233,A0017;A0027,2,2,0.5735668723787288,0.42643312762127117,1.0,73.5,147.0,0.525325890673852,1.050651781347704,77.22290592905625,0.8247097900761028,60.616169570593556,0.2259419912716013,16.606736358462697
candidate-00234,A0017;A0027,2,2,0.5735668723787288,0.42643312762127117,1.05,77.175,154.35,0.5743012686080398,1.1486025372160795,88.64340080965093,0.8247097900761028,60.616169570593556,0.32389274713997673,28.02723123905737
candidate-00235,A0017;A0027,2,2,0.5735668723787288,0.42643312762127117,1.1,80.85000000000001,161.70000000000002,0.6218608529595907,1.2437217059191814,100.55489992356583,0.8247097900761028,60.616169570593556,0.4190119158430786,39.93873035297227
candidate-00236,A0017;A0356,2,2,0.7946628535983058,0.2053371464016942,0.9,66.15,132.3,0.4114388415340331,0.8228776830680662,54.433358734952584,0.8531204283610757,62.70435148453906,-0.03024274529300952,-8.270992749586476
candidate-00237,A0017;A0356,2,2,0.7946628535983058,0.2053371464016942,0.95,69.825,139.65,0.4600879559134064,0.9201759118268128,64.25128304330721,0.8531204283610757,62.70435148453906,0.06705548346573709,1.5469315587681507
candidate-00238,A0017;A0356,2,2,0.7946628535983058,0.2053371464016942,1.0,73.5,147.0,0.5095096849811915,1.019019369962383,74.89792369223515,0.8531204283610757,62.70435148453906,0.16589894160130736,12.193572207696093
candidate-00239,A0017;A0356,2,2,0.7946628535983058,0.2053371464016942,1.05,77.175,154.35,0.5587462235527744,1.1174924471055487,86.24247960537072,0.8531204283610757,62.70435148453906,0.264372018744473,23.538128120831658
candidate-00240,A0017;A0356,2,2,0.7946628535983058,0.2053371464016942,1.1,80.85000000000001,161.70000000000002,0.6068539815057038,1.2137079630114076,98.12828880947231,0.8531204283610757,62.70435148453906,0.3605875346503319,35.42393732493325
candidate-00241,A0011;A0017;A0027,2,3,1.2020292893119318,0.3989853553440341,0.9,66.15,198.45000000000002,0.43803651617911127,1.3141095485373337,86.92834663574465,1.2229886860337633,89.8896684234816,0.09112086250357043,-2.9613217877369493
candidate-00242,A0011;A0017;A0027,2,3,1.2020292893119318,0.3989853553440341,0.95,69.825,209.47500000000002,0.48722710397653907,1.4616813119296173,102.06189760548553,1.2229886860337633,89.8896684234816,0.23869262589585394,12.172229182003932
candidate-00243,A0011;A0017;A0027,2,3,1.2020292893119318,0.3989853553440341,1.0,73.5,220.5,0.5366663579940361,1.6099990739821082,118.33493193768496,1.2229886860337633,89.8896684234816,0.38701038794834486,28.44526351420336
candidate-00244,A0011;A0017;A0027,2,3,1.2020292893119318,0.3989853553440341,1.05,77.175,231.52499999999998,0.5853951237869657,1.756185371360897,135.53360603477722,1.2229886860337633,89.8896684234816,0.5331966853271337,45.64393761129563
candidate-00245,A0011;A0017;A0027,2,3,1.2020292893119318,0.3989853553440341,1.1,80.85000000000001,242.55,0.632508385188751,1.897525155566253,153.41490882753155,1.2229886860337633,89.8896684234816,0.6745364695324896,63.52524040404995
candidate-00246,A0017;A0027;A0356,2,3,1.2015091071658848,0.3992454464170576,0.9,66.15,198.45000000000002,0.4509330691135055,1.3527992073405164,89.48766756557518,1.2609273686106877,92.67816159288554,0.09187183872982874,-3.190494027310365
candidate-00247,A0017;A0027;A0356,2,3,1.2015091071658848,0.3992454464170576,0.95,69.825,209.47500000000002,0.5002826168596967,1.50084785057909,104.79670116668497,1.2609273686106877,92.67816159288554,0.23992048196840243,12.118539573799424
candidate-00248,A0017;A0027;A0356,2,3,1.2015091071658848,0.3992454464170576,1.0,73.5,220.5,0.5496266589876742,1.6488799769630225,121.19267830678216,1.2609273686106877,92.67816159288554,0.3879526083523348,28.51451671389661
candidate-00249,A0017;A0027;A0356,2,3,1.2015091071658848,0.3992454464170576,1.05,77.175,231.52499999999998,0.5980133630400527,1.7940400891201582,138.4550438778482,1.2609273686106877,92.67816159288554,0.5331127205094706,45.77688228496265
candidate-00250,A0017;A0027;A0356,2,3,1.2015091071658848,0.3992454464170576,1.1,80.85000000000001,242.55,0.6445633657939869,1.9336900973819606,156.3388443733315,1.2609273686106877,92.67816159288554,0.672762728771273,63.66068278044597
candidate-00251,A0020;A0026,2,2,0.5380339244042202,0.46196607559577985,0.9,66.60000000000001,133.20000000000002,0.45338271822953263,0.9067654364590653,60.39057806817375,0.8690327206064266,64.30842132487555,0.03773271585263871,-3.9178432567018007
candidate-00252,A0020;A0026,2,2,0.5380339244042202,0.46196607559577985,0.95,70.3,140.6,0.5030916556310104,1.0061833112620209,70.73468678172006,0.8690327206064266,64.30842132487555,0.13715059065559432,6.426265456844504
candidate-00253,A0020;A0026,2,2,0.5380339244042202,0.46196607559577985,1.0,74.0,148.0,0.5527395504325644,1.1054791008651288,81.80545346401954,0.8690327206064266,64.30842132487555,0.23644638025870224,17.497032139143982
candidate-00254,A0020;A0026,2,2,0.5380339244042202,0.46196607559577985,1.05,77.7,155.4,0.6013575726249328,1.2027151452498657,93.45096678591456,0.8690327206064266,64.30842132487555,0.3336824246434391,29.142545461039006
candidate-00255,A0020;A0026,2,2,0.5380339244042202,0.46196607559577985,1.1,81.4,162.8,0.6480557458121775,1.296111491624355,105.50347541822251,0.8690327206064266,64.30842132487555,0.42707877101792846,41.195054093346954
candidate-00256,A0022;A0023,2,2,0.65341879971867,0.34658120028133,0.9,65.925,131.85,0.4345039623603771,0.8690079247207542,57.28934743721572,0.8606530065401627,63.043751797843214,0.00835491818059142,-5.754404360627497
candidate-00257,A0022;A0023,2,2,0.65341879971867,0.34658120028133,0.95,69.58749999999999,139.17499999999998,0.48347104760883536,0.9669420952176707,67.28708305095965,0.8606530065401627,63.043751797843214,0.10628908867750797,4.2433312531164376
candidate-00258,A0022;A0023,2,2,0.65341879971867,0.34658120028133,1.0,73.25,146.5,0.5327576123496757,1.0655152246993513,78.04899020922748,0.8606530065401627,63.043751797843214,0.2048622181591886,15.00523841138427
candidate-00259,A0022;A0023,2,2,0.65341879971867,0.34658120028133,1.05,76.91250000000001,153.82500000000002,0.581413030709087,1.162826061418174,89.43585944882533,0.8606530065401627,63.043751797843214,0.30217305487801127,26.392107650982112
candidate-00260,A0022;A0023,2,2,0.65341879971867,0.34658120028133,1.1,80.575,161.15,0.6285345254936194,1.2570690509872389,101.28833878329678,0.8606530065401627,63.043751797843214,0.3964160444470761,38.244586985453566
candidate-00261,A0022;A0023;A0032,2,3,1.5706536692253663,0.21467316538731684,0.9,66.0,198.0,0.4227344195343087,1.268203258602926,83.70141506779312,1.2775808349341908,93.68794718480427,-0.009377576331264903,-9.986532117011151
candidate-00262,A0022;A0023;A0032,2,3,1.5706536692253663,0.21467316538731684,0.95,69.66666666666666,208.99999999999997,0.47153693912993755,1.4146108173898126,98.55122027815693,1.2775808349341908,93.68794718480427,0.1370299824556218,4.86327309335266
candidate-00263,A0022;A0023;A0032,2,3,1.5706536692253663,0.21467316538731684,1.0,73.33333333333333,220.0,0.5208896766485173,1.562669029945552,114.5957288626738,1.2775808349341908,93.68794718480427,0.28508819501136107,20.907781677869522
candidate-00264,A0022;A0023;A0032,2,3,1.5706536692253663,0.21467316538731684,1.05,77.0,231.0,0.5698379970992448,1.7095139912977344,131.63257732992554,1.2775808349341908,93.68794718480427,0.43193315636354357,37.944630145121266
candidate-00265,A0022;A0023;A0032,2,3,1.5706536692253663,0.21467316538731684,1.1,80.66666666666667,242.0,0.6174581082399504,1.8523743247198512,149.424862194068,1.2775808349341908,93.68794718480427,0.5747934897856604,55.736915009263726
candidate-00266,A0022;A0023;A0462,2,3,1.5706536692253663,0.21467316538731684,0.9,66.0,198.0,0.4227344195343087,1.268203258602926,83.70141506779312,1.2775808349341908,93.68794718480427,-0.009377576331264903,-9.986532117011151
candidate-00267,A0022;A0023;A0462,2,3,1.5706536692253663,0.21467316538731684,0.95,69.66666666666666,208.99999999999997,0.47153693912993755,1.4146108173898126,98.55122027815693,1.2775808349341908,93.68794718480427,0.1370299824556218,4.86327309335266
candidate-00268,A0022;A0023;A0462,2,3,1.5706536692253663,0.21467316538731684,1.0,73.33333333333333,220.0,0.5208896766485173,1.562669029945552,114.5957288626738,1.2775808349341908,93.68794718480427,0.28508819501136107,20.907781677869522
candidate-00269,A0022;A0023;A0462,2,3,1.5706536692253663,0.21467316538731684,1.05,77.0,231.0,0.5698379970992448,1.7095139912977344,131.63257732992554,1.2775808349341908,93.68794718480427,0.43193315636354357,37.944630145121266
candidate-00270,A0022;A0023;A0462,2,3,1.5706536692253663,0.21467316538731684,1.1,80.66666666666667,242.0,0.6174581082399504,1.8523743247198512,149.424862194068,1.2775808349341908,93.68794718480427,0.5747934897856604,55.736915009263726
candidate-00271,A0023;A0032;A0462,2,3,0.9172348695066964,0.5413825652466517,0.9,66.15,198.45000000000002,0.4771426754920935,1.4314280264762804,94.68896395140597,1.2660202976107215,93.05249187438804,0.16540772886555888,1.6364720770179275
candidate-00272,A0023;A0032;A0462,2,3,0.9172348695066964,0.5413825652466517,0.95,69.825,209.47500000000002,0.5266095414871466,1.5798286244614397,110.31153370302003,1.2660202976107215,93.05249187438804,0.31380832685071813,17.259041828631993
candidate-00273,A0023;A0032;A0462,2,3,0.9172348695066964,0.5413825652466517,1.0,73.5,220.5,0.5755594846076583,1.726678453822975,126.91086635598865,1.2660202976107215,93.05249187438804,0.46065815621225337,33.858374481600606
candidate-00274,A0023;A0032;A0462,2,3,0.9172348695066964,0.5413825652466517,1.05,77.175,231.52499999999998,0.6230707589939778,1.8692122769819335,144.2564574760807,1.2660202976107215,93.05249187438804,0.6031919793712119,51.20396560169266
candidate-00275,A0023;A0032;A0462,2,3,0.9172348695066964,0.5413825652466517,1.1,80.85000000000001,242.55,0.6683284345979327,2.004985303793798,162.10306181172857,1.2660202976107215,93.05249187438804,0.7389650061830766,69.05056993734053
candidate-00276,A0022;A0023;A0032;A0462,2,4,1.5706536692253663,0.47644877692487786,0.9,66.03750000000001,264.15000000000003,0.46851034020966936,1.8740413608386775,123.75700636638418,1.694508663328219,124.33214257176533,0.17953269751045853,-0.5751362053811562
candidate-00277,A0022;A0023;A0032;A0462,2,4,1.5706536692253663,0.47644877692487786,0.95,69.70625,278.825,0.517884749900807,2.071538999603228,144.3992153910925,1.694508663328219,124.33214257176533,0.37703033627500915,20.067072819327166
candidate-00278,A0022;A0023;A0032;A0462,2,4,1.5706536692253663,0.47644877692487786,1.0,73.375,293.5,0.5669123656000067,2.2676494624000267,166.38877930360195,1.694508663328219,124.33214257176533,0.5731407990718078,42.05663673183662
candidate-00279,A0022;A0023;A0032;A0462,2,4,1.5706536692253663,0.47644877692487786,1.05,77.04375,308.175,0.6146639159508939,2.4586556638035755,189.4240522981667,1.694508663328219,124.33214257176533,0.7641470004753566,65.09190972640138
candidate-00280,A0022;A0023;A0032;A0462,2,4,1.5706536692253663,0.47644877692487786,1.1,80.7125,322.85,0.6603052583608133,2.6412210334432533,213.1795526617886,1.694508663328219,124.33214257176533,0.9467123701150344,88.84741009002326
candidate-00281,A0024;A0369,2,2,0.77558187122923,0.22441812877077005,0.9,67.05,134.1,0.40279104911987795,0.8055820982397559,54.014279686975634,0.8339170771420237,62.12682224708077,-0.02833497890226777,-8.112542560105133
candidate-00282,A0024;A0369,2,2,0.77558187122923,0.22441812877077005,0.95,70.77499999999999,141.54999999999998,0.4518687731933904,0.9037375463867808,63.962024845524404,0.8339170771420237,62.12682224708077,0.06982046924475716,1.8352025984436366
candidate-00283,A0024;A0369,2,2,0.77558187122923,0.22441812877077005,1.0,74.5,149.0,0.5019008143283056,1.0038016286566112,74.78322133491753,0.8339170771420237,62.12682224708077,0.16988455151458748,12.65639908783676
candidate-00284,A0024;A0369,2,2,0.77558187122923,0.22441812877077005,1.05,78.22500000000001,156.45000000000002,0.5518948188266907,1.1037896376533813,86.34394440543576,0.8339170771420237,62.12682224708077,0.26987256051135766,24.217122158354996
candidate-00285,A0024;A0369,2,2,0.77558187122923,0.22441812877077005,1.1,81.95,163.9,0.600861432438871,1.201722864877742,98.48118877673096,0.8339170771420237,62.12682224708077,0.36780578773571837,36.35436652965019
candidate-00286,A0027;A0356,2,2,0.6279422347871558,0.37205776521284417,0.9,66.15,132.3,0.4292055471345661,0.8584110942691322,56.7838938859031,0.8440245187841969,62.03580213063847,0.014386575484935271,-5.251908244735375
candidate-00287,A0027;A0356,2,2,0.6279422347871558,0.37205776521284417,0.95,69.825,139.65,0.47824840256192763,0.9564968051238553,66.7873894177732,0.8440245187841969,62.03580213063847,0.11247228633965833,4.751587287134726
candidate-00288,A0027;A0356,2,2,0.6279422347871558,0.37205776521284417,1.0,73.5,147.0,0.5277142037076009,1.0554284074152018,77.57398794501734,0.8440245187841969,62.03580213063847,0.2114038886310049,15.538185814378863
candidate-00289,A0027;A0356,2,2,0.6279422347871558,0.37205776521284417,1.05,77.175,154.35,0.5766417509051286,1.1532835018102572,89.00465425220659,0.8440245187841969,62.03580213063847,0.30925898302606025,26.96885212156812
candidate-00290,A0027;A0356,2,2,0.6279422347871558,0.37205776521284417,1.1,80.85000000000001,161.70000000000002,0.6241109973970765,1.248221994794153,100.91874827910729,0.8440245187841969,62.03580213063847,0.40419747600995615,38.88294614846882
candidate-00291,A0031;A0035,2,2,0.7039261633516458,0.2960738366483542,0.9,67.275,134.55,0.25992852841873887,0.5198570568374777,34.97338349874132,0.5271370434540461,39.40355957011071,-0.007279986616568368,-4.430176071369388
candidate-00292,A0031;A0035,2,2,0.7039261633516458,0.2960738366483542,0.95,71.0125,142.025,0.30049532519631866,0.6009906503926373,42.67784856100716,0.5271370434540461,39.40355957011071,0.07385360693859122,3.2742889908964514
candidate-00293,A0031;A0035,2,2,0.7039261633516458,0.2960738366483542,1.0,74.75,149.5,0.34444664411489,0.68889328822978,51.49477329517606,0.5271370434540461,39.40355957011071,0.16175624477573392,12.091213725065352
candidate-00294,A0031;A0035,2,2,0.7039261633516458,0.2960738366483542,1.05,78.4875,156.975,0.39123099793905675,0.7824619958781135,61.41348590148343,0.5271370434540461,39.40355957011071,0.2553249524240674,22.009926331372725
candidate-00295,A0031;A0035,2,2,0.7039261633516458,0.2960738366483542,1.1,82.22500000000001,164.45000000000002,0.4401037674036114,0.8802075348072228,72.3750645495239,0.5271370434540461,39.40355957011071,0.3530704913531767,32.97150497941319
candidate-00296,A0032;A0462,2,2,0.0,1.0,0.9,66.15,132.3,0.5099137484113706,1.0198274968227412,67.46158891482433,0.8338556567880562,61.28839077392213,0.18597184003468503,6.173198140902201
candidate-00297,A0032;A0462,2,2,0.0,1.0,0.95,69.825,139.65,0.5591448215668787,1.1182896431337574,78.08457433181462,0.8338556567880562,61.28839077392213,0.2844339863457013,16.79618355789249
candidate-00298,A0032;A0462,2,2,0.0,1.0,1.0,73.5,147.0,0.6072396697531723,1.2144793395063447,89.26423145371633,0.8338556567880562,61.28839077392213,0.3806236827182885,27.975840679794203
candidate-00299,A0032;A0462,2,2,0.0,1.0,1.05,77.175,154.35,0.6533406058181459,1.3066812116362918,100.84312250803082,0.8338556567880562,61.28839077392213,0.47282555484823563,39.554731734108685
candidate-00300,A0032;A0462,2,2,0.0,1.0,1.1,80.85000000000001,161.70000000000002,0.696732810109943,1.393465620219886,112.6616953947778,0.8338556567880562,61.28839077392213,0.5596099634318299,51.37330462085566
candidate-00301,A0032;A0036;A0462,2,3,0.8533402496659734,0.5733298751670133,0.9,66.15,198.45000000000002,0.4717409540557149,1.4152228621671448,93.61699233235663,1.2373974637097396,90.94871358266586,0.1778253984574052,2.6682787496907707
candidate-00302,A0032;A0036;A0462,2,3,0.8533402496659734,0.5733298751670133,0.95,69.825,209.47500000000002,0.5212060514328435,1.5636181542985303,109.1796376238949,1.2373974637097396,90.94871358266586,0.3262206905887908,18.230924041229045
candidate-00303,A0032;A0036;A0462,2,3,0.8533402496659734,0.5733298751670133,1.0,73.5,220.5,0.5702587725303228,1.7107763175909683,125.74205934293617,1.2373974637097396,90.94871358266586,0.4733788538812287,34.79334576027031
candidate-00304,A0032;A0036;A0462,2,3,0.8533402496659734,0.5733298751670133,1.05,77.175,231.52499999999998,0.6179695593646949,1.8539086780940846,143.07540223191097,1.2373974637097396,90.94871358266586,0.616511214384345,52.12668864924511
candidate-00305,A0032;A0036;A0462,2,3,0.8533402496659734,0.5733298751670133,1.1,80.85000000000001,242.55,0.6635089518062892,1.9905268554188678,160.93409626061546,1.2373974637097396,90.94871358266586,0.7531293917091282,69.9853826779496
candidate-00306,A0041;A0052,2,2,0.2222112287387665,0.7777887712612335,0.9,65.925,131.85,0.5201150182990866,1.0402300365981731,68.57716516273456,0.9133816718700667,66.90740753425538,0.12684836472810646,1.669757628479175
candidate-00307,A0041;A0052,2,2,0.2222112287387665,0.7777887712612335,0.95,69.58749999999999,139.17499999999998,0.5690219471307476,1.1380438942614952,79.19362949192178,0.9133816718700667,66.90740753425538,0.22466222239142852,12.286221957666399
candidate-00308,A0041;A0052,2,2,0.2222112287387665,0.7777887712612335,1.0,73.25,146.5,0.6166185499043922,1.2332370998087845,90.33461756099346,0.9133816718700667,66.90740753425538,0.3198554279387178,23.42721002673808
candidate-00309,A0041;A0052,2,2,0.2222112287387665,0.7777887712612335,1.05,76.91250000000001,153.82500000000002,0.6620802805296876,1.3241605610593752,101.8444991524792,0.9133816718700667,66.90740753425538,0.4107788891893085,34.93709161822382
candidate-00310,A0041;A0052,2,2,0.2222112287387665,0.7777887712612335,1.1,80.575,161.15,0.7047325435463156,1.4094650870926313,113.56764939248878,0.9133816718700667,66.90740753425538,0.4960834152225646,46.66024185823339
candidate-00311,A0041;A0061,2,2,0.5226516386359759,0.47734836136402414,0.9,65.925,131.85,0.4709505773637649,0.9419011547275298,62.0948336254124,0.8977260171754897,65.75671691420398,0.044175137552040056,-3.6618832887915787
candidate-00312,A0041;A0061,2,2,0.5226516386359759,0.47734836136402414,0.95,69.58749999999999,139.17499999999998,0.5202463279787474,1.0404926559574947,72.40528269644216,0.8977260171754897,65.75671691420398,0.14276663878200502,6.64856578223818
candidate-00313,A0041;A0061,2,2,0.5226516386359759,0.47734836136402414,1.0,73.25,146.5,0.5691509600454697,1.1383019200909394,83.38061564666131,0.8977260171754897,65.75671691420398,0.24057590291544972,17.623898732457334
candidate-00314,A0041;A0061,2,2,0.5226516386359759,0.47734836136402414,1.05,76.91250000000001,153.82500000000002,0.6167429113672396,1.2334858227344792,94.87047834106563,0.8977260171754897,65.75671691420398,0.33575980555898943,29.113761426861657
candidate-00315,A0041;A0061,2,2,0.5226516386359759,0.47734836136402414,1.1,80.575,161.15,0.6621979738847202,1.3243959477694405,106.71320349152268,0.8977260171754897,65.75671691420398,0.42666993059395075,40.9564865773187
candidate-00316,A0041;A0068,2,2,0.8339394056025587,0.16606059439744125,0.9,65.925,131.85,0.4370807073941002,0.8741614147882004,57.62909126991211,0.9148374185298978,67.01440491375297,-0.04067600374169733,-9.38531364384086
candidate-00317,A0041;A0068,2,2,0.8339394056025587,0.16606059439744125,0.95,69.58749999999999,139.17499999999998,0.4860885694990511,0.9721771389981022,67.65137666003042,0.9148374185298978,67.01440491375297,0.05733972046820446,0.6369717462774531
candidate-00318,A0041;A0068,2,2,0.8339394056025587,0.16606059439744125,1.0,73.25,146.5,0.5353654033443799,1.0707308066887598,78.43103158995166,0.9148374185298978,67.01440491375297,0.155893388158862,11.416626676198689
candidate-00319,A0041;A0068,2,2,0.8339394056025587,0.16606059439744125,1.05,76.91250000000001,153.82500000000002,0.5839613276682094,1.1679226553364188,89.82785122856232,0.9148374185298978,67.01440491375297,0.25308523680652106,22.813446314809354
candidate-00320,A0041;A0068,2,2,0.8339394056025587,0.16606059439744125,1.1,80.575,161.15,0.6309780288284876,1.2619560576569753,101.68210934571078,0.9148374185298978,67.01440491375297,0.3471186391270775,34.667704431957816
candidate-00321,A0041;A0052;A0061,2,3,0.7448628673747424,0.6275685663126288,0.9,66.0,198.0,0.5206332928253272,1.5618998784759817,103.0853919794148,1.3588169926565208,99.64690361205976,0.20308288581946088,3.438488367355035
candidate-00322,A0041;A0052;A0061,2,3,0.7448628673747424,0.6275685663126288,0.95,69.66666666666666,208.99999999999997,0.5695861629445846,1.708758488833754,119.04350805541817,1.3588169926565208,99.64690361205976,0.34994149617723314,19.396604443358413
candidate-00323,A0041;A0052;A0061,2,3,0.7448628673747424,0.6275685663126288,1.0,73.33333333333333,220.0,0.617215425479078,1.8516462764372341,135.78739360539717,1.3588169926565208,99.64690361205976,0.49282928378071333,36.14048999333741
candidate-00324,A0041;A0052;A0061,2,3,0.7448628673747424,0.6275685663126288,1.05,77.0,231.0,0.6626952912256472,1.9880858736769416,153.0826122731245,1.3588169926565208,99.64690361205976,0.6292688810204208,53.43570866106475
candidate-00325,A0041;A0052;A0061,2,3,0.7448628673747424,0.6275685663126288,1.1,80.66666666666667,242.0,0.7053511451828463,2.1160534355485385,170.6949771342488,1.3588169926565208,99.64690361205976,0.7572364428920177,71.04807352218904
candidate-00326,A0041;A0052;A0068,2,3,1.0561506343413252,0.4719246828293374,0.9,66.0,198.0,0.5035932498534693,1.5107797495604078,99.71146347098693,1.3759283940109288,100.90459161160874,0.13485135554947902,-1.193128140621809
candidate-00327,A0041;A0052;A0068,2,3,1.0561506343413252,0.4719246828293374,0.95,69.66666666666666,208.99999999999997,0.5527915297982708,1.6583745893948125,115.5334297278386,1.3759283940109288,100.90459161160874,0.2824461953838837,14.628838116229858
candidate-00328,A0041;A0052;A0068,2,3,1.0561506343413252,0.4719246828293374,1.0,73.33333333333333,220.0,0.6009773174544001,1.8029319523632004,132.21500983996802,1.3759283940109288,100.90459161160874,0.42700355835227155,31.310418228359282
candidate-00329,A0041;A0052;A0068,2,3,1.0561506343413252,0.4719246828293374,1.05,77.0,231.0,0.6472839595931789,1.9418518787795365,149.5225946660243,1.3759283940109288,100.90459161160874,0.5659234847686077,48.61800305441557
candidate-00330,A0041;A0052;A0068,2,3,1.0561506343413252,0.4719246828293374,1.1,80.66666666666667,242.0,0.690979942459619,2.072939827378857,167.21714607522782,1.3759283940109288,100.90459161160874,0.697011433367928,66.31255446361908
candidate-00331,A0041;A0061;A0068,2,3,1.0063056283293295,0.49684718583533527,0.9,66.0,198.0,0.5030012460183271,1.5090037380549812,99.59424671162876,1.3602727393163518,99.75390099155734,0.14873099873862938,-0.1596542799285885
candidate-00332,A0041;A0061;A0068,2,3,1.0063056283293295,0.49684718583533527,0.95,69.66666666666666,208.99999999999997,0.5522060270419541,1.6566180811258624,115.41105965176838,1.3602727393163518,99.75390099155734,0.29634534180951055,15.657158660211039
candidate-00333,A0041;A0061;A0068,2,3,1.0063056283293295,0.49684718583533527,1.0,73.33333333333333,220.0,0.6004092985701283,1.8012278957103849,132.0900456854282,1.3602727393163518,99.75390099155734,0.44095515639403304,32.336144693870864
candidate-00334,A0041;A0061;A0068,2,3,1.0063056283293295,0.49684718583533527,1.05,77.0,231.0,0.6467431121219238,1.9402293363657714,149.3976589001644,1.3602727393163518,99.75390099155734,0.5799565970494196,49.64375790860706
candidate-00335,A0041;A0061;A0068,2,3,1.0063056283293295,0.49684718583533527,1.1,80.66666666666667,242.0,0.6904740574438902,2.071422172331671,167.09472190142142,1.3602727393163518,99.75390099155734,0.711149433015319,67.34082090986408
candidate-00336,A0041;A0052;A0061;A0068,2,4,1.228516857068096,0.5904943809773013,0.9,66.03750000000001,264.15000000000003,0.5248855437508909,2.0995421750035637,138.64851638179786,1.821363714797383,133.6440876894131,0.27817846020618076,5.004428692384749
candidate-00337,A0041;A0052;A0061;A0068,2,4,1.228516857068096,0.5904943809773013,0.95,69.70625,278.825,0.573787139224712,2.295148556898848,159.98619909433032,1.821363714797383,133.6440876894131,0.4737848421014652,26.342111404917205
candidate-00338,A0041;A0052;A0061;A0068,2,4,1.228516857068096,0.5904943809773013,1.0,73.375,293.5,0.6212870537663239,2.4851482150652955,182.34775028041605,1.821363714797383,133.6440876894131,0.6637845002679126,48.70366259100294
candidate-00339,A0041;A0052;A0061;A0068,2,4,1.228516857068096,0.5904943809773013,1.05,77.04375,308.175,0.6665694645962098,2.666277858384839,205.42004475193696,1.821363714797383,133.6440876894131,0.8449141435874563,71.77595706252384
candidate-00340,A0041;A0052;A0061;A0068,2,4,1.228516857068096,0.5904943809773013,1.1,80.7125,322.85,0.7089737240956978,2.8358948963827912,228.89216682429605,1.821363714797383,133.6440876894131,1.0145311815854083,95.24807913488294
candidate-00341,A0042;A0055,2,2,0.7597177898309037,0.24028221016909634,0.9,67.275,134.55,0.44937660412899555,0.8987532082579911,60.46362208555636,0.9233219732025955,69.02028181872686,-0.02456876494460436,-8.556659733170498
candidate-00342,A0042;A0055,2,2,0.7597177898309037,0.24028221016909634,0.95,71.0125,142.025,0.4995524993540076,0.9991049987080152,70.94894372075294,0.9233219732025955,69.02028181872686,0.07578302550541971,1.9286619020260787
candidate-00343,A0042;A0055,2,2,0.7597177898309037,0.24028221016909634,1.0,74.75,149.5,0.5497374092998182,1.0994748185996364,82.18574269032281,0.9233219732025955,69.02028181872686,0.1761528453970409,13.165460871595954
candidate-00344,A0042;A0055,2,2,0.7597177898309037,0.24028221016909634,1.05,78.4875,156.975,0.598930193877647,1.197860387755294,94.01706718394364,0.9233219732025955,69.02028181872686,0.27453841455269856,24.99678536521678
candidate-00345,A0042;A0055,2,2,0.7597177898309037,0.24028221016909634,1.1,82.22500000000001,164.45000000000002,0.6462073324010336,1.2924146648020671,106.26879581334998,0.9233219732025955,69.02028181872686,0.36909269159947167,37.248513994623124
candidate-00346,A0046;A0453,2,2,0.5288746286175343,0.4711253713824657,0.9,66.375,132.75,0.3264008630445972,0.6528017260891944,43.32971456917028,0.6169375925215108,45.49740435134187,0.03586413356768359,-2.1676897821715926
candidate-00347,A0046;A0453,2,2,0.5288746286175343,0.4711253713824657,0.95,70.0625,140.125,0.3714961988546548,0.7429923977093096,52.055904864508506,0.6169375925215108,45.49740435134187,0.12605480518779877,6.558500513166635
candidate-00348,A0046;A0453,2,2,0.5288746286175343,0.4711253713824657,1.0,73.75,147.5,0.4189468981009012,0.8378937962018024,61.794667469882924,0.6169375925215108,45.49740435134187,0.22095620368029156,16.297263118541053
candidate-00349,A0046;A0453,2,2,0.5288746286175343,0.4711253713824657,1.05,77.4375,154.875,0.4679458956735735,0.935891791347147,72.47312059244469,0.6169375925215108,45.49740435134187,0.31895419882563614,26.975716241102816
candidate-00350,A0046;A0453,2,2,0.5288746286175343,0.4711253713824657,1.1,81.125,162.25,0.5175710035642452,1.0351420071284905,83.97589532829879,0.6169375925215108,45.49740435134187,0.41820441460697966,38.47849097695692
candidate-00351,A0048;A0445,2,2,0.18538623466404291,0.8146137653359571,0.9,69.75,139.5,0.39575394859778973,0.7915078971955795,55.20767582939167,0.6770003730550751,52.65865873898637,0.11450752414050436,2.5490170904053002
candidate-00352,A0048;A0445,2,2,0.18538623466404291,0.8146137653359571,0.95,73.625,147.25,0.446609406000342,0.893218812000684,65.76323503355036,0.6770003730550751,52.65865873898637,0.21621843894560888,13.10457629456399
candidate-00353,A0048;A0445,2,2,0.18538623466404291,0.8146137653359571,1.0,77.5,155.0,0.49860737079890505,0.9972147415978101,77.28414247383029,0.6770003730550751,52.65865873898637,0.320214368542735,24.625483734843918
candidate-00354,A0048;A0445,2,2,0.18538623466404291,0.8146137653359571,1.05,81.375,162.75,0.5506354762889282,1.1012709525778563,89.61592376602306,0.6770003730550751,52.65865873898637,0.42427057952278124,36.95726502703669
candidate-00355,A0048;A0445,2,2,0.18538623466404291,0.8146137653359571,1.1,85.25,170.5,0.6015787881864118,1.2031575763728235,102.5691833857832,0.6770003730550751,52.65865873898637,0.5261572033177484,49.91052464679684
candidate-00356,A0052;A0061,2,2,0.7389726464055799,0.2610273535944201,0.9,66.15,132.3,0.44548795413005715,0.8909759082601143,58.938056331406564,0.9065262962674852,66.62968277566016,-0.015550388007370852,-7.691626444253593
candidate-00357,A0052;A0061,2,2,0.7389726464055799,0.2610273535944201,0.95,69.825,139.65,0.4947785823169706,0.9895571646339412,69.09582902056495,0.9065262962674852,66.62968277566016,0.08303086836645601,2.4661462449047917
candidate-00358,A0052;A0061,2,2,0.7389726464055799,0.2610273535944201,1.0,73.5,147.0,0.5441709172350306,1.0883418344700613,79.9931248335495,0.9065262962674852,66.62968277566016,0.18181553820257612,13.363442057889344
candidate-00359,A0052;A0061,2,2,0.7389726464055799,0.2610273535944201,1.05,77.175,154.35,0.5927094152028758,1.1854188304057516,91.48469823656387,0.9065262962674852,66.62968277566016,0.2788925341382664,24.855015460903715
candidate-00360,A0052;A0061,2,2,0.7389726464055799,0.2610273535944201,1.1,80.85000000000001,161.70000000000002,0.6395033622412398,1.2790067244824797,103.40769367440849,0.9065262962674852,66.62968277566016,0.3724804282149945,36.778010898748335
candidate-00361,A0057;A0123,2,2,0.4770344597477956,0.5229655402522044,0.9,66.375,132.75,0.44582418649417577,0.8916483729883515,59.18316075710183,0.8377672536639502,61.80207149722923,0.053881119324401316,-2.618910740127397
candidate-00362,A0057;A0123,2,2,0.4770344597477956,0.5229655402522044,0.95,70.0625,140.125,0.4952871783311699,0.9905743566623398,69.40211586365518,0.8377672536639502,61.80207149722923,0.15280710299838962,7.600044366425955
candidate-00363,A0057;A0123,2,2,0.4770344597477956,0.5229655402522044,1.0,73.75,147.5,0.544842593384692,1.089685186769384,80.36428252424207,0.8377672536639502,61.80207149722923,0.25191793310543376,18.562211027012843
candidate-00364,A0057;A0123,2,2,0.4770344597477956,0.5229655402522044,1.05,77.4375,154.875,0.5935255275651115,1.187051055130223,91.92226608164664,0.8377672536639502,61.80207149722923,0.3492838014662727,30.120194584417412
candidate-00365,A0057;A0123,2,2,0.4770344597477956,0.5229655402522044,1.1,81.125,162.25,0.640437740691819,1.280875481383638,103.91102342724764,0.8377672536639502,61.80207149722923,0.44310822771968783,42.108951930018414
candidate-00366,A0057;A0119,2,2,0.8067586624706857,0.19324133752931427,0.9,66.60000000000001,133.20000000000002,0.396037098449711,0.792074196899422,52.75214151350151,0.8275151699325489,61.23612257500862,-0.03544097303312688,-8.483981061507109
candidate-00367,A0057;A0119,2,2,0.8067586624706857,0.19324133752931427,0.95,70.3,140.6,0.4445722789674205,0.889144557934841,62.506862422819324,0.8275151699325489,61.23612257500862,0.06162938800229212,1.2707398478107024
candidate-00368,A0057;A0119,2,2,0.8067586624706857,0.19324133752931427,1.0,74.0,148.0,0.49418856476299755,0.9883771295259951,73.13990758492363,0.8275151699325489,61.23612257500862,0.16086195959344618,11.903785009915012
candidate-00369,A0057;A0119,2,2,0.8067586624706857,0.19324133752931427,1.05,77.7,155.4,0.5439195823193332,1.0878391646386665,84.52510309242439,0.8275151699325489,61.23612257500862,0.26032399470611756,23.288980517415766
candidate-00370,A0057;A0119,2,2,0.8067586624706857,0.19324133752931427,1.1,81.4,162.8,0.5927900307789318,1.1855800615578636,96.5062170108101,0.8275151699325489,61.23612257500862,0.35806489162531463,35.27009443580148
candidate-00371,A0057;A0119;A0123,2,3,1.1358231539064396,0.4320884230467802,0.9,66.45,199.35000000000002,0.43986929586778617,1.3196078876033586,87.68794413124319,1.2129257177387378,89.5637978387635,0.10668216986462076,-1.8758537075203208
candidate-00372,A0057;A0119;A0123,2,3,1.1358231539064396,0.4320884230467802,0.95,70.14166666666667,210.425,0.4893109957749247,1.4679329873247742,102.96326628593853,1.2129257177387378,89.5637978387635,0.25500726958603637,13.399468447175025
candidate-00373,A0057;A0119;A0123,2,3,1.1358231539064396,0.4320884230467802,1.0,73.83333333333333,221.5,0.5389627121849598,1.6168881365548795,119.3802407489686,1.2129257177387378,89.5637978387635,0.4039624188161417,29.816442910205097
candidate-00374,A0057;A0119;A0123,2,3,1.1358231539064396,0.4320884230467802,1.05,77.52499999999999,232.575,0.5878531517634817,1.7635594552904452,136.71994677139176,1.2129257177387378,89.5637978387635,0.5506337375517074,47.156148932628255
candidate-00375,A0057;A0119;A0123,2,3,1.1358231539064396,0.4320884230467802,1.1,81.21666666666667,243.65,0.6350694862438706,1.9052084587316118,154.73468032331908,1.2129257177387378,89.5637978387635,0.692282740992874,65.17088248455558
candidate-00376,A0060;A0355,2,2,0.15514054429721708,0.8448594557027829,0.9,66.15,132.3,0.39775750354890543,0.7955150070978109,52.623317719520195,0.6617491334460222,48.63856130828263,0.1337658736517887,3.984756411237562
candidate-00377,A0060;A0355,2,2,0.15514054429721708,0.8448594557027829,0.95,69.825,139.65,0.4460148194977487,0.8920296389954974,62.285969542860606,0.6617491334460222,48.63856130828263,0.2302805055494752,13.647408234577973
candidate-00378,A0060;A0355,2,2,0.15514054429721708,0.8448594557027829,1.0,73.5,147.0,0.49531167128233405,0.9906233425646681,72.8108156785031,0.6617491334460222,48.63856130828263,0.32887420911864595,24.17225437022047
candidate-00379,A0060;A0355,2,2,0.15514054429721708,0.8448594557027829,1.05,77.175,154.35,0.5446998477983154,1.0893996955966307,84.07442150766998,0.6617491334460222,48.63856130828263,0.4276505621506086,35.43586019938735
candidate-00380,A0060;A0355,2,2,0.15514054429721708,0.8448594557027829,1.1,80.85000000000001,161.70000000000002,0.5932241251406486,1.1864482502812972,95.92434103524289,0.6617491334460222,48.63856130828263,0.524699116835275,47.28577972696026
candidate-00381,A0060;A0375,2,2,0.5955888121877958,0.4044111878122042,0.9,66.15,132.3,0.36414537763341254,0.7282907552668251,48.17643346090048,0.706659777885844,51.93949367460954,0.021630977380981076,-3.7630602137090534
candidate-00382,A0060;A0375,2,2,0.5955888121877958,0.4044111878122042,0.95,69.825,139.65,0.4111084758033778,0.8222169516067556,57.41129864594171,0.706659777885844,51.93949367460954,0.11555717372091157,5.471804971332176
candidate-00383,A0060;A0375,2,2,0.5955888121877958,0.4044111878122042,1.0,73.5,147.0,0.45974904089838114,0.9194980817967623,67.58310901206202,0.706659777885844,51.93949367460954,0.2128383039109183,15.643615337452488
candidate-00384,A0060;A0375,2,2,0.5955888121877958,0.4044111878122042,1.05,77.175,154.35,0.5091686969818623,1.0183373939637246,78.59018837915045,0.706659777885844,51.93949367460954,0.3116776160778806,26.65069470454091
candidate-00385,A0060;A0375,2,2,0.5955888121877958,0.4044111878122042,1.1,80.85000000000001,161.70000000000002,0.5584097984235155,1.116819596847031,90.29486440508246,0.706659777885844,51.93949367460954,0.4101598189611869,38.35537073047293
candidate-00386,A0060;A0355;A0375,2,3,0.6805999566273753,0.6597000216863124,0.9,66.15,198.45000000000002,0.40990924253011035,1.229727727590331,81.3464891801004,1.0279639152167996,75.55534776843479,0.20176381237353147,5.79114141166562
candidate-00387,A0060;A0355;A0375,2,3,0.6805999566273753,0.6597000216863124,0.95,69.825,209.47500000000002,0.45851839540475753,1.3755551862142725,96.0481408774116,1.0279639152167996,75.55534776843479,0.3475912709974729,20.492793108976812
candidate-00388,A0060;A0355;A0375,2,3,0.6805999566273753,0.6597000216863124,1.0,73.5,220.5,0.5079301374398935,1.5237904123196804,111.99859530549651,1.0279639152167996,75.55534776843479,0.49582649710288074,36.44324753706172
candidate-00389,A0060;A0355;A0375,2,3,0.6805999566273753,0.6597000216863124,1.05,77.175,231.52499999999998,0.5571874320466171,1.6715622961398515,129.002820204593,1.0279639152167996,75.55534776843479,0.6435983809230519,53.44747243615822
candidate-00390,A0060;A0355;A0375,2,3,0.6805999566273753,0.6597000216863124,1.1,80.85000000000001,242.55,0.6053450997880137,1.816035299364041,146.82645395358273,1.0279639152167996,75.55534776843479,0.7880713841472413,71.27110618514794
candidate-00391,A0051;A0060;A0355,2,3,1.0903430035487922,0.4548284982256039,0.9,66.45,199.35000000000002,0.38447589556724787,1.1534276867017437,76.64526978133087,1.0400614186645838,76.82282655706547,0.11336626803715988,-0.17755677573460105
candidate-00392,A0051;A0060;A0355,2,3,1.0903430035487922,0.4548284982256039,0.95,70.14166666666667,210.425,0.43249887318798286,1.2974966195639486,91.0085753905813,1.0400614186645838,76.82282655706547,0.2574352008993648,14.18574883351583
candidate-00393,A0051;A0060;A0355,2,3,1.0903430035487922,0.4548284982256039,1.0,73.83333333333333,221.5,0.4818247573765921,1.4454742721297762,106.72418375891515,1.0400614186645838,76.82282655706547,0.4054128534651924,29.901357201849677
candidate-00394,A0051;A0060;A0355,2,3,1.0903430035487922,0.4548284982256039,1.05,77.52499999999999,232.575,0.5315074411732611,1.5945223235197834,123.6153431308712,1.0400614186645838,76.82282655706547,0.5544609048551996,46.79251657380573
candidate-00395,A0051;A0060;A0355,2,3,1.0903430035487922,0.4548284982256039,1.1,81.21666666666667,243.65,0.5805732248271103,1.7417196744813308,141.45666622912543,1.0400614186645838,76.82282655706547,0.701658255816747,64.63383967205996
candidate-00396,A0061;A0068,2,2,0.48365398969335366,0.5163460103066464,0.9,66.15,132.3,0.481117861604429,0.962235723208858,63.65189309026596,0.9079820429273161,66.73668015515773,0.05425368028154187,-3.0847870648917706
candidate-00397,A0061;A0068,2,2,0.48365398969335366,0.5163460103066464,0.95,69.825,139.65,0.5305786416016526,1.0611572832033052,74.09530729967078,0.9079820429273161,66.73668015515773,0.15317524027598906,7.358627144513051
candidate-00398,A0061;A0068,2,2,0.48365398969335366,0.5163460103066464,1.0,73.5,147.0,0.5794459297281108,1.1588918594562216,85.17855167003229,0.9079820429273161,66.73668015515773,0.25090981652890554,18.441871514874563
candidate-00399,A0061;A0068,2,2,0.48365398969335366,0.5163460103066464,1.05,77.175,154.35,0.626804245181159,1.253608490362318,96.74723524371188,0.9079820429273161,66.73668015515773,0.3456264474350018,30.010555088554156
candidate-00400,A0061;A0068,2,2,0.48365398969335366,0.5163460103066464,1.1,80.85000000000001,161.70000000000002,0.6718497358491666,1.3436994716983333,108.63810228681025,0.9079820429273161,66.73668015515773,0.43571742877101716,41.901422131652524
candidate-00401,A0052;A0061;A0068,2,3,1.2226266360989335,0.38868668195053324,0.9,66.15,198.45000000000002,0.4854564459475999,1.4563693378427998,96.3388316983012,1.369073018408347,100.62686685301352,0.08729631943445271,-4.288035154712318
candidate-00402,A0052;A0061;A0068,2,3,1.2226266360989335,0.38868668195053324,0.95,69.825,209.47500000000002,0.5349034542627961,1.604710362788388,112.04890108169921,1.369073018408347,100.62686685301352,0.23563734438004103,11.422034228685689
candidate-00403,A0052;A0061;A0068,2,3,1.2226266360989335,0.38868668195053324,1.0,73.5,220.5,0.5836737944910966,1.7510213834732897,128.7000716852868,1.369073018408347,100.62686685301352,0.3819483650649427,28.073204832273262
candidate-00404,A0052;A0061;A0068,2,3,1.2226266360989335,0.38868668195053324,1.05,77.175,231.52499999999998,0.6308593143447213,1.8925779430341638,146.05970275366158,1.369073018408347,100.62686685301352,0.5235049246258168,45.43283590064806
candidate-00405,A0052;A0061;A0068,2,3,1.2226266360989335,0.38868668195053324,1.1,80.85000000000001,242.55,0.6756686118224294,2.027005835467288,163.88342179753027,1.369073018408347,100.62686685301352,0.6579328170589411,63.25655494451675
candidate-00406,A0062;A0082,2,2,0.5556496214924483,0.44435037850755166,0.9,67.72500000000001,135.45000000000002,0.3312692651498513,0.6625385302997026,44.87042196454736,0.6363982471929939,47.894119810432656,0.026140283106708684,-3.0236978458852946
candidate-00407,A0062;A0082,2,2,0.5556496214924483,0.44435037850755166,0.95,71.4875,142.975,0.3776104632953494,0.7552209265906988,53.98885598965258,0.6363982471929939,47.894119810432656,0.11882267939770497,6.094736179219922
candidate-00408,A0062;A0082,2,2,0.5556496214924483,0.44435037850755166,1.0,75.25,150.5,0.4263017628784274,0.8526035257568548,64.15841531320332,0.6363982471929939,47.894119810432656,0.21620527856386096,16.264295502770665
candidate-00409,A0062;A0082,2,2,0.5556496214924483,0.44435037850755166,1.05,79.0125,158.025,0.4764651186910996,0.9529302373821992,75.29340038116102,0.6363982471929939,47.894119810432656,0.3165319901892053,27.399280570728365
candidate-00410,A0062;A0082,2,2,0.5556496214924483,0.44435037850755166,1.1,82.775,165.55,0.5271078423613221,1.0542156847226443,87.26270330291689,0.6363982471929939,47.894119810432656,0.4178174375296504,39.368583492484234
candidate-00411,A0044;A0062;A0082,2,3,1.449052031785362,0.27547398410731905,0.9,68.25,204.75,0.3308817078666586,0.9926451235999758,67.74802968569836,0.980331525388791,74.37698223150903,0.012313598211184829,-6.628952545810677
candidate-00412,A0044;A0062;A0082,2,3,1.449052031785362,0.27547398410731905,0.95,72.04166666666666,216.12499999999997,0.37756856161262686,1.1327056848378807,81.60200537852897,0.980331525388791,74.37698223150903,0.15237415944908972,7.2250231470199395
candidate-00413,A0044;A0062;A0082,2,3,1.449052031785362,0.27547398410731905,1.0,75.83333333333333,227.5,0.42664257686572477,1.2799277305971744,97.06118623695238,0.980331525388791,74.37698223150903,0.29959620520838337,22.68420400544335
candidate-00414,A0044;A0062;A0082,2,3,1.449052031785362,0.27547398410731905,1.05,79.625,238.875,0.47720479500009566,1.431614385000287,113.99229540564785,0.980331525388791,74.37698223150903,0.45128285961149595,39.61531317413882
candidate-00415,A0044;A0062;A0082,2,3,1.449052031785362,0.27547398410731905,1.1,83.41666666666667,250.25,0.5282385555817928,1.5847156667453783,132.19169853434363,0.980331525388791,74.37698223150903,0.6043841413565874,57.8147163028346
candidate-00416,A0067;A0456,2,2,0.17503265410556493,0.8249673458944351,0.9,65.7,131.4,0.29408245821761525,0.5881649164352305,38.642435009794646,0.4783895782958276,34.92243921559542,0.10977533813940288,3.719995794199228
candidate-00417,A0067;A0456,2,2,0.17503265410556493,0.8249673458944351,0.95,69.35,138.7,0.3364949107670036,0.6729898215340072,46.671844123383394,0.4783895782958276,34.92243921559542,0.1946002432381796,11.749404907787977
candidate-00418,A0067;A0456,2,2,0.17503265410556493,0.8249673458944351,1.0,73.0,146.0,0.3817165334390672,0.7634330668781344,55.73061388210381,0.4783895782958276,34.92243921559542,0.28504348858230677,20.808174666508393
candidate-00419,A0067;A0456,2,2,0.17503265410556493,0.8249673458944351,1.05,76.65,153.3,0.4290853129687465,0.858170625937493,65.77877847810885,0.4783895782958276,34.92243921559542,0.3797810476416654,30.85633926251343
candidate-00420,A0067;A0456,2,2,0.17503265410556493,0.8249673458944351,1.1,80.30000000000001,160.60000000000002,0.47778980355726675,0.9555796071145335,76.73304245129705,0.4783895782958276,34.92243921559542,0.47719002881870587,41.810603235701635
candidate-00421,A0067;A0084,2,2,0.7031419692417665,0.29685803075823347,0.9,65.925,131.85,0.22979914840085147,0.45959829680170294,30.299017716652266,0.46336356049057026,33.93848791329948,-0.0037652636888673152,-3.639470196647217
candidate-00422,A0067;A0084,2,2,0.7031419692417665,0.29685803075823347,0.95,69.58749999999999,139.17499999999998,0.2665715512577945,0.533143102515589,37.10009564630355,0.46336356049057026,33.93848791329948,0.06977954202501879,3.161607733004068
candidate-00423,A0067;A0084,2,2,0.7031419692417665,0.29685803075823347,1.0,73.25,146.5,0.3068836830249805,0.613767366049961,44.95845956315964,0.46336356049057026,33.93848791329948,0.1504038055593907,11.01997164986016
candidate-00424,A0067;A0084,2,2,0.7031419692417665,0.29685803075823347,1.05,76.91250000000001,153.82500000000002,0.3503796754661917,0.7007593509323834,53.897153578586945,0.46336356049057026,33.93848791329948,0.23739579044181314,19.958665665287462
candidate-00425,A0067;A0084,2,2,0.7031419692417665,0.29685803075823347,1.1,80.575,161.15,0.39651378111552016,0.7930275622310403,63.89819582676608,0.46336356049057026,33.93848791329948,0.32966400174047006,29.959707913466595
candidate-00426,A0067;A0084;A0456,2,3,0.8781746233473314,0.5609126883263342,0.9,65.85000000000001,197.55,0.27962804672771735,0.838884140183152,55.24052063106056,0.7042855732715405,51.52579484631032,0.13459856691161154,3.714725784750243
candidate-00427,A0067;A0084;A0456,2,3,0.8781746233473314,0.5609126883263342,0.95,69.50833333333334,208.52500000000003,0.32100140116856174,0.9630042035056852,66.93681717867435,0.7042855732715405,51.52579484631032,0.25871863023414465,15.411022332364027
candidate-00428,A0067;A0084;A0456,2,3,0.8781746233473314,0.5609126883263342,1.0,73.16666666666667,219.5,0.36539129246750846,1.0961738774025254,80.2033886966181,0.7042855732715405,51.52579484631032,0.39188830413098485,28.677593850307787
candidate-00429,A0067;A0084;A0456,2,3,0.8781746233473314,0.5609126883263342,1.05,76.825,230.47500000000002,0.4121932371189793,1.236579711356938,95.00023632499676,0.7042855732715405,51.52579484631032,0.5322941380853974,43.474441478686444
candidate-00430,A0067;A0084;A0456,2,3,0.8781746233473314,0.5609126883263342,1.1,80.48333333333335,241.45000000000005,0.4606385629212507,1.381915688763752,111.22118101733601,0.7042855732715405,51.52579484631032,0.6776301154922115,59.69538617102569
candidate-00431,A0069;A0073,2,2,0.4958080028354725,0.5041919971645275,0.9,66.60000000000001,133.20000000000002,0.43947585908845427,0.8789517181769085,58.53818443058211,0.8301865808697364,61.433806984360494,0.048765137307172135,-2.895622553778381
candidate-00432,A0069;A0073,2,2,0.4958080028354725,0.5041919971645275,0.95,70.3,140.6,0.48902414455844284,0.9780482891168857,68.75679472491706,0.8301865808697364,61.433806984360494,0.14786170824714928,7.322987740556563
candidate-00433,A0069;A0073,2,2,0.4958080028354725,0.5041919971645275,1.0,74.0,148.0,0.5387890454976136,1.0775780909952273,79.74077873364682,0.8301865808697364,61.433806984360494,0.24739151012549088,18.306971749286326
candidate-00434,A0069;A0073,2,2,0.4958080028354725,0.5041919971645275,1.05,77.7,155.4,0.587792618773147,1.175585237546294,91.34297295734706,0.8301865808697364,61.433806984360494,0.34539865667655767,29.909165972986564
candidate-00435,A0069;A0073,2,2,0.4958080028354725,0.5041919971645275,1.1,81.4,162.8,0.6351156536313471,1.2702313072626943,103.39682841118332,0.8301865808697364,61.433806984360494,0.4400447263929579,41.96302142682283
candidate-00436,A0070;A0078,2,2,0.0,1.0,0.9,67.05,134.1,0.45847015859105905,0.9169403171821181,61.48084826706101,0.7381568669668696,54.992686589031784,0.17878345021524855,6.488161678029229
candidate-00437,A0070;A0078,2,2,0.0,1.0,0.95,70.77499999999999,141.54999999999998,0.5085549738590502,1.0171099477181005,71.98595654974855,0.7381568669668696,54.992686589031784,0.27895308075123093,16.993269960716766
candidate-00438,A0070;A0078,2,2,0.0,1.0,1.0,74.5,149.0,0.5584686452272611,1.1169372904545223,83.2118281388619,0.7381568669668696,54.992686589031784,0.37878042348765273,28.21914154983012
candidate-00439,A0070;A0078,2,2,0.0,1.0,1.05,78.22500000000001,156.45000000000002,0.6072281422570578,1.2144562845141156,95.0008428561167,0.7381568669668696,54.992686589031784,0.47629941754724603,40.00815626708492
candidate-00440,A0070;A0078,2,2,0.0,1.0,1.1,81.95,163.9,0.6539396412092886,1.3078792824185772,107.18070719420241,0.7381568669668696,54.992686589031784,0.5697224154517077,52.18802060517063
candidate-00441,A0076;A0102,2,2,0.7249026018863092,0.2750973981136908,0.9,69.525,139.05,0.4006598316994897,0.8013196633989794,55.71174959781405,0.822538806112501,63.52616236916049,-0.021219142713521544,-7.81441277134644
candidate-00442,A0076;A0102,2,2,0.7249026018863092,0.2750973981136908,0.95,73.3875,146.775,0.4515076534211957,0.9030153068423914,66.270035830896,0.822538806112501,63.52616236916049,0.08047650072989043,2.743873461735518
candidate-00443,A0076;A0102,2,2,0.7249026018863092,0.2750973981136908,1.0,77.25,154.5,0.50338858772098,1.00677717544196,77.77353680289141,0.822538806112501,63.52616236916049,0.18423836932945914,14.247374433730926
candidate-00444,A0076;A0102,2,2,0.7249026018863092,0.2750973981136908,1.05,81.1125,162.225,0.555196654525235,1.11039330905047,90.06677728035625,0.822538806112501,63.52616236916049,0.2878545029379691,26.54061491119576
candidate-00445,A0076;A0102,2,2,0.7249026018863092,0.2750973981136908,1.1,84.97500000000001,169.95000000000002,0.6058320416813492,1.2116640833626984,102.9611554837453,0.822538806112501,63.52616236916049,0.3891252772501974,39.43499311458481
candidate-00446,A0077;A0121,2,2,0.6055697630635524,0.39443023693644763,0.9,65.925,131.85,0.4787072832605894,0.9574145665211788,63.117555297908716,0.935891444523772,68.56313529585609,0.021523121997406802,-5.44557999794737
candidate-00447,A0077;A0121,2,2,0.6055697630635524,0.39443023693644763,0.95,69.58749999999999,139.17499999999998,0.528004637277157,1.056009274554314,73.48504539304831,0.935891444523772,68.56313529585609,0.12011783003054188,4.9219100971922245
candidate-00448,A0077;A0121,2,2,0.6055697630635524,0.39443023693644763,1.0,73.25,146.5,0.576761801312044,1.153523602624088,84.49560389221445,0.935891444523772,68.56313529585609,0.217632158100316,15.932468596358362
candidate-00449,A0077;A0121,2,2,0.6055697630635524,0.39443023693644763,1.05,76.91250000000001,153.82500000000002,0.6240683459814222,1.2481366919628445,95.99731332059228,0.935891444523772,68.56313529585609,0.31224524743907245,27.434178024736198
candidate-00450,A0077;A0121,2,2,0.6055697630635524,0.39443023693644763,1.1,80.575,161.15,0.669120709839543,1.338241419679086,107.82880239064235,0.935891444523772,68.56313529585609,0.4023499751553139,39.26566709478627
candidate-00451,A0080;A0451,2,2,0.6131816745663672,0.3868183254336328,0.9,66.60000000000001,133.20000000000002,0.2350022306205777,0.4700044612411554,31.302297118660956,0.4575934907214322,33.861918313385985,0.01241097051972323,-2.559621194725029
candidate-00452,A0080;A0451,2,2,0.6131816745663672,0.3868183254336328,0.95,70.3,140.6,0.2727134659466677,0.5454269318933354,38.34351331210147,0.4575934907214322,33.861918313385985,0.08783344117190317,4.481594998715487
candidate-00453,A0080;A0451,2,2,0.6131816745663672,0.3868183254336328,1.0,74.0,148.0,0.3139924236656417,0.6279848473312833,46.470878702514966,0.4575934907214322,33.861918313385985,0.17039135660985116,12.608960389128981
candidate-00454,A0080;A0451,2,2,0.6131816745663672,0.3868183254336328,1.05,77.7,155.4,0.3584401523055898,0.7168803046111796,55.70159966828866,0.4575934907214322,33.861918313385985,0.2592868138897474,21.839681354902673
candidate-00455,A0080;A0451,2,2,0.6131816745663672,0.3868183254336328,1.1,81.4,162.8,0.40546097743403786,0.8109219548680757,66.00904712626136,0.4575934907214322,33.861918313385985,0.35332846414664354,32.14712881287538
candidate-00456,A0084;A0456,2,2,0.8491972391339045,0.15080276086609545,0.9,65.925,131.85,0.21750176740392582,0.43500353480785164,28.67760803220762,0.4668180077566833,34.19066256372574,-0.03181447294883166,-5.513054531518119
candidate-00457,A0084;A0456,2,2,0.8491972391339045,0.15080276086609545,0.95,69.58749999999999,139.17499999999998,0.2529526274491757,0.5059052548983514,35.20468192523902,0.4668180077566833,34.19066256372574,0.03908724714166806,1.0140193615132844
candidate-00458,A0084;A0456,2,2,0.8491972391339045,0.15080276086609545,1.0,73.25,146.5,0.2920252708361761,0.5840505416723522,42.781702177499795,0.4668180077566833,34.19066256372574,0.11723253391566885,8.591039613774058
candidate-00459,A0084;A0456,2,2,0.8491972391339045,0.15080276086609545,1.05,76.91250000000001,153.82500000000002,0.3344314432409305,0.668862886481861,51.44391675653614,0.4668180077566833,34.19066256372574,0.20204487872517768,17.253254192810402
candidate-00460,A0084;A0456,2,2,0.8491972391339045,0.15080276086609545,1.1,80.575,161.15,0.3796930136535105,0.759386027307021,61.18752915026322,0.4668180077566833,34.19066256372574,0.2925680195503377,26.99686658653748
candidate-00461,A0087;A0099,2,2,0.0,1.0,0.9,66.60000000000001,133.20000000000002,0.45018122754532547,0.9003624550906509,59.96413950903736,0.7214115443221608,53.3844542798399,0.17895091076849012,6.579685229197459
candidate-00462,A0087;A0099,2,2,0.0,1.0,0.95,70.3,140.6,0.49986013971563564,0.9997202794312713,70.28033564401836,0.7214115443221608,53.3844542798399,0.27830873510911047,16.895881364178464
candidate-00463,A0087;A0099,2,2,0.0,1.0,1.0,74.0,148.0,0.5495418134347554,1.0990836268695108,81.3321883883438,0.7214115443221608,53.3844542798399,0.37767208254734996,27.947734108503894
candidate-00464,A0087;A0099,2,2,0.0,1.0,1.05,77.7,155.4,0.5982547910264804,1.1965095820529608,92.96879452551505,0.7214115443221608,53.3844542798399,0.47509803773079995,39.58434024567515
candidate-00465,A0087;A0099,2,2,0.0,1.0,1.1,81.4,162.8,0.6451019278824566,1.2902038557649131,105.02259385926394,0.7214115443221608,53.3844542798399,0.5687923114427523,51.638139579424035
candidate-00466,A0087;A0452,2,2,0.05807747894247024,0.9419225210575297,0.9,66.375,132.75,0.429812524087271,0.859625048174542,57.05761257258523,0.697756173070954,51.46543160679567,0.16186887510358794,5.592180965789559
candidate-00467,A0087;A0452,2,2,0.05807747894247024,0.9419225210575297,0.95,70.0625,140.125,0.47903464545706353,0.9580692909141271,67.12472969467103,0.697756173070954,51.46543160679567,0.260313117843173,15.659298087875364
candidate-00468,A0087;A0452,2,2,0.05807747894247024,0.9419225210575297,1.0,73.75,147.5,0.5286672390152508,1.0573344780305016,77.9784177547495,0.697756173070954,51.46543160679567,0.35957830495954757,26.512986147953832
candidate-00469,A0087;A0452,2,2,0.05807747894247024,0.9419225210575297,1.05,77.4375,154.875,0.5777394196211061,1.1554788392422122,89.47739261381881,0.697756173070954,51.46543160679567,0.4577226661712581,38.01196100702314
candidate-00470,A0087;A0452,2,2,0.05807747894247024,0.9419225210575297,1.1,81.125,162.25,0.6253234215749849,1.2506468431499698,101.4587251505413,0.697756173070954,51.46543160679567,0.5528906700790157,49.99329354374563
candidate-00471,A0087;A0099;A0452,2,3,0.05807747894247024,0.9709612605287649,0.9,66.45,199.35000000000002,0.4627099262297438,1.3881297786892313,92.24122379389944,1.0584619452320345,78.15765874671561,0.32966783345719675,14.083565047183825
candidate-00472,A0087;A0099;A0452,2,3,0.05807747894247024,0.9709612605287649,0.95,70.14166666666667,210.425,0.5123705304655268,1.5371115913965805,107.81556887320849,1.0584619452320345,78.15765874671561,0.47864964616454597,29.65791012649288
candidate-00473,A0087;A0099;A0452,2,3,0.05807747894247024,0.9709612605287649,1.0,73.83333333333333,221.5,0.5617881170811658,1.6853643512434975,124.43606793347823,1.0584619452320345,78.15765874671561,0.626902406011463,46.278409186762616
candidate-00474,A0087;A0099;A0452,2,3,0.05807747894247024,0.9709612605287649,1.05,77.52499999999999,232.575,0.6100095152910628,1.8300285458731884,141.87296301881892,1.0584619452320345,78.15765874671561,0.7715666006411539,63.71530427210331
candidate-00475,A0087;A0099;A0452,2,3,0.05807747894247024,0.9709612605287649,1.1,81.21666666666667,243.65,0.6561721792562843,1.9685165377688532,159.87635147579368,1.0584619452320345,78.15765874671561,0.9100545925368186,81.71869272907807
candidate-00476,A0093;A0361,2,2,0.0,1.0,0.9,68.175,136.35,0.5518901674473116,1.1037803348946231,75.25022433144093,0.9231233812373969,70.06202071938486,0.18065695365722623,5.188203612056071
candidate-00477,A0093;A0361,2,2,0.0,1.0,0.95,71.96249999999999,143.92499999999998,0.601664360472936,1.203328720945872,86.59454308106731,0.9231233812373969,70.06202071938486,0.28020533970847517,16.532522361682453
candidate-00478,A0093;A0361,2,2,0.0,1.0,1.0,75.75,151.5,0.6494218547140661,1.2988437094281322,98.38741098918102,0.9231233812373969,70.06202071938486,0.3757203281907353,28.32539026979616
candidate-00479,A0093;A0361,2,2,0.0,1.0,1.05,79.53750000000001,159.07500000000002,0.6943621969117763,1.3887243938235525,110.45566647374082,0.9231233812373969,70.06202071938486,0.4656010125861556,40.39364575435596
candidate-00480,A0093;A0361,2,2,0.0,1.0,1.1,83.325,166.65,0.7358845767981996,1.4717691535963993,122.63516472341998,0.9231233812373969,70.06202071938486,0.5486457723590024,52.573144004035115
candidate-00481,A0093;A0097,2,2,0.19823833930822182,0.8017616606917781,0.9,68.175,136.35,0.5325300027080522,1.0650600054161043,72.61046586924292,0.9384042650388351,71.18516567879055,0.12665574037726923,1.4253001904523614
candidate-00482,A0093;A0097,2,2,0.19823833930822182,0.8017616606917781,0.95,71.96249999999999,143.92499999999998,0.5828291312523721,1.1656582625047442,83.88368271549764,0.9384042650388351,71.18516567879055,0.22725399746590913,12.698517036707088
candidate-00483,A0093;A0097,2,2,0.19823833930822182,0.8017616606917781,1.0,75.75,151.5,0.6314616085522536,1.2629232171045073,95.66643369566643,0.9384042650388351,71.18516567879055,0.32451895206567216,24.481268016875873
candidate-00484,A0093;A0097,2,2,0.19823833930822182,0.8017616606917781,1.05,79.53750000000001,159.07500000000002,0.677561160741175,1.35512232148235,107.78304164490243,0.9384042650388351,71.18516567879055,0.4167180564435149,36.59787596611187
candidate-00485,A0093;A0097,2,2,0.19823833930822182,0.8017616606917781,1.1,83.325,166.65,0.7204470987241958,1.4408941974483915,120.06250900238723,0.9384042650388351,71.18516567879055,0.5024899324095564,48.877343323596676
candidate-00486,A0093;A0097;A0361,2,3,0.19823833930822182,0.9008808303458891,0.9,67.5,202.5,0.5593193820601933,1.67795814618058,113.26217486718913,1.3698716021793027,102.89801495861492,0.3080865440012772,10.364159908574209
candidate-00487,A0093;A0097;A0361,2,3,0.19823833930822182,0.9008808303458891,0.95,71.25,213.75,0.6083718802431758,1.8251156407295275,130.0394894019788,1.3698716021793027,102.89801495861492,0.45524403855022477,27.14147444336389
candidate-00488,A0093;A0097;A0361,2,3,0.19823833930822182,0.9008808303458891,1.0,75.0,225.0,0.6553289828323319,1.9659869484969956,147.44902113727468,1.3698716021793027,102.89801495861492,0.5961153463176929,44.55100617865976
candidate-00489,A0093;A0097;A0361,2,3,0.19823833930822182,0.9008808303458891,1.05,78.75,236.25,0.6994374207979227,2.098312262393768,165.24209066350923,1.3698716021793027,102.89801495861492,0.7284406602144653,62.34407570489431
candidate-00490,A0093;A0097;A0361,2,3,0.19823833930822182,0.9008808303458891,1.1,82.5,247.5,0.7401394945101828,2.2204184835305485,183.18452489127023,1.3698716021793027,102.89801495861492,0.8505468813512458,80.2865099326553
candidate-00491,A0095;A0118,2,2,0.13975114661678661,0.8602488533832133,0.9,66.15,132.3,0.4788114528441665,0.957622905688333,63.34675521128323,0.8108071566725833,59.59432601543487,0.14681574901574967,3.7524291958483573
candidate-00492,A0095;A0118,2,2,0.13975114661678661,0.8602488533832133,0.95,69.825,139.65,0.528276525689265,1.05655305137853,73.77381681250586,0.8108071566725833,59.59432601543487,0.24574589470594665,14.179490797070983
candidate-00493,A0095;A0118,2,2,0.13975114661678661,0.8602488533832133,1.0,73.5,147.0,0.5771924921005473,1.1543849842010947,84.84729633878047,0.8108071566725833,59.59432601543487,0.3435778275285114,25.252970323345593
candidate-00494,A0095;A0118,2,2,0.13975114661678661,0.8602488533832133,1.05,77.175,154.35,0.6246401834653811,1.2492803669307622,96.41321231788157,0.8108071566725833,59.59432601543487,0.43847321025817887,36.8188863024467
candidate-00495,A0095;A0118,2,2,0.13975114661678661,0.8602488533832133,1.1,80.85000000000001,161.70000000000002,0.6698092811977144,1.3396185623954289,108.30816076967044,0.8108071566725833,59.59432601543487,0.5288114057228456,48.71383475423556
candidate-00496,A0097;A0361,2,2,0.19823833930822182,0.8017616606917781,0.9,66.15,132.3,0.5052959156755109,1.0105918313510218,66.8506496438701,0.8782155580823734,64.54884351905444,0.13237627326864843,2.3018061248156556
candidate-00497,A0097;A0361,2,2,0.19823833930822182,0.8017616606917781,0.95,69.825,139.65,0.5545856653075376,1.1091713306150752,77.44788816019764,0.8782155580823734,64.54884351905444,0.23095577253270183,12.899044641143192
candidate-00498,A0097;A0361,2,2,0.19823833930822182,0.8017616606917781,1.0,73.5,147.0,0.6028245908692805,1.205649181738561,88.61521485778424,0.8782155580823734,64.54884351905444,0.32743362365618767,24.066371338729795
candidate-00499,A0097;A0361,2,2,0.19823833930822182,0.8017616606917781,1.05,77.175,154.35,0.6491443289789005,1.298288657957801,100.1954271778933,0.8782155580823734,64.54884351905444,0.4200730998754276,35.64658365883885
candidate-00500,A0097;A0361,2,2,0.19823833930822182,0.8017616606917781,1.1,80.85000000000001,161.70000000000002,0.6928148276101553,1.3856296552203107,112.02815762456213,0.8782155580823734,64.54884351905444,0.5074140971379373,47.47931410550768
candidate-00501,A0098;A0105,2,2,0.3890212831278917,0.6109787168721084,0.9,65.925,131.85,0.4954331511647239,0.9908663023294478,65.32286098106884,0.9098905246435895,66.65036038396156,0.08097577768585829,-1.3274994028927125
candidate-00502,A0098;A0105,2,2,0.3890212831278917,0.6109787168721084,0.95,69.58749999999999,139.17499999999998,0.5446533181036853,1.0893066362073707,75.8021255470804,0.9098905246435895,66.65036038396156,0.17941611156378112,9.151765163118839
candidate-00503,A0098;A0105,2,2,0.3890212831278917,0.6109787168721084,1.0,73.25,146.5,0.5930162942402014,1.1860325884804028,86.87688710618951,0.9098905246435895,66.65036038396156,0.2761420638368133,20.22652672222796
candidate-00504,A0098;A0105,2,2,0.3890212831278917,0.6109787168721084,1.05,76.91250000000001,153.82500000000002,0.6396411652438068,1.2792823304876135,98.39280224362858,0.9098905246435895,66.65036038396156,0.369391805844024,31.742441859667025
candidate-00505,A0098;A0105,2,2,0.3890212831278917,0.6109787168721084,1.1,80.575,161.15,0.6837729298321337,1.3675458596642673,110.19000764244835,0.9098905246435895,66.65036038396156,0.4576553350206778,43.539647258486795
candidate-00506,A0099;A0452,2,2,0.05807747894247024,0.9419225210575297,0.9,66.375,132.75,0.429812524087271,0.859625048174542,57.05761257258523,0.697756173070954,51.46543160679567,0.16186887510358794,5.592180965789559
candidate-00507,A0099;A0452,2,2,0.05807747894247024,0.9419225210575297,0.95,70.0625,140.125,0.47903464545706353,0.9580692909141271,67.12472969467103,0.697756173070954,51.46543160679567,0.260313117843173,15.659298087875364
candidate-00508,A0099;A0452,2,2,0.05807747894247024,0.9419225210575297,1.0,73.75,147.5,0.5286672390152508,1.0573344780305016,77.9784177547495,0.697756173070954,51.46543160679567,0.35957830495954757,26.512986147953832
candidate-00509,A0099;A0452,2,2,0.05807747894247024,0.9419225210575297,1.05,77.4375,154.875,0.5777394196211061,1.1554788392422122,89.47739261381881,0.697756173070954,51.46543160679567,0.4577226661712581,38.01196100702314
candidate-00510,A0099;A0452,2,2,0.05807747894247024,0.9419225210575297,1.1,81.125,162.25,0.6253234215749849,1.2506468431499698,101.4587251505413,0.697756173070954,51.46543160679567,0.5528906700790157,49.99329354374563
candidate-00511,A0112;A0120,2,2,0.3915589041479578,0.6084410958520422,0.9,66.15,132.3,0.46106643053174023,0.9221328610634805,60.99908875934924,0.843587365379695,62.00367135540758,0.07854549568378544,-1.0045825960583414
candidate-00512,A0112;A0120,2,2,0.3915589041479578,0.6084410958520422,0.95,69.825,139.65,0.5104938864928045,1.020987772985609,71.29047124872015,0.843587365379695,62.00367135540758,0.1774004076059139,9.286799893312569
candidate-00513,A0112;A0120,2,2,0.3915589041479578,0.6084410958520422,1.0,73.5,147.0,0.5597170016744274,1.1194340033488548,82.27839924614082,0.843587365379695,62.00367135540758,0.27584663796915976,20.27472789073324
candidate-00514,A0112;A0120,2,2,0.3915589041479578,0.6084410958520422,1.05,77.175,154.35,0.60779321327478,1.21558642654956,93.81288246896229,0.843587365379695,62.00367135540758,0.3719990611698649,31.809211113554703
candidate-00515,A0112;A0120,2,2,0.3915589041479578,0.6084410958520422,1.1,80.85000000000001,161.70000000000002,0.6538662116546113,1.3077324233092227,105.73016642455066,0.843587365379695,62.00367135540758,0.46414505792952765,43.72649506914308
candidate-00516,A0112;A0467,2,2,0.6241186415747562,0.37588135842524384,0.9,66.15,132.3,0.42857858759099793,0.8571571751819959,56.70094713828903,0.8417694169883099,61.870052148640774,0.015387758193685985,-5.169105010351743
candidate-00517,A0112;A0467,2,2,0.6241186415747562,0.37588135842524384,0.95,69.825,139.65,0.477609747625049,0.955219495250098,66.6982012558381,0.8417694169883099,61.870052148640774,0.1134500782617881,4.828149107197326
candidate-00518,A0112;A0467,2,2,0.6241186415747562,0.37588135842524384,1.0,73.5,147.0,0.5270762228998153,1.0541524457996305,77.48020476627285,0.8417694169883099,61.870052148640774,0.21238302881132065,15.610152617632075
candidate-00519,A0112;A0467,2,2,0.6241186415747562,0.37588135842524384,1.05,77.175,154.35,0.5760167617921752,1.1520335235843504,88.90818718262224,0.8417694169883099,61.870052148640774,0.31026410659604053,27.03813503398147
candidate-00520,A0112;A0467,2,2,0.6241186415747562,0.37588135842524384,1.1,80.85000000000001,161.70000000000002,0.623510332048861,1.247020664097722,100.82162069230083,0.8417694169883099,61.870052148640774,0.40525124710941207,38.95156854366005
candidate-00521,A0112;A0120;A0467,2,3,1.0156775457227138,0.4921612271386431,0.9,66.15,198.45000000000002,0.47455121891447394,1.4236536567434217,94.17468939357737,1.2795483309671998,94.04680232608918,0.14410532577622193,0.12788706748818868
candidate-00522,A0112;A0120;A0467,2,3,1.0156775457227138,0.4921612271386431,0.95,69.825,209.47500000000002,0.5240186816598648,1.5720560449795942,109.76881334070018,1.2795483309671998,94.04680232608918,0.2925077140123944,15.722011014610999
candidate-00523,A0112;A0120;A0467,2,3,1.0156775457227138,0.4921612271386431,1.0,73.5,220.5,0.5730193090280274,1.7190579270840822,126.35075764068006,1.2795483309671998,94.04680232608918,0.43950959611688245,32.30395531459088
candidate-00524,A0112;A0120;A0467,2,3,1.0156775457227138,0.4921612271386431,1.05,77.175,231.52499999999998,0.6206275056833381,1.8618825170500144,143.69078325333484,1.2795483309671998,94.04680232608918,0.5823341860828146,49.643980927245664
candidate-00525,A0112;A0120;A0467,2,3,1.0156775457227138,0.4921612271386431,1.1,80.85000000000001,242.55,0.6660212943150721,1.9980638829452162,161.54346493612073,1.2795483309671998,94.04680232608918,0.7185155519780164,67.49666261003155
candidate-00526,A0119;A0123,2,2,0.658788694158644,0.34121130584135595,0.9,66.375,132.75,0.3829559672169457,0.7659119344338914,50.83740464804954,0.7605690118809764,56.089401605289154,0.005342922552915019,-5.251996957239612
candidate-00527,A0119;A0123,2,2,0.658788694158644,0.34121130584135595,0.95,70.0625,140.125,0.43086694858020497,0.8617338971604099,60.37523116980122,0.7605690118809764,56.089401605289154,0.10116488527943357,4.285829564512063
candidate-00528,A0119;A0123,2,2,0.658788694158644,0.34121130584135595,1.0,73.75,147.5,0.48010814669243057,0.9602162933848611,70.81595163713351,0.7605690118809764,56.089401605289154,0.19964728150388478,14.726550031844354
candidate-00529,A0119;A0123,2,2,0.658788694158644,0.34121130584135595,1.05,77.4375,154.875,0.5297388671234853,1.0594777342469706,82.04330704574978,0.7605690118809764,56.089401605289154,0.2989087223659942,25.95390544046063
candidate-00530,A0119;A0123,2,2,0.658788694158644,0.34121130584135595,1.1,81.125,162.25,0.5787883700548242,1.1575767401096484,93.90841304139522,0.7605690118809764,56.089401605289154,0.39700772822867203,37.81901143610607
candidate-00531,A0121;A0723,2,2,0.47949246757216013,0.5205075324278399,0.9,65.925,131.85,0.47876526462196517,0.9575305292439303,63.12520014040611,0.901483765632475,66.03417089734575,0.05604676361145533,-2.908970756939638
candidate-00532,A0121;A0723,2,2,0.47949246757216013,0.5205075324278399,0.95,69.58749999999999,139.17499999999998,0.5280625410964027,1.0561250821928054,73.49310415709184,0.901483765632475,66.03417089734575,0.15464131656033042,7.45893325974609
candidate-00533,A0121;A0723,2,2,0.47949246757216013,0.5205075324278399,1.0,73.25,146.5,0.5768185176482784,1.1536370352965568,84.50391283547279,0.901483765632475,66.03417089734575,0.2521532696640818,18.469741938127044
candidate-00534,A0121;A0723,2,2,0.47949246757216013,0.5205075324278399,1.05,76.91250000000001,153.82500000000002,0.624122854339288,1.248245708678576,96.005698068741,0.901483765632475,66.03417089734575,0.3467619430461011,29.971527171395252
candidate-00535,A0121;A0723,2,2,0.47949246757216013,0.5205075324278399,1.1,80.575,161.15,0.6691721487261254,1.3383442974522508,107.83709176721511,0.901483765632475,66.03417089734575,0.4368605318197758,41.80292086986937
candidate-00536,A0077;A0121;A0723,2,3,1.0850622306357125,0.45746888468214375,0.9,66.0,198.0,0.504764450757509,1.514293352272527,99.94336124998678,1.3876034568739168,101.76396820359173,0.1266898953986102,-1.8206069536049512
candidate-00537,A0077;A0121;A0723,2,3,1.0850622306357125,0.45746888468214375,0.95,69.66666666666666,208.99999999999997,0.5539494673255867,1.66184840197676,115.77543867104761,1.3876034568739168,101.76396820359173,0.27424494510284325,14.01147046745588
candidate-00538,A0077;A0121;A0723,2,3,1.0850622306357125,0.45746888468214375,1.0,73.33333333333333,220.0,0.6021002958055537,1.806300887416661,132.4620650772218,1.3876034568739168,101.76396820359173,0.4186974305427442,30.698096873630078
candidate-00539,A0077;A0121;A0723,2,3,1.0850622306357125,0.45746888468214375,1.05,77.0,231.0,0.6483528707449884,1.9450586122349651,149.7695131420923,1.3876034568739168,101.76396820359173,0.5574551553610483,48.00554493850058
candidate-00540,A0077;A0121;A0723,2,3,1.0850622306357125,0.45746888468214375,1.1,80.66666666666667,242.0,0.69197944712111,2.0759383413633303,167.45902620330864,1.3876034568739168,101.76396820359173,0.6883348844894135,65.69505799971691
candidate-00541,A0122;A0458,2,2,0.009950907706274732,0.9900490922937253,0.9,67.05,134.1,0.5163908755063237,1.0327817510126474,69.248016405398,0.8517949229199079,63.45872175753314,0.18098682809273947,5.789294647864864
candidate-00542,A0122;A0458,2,2,0.009950907706274732,0.9900490922937253,0.95,70.77499999999999,141.54999999999998,0.5661875798146895,1.132375159629379,80.14385192276929,0.8517949229199079,63.45872175753314,0.2805802367094711,16.685130165236146
candidate-00543,A0122;A0458,2,2,0.009950907706274732,0.9900490922937253,1.0,74.5,149.0,0.6146827858785816,1.2293655717571632,91.58773509590866,0.8517949229199079,63.45872175753314,0.37757064883725533,28.129013338375515
candidate-00544,A0122;A0458,2,2,0.009950907706274732,0.9900490922937253,1.05,78.22500000000001,156.45000000000002,0.6610026628231894,1.3220053256463788,103.413866598688,0.8517949229199079,63.45872175753314,0.47021040272647097,39.95514484115486
candidate-00545,A0122;A0458,2,2,0.009950907706274732,0.9900490922937253,1.1,81.95,163.9,0.7044317802807626,1.4088635605615252,115.45636878801699,0.8517949229199079,63.45872175753314,0.5570686376416173,51.99764703048385
candidate-00546,A0125;A0454,2,2,0.2648187390590238,0.7351812609409762,0.9,66.60000000000001,133.20000000000002,0.5221172827854578,1.0442345655709155,69.54602206702299,0.9310496915958969,68.89767717809636,0.11318487397501864,0.6483448889266299
candidate-00547,A0125;A0454,2,2,0.2648187390590238,0.7351812609409762,0.95,70.3,140.6,0.5714833977014393,1.1429667954028786,80.35056571682236,0.9310496915958969,68.89767717809636,0.2119171038069817,11.452888538726
candidate-00548,A0125;A0454,2,2,0.2648187390590238,0.7351812609409762,1.0,74.0,148.0,0.619466639148986,1.238933278297972,91.68106259404993,0.9310496915958969,68.89767717809636,0.30788358670207516,22.783385415953575
candidate-00549,A0125;A0454,2,2,0.2648187390590238,0.7351812609409762,1.05,77.7,155.4,0.6652244170191983,1.3304488340383966,103.37587440478342,0.9310496915958969,68.89767717809636,0.39939914244249974,34.47819722668706
candidate-00550,A0125;A0454,2,2,0.2648187390590238,0.7351812609409762,1.1,81.4,162.8,0.7080729319948774,1.4161458639897548,115.27427332876606,0.9310496915958969,68.89767717809636,0.48509617239385794,46.3765961506697
candidate-00551,A0132;A0191,0,2,0.19296053690147996,0.80703946309852,0.9,65.7,131.4,0.524035400534843,1.048070801069686,68.85825163027837,0.9125238883564237,66.61424385001894,0.13554691271326225,2.2440077802594374
candidate-00552,A0132;A0191,0,2,0.19296053690147996,0.80703946309852,0.95,69.35,138.7,0.5727060738273755,1.145412147654751,79.43433243985697,0.9125238883564237,66.61424385001894,0.23288825929832724,12.820088589838036
candidate-00553,A0132;A0191,0,2,0.19296053690147996,0.80703946309852,1.0,73.0,146.0,0.6200087191923169,1.2400174383846339,90.52127300207827,0.9125238883564237,66.61424385001894,0.3274935500282101,23.907029152059337
candidate-00554,A0132;A0191,0,2,0.19296053690147996,0.80703946309852,1.05,76.65,153.3,0.6651366502097839,1.3302733004195677,101.96544847715987,0.9125238883564237,66.61424385001894,0.417749412063144,35.35120462714093
candidate-00555,A0132;A0191,0,2,0.19296053690147996,0.80703946309852,1.1,80.30000000000001,160.60000000000002,0.7074341348331842,1.4148682696663684,113.6139220542094,0.9125238883564237,66.61424385001894,0.5023443813099446,46.99967820419046
candidate-00556,A0132;A0144,0,2,0.3130264671304357,0.6869735328695643,0.9,65.7,131.4,0.49985548750396724,0.9997109750079345,65.6810110580213,0.8973299981497516,65.50508986493186,0.10238097685818293,0.17592119308943666
candidate-00557,A0132;A0144,0,2,0.3130264671304357,0.6869735328695643,0.95,69.35,138.7,0.548870152062504,1.097740304125008,76.1282900910693,0.8973299981497516,65.50508986493186,0.20041030597525644,10.623200226137442
candidate-00558,A0132;A0144,0,2,0.3130264671304357,0.6869735328695643,1.0,73.0,146.0,0.5969544968573766,1.1939089937147531,87.15535654117697,0.8973299981497516,65.50508986493186,0.29657899556500156,21.65026667624511
candidate-00559,A0132;A0144,0,2,0.3130264671304357,0.6869735328695643,1.05,76.65,153.3,0.643244943755244,1.286489887510488,98.60944987767891,0.8973299981497516,65.50508986493186,0.3891598893607364,33.10436001274705
candidate-00560,A0132;A0144,0,2,0.3130264671304357,0.6869735328695643,1.1,80.30000000000001,160.60000000000002,0.6870064071917306,1.3740128143834611,110.33322899499194,0.8973299981497516,65.50508986493186,0.47668281623370956,44.82813913006008
candidate-00561,A0132;A0144;A0191,0,3,0.48939465920491826,0.7553026703975408,0.9,65.7,197.10000000000002,0.5357171915680743,1.6071515747042229,105.58985845806745,1.350288731140272,98.57107737323986,0.25686284356395084,7.018781084827594
candidate-00562,A0132;A0144;A0191,0,3,0.48939465920491826,0.7553026703975408,0.95,69.35,208.04999999999998,0.5841412750430137,1.7524238251290412,121.530592272699,1.350288731140272,98.57107737323986,0.4021350939887691,22.959514899459137
candidate-00563,A0132;A0144;A0191,0,3,0.48939465920491826,0.7553026703975408,1.0,73.0,219.0,0.630993662656137,1.892980987968411,138.187612121694,1.350288731140272,98.57107737323986,0.5426922568281389,39.61653474845414
candidate-00564,A0132;A0144;A0191,0,3,0.48939465920491826,0.7553026703975408,1.05,76.65,229.95000000000002,0.6754998063906569,2.0264994191719707,155.33118047953155,1.350288731140272,98.57107737323986,0.6762106880316987,56.760103106291695
candidate-00565,A0132;A0144;A0191,0,3,0.48939465920491826,0.7553026703975408,1.1,80.30000000000001,240.90000000000003,0.717045152041659,2.151135456124977,172.73617712683568,1.350288731140272,98.57107737323986,0.8008467249847049,74.16509975359583
candidate-00566,A0134;A0474,0,2,0.21010384520768588,0.7898961547923141,0.9,65.7,131.4,0.5527176671360314,1.1054353342720629,72.62710146167453,0.9747371341511402,71.15581079303324,0.1306982001209227,1.4712906686412879
candidate-00567,A0134;A0474,0,2,0.21010384520768588,0.7898961547923141,0.95,69.35,138.7,0.6006902665633338,1.2013805331266676,83.31573997233438,0.9747371341511402,71.15581079303324,0.22664339897552743,12.159929179301145
candidate-00568,A0134;A0474,0,2,0.21010384520768588,0.7898961547923141,1.0,73.0,146.0,0.6468055116393755,1.293611023278751,94.43360469934882,0.9747371341511402,71.15581079303324,0.31887388912761083,23.27779390631558
candidate-00569,A0134;A0474,0,2,0.21010384520768588,0.7898961547923141,1.05,76.65,153.3,0.6903404732820387,1.3806809465640775,105.82919455413655,0.9747371341511402,71.15581079303324,0.4059438124129373,34.67338376110331
candidate-00570,A0134;A0474,0,2,0.21010384520768588,0.7898961547923141,1.1,80.30000000000001,160.60000000000002,0.7307431473007885,1.461486294601577,117.35734945650665,0.9747371341511402,71.15581079303324,0.4867491604504368,46.201538663473414
candidate-00571,A0134;A0142,0,2,0.3529995788436356,0.6470004211563645,0.9,65.7,131.4,0.5352889424783799,1.0705778849567598,70.33696704165912,0.978899169213781,71.45963935260602,0.09167871574297881,-1.1226723109468963
candidate-00572,A0134;A0142,0,2,0.3529995788436356,0.6470004211563645,0.95,69.35,138.7,0.583722984365692,1.167445968731384,80.96237793152147,0.978899169213781,71.45963935260602,0.18854679951760311,9.502738578915455
candidate-00573,A0134;A0142,0,2,0.3529995788436356,0.6470004211563645,1.0,73.0,146.0,0.6305926959302,1.2611853918604,92.0665336058092,0.978899169213781,71.45963935260602,0.28228622264661896,20.60689425320318
candidate-00574,A0134;A0142,0,2,0.3529995788436356,0.6470004211563645,1.05,76.65,153.3,0.6751223011475194,1.3502446022950387,103.49624876591473,0.978899169213781,71.45963935260602,0.3713454330812578,32.03660941330871
candidate-00575,A0134;A0142,0,2,0.3529995788436356,0.6470004211563645,1.1,80.30000000000001,160.60000000000002,0.7166957080992269,1.4333914161984538,115.10133072073586,0.978899169213781,71.45963935260602,0.45449224698467283,43.64169136812984
candidate-00576,A0134;A0142;A0474,0,3,0.5631034240513215,0.7184482879743392,0.9,65.7,197.10000000000002,0.5699764718989229,1.7099294156967686,112.34236261127771,1.4689270386290647,107.23167381992174,0.2410023770677039,5.110688791355969
candidate-00577,A0134;A0142;A0474,0,3,0.5631034240513215,0.7184482879743392,0.95,69.35,208.04999999999998,0.617379411319247,1.852138233957741,128.44578652496932,1.4689270386290647,107.23167381992174,0.3832111953286763,21.214112705047583
candidate-00578,A0134;A0142;A0474,0,3,0.5631034240513215,0.7184482879743392,1.0,73.0,219.0,0.6626496988558408,1.9879490965675224,145.12028404942913,1.4689270386290647,107.23167381992174,0.5190220579384577,37.88861022950739
candidate-00579,A0134;A0142;A0474,0,3,0.5631034240513215,0.7184482879743392,1.05,76.65,229.95000000000002,0.7051220507808315,2.1153661523424945,162.1428155770522,1.4689270386290647,107.23167381992174,0.6464391137134298,54.911141757130466
candidate-00580,A0134;A0142;A0474,0,3,0.5631034240513215,0.7184482879743392,1.1,80.30000000000001,240.90000000000003,0.7443104312157149,2.2329312936471446,179.30438287986576,1.4689270386290647,107.23167381992174,0.7640042550180799,72.07270905994402
candidate-00581,A0135;A0183,0,2,0.0,1.0,0.9,66.15,132.3,0.5876519293882004,1.1753038587764009,77.74635025805892,0.989604855150093,72.73595685353183,0.18569900362630787,5.010393404527093
candidate-00582,A0135;A0183,0,2,0.0,1.0,0.95,69.825,139.65,0.634668785106723,1.269337570213446,88.63149584015386,0.989604855150093,72.73595685353183,0.27973271506335295,15.895538986622029
candidate-00583,A0135;A0183,0,2,0.0,1.0,1.0,73.5,147.0,0.6792507696051168,1.3585015392102335,99.84986313195216,0.989604855150093,72.73595685353183,0.36889668406014053,27.11390627842033
candidate-00584,A0135;A0183,0,2,0.0,1.0,1.05,77.175,154.35,0.7207857785661924,1.4415715571323848,111.2532849216918,0.989604855150093,72.73595685353183,0.45196670198229183,38.51732806815997
candidate-00585,A0135;A0183,0,2,0.0,1.0,1.1,80.85000000000001,161.70000000000002,0.7588517531084772,1.5177035062169544,122.70632847764078,0.989604855150093,72.73595685353183,0.5280986510668614,49.97037162410895
candidate-00586,A0135;A0197,0,2,0.17392231582643075,0.8260776841735693,0.9,65.925,131.85,0.5608352749431186,1.1216705498862372,73.94613100125018,0.9819054246586214,71.92649721386688,0.13976512522761575,2.019633787383299
candidate-00587,A0135;A0197,0,2,0.17392231582643075,0.8260776841735693,0.95,69.58749999999999,139.17499999999998,0.6087142845184983,1.2174285690369966,84.71781054786199,0.9819054246586214,71.92649721386688,0.23552314437837518,12.791313333995106
candidate-00588,A0135;A0197,0,2,0.17392231582643075,0.8260776841735693,1.0,73.25,146.5,0.6545882648875901,1.3091765297751803,95.89718080603195,0.9819054246586214,71.92649721386688,0.3272711051165589,23.970683592165074
candidate-00589,A0135;A0197,0,2,0.17392231582643075,0.8260776841735693,1.05,76.91250000000001,153.82500000000002,0.6977544764899678,1.3955089529799356,107.33208234606931,0.9819054246586214,71.92649721386688,0.4136035283213142,35.40558513220243
candidate-00590,A0135;A0197,0,2,0.17392231582643075,0.8260776841735693,1.1,80.575,161.15,0.7376879203023937,1.4753758406047874,118.87840835673074,0.9819054246586214,71.92649721386688,0.49347041594616603,46.951911142863864
candidate-00591,A0135;A0183;A0197,0,3,0.17392231582643075,0.9130388420867847,0.9,66.0,198.0,0.5980537671599584,1.7941613014798752,118.41464589767176,1.4767078522336679,108.2944756406328,0.31745344924620733,10.120170257038964
candidate-00592,A0135;A0183;A0197,0,3,0.17392231582643075,0.9130388420867847,0.95,69.66666666666666,208.99999999999997,0.6444989916033206,1.9334969748099617,134.70028924509398,1.4767078522336679,108.2944756406328,0.4567891225762939,26.405813604461187
candidate-00593,A0135;A0183;A0197,0,3,0.17392231582643075,0.9130388420867847,1.0,73.33333333333333,220.0,0.6883738860566624,2.0651216581699874,151.44225493246572,1.4767078522336679,108.2944756406328,0.5884138059363195,43.14777929183292
candidate-00594,A0135;A0183;A0197,0,3,0.17392231582643075,0.9130388420867847,1.05,77.0,231.0,0.7291098174999128,2.187329452499738,168.42436784247985,1.4767078522336679,108.2944756406328,0.7106216002660704,60.129892201847056
candidate-00595,A0135;A0183;A0197,0,3,0.17392231582643075,0.9130388420867847,1.1,80.66666666666667,242.0,0.7663283296452327,2.298984988935698,185.4514557741463,1.4767078522336679,108.2944756406328,0.8222771367020303,77.1569801335135
candidate-00596,A0142;A0474,0,2,0.4379833233505323,0.5620166766494676,0.9,65.7,131.4,0.5262991800247936,1.0525983600495872,69.15571225525788,0.9842177738932084,71.84789749420422,0.06838058615637876,-2.6921852389463368
candidate-00597,A0142;A0474,0,2,0.4379833233505323,0.5620166766494676,0.95,69.35,138.7,0.5749261381006647,1.1498522762013295,79.74225535456219,0.9842177738932084,71.84789749420422,0.16563450230812105,7.894357860357971
candidate-00598,A0142;A0474,0,2,0.4379833233505323,0.5620166766494676,1.0,73.0,146.0,0.6221451662614115,1.244290332522823,90.83319427416608,0.9842177738932084,71.84789749420422,0.26007255862961454,18.985296779961857
candidate-00599,A0142;A0474,0,2,0.4379833233505323,0.5620166766494676,1.05,76.65,153.3,0.6671555813925166,1.3343111627850333,102.2749506274728,0.9842177738932084,71.84789749420422,0.35009338889182484,30.427053133268586
candidate-00600,A0142;A0474,0,2,0.4379833233505323,0.5620166766494676,1.1,80.30000000000001,160.60000000000002,0.7093095015589922,1.4186190031179844,113.91510595037417,0.9842177738932084,71.84789749420422,0.434401229224776,42.06720845616995
candidate-00601,A0144;A0191,0,2,0.2964341223034383,0.7035658776965616,0.9,65.7,131.4,0.4988082043645719,0.9976164087291438,65.54339805350475,0.8907235757743688,65.02282103152892,0.10689283295477503,0.520577021975825
candidate-00602,A0144;A0191,0,2,0.2964341223034383,0.7035658776965616,0.95,69.35,138.7,0.5478326606802286,1.0956653213604572,75.9843900363477,0.8907235757743688,65.02282103152892,0.20494174558608846,10.961569004818784
candidate-00603,A0144;A0191,0,2,0.2964341223034383,0.7035658776965616,1.0,73.0,146.0,0.5959461820678819,1.1918923641357637,87.00814258191075,0.8907235757743688,65.02282103152892,0.30116878836139493,21.985321550381826
candidate-00604,A0144;A0191,0,2,0.2964341223034383,0.7035658776965616,1.05,76.65,153.3,0.6422830400297679,1.2845660800595358,98.46199003656342,0.8907235757743688,65.02282103152892,0.393842504285167,33.4391690050345
candidate-00605,A0144;A0191,0,2,0.2964341223034383,0.7035658776965616,1.1,80.30000000000001,160.60000000000002,0.6861049170236806,1.3722098340473612,110.18844967400312,0.8907235757743688,65.02282103152892,0.4814862582729924,45.1656286424742
candidate-00606,A0180;A0378,0,2,0.08635088019020144,0.9136491198097986,0.9,65.7,131.4,0.5419411368086844,1.0838822736173688,71.21106537666113,0.9191278232398084,67.09633109650602,0.16475445037756042,4.114734280155105
candidate-00607,A0180;A0378,0,2,0.08635088019020144,0.9136491198097986,0.95,69.35,138.7,0.5902126262471232,1.1804252524942465,81.86249126047599,0.9191278232398084,67.09633109650602,0.2612974292544381,14.766160163969971
candidate-00608,A0180;A0378,0,2,0.08635088019020144,0.9136491198097986,1.0,73.0,146.0,0.6368062863650022,1.2736125727300045,92.97371780929033,0.9191278232398084,67.09633109650602,0.35448474949019615,25.877386712784315
candidate-00609,A0180;A0378,0,2,0.08635088019020144,0.9136491198097986,1.05,76.65,153.3,0.6809658277079375,1.361931655415875,104.39206138762682,0.9191278232398084,67.09633109650602,0.44280383217606656,37.295730291120805
candidate-00610,A0180;A0378,0,2,0.08635088019020144,0.9136491198097986,1.1,80.30000000000001,160.60000000000002,0.7220992666441616,1.4441985332883231,115.96914222305236,0.9191278232398084,67.09633109650602,0.5250707100485148,48.87281112654634
candidate-00611,A0180;A0379,0,2,0.2302084415131114,0.7697915584868886,0.9,65.7,131.4,0.5214348925003345,1.042869785000669,68.51654487454395,0.9175151841604896,66.97860844371574,0.12535460084017935,1.5379364308282106
candidate-00612,A0180;A0379,0,2,0.2302084415131114,0.7697915584868886,0.95,69.35,138.7,0.5701533615520483,1.1403067231040966,79.0802712472691,0.9175151841604896,66.97860844371574,0.22279153894360704,12.101662803553353
candidate-00613,A0180;A0379,0,2,0.2302084415131114,0.7697915584868886,1.0,73.0,146.0,0.6175498856147014,1.2350997712294027,90.1622832997464,0.9175151841604896,66.97860844371574,0.3175845870689131,23.183674856030663
candidate-00614,A0180;A0379,0,2,0.2302084415131114,0.7697915584868886,1.05,76.65,153.3,0.6628110192762885,1.325622038552577,101.60892925505503,0.9175151841604896,66.97860844371574,0.4081068543920874,34.63032081133929
candidate-00615,A0180;A0379,0,2,0.2302084415131114,0.7697915584868886,1.1,80.30000000000001,160.60000000000002,0.7052720943964941,1.4105441887929882,113.26669836007696,0.9175151841604896,66.97860844371574,0.49302900463249855,46.288089916361216
candidate-00616,A0180;A0378;A0379,0,3,0.31655932170331286,0.8417203391483435,0.9,65.7,197.10000000000002,0.5569075397233162,1.6707226191699487,109.76647607946563,1.378487677840592,100.62960048236323,0.2922349413293568,9.136875597102403
candidate-00617,A0180;A0378;A0379,0,3,0.31655932170331286,0.8417203391483435,0.95,69.35,208.04999999999998,0.6047521107877675,1.8142563323633025,125.81867664939502,1.378487677840592,100.62960048236323,0.43576865452271063,25.189076167031786
candidate-00618,A0180;A0378;A0379,0,3,0.31655932170331286,0.8417203391483435,1.0,73.0,219.0,0.6506710624367555,1.9520131873102666,142.49696267364948,1.378487677840592,100.62960048236323,0.5735255094696747,41.86736219128625
candidate-00619,A0180;A0378;A0379,0,3,0.31655932170331286,0.8417203391483435,1.05,76.65,229.95000000000002,0.6939550024259881,2.081865007277964,159.57495280785596,1.378487677840592,100.62960048236323,0.7033773294373722,58.945352325492735
candidate-00620,A0180;A0378;A0379,0,3,0.31655932170331286,0.8417203391483435,1.1,80.30000000000001,240.90000000000003,0.7340677433161061,2.2022032299483185,176.83691936485,1.378487677840592,100.62960048236323,0.8237155521077266,76.20731888248676
candidate-00621,A0183;A0197,0,2,0.17392231582643075,0.8260776841735693,0.9,65.925,131.85,0.5608352749431186,1.1216705498862372,73.94613100125018,0.9819054246586214,71.92649721386688,0.13976512522761575,2.019633787383299
candidate-00622,A0183;A0197,0,2,0.17392231582643075,0.8260776841735693,0.95,69.58749999999999,139.17499999999998,0.6087142845184983,1.2174285690369966,84.71781054786199,0.9819054246586214,71.92649721386688,0.23552314437837518,12.791313333995106
candidate-00623,A0183;A0197,0,2,0.17392231582643075,0.8260776841735693,1.0,73.25,146.5,0.6545882648875901,1.3091765297751803,95.89718080603195,0.9819054246586214,71.92649721386688,0.3272711051165589,23.970683592165074
candidate-00624,A0183;A0197,0,2,0.17392231582643075,0.8260776841735693,1.05,76.91250000000001,153.82500000000002,0.6977544764899678,1.3955089529799356,107.33208234606931,0.9819054246586214,71.92649721386688,0.4136035283213142,35.40558513220243
candidate-00625,A0183;A0197,0,2,0.17392231582643075,0.8260776841735693,1.1,80.575,161.15,0.7376879203023937,1.4753758406047874,118.87840835673074,0.9819054246586214,71.92649721386688,0.49347041594616603,46.951911142863864
candidate-00626,A0285;A0286,3,2,0.25355686747543604,0.746443132524564,0.9,66.15,132.3,0.5518352905226761,1.1036705810453522,73.00780893615006,0.9862444273999746,72.48896541389814,0.11742615364537756,0.5188435222519132
candidate-00627,A0285;A0286,3,2,0.25355686747543604,0.746443132524564,0.95,69.825,139.65,0.6001573288378129,1.2003146576756258,83.81197097220058,0.9862444273999746,72.48896541389814,0.2140702302756512,11.323005558302441
candidate-00628,A0285;A0286,3,2,0.25355686747543604,0.746443132524564,1.0,73.5,147.0,0.6466057756140655,1.293211551228131,95.05104901526764,0.9862444273999746,72.48896541389814,0.3069671238281564,22.562083601369494
candidate-00629,A0285;A0286,3,2,0.25355686747543604,0.746443132524564,1.05,77.175,154.35,0.690441567193123,1.380883134386246,106.56965589625852,0.9862444273999746,72.48896541389814,0.39463870698627135,34.08069048236038
candidate-00630,A0285;A0286,3,2,0.25355686747543604,0.746443132524564,1.1,80.85000000000001,161.70000000000002,0.7311011167322727,1.4622022334645455,118.21905057560852,0.9862444273999746,72.48896541389814,0.47595780606457083,45.73008516171038
candidate-00631,A0286;A0423,3,2,0.8184471001814174,0.18155289981858258,0.9,66.15,132.3,0.46720762130309434,0.9344152426061887,61.811568298399386,0.9718795673466094,71.43314819997579,-0.03746432474042072,-9.621579901576403
candidate-00632,A0286;A0423,3,2,0.8184471001814174,0.18155289981858258,0.95,69.825,139.65,0.5166622834338751,1.0333245668677502,72.15188788154066,0.9718795673466094,71.43314819997579,0.0614449995211408,0.7187396815648697
candidate-00633,A0286;A0423,3,2,0.8184471001814174,0.18155289981858258,1.0,73.5,147.0,0.5657927068904723,1.1315854137809447,83.17152791289944,0.9718795673466094,71.43314819997579,0.15970584643433527,11.738379712923646
candidate-00634,A0286;A0423,3,2,0.8184471001814174,0.18155289981858258,1.05,77.175,154.35,0.6136634115229119,1.2273268230458239,94.71894756856145,0.9718795673466094,71.43314819997579,0.25544725569921445,23.285799368585657
candidate-00635,A0286;A0423,3,2,0.8184471001814174,0.18155289981858258,1.1,80.85000000000001,161.70000000000002,0.6594332248982359,1.3188664497964717,106.63035246604476,0.9718795673466094,71.43314819997579,0.3469868824498623,35.197204266068965
candidate-00636,A0285;A0286;A0423,3,3,1.0720039676568534,0.4639980161715733,0.9,66.15,198.45000000000002,0.5313461969703975,1.5940385909111927,105.4456527887754,1.4641634454835581,107.61601324304154,0.12987514542763456,-2.170360454266131
candidate-00637,A0285;A0286;A0423,3,3,1.0720039676568534,0.4639980161715733,0.95,69.825,209.47500000000002,0.5801968026848184,1.7405904080544552,121.53672524240235,1.4641634454835581,107.61601324304154,0.27642696257089705,13.920711999360819
candidate-00638,A0285;A0286;A0423,3,3,1.0720039676568534,0.4639980161715733,1.0,73.5,220.5,0.6275249160388945,1.8825747481166835,138.36924398657624,1.4641634454835581,107.61601324304154,0.4184113026331253,30.7532307435347
candidate-00639,A0285;A0286;A0423,3,3,1.0720039676568534,0.4639980161715733,1.05,77.175,231.52499999999998,0.6725288659488011,2.017586597846403,155.70724568879618,1.4641634454835581,107.61601324304154,0.553423152362845,48.09123244575464
candidate-00640,A0285;A0286;A0423,3,3,1.0720039676568534,0.4639980161715733,1.1,80.85000000000001,242.55,0.7145685453203892,2.1437056359611675,173.3186006674604,1.4641634454835581,107.61601324304154,0.6795421904776093,65.70258742441887
candidate-00641,A0355;A0375,2,2,0.5254594123301582,0.47454058766984175,0.9,66.15,132.3,0.3630658174629724,0.7261316349259448,48.03360765035125,0.6875189191017332,50.53264055397739,0.03861271582421155,-2.499032903626137
candidate-00642,A0355;A0375,2,2,0.5254594123301582,0.47454058766984175,0.95,69.825,139.65,0.40997945730366137,0.8199589146073227,57.25363121245631,0.6875189191017332,50.53264055397739,0.1324399955055895,6.720990658478925
candidate-00643,A0355;A0375,2,2,0.5254594123301582,0.47454058766984175,1.0,73.5,147.0,0.4585904657030319,0.9171809314060638,67.41279845834569,0.6875189191017332,50.53264055397739,0.2296620123043306,16.880157904368303
candidate-00644,A0355;A0375,2,2,0.5254594123301582,0.47454058766984175,1.05,77.175,154.35,0.5080026879329206,1.0160053758658412,78.41021488244628,0.6875189191017332,50.53264055397739,0.3284864567641079,27.877574328468896
candidate-00645,A0355;A0375,2,2,0.5254594123301582,0.47454058766984175,1.1,80.85000000000001,161.70000000000002,0.5572590504541591,1.1145181009083183,90.10878845843754,0.6875189191017332,50.53264055397739,0.426999181806585,39.57614790446016
candidate-00646,A0364;A0446,2,2,0.6388817894807741,0.3611182105192259,0.9,68.85000000000001,137.70000000000002,0.31883320898866846,0.6376664179773369,43.90333287773965,0.637545648174242,49.07414156493819,0.00012076980309494445,-5.170808687198537
candidate-00647,A0364;A0446,2,2,0.6388817894807741,0.3611182105192259,0.95,72.675,145.35,0.3651630427393041,0.7303260854786082,53.076448262157854,0.637545648174242,49.07414156493819,0.09278043730436625,4.002306697219666
candidate-00648,A0364;A0446,2,2,0.6388817894807741,0.3611182105192259,1.0,76.5,153.0,0.41413207581294875,0.8282641516258975,63.36220759938116,0.637545648174242,49.07414156493819,0.19071850345165553,14.28806603444297
candidate-00649,A0364;A0446,2,2,0.6388817894807741,0.3611182105192259,1.05,80.325,160.65,0.46485937932834187,0.9297187586566837,74.67965928909813,0.637545648174242,49.07414156493819,0.29217311048244177,25.605517724159938
candidate-00650,A0364;A0446,2,2,0.6388817894807741,0.3611182105192259,1.1,84.15,168.3,0.5163242517252414,1.0326485034504829,86.89737156535814,0.637545648174242,49.07414156493819,0.3951028552762409,37.823230000419954
candidate-00651,A0378;A0379,0,2,0.2582486424058996,0.7417513575941004,0.9,65.7,131.4,0.51900121464845,1.0380024292969,68.19675960480633,0.9203323482808861,67.18426142450468,0.11767008101601384,1.0124981803016482
candidate-00652,A0378;A0379,0,2,0.2582486424058996,0.7417513575941004,0.95,69.35,138.7,0.5677620641575047,1.1355241283150095,78.7485982986459,0.9203323482808861,67.18426142450468,0.21519178003412343,11.564336874141219
candidate-00653,A0378;A0379,0,2,0.2582486424058996,0.7417513575941004,1.0,73.0,146.0,0.6152443273705454,1.2304886547410907,89.82567179609963,0.9203323482808861,67.18426142450468,0.31015630646020464,22.641410371594944
candidate-00654,A0378;A0379,0,2,0.2582486424058996,0.7417513575941004,1.05,76.65,153.3,0.660628368384067,1.321256736768134,101.27432887327748,0.9203323482808861,67.18426142450468,0.400924388487248,34.0900674487728
candidate-00655,A0378;A0379,0,2,0.2582486424058996,0.7417513575941004,1.1,80.30000000000001,160.60000000000002,0.7032412377327569,1.4064824754655139,112.94054277988077,0.9203323482808861,67.18426142450468,0.4861501271846278,45.75628135537609
candidate-00656,A0447;A0465,2,2,0.6366195589156273,0.36338044108437273,0.9,67.275,134.55,0.29551526639330084,0.5910305327866017,39.76157909321863,0.5846083158595374,43.68768346504736,0.006422216927064239,-3.9261043718287283
candidate-00657,A0447;A0465,2,2,0.6366195589156273,0.36338044108437273,0.95,71.0125,142.025,0.33909128497097213,0.6781825699419443,48.15943974800232,0.5846083158595374,43.68768346504736,0.09357425408240683,4.4717562829549635
candidate-00658,A0447;A0465,2,2,0.6366195589156273,0.36338044108437273,1.0,74.75,149.5,0.385576076982744,0.771152153965488,57.64362350892023,0.5846083158595374,43.68768346504736,0.18654383810595054,13.955940043872872
candidate-00659,A0447;A0465,2,2,0.6366195589156273,0.36338044108437273,1.05,78.4875,156.975,0.4342463303480886,0.8684926606961773,68.16581770639121,0.5846083158595374,43.68768346504736,0.2838843448366398,24.478134241343852
candidate-00660,A0447;A0465,2,2,0.6366195589156273,0.36338044108437273,1.1,82.22500000000001,164.45000000000002,0.4842184852482121,0.9684369704964242,79.6297298990685,0.5846083158595374,43.68768346504736,0.38382865463688676,35.94204643402114
candidate-00661,A0045;A0067;A0456,2,3,1.156107199627664,0.421946400186168,0.9,66.0,198.0,0.26259577261367306,0.7877873178410192,51.993962977507266,0.7078342277744214,51.901343277011364,0.07995309006659779,0.09261970049590218
candidate-00662,A0045;A0067;A0456,2,3,1.156107199627664,0.421946400186168,0.95,69.66666666666666,208.99999999999997,0.3026020720873612,0.9078062162620835,63.243833066258475,0.7078342277744214,51.901343277011364,0.19997198848766207,11.34248978924711
candidate-00663,A0045;A0067;A0456,2,3,1.156107199627664,0.421946400186168,1.0,73.33333333333333,220.0,0.34584476367967354,1.0375342910390206,76.08584800952818,0.7078342277744214,51.901343277011364,0.3297000632645992,24.184504732516814
candidate-00664,A0045;A0067;A0456,2,3,1.156107199627664,0.421946400186168,1.05,77.0,231.0,0.39179533839959363,1.175386015198781,90.50472317030612,0.7078342277744214,51.901343277011364,0.46755178742435954,38.60337989329476
candidate-00665,A0045;A0067;A0456,2,3,1.156107199627664,0.421946400186168,1.1,80.66666666666667,242.0,0.43974697894747317,1.3192409368424194,106.4187689052885,0.7078342277744214,51.901343277011364,0.611406709067998,54.51742562827714
candidate-00666,A0109;A0112;A0467,2,3,1.511547640164347,0.24422617991782647,0.9,66.15,198.45000000000002,0.40495563765121567,1.2148669129536471,80.36344629188376,1.2096655425997478,88.91041738108146,0.005201370353899337,-8.546971089197697
candidate-00667,A0109;A0112;A0467,2,3,1.511547640164347,0.24422617991782647,0.95,69.825,209.47500000000002,0.45342874611632084,1.3602862383489625,94.98198659271631,1.2096655425997478,88.91041738108146,0.15062069574921466,6.071569211634852
candidate-00668,A0109;A0112;A0467,2,3,1.511547640164347,0.24422617991782647,1.0,73.5,220.5,0.5028013078883027,1.508403923664908,110.86768838937074,1.2096655425997478,88.91041738108146,0.29873838106516026,21.957271008289283
candidate-00669,A0109;A0112;A0467,2,3,1.511547640164347,0.24422617991782647,1.05,77.175,231.52499999999998,0.5521192994650473,1.6563578983951421,127.82942080864507,1.2096655425997478,88.91041738108146,0.44669235579539435,38.91900342756361
candidate-00670,A0109;A0112;A0467,2,3,1.511547640164347,0.24422617991782647,1.1,80.85000000000001,242.55,0.6004328881191544,1.8012986643574633,145.6349970133009,1.2096655425997478,88.91041738108146,0.5916331217577155,56.724579632219445
