mirror_id,x_m,y_m,z_m
1,-47.2,-346.1347934103785,3.175
2,-35.400000000000006,-346.1347934103785,3.175
3,-23.6,-346.1347934103785,3.175
4,-11.8,-346.1347934103785,3.175
5,0.0,-346.1347934103785,3.175
6,11.8,-346.1347934103785,3.175
7,23.6,-346.1347934103785,3.175
8,35.400000000000006,-346.1347934103785,3.175
9,47.2,-346.1347934103785,3.175
10,-88.5,-335.9156936457221,3.175
11,-76.7,-335.9156936457221,3.175
12,-64.9,-335.9156936457221,3.175
13,-53.1,-335.9156936457221,3.175
14,-41.300000000000004,-335.9156936457221,3.175
15,-29.500000000000007,-335.9156936457221,3.175
16,-17.700000000000003,-335.9156936457221,3.175
17,-5.9,-335.9156936457221,3.175
18,5.9,-335.9156936457221,3.175
19,17.700000000000003,-335.9156936457221,3.175
20,29.5,-335.9156936457221,3.175
21,41.300000000000004,-335.9156936457221,3.175
22,53.1,-335.9156936457221,3.175
23,64.9,-335.9156936457221,3.175
24,76.70000000000002,-335.9156936457221,3.175
25,88.50000000000001,-335.9156936457221,3.175
26,-118.0,-325.6965938810658,3.175
27,-106.2,-325.6965938810658,3.175
28,-94.4,-325.6965938810658,3.175
29,-82.60000000000001,-325.6965938810658,3.175
30,-70.80000000000001,-325.6965938810658,3.175
31,-59.0,-325.6965938810658,3.175
32,-47.2,-325.6965938810658,3.175
33,-35.400000000000006,-325.6965938810658,3.175
34,-23.6,-325.6965938810658,3.175
35,-11.8,-325.6965938810658,3.175
36,0.0,-325.6965938810658,3.175
37,11.8,-325.6965938810658,3.175
38,23.6,-325.6965938810658,3.175
39,35.400000000000006,-325.6965938810658,3.175
40,47.2,-325.6965938810658,3.175
41,59.0,-325.6965938810658,3.175
42,70.80000000000001,-325.6965938810658,3.175
43,82.60000000000001,-325.6965938810658,3.175
44,94.4,-325.6965938810658,3.175
45,106.2,-325.6965938810658,3.175
46,118.0,-325.6965938810658,3.175
47,-147.5,-315.4774941164094,3.175
48,-135.70000000000002,-315.4774941164094,3.175
49,-123.9,-315.4774941164094,3.175
50,-112.1,-315.4774941164094,3.175
51,-100.3,-315.4774941164094,3.175
52,-88.5,-315.4774941164094,3.175
53,-76.7,-315.4774941164094,3.175
54,-64.9,-315.4774941164094,3.175
55,-53.1,-315.4774941164094,3.175
56,-41.300000000000004,-315.4774941164094,3.175
57,-29.500000000000007,-315.4774941164094,3.175
58,-17.700000000000003,-315.4774941164094,3.175
59,-5.9,-315.4774941164094,3.175
60,5.9,-315.4774941164094,3.175
61,17.700000000000003,-315.4774941164094,3.175
62,29.5,-315.4774941164094,3.175
63,41.300000000000004,-315.4774941164094,3.175
64,53.1,-315.4774941164094,3.175
65,64.9,-315.4774941164094,3.175
66,76.70000000000002,-315.4774941164094,3.175
67,88.50000000000001,-315.4774941164094,3.175
68,100.30000000000001,-315.4774941164094,3.175
69,112.10000000000001,-315.4774941164094,3.175
70,123.9,-315.4774941164094,3.175
71,135.70000000000002,-315.4774941164094,3.175
72,147.50000000000003,-315.4774941164094,3.175
73,-165.20000000000002,-305.258394351753,3.175
74,-153.4,-305.258394351753,3.175
75,-141.60000000000002,-305.258394351753,3.175
76,-129.8,-305.258394351753,3.175
77,-118.0,-305.258394351753,3.175
78,-106.2,-305.258394351753,3.175
79,-94.4,-305.258394351753,3.175
80,-82.60000000000001,-305.258394351753,3.175
81,-70.80000000000001,-305.258394351753,3.175
82,-59.0,-305.258394351753,3.175
83,-47.2,-305.258394351753,3.175
84,-35.400000000000006,-305.258394351753,3.175
85,-23.6,-305.258394351753,3.175
86,-11.8,-305.258394351753,3.175
87,0.0,-305.258394351753,3.175
88,11.8,-305.258394351753,3.175
89,23.6,-305.258394351753,3.175
90,35.400000000000006,-305.258394351753,3.175
91,47.2,-305.258394351753,3.175
92,59.0,-305.258394351753,3.175
93,70.80000000000001,-305.258394351753,3.175
94,82.60000000000001,-305.258394351753,3.175
95,94.4,-305.258394351753,3.175
96,106.2,-305.258394351753,3.175
97,118.0,-305.258394351753,3.175
98,129.8,-305.258394351753,3.175
99,141.60000000000002,-305.258394351753,3.175
100,153.4,-305.258394351753,3.175
101,165.20000000000002,-305.258394351753,3.175
102,-182.9,-295.0392945870966,3.175
103,-171.1,-295.0392945870966,3.175
104,-159.3,-295.0392945870966,3.175
105,-147.5,-295.0392945870966,3.175
106,-135.70000000000002,-295.0392945870966,3.175
107,-123.9,-295.0392945870966,3.175
108,-112.1,-295.0392945870966,3.175
109,-100.3,-295.0392945870966,3.175
110,-88.5,-295.0392945870966,3.175
111,-76.7,-295.0392945870966,3.175
112,-64.9,-295.0392945870966,3.175
113,-53.1,-295.0392945870966,3.175
114,-41.300000000000004,-295.0392945870966,3.175
115,-29.500000000000007,-295.0392945870966,3.175
116,-17.700000000000003,-295.0392945870966,3.175
117,-5.9,-295.0392945870966,3.175
118,5.9,-295.0392945870966,3.175
119,17.700000000000003,-295.0392945870966,3.175
120,29.5,-295.0392945870966,3.175
121,41.300000000000004,-295.0392945870966,3.175
122,53.1,-295.0392945870966,3.175
123,64.9,-295.0392945870966,3.175
124,76.70000000000002,-295.0392945870966,3.175
125,88.50000000000001,-295.0392945870966,3.175
126,100.30000000000001,-295.0392945870966,3.175
127,112.10000000000001,-295.0392945870966,3.175
128,123.9,-295.0392945870966,3.175
129,135.70000000000002,-295.0392945870966,3.175
130,147.50000000000003,-295.0392945870966,3.175
131,159.3,-295.0392945870966,3.175
132,171.10000000000002,-295.0392945870966,3.175
133,182.9,-295.0392945870966,3.175
134,-200.60000000000002,-284.82019482244027,3.175
135,-188.8,-284.82019482244027,3.175
136,-177.0,-284.82019482244027,3.175
137,-165.20000000000002,-284.82019482244027,3.175
138,-153.4,-284.82019482244027,3.175
139,-141.60000000000002,-284.82019482244027,3.175
140,-129.8,-284.82019482244027,3.175
141,-118.0,-284.82019482244027,3.175
142,-106.2,-284.82019482244027,3.175
143,-94.4,-284.82019482244027,3.175
144,-82.60000000000001,-284.82019482244027,3.175
145,-70.80000000000001,-284.82019482244027,3.175
146,-59.0,-284.82019482244027,3.175
147,-47.2,-284.82019482244027,3.175
148,-35.400000000000006,-284.82019482244027,3.175
149,-23.6,-284.82019482244027,3.175
150,-11.8,-284.82019482244027,3.175
151,0.0,-284.82019482244027,3.175
152,11.8,-284.82019482244027,3.175
153,23.6,-284.82019482244027,3.175
154,35.400000000000006,-284.82019482244027,3.175
155,47.2,-284.82019482244027,3.175
156,59.0,-284.82019482244027,3.175
157,70.80000000000001,-284.82019482244027,3.175
158,82.60000000000001,-284.82019482244027,3.175
159,94.4,-284.82019482244027,3.175
160,106.2,-284.82019482244027,3.175
161,118.0,-284.82019482244027,3.175
162,129.8,-284.82019482244027,3.175
163,141.60000000000002,-284.82019482244027,3.175
164,153.4,-284.82019482244027,3.175
165,165.20000000000002,-284.82019482244027,3.175
166,177.0,-284.82019482244027,3.175
167,188.8,-284.82019482244027,3.175
168,200.60000000000002,-284.82019482244027,3.175
169,-206.5,-274.6010950577839,3.175
170,-194.70000000000002,-274.6010950577839,3.175
171,-182.9,-274.6010950577839,3.175
172,-171.1,-274.6010950577839,3.175
173,-159.3,-274.6010950577839,3.175
174,-147.5,-274.6010950577839,3.175
175,-135.70000000000002,-274.6010950577839,3.175
176,-123.9,-274.6010950577839,3.175
177,-112.1,-274.6010950577839,3.175
178,-100.3,-274.6010950577839,3.175
179,-88.5,-274.6010950577839,3.175
180,-76.7,-274.6010950577839,3.175
181,-64.9,-274.6010950577839,3.175
182,-53.1,-274.6010950577839,3.175
183,-41.300000000000004,-274.6010950577839,3.175
184,-29.500000000000007,-274.6010950577839,3.175
185,-17.700000000000003,-274.6010950577839,3.175
186,-5.9,-274.6010950577839,3.175
187,5.9,-274.6010950577839,3.175
188,17.700000000000003,-274.6010950577839,3.175
189,29.5,-274.6010950577839,3.175
190,41.300000000000004,-274.6010950577839,3.175
191,53.1,-274.6010950577839,3.175
192,64.9,-274.6010950577839,3.175
193,76.70000000000002,-274.6010950577839,3.175
194,88.50000000000001,-274.6010950577839,3.175
195,100.30000000000001,-274.6010950577839,3.175
196,112.10000000000001,-274.6010950577839,3.175
197,123.9,-274.6010950577839,3.175
198,135.70000000000002,-274.6010950577839,3.175
199,147.50000000000003,-274.6010950577839,3.175
200,159.3,-274.6010950577839,3.175
201,171.10000000000002,-274.6010950577839,3.175
202,182.9,-274.6010950577839,3.175
203,194.70000000000002,-274.6010950577839,3.175
204,206.50000000000003,-274.6010950577839,3.175
205,-224.20000000000002,-264.3819952931275,3.175
206,-212.4,-264.3819952931275,3.175
207,-200.60000000000002,-264.3819952931275,3.175
208,-188.8,-264.3819952931275,3.175
209,-177.0,-264.3819952931275,3.175
210,-165.20000000000002,-264.3819952931275,3.175
211,-153.4,-264.3819952931275,3.175
212,-141.60000000000002,-264.3819952931275,3.175
213,-129.8,-264.3819952931275,3.175
214,-118.0,-264.3819952931275,3.175
215,-106.2,-264.3819952931275,3.175
216,-94.4,-264.3819952931275,3.175
217,-82.60000000000001,-264.3819952931275,3.175
218,-70.80000000000001,-264.3819952931275,3.175
219,-59.0,-264.3819952931275,3.175
220,-47.2,-264.3819952931275,3.175
221,-35.400000000000006,-264.3819952931275,3.175
222,-23.6,-264.3819952931275,3.175
223,-11.8,-264.3819952931275,3.175
224,0.0,-264.3819952931275,3.175
225,11.8,-264.3819952931275,3.175
226,23.6,-264.3819952931275,3.175
227,35.400000000000006,-264.3819952931275,3.175
228,47.2,-264.3819952931275,3.175
229,59.0,-264.3819952931275,3.175
230,70.80000000000001,-264.3819952931275,3.175
231,82.60000000000001,-264.3819952931275,3.175
232,94.4,-264.3819952931275,3.175
233,106.2,-264.3819952931275,3.175
234,118.0,-264.3819952931275,3.175
235,129.8,-264.3819952931275,3.175
236,141.60000000000002,-264.3819952931275,3.175
237,153.4,-264.3819952931275,3.175
238,165.20000000000002,-264.3819952931275,3.175
239,177.0,-264.3819952931275,3.175
240,188.8,-264.3819952931275,3.175
241,200.60000000000002,-264.3819952931275,3.175
242,212.4,-264.3819952931275,3.175
243,224.20000000000002,-264.3819952931275,3.175
244,-230.1,-254.16289552847113,3.175
245,-218.3,-254.16289552847113,3.175
246,-206.5,-254.16289552847113,3.175
247,-194.70000000000002,-254.16289552847113,3.175
248,-182.9,-254.16289552847113,3.175
249,-171.1,-254.16289552847113,3.175
250,-159.3,-254.16289552847113,3.175
251,-147.5,-254.16289552847113,3.175
252,-135.70000000000002,-254.16289552847113,3.175
253,-123.9,-254.16289552847113,3.175
254,-112.1,-254.16289552847113,3.175
255,-100.3,-254.16289552847113,3.175
256,-88.5,-254.16289552847113,3.175
257,-76.7,-254.16289552847113,3.175
258,-64.9,-254.16289552847113,3.175
259,-53.1,-254.16289552847113,3.175
260,-41.300000000000004,-254.16289552847113,3.175
261,-29.500000000000007,-254.16289552847113,3.175
262,-17.700000000000003,-254.16289552847113,3.175
263,-5.9,-254.16289552847113,3.175
264,5.9,-254.16289552847113,3.175
265,17.700000000000003,-254.16289552847113,3.175
266,29.5,-254.16289552847113,3.175
267,41.300000000000004,-254.16289552847113,3.175
268,53.1,-254.16289552847113,3.175
269,64.9,-254.16289552847113,3.175
270,76.70000000000002,-254.16289552847113,3.175
271,88.50000000000001,-254.16289552847113,3.175
272,100.30000000000001,-254.16289552847113,3.175
273,112.10000000000001,-254.16289552847113,3.175
274,123.9,-254.16289552847113,3.175
275,135.70000000000002,-254.16289552847113,3.175
276,147.50000000000003,-254.16289552847113,3.175
277,159.3,-254.16289552847113,3.175
278,171.10000000000002,-254.16289552847113,3.175
279,182.9,-254.16289552847113,3.175
280,194.70000000000002,-254.16289552847113,3.175
281,206.50000000000003,-254.16289552847113,3.175
282,218.3,-254.16289552847113,3.175
283,230.10000000000002,-254.16289552847113,3.175
284,-247.8,-243.94379576381476,3.175
285,-236.0,-243.94379576381476,3.175
286,-224.20000000000002,-243.94379576381476,3.175
287,-212.4,-243.94379576381476,3.175
288,-200.60000000000002,-243.94379576381476,3.175
289,-188.8,-243.94379576381476,3.175
290,-177.0,-243.94379576381476,3.175
291,-165.20000000000002,-243.94379576381476,3.175
292,-153.4,-243.94379576381476,3.175
293,-141.60000000000002,-243.94379576381476,3.175
294,-129.8,-243.94379576381476,3.175
295,-118.0,-243.94379576381476,3.175
296,-106.2,-243.94379576381476,3.175
297,-94.4,-243.94379576381476,3.175
298,-82.60000000000001,-243.94379576381476,3.175
299,-70.80000000000001,-243.94379576381476,3.175
300,-59.0,-243.94379576381476,3.175
301,-47.2,-243.94379576381476,3.175
302,-35.400000000000006,-243.94379576381476,3.175
303,-23.6,-243.94379576381476,3.175
304,-11.8,-243.94379576381476,3.175
305,0.0,-243.94379576381476,3.175
306,11.8,-243.94379576381476,3.175
307,23.6,-243.94379576381476,3.175
308,35.400000000000006,-243.94379576381476,3.175
309,47.2,-243.94379576381476,3.175
310,59.0,-243.94379576381476,3.175
311,70.80000000000001,-243.94379576381476,3.175
312,82.60000000000001,-243.94379576381476,3.175
313,94.4,-243.94379576381476,3.175
314,106.2,-243.94379576381476,3.175
315,118.0,-243.94379576381476,3.175
316,129.8,-243.94379576381476,3.175
317,141.60000000000002,-243.94379576381476,3.175
318,153.4,-243.94379576381476,3.175
319,165.20000000000002,-243.94379576381476,3.175
320,177.0,-243.94379576381476,3.175
321,188.8,-243.94379576381476,3.175
322,200.60000000000002,-243.94379576381476,3.175
323,212.4,-243.94379576381476,3.175
324,224.20000000000002,-243.94379576381476,3.175
325,236.0,-243.94379576381476,3.175
326,247.8,-243.94379576381476,3.175
327,-253.70000000000002,-233.72469599915837,3.175
328,-241.9,-233.72469599915837,3.175
329,-230.1,-233.72469599915837,3.175
330,-218.3,-233.72469599915837,3.175
331,-206.5,-233.72469599915837,3.175
332,-194.70000000000002,-233.72469599915837,3.175
333,-182.9,-233.72469599915837,3.175
334,-171.1,-233.72469599915837,3.175
335,-159.3,-233.72469599915837,3.175
336,-147.5,-233.72469599915837,3.175
337,-135.70000000000002,-233.72469599915837,3.175
338,-123.9,-233.72469599915837,3.175
339,-112.1,-233.72469599915837,3.175
340,-100.3,-233.72469599915837,3.175
341,-88.5,-233.72469599915837,3.175
342,-76.7,-233.72469599915837,3.175
343,-64.9,-233.72469599915837,3.175
344,-53.1,-233.72469599915837,3.175
345,-41.300000000000004,-233.72469599915837,3.175
346,-29.500000000000007,-233.72469599915837,3.175
347,-17.700000000000003,-233.72469599915837,3.175
348,-5.9,-233.72469599915837,3.175
349,5.9,-233.72469599915837,3.175
350,17.700000000000003,-233.72469599915837,3.175
351,29.5,-233.72469599915837,3.175
352,41.300000000000004,-233.72469599915837,3.175
353,53.1,-233.72469599915837,3.175
354,64.9,-233.72469599915837,3.175
355,76.70000000000002,-233.72469599915837,3.175
356,88.50000000000001,-233.72469599915837,3.175
357,100.30000000000001,-233.72469599915837,3.175
358,112.10000000000001,-233.72469599915837,3.175
359,123.9,-233.72469599915837,3.175
360,135.70000000000002,-233.72469599915837,3.175
361,147.50000000000003,-233.72469599915837,3.175
362,159.3,-233.72469599915837,3.175
363,171.10000000000002,-233.72469599915837,3.175
364,182.9,-233.72469599915837,3.175
365,194.70000000000002,-233.72469599915837,3.175
366,206.50000000000003,-233.72469599915837,3.175
367,218.3,-233.72469599915837,3.175
368,230.10000000000002,-233.72469599915837,3.175
369,241.9,-233.72469599915837,3.175
370,253.70000000000002,-233.72469599915837,3.175
371,-259.6,-223.505596234502,3.175
372,-247.8,-223.505596234502,3.175
373,-236.0,-223.505596234502,3.175
374,-224.20000000000002,-223.505596234502,3.175
375,-212.4,-223.505596234502,3.175
376,-200.60000000000002,-223.505596234502,3.175
377,-188.8,-223.505596234502,3.175
378,-177.0,-223.505596234502,3.175
379,-165.20000000000002,-223.505596234502,3.175
380,-153.4,-223.505596234502,3.175
381,-141.60000000000002,-223.505596234502,3.175
382,-129.8,-223.505596234502,3.175
383,-118.0,-223.505596234502,3.175
384,-106.2,-223.505596234502,3.175
385,-94.4,-223.505596234502,3.175
386,-82.60000000000001,-223.505596234502,3.175
387,-70.80000000000001,-223.505596234502,3.175
388,-59.0,-223.505596234502,3.175
389,-47.2,-223.505596234502,3.175
390,-35.400000000000006,-223.505596234502,3.175
391,-23.6,-223.505596234502,3.175
392,-11.8,-223.505596234502,3.175
393,0.0,-223.505596234502,3.175
394,11.8,-223.505596234502,3.175
395,23.6,-223.505596234502,3.175
396,35.400000000000006,-223.505596234502,3.175
397,47.2,-223.505596234502,3.175
398,59.0,-223.505596234502,3.175
399,70.80000000000001,-223.505596234502,3.175
400,82.60000000000001,-223.505596234502,3.175
401,94.4,-223.505596234502,3.175
402,106.2,-223.505596234502,3.175
403,118.0,-223.505596234502,3.175
404,129.8,-223.505596234502,3.175
405,141.60000000000002,-223.505596234502,3.175
406,153.4,-223.505596234502,3.175
407,165.20000000000002,-223.505596234502,3.175
408,177.0,-223.505596234502,3.175
409,188.8,-223.505596234502,3.175
410,200.60000000000002,-223.505596234502,3.175
411,212.4,-223.505596234502,3.175
412,224.20000000000002,-223.505596234502,3.175
413,236.0,-223.505596234502,3.175
414,247.8,-223.505596234502,3.175
415,259.6,-223.505596234502,3.175
416,-277.30000000000007,-213.28649646984564,3.175
417,-265.50000000000006,-213.28649646984564,3.175
418,-253.70000000000002,-213.28649646984564,3.175
419,-241.9,-213.28649646984564,3.175
420,-230.1,-213.28649646984564,3.175
421,-218.3,-213.28649646984564,3.175
422,-206.5,-213.28649646984564,3.175
423,-194.70000000000002,-213.28649646984564,3.175
424,-182.9,-213.28649646984564,3.175
425,-171.1,-213.28649646984564,3.175
426,-159.3,-213.28649646984564,3.175
427,-147.5,-213.28649646984564,3.175
428,-135.70000000000002,-213.28649646984564,3.175
429,-123.9,-213.28649646984564,3.175
430,-112.1,-213.28649646984564,3.175
431,-100.3,-213.28649646984564,3.175
432,-88.5,-213.28649646984564,3.175
433,-76.7,-213.28649646984564,3.175
434,-64.9,-213.28649646984564,3.175
435,-53.1,-213.28649646984564,3.175
436,-41.300000000000004,-213.28649646984564,3.175
437,-29.500000000000007,-213.28649646984564,3.175
438,-17.700000000000003,-213.28649646984564,3.175
439,-5.9,-213.28649646984564,3.175
440,5.9,-213.28649646984564,3.175
441,17.700000000000003,-213.28649646984564,3.175
442,29.5,-213.28649646984564,3.175
443,41.300000000000004,-213.28649646984564,3.175
444,53.1,-213.28649646984564,3.175
445,64.9,-213.28649646984564,3.175
446,76.70000000000002,-213.28649646984564,3.175
447,88.50000000000001,-213.28649646984564,3.175
448,100.30000000000001,-213.28649646984564,3.175
449,112.10000000000001,-213.28649646984564,3.175
450,123.9,-213.28649646984564,3.175
451,135.70000000000002,-213.28649646984564,3.175
452,147.50000000000003,-213.28649646984564,3.175
453,159.3,-213.28649646984564,3.175
454,171.10000000000002,-213.28649646984564,3.175
455,182.9,-213.28649646984564,3.175
456,194.70000000000002,-213.28649646984564,3.175
457,206.50000000000003,-213.28649646984564,3.175
458,218.3,-213.28649646984564,3.175
459,230.10000000000002,-213.28649646984564,3.175
460,241.9,-213.28649646984564,3.175
461,253.70000000000002,-213.28649646984564,3.175
462,265.5,-213.28649646984564,3.175
463,277.3,-213.28649646984564,3.175
464,-283.20000000000005,-203.06739670518925,3.175
465,-271.40000000000003,-203.06739670518925,3.175
466,-259.6,-203.06739670518925,3.175
467,-247.8,-203.06739670518925,3.175
468,-236.0,-203.06739670518925,3.175
469,-224.20000000000002,-203.06739670518925,3.175
470,-212.4,-203.06739670518925,3.175
471,-200.60000000000002,-203.06739670518925,3.175
472,-188.8,-203.06739670518925,3.175
473,-177.0,-203.06739670518925,3.175
474,-165.20000000000002,-203.06739670518925,3.175
475,-153.4,-203.06739670518925,3.175
476,-141.60000000000002,-203.06739670518925,3.175
477,-129.8,-203.06739670518925,3.175
478,-118.0,-203.06739670518925,3.175
479,-106.2,-203.06739670518925,3.175
480,-94.4,-203.06739670518925,3.175
481,-82.60000000000001,-203.06739670518925,3.175
482,-70.80000000000001,-203.06739670518925,3.175
483,-59.0,-203.06739670518925,3.175
484,-47.2,-203.06739670518925,3.175
485,-35.400000000000006,-203.06739670518925,3.175
486,-23.6,-203.06739670518925,3.175
487,-11.8,-203.06739670518925,3.175
488,0.0,-203.06739670518925,3.175
489,11.8,-203.06739670518925,3.175
490,23.6,-203.06739670518925,3.175
491,35.400000000000006,-203.06739670518925,3.175
492,47.2,-203.06739670518925,3.175
493,59.0,-203.06739670518925,3.175
494,70.80000000000001,-203.06739670518925,3.175
495,82.60000000000001,-203.06739670518925,3.175
496,94.4,-203.06739670518925,3.175
497,106.2,-203.06739670518925,3.175
498,118.0,-203.06739670518925,3.175
499,129.8,-203.06739670518925,3.175
500,141.60000000000002,-203.06739670518925,3.175
501,153.4,-203.06739670518925,3.175
502,165.20000000000002,-203.06739670518925,3.175
503,177.0,-203.06739670518925,3.175
504,188.8,-203.06739670518925,3.175
505,200.60000000000002,-203.06739670518925,3.175
506,212.4,-203.06739670518925,3.175
507,224.20000000000002,-203.06739670518925,3.175
508,236.0,-203.06739670518925,3.175
509,247.8,-203.06739670518925,3.175
510,259.6,-203.06739670518925,3.175
511,271.40000000000003,-203.06739670518925,3.175
512,283.20000000000005,-203.06739670518925,3.175
513,-289.1,-192.8482969405329,3.175
514,-277.30000000000007,-192.8482969405329,3.175
515,-265.50000000000006,-192.8482969405329,3.175
516,-253.70000000000002,-192.8482969405329,3.175
517,-241.9,-192.8482969405329,3.175
518,-230.1,-192.8482969405329,3.175
519,-218.3,-192.8482969405329,3.175
520,-206.5,-192.8482969405329,3.175
521,-194.70000000000002,-192.8482969405329,3.175
522,-182.9,-192.8482969405329,3.175
523,-171.1,-192.8482969405329,3.175
524,-159.3,-192.8482969405329,3.175
525,-147.5,-192.8482969405329,3.175
526,-135.70000000000002,-192.8482969405329,3.175
527,-123.9,-192.8482969405329,3.175
528,-112.1,-192.8482969405329,3.175
529,-100.3,-192.8482969405329,3.175
530,-88.5,-192.8482969405329,3.175
531,-76.7,-192.8482969405329,3.175
532,-64.9,-192.8482969405329,3.175
533,-53.1,-192.8482969405329,3.175
534,-41.300000000000004,-192.8482969405329,3.175
535,-29.500000000000007,-192.8482969405329,3.175
536,-17.700000000000003,-192.8482969405329,3.175
537,-5.9,-192.8482969405329,3.175
538,5.9,-192.8482969405329,3.175
539,17.700000000000003,-192.8482969405329,3.175
540,29.5,-192.8482969405329,3.175
541,41.300000000000004,-192.8482969405329,3.175
542,53.1,-192.8482969405329,3.175
543,64.9,-192.8482969405329,3.175
544,76.70000000000002,-192.8482969405329,3.175
545,88.50000000000001,-192.8482969405329,3.175
546,100.30000000000001,-192.8482969405329,3.175
547,112.10000000000001,-192.8482969405329,3.175
548,123.9,-192.8482969405329,3.175
549,135.70000000000002,-192.8482969405329,3.175
550,147.50000000000003,-192.8482969405329,3.175
551,159.3,-192.8482969405329,3.175
552,171.10000000000002,-192.8482969405329,3.175
553,182.9,-192.8482969405329,3.175
554,194.70000000000002,-192.8482969405329,3.175
555,206.50000000000003,-192.8482969405329,3.175
556,218.3,-192.8482969405329,3.175
557,230.10000000000002,-192.8482969405329,3.175
558,241.9,-192.8482969405329,3.175
559,253.70000000000002,-192.8482969405329,3.175
560,265.5,-192.8482969405329,3.175
561,277.3,-192.8482969405329,3.175
562,289.1,-192.8482969405329,3.175
563,-295.0,-182.6291971758765,3.175
564,-283.20000000000005,-182.6291971758765,3.175
565,-271.40000000000003,-182.6291971758765,3.175
566,-259.6,-182.6291971758765,3.175
567,-247.8,-182.6291971758765,3.175
568,-236.0,-182.6291971758765,3.175
569,-224.20000000000002,-182.6291971758765,3.175
570,-212.4,-182.6291971758765,3.175
571,-200.60000000000002,-182.6291971758765,3.175
572,-188.8,-182.6291971758765,3.175
573,-177.0,-182.6291971758765,3.175
574,-165.20000000000002,-182.6291971758765,3.175
575,-153.4,-182.6291971758765,3.175
576,-141.60000000000002,-182.6291971758765,3.175
577,-129.8,-182.6291971758765,3.175
578,-118.0,-182.6291971758765,3.175
579,-106.2,-182.6291971758765,3.175
580,-94.4,-182.6291971758765,3.175
581,-82.60000000000001,-182.6291971758765,3.175
582,-70.80000000000001,-182.6291971758765,3.175
583,-59.0,-182.6291971758765,3.175
584,-47.2,-182.6291971758765,3.175
585,-35.400000000000006,-182.6291971758765,3.175
586,-23.6,-182.6291971758765,3.175
587,-11.8,-182.6291971758765,3.175
588,0.0,-182.6291971758765,3.175
589,11.8,-182.6291971758765,3.175
590,23.6,-182.6291971758765,3.175
591,35.400000000000006,-182.6291971758765,3.175
592,47.2,-182.6291971758765,3.175
593,59.0,-182.6291971758765,3.175
594,70.80000000000001,-182.6291971758765,3.175
595,82.60000000000001,-182.6291971758765,3.175
596,94.4,-182.6291971758765,3.175
597,106.2,-182.6291971758765,3.175
598,118.0,-182.6291971758765,3.175
599,129.8,-182.6291971758765,3.175
600,141.60000000000002,-182.6291971758765,3.175
601,153.4,-182.6291971758765,3.175
602,165.20000000000002,-182.6291971758765,3.175
603,177.0,-182.6291971758765,3.175
604,188.8,-182.6291971758765,3.175
605,200.60000000000002,-182.6291971758765,3.175
606,212.4,-182.6291971758765,3.175
607,224.20000000000002,-182.6291971758765,3.175
608,236.0,-182.6291971758765,3.175
609,247.8,-182.6291971758765,3.175
610,259.6,-182.6291971758765,3.175
611,271.40000000000003,-182.6291971758765,3.175
612,283.20000000000005,-182.6291971758765,3.175
613,295.0,-182.6291971758765,3.175
614,-300.90000000000003,-172.41009741122014,3.175
615,-289.1,-172.41009741122014,3.175
616,-277.30000000000007,-172.41009741122014,3.175
617,-265.50000000000006,-172.41009741122014,3.175
618,-253.70000000000002,-172.41009741122014,3.175
619,-241.9,-172.41009741122014,3.175
620,-230.1,-172.41009741122014,3.175
621,-218.3,-172.41009741122014,3.175
622,-206.5,-172.41009741122014,3.175
623,-194.70000000000002,-172.41009741122014,3.175
624,-182.9,-172.41009741122014,3.175
625,-171.1,-172.41009741122014,3.175
626,-159.3,-172.41009741122014,3.175
627,-147.5,-172.41009741122014,3.175
628,-135.70000000000002,-172.41009741122014,3.175
629,-123.9,-172.41009741122014,3.175
630,-112.1,-172.41009741122014,3.175
631,-100.3,-172.41009741122014,3.175
632,-88.5,-172.41009741122014,3.175
633,-76.7,-172.41009741122014,3.175
634,-64.9,-172.41009741122014,3.175
635,-53.1,-172.41009741122014,3.175
636,-41.300000000000004,-172.41009741122014,3.175
637,-29.500000000000007,-172.41009741122014,3.175
638,-17.700000000000003,-172.41009741122014,3.175
639,-5.9,-172.41009741122014,3.175
640,5.9,-172.41009741122014,3.175
641,17.700000000000003,-172.41009741122014,3.175
642,29.5,-172.41009741122014,3.175
643,41.300000000000004,-172.41009741122014,3.175
644,53.1,-172.41009741122014,3.175
645,64.9,-172.41009741122014,3.175
646,76.70000000000002,-172.41009741122014,3.175
647,88.50000000000001,-172.41009741122014,3.175
648,100.30000000000001,-172.41009741122014,3.175
649,112.10000000000001,-172.41009741122014,3.175
650,123.9,-172.41009741122014,3.175
651,135.70000000000002,-172.41009741122014,3.175
652,147.50000000000003,-172.41009741122014,3.175
653,159.3,-172.41009741122014,3.175
654,171.10000000000002,-172.41009741122014,3.175
655,182.9,-172.41009741122014,3.175
656,194.70000000000002,-172.41009741122014,3.175
657,206.50000000000003,-172.41009741122014,3.175
658,218.3,-172.41009741122014,3.175
659,230.10000000000002,-172.41009741122014,3.175
660,241.9,-172.41009741122014,3.175
661,253.70000000000002,-172.41009741122014,3.175
662,265.5,-172.41009741122014,3.175
663,277.3,-172.41009741122014,3.175
664,289.1,-172.41009741122014,3.175
665,300.9,-172.41009741122014,3.175
666,-306.8,-162.19099764656374,3.175
667,-295.0,-162.19099764656374,3.175
668,-283.20000000000005,-162.19099764656374,3.175
669,-271.40000000000003,-162.19099764656374,3.175
670,-259.6,-162.19099764656374,3.175
671,-247.8,-162.19099764656374,3.175
672,-236.0,-162.19099764656374,3.175
673,-224.20000000000002,-162.19099764656374,3.175
674,-212.4,-162.19099764656374,3.175
675,-200.60000000000002,-162.19099764656374,3.175
676,-188.8,-162.19099764656374,3.175
677,-177.0,-162.19099764656374,3.175
678,-165.20000000000002,-162.19099764656374,3.175
679,-153.4,-162.19099764656374,3.175
680,-141.60000000000002,-162.19099764656374,3.175
681,-129.8,-162.19099764656374,3.175
682,-118.0,-162.19099764656374,3.175
683,-106.2,-162.19099764656374,3.175
684,-94.4,-162.19099764656374,3.175
685,-82.60000000000001,-162.19099764656374,3.175
686,-70.80000000000001,-162.19099764656374,3.175
687,-59.0,-162.19099764656374,3.175
688,-47.2,-162.19099764656374,3.175
689,-35.400000000000006,-162.19099764656374,3.175
690,-23.6,-162.19099764656374,3.175
691,-11.8,-162.19099764656374,3.175
692,0.0,-162.19099764656374,3.175
693,11.8,-162.19099764656374,3.175
694,23.6,-162.19099764656374,3.175
695,35.400000000000006,-162.19099764656374,3.175
696,47.2,-162.19099764656374,3.175
697,59.0,-162.19099764656374,3.175
698,70.80000000000001,-162.19099764656374,3.175
699,82.60000000000001,-162.19099764656374,3.175
700,94.4,-162.19099764656374,3.175
701,106.2,-162.19099764656374,3.175
702,118.0,-162.19099764656374,3.175
703,129.8,-162.19099764656374,3.175
704,141.60000000000002,-162.19099764656374,3.175
705,153.4,-162.19099764656374,3.175
706,165.20000000000002,-162.19099764656374,3.175
707,177.0,-162.19099764656374,3.175
708,188.8,-162.19099764656374,3.175
709,200.60000000000002,-162.19099764656374,3.175
710,212.4,-162.19099764656374,3.175
711,224.20000000000002,-162.19099764656374,3.175
712,236.0,-162.19099764656374,3.175
713,247.8,-162.19099764656374,3.175
714,259.6,-162.19099764656374,3.175
715,271.40000000000003,-162.19099764656374,3.175
716,283.20000000000005,-162.19099764656374,3.175
717,295.0,-162.19099764656374,3.175
718,306.8,-162.19099764656374,3.175
719,-312.70000000000005,-151.97189788190738,3.175
720,-300.90000000000003,-151.97189788190738,3.175
721,-289.1,-151.97189788190738,3.175
722,-277.30000000000007,-151.97189788190738,3.175
723,-265.50000000000006,-151.97189788190738,3.175
724,-253.70000000000002,-151.97189788190738,3.175
725,-241.9,-151.97189788190738,3.175
726,-230.1,-151.97189788190738,3.175
727,-218.3,-151.97189788190738,3.175
728,-206.5,-151.97189788190738,3.175
729,-194.70000000000002,-151.97189788190738,3.175
730,-182.9,-151.97189788190738,3.175
731,-171.1,-151.97189788190738,3.175
732,-159.3,-151.97189788190738,3.175
733,-147.5,-151.97189788190738,3.175
734,-135.70000000000002,-151.97189788190738,3.175
735,-123.9,-151.97189788190738,3.175
736,-112.1,-151.97189788190738,3.175
737,-100.3,-151.97189788190738,3.175
738,-88.5,-151.97189788190738,3.175
739,-76.7,-151.97189788190738,3.175
740,-64.9,-151.97189788190738,3.175
741,-53.1,-151.97189788190738,3.175
742,-41.300000000000004,-151.97189788190738,3.175
743,41.300000000000004,-151.97189788190738,3.175
744,53.1,-151.97189788190738,3.175
745,64.9,-151.97189788190738,3.175
746,76.70000000000002,-151.97189788190738,3.175
747,88.50000000000001,-151.97189788190738,3.175
748,100.30000000000001,-151.97189788190738,3.175
749,112.10000000000001,-151.97189788190738,3.175
750,123.9,-151.97189788190738,3.175
751,135.70000000000002,-151.97189788190738,3.175
752,147.50000000000003,-151.97189788190738,3.175
753,159.3,-151.97189788190738,3.175
754,171.10000000000002,-151.97189788190738,3.175
755,182.9,-151.97189788190738,3.175
756,194.70000000000002,-151.97189788190738,3.175
757,206.50000000000003,-151.97189788190738,3.175
758,218.3,-151.97189788190738,3.175
759,230.10000000000002,-151.97189788190738,3.175
760,241.9,-151.97189788190738,3.175
761,253.70000000000002,-151.97189788190738,3.175
762,265.5,-151.97189788190738,3.175
763,277.3,-151.97189788190738,3.175
764,289.1,-151.97189788190738,3.175
765,300.9,-151.97189788190738,3.175
766,312.7,-151.97189788190738,3.175
767,-318.6,-141.75279811725102,3.175
768,-306.8,-141.75279811725102,3.175
769,-295.0,-141.75279811725102,3.175
770,-283.20000000000005,-141.75279811725102,3.175
771,-271.40000000000003,-141.75279811725102,3.175
772,-259.6,-141.75279811725102,3.175
773,-247.8,-141.75279811725102,3.175
774,-236.0,-141.75279811725102,3.175
775,-224.20000000000002,-141.75279811725102,3.175
776,-212.4,-141.75279811725102,3.175
777,-200.60000000000002,-141.75279811725102,3.175
778,-188.8,-141.75279811725102,3.175
779,-177.0,-141.75279811725102,3.175
780,-165.20000000000002,-141.75279811725102,3.175
781,-153.4,-141.75279811725102,3.175
782,-141.60000000000002,-141.75279811725102,3.175
783,-129.8,-141.75279811725102,3.175
784,-118.0,-141.75279811725102,3.175
785,-106.2,-141.75279811725102,3.175
786,-94.4,-141.75279811725102,3.175
787,-82.60000000000001,-141.75279811725102,3.175
788,-70.80000000000001,-141.75279811725102,3.175
789,-59.0,-141.75279811725102,3.175
790,59.0,-141.75279811725102,3.175
791,70.80000000000001,-141.75279811725102,3.175
792,82.60000000000001,-141.75279811725102,3.175
793,94.4,-141.75279811725102,3.175
794,106.2,-141.75279811725102,3.175
795,118.0,-141.75279811725102,3.175
796,129.8,-141.75279811725102,3.175
797,141.60000000000002,-141.75279811725102,3.175
798,153.4,-141.75279811725102,3.175
799,165.20000000000002,-141.75279811725102,3.175
800,177.0,-141.75279811725102,3.175
801,188.8,-141.75279811725102,3.175
802,200.60000000000002,-141.75279811725102,3.175
803,212.4,-141.75279811725102,3.175
804,224.20000000000002,-141.75279811725102,3.175
805,236.0,-141.75279811725102,3.175
806,247.8,-141.75279811725102,3.175
807,259.6,-141.75279811725102,3.175
808,271.40000000000003,-141.75279811725102,3.175
809,283.20000000000005,-141.75279811725102,3.175
810,295.0,-141.75279811725102,3.175
811,306.8,-141.75279811725102,3.175
812,318.6,-141.75279811725102,3.175
813,-312.70000000000005,-131.53369835259463,3.175
814,-300.90000000000003,-131.53369835259463,3.175
815,-289.1,-131.53369835259463,3.175
816,-277.30000000000007,-131.53369835259463,3.175
817,-265.50000000000006,-131.53369835259463,3.175
818,-253.70000000000002,-131.53369835259463,3.175
819,-241.9,-131.53369835259463,3.175
820,-230.1,-131.53369835259463,3.175
821,-218.3,-131.53369835259463,3.175
822,-206.5,-131.53369835259463,3.175
823,-194.70000000000002,-131.53369835259463,3.175
824,-182.9,-131.53369835259463,3.175
825,-171.1,-131.53369835259463,3.175
826,-159.3,-131.53369835259463,3.175
827,-147.5,-131.53369835259463,3.175
828,-135.70000000000002,-131.53369835259463,3.175
829,-123.9,-131.53369835259463,3.175
830,-112.1,-131.53369835259463,3.175
831,-100.3,-131.53369835259463,3.175
832,-88.5,-131.53369835259463,3.175
833,-76.7,-131.53369835259463,3.175
834,76.70000000000002,-131.53369835259463,3.175
835,88.50000000000001,-131.53369835259463,3.175
836,100.30000000000001,-131.53369835259463,3.175
837,112.10000000000001,-131.53369835259463,3.175
838,123.9,-131.53369835259463,3.175
839,135.70000000000002,-131.53369835259463,3.175
840,147.50000000000003,-131.53369835259463,3.175
841,159.3,-131.53369835259463,3.175
842,171.10000000000002,-131.53369835259463,3.175
843,182.9,-131.53369835259463,3.175
844,194.70000000000002,-131.53369835259463,3.175
845,206.50000000000003,-131.53369835259463,3.175
846,218.3,-131.53369835259463,3.175
847,230.10000000000002,-131.53369835259463,3.175
848,241.9,-131.53369835259463,3.175
849,253.70000000000002,-131.53369835259463,3.175
850,265.5,-131.53369835259463,3.175
851,277.3,-131.53369835259463,3.175
852,289.1,-131.53369835259463,3.175
853,300.9,-131.53369835259463,3.175
854,312.7,-131.53369835259463,3.175
855,-318.6,-121.31459858793825,3.175
856,-306.8,-121.31459858793825,3.175
857,-295.0,-121.31459858793825,3.175
858,-283.20000000000005,-121.31459858793825,3.175
859,-271.40000000000003,-121.31459858793825,3.175
860,-259.6,-121.31459858793825,3.175
861,-247.8,-121.31459858793825,3.175
862,-236.0,-121.31459858793825,3.175
863,-224.20000000000002,-121.31459858793825,3.175
864,-212.4,-121.31459858793825,3.175
865,-200.60000000000002,-121.31459858793825,3.175
866,-188.8,-121.31459858793825,3.175
867,-177.0,-121.31459858793825,3.175
868,-165.20000000000002,-121.31459858793825,3.175
869,-153.4,-121.31459858793825,3.175
870,-141.60000000000002,-121.31459858793825,3.175
871,-129.8,-121.31459858793825,3.175
872,-118.0,-121.31459858793825,3.175
873,-106.2,-121.31459858793825,3.175
874,-94.4,-121.31459858793825,3.175
875,-82.60000000000001,-121.31459858793825,3.175
876,82.60000000000001,-121.31459858793825,3.175
877,94.4,-121.31459858793825,3.175
878,106.2,-121.31459858793825,3.175
879,118.0,-121.31459858793825,3.175
880,129.8,-121.31459858793825,3.175
881,141.60000000000002,-121.31459858793825,3.175
882,153.4,-121.31459858793825,3.175
883,165.20000000000002,-121.31459858793825,3.175
884,177.0,-121.31459858793825,3.175
885,188.8,-121.31459858793825,3.175
886,200.60000000000002,-121.31459858793825,3.175
887,212.4,-121.31459858793825,3.175
888,224.20000000000002,-121.31459858793825,3.175
889,236.0,-121.31459858793825,3.175
890,247.8,-121.31459858793825,3.175
891,259.6,-121.31459858793825,3.175
892,271.40000000000003,-121.31459858793825,3.175
893,283.20000000000005,-121.31459858793825,3.175
894,295.0,-121.31459858793825,3.175
895,306.8,-121.31459858793825,3.175
896,318.6,-121.31459858793825,3.175
897,-324.50000000000006,-111.09549882328187,3.175
898,-312.70000000000005,-111.09549882328187,3.175
899,-300.90000000000003,-111.09549882328187,3.175
900,-289.1,-111.09549882328187,3.175
901,-277.30000000000007,-111.09549882328187,3.175
902,-265.50000000000006,-111.09549882328187,3.175
903,-253.70000000000002,-111.09549882328187,3.175
904,-241.9,-111.09549882328187,3.175
905,-230.1,-111.09549882328187,3.175
906,-218.3,-111.09549882328187,3.175
907,-206.5,-111.09549882328187,3.175
908,-194.70000000000002,-111.09549882328187,3.175
909,-182.9,-111.09549882328187,3.175
910,-171.1,-111.09549882328187,3.175
911,-159.3,-111.09549882328187,3.175
912,-147.5,-111.09549882328187,3.175
913,-135.70000000000002,-111.09549882328187,3.175
914,-123.9,-111.09549882328187,3.175
915,-112.1,-111.09549882328187,3.175
916,-100.3,-111.09549882328187,3.175
917,-88.5,-111.09549882328187,3.175
918,88.50000000000001,-111.09549882328187,3.175
919,100.30000000000001,-111.09549882328187,3.175
920,112.10000000000001,-111.09549882328187,3.175
921,123.9,-111.09549882328187,3.175
922,135.70000000000002,-111.09549882328187,3.175
923,147.50000000000003,-111.09549882328187,3.175
924,159.3,-111.09549882328187,3.175
925,171.10000000000002,-111.09549882328187,3.175
926,182.9,-111.09549882328187,3.175
927,194.70000000000002,-111.09549882328187,3.175
928,206.50000000000003,-111.09549882328187,3.175
929,218.3,-111.09549882328187,3.175
930,230.10000000000002,-111.09549882328187,3.175
931,241.9,-111.09549882328187,3.175
932,253.70000000000002,-111.09549882328187,3.175
933,265.5,-111.09549882328187,3.175
934,277.3,-111.09549882328187,3.175
935,289.1,-111.09549882328187,3.175
936,300.9,-111.09549882328187,3.175
937,312.7,-111.09549882328187,3.175
938,324.5,-111.09549882328187,3.175
939,-330.40000000000003,-100.87639905862551,3.175
940,-318.6,-100.87639905862551,3.175
941,-306.8,-100.87639905862551,3.175
942,-295.0,-100.87639905862551,3.175
943,-283.20000000000005,-100.87639905862551,3.175
944,-271.40000000000003,-100.87639905862551,3.175
945,-259.6,-100.87639905862551,3.175
946,-247.8,-100.87639905862551,3.175
947,-236.0,-100.87639905862551,3.175
948,-224.20000000000002,-100.87639905862551,3.175
949,-212.4,-100.87639905862551,3.175
950,-200.60000000000002,-100.87639905862551,3.175
951,-188.8,-100.87639905862551,3.175
952,-177.0,-100.87639905862551,3.175
953,-165.20000000000002,-100.87639905862551,3.175
954,-153.4,-100.87639905862551,3.175
955,-141.60000000000002,-100.87639905862551,3.175
956,-129.8,-100.87639905862551,3.175
957,-118.0,-100.87639905862551,3.175
958,-106.2,-100.87639905862551,3.175
959,-94.4,-100.87639905862551,3.175
960,94.4,-100.87639905862551,3.175
961,106.2,-100.87639905862551,3.175
962,118.0,-100.87639905862551,3.175
963,129.8,-100.87639905862551,3.175
964,141.60000000000002,-100.87639905862551,3.175
965,153.4,-100.87639905862551,3.175
966,165.20000000000002,-100.87639905862551,3.175
967,177.0,-100.87639905862551,3.175
968,188.8,-100.87639905862551,3.175
969,200.60000000000002,-100.87639905862551,3.175
970,212.4,-100.87639905862551,3.175
971,224.20000000000002,-100.87639905862551,3.175
972,236.0,-100.87639905862551,3.175
973,247.8,-100.87639905862551,3.175
974,259.6,-100.87639905862551,3.175
975,271.40000000000003,-100.87639905862551,3.175
976,283.20000000000005,-100.87639905862551,3.175
977,295.0,-100.87639905862551,3.175
978,306.8,-100.87639905862551,3.175
979,318.6,-100.87639905862551,3.175
980,330.40000000000003,-100.87639905862551,3.175
981,-336.30000000000007,-90.65729929396912,3.175
982,-324.50000000000006,-90.65729929396912,3.175
983,-312.70000000000005,-90.65729929396912,3.175
984,-300.90000000000003,-90.65729929396912,3.175
985,-289.1,-90.65729929396912,3.175
986,-277.30000000000007,-90.65729929396912,3.175
987,-265.50000000000006,-90.65729929396912,3.175
988,-253.70000000000002,-90.65729929396912,3.175
989,-241.9,-90.65729929396912,3.175
990,-230.1,-90.65729929396912,3.175
991,-218.3,-90.65729929396912,3.175
992,-206.5,-90.65729929396912,3.175
993,-194.70000000000002,-90.65729929396912,3.175
994,-182.9,-90.65729929396912,3.175
995,-171.1,-90.65729929396912,3.175
996,-159.3,-90.65729929396912,3.175
997,-147.5,-90.65729929396912,3.175
998,-135.70000000000002,-90.65729929396912,3.175
999,-123.9,-90.65729929396912,3.175
1000,-112.1,-90.65729929396912,3.175
1001,-100.3,-90.65729929396912,3.175
1002,100.30000000000001,-90.65729929396912,3.175
1003,112.10000000000001,-90.65729929396912,3.175
1004,123.9,-90.65729929396912,3.175
1005,135.70000000000002,-90.65729929396912,3.175
1006,147.50000000000003,-90.65729929396912,3.175
1007,159.3,-90.65729929396912,3.175
1008,171.10000000000002,-90.65729929396912,3.175
1009,182.9,-90.65729929396912,3.175
1010,194.70000000000002,-90.65729929396912,3.175
1011,206.50000000000003,-90.65729929396912,3.175
1012,218.3,-90.65729929396912,3.175
1013,230.10000000000002,-90.65729929396912,3.175
1014,241.9,-90.65729929396912,3.175
1015,253.70000000000002,-90.65729929396912,3.175
1016,265.5,-90.65729929396912,3.175
1017,277.3,-90.65729929396912,3.175
1018,289.1,-90.65729929396912,3.175
1019,300.9,-90.65729929396912,3.175
1020,312.7,-90.65729929396912,3.175
1021,324.5,-90.65729929396912,3.175
1022,336.3,-90.65729929396912,3.175
1023,-330.40000000000003,-80.43819952931275,3.175
1024,-318.6,-80.43819952931275,3.175
1025,-306.8,-80.43819952931275,3.175
1026,-295.0,-80.43819952931275,3.175
1027,-283.20000000000005,-80.43819952931275,3.175
1028,-271.40000000000003,-80.43819952931275,3.175
1029,-259.6,-80.43819952931275,3.175
1030,-247.8,-80.43819952931275,3.175
1031,-236.0,-80.43819952931275,3.175
1032,-224.20000000000002,-80.43819952931275,3.175
1033,-212.4,-80.43819952931275,3.175
1034,-200.60000000000002,-80.43819952931275,3.175
1035,-188.8,-80.43819952931275,3.175
1036,-177.0,-80.43819952931275,3.175
1037,-165.20000000000002,-80.43819952931275,3.175
1038,-153.4,-80.43819952931275,3.175
1039,-141.60000000000002,-80.43819952931275,3.175
1040,-129.8,-80.43819952931275,3.175
1041,-118.0,-80.43819952931275,3.175
1042,-106.2,-80.43819952931275,3.175
1043,106.2,-80.43819952931275,3.175
1044,118.0,-80.43819952931275,3.175
1045,129.8,-80.43819952931275,3.175
1046,141.60000000000002,-80.43819952931275,3.175
1047,153.4,-80.43819952931275,3.175
1048,165.20000000000002,-80.43819952931275,3.175
1049,177.0,-80.43819952931275,3.175
1050,188.8,-80.43819952931275,3.175
1051,200.60000000000002,-80.43819952931275,3.175
1052,212.4,-80.43819952931275,3.175
1053,224.20000000000002,-80.43819952931275,3.175
1054,236.0,-80.43819952931275,3.175
1055,247.8,-80.43819952931275,3.175
1056,259.6,-80.43819952931275,3.175
1057,271.40000000000003,-80.43819952931275,3.175
1058,283.20000000000005,-80.43819952931275,3.175
1059,295.0,-80.43819952931275,3.175
1060,306.8,-80.43819952931275,3.175
1061,318.6,-80.43819952931275,3.175
1062,330.40000000000003,-80.43819952931275,3.175
1063,-336.30000000000007,-70.21909976465638,3.175
1064,-324.50000000000006,-70.21909976465638,3.175
1065,-312.70000000000005,-70.21909976465638,3.175
1066,-300.90000000000003,-70.21909976465638,3.175
1067,-289.1,-70.21909976465638,3.175
1068,-277.30000000000007,-70.21909976465638,3.175
1069,-265.50000000000006,-70.21909976465638,3.175
1070,-253.70000000000002,-70.21909976465638,3.175
1071,-241.9,-70.21909976465638,3.175
1072,-230.1,-70.21909976465638,3.175
1073,-218.3,-70.21909976465638,3.175
1074,-206.5,-70.21909976465638,3.175
1075,-194.70000000000002,-70.21909976465638,3.175
1076,-182.9,-70.21909976465638,3.175
1077,-171.1,-70.21909976465638,3.175
1078,-159.3,-70.21909976465638,3.175
1079,-147.5,-70.21909976465638,3.175
1080,-135.70000000000002,-70.21909976465638,3.175
1081,-123.9,-70.21909976465638,3.175
1082,-112.1,-70.21909976465638,3.175
1083,-100.3,-70.21909976465638,3.175
1084,100.30000000000001,-70.21909976465638,3.175
1085,112.10000000000001,-70.21909976465638,3.175
1086,123.9,-70.21909976465638,3.175
1087,135.70000000000002,-70.21909976465638,3.175
1088,147.50000000000003,-70.21909976465638,3.175
1089,159.3,-70.21909976465638,3.175
1090,171.10000000000002,-70.21909976465638,3.175
1091,182.9,-70.21909976465638,3.175
1092,194.70000000000002,-70.21909976465638,3.175
1093,206.50000000000003,-70.21909976465638,3.175
1094,218.3,-70.21909976465638,3.175
1095,230.10000000000002,-70.21909976465638,3.175
1096,241.9,-70.21909976465638,3.175
1097,253.70000000000002,-70.21909976465638,3.175
1098,265.5,-70.21909976465638,3.175
1099,277.3,-70.21909976465638,3.175
1100,289.1,-70.21909976465638,3.175
1101,300.9,-70.21909976465638,3.175
1102,312.7,-70.21909976465638,3.175
1103,324.5,-70.21909976465638,3.175
1104,336.3,-70.21909976465638,3.175
1105,-342.20000000000005,-60.0,3.175
1106,-330.40000000000003,-60.0,3.175
1107,-318.6,-60.0,3.175
1108,-306.8,-60.0,3.175
1109,-295.0,-60.0,3.175
1110,-283.20000000000005,-60.0,3.175
1111,-271.40000000000003,-60.0,3.175
1112,-259.6,-60.0,3.175
1113,-247.8,-60.0,3.175
1114,-236.0,-60.0,3.175
1115,-224.20000000000002,-60.0,3.175
1116,-212.4,-60.0,3.175
1117,-200.60000000000002,-60.0,3.175
1118,-188.8,-60.0,3.175
1119,-177.0,-60.0,3.175
1120,-165.20000000000002,-60.0,3.175
1121,-153.4,-60.0,3.175
1122,-141.60000000000002,-60.0,3.175
1123,-129.8,-60.0,3.175
1124,-118.0,-60.0,3.175
1125,-106.2,-60.0,3.175
1126,106.2,-60.0,3.175
1127,118.0,-60.0,3.175
1128,129.8,-60.0,3.175
1129,141.60000000000002,-60.0,3.175
1130,153.4,-60.0,3.175
1131,165.20000000000002,-60.0,3.175
1132,177.0,-60.0,3.175
1133,188.8,-60.0,3.175
1134,200.60000000000002,-60.0,3.175
1135,212.4,-60.0,3.175
1136,224.20000000000002,-60.0,3.175
1137,236.0,-60.0,3.175
1138,247.8,-60.0,3.175
1139,259.6,-60.0,3.175
1140,271.40000000000003,-60.0,3.175
1141,283.20000000000005,-60.0,3.175
1142,295.0,-60.0,3.175
1143,306.8,-60.0,3.175
1144,318.6,-60.0,3.175
1145,330.40000000000003,-60.0,3.175
1146,342.20000000000005,-60.0,3.175
1147,-336.30000000000007,-49.78090023534362,3.175
1148,-324.50000000000006,-49.78090023534362,3.175
1149,-312.70000000000005,-49.78090023534362,3.175
1150,-300.90000000000003,-49.78090023534362,3.175
1151,-289.1,-49.78090023534362,3.175
1152,-277.30000000000007,-49.78090023534362,3.175
1153,-265.50000000000006,-49.78090023534362,3.175
1154,-253.70000000000002,-49.78090023534362,3.175
1155,-241.9,-49.78090023534362,3.175
1156,-230.1,-49.78090023534362,3.175
1157,-218.3,-49.78090023534362,3.175
1158,-206.5,-49.78090023534362,3.175
1159,-194.70000000000002,-49.78090023534362,3.175
1160,-182.9,-49.78090023534362,3.175
1161,-171.1,-49.78090023534362,3.175
1162,-159.3,-49.78090023534362,3.175
1163,-147.5,-49.78090023534362,3.175
1164,-135.70000000000002,-49.78090023534362,3.175
1165,-123.9,-49.78090023534362,3.175
1166,-112.1,-49.78090023534362,3.175
1167,-100.3,-49.78090023534362,3.175
1168,100.30000000000001,-49.78090023534362,3.175
1169,112.10000000000001,-49.78090023534362,3.175
1170,123.9,-49.78090023534362,3.175
1171,135.70000000000002,-49.78090023534362,3.175
1172,147.50000000000003,-49.78090023534362,3.175
1173,159.3,-49.78090023534362,3.175
1174,171.10000000000002,-49.78090023534362,3.175
1175,182.9,-49.78090023534362,3.175
1176,194.70000000000002,-49.78090023534362,3.175
1177,206.50000000000003,-49.78090023534362,3.175
1178,218.3,-49.78090023534362,3.175
1179,230.10000000000002,-49.78090023534362,3.175
1180,241.9,-49.78090023534362,3.175
1181,253.70000000000002,-49.78090023534362,3.175
1182,265.5,-49.78090023534362,3.175
1183,277.3,-49.78090023534362,3.175
1184,289.1,-49.78090023534362,3.175
1185,300.9,-49.78090023534362,3.175
1186,312.7,-49.78090023534362,3.175
1187,324.5,-49.78090023534362,3.175
1188,336.3,-49.78090023534362,3.175
1189,-342.20000000000005,-39.561800470687245,3.175
1190,-330.40000000000003,-39.561800470687245,3.175
1191,-318.6,-39.561800470687245,3.175
1192,-306.8,-39.561800470687245,3.175
1193,-295.0,-39.561800470687245,3.175
1194,-283.20000000000005,-39.561800470687245,3.175
1195,-271.40000000000003,-39.561800470687245,3.175
1196,-259.6,-39.561800470687245,3.175
1197,-247.8,-39.561800470687245,3.175
1198,-236.0,-39.561800470687245,3.175
1199,-224.20000000000002,-39.561800470687245,3.175
1200,-212.4,-39.561800470687245,3.175
1201,-200.60000000000002,-39.561800470687245,3.175
1202,-188.8,-39.561800470687245,3.175
1203,-177.0,-39.561800470687245,3.175
1204,-165.20000000000002,-39.561800470687245,3.175
1205,-153.4,-39.561800470687245,3.175
1206,-141.60000000000002,-39.561800470687245,3.175
1207,-129.8,-39.561800470687245,3.175
1208,-118.0,-39.561800470687245,3.175
1209,-106.2,-39.561800470687245,3.175
1210,106.2,-39.561800470687245,3.175
1211,118.0,-39.561800470687245,3.175
1212,129.8,-39.561800470687245,3.175
1213,141.60000000000002,-39.561800470687245,3.175
1214,153.4,-39.561800470687245,3.175
1215,165.20000000000002,-39.561800470687245,3.175
1216,177.0,-39.561800470687245,3.175
1217,188.8,-39.561800470687245,3.175
1218,200.60000000000002,-39.561800470687245,3.175
1219,212.4,-39.561800470687245,3.175
1220,224.20000000000002,-39.561800470687245,3.175
1221,236.0,-39.561800470687245,3.175
1222,247.8,-39.561800470687245,3.175
1223,259.6,-39.561800470687245,3.175
1224,271.40000000000003,-39.561800470687245,3.175
1225,283.20000000000005,-39.561800470687245,3.175
1226,295.0,-39.561800470687245,3.175
1227,306.8,-39.561800470687245,3.175
1228,318.6,-39.561800470687245,3.175
1229,330.40000000000003,-39.561800470687245,3.175
1230,342.20000000000005,-39.561800470687245,3.175
1231,-348.1,-29.342700706030875,3.175
1232,-336.30000000000007,-29.342700706030875,3.175
1233,-324.50000000000006,-29.342700706030875,3.175
1234,-312.70000000000005,-29.342700706030875,3.175
1235,-300.90000000000003,-29.342700706030875,3.175
1236,-289.1,-29.342700706030875,3.175
1237,-277.30000000000007,-29.342700706030875,3.175
1238,-265.50000000000006,-29.342700706030875,3.175
1239,-253.70000000000002,-29.342700706030875,3.175
1240,-241.9,-29.342700706030875,3.175
1241,-230.1,-29.342700706030875,3.175
1242,-218.3,-29.342700706030875,3.175
1243,-206.5,-29.342700706030875,3.175
1244,-194.70000000000002,-29.342700706030875,3.175
1245,-182.9,-29.342700706030875,3.175
1246,-171.1,-29.342700706030875,3.175
1247,-159.3,-29.342700706030875,3.175
1248,-147.5,-29.342700706030875,3.175
1249,-135.70000000000002,-29.342700706030875,3.175
1250,-123.9,-29.342700706030875,3.175
1251,-112.1,-29.342700706030875,3.175
1252,-100.3,-29.342700706030875,3.175
1253,100.30000000000001,-29.342700706030875,3.175
1254,112.10000000000001,-29.342700706030875,3.175
1255,123.9,-29.342700706030875,3.175
1256,135.70000000000002,-29.342700706030875,3.175
1257,147.50000000000003,-29.342700706030875,3.175
1258,159.3,-29.342700706030875,3.175
1259,171.10000000000002,-29.342700706030875,3.175
1260,182.9,-29.342700706030875,3.175
1261,194.70000000000002,-29.342700706030875,3.175
1262,206.50000000000003,-29.342700706030875,3.175
1263,218.3,-29.342700706030875,3.175
1264,230.10000000000002,-29.342700706030875,3.175
1265,241.9,-29.342700706030875,3.175
1266,253.70000000000002,-29.342700706030875,3.175
1267,265.5,-29.342700706030875,3.175
1268,277.3,-29.342700706030875,3.175
1269,289.1,-29.342700706030875,3.175
1270,300.9,-29.342700706030875,3.175
1271,312.7,-29.342700706030875,3.175
1272,324.5,-29.342700706030875,3.175
1273,336.3,-29.342700706030875,3.175
1274,348.1,-29.342700706030875,3.175
1275,-342.20000000000005,-19.123600941374498,3.175
1276,-330.40000000000003,-19.123600941374498,3.175
1277,-318.6,-19.123600941374498,3.175
1278,-306.8,-19.123600941374498,3.175
1279,-295.0,-19.123600941374498,3.175
1280,-283.20000000000005,-19.123600941374498,3.175
1281,-271.40000000000003,-19.123600941374498,3.175
1282,-259.6,-19.123600941374498,3.175
1283,-247.8,-19.123600941374498,3.175
1284,-236.0,-19.123600941374498,3.175
1285,-224.20000000000002,-19.123600941374498,3.175
1286,-212.4,-19.123600941374498,3.175
1287,-200.60000000000002,-19.123600941374498,3.175
1288,-188.8,-19.123600941374498,3.175
1289,-177.0,-19.123600941374498,3.175
1290,-165.20000000000002,-19.123600941374498,3.175
1291,-153.4,-19.123600941374498,3.175
1292,-141.60000000000002,-19.123600941374498,3.175
1293,-129.8,-19.123600941374498,3.175
1294,-118.0,-19.123600941374498,3.175
1295,-106.2,-19.123600941374498,3.175
1296,-94.4,-19.123600941374498,3.175
1297,94.4,-19.123600941374498,3.175
1298,106.2,-19.123600941374498,3.175
1299,118.0,-19.123600941374498,3.175
1300,129.8,-19.123600941374498,3.175
1301,141.60000000000002,-19.123600941374498,3.175
1302,153.4,-19.123600941374498,3.175
1303,165.20000000000002,-19.123600941374498,3.175
1304,177.0,-19.123600941374498,3.175
1305,188.8,-19.123600941374498,3.175
1306,200.60000000000002,-19.123600941374498,3.175
1307,212.4,-19.123600941374498,3.175
1308,224.20000000000002,-19.123600941374498,3.175
1309,236.0,-19.123600941374498,3.175
1310,247.8,-19.123600941374498,3.175
1311,259.6,-19.123600941374498,3.175
1312,271.40000000000003,-19.123600941374498,3.175
1313,283.20000000000005,-19.123600941374498,3.175
1314,295.0,-19.123600941374498,3.175
1315,306.8,-19.123600941374498,3.175
1316,318.6,-19.123600941374498,3.175
1317,330.40000000000003,-19.123600941374498,3.175
1318,342.20000000000005,-19.123600941374498,3.175
1319,-348.1,-8.90450117671812,3.175
1320,-336.30000000000007,-8.90450117671812,3.175
1321,-324.50000000000006,-8.90450117671812,3.175
1322,-312.70000000000005,-8.90450117671812,3.175
1323,-300.90000000000003,-8.90450117671812,3.175
1324,-289.1,-8.90450117671812,3.175
1325,-277.30000000000007,-8.90450117671812,3.175
1326,-265.50000000000006,-8.90450117671812,3.175
1327,-253.70000000000002,-8.90450117671812,3.175
1328,-241.9,-8.90450117671812,3.175
1329,-230.1,-8.90450117671812,3.175
1330,-218.3,-8.90450117671812,3.175
1331,-206.5,-8.90450117671812,3.175
1332,-194.70000000000002,-8.90450117671812,3.175
1333,-182.9,-8.90450117671812,3.175
1334,-171.1,-8.90450117671812,3.175
1335,-159.3,-8.90450117671812,3.175
1336,-147.5,-8.90450117671812,3.175
1337,-135.70000000000002,-8.90450117671812,3.175
1338,-123.9,-8.90450117671812,3.175
1339,-112.1,-8.90450117671812,3.175
1340,-100.3,-8.90450117671812,3.175
1341,-88.5,-8.90450117671812,3.175
1342,88.50000000000001,-8.90450117671812,3.175
1343,100.30000000000001,-8.90450117671812,3.175
1344,112.10000000000001,-8.90450117671812,3.175
1345,123.9,-8.90450117671812,3.175
1346,135.70000000000002,-8.90450117671812,3.175
1347,147.50000000000003,-8.90450117671812,3.175
1348,159.3,-8.90450117671812,3.175
1349,171.10000000000002,-8.90450117671812,3.175
1350,182.9,-8.90450117671812,3.175
1351,194.70000000000002,-8.90450117671812,3.175
1352,206.50000000000003,-8.90450117671812,3.175
1353,218.3,-8.90450117671812,3.175
1354,230.10000000000002,-8.90450117671812,3.175
1355,241.9,-8.90450117671812,3.175
1356,253.70000000000002,-8.90450117671812,3.175
1357,265.5,-8.90450117671812,3.175
1358,277.3,-8.90450117671812,3.175
1359,289.1,-8.90450117671812,3.175
1360,300.9,-8.90450117671812,3.175
1361,312.7,-8.90450117671812,3.175
1362,324.5,-8.90450117671812,3.175
1363,336.3,-8.90450117671812,3.175
1364,348.1,-8.90450117671812,3.175
1365,-342.20000000000005,1.3145985879382494,3.175
1366,-330.40000000000003,1.3145985879382494,3.175
1367,-318.6,1.3145985879382494,3.175
1368,-306.8,1.3145985879382494,3.175
1369,-295.0,1.3145985879382494,3.175
1370,-283.20000000000005,1.3145985879382494,3.175
1371,-271.40000000000003,1.3145985879382494,3.175
1372,-259.6,1.3145985879382494,3.175
1373,-247.8,1.3145985879382494,3.175
1374,-236.0,1.3145985879382494,3.175
1375,-224.20000000000002,1.3145985879382494,3.175
1376,-212.4,1.3145985879382494,3.175
1377,-200.60000000000002,1.3145985879382494,3.175
1378,-188.8,1.3145985879382494,3.175
1379,-177.0,1.3145985879382494,3.175
1380,-165.20000000000002,1.3145985879382494,3.175
1381,-153.4,1.3145985879382494,3.175
1382,-141.60000000000002,1.3145985879382494,3.175
1383,-129.8,1.3145985879382494,3.175
1384,-118.0,1.3145985879382494,3.175
1385,-106.2,1.3145985879382494,3.175
1386,-94.4,1.3145985879382494,3.175
1387,-82.60000000000001,1.3145985879382494,3.175
1388,82.60000000000001,1.3145985879382494,3.175
1389,94.4,1.3145985879382494,3.175
1390,106.2,1.3145985879382494,3.175
1391,118.0,1.3145985879382494,3.175
1392,129.8,1.3145985879382494,3.175
1393,141.60000000000002,1.3145985879382494,3.175
1394,153.4,1.3145985879382494,3.175
1395,165.20000000000002,1.3145985879382494,3.175
1396,177.0,1.3145985879382494,3.175
1397,188.8,1.3145985879382494,3.175
1398,200.60000000000002,1.3145985879382494,3.175
1399,212.4,1.3145985879382494,3.175
1400,224.20000000000002,1.3145985879382494,3.175
1401,236.0,1.3145985879382494,3.175
1402,247.8,1.3145985879382494,3.175
1403,259.6,1.3145985879382494,3.175
1404,271.40000000000003,1.3145985879382494,3.175
1405,283.20000000000005,1.3145985879382494,3.175
1406,295.0,1.3145985879382494,3.175
1407,306.8,1.3145985879382494,3.175
1408,318.6,1.3145985879382494,3.175
1409,330.40000000000003,1.3145985879382494,3.175
1410,342.20000000000005,1.3145985879382494,3.175
1411,-348.1,11.533698352594627,3.175
1412,-336.30000000000007,11.533698352594627,3.175
1413,-324.50000000000006,11.533698352594627,3.175
1414,-312.70000000000005,11.533698352594627,3.175
1415,-300.90000000000003,11.533698352594627,3.175
1416,-289.1,11.533698352594627,3.175
1417,-277.30000000000007,11.533698352594627,3.175
1418,-265.50000000000006,11.533698352594627,3.175
1419,-253.70000000000002,11.533698352594627,3.175
1420,-241.9,11.533698352594627,3.175
1421,-230.1,11.533698352594627,3.175
1422,-218.3,11.533698352594627,3.175
1423,-206.5,11.533698352594627,3.175
1424,-194.70000000000002,11.533698352594627,3.175
1425,-182.9,11.533698352594627,3.175
1426,-171.1,11.533698352594627,3.175
1427,-159.3,11.533698352594627,3.175
1428,-147.5,11.533698352594627,3.175
1429,-135.70000000000002,11.533698352594627,3.175
1430,-123.9,11.533698352594627,3.175
1431,-112.1,11.533698352594627,3.175
1432,-100.3,11.533698352594627,3.175
1433,-88.5,11.533698352594627,3.175
1434,-76.7,11.533698352594627,3.175
1435,76.70000000000002,11.533698352594627,3.175
1436,88.50000000000001,11.533698352594627,3.175
1437,100.30000000000001,11.533698352594627,3.175
1438,112.10000000000001,11.533698352594627,3.175
1439,123.9,11.533698352594627,3.175
1440,135.70000000000002,11.533698352594627,3.175
1441,147.50000000000003,11.533698352594627,3.175
1442,159.3,11.533698352594627,3.175
1443,171.10000000000002,11.533698352594627,3.175
1444,182.9,11.533698352594627,3.175
1445,194.70000000000002,11.533698352594627,3.175
1446,206.50000000000003,11.533698352594627,3.175
1447,218.3,11.533698352594627,3.175
1448,230.10000000000002,11.533698352594627,3.175
1449,241.9,11.533698352594627,3.175
1450,253.70000000000002,11.533698352594627,3.175
1451,265.5,11.533698352594627,3.175
1452,277.3,11.533698352594627,3.175
1453,289.1,11.533698352594627,3.175
1454,300.9,11.533698352594627,3.175
1455,312.7,11.533698352594627,3.175
1456,324.5,11.533698352594627,3.175
1457,336.3,11.533698352594627,3.175
1458,348.1,11.533698352594627,3.175
1459,-342.20000000000005,21.752798117251004,3.175
1460,-330.40000000000003,21.752798117251004,3.175
1461,-318.6,21.752798117251004,3.175
1462,-306.8,21.752798117251004,3.175
1463,-295.0,21.752798117251004,3.175
1464,-283.20000000000005,21.752798117251004,3.175
1465,-271.40000000000003,21.752798117251004,3.175
1466,-259.6,21.752798117251004,3.175
1467,-247.8,21.752798117251004,3.175
1468,-236.0,21.752798117251004,3.175
1469,-224.20000000000002,21.752798117251004,3.175
1470,-212.4,21.752798117251004,3.175
1471,-200.60000000000002,21.752798117251004,3.175
1472,-188.8,21.752798117251004,3.175
1473,-177.0,21.752798117251004,3.175
1474,-165.20000000000002,21.752798117251004,3.175
1475,-153.4,21.752798117251004,3.175
1476,-141.60000000000002,21.752798117251004,3.175
1477,-129.8,21.752798117251004,3.175
1478,-118.0,21.752798117251004,3.175
1479,-106.2,21.752798117251004,3.175
1480,-94.4,21.752798117251004,3.175
1481,-82.60000000000001,21.752798117251004,3.175
1482,-70.80000000000001,21.752798117251004,3.175
1483,-59.0,21.752798117251004,3.175
1484,59.0,21.752798117251004,3.175
1485,70.80000000000001,21.752798117251004,3.175
1486,82.60000000000001,21.752798117251004,3.175
1487,94.4,21.752798117251004,3.175
1488,106.2,21.752798117251004,3.175
1489,118.0,21.752798117251004,3.175
1490,129.8,21.752798117251004,3.175
1491,141.60000000000002,21.752798117251004,3.175
1492,153.4,21.752798117251004,3.175
1493,165.20000000000002,21.752798117251004,3.175
1494,177.0,21.752798117251004,3.175
1495,188.8,21.752798117251004,3.175
1496,200.60000000000002,21.752798117251004,3.175
1497,212.4,21.752798117251004,3.175
1498,224.20000000000002,21.752798117251004,3.175
1499,236.0,21.752798117251004,3.175
1500,247.8,21.752798117251004,3.175
1501,259.6,21.752798117251004,3.175
1502,271.40000000000003,21.752798117251004,3.175
1503,283.20000000000005,21.752798117251004,3.175
1504,295.0,21.752798117251004,3.175
1505,306.8,21.752798117251004,3.175
1506,318.6,21.752798117251004,3.175
1507,330.40000000000003,21.752798117251004,3.175
1508,342.20000000000005,21.752798117251004,3.175
1509,-348.1,31.97189788190738,3.175
1510,-336.30000000000007,31.97189788190738,3.175
1511,-324.50000000000006,31.97189788190738,3.175
1512,-312.70000000000005,31.97189788190738,3.175
1513,-300.90000000000003,31.97189788190738,3.175
1514,-289.1,31.97189788190738,3.175
1515,-277.30000000000007,31.97189788190738,3.175
1516,-265.50000000000006,31.97189788190738,3.175
1517,-253.70000000000002,31.97189788190738,3.175
1518,-241.9,31.97189788190738,3.175
1519,-230.1,31.97189788190738,3.175
1520,-218.3,31.97189788190738,3.175
1521,-206.5,31.97189788190738,3.175
1522,-194.70000000000002,31.97189788190738,3.175
1523,-182.9,31.97189788190738,3.175
1524,-171.1,31.97189788190738,3.175
1525,-159.3,31.97189788190738,3.175
1526,-147.5,31.97189788190738,3.175
1527,-135.70000000000002,31.97189788190738,3.175
1528,-123.9,31.97189788190738,3.175
1529,-112.1,31.97189788190738,3.175
1530,-100.3,31.97189788190738,3.175
1531,-88.5,31.97189788190738,3.175
1532,-76.7,31.97189788190738,3.175
1533,-64.9,31.97189788190738,3.175
1534,-53.1,31.97189788190738,3.175
1535,-41.300000000000004,31.97189788190738,3.175
1536,41.300000000000004,31.97189788190738,3.175
1537,53.1,31.97189788190738,3.175
1538,64.9,31.97189788190738,3.175
1539,76.70000000000002,31.97189788190738,3.175
1540,88.50000000000001,31.97189788190738,3.175
1541,100.30000000000001,31.97189788190738,3.175
1542,112.10000000000001,31.97189788190738,3.175
1543,123.9,31.97189788190738,3.175
1544,135.70000000000002,31.97189788190738,3.175
1545,147.50000000000003,31.97189788190738,3.175
1546,159.3,31.97189788190738,3.175
1547,171.10000000000002,31.97189788190738,3.175
1548,182.9,31.97189788190738,3.175
1549,194.70000000000002,31.97189788190738,3.175
1550,206.50000000000003,31.97189788190738,3.175
1551,218.3,31.97189788190738,3.175
1552,230.10000000000002,31.97189788190738,3.175
1553,241.9,31.97189788190738,3.175
1554,253.70000000000002,31.97189788190738,3.175
1555,265.5,31.97189788190738,3.175
1556,277.3,31.97189788190738,3.175
1557,289.1,31.97189788190738,3.175
1558,300.9,31.97189788190738,3.175
1559,312.7,31.97189788190738,3.175
1560,324.5,31.97189788190738,3.175
1561,336.3,31.97189788190738,3.175
1562,348.1,31.97189788190738,3.175
1563,-342.20000000000005,42.19099764656376,3.175
1564,-330.40000000000003,42.19099764656376,3.175
1565,-318.6,42.19099764656376,3.175
1566,-306.8,42.19099764656376,3.175
1567,-295.0,42.19099764656376,3.175
1568,-283.20000000000005,42.19099764656376,3.175
1569,-271.40000000000003,42.19099764656376,3.175
1570,-259.6,42.19099764656376,3.175
1571,-247.8,42.19099764656376,3.175
1572,-236.0,42.19099764656376,3.175
1573,-224.20000000000002,42.19099764656376,3.175
1574,-212.4,42.19099764656376,3.175
1575,-200.60000000000002,42.19099764656376,3.175
1576,-188.8,42.19099764656376,3.175
1577,-177.0,42.19099764656376,3.175
1578,-165.20000000000002,42.19099764656376,3.175
1579,-153.4,42.19099764656376,3.175
1580,-141.60000000000002,42.19099764656376,3.175
1581,-129.8,42.19099764656376,3.175
1582,-118.0,42.19099764656376,3.175
1583,-106.2,42.19099764656376,3.175
1584,-94.4,42.19099764656376,3.175
1585,-82.60000000000001,42.19099764656376,3.175
1586,-70.80000000000001,42.19099764656376,3.175
1587,-59.0,42.19099764656376,3.175
1588,-47.2,42.19099764656376,3.175
1589,-35.400000000000006,42.19099764656376,3.175
1590,-23.6,42.19099764656376,3.175
1591,-11.8,42.19099764656376,3.175
1592,0.0,42.19099764656376,3.175
1593,11.8,42.19099764656376,3.175
1594,23.6,42.19099764656376,3.175
1595,35.400000000000006,42.19099764656376,3.175
1596,47.2,42.19099764656376,3.175
1597,59.0,42.19099764656376,3.175
1598,70.80000000000001,42.19099764656376,3.175
1599,82.60000000000001,42.19099764656376,3.175
1600,94.4,42.19099764656376,3.175
1601,106.2,42.19099764656376,3.175
1602,118.0,42.19099764656376,3.175
1603,129.8,42.19099764656376,3.175
1604,141.60000000000002,42.19099764656376,3.175
1605,153.4,42.19099764656376,3.175
1606,165.20000000000002,42.19099764656376,3.175
1607,177.0,42.19099764656376,3.175
1608,188.8,42.19099764656376,3.175
1609,200.60000000000002,42.19099764656376,3.175
1610,212.4,42.19099764656376,3.175
1611,224.20000000000002,42.19099764656376,3.175
1612,236.0,42.19099764656376,3.175
1613,247.8,42.19099764656376,3.175
1614,259.6,42.19099764656376,3.175
1615,271.40000000000003,42.19099764656376,3.175
1616,283.20000000000005,42.19099764656376,3.175
1617,295.0,42.19099764656376,3.175
1618,306.8,42.19099764656376,3.175
1619,318.6,42.19099764656376,3.175
1620,330.40000000000003,42.19099764656376,3.175
1621,342.20000000000005,42.19099764656376,3.175
1622,-336.30000000000007,52.410097411220136,3.175
1623,-324.50000000000006,52.410097411220136,3.175
1624,-312.70000000000005,52.410097411220136,3.175
1625,-300.90000000000003,52.410097411220136,3.175
1626,-289.1,52.410097411220136,3.175
1627,-277.30000000000007,52.410097411220136,3.175
1628,-265.50000000000006,52.410097411220136,3.175
1629,-253.70000000000002,52.410097411220136,3.175
1630,-241.9,52.410097411220136,3.175
1631,-230.1,52.410097411220136,3.175
1632,-218.3,52.410097411220136,3.175
1633,-206.5,52.410097411220136,3.175
1634,-194.70000000000002,52.410097411220136,3.175
1635,-182.9,52.410097411220136,3.175
1636,-171.1,52.410097411220136,3.175
1637,-159.3,52.410097411220136,3.175
1638,-147.5,52.410097411220136,3.175
1639,-135.70000000000002,52.410097411220136,3.175
1640,-123.9,52.410097411220136,3.175
1641,-112.1,52.410097411220136,3.175
1642,-100.3,52.410097411220136,3.175
1643,-88.5,52.410097411220136,3.175
1644,-76.7,52.410097411220136,3.175
1645,-64.9,52.410097411220136,3.175
1646,-53.1,52.410097411220136,3.175
1647,-41.300000000000004,52.410097411220136,3.175
1648,-29.500000000000007,52.410097411220136,3.175
1649,-17.700000000000003,52.410097411220136,3.175
1650,-5.9,52.410097411220136,3.175
1651,5.9,52.410097411220136,3.175
1652,17.700000000000003,52.410097411220136,3.175
1653,29.5,52.410097411220136,3.175
1654,41.300000000000004,52.410097411220136,3.175
1655,53.1,52.410097411220136,3.175
1656,64.9,52.410097411220136,3.175
1657,76.70000000000002,52.410097411220136,3.175
1658,88.50000000000001,52.410097411220136,3.175
1659,100.30000000000001,52.410097411220136,3.175
1660,112.10000000000001,52.410097411220136,3.175
1661,123.9,52.410097411220136,3.175
1662,135.70000000000002,52.410097411220136,3.175
1663,147.50000000000003,52.410097411220136,3.175
1664,159.3,52.410097411220136,3.175
1665,171.10000000000002,52.410097411220136,3.175
1666,182.9,52.410097411220136,3.175
1667,194.70000000000002,52.410097411220136,3.175
1668,206.50000000000003,52.410097411220136,3.175
1669,218.3,52.410097411220136,3.175
1670,230.10000000000002,52.410097411220136,3.175
1671,241.9,52.410097411220136,3.175
1672,253.70000000000002,52.410097411220136,3.175
1673,265.5,52.410097411220136,3.175
1674,277.3,52.410097411220136,3.175
1675,289.1,52.410097411220136,3.175
1676,300.9,52.410097411220136,3.175
1677,312.7,52.410097411220136,3.175
1678,324.5,52.410097411220136,3.175
1679,336.3,52.410097411220136,3.175
1680,-342.20000000000005,62.6291971758765,3.175
1681,-330.40000000000003,62.6291971758765,3.175
1682,-318.6,62.6291971758765,3.175
1683,-306.8,62.6291971758765,3.175
1684,-295.0,62.6291971758765,3.175
1685,-283.20000000000005,62.6291971758765,3.175
1686,-271.40000000000003,62.6291971758765,3.175
1687,-259.6,62.6291971758765,3.175
1688,-247.8,62.6291971758765,3.175
1689,-236.0,62.6291971758765,3.175
1690,-224.20000000000002,62.6291971758765,3.175
1691,-212.4,62.6291971758765,3.175
1692,-200.60000000000002,62.6291971758765,3.175
1693,-188.8,62.6291971758765,3.175
1694,-177.0,62.6291971758765,3.175
1695,-165.20000000000002,62.6291971758765,3.175
1696,-153.4,62.6291971758765,3.175
1697,-141.60000000000002,62.6291971758765,3.175
1698,-129.8,62.6291971758765,3.175
1699,-118.0,62.6291971758765,3.175
1700,-106.2,62.6291971758765,3.175
1701,-94.4,62.6291971758765,3.175
1702,-82.60000000000001,62.6291971758765,3.175
1703,-70.80000000000001,62.6291971758765,3.175
1704,-59.0,62.6291971758765,3.175
1705,-47.2,62.6291971758765,3.175
1706,-35.400000000000006,62.6291971758765,3.175
1707,-23.6,62.6291971758765,3.175
1708,-11.8,62.6291971758765,3.175
1709,0.0,62.6291971758765,3.175
1710,11.8,62.6291971758765,3.175
1711,23.6,62.6291971758765,3.175
1712,35.400000000000006,62.6291971758765,3.175
1713,47.2,62.6291971758765,3.175
1714,59.0,62.6291971758765,3.175
1715,70.80000000000001,62.6291971758765,3.175
1716,82.60000000000001,62.6291971758765,3.175
1717,94.4,62.6291971758765,3.175
1718,106.2,62.6291971758765,3.175
1719,118.0,62.6291971758765,3.175
1720,129.8,62.6291971758765,3.175
1721,141.60000000000002,62.6291971758765,3.175
1722,153.4,62.6291971758765,3.175
1723,165.20000000000002,62.6291971758765,3.175
1724,177.0,62.6291971758765,3.175
1725,188.8,62.6291971758765,3.175
1726,200.60000000000002,62.6291971758765,3.175
1727,212.4,62.6291971758765,3.175
1728,224.20000000000002,62.6291971758765,3.175
1729,236.0,62.6291971758765,3.175
1730,247.8,62.6291971758765,3.175
1731,259.6,62.6291971758765,3.175
1732,271.40000000000003,62.6291971758765,3.175
1733,283.20000000000005,62.6291971758765,3.175
1734,295.0,62.6291971758765,3.175
1735,306.8,62.6291971758765,3.175
1736,318.6,62.6291971758765,3.175
1737,330.40000000000003,62.6291971758765,3.175
1738,342.20000000000005,62.6291971758765,3.175
1739,-336.30000000000007,72.84829694053289,3.175
1740,-324.50000000000006,72.84829694053289,3.175
1741,-312.70000000000005,72.84829694053289,3.175
1742,-300.90000000000003,72.84829694053289,3.175
1743,-289.1,72.84829694053289,3.175
1744,-277.30000000000007,72.84829694053289,3.175
1745,-265.50000000000006,72.84829694053289,3.175
1746,-253.70000000000002,72.84829694053289,3.175
1747,-241.9,72.84829694053289,3.175
1748,-230.1,72.84829694053289,3.175
1749,-218.3,72.84829694053289,3.175
1750,-206.5,72.84829694053289,3.175
1751,-194.70000000000002,72.84829694053289,3.175
1752,-182.9,72.84829694053289,3.175
1753,-171.1,72.84829694053289,3.175
1754,-159.3,72.84829694053289,3.175
1755,-147.5,72.84829694053289,3.175
1756,-135.70000000000002,72.84829694053289,3.175
1757,-123.9,72.84829694053289,3.175
1758,-112.1,72.84829694053289,3.175
1759,-100.3,72.84829694053289,3.175
1760,-88.5,72.84829694053289,3.175
1761,-76.7,72.84829694053289,3.175
1762,-64.9,72.84829694053289,3.175
1763,-53.1,72.84829694053289,3.175
1764,-41.300000000000004,72.84829694053289,3.175
1765,-29.500000000000007,72.84829694053289,3.175
1766,-17.700000000000003,72.84829694053289,3.175
1767,-5.9,72.84829694053289,3.175
1768,5.9,72.84829694053289,3.175
1769,17.700000000000003,72.84829694053289,3.175
1770,29.5,72.84829694053289,3.175
1771,41.300000000000004,72.84829694053289,3.175
1772,53.1,72.84829694053289,3.175
1773,64.9,72.84829694053289,3.175
1774,76.70000000000002,72.84829694053289,3.175
1775,88.50000000000001,72.84829694053289,3.175
1776,100.30000000000001,72.84829694053289,3.175
1777,112.10000000000001,72.84829694053289,3.175
1778,123.9,72.84829694053289,3.175
1779,135.70000000000002,72.84829694053289,3.175
1780,147.50000000000003,72.84829694053289,3.175
1781,159.3,72.84829694053289,3.175
1782,171.10000000000002,72.84829694053289,3.175
1783,182.9,72.84829694053289,3.175
1784,194.70000000000002,72.84829694053289,3.175
1785,206.50000000000003,72.84829694053289,3.175
1786,218.3,72.84829694053289,3.175
1787,230.10000000000002,72.84829694053289,3.175
1788,241.9,72.84829694053289,3.175
1789,253.70000000000002,72.84829694053289,3.175
1790,265.5,72.84829694053289,3.175
1791,277.3,72.84829694053289,3.175
1792,289.1,72.84829694053289,3.175
1793,300.9,72.84829694053289,3.175
1794,312.7,72.84829694053289,3.175
1795,324.5,72.84829694053289,3.175
1796,336.3,72.84829694053289,3.175
1797,-330.40000000000003,83.06739670518925,3.175
1798,-318.6,83.06739670518925,3.175
1799,-306.8,83.06739670518925,3.175
1800,-295.0,83.06739670518925,3.175
1801,-283.20000000000005,83.06739670518925,3.175
1802,-271.40000000000003,83.06739670518925,3.175
1803,-259.6,83.06739670518925,3.175
1804,-247.8,83.06739670518925,3.175
1805,-236.0,83.06739670518925,3.175
1806,-224.20000000000002,83.06739670518925,3.175
1807,-212.4,83.06739670518925,3.175
1808,-200.60000000000002,83.06739670518925,3.175
1809,-188.8,83.06739670518925,3.175
1810,-177.0,83.06739670518925,3.175
1811,-165.20000000000002,83.06739670518925,3.175
1812,-153.4,83.06739670518925,3.175
1813,-141.60000000000002,83.06739670518925,3.175
1814,-129.8,83.06739670518925,3.175
1815,-118.0,83.06739670518925,3.175
1816,-106.2,83.06739670518925,3.175
1817,-94.4,83.06739670518925,3.175
1818,-82.60000000000001,83.06739670518925,3.175
1819,-70.80000000000001,83.06739670518925,3.175
1820,-59.0,83.06739670518925,3.175
1821,-47.2,83.06739670518925,3.175
1822,-35.400000000000006,83.06739670518925,3.175
1823,-23.6,83.06739670518925,3.175
1824,-11.8,83.06739670518925,3.175
1825,0.0,83.06739670518925,3.175
1826,11.8,83.06739670518925,3.175
1827,23.6,83.06739670518925,3.175
1828,35.400000000000006,83.06739670518925,3.175
1829,47.2,83.06739670518925,3.175
1830,59.0,83.06739670518925,3.175
1831,70.80000000000001,83.06739670518925,3.175
1832,82.60000000000001,83.06739670518925,3.175
1833,94.4,83.06739670518925,3.175
1834,106.2,83.06739670518925,3.175
1835,118.0,83.06739670518925,3.175
1836,129.8,83.06739670518925,3.175
1837,141.60000000000002,83.06739670518925,3.175
1838,153.4,83.06739670518925,3.175
1839,165.20000000000002,83.06739670518925,3.175
1840,177.0,83.06739670518925,3.175
1841,188.8,83.06739670518925,3.175
1842,200.60000000000002,83.06739670518925,3.175
1843,212.4,83.06739670518925,3.175
1844,224.20000000000002,83.06739670518925,3.175
1845,236.0,83.06739670518925,3.175
1846,247.8,83.06739670518925,3.175
1847,259.6,83.06739670518925,3.175
1848,271.40000000000003,83.06739670518925,3.175
1849,283.20000000000005,83.06739670518925,3.175
1850,295.0,83.06739670518925,3.175
1851,306.8,83.06739670518925,3.175
1852,318.6,83.06739670518925,3.175
1853,330.40000000000003,83.06739670518925,3.175
1854,-336.30000000000007,93.28649646984564,3.175
1855,-324.50000000000006,93.28649646984564,3.175
1856,-312.70000000000005,93.28649646984564,3.175
1857,-300.90000000000003,93.28649646984564,3.175
1858,-289.1,93.28649646984564,3.175
1859,-277.30000000000007,93.28649646984564,3.175
1860,-265.50000000000006,93.28649646984564,3.175
1861,-253.70000000000002,93.28649646984564,3.175
1862,-241.9,93.28649646984564,3.175
1863,-230.1,93.28649646984564,3.175
1864,-218.3,93.28649646984564,3.175
1865,-206.5,93.28649646984564,3.175
1866,-194.70000000000002,93.28649646984564,3.175
1867,-182.9,93.28649646984564,3.175
1868,-171.1,93.28649646984564,3.175
1869,-159.3,93.28649646984564,3.175
1870,-147.5,93.28649646984564,3.175
1871,-135.70000000000002,93.28649646984564,3.175
1872,-123.9,93.28649646984564,3.175
1873,-112.1,93.28649646984564,3.175
1874,-100.3,93.28649646984564,3.175
1875,-88.5,93.28649646984564,3.175
1876,-76.7,93.28649646984564,3.175
1877,-64.9,93.28649646984564,3.175
1878,-53.1,93.28649646984564,3.175
1879,-41.300000000000004,93.28649646984564,3.175
1880,-29.500000000000007,93.28649646984564,3.175
1881,-17.700000000000003,93.28649646984564,3.175
1882,-5.9,93.28649646984564,3.175
1883,5.9,93.28649646984564,3.175
1884,17.700000000000003,93.28649646984564,3.175
1885,29.5,93.28649646984564,3.175
1886,41.300000000000004,93.28649646984564,3.175
1887,53.1,93.28649646984564,3.175
1888,64.9,93.28649646984564,3.175
1889,76.70000000000002,93.28649646984564,3.175
1890,88.50000000000001,93.28649646984564,3.175
1891,100.30000000000001,93.28649646984564,3.175
1892,112.10000000000001,93.28649646984564,3.175
1893,123.9,93.28649646984564,3.175
1894,135.70000000000002,93.28649646984564,3.175
1895,147.50000000000003,93.28649646984564,3.175
1896,159.3,93.28649646984564,3.175
1897,171.10000000000002,93.28649646984564,3.175
1898,182.9,93.28649646984564,3.175
1899,194.70000000000002,93.28649646984564,3.175
1900,206.50000000000003,93.28649646984564,3.175
1901,218.3,93.28649646984564,3.175
1902,230.10000000000002,93.28649646984564,3.175
1903,241.9,93.28649646984564,3.175
1904,253.70000000000002,93.28649646984564,3.175
1905,265.5,93.28649646984564,3.175
1906,277.3,93.28649646984564,3.175
1907,289.1,93.28649646984564,3.175
1908,300.9,93.28649646984564,3.175
1909,312.7,93.28649646984564,3.175
1910,324.5,93.28649646984564,3.175
1911,336.3,93.28649646984564,3.175
1912,-330.40000000000003,103.50559623450201,3.175
1913,-318.6,103.50559623450201,3.175
1914,-306.8,103.50559623450201,3.175
1915,-295.0,103.50559623450201,3.175
1916,-283.20000000000005,103.50559623450201,3.175
1917,-271.40000000000003,103.50559623450201,3.175
1918,-259.6,103.50559623450201,3.175
1919,-247.8,103.50559623450201,3.175
1920,-236.0,103.50559623450201,3.175
1921,-224.20000000000002,103.50559623450201,3.175
1922,-212.4,103.50559623450201,3.175
1923,-200.60000000000002,103.50559623450201,3.175
1924,-188.8,103.50559623450201,3.175
1925,-177.0,103.50559623450201,3.175
1926,-165.20000000000002,103.50559623450201,3.175
1927,-153.4,103.50559623450201,3.175
1928,-141.60000000000002,103.50559623450201,3.175
1929,-129.8,103.50559623450201,3.175
1930,-118.0,103.50559623450201,3.175
1931,-106.2,103.50559623450201,3.175
1932,-94.4,103.50559623450201,3.175
1933,-82.60000000000001,103.50559623450201,3.175
1934,-70.80000000000001,103.50559623450201,3.175
1935,-59.0,103.50559623450201,3.175
1936,-47.2,103.50559623450201,3.175
1937,-35.400000000000006,103.50559623450201,3.175
1938,-23.6,103.50559623450201,3.175
1939,-11.8,103.50559623450201,3.175
1940,0.0,103.50559623450201,3.175
1941,11.8,103.50559623450201,3.175
1942,23.6,103.50559623450201,3.175
1943,35.400000000000006,103.50559623450201,3.175
1944,47.2,103.50559623450201,3.175
1945,59.0,103.50559623450201,3.175
1946,70.80000000000001,103.50559623450201,3.175
1947,82.60000000000001,103.50559623450201,3.175
1948,94.4,103.50559623450201,3.175
1949,106.2,103.50559623450201,3.175
1950,118.0,103.50559623450201,3.175
1951,129.8,103.50559623450201,3.175
1952,141.60000000000002,103.50559623450201,3.175
1953,153.4,103.50559623450201,3.175
1954,165.20000000000002,103.50559623450201,3.175
1955,177.0,103.50559623450201,3.175
1956,188.8,103.50559623450201,3.175
1957,200.60000000000002,103.50559623450201,3.175
1958,212.4,103.50559623450201,3.175
1959,224.20000000000002,103.50559623450201,3.175
1960,236.0,103.50559623450201,3.175
1961,247.8,103.50559623450201,3.175
1962,259.6,103.50559623450201,3.175
1963,271.40000000000003,103.50559623450201,3.175
1964,283.20000000000005,103.50559623450201,3.175
1965,295.0,103.50559623450201,3.175
1966,306.8,103.50559623450201,3.175
1967,318.6,103.50559623450201,3.175
1968,330.40000000000003,103.50559623450201,3.175
1969,-324.50000000000006,113.72469599915837,3.175
1970,-312.70000000000005,113.72469599915837,3.175
1971,-300.90000000000003,113.72469599915837,3.175
1972,-289.1,113.72469599915837,3.175
1973,-277.30000000000007,113.72469599915837,3.175
1974,-265.50000000000006,113.72469599915837,3.175
1975,-253.70000000000002,113.72469599915837,3.175
1976,-241.9,113.72469599915837,3.175
1977,-230.1,113.72469599915837,3.175
1978,-218.3,113.72469599915837,3.175
1979,-206.5,113.72469599915837,3.175
1980,-194.70000000000002,113.72469599915837,3.175
1981,-182.9,113.72469599915837,3.175
1982,-171.1,113.72469599915837,3.175
1983,-159.3,113.72469599915837,3.175
1984,-147.5,113.72469599915837,3.175
1985,-135.70000000000002,113.72469599915837,3.175
1986,-123.9,113.72469599915837,3.175
1987,-112.1,113.72469599915837,3.175
1988,-100.3,113.72469599915837,3.175
1989,-88.5,113.72469599915837,3.175
1990,-76.7,113.72469599915837,3.175
1991,-64.9,113.72469599915837,3.175
1992,-53.1,113.72469599915837,3.175
1993,-41.300000000000004,113.72469599915837,3.175
1994,-29.500000000000007,113.72469599915837,3.175
1995,-17.700000000000003,113.72469599915837,3.175
1996,-5.9,113.72469599915837,3.175
1997,5.9,113.72469599915837,3.175
1998,17.700000000000003,113.72469599915837,3.175
1999,29.5,113.72469599915837,3.175
2000,41.300000000000004,113.72469599915837,3.175
2001,53.1,113.72469599915837,3.175
2002,64.9,113.72469599915837,3.175
2003,76.70000000000002,113.72469599915837,3.175
2004,88.50000000000001,113.72469599915837,3.175
2005,100.30000000000001,113.72469599915837,3.175
2006,112.10000000000001,113.72469599915837,3.175
2007,123.9,113.72469599915837,3.175
2008,135.70000000000002,113.72469599915837,3.175
2009,147.50000000000003,113.72469599915837,3.175
2010,159.3,113.72469599915837,3.175
2011,171.10000000000002,113.72469599915837,3.175
2012,182.9,113.72469599915837,3.175
2013,194.70000000000002,113.72469599915837,3.175
2014,206.50000000000003,113.72469599915837,3.175
2015,218.3,113.72469599915837,3.175
2016,230.10000000000002,113.72469599915837,3.175
2017,241.9,113.72469599915837,3.175
2018,253.70000000000002,113.72469599915837,3.175
2019,265.5,113.72469599915837,3.175
2020,277.3,113.72469599915837,3.175
2021,289.1,113.72469599915837,3.175
2022,300.9,113.72469599915837,3.175
2023,312.7,113.72469599915837,3.175
2024,324.5,113.72469599915837,3.175
2025,-318.6,123.94379576381476,3.175
2026,-306.8,123.94379576381476,3.175
2027,-295.0,123.94379576381476,3.175
2028,-283.20000000000005,123.94379576381476,3.175
2029,-271.40000000000003,123.94379576381476,3.175
2030,-259.6,123.94379576381476,3.175
2031,-247.8,123.94379576381476,3.175
2032,-236.0,123.94379576381476,3.175
2033,-224.20000000000002,123.94379576381476,3.175
2034,-212.4,123.94379576381476,3.175
2035,-200.60000000000002,123.94379576381476,3.175
2036,-188.8,123.94379576381476,3.175
2037,-177.0,123.94379576381476,3.175
2038,-165.20000000000002,123.94379576381476,3.175
2039,-153.4,123.94379576381476,3.175
2040,-141.60000000000002,123.94379576381476,3.175
2041,-129.8,123.94379576381476,3.175
2042,-118.0,123.94379576381476,3.175
2043,-106.2,123.94379576381476,3.175
2044,-94.4,123.94379576381476,3.175
2045,-82.60000000000001,123.94379576381476,3.175
2046,-70.80000000000001,123.94379576381476,3.175
2047,-59.0,123.94379576381476,3.175
2048,-47.2,123.94379576381476,3.175
2049,-35.400000000000006,123.94379576381476,3.175
2050,-23.6,123.94379576381476,3.175
2051,-11.8,123.94379576381476,3.175
2052,0.0,123.94379576381476,3.175
2053,11.8,123.94379576381476,3.175
2054,23.6,123.94379576381476,3.175
2055,35.400000000000006,123.94379576381476,3.175
2056,47.2,123.94379576381476,3.175
2057,59.0,123.94379576381476,3.175
2058,70.80000000000001,123.94379576381476,3.175
2059,82.60000000000001,123.94379576381476,3.175
2060,94.4,123.94379576381476,3.175
2061,106.2,123.94379576381476,3.175
2062,118.0,123.94379576381476,3.175
2063,129.8,123.94379576381476,3.175
2064,141.60000000000002,123.94379576381476,3.175
2065,153.4,123.94379576381476,3.175
2066,165.20000000000002,123.94379576381476,3.175
2067,177.0,123.94379576381476,3.175
2068,188.8,123.94379576381476,3.175
2069,200.60000000000002,123.94379576381476,3.175
2070,212.4,123.94379576381476,3.175
2071,224.20000000000002,123.94379576381476,3.175
2072,236.0,123.94379576381476,3.175
2073,247.8,123.94379576381476,3.175
2074,259.6,123.94379576381476,3.175
2075,271.40000000000003,123.94379576381476,3.175
2076,283.20000000000005,123.94379576381476,3.175
2077,295.0,123.94379576381476,3.175
2078,306.8,123.94379576381476,3.175
2079,318.6,123.94379576381476,3.175
2080,-312.70000000000005,134.16289552847113,3.175
2081,-300.90000000000003,134.16289552847113,3.175
2082,-289.1,134.16289552847113,3.175
2083,-277.30000000000007,134.16289552847113,3.175
2084,-265.50000000000006,134.16289552847113,3.175
2085,-253.70000000000002,134.16289552847113,3.175
2086,-241.9,134.16289552847113,3.175
2087,-230.1,134.16289552847113,3.175
2088,-218.3,134.16289552847113,3.175
2089,-206.5,134.16289552847113,3.175
2090,-194.70000000000002,134.16289552847113,3.175
2091,-182.9,134.16289552847113,3.175
2092,-171.1,134.16289552847113,3.175
2093,-159.3,134.16289552847113,3.175
2094,-147.5,134.16289552847113,3.175
2095,-135.70000000000002,134.16289552847113,3.175
2096,-123.9,134.16289552847113,3.175
2097,-112.1,134.16289552847113,3.175
2098,-100.3,134.16289552847113,3.175
2099,-88.5,134.16289552847113,3.175
2100,-76.7,134.16289552847113,3.175
2101,-64.9,134.16289552847113,3.175
2102,-53.1,134.16289552847113,3.175
2103,-41.300000000000004,134.16289552847113,3.175
2104,-29.500000000000007,134.16289552847113,3.175
2105,-17.700000000000003,134.16289552847113,3.175
2106,-5.9,134.16289552847113,3.175
2107,5.9,134.16289552847113,3.175
2108,17.700000000000003,134.16289552847113,3.175
2109,29.5,134.16289552847113,3.175
2110,41.300000000000004,134.16289552847113,3.175
2111,53.1,134.16289552847113,3.175
2112,64.9,134.16289552847113,3.175
2113,76.70000000000002,134.16289552847113,3.175
2114,88.50000000000001,134.16289552847113,3.175
2115,100.30000000000001,134.16289552847113,3.175
2116,112.10000000000001,134.16289552847113,3.175
2117,123.9,134.16289552847113,3.175
2118,135.70000000000002,134.16289552847113,3.175
2119,147.50000000000003,134.16289552847113,3.175
2120,159.3,134.16289552847113,3.175
2121,171.10000000000002,134.16289552847113,3.175
2122,182.9,134.16289552847113,3.175
2123,194.70000000000002,134.16289552847113,3.175
2124,206.50000000000003,134.16289552847113,3.175
2125,218.3,134.16289552847113,3.175
2126,230.10000000000002,134.16289552847113,3.175
2127,241.9,134.16289552847113,3.175
2128,253.70000000000002,134.16289552847113,3.175
2129,265.5,134.16289552847113,3.175
2130,277.3,134.16289552847113,3.175
2131,289.1,134.16289552847113,3.175
2132,300.9,134.16289552847113,3.175
2133,312.7,134.16289552847113,3.175
2134,-318.6,144.38199529312752,3.175
2135,-306.8,144.38199529312752,3.175
2136,-295.0,144.38199529312752,3.175
2137,-283.20000000000005,144.38199529312752,3.175
2138,-271.40000000000003,144.38199529312752,3.175
2139,-259.6,144.38199529312752,3.175
2140,-247.8,144.38199529312752,3.175
2141,-236.0,144.38199529312752,3.175
2142,-224.20000000000002,144.38199529312752,3.175
2143,-212.4,144.38199529312752,3.175
2144,-200.60000000000002,144.38199529312752,3.175
2145,-188.8,144.38199529312752,3.175
2146,-177.0,144.38199529312752,3.175
2147,-165.20000000000002,144.38199529312752,3.175
2148,-153.4,144.38199529312752,3.175
2149,-141.60000000000002,144.38199529312752,3.175
2150,-129.8,144.38199529312752,3.175
2151,-118.0,144.38199529312752,3.175
2152,-106.2,144.38199529312752,3.175
2153,-94.4,144.38199529312752,3.175
2154,-82.60000000000001,144.38199529312752,3.175
2155,-70.80000000000001,144.38199529312752,3.175
2156,-59.0,144.38199529312752,3.175
2157,-47.2,144.38199529312752,3.175
2158,-35.400000000000006,144.38199529312752,3.175
2159,-23.6,144.38199529312752,3.175
2160,-11.8,144.38199529312752,3.175
2161,0.0,144.38199529312752,3.175
2162,11.8,144.38199529312752,3.175
2163,23.6,144.38199529312752,3.175
2164,35.400000000000006,144.38199529312752,3.175
2165,47.2,144.38199529312752,3.175
2166,59.0,144.38199529312752,3.175
2167,70.80000000000001,144.38199529312752,3.175
2168,82.60000000000001,144.38199529312752,3.175
2169,94.4,144.38199529312752,3.175
2170,106.2,144.38199529312752,3.175
2171,118.0,144.38199529312752,3.175
2172,129.8,144.38199529312752,3.175
2173,141.60000000000002,144.38199529312752,3.175
2174,153.4,144.38199529312752,3.175
2175,165.20000000000002,144.38199529312752,3.175
2176,177.0,144.38199529312752,3.175
2177,188.8,144.38199529312752,3.175
2178,200.60000000000002,144.38199529312752,3.175
2179,212.4,144.38199529312752,3.175
2180,224.20000000000002,144.38199529312752,3.175
2181,236.0,144.38199529312752,3.175
2182,247.8,144.38199529312752,3.175
2183,259.6,144.38199529312752,3.175
2184,271.40000000000003,144.38199529312752,3.175
2185,283.20000000000005,144.38199529312752,3.175
2186,295.0,144.38199529312752,3.175
2187,306.8,144.38199529312752,3.175
2188,318.6,144.38199529312752,3.175
2189,-312.70000000000005,154.60109505778388,3.175
2190,-300.90000000000003,154.60109505778388,3.175
2191,-289.1,154.60109505778388,3.175
2192,-277.30000000000007,154.60109505778388,3.175
2193,-265.50000000000006,154.60109505778388,3.175
2194,-253.70000000000002,154.60109505778388,3.175
2195,-241.9,154.60109505778388,3.175
2196,-230.1,154.60109505778388,3.175
2197,-218.3,154.60109505778388,3.175
2198,-206.5,154.60109505778388,3.175
2199,-194.70000000000002,154.60109505778388,3.175
2200,-182.9,154.60109505778388,3.175
2201,-171.1,154.60109505778388,3.175
2202,-159.3,154.60109505778388,3.175
2203,-147.5,154.60109505778388,3.175
2204,-135.70000000000002,154.60109505778388,3.175
2205,-123.9,154.60109505778388,3.175
2206,-112.1,154.60109505778388,3.175
2207,-100.3,154.60109505778388,3.175
2208,-88.5,154.60109505778388,3.175
2209,-76.7,154.60109505778388,3.175
2210,-64.9,154.60109505778388,3.175
2211,-53.1,154.60109505778388,3.175
2212,-41.300000000000004,154.60109505778388,3.175
2213,-29.500000000000007,154.60109505778388,3.175
2214,-17.700000000000003,154.60109505778388,3.175
2215,-5.9,154.60109505778388,3.175
2216,5.9,154.60109505778388,3.175
2217,17.700000000000003,154.60109505778388,3.175
2218,29.5,154.60109505778388,3.175
2219,41.300000000000004,154.60109505778388,3.175
2220,53.1,154.60109505778388,3.175
2221,64.9,154.60109505778388,3.175
2222,76.70000000000002,154.60109505778388,3.175
2223,88.50000000000001,154.60109505778388,3.175
2224,100.30000000000001,154.60109505778388,3.175
2225,112.10000000000001,154.60109505778388,3.175
2226,123.9,154.60109505778388,3.175
2227,135.70000000000002,154.60109505778388,3.175
2228,147.50000000000003,154.60109505778388,3.175
2229,159.3,154.60109505778388,3.175
2230,171.10000000000002,154.60109505778388,3.175
2231,182.9,154.60109505778388,3.175
2232,194.70000000000002,154.60109505778388,3.175
2233,206.50000000000003,154.60109505778388,3.175
2234,218.3,154.60109505778388,3.175
2235,230.10000000000002,154.60109505778388,3.175
2236,241.9,154.60109505778388,3.175
2237,253.70000000000002,154.60109505778388,3.175
2238,265.5,154.60109505778388,3.175
2239,277.3,154.60109505778388,3.175
2240,289.1,154.60109505778388,3.175
2241,300.9,154.60109505778388,3.175
2242,312.7,154.60109505778388,3.175
2243,-306.8,164.82019482244027,3.175
2244,-295.0,164.82019482244027,3.175
2245,-283.20000000000005,164.82019482244027,3.175
2246,-271.40000000000003,164.82019482244027,3.175
2247,-259.6,164.82019482244027,3.175
2248,-247.8,164.82019482244027,3.175
2249,-236.0,164.82019482244027,3.175
2250,-224.20000000000002,164.82019482244027,3.175
2251,-212.4,164.82019482244027,3.175
2252,-200.60000000000002,164.82019482244027,3.175
2253,-188.8,164.82019482244027,3.175
2254,-177.0,164.82019482244027,3.175
2255,-165.20000000000002,164.82019482244027,3.175
2256,-153.4,164.82019482244027,3.175
2257,-141.60000000000002,164.82019482244027,3.175
2258,-129.8,164.82019482244027,3.175
2259,-118.0,164.82019482244027,3.175
2260,-106.2,164.82019482244027,3.175
2261,-94.4,164.82019482244027,3.175
2262,-82.60000000000001,164.82019482244027,3.175
2263,-70.80000000000001,164.82019482244027,3.175
2264,-59.0,164.82019482244027,3.175
2265,-47.2,164.82019482244027,3.175
2266,-35.400000000000006,164.82019482244027,3.175
2267,-23.6,164.82019482244027,3.175
2268,-11.8,164.82019482244027,3.175
2269,0.0,164.82019482244027,3.175
2270,11.8,164.82019482244027,3.175
2271,23.6,164.82019482244027,3.175
2272,35.400000000000006,164.82019482244027,3.175
2273,47.2,164.82019482244027,3.175
2274,59.0,164.82019482244027,3.175
2275,70.80000000000001,164.82019482244027,3.175
2276,82.60000000000001,164.82019482244027,3.175
2277,94.4,164.82019482244027,3.175
2278,106.2,164.82019482244027,3.175
2279,118.0,164.82019482244027,3.175
2280,129.8,164.82019482244027,3.175
2281,141.60000000000002,164.82019482244027,3.175
2282,153.4,164.82019482244027,3.175
2283,165.20000000000002,164.82019482244027,3.175
2284,177.0,164.82019482244027,3.175
2285,188.8,164.82019482244027,3.175
2286,200.60000000000002,164.82019482244027,3.175
2287,212.4,164.82019482244027,3.175
2288,224.20000000000002,164.82019482244027,3.175
2289,236.0,164.82019482244027,3.175
2290,247.8,164.82019482244027,3.175
2291,259.6,164.82019482244027,3.175
2292,271.40000000000003,164.82019482244027,3.175
2293,283.20000000000005,164.82019482244027,3.175
2294,295.0,164.82019482244027,3.175
2295,306.8,164.82019482244027,3.175
2296,-300.90000000000003,175.03929458709663,3.175
2297,-289.1,175.03929458709663,3.175
2298,-277.30000000000007,175.03929458709663,3.175
2299,-265.50000000000006,175.03929458709663,3.175
2300,-253.70000000000002,175.03929458709663,3.175
2301,-241.9,175.03929458709663,3.175
2302,-230.1,175.03929458709663,3.175
2303,-218.3,175.03929458709663,3.175
2304,-206.5,175.03929458709663,3.175
2305,-194.70000000000002,175.03929458709663,3.175
2306,-182.9,175.03929458709663,3.175
2307,-171.1,175.03929458709663,3.175
2308,-159.3,175.03929458709663,3.175
2309,-147.5,175.03929458709663,3.175
2310,-135.70000000000002,175.03929458709663,3.175
2311,-123.9,175.03929458709663,3.175
2312,-112.1,175.03929458709663,3.175
2313,-100.3,175.03929458709663,3.175
2314,-88.5,175.03929458709663,3.175
2315,-76.7,175.03929458709663,3.175
2316,-64.9,175.03929458709663,3.175
2317,-53.1,175.03929458709663,3.175
2318,-41.300000000000004,175.03929458709663,3.175
2319,-29.500000000000007,175.03929458709663,3.175
2320,-17.700000000000003,175.03929458709663,3.175
2321,-5.9,175.03929458709663,3.175
2322,5.9,175.03929458709663,3.175
2323,17.700000000000003,175.03929458709663,3.175
2324,29.5,175.03929458709663,3.175
2325,41.300000000000004,175.03929458709663,3.175
2326,53.1,175.03929458709663,3.175
2327,64.9,175.03929458709663,3.175
2328,76.70000000000002,175.03929458709663,3.175
2329,88.50000000000001,175.03929458709663,3.175
2330,100.30000000000001,175.03929458709663,3.175
2331,112.10000000000001,175.03929458709663,3.175
2332,123.9,175.03929458709663,3.175
2333,135.70000000000002,175.03929458709663,3.175
2334,147.50000000000003,175.03929458709663,3.175
2335,159.3,175.03929458709663,3.175
2336,171.10000000000002,175.03929458709663,3.175
2337,182.9,175.03929458709663,3.175
2338,194.70000000000002,175.03929458709663,3.175
2339,206.50000000000003,175.03929458709663,3.175
2340,218.3,175.03929458709663,3.175
2341,230.10000000000002,175.03929458709663,3.175
2342,241.9,175.03929458709663,3.175
2343,253.70000000000002,175.03929458709663,3.175
2344,265.5,175.03929458709663,3.175
2345,277.3,175.03929458709663,3.175
2346,289.1,175.03929458709663,3.175
2347,300.9,175.03929458709663,3.175
2348,-295.0,185.258394351753,3.175
2349,-283.20000000000005,185.258394351753,3.175
2350,-271.40000000000003,185.258394351753,3.175
2351,-259.6,185.258394351753,3.175
2352,-247.8,185.258394351753,3.175
2353,-236.0,185.258394351753,3.175
2354,-224.20000000000002,185.258394351753,3.175
2355,-212.4,185.258394351753,3.175
2356,-200.60000000000002,185.258394351753,3.175
2357,-188.8,185.258394351753,3.175
2358,-177.0,185.258394351753,3.175
2359,-165.20000000000002,185.258394351753,3.175
2360,-153.4,185.258394351753,3.175
2361,-141.60000000000002,185.258394351753,3.175
2362,-129.8,185.258394351753,3.175
2363,-118.0,185.258394351753,3.175
2364,-106.2,185.258394351753,3.175
2365,-94.4,185.258394351753,3.175
2366,-82.60000000000001,185.258394351753,3.175
2367,-70.80000000000001,185.258394351753,3.175
2368,-59.0,185.258394351753,3.175
2369,-47.2,185.258394351753,3.175
2370,-35.400000000000006,185.258394351753,3.175
2371,-23.6,185.258394351753,3.175
2372,-11.8,185.258394351753,3.175
2373,0.0,185.258394351753,3.175
2374,11.8,185.258394351753,3.175
2375,23.6,185.258394351753,3.175
2376,35.400000000000006,185.258394351753,3.175
2377,47.2,185.258394351753,3.175
2378,59.0,185.258394351753,3.175
2379,70.80000000000001,185.258394351753,3.175
2380,82.60000000000001,185.258394351753,3.175
2381,94.4,185.258394351753,3.175
2382,106.2,185.258394351753,3.175
2383,118.0,185.258394351753,3.175
2384,129.8,185.258394351753,3.175
2385,141.60000000000002,185.258394351753,3.175
2386,153.4,185.258394351753,3.175
2387,165.20000000000002,185.258394351753,3.175
2388,177.0,185.258394351753,3.175
2389,188.8,185.258394351753,3.175
2390,200.60000000000002,185.258394351753,3.175
2391,212.4,185.258394351753,3.175
2392,224.20000000000002,185.258394351753,3.175
2393,236.0,185.258394351753,3.175
2394,247.8,185.258394351753,3.175
2395,259.6,185.258394351753,3.175
2396,271.40000000000003,185.258394351753,3.175
2397,283.20000000000005,185.258394351753,3.175
2398,295.0,185.258394351753,3.175
2399,-289.1,195.4774941164094,3.175
2400,-277.30000000000007,195.4774941164094,3.175
2401,-265.50000000000006,195.4774941164094,3.175
2402,-253.70000000000002,195.4774941164094,3.175
2403,-241.9,195.4774941164094,3.175
2404,-230.1,195.4774941164094,3.175
2405,-218.3,195.4774941164094,3.175
2406,-206.5,195.4774941164094,3.175
2407,-194.70000000000002,195.4774941164094,3.175
2408,-182.9,195.4774941164094,3.175
2409,-171.1,195.4774941164094,3.175
2410,-159.3,195.4774941164094,3.175
2411,-147.5,195.4774941164094,3.175
2412,-135.70000000000002,195.4774941164094,3.175
2413,-123.9,195.4774941164094,3.175
2414,-112.1,195.4774941164094,3.175
2415,-100.3,195.4774941164094,3.175
2416,-88.5,195.4774941164094,3.175
2417,-76.7,195.4774941164094,3.175
2418,-64.9,195.4774941164094,3.175
2419,-53.1,195.4774941164094,3.175
2420,-41.300000000000004,195.4774941164094,3.175
2421,-29.500000000000007,195.4774941164094,3.175
2422,-17.700000000000003,195.4774941164094,3.175
2423,-5.9,195.4774941164094,3.175
2424,5.9,195.4774941164094,3.175
2425,17.700000000000003,195.4774941164094,3.175
2426,29.5,195.4774941164094,3.175
2427,41.300000000000004,195.4774941164094,3.175
2428,53.1,195.4774941164094,3.175
2429,64.9,195.4774941164094,3.175
2430,76.70000000000002,195.4774941164094,3.175
2431,88.50000000000001,195.4774941164094,3.175
2432,100.30000000000001,195.4774941164094,3.175
2433,112.10000000000001,195.4774941164094,3.175
2434,123.9,195.4774941164094,3.175
2435,135.70000000000002,195.4774941164094,3.175
2436,147.50000000000003,195.4774941164094,3.175
2437,159.3,195.4774941164094,3.175
2438,171.10000000000002,195.4774941164094,3.175
2439,182.9,195.4774941164094,3.175
2440,194.70000000000002,195.4774941164094,3.175
2441,206.50000000000003,195.4774941164094,3.175
2442,218.3,195.4774941164094,3.175
2443,230.10000000000002,195.4774941164094,3.175
2444,241.9,195.4774941164094,3.175
2445,253.70000000000002,195.4774941164094,3.175
2446,265.5,195.4774941164094,3.175
2447,277.3,195.4774941164094,3.175
2448,289.1,195.4774941164094,3.175
2449,-271.40000000000003,205.69659388106578,3.175
2450,-259.6,205.69659388106578,3.175
2451,-247.8,205.69659388106578,3.175
2452,-236.0,205.69659388106578,3.175
2453,-224.20000000000002,205.69659388106578,3.175
2454,-212.4,205.69659388106578,3.175
2455,-200.60000000000002,205.69659388106578,3.175
2456,-188.8,205.69659388106578,3.175
2457,-177.0,205.69659388106578,3.175
2458,-165.20000000000002,205.69659388106578,3.175
2459,-153.4,205.69659388106578,3.175
2460,-141.60000000000002,205.69659388106578,3.175
2461,-129.8,205.69659388106578,3.175
2462,-118.0,205.69659388106578,3.175
2463,-106.2,205.69659388106578,3.175
2464,-94.4,205.69659388106578,3.175
2465,-82.60000000000001,205.69659388106578,3.175
2466,-70.80000000000001,205.69659388106578,3.175
2467,-59.0,205.69659388106578,3.175
2468,-47.2,205.69659388106578,3.175
2469,-35.400000000000006,205.69659388106578,3.175
2470,-23.6,205.69659388106578,3.175
2471,-11.8,205.69659388106578,3.175
2472,0.0,205.69659388106578,3.175
2473,11.8,205.69659388106578,3.175
2474,23.6,205.69659388106578,3.175
2475,35.400000000000006,205.69659388106578,3.175
2476,47.2,205.69659388106578,3.175
2477,59.0,205.69659388106578,3.175
2478,70.80000000000001,205.69659388106578,3.175
2479,82.60000000000001,205.69659388106578,3.175
2480,94.4,205.69659388106578,3.175
2481,106.2,205.69659388106578,3.175
2482,118.0,205.69659388106578,3.175
2483,129.8,205.69659388106578,3.175
2484,141.60000000000002,205.69659388106578,3.175
2485,153.4,205.69659388106578,3.175
2486,165.20000000000002,205.69659388106578,3.175
2487,177.0,205.69659388106578,3.175
2488,188.8,205.69659388106578,3.175
2489,200.60000000000002,205.69659388106578,3.175
2490,212.4,205.69659388106578,3.175
2491,224.20000000000002,205.69659388106578,3.175
2492,236.0,205.69659388106578,3.175
2493,247.8,205.69659388106578,3.175
2494,259.6,205.69659388106578,3.175
2495,271.40000000000003,205.69659388106578,3.175
2496,-265.50000000000006,215.91569364572211,3.175
2497,-253.70000000000002,215.91569364572211,3.175
2498,-241.9,215.91569364572211,3.175
2499,-230.1,215.91569364572211,3.175
2500,-218.3,215.91569364572211,3.175
2501,-206.5,215.91569364572211,3.175
2502,-194.70000000000002,215.91569364572211,3.175
2503,-182.9,215.91569364572211,3.175
2504,-171.1,215.91569364572211,3.175
2505,-159.3,215.91569364572211,3.175
2506,-147.5,215.91569364572211,3.175
2507,-135.70000000000002,215.91569364572211,3.175
2508,-123.9,215.91569364572211,3.175
2509,-112.1,215.91569364572211,3.175
2510,-100.3,215.91569364572211,3.175
2511,-88.5,215.91569364572211,3.175
2512,-76.7,215.91569364572211,3.175
2513,-64.9,215.91569364572211,3.175
2514,-53.1,215.91569364572211,3.175
2515,-41.300000000000004,215.91569364572211,3.175
2516,-29.500000000000007,215.91569364572211,3.175
2517,-17.700000000000003,215.91569364572211,3.175
2518,-5.9,215.91569364572211,3.175
2519,5.9,215.91569364572211,3.175
2520,17.700000000000003,215.91569364572211,3.175
2521,29.5,215.91569364572211,3.175
2522,41.300000000000004,215.91569364572211,3.175
2523,53.1,215.91569364572211,3.175
2524,64.9,215.91569364572211,3.175
2525,76.70000000000002,215.91569364572211,3.175
2526,88.50000000000001,215.91569364572211,3.175
2527,100.30000000000001,215.91569364572211,3.175
2528,112.10000000000001,215.91569364572211,3.175
2529,123.9,215.91569364572211,3.175
2530,135.70000000000002,215.91569364572211,3.175
2531,147.50000000000003,215.91569364572211,3.175
2532,159.3,215.91569364572211,3.175
2533,171.10000000000002,215.91569364572211,3.175
2534,182.9,215.91569364572211,3.175
2535,194.70000000000002,215.91569364572211,3.175
2536,206.50000000000003,215.91569364572211,3.175
2537,218.3,215.91569364572211,3.175
2538,230.10000000000002,215.91569364572211,3.175
2539,241.9,215.91569364572211,3.175
2540,253.70000000000002,215.91569364572211,3.175
2541,265.5,215.91569364572211,3.175
2542,-259.6,226.1347934103785,3.175
2543,-247.8,226.1347934103785,3.175
2544,-236.0,226.1347934103785,3.175
2545,-224.20000000000002,226.1347934103785,3.175
2546,-212.4,226.1347934103785,3.175
2547,-200.60000000000002,226.1347934103785,3.175
2548,-188.8,226.1347934103785,3.175
2549,-177.0,226.1347934103785,3.175
2550,-165.20000000000002,226.1347934103785,3.175
2551,-153.4,226.1347934103785,3.175
2552,-141.60000000000002,226.1347934103785,3.175
2553,-129.8,226.1347934103785,3.175
2554,-118.0,226.1347934103785,3.175
2555,-106.2,226.1347934103785,3.175
2556,-94.4,226.1347934103785,3.175
2557,-82.60000000000001,226.1347934103785,3.175
2558,-70.80000000000001,226.1347934103785,3.175
2559,-59.0,226.1347934103785,3.175
2560,-47.2,226.1347934103785,3.175
2561,-35.400000000000006,226.1347934103785,3.175
2562,-23.6,226.1347934103785,3.175
2563,-11.8,226.1347934103785,3.175
2564,0.0,226.1347934103785,3.175
2565,11.8,226.1347934103785,3.175
2566,23.6,226.1347934103785,3.175
2567,35.400000000000006,226.1347934103785,3.175
2568,47.2,226.1347934103785,3.175
2569,59.0,226.1347934103785,3.175
2570,70.80000000000001,226.1347934103785,3.175
2571,82.60000000000001,226.1347934103785,3.175
2572,94.4,226.1347934103785,3.175
2573,106.2,226.1347934103785,3.175
2574,118.0,226.1347934103785,3.175
2575,129.8,226.1347934103785,3.175
2576,141.60000000000002,226.1347934103785,3.175
2577,153.4,226.1347934103785,3.175
2578,165.20000000000002,226.1347934103785,3.175
2579,177.0,226.1347934103785,3.175
2580,188.8,226.1347934103785,3.175
2581,200.60000000000002,226.1347934103785,3.175
2582,212.4,226.1347934103785,3.175
2583,224.20000000000002,226.1347934103785,3.175
2584,236.0,226.1347934103785,3.175
2585,247.8,226.1347934103785,3.175
2586,259.6,226.1347934103785,3.175
2587,-253.70000000000002,236.3538931750349,3.175
2588,-241.9,236.3538931750349,3.175
2589,-230.1,236.3538931750349,3.175
2590,-218.3,236.3538931750349,3.175
2591,-206.5,236.3538931750349,3.175
2592,-194.70000000000002,236.3538931750349,3.175
2593,-182.9,236.3538931750349,3.175
2594,-171.1,236.3538931750349,3.175
2595,-159.3,236.3538931750349,3.175
2596,-147.5,236.3538931750349,3.175
2597,-135.70000000000002,236.3538931750349,3.175
2598,-123.9,236.3538931750349,3.175
2599,-112.1,236.3538931750349,3.175
2600,-100.3,236.3538931750349,3.175
2601,-88.5,236.3538931750349,3.175
2602,-76.7,236.3538931750349,3.175
2603,-64.9,236.3538931750349,3.175
2604,-53.1,236.3538931750349,3.175
2605,-41.300000000000004,236.3538931750349,3.175
2606,-29.500000000000007,236.3538931750349,3.175
2607,-17.700000000000003,236.3538931750349,3.175
2608,-5.9,236.3538931750349,3.175
2609,5.9,236.3538931750349,3.175
2610,17.700000000000003,236.3538931750349,3.175
2611,29.5,236.3538931750349,3.175
2612,41.300000000000004,236.3538931750349,3.175
2613,53.1,236.3538931750349,3.175
2614,64.9,236.3538931750349,3.175
2615,76.70000000000002,236.3538931750349,3.175
2616,88.50000000000001,236.3538931750349,3.175
2617,100.30000000000001,236.3538931750349,3.175
2618,112.10000000000001,236.3538931750349,3.175
2619,123.9,236.3538931750349,3.175
2620,135.70000000000002,236.3538931750349,3.175
2621,147.50000000000003,236.3538931750349,3.175
2622,159.3,236.3538931750349,3.175
2623,171.10000000000002,236.3538931750349,3.175
2624,182.9,236.3538931750349,3.175
2625,194.70000000000002,236.3538931750349,3.175
2626,206.50000000000003,236.3538931750349,3.175
2627,218.3,236.3538931750349,3.175
2628,230.10000000000002,236.3538931750349,3.175
2629,241.9,236.3538931750349,3.175
2630,253.70000000000002,236.3538931750349,3.175
2631,-247.8,246.5729929396913,3.175
2632,-236.0,246.5729929396913,3.175
2633,-224.20000000000002,246.5729929396913,3.175
2634,-212.4,246.5729929396913,3.175
2635,-200.60000000000002,246.5729929396913,3.175
2636,-188.8,246.5729929396913,3.175
2637,-177.0,246.5729929396913,3.175
2638,-165.20000000000002,246.5729929396913,3.175
2639,-153.4,246.5729929396913,3.175
2640,-141.60000000000002,246.5729929396913,3.175
2641,-129.8,246.5729929396913,3.175
2642,-118.0,246.5729929396913,3.175
2643,-106.2,246.5729929396913,3.175
2644,-94.4,246.5729929396913,3.175
2645,-82.60000000000001,246.5729929396913,3.175
2646,-70.80000000000001,246.5729929396913,3.175
2647,-59.0,246.5729929396913,3.175
2648,-47.2,246.5729929396913,3.175
2649,-35.400000000000006,246.5729929396913,3.175
2650,-23.6,246.5729929396913,3.175
2651,-11.8,246.5729929396913,3.175
2652,0.0,246.5729929396913,3.175
2653,11.8,246.5729929396913,3.175
2654,23.6,246.5729929396913,3.175
2655,35.400000000000006,246.5729929396913,3.175
2656,47.2,246.5729929396913,3.175
2657,59.0,246.5729929396913,3.175
2658,70.80000000000001,246.5729929396913,3.175
2659,82.60000000000001,246.5729929396913,3.175
2660,94.4,246.5729929396913,3.175
2661,106.2,246.5729929396913,3.175
2662,118.0,246.5729929396913,3.175
2663,129.8,246.5729929396913,3.175
2664,141.60000000000002,246.5729929396913,3.175
2665,153.4,246.5729929396913,3.175
2666,165.20000000000002,246.5729929396913,3.175
2667,177.0,246.5729929396913,3.175
2668,188.8,246.5729929396913,3.175
2669,200.60000000000002,246.5729929396913,3.175
2670,212.4,246.5729929396913,3.175
2671,224.20000000000002,246.5729929396913,3.175
2672,236.0,246.5729929396913,3.175
2673,247.8,246.5729929396913,3.175
2674,-230.1,256.7920927043476,3.175
2675,-218.3,256.7920927043476,3.175
2676,-206.5,256.7920927043476,3.175
2677,-194.70000000000002,256.7920927043476,3.175
2678,-182.9,256.7920927043476,3.175
2679,-171.1,256.7920927043476,3.175
2680,-159.3,256.7920927043476,3.175
2681,-147.5,256.7920927043476,3.175
2682,-135.70000000000002,256.7920927043476,3.175
2683,-123.9,256.7920927043476,3.175
2684,-112.1,256.7920927043476,3.175
2685,-100.3,256.7920927043476,3.175
2686,-88.5,256.7920927043476,3.175
2687,-76.7,256.7920927043476,3.175
2688,-64.9,256.7920927043476,3.175
2689,-53.1,256.7920927043476,3.175
2690,-41.300000000000004,256.7920927043476,3.175
2691,-29.500000000000007,256.7920927043476,3.175
2692,-17.700000000000003,256.7920927043476,3.175
2693,-5.9,256.7920927043476,3.175
2694,5.9,256.7920927043476,3.175
2695,17.700000000000003,256.7920927043476,3.175
2696,29.5,256.7920927043476,3.175
2697,41.300000000000004,256.7920927043476,3.175
2698,53.1,256.7920927043476,3.175
2699,64.9,256.7920927043476,3.175
2700,76.70000000000002,256.7920927043476,3.175
2701,88.50000000000001,256.7920927043476,3.175
2702,100.30000000000001,256.7920927043476,3.175
2703,112.10000000000001,256.7920927043476,3.175
2704,123.9,256.7920927043476,3.175
2705,135.70000000000002,256.7920927043476,3.175
2706,147.50000000000003,256.7920927043476,3.175
2707,159.3,256.7920927043476,3.175
2708,171.10000000000002,256.7920927043476,3.175
2709,182.9,256.7920927043476,3.175
2710,194.70000000000002,256.7920927043476,3.175
2711,206.50000000000003,256.7920927043476,3.175
2712,218.3,256.7920927043476,3.175
2713,230.10000000000002,256.7920927043476,3.175
2714,-224.20000000000002,267.011192469004,3.175
2715,-212.4,267.011192469004,3.175
2716,-200.60000000000002,267.011192469004,3.175
2717,-188.8,267.011192469004,3.175
2718,-177.0,267.011192469004,3.175
2719,-165.20000000000002,267.011192469004,3.175
2720,-153.4,267.011192469004,3.175
2721,-141.60000000000002,267.011192469004,3.175
2722,-129.8,267.011192469004,3.175
2723,-118.0,267.011192469004,3.175
2724,-106.2,267.011192469004,3.175
2725,-94.4,267.011192469004,3.175
2726,-82.60000000000001,267.011192469004,3.175
2727,-70.80000000000001,267.011192469004,3.175
2728,-59.0,267.011192469004,3.175
2729,-47.2,267.011192469004,3.175
2730,-35.400000000000006,267.011192469004,3.175
2731,-23.6,267.011192469004,3.175
2732,-11.8,267.011192469004,3.175
2733,0.0,267.011192469004,3.175
2734,11.8,267.011192469004,3.175
2735,23.6,267.011192469004,3.175
2736,35.400000000000006,267.011192469004,3.175
2737,47.2,267.011192469004,3.175
2738,59.0,267.011192469004,3.175
2739,70.80000000000001,267.011192469004,3.175
2740,82.60000000000001,267.011192469004,3.175
2741,94.4,267.011192469004,3.175
2742,106.2,267.011192469004,3.175
2743,118.0,267.011192469004,3.175
2744,129.8,267.011192469004,3.175
2745,141.60000000000002,267.011192469004,3.175
2746,153.4,267.011192469004,3.175
2747,165.20000000000002,267.011192469004,3.175
2748,177.0,267.011192469004,3.175
2749,188.8,267.011192469004,3.175
2750,200.60000000000002,267.011192469004,3.175
2751,212.4,267.011192469004,3.175
2752,224.20000000000002,267.011192469004,3.175
2753,-206.5,277.2302922336604,3.175
2754,-194.70000000000002,277.2302922336604,3.175
2755,-182.9,277.2302922336604,3.175
2756,-171.1,277.2302922336604,3.175
2757,-159.3,277.2302922336604,3.175
2758,-147.5,277.2302922336604,3.175
2759,-135.70000000000002,277.2302922336604,3.175
2760,-123.9,277.2302922336604,3.175
2761,-112.1,277.2302922336604,3.175
2762,-100.3,277.2302922336604,3.175
2763,-88.5,277.2302922336604,3.175
2764,-76.7,277.2302922336604,3.175
2765,-64.9,277.2302922336604,3.175
2766,-53.1,277.2302922336604,3.175
2767,-41.300000000000004,277.2302922336604,3.175
2768,-29.500000000000007,277.2302922336604,3.175
2769,-17.700000000000003,277.2302922336604,3.175
2770,-5.9,277.2302922336604,3.175
2771,5.9,277.2302922336604,3.175
2772,17.700000000000003,277.2302922336604,3.175
2773,29.5,277.2302922336604,3.175
2774,41.300000000000004,277.2302922336604,3.175
2775,53.1,277.2302922336604,3.175
2776,64.9,277.2302922336604,3.175
2777,76.70000000000002,277.2302922336604,3.175
2778,88.50000000000001,277.2302922336604,3.175
2779,100.30000000000001,277.2302922336604,3.175
2780,112.10000000000001,277.2302922336604,3.175
2781,123.9,277.2302922336604,3.175
2782,135.70000000000002,277.2302922336604,3.175
2783,147.50000000000003,277.2302922336604,3.175
2784,159.3,277.2302922336604,3.175
2785,171.10000000000002,277.2302922336604,3.175
2786,182.9,277.2302922336604,3.175
2787,194.70000000000002,277.2302922336604,3.175
2788,206.50000000000003,277.2302922336604,3.175
2789,-188.8,287.44939199831674,3.175
2790,-177.0,287.44939199831674,3.175
2791,-165.20000000000002,287.44939199831674,3.175
2792,-153.4,287.44939199831674,3.175
2793,-141.60000000000002,287.44939199831674,3.175
2794,-129.8,287.44939199831674,3.175
2795,-118.0,287.44939199831674,3.175
2796,-106.2,287.44939199831674,3.175
2797,-94.4,287.44939199831674,3.175
2798,-82.60000000000001,287.44939199831674,3.175
2799,-70.80000000000001,287.44939199831674,3.175
2800,-59.0,287.44939199831674,3.175
2801,-47.2,287.44939199831674,3.175
2802,-35.400000000000006,287.44939199831674,3.175
2803,-23.6,287.44939199831674,3.175
2804,-11.8,287.44939199831674,3.175
2805,0.0,287.44939199831674,3.175
2806,11.8,287.44939199831674,3.175
2807,23.6,287.44939199831674,3.175
2808,35.400000000000006,287.44939199831674,3.175
2809,47.2,287.44939199831674,3.175
2810,59.0,287.44939199831674,3.175
2811,70.80000000000001,287.44939199831674,3.175
2812,82.60000000000001,287.44939199831674,3.175
2813,94.4,287.44939199831674,3.175
2814,106.2,287.44939199831674,3.175
2815,118.0,287.44939199831674,3.175
2816,129.8,287.44939199831674,3.175
2817,141.60000000000002,287.44939199831674,3.175
2818,153.4,287.44939199831674,3.175
2819,165.20000000000002,287.44939199831674,3.175
2820,177.0,287.44939199831674,3.175
2821,188.8,287.44939199831674,3.175
2822,-182.9,297.66849176297313,3.175
2823,-171.1,297.66849176297313,3.175
2824,-159.3,297.66849176297313,3.175
2825,-147.5,297.66849176297313,3.175
2826,-135.70000000000002,297.66849176297313,3.175
2827,-123.9,297.66849176297313,3.175
2828,-112.1,297.66849176297313,3.175
2829,-100.3,297.66849176297313,3.175
2830,-88.5,297.66849176297313,3.175
2831,-76.7,297.66849176297313,3.175
2832,-64.9,297.66849176297313,3.175
2833,-53.1,297.66849176297313,3.175
2834,-41.300000000000004,297.66849176297313,3.175
2835,-29.500000000000007,297.66849176297313,3.175
2836,-17.700000000000003,297.66849176297313,3.175
2837,-5.9,297.66849176297313,3.175
2838,5.9,297.66849176297313,3.175
2839,17.700000000000003,297.66849176297313,3.175
2840,29.5,297.66849176297313,3.175
2841,41.300000000000004,297.66849176297313,3.175
2842,53.1,297.66849176297313,3.175
2843,64.9,297.66849176297313,3.175
2844,76.70000000000002,297.66849176297313,3.175
2845,88.50000000000001,297.66849176297313,3.175
2846,100.30000000000001,297.66849176297313,3.175
2847,112.10000000000001,297.66849176297313,3.175
2848,123.9,297.66849176297313,3.175
2849,135.70000000000002,297.66849176297313,3.175
2850,147.50000000000003,297.66849176297313,3.175
2851,159.3,297.66849176297313,3.175
2852,171.10000000000002,297.66849176297313,3.175
2853,182.9,297.66849176297313,3.175
2854,-165.20000000000002,307.8875915276295,3.175
2855,-153.4,307.8875915276295,3.175
2856,-141.60000000000002,307.8875915276295,3.175
2857,-129.8,307.8875915276295,3.175
2858,-118.0,307.8875915276295,3.175
2859,-106.2,307.8875915276295,3.175
2860,-94.4,307.8875915276295,3.175
2861,-82.60000000000001,307.8875915276295,3.175
2862,-70.80000000000001,307.8875915276295,3.175
2863,-59.0,307.8875915276295,3.175
2864,-47.2,307.8875915276295,3.175
2865,-35.400000000000006,307.8875915276295,3.175
2866,-23.6,307.8875915276295,3.175
2867,-11.8,307.8875915276295,3.175
2868,0.0,307.8875915276295,3.175
2869,11.8,307.8875915276295,3.175
2870,23.6,307.8875915276295,3.175
2871,35.400000000000006,307.8875915276295,3.175
2872,47.2,307.8875915276295,3.175
2873,59.0,307.8875915276295,3.175
2874,70.80000000000001,307.8875915276295,3.175
2875,82.60000000000001,307.8875915276295,3.175
2876,94.4,307.8875915276295,3.175
2877,106.2,307.8875915276295,3.175
2878,118.0,307.8875915276295,3.175
2879,129.8,307.8875915276295,3.175
2880,141.60000000000002,307.8875915276295,3.175
2881,153.4,307.8875915276295,3.175
2882,165.20000000000002,307.8875915276295,3.175
2883,-135.70000000000002,318.1066912922859,3.175
2884,-123.9,318.1066912922859,3.175
2885,-112.1,318.1066912922859,3.175
2886,-100.3,318.1066912922859,3.175
2887,-88.5,318.1066912922859,3.175
2888,-76.7,318.1066912922859,3.175
2889,-64.9,318.1066912922859,3.175
2890,-53.1,318.1066912922859,3.175
2891,-41.300000000000004,318.1066912922859,3.175
2892,-29.500000000000007,318.1066912922859,3.175
2893,-17.700000000000003,318.1066912922859,3.175
2894,-5.9,318.1066912922859,3.175
2895,5.9,318.1066912922859,3.175
2896,17.700000000000003,318.1066912922859,3.175
2897,29.5,318.1066912922859,3.175
2898,41.300000000000004,318.1066912922859,3.175
2899,53.1,318.1066912922859,3.175
2900,64.9,318.1066912922859,3.175
2901,76.70000000000002,318.1066912922859,3.175
2902,88.50000000000001,318.1066912922859,3.175
2903,100.30000000000001,318.1066912922859,3.175
2904,112.10000000000001,318.1066912922859,3.175
2905,123.9,318.1066912922859,3.175
2906,135.70000000000002,318.1066912922859,3.175
2907,-118.0,328.32579105694225,3.175
2908,-106.2,328.32579105694225,3.175
2909,-94.4,328.32579105694225,3.175
2910,-82.60000000000001,328.32579105694225,3.175
2911,-70.80000000000001,328.32579105694225,3.175
2912,-59.0,328.32579105694225,3.175
2913,-47.2,328.32579105694225,3.175
2914,-35.400000000000006,328.32579105694225,3.175
2915,-23.6,328.32579105694225,3.175
2916,-11.8,328.32579105694225,3.175
2917,0.0,328.32579105694225,3.175
2918,11.8,328.32579105694225,3.175
2919,23.6,328.32579105694225,3.175
2920,35.400000000000006,328.32579105694225,3.175
2921,47.2,328.32579105694225,3.175
2922,59.0,328.32579105694225,3.175
2923,70.80000000000001,328.32579105694225,3.175
2924,82.60000000000001,328.32579105694225,3.175
2925,94.4,328.32579105694225,3.175
2926,106.2,328.32579105694225,3.175
2927,118.0,328.32579105694225,3.175
2928,-88.5,338.54489082159864,3.175
2929,-76.7,338.54489082159864,3.175
2930,-64.9,338.54489082159864,3.175
2931,-53.1,338.54489082159864,3.175
2932,-41.300000000000004,338.54489082159864,3.175
2933,-29.500000000000007,338.54489082159864,3.175
2934,-17.700000000000003,338.54489082159864,3.175
2935,-5.9,338.54489082159864,3.175
2936,5.9,338.54489082159864,3.175
2937,17.700000000000003,338.54489082159864,3.175
2938,29.5,338.54489082159864,3.175
2939,41.300000000000004,338.54489082159864,3.175
2940,53.1,338.54489082159864,3.175
2941,64.9,338.54489082159864,3.175
2942,76.70000000000002,338.54489082159864,3.175
2943,88.50000000000001,338.54489082159864,3.175
2944,-23.6,348.76399058625503,3.175
2945,-11.8,348.76399058625503,3.175
2946,0.0,348.76399058625503,3.175
2947,11.8,348.76399058625503,3.175
2948,23.6,348.76399058625503,3.175
