tower_y_m,width_m,height_m,mirror_count,total_area_m2,predicted_power_mw,predicted_unit_area_power_kw_m2
-60.0,6.8,6.4,2948.0,128296.96,60.53370187257339,0.4719375527098464
-80.0,6.8,6.4,2948.0,128296.96,60.408785246749616,0.4711628626193318
-100.0,6.8,6.4,2942.0,128035.84000000001,60.13760373193594,0.4698012006144275
-60.0,6.8,6.8,2948.0,136315.52,61.86113477792397,0.45361546908318723
-80.0,7.2,7.2,2730.0,141523.2,60.38832404847531,0.4264668231822705
-107.5139495456006,6.959102231580362,6.742132298488138,2853.0,133860.44314722574,60.04973597868654,0.44969075347460236
-106.64842419985372,7.059154250304152,6.969751580804429,2808.0,138155.14859852067,60.12387950052113,0.4370015592570852
-62.88901106354736,6.317141879605275,6.317141879605275,3189.0,127261.13178980348,63.32763572833606,0.48452773633592916
-73.31674720133763,7.223310819921987,7.019530507480368,2730.0,138422.6043166933,59.737598677927316,0.43499324195164796
-88.57620355583546,7.130693798028159,6.991359573332774,2768.0,137993.78035899752,60.052878050077986,0.43673840516605444
-87.56216898335637,6.787583252240802,6.502648268937633,2941.0,129807.7007337194,60.74265977544076,0.4662033016814767
-96.35733007032968,6.4472428880972545,6.340656061198928,3110.0,127136.02155591453,62.241207702171344,0.47923944650520856
-104.33797690136599,6.519728451140921,6.519728451140921,3076.0,130751.09851967203,62.23339355915924,0.46879022675692905
-54.4871324339353,7.1668462562216995,6.266338744510356,2747.0,123367.45786199138,57.80266810393036,0.47190897039102997
-108.57888978778436,6.878705590404235,6.592600642408116,2899.0,131465.47223438803,60.08227510675498,0.45823446513711524
-85.36523584193381,7.020180610608511,6.395453272516418,2824.0,126789.79745679756,58.91090651398807,0.46701476244705004
-106.43476551477342,7.234299978516149,7.218869995962998,2728.0,142465.62904269394,59.78363547109732,0.42189856443469304
-89.65205131953952,6.414214155018094,6.414214155018094,3119.0,128322.34472324913,62.78663797160031,0.47688877440334393
-85.65826280613295,7.249058092006672,7.179266169032463,2718.0,141452.6498120065,59.93008613863509,0.4259950310621185
-47.28633249360435,6.500948063660498,6.500948063660498,3084.0,130337.0125402521,62.89367096257943,0.47353559300657067
-82.9051292186891,7.200648583648204,6.160236730591319,2732.0,121185.23609693932,56.981834944055564,0.4747066245737509
-93.46593959545945,7.166493887240539,6.461513423984452,2751.0,127388.89664855026,58.06094717796257,0.4605569472486731
-85.3106540594503,6.419218725870235,6.416055001230509,3127.0,128788.81090242101,62.8150172276313,0.47699288836923376
-72.81618008186825,7.257207283601016,6.88436023259999,2718.0,135794.62102799938,59.08993616616828,0.44068543681094186
-83.95083833322614,6.96090120725836,6.306778858375616,2850.0,125117.46402215822,59.01708904064025,0.4723204561688744
-91.54986376110944,6.679658395823179,6.679658395823179,2997.0,133719.6553458186,61.944547238343496,0.45956459070813593
-97.0753864256148,7.2881359076088295,7.082012023689835,2704.0,139566.05721003455,59.18254266974846,0.4285773603857724
-45.113366291373595,6.56707839768806,6.56707839768806,3068.0,132312.15931447747,62.711066564038646,0.46942627287065825
-97.10080693945984,7.14565356423292,6.24377997035407,2757.0,123006.00486867448,57.42726396831145,0.4708302756664526
-100.59925656573631,6.697321744103616,6.697321744103616,2986.0,133934.3979725127,61.73593523351412,0.45754391769521097
-51.614192393189576,6.348244888705895,6.288073695962698,3163.0,126261.36686773635,63.12566999223412,0.4859133206954933
-51.22730760661058,6.445023870026212,6.074200911823174,3111.0,121790.57865945794,61.80031819945669,0.4940714896601107
-51.209889826151205,6.446864446420666,6.446864446420666,3107.0,129133.3241189545,63.024459508641506,0.4767745382704821
-67.12019829931026,6.959707784675581,6.959707784675581,2861.0,138579.7803339394,61.29855493825821,0.4429778478713879
-56.979005208961645,7.2144215261341245,5.912125839688056,2728.0,116356.20529410575,56.30838869987798,0.48737223297188026
-90.33546683172526,6.917945699980109,6.0282510646418235,2883.0,120230.07630998663,58.27724959993224,0.4856382811820862
-94.94889733528791,7.20672649953826,7.20672649953826,2731.0,141839.6925777104,60.13998793961509,0.4244551816320755
-82.93147491672742,7.257320699060042,6.671542203739526,2716.0,131501.9879318767,58.292059539872206,0.44986418903737474
-86.93878095165974,6.709886194492836,6.709886194492836,2977.0,134032.1990560466,61.913588526149496,0.4579594965179475
-92.10254976266535,7.209286245889893,6.130133042881494,2728.0,120560.91509238849,56.71011297716967,0.47532017684366423
-79.844462375784,6.568295393081771,6.054872098971228,3046.0,121139.99421173132,60.7175203002021,0.4913490940232679
-96.1751092675015,6.639109114073657,6.599478425947426,3010.0,131882.11867117847,61.874691745021465,0.4636824338259297
-96.65643191064497,6.504701908837827,6.504701908837827,3086.0,130572.19940387951,62.41192264407194,0.4705097721667382
-87.59138729618789,6.931325821731356,6.931325821731356,2871.0,137932.25012453657,61.17193215125583,0.44338938808158174
-98.19522942123845,6.346846385718665,6.346846385718665,3180.0,128098.21975963406,62.864346269854565,0.48056411449297287
-89.42877435689361,6.832620620461846,6.692232720195025,2921.0,133564.1483476082,61.03545773998516,0.4563469333595749
-93.56891792431789,7.185145681707685,7.1163727987578085,2741.0,140153.2924545862,60.01543912555475,0.42928347604153544
-89.58236193547808,7.230929618387576,5.989896693029317,2732.0,118329.80848858887,56.134636278664786,0.4816027919361101
-71.30090211281401,6.757240693847489,6.757240693847489,2953.0,134834.87119941984,61.91614792428792,0.4558095759292087
-59.76294368675144,6.740613655533169,6.432168509381411,2978.0,129116.4398835217,61.02327176625339,0.4715511308800211
-53.110118921919714,6.354155088819764,6.354155088819764,3159.0,127545.5312942734,63.29392740835965,0.48265687847962224
-92.4401355808532,6.902584424796403,6.902584424796403,2885.0,137457.76297405988,61.194008721511445,0.4448187100691114
-107.73244492525211,6.30432285859302,6.30432285859302,3199.0,127142.61297050571,62.834228876752334,0.4824092137468823
-84.38900878699049,6.427167118807421,6.346434770738092,3118.0,127181.96307228891,62.544670337734644,0.48014282171897815
-53.29952486102635,6.492591899108393,6.492591899108393,3092.0,130339.39366539364,62.865171092743566,0.4736967088867512
-66.20693017760789,6.896290085343824,5.976570397165106,2889.0,119073.49541063682,58.468112824657915,0.4895888619338296
-58.2319598921578,6.402057760124594,6.301037768581857,3140.0,126666.36831360916,62.768143135149664,0.4839418636930309
-93.36642232223787,7.180188874107656,6.478251582333706,2747.0,127776.89711183724,58.0272569028815,0.45951899217624365
-90.8745933439097,7.057643800022621,6.43139549230022,2803.0,127229.5673563982,58.712382520469816,0.4642519179383068
-51.22730760661058,6.418494913129426,6.039799033275838,3123.0,121067.5276968978,61.85652453576294,0.49616237068920604
-98.20567206792182,6.441480041125679,6.400708361073861,3126.0,128885.08990054297,62.44620839250543,0.47637526721503504
-51.209889826151205,6.446427359190556,6.446864446420666,3107.0,129124.5690834759,63.027261199739165,0.4767826139022896
-87.00621332986353,6.488762252714262,6.931325821731356,3090.0,138974.99134174053,64.01206694446897,0.45149005082984983
-103.67741059680326,6.922972899830961,6.083811170614874,2862.0,120541.88732463086,58.231901388098606,0.4819037906475826
-80.21591341154934,6.419218725870235,6.416055001230509,3134.0,129077.11332529181,62.86932647415129,0.47727649052688936
-91.54986376110944,6.676865439555266,6.672569929120724,2997.0,133521.8991036274,61.93987214674166,0.45994959554522913
-60.28203263975577,7.161762528474224,6.700797469181717,2748.0,131875.2015801701,59.21871423421672,0.45164376279757246
-96.38131352055595,6.697321744103616,6.549153365922859,2984.0,130883.57313330461,61.33989257879713,0.4649881340892019
-71.30090211281401,6.767573598153124,6.757240693847489,2949.0,134858.13483862602,61.849958722121436,0.4556221725213521
-79.844462375784,6.573547840982984,7.233798757684179,3044.0,144747.4423940906,64.51578490014876,0.4362932581800012
-98.19522942123845,6.3972649566942925,6.346846385718665,3144.0,127654.12785415824,62.54753206221154,0.47967719236463086
-67.12019829931026,6.777831360940626,6.959707784675581,2949.0,139109.4190478865,62.46733949104943,0.446278720474319
-104.33797690136599,6.519728451140921,6.519361173407163,3076.0,130743.73288051841,62.23221298190386,0.46880759341108574
-89.65205131953952,6.414214155018094,6.405886889189448,3119.0,128155.74999310132,62.75918891946641,0.47727724411624334
-83.95083833322614,7.005636726289045,6.418301610462359,2834.0,127428.79639384491,59.09771637745224,0.46630992383559056
-82.62526297551564,6.419218725870235,6.316516709181004,3126.0,126750.24192061351,62.51386969080494,0.48177045806075125
-60.0,6.8,6.711850162171721,2948.0,134548.43309095918,61.57122357180275,0.4576517920289853
-87.59138729618789,6.9379339081173415,6.420688797013501,2869.0,127803.37635291407,59.50178538569969,0.4672384345449751
-65.81157903461832,6.570883839524308,6.742645670278691,3062.0,135662.3431825877,63.09696635089837,0.4601124608049381
-53.09224317600824,6.354155088819764,6.354155088819764,3159.0,127545.5312942734,63.29408296625957,0.4826579301405627
-96.25795886970324,6.787583252240802,6.336010483372886,2941.0,126481.23020895696,60.06780441678708,0.473360130840993
-76.44354988921,6.510761681028185,6.338640081650296,3084.0,127274.75235640316,62.06856295973216,0.47940075495477
-99.09919519129821,6.513210360253981,6.491737836218747,3078.0,130144.16261494931,62.27628316544525,0.47074897364135837
-66.75384309778576,6.317141879605275,7.157151266059187,3187.0,144093.0023847563,66.04685795142704,0.4454121863113445
-59.390546948437986,6.787583252240802,6.459686162650926,2954.0,129520.07258685555,60.81719967011623,0.46944835797749496
-79.844462375784,6.557592312355249,6.055492157689104,3052.0,121193.23780104976,60.787553670851715,0.4915137977319218
-51.33076324923168,6.506710910632077,6.500948063660498,3086.0,130537.15099961012,62.81951754352822,0.4731705326407159
-89.65205131953952,6.439347109652952,6.414214155018094,3107.0,128329.51273707219,62.62896391599569,0.47644483201611015
-53.88563327284244,6.935155944018794,6.492591899108393,2869.0,129182.85691711365,60.02869759140191,0.4656030794937718
-91.27495735281911,6.519728451140921,6.481101392534686,3080.0,130145.4651224033,62.32135378785924,0.4717816880830998
-86.54305074421416,6.751266437022618,6.4,2963.0,128025.61569854732,60.64984513753478,0.47171313602403486
-107.73244492525211,6.311980604119743,6.311411325353782,3197.0,127360.50626720444,62.80912456005956,0.48194118202423836
-88.29417523244682,6.768928912563348,6.991359573332774,2959.0,140031.7632080599,62.39567439936933,0.4434805389626583
-98.19522942123845,6.346846385718665,6.344045507097002,3180.0,128041.68970621962,62.85512764518861,0.48069510044362035
-45.113366291373595,6.5567454933982345,6.56707839768806,3068.0,132103.97406134297,62.777224451832836,0.46961532294817193
-106.43476551477342,7.228466304557378,6.067496863604641,2732.0,119821.95919745941,56.15403937101153,0.47659100286582723
-100.59925656573631,6.697321744103616,6.5236927755688825,2986.0,130462.13066032006,61.18578870401071,0.4657901058081215
-47.28633249360435,6.538022939396679,6.501315341394256,3070.0,130492.6489335417,62.657325661445284,0.47283719398193547
-48.90758982377327,6.446864446420666,6.446864446420666,3107.0,129133.3241189545,63.045362124312035,0.47691902439555683
-51.22730760661058,6.445023870026212,6.082528241014466,3111.0,121957.54551742293,61.827859180943335,0.4936841298122574
-80.0,6.790211477597609,6.4,2956.0,128459.93681778263,60.47153222570908,0.47134175571409737
-62.448685180385624,6.317141879605275,6.4166801716547806,3191.0,129347.43721789464,63.661812757167276,0.47994404899126064
-85.0928611481446,6.709886194492836,6.798036032321115,2990.0,136386.00388757954,62.21587673448227,0.4539564096614167
-59.76294368675144,6.734005569147042,6.942805521788592,2980.0,139323.61532670306,62.75378304014413,0.4482582758650328
-53.273558297275734,6.714415194803366,6.507186922677181,2981.0,130245.71710691633,61.49223711069546,0.46894902850042147
-60.017875746405785,6.7918507641852965,6.3470058043047235,2952.0,127254.56868809837,60.40825036334929,0.4745277637288661
-87.66154018396193,6.4472428880972545,6.507293846763678,3107.0,130351.40104816918,62.91060174230434,0.47209397023795946
-96.66737246787717,6.421107346619207,6.512496597925625,3130.0,130888.58641678894,62.96309211541204,0.47162132520880085
-96.1751092675015,6.639109114073657,6.71134176161435,3010.0,134117.56407416292,62.22904214122364,0.45838532446689895
-50.90951067879031,6.46494599533251,6.104189021784021,3095.0,122138.76608866367,61.77473509768042,0.4923280179934187
-86.93878095165974,6.639117215245245,6.598022858825913,3024.0,132466.462577405,62.0060305182859,0.4644814477589013
-79.844462375784,6.565525393970768,6.283366289944294,3048.0,125740.97565368743,61.5079981339422,0.4808228709797322
-95.98800396143798,6.414214155018094,6.405886889189448,3132.0,128689.9034877824,62.669236584396096,0.4768013505721754
-107.73244492525211,6.30432285859302,6.389034286890704,3199.0,128851.0331424756,63.110701416415445,0.4784309717311348
-50.904931680577604,6.416802970533949,6.446864446420666,3119.0,129027.5996039857,63.21984697452849,0.47734871476421314
-98.22214285052824,6.346846385718665,6.35487676490889,3180.0,128260.29667401745,62.89034521249236,0.48018619598419127
-55.225315158010076,6.349940493909171,6.354155088819764,3164.0,127662.67520853133,63.30281278331094,0.48261294398480575
-60.07851699478863,6.462138707959329,6.4550228126152165,3108.0,129644.7896345253,62.88167464631433,0.47562108566469363
-79.8381417700097,6.568295393081771,6.054872098971228,3046.0,121139.99421173132,60.71757908754243,0.4913493837017271
-59.95919208475964,6.7918507641852965,6.354501819593727,2952.0,127404.86037238117,60.43373818254988,0.47418453419927303
-48.47349106258646,6.316265786519954,6.333028458355712,3187.0,127483.47694232666,63.508438434146484,0.48461890232440996
-91.27495735281911,6.601745690825824,6.481189272300174,3037.0,129944.61509344655,61.80439047308825,0.47031637760197237
-85.6416612298362,6.3965045536414715,6.319241513429945,3143.0,127043.38251626333,62.63242304335034,0.48187817180437487
-80.01278503349299,6.427167118807421,6.345916272962396,3134.0,127824.15265557723,62.58816724225851,0.4803995173224581
-97.50757895930973,6.302360912292102,6.39086724055452,3180.0,128082.61501821008,63.298756566811676,0.47934418321367495
-76.44354988921,6.303282739211863,6.3396244609560926,3192.0,127553.74183755287,63.37972712614061,0.48308774478732947
-51.360741000955,6.3442915932659885,6.288073695962698,3169.0,126422.0993131249,63.15327113574977,0.4860018500001645
-49.7422503520968,6.439940701578765,6.454033168878129,3107.0,129138.07690640785,63.10587641424986,0.4766631788277096
-62.44828637218997,6.3031313387462,6.316645046994682,3193.0,127128.15622117391,63.41870906961214,0.48483027472032303
-84.63869739624037,6.827972904126033,6.38198904199347,2919.0,127198.484850976,60.12071916014621,0.4712524613438754
-79.844462375784,6.565525393970768,6.0809926271590555,3048.0,121691.13029516515,60.82367284733984,0.49019061241674156
-107.93988639872813,6.519728451140921,6.519728451140921,3078.0,130836.11223782526,62.16614181987931,0.46839696146982635
-51.22730760661058,6.436887285616656,6.040416832000051,3111.0,120960.29145311349,61.74074237916748,0.4957938700557057
-89.65205131953952,6.573323131187161,6.040004813199027,3053.0,121212.96393085625,60.52875985527424,0.4914272331682959
-85.3106540594503,6.432292103667827,6.416055001230509,3112.0,128432.05303450511,62.733012598797025,0.47676106829507814
-54.578567280215324,6.34730454999279,6.365993746216702,3167.0,127968.65569054877,63.364468714980326,0.4821510376065293
-89.65205131953952,6.3430828433643,6.405886889189448,3177.0,129091.26727658261,63.20498639438122,0.4785313094537219
-93.83432318966025,6.4472428880972545,6.3545393838240996,3108.0,127332.45650422684,62.32456823308604,0.478789493652449
-51.21446882436392,6.46494599533251,6.104189021784021,3097.0,122217.69259340595,61.77193110176838,0.4923093136003066
-51.600009475684296,6.348244888705895,6.288073695962698,3163.0,126261.36686773635,63.125797072329576,0.4859141771056523
-49.34440953451052,6.4766904614455925,6.446864446420666,3103.0,129563.73398213199,62.85013650642921,0.47634070690156516
-92.2439712913676,6.777208919157102,6.397783185271357,2949.0,127866.02502159437,60.399707719765445,0.47097094127113925
-76.4498704949843,6.510761681028185,6.338640081650296,3084.0,127274.75235640316,62.06851185515165,0.4794004815257933
-62.88901106354736,6.317141879605275,6.320722936324276,3189.0,127333.27348611948,63.3395455438533,0.484361933891498
-53.09224317600824,6.380531823599201,6.346659073530761,3151.0,127599.93466561477,63.10023417895154,0.4825162723189635
-98.19522942123845,6.338264484442906,6.093545292929311,3180.0,122819.55545216754,62.076920907855396,0.4925160354110691
-95.62676350074892,6.5261862737212715,6.504614029072339,3070.0,130322.49097262722,62.2925075580836,0.4702210196485208
-98.6295365146967,6.414974558070916,6.415177701987149,3142.0,129303.3598788669,62.65353957763327,0.47612719771158446
-83.82028985848815,6.419218725870235,6.4169439913467645,3122.0,128600.69667425878,62.83481256462176,0.4770389319758241
-106.30828222186628,6.346846385718665,6.345186542419135,3167.0,127541.18417405924,62.724514482299455,0.4798834429256417
-107.15055329241767,6.516047938021666,6.3033384792872225,3078.0,126422.24984648413,61.5024036483212,0.47875100822048766
-60.253451542941676,6.804508878385987,6.4,2946.0,128294.93219664076,60.503137547048915,0.4718437722269869
-53.09224317600824,6.361078838824076,6.3469863663623025,3157.0,127459.7098605799,63.225938046379355,0.48286129441454584
-51.350238316522976,6.46494599533251,6.1046858545146865,3093.0,122069.77428993864,61.7723305993065,0.4922779180483189
-79.9872707297159,6.391294036179377,6.416055001230509,3150.0,129171.71630526478,63.04694606075436,0.47778665370810636
-52.88966742577488,6.445023870026212,6.2765745750785555,3104.0,125565.09686281436,62.45588848025515,0.48457669594299396
-48.90758982377327,6.713273278353656,6.446864446420666,2981.0,129016.37675844312,61.33840041314142,0.4720262443140535
-51.22730760661058,6.418237317110367,6.081910442290252,3123.0,121906.75646097529,61.997469426278634,0.494208032441575
-79.844462375784,6.434319371670886,6.42908322814178,3130.0,129478.00498915036,62.821209420248124,0.476421134599041
-52.678515354694014,6.514822367275615,6.500948063660498,3080.0,130445.76730918813,62.75576366819976,0.4729388456067878
-96.73083078933539,6.353696924545639,6.326940149215694,3166.0,127271.49089143235,62.77816911884956,0.4814965302812849
-87.56216898335637,6.812289524397053,6.502648268937633,2929.0,129748.6155394515,60.58392450571766,0.46574933111458117
-58.2319598921578,6.403324992394648,6.301037768581857,3140.0,126691.44083177001,62.760031324807066,0.48391840001800096
-50.279734920228506,6.354155088819764,6.354850423874298,3167.0,127882.52624029266,63.32143100445231,0.48279557625167097
-62.88901106354736,6.317141879605275,6.30792138128548,3189.0,127075.38148148266,63.29696735918483,0.4849546818677726
-50.90951067879031,6.46367876306254,6.104189021784021,3095.0,122114.82494732799,61.78285812412343,0.492351438304468
-53.02397799057533,6.348244888705895,6.145157480368997,3163.0,123391.68091923824,62.6391123810381,0.49245665469949285
-51.22730760661058,6.445023870026212,6.173639981964601,3111.0,123784.37867853694,62.129413430736676,0.48945007495981646
-51.21446882436392,6.46494599533251,6.107924160247129,3097.0,122292.47730319278,61.784286011049375,0.49213563510253666
-89.65205131953952,6.573323131187161,6.040002372685948,3053.0,121212.91495377212,60.52875157232275,0.4914273459078835
-57.67533282903021,6.31580411942155,6.257470595893786,3184.0,125834.73207638935,63.17960706998256,0.48758517598781626
-76.8319767103578,6.430293001269518,6.039799033275838,3124.0,121328.90436238481,61.568854451467274,0.4946780999892638
-50.90951067879031,6.46360486740943,6.104189021784021,3095.0,122113.42887628629,61.783331798064054,0.4923528040218188
-95.23921032311114,6.4426606196376355,6.054872098971228,3112.0,121397.52052220008,61.33158741913348,0.49269234954875507
-81.58628576834244,6.591342207649021,6.042344798579347,3036.0,120915.26475507932,60.51203194254018,0.49143066253020473
-85.6416612298362,6.397381704459369,6.319241513429945,3143.0,127060.80393853359,62.626917690468,0.4818626191151506
-51.360741000955,6.345333647745429,6.288073695962698,3169.0,126442.86423430686,63.14659554802958,0.48598255732637574
-98.33727647452285,6.4472428880972545,6.044523125943306,3122.0,121665.92827278475,61.22287049963882,0.49285126678575575
-96.71275010322853,6.338264484442906,6.093545292929311,3168.0,122356.08543159332,62.09863895564027,0.49263350627975816
-52.93213625491954,6.354254239984241,6.212718762266793,3157.0,124629.50315319352,62.82546742776356,0.48921547285407446
-58.44175750664186,6.765483842902842,6.2763399379595,2962.0,125773.85522366491,60.35278304251429,0.4783572938294675
-48.55676957206408,6.418494913129426,6.03899539127549,3119.0,120896.37368065967,61.87897128859168,0.4963656391735755
-98.19522942123845,6.346846385718665,6.3409109523636005,3180.0,127978.42507734956,62.84480813924793,0.48084167695164504
-64.17074434804053,6.492561468905539,6.104189021784021,3092.0,122541.59498989448,61.48868515387681,0.4911119549960554
-79.844462375784,6.568295393081771,6.059795980298934,3046.0,121238.50644217775,60.73421896133148,0.4911212868794194
-52.894710834231226,6.343463210576205,6.234317016077732,3165.0,125166.76340837707,62.9665648173425,0.4884160825038751
-46.20288345524245,6.443841531034727,6.173639981964601,3104.0,123483.1967425177,62.184544386497464,0.4897931711153398
-58.88983477990949,6.418237317110367,6.025922867125105,3138.0,121364.66986361505,61.74518650022185,0.4963800344985583
-54.46889652551972,6.46367876306254,6.080730644087975,3094.0,121606.23419992605,61.673331729994594,0.4932312985029781
-96.35733007032968,6.4472428880972545,6.3209239288660966,3110.0,126740.37404288152,62.17596509147505,0.48016090619471047
-82.62526297551564,6.419218725870235,6.302686733635535,3126.0,126472.72302422614,62.46767509412919,0.4824122323278424
-92.49057430366467,6.338264484442906,6.093545292929311,3169.0,122394.70793330784,62.157306977513564,0.4929448548070304
-63.163485922670745,6.365644014724591,6.287389036526248,3158.0,126393.51946722508,62.917346377993105,0.48499961187611357
-80.01278503349299,6.436646049593534,6.402232018043392,3128.0,128901.44366528331,62.715942824052966,0.477617263957792
-58.2319598921578,6.403324992394648,6.325670954791288,3140.0,127186.72652402712,62.841934844439855,0.48277839219893837
-79.844462375784,6.565525393970768,6.0804567203367705,3048.0,121680.40587714077,60.821855932894394,0.4902154086779171
-51.22730760661058,6.440614699052567,6.0486992057253985,3111.0,121196.28789624198,61.74424484628465,0.49533954460448665
-52.17081945832674,6.342014048740576,6.352883633278475,3163.0,127437.51434891789,63.3757034180214,0.4829960929236433
-46.7622684709856,6.510761681028185,6.338640081650296,3080.0,127109.6748565894,62.29677451840489,0.48087787444798163
-48.001940003883604,6.485824883410048,6.104189021784021,3091.0,122374.85694717351,61.66835253017552,0.49212633619537016
-80.96258208582373,6.572877661571107,6.340656061198928,3042.0,126779.47672962275,61.643629646880335,0.477984526553883
-94.98900733952425,6.351655788620234,6.340087687680499,3168.0,127575.53316863217,62.86026937199102,0.48105807660522176
-62.88901106354736,6.316272167242098,6.30792138128548,3189.0,127057.88638125599,63.30250856877304,0.4849706744062252
-51.350238316522976,6.4639042177184205,6.105465423298479,3097.0,122223.55004135596,61.78158739354247,0.4922609255851021
-79.8381417700097,6.568295393081771,6.3379300274145915,3046.0,126803.14204585979,61.67388291017637,0.4782458781685623
-54.70895363577145,6.445023870026212,6.082528241014466,3110.0,121918.34347771948,61.79674891964806,0.49347897502841226
-51.22730760661058,6.445023870026212,6.047149481580098,3111.0,121248.18478893951,61.7108715911848,0.49533022752185163
-52.9359989340044,6.471391066256105,6.347240441423779,3098.0,127251.82182265281,62.5210362094126,0.4808157789395042
-51.22730760661058,6.445023870026212,6.083331883014813,3111.0,121973.65891664664,61.83051723135347,0.4936467501690596
-51.22730760661058,6.436887285616656,6.108114391063732,3111.0,122315.94565757604,61.96465272601501,0.4926447847923998
-51.615963389991215,6.761183754270034,6.3470058043047235,2957.0,126894.54687807825,60.674215177836544,0.47557683886455004
-96.73083078933539,6.353696924545639,6.329966096740341,3166.0,127332.3602601538,62.78815609664109,0.48135519389152337
-53.018934582118995,6.407344719618855,6.181072513184926,3135.0,124159.36240121651,62.379560677073954,0.48969522414407
-83.26583101355872,6.530493227144061,6.070237227996922,3076.0,121937.69418972387,60.9756450094078,0.4911547919379213
-50.54851636306147,6.7918507641852965,6.372401381991388,2939.0,127201.09323696655,60.57277935384543,0.4739198858521969
-76.70539656958478,6.554125819985856,6.1044510048551,3064.0,122588.61759993485,61.00307276569957,0.48944897880414534
-51.360741000955,6.33970580539559,6.280792318892422,3169.0,126184.43204368865,63.158491525012984,0.48642394218231083
-98.66684384170838,6.516047938021666,6.3451317493841985,3076.0,127177.78183770801,61.7861108874097,0.4776187939302188
-89.65205131953952,6.580889985946036,6.040004813199027,3049.0,121193.50332306413,60.480757777842676,0.4912913988688233
-51.33971998054372,6.317141879605275,6.30860604072193,3185.0,126929.76475835442,63.39547105896146,0.4855550713760981
-50.90951067879031,6.362865334839425,6.104189021784021,3159.0,122695.97927516946,62.4288847387968,0.4942157622765907
-80.34844829683792,6.565525393970768,6.283366289944294,3048.0,125740.97565368743,61.50337968485145,0.4807998343616918
-58.2319598921578,6.372366459555686,6.300406490913963,3158.0,126788.95985547543,62.956045260259515,0.4845206444737617
-97.94759349077012,6.398062112749769,6.2878723072589,3142.0,126403.28079284613,62.35162765475654,0.4824393375611629
-94.46211222062617,6.378667678866751,6.093430299197571,3148.0,122356.35981038872,61.875773876033975,0.4920957361043913
-51.226399511906095,6.445023870026212,6.074883656605532,3111.0,121804.2680127288,61.80258447357021,0.4940397837494246
-81.28483919807978,6.579179060867734,6.0809926271590555,3044.0,121784.16741761121,60.72340016626994,0.4898772992577023
-99.17124014487555,6.4633718576903965,6.106085847184965,3120.0,123133.6186870512,61.315032930429325,0.4896429757654072
-50.70499386535804,6.424869127147376,6.1046858545146865,3117.0,122254.37453109388,62.03513666109316,0.4930583791531972
-92.47080424145834,6.463453341299153,6.054872098971228,3088.0,120850.06362803644,61.238194431303974,0.49251978655615647
-49.12390622100593,6.362865334839425,6.104189021784021,3163.0,122851.33980606553,62.44552975847565,0.49432619251214516
-48.442777655839734,6.437006947686618,6.040401038634856,3113.0,121039.98804765129,61.76613129708562,0.4959658242845548
-58.291080873262665,6.418237317110367,6.048254871873922,3134.0,121659.16947252284,61.824284579753595,0.4953724073078727
-79.844462375784,6.555931862373764,6.055492157689104,3054.0,121241.94921170855,60.79809015815469,0.49154379260185543
-53.314396948267046,6.353834118056872,6.134536262822598,3161.0,123208.90737017183,62.56552652125541,0.49282944796392913
-96.424698564686,6.562757429614293,6.093046220775097,3060.0,122360.78412438769,60.683307389833004,0.48869937643464795
-79.45105951776046,6.483351760686109,6.026246090124993,3096.0,120961.56582329798,61.16289094204679,0.49422537065711264
-52.92542083259274,6.46494599533251,6.045933805651736,3086.0,120621.35729154175,61.563741807004554,0.49491703214048377
-83.26583101355872,6.530493227144061,5.93592464653944,3076.0,119239.65029647076,60.51977999382767,0.4973637001716547
-48.710170542289795,6.4519289986275075,6.059445697725785,3107.0,121468.51737346298,61.73089936332279,0.49478725957250963
-81.58628576834244,6.590976246600733,6.039949376927543,3036.0,120860.61848546502,60.5062203378681,0.49154803371833145
-77.23499040966969,6.554125819985856,6.104208657509023,3064.0,122583.75081893997,60.9977902929779,0.4894375771029462
-58.202637690914294,6.4246746806979615,6.04405441161264,3134.0,121696.61520965013,61.7698807530058,0.49545362811650234
-98.19522942123845,6.338264484442906,6.096425917611488,3180.0,122877.61640451658,62.08656145691141,0.4923822904174501
-50.5627739963227,6.440614699052567,6.074651747947569,3113.0,121794.54153972803,61.83620353534723,0.49417271756004305
-51.22730760661058,6.4346303663322795,6.047149481580098,3113.0,121130.47745206102,61.777461767974984,0.49552221277113734
-50.915186808288006,6.363189786258901,6.039935727493017,3159.0,121410.65990813552,62.21407634701481,0.49719690148053564
-55.091884723564895,6.443696757071655,6.054061420890031,3114.0,121478.80893242393,61.707656132721446,0.49480635837906173
-89.06250486390692,6.436887285616656,6.040416832000051,3107.0,120804.76552389059,61.400627935676624,0.49388223705401096
-51.90686461515051,6.513633747732853,6.03899539127549,3082.0,121232.94849205285,61.23806401305197,0.49440228085650295
-49.31279755485632,6.324743068811907,6.090643274853262,3185.0,122691.78597159036,62.64307373941233,0.49564870843339864
-59.962463953454204,6.46494599533251,6.110545376938614,3108.0,122779.5069451158,61.71856924671266,0.4915263194206265
-49.61775987958601,6.351638278505369,6.358083371691205,3167.0,127896.90620018792,63.354340138141325,0.48273382491324635
-50.554057538193724,6.502350411073085,6.043902702056821,3089.0,121396.38167412391,61.33908248860082,0.4944646623543202
-50.90596298951704,6.46367876306254,6.104189021784021,3095.0,122114.82494732799,61.78289082271928,0.492351656496868
-57.23844248570853,6.442886041401022,6.166044484795974,3110.0,123551.34923884168,62.06603460755022,0.4894970249853083
-80.17023398099072,6.565525393970768,6.0804567203367705,3044.0,121520.72030512353,60.818823199538436,0.4902004897939578
-51.22730760661058,6.44490420795625,6.08254403437966,3111.0,121955.59784104803,61.82867829551019,0.49368560688403196
-51.826061533085536,6.440614699052567,5.971954151260275,3111.0,119658.56624746768,61.48506254025601,0.4988771672401868
-51.22730760661058,6.446684320010077,6.047149481580098,3107.0,121123.48605155002,61.7002329666787,0.4952995591150232
-76.8319767103578,6.430293001269518,6.042858708460673,3124.0,121390.3678375494,61.57917662215097,0.49453636289585295
-79.8381417700097,6.343837084823699,6.165656313874537,3168.0,123912.89595031147,62.510777008121046,0.49025680019218276
-56.01559328350795,6.570718295243114,6.082528241014466,3058.0,122217.80040018487,60.97979518427193,0.49108305961499144
-80.29339998884896,6.430293001269518,6.039799033275838,3134.0,121717.2811369123,61.53648161370266,0.49451243872433615
-79.62744779800241,6.607823009616278,6.0511505725635715,3030.0,121154.343923756,60.45580103090261,0.4908160887322173
-49.891778044005946,6.455688417706555,6.104189021784021,3105.0,122357.9350508472,61.84352716401956,0.49256223802699833
-51.148272955208476,6.341340189509804,6.145157480368997,3169.0,123491.28456648329,62.70026493710443,0.49269645832345427
-79.844462375784,6.565525393970768,6.082852141988573,3048.0,121728.34238787415,60.82997717497305,0.49010457283384035
-50.686918532045155,6.46494599533251,6.104431369130097,3095.0,122143.61521861509,61.77759190890805,0.49233046936349373
-86.97180482100768,6.574452623712583,6.080822941794704,3054.0,122093.06347861832,60.692361103640366,0.4896779165204591
-52.93213625491954,6.372508434785231,6.209838137584773,3153.0,124771.29135552266,62.698965568053666,0.48901097342450106
-51.350238316522976,6.4639042177184205,6.123962371838046,3097.0,122593.83511525243,61.84278237243389,0.49140099493957984
-99.52798711197703,6.444982381015415,6.044523125943306,3124.0,121701.18393102926,61.21923219931442,0.4927941457764108
-50.77573881125201,6.418170461715226,6.104052327566842,3119.0,122192.58998978161,62.07531689246103,0.4932073561341532
-79.46157139083608,6.5493488818796,6.083338919095663,3060.0,121916.24138049393,60.9377743389098,0.49039167188068655
-51.82338201674637,6.5744113146174135,6.040002372685948,3054.0,121272.6906546299,60.8527430427755,0.49324078626152423
-79.844462375784,6.568295393081771,5.97015558823394,3046.0,119445.06862905934,60.43015812731397,0.4952681196499942
-88.72659520914542,6.445023870026212,6.082528241014466,3105.0,121722.33327920226,61.49572523145175,0.4918096907655248
-100.18890751862646,6.338264484442906,6.056313361429432,3172.0,121762.0283885053,61.92233331736974,0.4940802770662225
-52.43488801743076,6.573323131187161,6.040004813199027,3056.0,121332.07264090951,60.85411857321071,0.4932236120937746
-49.220563720015925,6.423901735903543,5.9310409565150195,3117.0,118759.02253147935,61.481435580959044,0.5012515745744495
-89.63897869665412,6.351320760536074,6.038984471821467,3167.0,121471.95542919257,61.92818858166844,0.4954322766244906
-64.41906576665744,6.437621147636953,6.208673938778658,3114.0,124463.748274957,62.18636261146387,0.48726278426743275
-83.26583101355872,6.429741630786691,5.935533514670541,3120.0,119071.5144534453,61.156766145001505,0.49919294040235745
-95.24857831696028,6.4426606196376355,6.054872098971228,3112.0,121397.52052220008,61.331455426248624,0.4926916565909387
-48.70990415066692,6.580206725859343,6.077311400758401,3048.0,121889.41440024806,60.96810827756938,0.4915928251835857
-80.6523136897431,6.592724927544815,5.98118644162596,3034.0,119637.64962630162,60.30461953313681,0.4942779042859015
-51.89070101299173,6.555931862373764,6.055492157689104,3066.0,121718.34193945593,61.021637157032686,0.4928551980216053
-76.7726713605089,6.430406665879077,6.029518452566664,3122.0,121046.98213750662,61.53398146090784,0.49515504653605474
-80.69487146546457,6.67582876708556,6.019194800452192,2988.0,120067.1440450091,59.90444864040497,0.4910125429389748
-51.826061533085536,6.440614699052567,6.048784298555803,3111.0,121197.99288020977,61.73903096939709,0.49529935418575355
-57.40826447668926,6.424655991806508,6.04405441161264,3128.0,121463.27538108268,61.77665022453337,0.4954963502848942
-81.58628576834244,6.581534619887966,6.039949376927543,3042.0,120925.99748877616,60.56617579031024,0.4917185654634439
-88.67137128629892,6.436887285616656,6.040409812480272,3109.0,120882.3880118887,61.40537517090529,0.49390663981659416
-50.554057538193724,6.351932450742643,5.997389114860792,3165.0,120570.70835408336,62.148753530123265,0.49940663309245936
-89.65205131953952,6.557296150801173,6.106170518248542,3056.0,122362.14353872534,60.85465612945844,0.4886560206981402
-54.81924905263719,6.436852926786523,6.173002878129825,3114.0,123733.89205677407,62.14801407609399,0.4894191282785485
-50.85374939765198,6.418494913129426,6.039799033275838,3119.0,120912.46201941217,61.85998032383348,0.4961851267440997
-75.7110832107434,6.46494599533251,6.046349080401078,3104.0,121333.2501296311,61.381149166293405,0.4937989855611194
-83.26583101355872,6.530493227144061,5.931591654269742,3076.0,119152.61002663222,60.505066702005834,0.4975639254027471
-82.02287697155455,6.440614699052567,6.0546758968969305,3118.0,121589.01221904831,61.50427737043741,0.4935516221243669
-88.7199051676992,6.5696363790739385,6.082528241014466,3056.0,122117.75636003888,60.70788571623054,0.4895845433947541
-79.77934827132428,6.44490420795625,6.0805457184056255,3124.0,122424.98236288394,61.586740250206745,0.4923884917937341
-51.05258825985629,6.4293595267785015,5.971954151260275,3115.0,119603.0425839963,61.56430262047247,0.4991315191311863
-81.35298069499791,6.6250571812115,6.055009739624556,3018.0,121066.42341705623,60.3430848216358,0.49024649367889545
-51.22730760661058,6.4346303663322795,6.046713171754518,3113.0,121121.73772805542,61.77601912061417,0.49554251795845594
-79.98540380773626,6.6544283172260155,6.050992970385673,3002.0,120878.22870634888,60.15547336960164,0.48996275370735903
-48.62065055659156,6.552709165269391,6.040015732653051,3070.0,121505.89200066177,61.02205011442266,0.4938406420304523
-48.442777655839734,6.464331795382176,6.046033751045647,3097.0,121041.8107551597,61.60970109195751,0.49519960219755843
-76.8319767103578,6.531044597629629,6.040190621384195,3070.0,121107.67578218429,60.931247485100755,0.4928374960576382
-79.82877376704076,6.608610846071765,6.054872098971228,3026.0,121083.25190356151,60.46157241461488,0.4906205952366813
-80.28161558758727,6.362865334839425,6.104189021784021,3162.0,122812.49967334152,62.179714029422826,0.4927414928053431
-52.16310033761044,6.506722367271882,6.04045341321935,3082.0,121133.55137001954,61.284825827901535,0.49444640386107785
-86.86275335340255,6.324743068811907,6.042162350997163,3183.0,121638.74112468601,62.13979617290214,0.49592952296935977
-48.50687049629699,6.43451670172272,6.001661561060082,3113.0,120217.18510364337,61.653508207253495,0.4978110064829326
-51.22730760661058,6.446684320010077,5.97031933441861,3107.0,119584.58986808386,61.44634508035058,0.4988775585401859
-50.17434069466776,6.448266162934965,6.179529555728633,3105.0,123725.71540157592,62.13778893915978,0.48918176488476217
-83.00732438257828,6.565525393970768,6.0267807669799165,3054.0,120843.67154565685,60.60876495303699,0.4925465364753577
-51.314090252505885,6.363189786258901,5.988462398782195,3159.0,120375.9782346199,62.04007525027411,0.4995680922854683
-51.82338201674637,6.501033175597707,6.0305713294763015,3084.0,120908.04816178305,61.29174369420172,0.49503210297795935
-79.844462375784,6.595519942013983,5.97015558823394,3034.0,119467.63424549969,60.2571075121783,0.4947754204843694
-89.33562846138442,6.447665699071742,6.054061420890031,3105.0,121202.32172781091,61.37536376294802,0.4930422377876034
-76.6880406719003,6.568295393081771,6.054872098971228,3058.0,121617.23647389178,60.74550700483722,0.49148874754289734
-54.68600139824386,6.430293001269518,5.908316237634017,3118.0,118459.69379358832,61.31470825192736,0.5018659684366796
-78.09521321947385,6.607823009616278,6.055488038448629,3026.0,121081.13300781882,60.484225216015595,0.4906830196255254
-49.077569863317635,6.541658553651769,6.048895407799695,3070.0,121479.3117406538,61.11771546293342,0.49360102023750807
-83.60592088921186,6.447214971391693,6.040002372685948,3110.0,121107.11248295302,61.396437594854994,0.494029828026948
-51.61962843034081,6.565525393970768,6.082455036310806,3060.0,122199.609775667,61.05165678451886,0.4914393725373152
-92.70410931475196,6.463453341299153,6.039811736274216,3088.0,120549.47168151053,61.18420830247793,0.4932005478757082
-81.58628576834244,6.591342207649021,5.992379778167892,3036.0,119915.39899552111,60.34230967904227,0.4937407000672679
-54.544232560046424,6.324743068811907,6.090643274853262,3187.0,122768.82947926484,62.5953605022789,0.4953358150310999
-47.80643868254625,6.532810933196577,5.93592464653944,3074.0,119204.41252241789,60.81423905703813,0.499110229224473
-45.31550706546508,6.362865334839425,6.103205027389486,3157.0,122598.5329575133,62.479098633095354,0.4946176939472668
-80.55423607117832,6.437006947686618,6.366892400010452,3124.0,128033.17443826224,62.59094800877036,0.47922323296356434
-84.02159487717559,6.416177207142124,6.03899539127549,3122.0,120968.96002980605,61.584627798890295,0.4946095217942923
-100.40133544070372,6.463453341299153,6.055856093365763,3106.0,121574.25469319105,61.12706407131742,0.49186767523308095
-52.938022393251046,6.4293595267785015,6.049456222459819,3115.0,121155.21182161024,61.803288369493515,0.4954098662899409
-81.58628576834244,6.61755755844552,6.0416353679678485,3022.0,120822.18851948492,60.34304683352953,0.4909895554394209
-51.22730760661058,6.436887285616656,5.940585714741312,3111.0,118961.15772185597,61.41084942625125,0.5004438183719416
-92.70410931475196,6.463453341299153,6.030587890905995,3088.0,120365.37162432945,61.153037590581604,0.49362715342641195
-82.9784282656268,6.430406665879077,6.061634429696774,3120.0,121613.77626167405,61.58242393422994,0.49336302065136656
-89.63897869665412,6.351320760536074,6.0399266633834,3167.0,121490.90726653393,61.93136561662033,0.49538865655404124
-50.613136412075285,6.382144541946485,5.997877387253609,3145.0,120388.4627533717,61.95639948388007,0.4988224249016532
-54.990088547466875,6.424655991806508,6.04405441161264,3120.0,121152.62761795972,61.79736966302465,0.4956297515804802
-49.31728036179487,6.423901735903543,6.022963989336986,3119.0,120677.00700949917,61.784118014602264,0.4969639611987492
-80.29872624443692,6.579419709323118,6.095894778792562,3042.0,122006.86367129203,60.78181447633707,0.48922938148549605
-47.86124182341549,6.487237022619605,6.024122513111741,3090.0,120756.92374119115,61.39626984072839,0.4958348079152338
-51.22730760661058,6.421794240383235,5.958739126838525,3119.0,119351.01960999027,61.567443707809225,0.4998761289935876
-86.89163141530766,6.467423104675346,5.905609309582669,3090.0,118019.68895658059,60.77656935301018,0.4996971713720153
-93.51187438134487,6.428611121351293,6.047119385619513,3118.0,121210.93711787263,61.418031012375515,0.4934250999745929
-75.46059766536213,6.569277707241546,6.035252744482757,3064.0,121479.17801965833,60.68316037194073,0.49243192426432864
-46.842005630641424,6.4293595267785015,5.971954151260275,3119.0,119756.62594525986,61.60463935909577,0.49939645201398125
-53.10056376044896,6.551830417927826,6.055009739624556,3072.0,121870.53156225459,61.03534953566624,0.4928805500038289
-51.826061533085536,6.431230209881265,5.903290456931337,3117.0,118338.21390410728,61.31827136756433,0.5022505230240146
-80.6238714564122,6.557964597062264,6.028343038377336,3052.0,120656.7310055565,60.68573986551851,0.4927266821839718
-52.7576379636666,6.393627554618027,6.039944641316006,3143.0,121373.72283890976,62.00231518899413,0.4965235095518294
-83.66429776913905,6.351932450742643,5.997389114860792,3165.0,120570.70835408336,61.85336678847157,0.4977026754707052
-58.88983477990949,6.411329289399862,5.932098728275541,3142.0,119498.549614651,61.47796773279802,0.5008756762146276
-51.039986699197996,6.46494599533251,5.9684317347512295,3095.0,119422.39746597584,61.32492506215757,0.49864025190492317
-83.26583101355872,6.415410741461189,5.920689588763329,3126.0,118736.9073574899,61.19715535763041,0.5001364113754772
-51.22730760661058,6.453575633004098,5.994664417763546,3105.0,120123.19776607066,61.482638509620074,0.49761623621025186
-51.82338201674637,6.506102067809707,6.039795174844523,3084.0,121187.39563421016,61.28973098257596,0.4945089952960419
-83.35357170103795,6.565525393970768,6.0267807669799165,3058.0,121001.94747433485,60.60518104407501,0.4925290736859216
-77.0600741084408,6.530493227144061,5.93592464653944,3072.0,119084.59223366651,60.58009080136769,0.49766586411729963
-89.06250486390692,6.431322911109229,6.040416832000051,3111.0,120855.72719211165,61.43575027370978,0.49398128194112534
-51.1575830438816,6.363189786258901,6.038993535931085,3159.0,121391.72061731272,62.20871379880534,0.4972260110516381
-61.167479378722895,6.362632338498736,5.9604106016460285,3160.0,119839.52793345337,61.863879390414,0.5003352695850958
-57.30271039537476,6.418494913129426,6.039799033275838,3132.0,121416.42547124044,61.802869129805366,0.4958138676869179
-49.8824194280533,6.501557620844168,6.001661561060082,3093.0,120689.31918689655,61.21103929516013,0.4964886324354679
-59.4901990358765,6.44429288206182,6.04405441161264,3120.0,121522.92928947498,61.63372083462612,0.495024315608603
-58.382727543076754,6.421108951345004,5.9377251133701865,3134.0,119489.3281316577,61.43844163172771,0.5004604480797248
-50.85374939765198,6.436640604196324,6.031474348674572,3113.0,120854.23298217272,61.71621882815287,0.4962374577754926
-52.92542083259274,6.631392828682168,6.045933805651736,3026.0,121321.30325857668,60.49723325996094,0.49185032222648295
-74.59955404843404,6.322707388322639,6.029518452566664,3187.0,121497.62132654205,62.23543869638023,0.49720436081958924
-51.22730760661058,6.435904971504835,5.9538910248731565,3111.0,119209.40367032998,61.46108994766492,0.49984183813716054
-48.442777655839734,6.437006947686618,5.993976324932734,3113.0,120109.71094259163,61.61280039959131,0.4981270334370441
-87.61894429868966,6.445023870026212,6.047149481580098,3109.0,121170.23674343071,61.38941651742995,0.4935133134637485
-54.68600139824386,6.430293001269518,5.952575252020628,3118.0,119347.07169974173,61.461138453050964,0.49980312972916424
-47.80643868254625,6.532810933196577,6.003940766109067,3074.0,120570.30276835938,61.0384125467446,0.4959396998712083
-49.220563720015925,6.531554524087592,5.929479902487387,3076.0,119129.54666520975,60.78729486567629,0.4993435813768776
-82.19759811218718,6.347942925528116,6.039993458862958,3168.0,121465.97891184306,62.03796106458939,0.49588169500154167
-61.80249617411742,6.530493227144061,5.931591654269742,3070.0,118920.19271188586,60.69013867817866,0.49855875450408293
-83.26583101355872,6.429741630786691,6.179072506046516,3120.0,123957.09996314341,61.97994494043014,0.48792197011203586
-87.62377944586049,6.454744944059719,6.040409812480272,3101.0,120905.83386587999,61.30516217527241,0.49365137236773626
-76.8319767103578,6.531044597629629,6.038762618164139,3070.0,121079.04387934697,60.92641860245676,0.49290362819617306
-53.65493211019809,6.463453341299153,5.955694945568527,3092.0,119024.54997548391,61.26841979513148,0.499105675596141
-51.22730760661058,6.513795108029342,6.03977684247423,3084.0,121330.32353370081,61.24586736988532,0.4944042760887787
-83.26583101355872,6.526253282724086,5.933410746491524,3076.0,119111.76762963712,60.53814229259688,0.4975562453201778
-89.02385142561587,6.311221140500001,6.109805887858659,3193.0,123123.1531155892,62.42651522483294,0.4929008553402875
-79.844462375784,6.694309314466416,5.976230807653186,2986.0,119460.11835736659,59.6486025716503,0.49270216664256083
-92.2915592656257,6.418237317110367,6.025922867125105,3119.0,120629.82960631464,61.428280123694186,0.4946745007299239
-57.40826447668926,6.424655991806508,6.044076602414248,3128.0,121463.72133462034,61.77672381802339,0.49549531767573446
-47.139104750430704,6.429328171251858,5.972223182417172,3117.0,119684.64203710547,61.60281230408916,0.4993652483104658
-48.90768677734136,6.417593692097304,6.085291375436829,3117.0,121727.97515956512,62.0344345769047,0.49420662970222384
-51.99826727286128,6.435012703286893,5.93592464653944,3115.0,118985.99282692219,61.400283952786154,0.5006491805129527
-80.82265012722364,6.587357163192267,6.0293172890354665,3038.0,120661.05542371757,60.50051467732329,0.4921412451132521
-61.80249617411742,6.530788354753572,5.9321384904955075,3068.0,118859.04770367139,60.69006757969407,0.498527848105636
-83.26583101355872,6.4174243872772765,5.935533514670541,3124.0,118995.77643918499,61.23468897480838,0.49941387070237436
-46.90277241832401,6.437299035467105,5.956289187752735,3109.0,119206.56712596944,61.501523597480336,0.49997597138212185
-83.26583101355872,6.473211458644208,6.048073125032183,3110.0,121757.91895515364,61.26301634207948,0.4932084249092216
-45.081900321287236,6.532810933196577,5.955686710108755,3068.0,119367.82728078155,60.90651402444185,0.4983685630846981
-49.220563720015925,6.423901735903543,5.9298429249090026,3117.0,118735.03398317298,61.47748022092655,0.5013074090603843
-51.73281237487801,6.436887285616656,6.040416832000051,3113.0,121038.05441772494,61.736095333317934,0.4957632737682756
-51.12353865666873,6.36370016898096,5.938676065570781,3159.0,119384.78231322524,61.873922410599015,0.501888597364841
-51.314090252505885,6.463810366278208,6.006557938485716,3095.0,120164.1532948052,61.45557338260202,0.4968681385617223
-49.32720238787488,6.592724927544815,5.978587298194486,3041.0,119861.56697893348,60.556612483436524,0.4959234873973059
-58.78103911061317,6.30330291841037,5.936208429705786,3180.0,118988.34934323639,62.18276213670692,0.5026789936459576
-54.64227436558997,6.394735291636131,5.9377251133701865,3138.0,119150.42588966878,61.63992553850113,0.5011532480786608
-50.35951106347857,6.46254267809,5.905899115235357,3097.0,118203.58638732355,61.14028992208728,0.5016414720568072
-83.26583101355872,6.526253282724086,5.96893159000164,3076.0,119824.83986396498,60.65874075241019,0.4959146716742297
-51.381880825069004,6.3385711782713265,5.989717690270551,3169.0,120315.05232665515,62.201170758262805,0.4999601429879966
-50.554057538193724,6.590232021125341,5.933682136923398,3045.0,119072.721456783,60.4129393515259,0.4979871066493954
-51.57386388920503,6.4311419220001,5.997304650169761,3113.0,120066.90752522124,61.63182988126835,0.4978862216126313
-54.75456402700007,6.439299269583029,5.940585714741312,3114.0,119120.49361642383,61.363216774475035,0.5001919167143627
-62.554769101012276,6.476007529603769,5.931591654269742,3104.0,119234.0519971781,61.03231284255451,0.4995227673432973
-50.24459229399665,6.4046548011240105,5.997877387253609,3125.0,120044.79439008424,61.81571994385601,0.49842948316470703
-50.93021191607216,6.421825595909879,5.958470095681629,3119.0,119346.21375571213,61.56912762946,0.4999061364248801
-47.44137907997042,6.4542864507297635,5.971954151260275,3097.0,119372.94445657295,61.43919095379653,0.4988985106968836
-80.25685941420872,6.5572809198875115,6.003940766109067,3054.0,120234.53310563145,60.61080567751759,0.49388506777238084
-80.0673083154364,6.549320805528653,5.903290456931337,3054.0,118075.40635455307,60.32179346860513,0.49869337467039365
-50.961384013719936,6.491758217377662,6.038993535931085,3091.0,121178.59315266658,61.386942244090044,0.49486348336062636
-54.68600139824386,6.429997873662368,5.9008561472033,3118.0,118304.69155047218,61.2919171892369,0.5022191908950521
-79.844462375784,6.572969691350818,5.97015558823394,3044.0,119451.58787863205,60.40045608302044,0.4951835622134762
-54.63888127195734,6.37513850775446,5.994163451524202,3150.0,120372.91006099692,61.95224319750907,0.49888665216783895
-80.75913114711024,6.381023867573343,5.933607508027157,3156.0,119494.02200480827,61.48448209396355,0.5002892487019466
-53.65493211019809,6.463453341299153,5.966839828897369,3092.0,119247.28044352638,61.30525751292847,0.4985862158629045
-106.89013724299608,6.439091224546021,6.041012089618666,3113.0,121091.42875742124,61.126708863979445,0.4923973955837934
-91.78034053115918,6.436887285616656,5.940585714741312,3109.0,118884.6799605433,61.02855217458521,0.498322268946946
-61.08392796593489,6.463878169209778,5.968070920387619,3104.0,119742.645870565,61.243098757112136,0.49811977994228784
-53.65493211019809,6.349025511192364,6.05339129850682,3165.0,121640.87475461821,62.32436349658026,0.4966699350053879
-80.65240872391384,6.423901735903543,6.025563132768544,3130.0,121154.8677160552,61.52524564876889,0.4952683757816995
-45.19740729182105,6.532810933196577,5.9373302445218155,3066.0,118922.33989796959,60.84487552076682,0.49921645761387756
-58.426454575730666,6.430293001269518,5.908316237634017,3134.0,119067.56906642264,61.28180377788075,0.5016592324128579
-58.88983477990949,6.418237317110367,6.109986079202764,3138.0,123057.73899284993,62.024320651846466,0.4924705085972729
-85.77468103112821,6.536434950672941,5.90393789056404,3072.0,118550.64875361812,60.34617983031387,0.49859885728814046
-51.039986699197996,6.46494599533251,5.946337318977839,3095.0,118980.31012720217,61.25197434642035,0.4996700776605748
-54.59415580082441,6.45332326541227,5.95258938268919,3104.0,119237.0049477491,61.314587609071005,0.4993830669544962
-77.0600741084408,6.356650922789847,5.905360139708107,3162.0,118696.14564744584,61.579715628952755,0.5022247448889776
-48.49186384909531,6.437095235567783,5.90179724668729,3113.0,118264.21150980043,61.3075067729639,0.5024176133192579
-61.167479378722895,6.351351030277752,5.9604106016460285,3162.0,119702.75896946297,61.93590753533781,0.5005427747854044
-83.64302545366436,6.530493227144061,5.931591654269742,3072.0,118997.66515013465,60.50108349667483,0.49754416118891664
-53.47413142249995,6.420158480606643,5.9310409565150195,3126.0,119032.52477225593,61.46567686345395,0.5010634262176443
-51.05258825985629,6.523779084235176,5.933324710855251,3080.0,119219.71491785189,60.83230758610518,0.49919326835044264
-63.75212648619232,6.527201191137916,5.931591654269742,3074.0,119015.11154950043,60.69554512125558,0.49852519263482037
-58.88983477990949,6.411329289399862,5.935823726158078,3142.0,119573.58744943264,61.490329427769396,0.5007021744547102
-83.26583101355872,6.431833725268736,5.975190724934854,3118.0,119829.2087785536,61.277854110069,0.49732147586912134
-51.1575830438816,6.380719482469987,6.038993535931085,3149.0,121340.806560352,62.096457965274844,0.4969020629666082
-83.26583101355872,6.530493227144061,5.932199648656904,3076.0,119164.82329456,60.507131241181156,0.49753583053552025
-51.039986699197996,6.480297214178751,5.946337318977839,3093.0,119185.76457235245,61.15369762719884,0.49938732484385673
-83.12453119557438,6.48311052893349,5.920769736983078,3094.0,118763.20429807251,60.77027186613286,0.4989243829304709
-62.61224705774131,6.682934046140078,5.901396983724325,2990.0,117921.55399873576,59.608836745324226,0.4971350852589964
-77.0600741084408,6.465569771249278,5.935988079648439,3102.0,119053.34887002065,60.992594112378264,0.49883827694634775
-81.22226543509733,6.536964982123729,5.931677742006095,3058.0,118574.46889592451,60.48519964347633,0.4975471524978121
-58.794342974621046,6.301309167038312,5.9604106016460285,3180.0,119435.68008381697,62.275787974289045,0.5015888591029863
-51.2247609574606,6.437095235567783,5.9022182453417535,3111.0,118196.66148415908,61.282821736840674,0.502228759605846
-61.79804236052137,6.53194632869706,5.931463311558128,3066.0,118789.10400531466,60.680457110096185,0.49853826542922397
-54.94342181708028,6.429997873662368,5.900450705468743,3118.0,118296.56295723893,61.288261559186644,0.5022234133787968
-91.78034053115918,6.436588406409703,5.942439634628761,3109.0,118916.25932244945,61.03671926483951,0.4982419476075397
-50.115011183669644,6.431230209881265,5.903703623994969,3115.0,118270.56015660036,61.33574157269164,0.5023353500567658
-83.57298361491054,6.467123936222414,5.907257396814343,3098.0,118352.78776451459,60.82097008630189,0.4998124005613732
-50.93021191607216,6.421825595909879,5.957469407508147,3119.0,119326.17029778795,61.56582131066604,0.4999527608106085
-53.47413142249995,6.409110475994333,5.905411102236483,3133.0,118579.13795852408,61.45160854088325,0.5024616326768536
-53.21971612606017,6.361888534615618,5.938598053848019,3155.0,119198.1049363213,61.865852482468576,0.501800719445958
-56.253836111512314,6.481311647493731,5.90179724668729,3098.0,118502.79765744018,60.95278568366804,0.5011423625066543
-58.382727543076754,6.421126719309163,5.9377251133701865,3134.0,119489.65877269115,61.4383280082467,0.5004601208089847
-61.167479378722895,6.434509613180132,5.900173822420464,3122.0,118525.8720113301,61.204486354728374,0.5018179208422515
-49.28021749544351,6.527201191137916,5.929860646805029,3078.0,119135.2011225373,60.81583320566835,0.499402033982774
-58.78103911061317,6.30661675456112,5.9490873798800346,3180.0,119309.19297887254,62.2043908877081,0.5020187045436563
-83.26583101355872,6.420985949943438,6.033457734578803,3122.0,120948.61320580776,61.543615974081625,0.4948203758331855
-61.80249617411742,6.536242776388635,5.9321384904955075,3062.0,118725.6737072511,60.655190472903236,0.49842766860659277
-54.68600139824386,6.429997873662368,5.9406027582231395,3118.0,119101.5607571732,61.423413582431735,0.5003664983298377
-88.12452396036842,6.453349063870788,5.946337318977839,3107.0,119227.36668234145,60.989327592416835,0.49799465336613036
-60.08478614684418,6.437054504633154,5.937809103678313,3126.0,119481.97462110172,61.3223458541805,0.5000736514389942
-53.65493211019809,6.4417019166050355,5.947316094423256,3106.0,118993.46122562162,61.37996791980275,0.4998972080864581
-62.700266835654524,6.411302077772994,6.031386792346076,3128.0,120956.76548308646,61.77669040195248,0.496061519642215
-54.68600139824386,6.435142958955106,5.905890395640927,3116.0,118424.35587112875,61.27565356069993,0.5018897254281935
-50.35951106347857,6.46254267809,5.916558989838411,3097.0,118416.93839079236,61.175469591282265,0.5011443769068522
-54.827413309653906,6.377416126432995,5.952495104622033,3150.0,119578.84555909953,61.797979212085174,0.5007740815037355
-80.98865488519095,6.41395308374791,5.9388906447146885,3136.0,119455.77806532865,61.29167657628273,0.49944111816685005
-54.64227436558997,6.394735291636131,5.937661680261186,3138.0,119149.15299781061,61.63971554755095,0.5011562033933462
-61.80249617411742,6.5302583233027836,5.903478300021847,3070.0,118352.30159682594,60.598279569490934,0.4998734199389471
-61.15417551471502,6.3659246396761695,5.936208429705786,3160.0,119414.67940817914,61.76246374591447,0.501401628128536
-48.49441049831142,6.436887285616656,5.9403184094243,3113.0,119032.27921117509,61.4359340543994,0.5006256946646569
-52.00272119165342,6.433559601735507,5.9360529892510545,3115.0,118961.69644734243,61.40996788350829,0.500669714838085
-77.0600741084408,6.347946861843977,5.950709705279054,3166.0,119594.98197200752,61.78773317034185,0.5002807024459806
-49.220563720015925,6.424200615110497,5.927989005021557,3117.0,118703.43493893728,61.46944659412339,0.5013883067179356
-51.821048898091405,6.421794240383235,5.958474467651085,3121.0,119422.24679265461,61.56105784738946,0.4998526542005929
-86.58447881395584,6.41772355573021,5.94368223311329,3125.0,119202.84211008219,61.223611441015564,0.49884534291198673
-47.80643868254625,6.532810933196577,5.941154962474132,3074.0,119309.44699900363,60.83147232834256,0.49886631716698016
-51.381880825069004,6.335504697259225,5.989717690270551,3169.0,120256.84617686947,62.22079557652144,0.5000167665392004
-83.26583101355872,6.528065373443671,5.933488758214286,3076.0,119146.40690912031,60.52691151797244,0.4975199990346488
-77.0600741084408,6.530493227144061,5.909769821276517,3072.0,118559.8826244915,60.49162802422083,0.49887709662481466
-50.22504567262502,6.452718663973773,5.905899115235357,3105.0,118328.77241736081,61.204433649328735,0.5018305728875443
-51.826061533085536,6.359352935740435,5.98903194302087,3161.0,120391.008834203,62.06177917924397,0.49958162065369804
-63.555858290871406,6.423901735903543,5.931573932373716,3120.0,118884.00601214505,61.35683993128099,0.5004314655566867
-48.12564934214692,6.532190065849494,5.936203398424169,3074.0,119198.68086038067,60.81600550306956,0.49908806229533
-78.75869135762915,6.545759243015193,5.903290456931337,3058.0,118165.76226619942,60.3569522964692,0.4988207832685652
-91.78034053115918,6.4314328639872835,5.940585714741312,3117.0,119089.5925404251,61.06303245012147,0.4984194383468023
-61.80249617411742,6.530493227144061,5.924677765259463,3070.0,118781.57881844646,60.66717833216083,0.4988809880597792
-49.83432536390127,6.400932506350739,5.905609309582669,3127.0,118204.9984366842,61.53858032604813,0.5028218965706668
-51.345094667622526,6.394568072619635,5.940501724433186,3137.0,119165.03913195613,61.68034623055789,0.5012208280062624
-82.56942597133906,6.415410741461189,5.910790000647363,3128.0,118614.21562658976,61.1710140166382,0.5006317491855201
-53.260936926948865,6.42018569223351,5.9310409565150195,3127.0,119071.10767191777,61.46744377664393,0.501075381270659
-51.99826727286128,6.391671694162393,5.939583441744779,3149.0,119548.21831574489,61.68977568894952,0.5012777750281974
-48.62158762123263,6.439926971910797,5.903033879578932,3113.0,118341.0283935948,61.2922107145531,0.5022996456892554
-48.20905371337619,6.327671035357457,5.9311132098139625,3183.0,119458.41418302277,62.107232606239634,0.5030856733323272
-50.22504567262502,6.452718663973773,5.906873829220619,3105.0,118348.30148602312,61.20765071711058,0.5017851214638989
-51.345094667622526,6.432079225184201,5.94007107764894,3113.0,118938.41520252677,61.43882739380519,0.5005492905482367
-61.80249617411742,6.531169362629285,5.903284234725812,3068.0,118287.81113922695,60.591811278233436,0.49986574470887934
-78.85975109997611,6.545759243015193,5.903290456931337,3056.0,118088.4792300541,60.35599843971365,0.49881597146842177
-54.68600139824386,6.364423231348259,5.9008561472033,3157.0,118562.85855816706,61.711344641593534,0.5034272462464559
-50.35951106347857,6.46254267809,5.928144896631023,3097.0,118648.82446058707,61.21370774921096,0.5006041626236093
-61.47748275807885,6.460226717460261,6.002304113772864,3106.0,120439.01821897566,61.37703164866174,0.496573609592321
-86.89163141530766,6.467423104675346,5.9307957715523925,3090.0,118523.02371033076,60.86202904866326,0.49853381027169474
-54.68600139824386,6.435750701086925,5.9058788053976325,3116.0,118435.30757195185,61.271726891185665,0.5018790720154459
-51.2247609574606,6.400453440641042,5.944724612854195,3135.0,119283.40527478918,61.65775944910914,0.5009228186761644
-50.115011183669644,6.431230209881265,5.906471983200014,3115.0,118326.01947751963,61.344881513666266,0.5022062823456723
-79.84189409672697,6.431724124396163,5.936054575979149,3132.0,119576.83289561955,61.18100122631623,0.49931089640393267
-83.88386968120122,6.431230209881265,5.903703623994969,3116.0,118308.52823369717,61.03285891696626,0.5006042401229465
-61.72031732804294,6.3659246396761695,5.934749125034753,3158.0,119309.76323435211,61.7528156698412,0.5014404859127248
-65.89110411951143,6.530493227144061,5.924677765259463,3072.0,118858.96095448453,60.63450234444485,0.49868707774502036
-74.28379341818297,6.428850200232584,5.9008561472033,3116.0,118207.70421639987,61.13220162458667,0.5012623232358843
-54.68600139824386,6.4164290803370285,6.132642722523824,3124.0,122928.3600332681,62.14624294540719,0.4916795746616949
-73.79406538525188,6.415410741461189,5.921288419210276,3128.0,118824.89164164414,61.290696534650564,0.500581733725002
-58.836300346835834,6.30330291841037,5.903846347904603,3180.0,118339.66748840729,62.074755524443916,0.504182144788714
-57.44553112733261,6.429997873662368,5.900450705468743,3122.0,118448.32249919818,61.26612144255108,0.5020841430790381
-51.11989509071959,6.401590788595364,5.9039558830501,3133.0,118410.82516804931,61.51673306244587,0.5028081115336638
-57.18969475883324,6.30661675456112,5.9490873798800346,3190.0,119684.37912031554,62.21836722765485,0.5021056509061248
-54.68222095922668,6.429706460189773,5.931569738974544,3118.0,118915.07057708298,61.395425873064255,0.5007930758124813
-81.22226543509733,6.543499178429566,5.904244053764914,3058.0,118144.04447984848,60.35062060432448,0.49869753742484707
-61.167479378722895,6.435292098181616,5.9001489782766,3122.0,118539.78650994894,61.19940470540495,0.501804699403351
-50.99381488456816,6.426733614600881,5.937568721840477,3115.0,118865.82231773526,61.46806166971319,0.5007857575139694
-56.1796099637007,6.41402764822056,5.904479123920333,3130.0,118537.77105288998,61.39272948632276,0.5022601645185647
-64.65857866419255,6.333580666505866,5.941990787828594,3175.0,119488.19756855218,61.95842764529723,0.5015492582464919
-58.426454575730666,6.337207466573496,5.927607365586656,3180.0,119455.03894643554,61.94075744134641,0.5024744039926825
-80.0673083154364,6.548409766202152,5.903484522227372,3054.0,118062.86262772967,60.32824019150742,0.49870087358650034
-83.4719238725636,6.467123936222414,5.907257396814343,3100.0,118429.19369593132,60.82204966136596,0.49981783588129164
-77.0600741084408,6.357351049836029,5.905360139708107,3162.0,118709.21894388049,61.57528100705825,0.5022121118613401
-54.68600139824386,6.430293001269518,6.0488076555472094,3118.0,121276.498053424,61.779660648512184,0.4953216031553558
-83.26507556020736,6.536434950672941,5.984847197745603,3068.0,120018.82357239326,60.648217861359946,0.4949957942065628
-54.64227436558997,6.394735291636131,5.937320401285272,3138.0,119142.3046620337,61.638585767928916,0.5011721034312475
-67.20426251295379,6.423293993771725,5.931586508226921,3119.0,118834.91053052207,61.33081630412002,0.5002673083012913
-47.06882657017037,6.437574301277482,5.905609309582669,3113.0,118349.40743016057,61.33092777726321,0.5023219778309
-52.53083650117416,6.429997873662368,5.900450705468743,3113.0,118106.86352978986,61.31023487566328,0.5023635849234203
-52.228799263995434,6.5511562828888845,5.903316594595764,3070.0,118727.79726760453,60.54718854116619,0.5000192719227204
-53.72432241018369,6.467123936222414,5.901856073948046,3090.0,117939.22717346437,61.066376050521335,0.5015443589739248
-46.06771343555104,6.452718663973773,5.907360645324016,3098.0,118091.22542922811,61.24973171186014,0.5020268842108193
-82.80302378363204,6.467423104675346,5.905609309582669,3098.0,118325.24154934844,60.82164694102165,0.49992430698819695
-55.67707376286644,6.35779859657864,5.905360139708107,3164.0,118792.66605258147,61.75968815520033,0.5032830906739807
-48.49441049831142,6.436887285616656,5.93971957898115,3113.0,119020.27982871841,61.433957636337496,0.5006536018106117
-48.436658675240665,6.434909996187418,5.9034249661027465,3113.0,118256.66991920202,61.32739591116891,0.5023854373099415
-52.68900989181851,6.448889981548193,5.9298429249090026,3102.0,118623.28616412151,61.284999396081744,0.5006358470155982
-53.3245819928012,6.360177838449051,5.915432888629741,3155.0,118701.2122895664,61.7991653748951,0.5029052338179281
-51.826061533085536,6.431230209881265,5.976833308598726,3117.0,119812.46454029526,61.5612761442127,0.498822962485754
-63.559638731165734,6.424488276983287,5.90832049581613,3120.0,118428.75957753614,61.27559207873933,0.5015027272969248
-49.83432536390127,6.385309188142108,5.905434144151338,3141.0,118440.89993084005,61.637968186803214,0.5031179211404044
-64.53982024961982,6.337371624786693,5.920414036024744,3171.0,118975.48848680676,61.8632862937553,0.5024889271106157
-50.22471473797982,6.408528671818895,5.908316237634017,3119.0,118096.61210046725,61.495199706920204,0.5025317028549862
-83.50661805921685,6.309240806714778,5.961356953706482,3187.0,119868.28570307275,62.002751939894836,0.5001417166747686
-58.98351319815578,6.431230209881265,6.007724398053453,3130.0,120933.99354758857,61.60087607034557,0.496982426899436
-58.836300346835834,6.30330291841037,5.90017373330266,3180.0,118266.05175297048,62.06255346938071,0.5043530924396319
-51.95817286852294,6.431230209881265,5.903290456931337,3117.0,118338.21390410728,61.317041610644765,0.502242605328608
-53.93900556265668,6.364423231348259,5.9008561472033,3161.0,118713.08074195948,61.71814000180166,0.503470326487531
-52.6705346910914,6.30661675456112,6.026618635215606,3193.0,121358.18396783584,62.51596437067788,0.4987565050188174
-47.82288999826397,6.40050233457518,5.905609309582669,3131.0,118348.2499878909,61.56073943996508,0.5029560584682572
-61.80249617411742,6.533564529633915,5.906482757107548,3064.0,118240.94342934746,60.58712122913342,0.49967268766614903
-77.0600741084408,6.386650210471993,5.905360139708107,3148.0,118728.29823525771,61.389647969262725,0.5016832506862421
-48.49186384909531,6.419147264982051,5.957908484500898,3117.0,119208.70481842768,61.60758145866431,0.5001331234475407
-77.0600741084408,6.377556914659991,5.905360139708107,3158.0,118935.87089968215,61.44727195559202,0.5018474280367637
-57.56208369051808,6.4299821696309705,5.9022182453417535,3122.0,118483.51552207001,61.27106341163912,0.501995713020248
-51.12353865666873,6.465234162982259,5.9061088131611195,3097.0,118257.0139249262,61.11654716417165,0.5015354255584881
-48.20905371337619,6.337217060118242,5.9311132098139625,3181.0,119563.45753536648,62.04615569131601,0.5029096409172144
-56.1796099637007,6.41402764822056,5.904460805909763,3130.0,118537.4033022218,61.39266881761772,0.5022610182606474
-80.45433029530366,6.358620274626764,5.900096797758202,3162.0,118627.09433097595,61.51603851415624,0.5022587090220175
-52.406007097874614,6.391963583927774,5.900474220499066,3145.0,118615.61340607748,61.5548156349331,0.5030705983265498
-48.488492123742134,6.436959792049279,6.023969275725814,3113.0,120709.83747501361,61.7117146255669,0.49672855423807116
-55.74232629009971,6.409110475994333,5.905411102236483,3128.0,118389.89579772209,61.43114883431762,0.502331757409326
-80.0673083154364,6.548409766202152,5.903506816598774,3054.0,118063.30848937259,60.32831579374527,0.49869984244720955
-50.35951106347857,6.49885117180243,5.911325605973966,3093.0,118823.24078060879,60.925837416693426,0.5007204175198172
-57.02017448271842,6.30661675456112,5.952620641358701,3192.0,119830.54344852254,62.23159296055148,0.5019505986516799
-46.01855923162099,6.413293729500561,5.9034249661027465,3133.0,118616.62792930336,61.4894755419988,0.5029387450105288
-45.85001268512909,6.364423231348259,5.9008561472033,3155.0,118487.74746627084,61.79533351892024,0.503969099371871
-73.58395817957928,6.4291684125237225,5.9008561472033,3116.0,118213.55520735739,61.13637722782154,0.501289530392174
-61.148097235763714,6.468541587544902,5.902758528116801,3104.0,118517.66991919391,60.99577923098966,0.5010731549265732
-47.92060471712764,6.408528671818895,5.908316237634017,3123.0,118248.06655651145,61.51736418346048,0.5026758691655635
-58.836300346835834,6.30330291841037,5.905347549488539,3180.0,118369.75832848127,62.07974318838962,0.5041122702878286
-77.0600741084408,6.35861206829567,6.039806309752839,3162.0,121435.93109128899,62.020473404465655,0.4959603257122461
-83.88225418156458,6.549320805528653,5.939328783792404,3066.0,119263.01431562177,60.40535021336251,0.49683490988100654
-57.04999656892244,6.429997873662368,5.900450705468743,3124.0,118524.20227017782,61.269580024548674,0.5021057508890506
-46.06771343555104,6.3110185393478915,5.940660815074897,3187.0,119485.79466070984,62.266302426471796,0.5030852145512531
-50.115011183669644,6.4288350428825485,5.903273460819318,3115.0,118217.8985765542,61.34964814816366,0.5023995114185795
-85.38537040394979,6.467423104675346,5.905609309582669,3090.0,118019.68895658059,60.793679901461914,0.49978347302538706
-54.68600139824386,6.430862783550972,5.9008561472033,3116.0,118244.709722237,61.28638389571443,0.5022032614601005
-51.108208400331144,6.458253243311702,5.900450705468743,3101.0,118168.58181224803,61.14268738191201,0.5019287245281823
-82.80302378363204,6.361435781469816,5.938181250856713,3158.0,119294.58273055566,61.60252199370607,0.5003198658889988
-53.47413142249995,6.386760975868707,6.208411329267744,3145.0,124704.40528371191,62.598145885190945,0.4887813642232498
-49.845883567995905,6.550054275423852,5.903254528990692,3064.0,118474.57750385006,60.576508529153145,0.5001882640842621
-59.85528051455279,6.531169362629285,5.903222541545642,3070.0,118363.68484666522,60.60770427399248,0.4999667999062153
-48.7484371389981,6.430133317180871,5.90060994741742,3115.0,118188.42233440929,61.34565200595667,0.5025849285173274
-53.40887889526668,6.35779859657864,5.905360139708107,3159.0,118604.94060053882,61.78027123551484,0.5034134462791451
-79.44126505258929,6.489896491331378,5.903681329623567,3096.0,118621.01319290567,60.70651885927131,0.499779710810096
-84.7820629698383,6.467423104675346,5.905484454133615,3090.0,118017.19380316127,60.79994289999548,0.49982291804733425
-67.55096689752706,6.328380675910377,5.920414036024744,3181.0,119181.36205089577,61.894846003933225,0.5025044806958091
-48.62158762123263,6.4579989312804,5.903033879578932,3101.0,118215.65989194713,61.1765719621669,0.5019671011931874
-53.78235514771224,6.451123985057719,5.907360645324016,3098.0,118062.04120515611,61.18642441857388,0.5015788751468989
-56.17794144092252,6.413709435929421,5.904479123920333,3130.0,118531.89016528206,61.394779459299,0.5022661181431007
-87.22389789349232,6.410672552422708,5.900262064886279,3125.0,118202.02522333563,61.11364261771,0.500940142715821
-53.73760843767458,6.467123936222414,5.900973537989042,3090.0,117921.59109294096,61.06333913620162,0.5015847483408035
-45.11986301256988,6.385309188142108,5.903932942567401,3149.0,118712.3789454397,61.679172752021,0.5034890595832018
-54.68600139824386,6.441445540719352,5.908316237634017,3112.0,118436.79874179367,61.24335266334894,0.501660543028089
-64.3292910337231,6.336801764620338,5.905190053713137,3171.0,118658.87946509036,61.817923991796704,0.5032178706808436
-50.31827779786851,6.400932506350739,6.062686539185734,3125.0,121271.39795152821,62.05315571615704,0.49547764652948795
-86.30400927682511,6.479863604267879,5.90225923771598,3092.0,118256.12125549249,60.69315459113663,0.49966285705313307
-55.88760297915884,6.325969053651967,5.9205842040724335,3182.0,119176.82207022814,62.0117343707829,0.5031486342215455
-57.942502829338274,6.337207466573496,5.982453840053681,3174.0,120332.85032984821,62.127063698279024,0.49994790859546073
-81.44359415881289,6.467842776790784,5.90328203035018,3102.0,118439.01312209236,60.82515562782932,0.5000952873495247
-45.11986301256988,6.368991182092923,5.903932942567401,3153.0,118559.41137082371,61.78356522969421,0.5037894562167667
-54.68600139824386,6.364423231348259,6.043657601480538,3157.0,121432.09451359652,62.18438931639354,0.4967787247153276
-54.05300234289161,6.364423231348259,5.9008561472033,3157.0,118562.85855816706,61.71709952692653,0.503463719153265
-53.5883743069739,6.4288350428825485,5.903273460819318,3116.0,118255.84974784683,61.31729739640328,0.5021912414299974
-52.63608519902485,6.489327298834629,5.960315825440709,3090.0,119516.38020473912,61.127268002367316,0.49847324897860606
-47.961014053212125,6.400932506350739,5.904954037357531,3131.0,118343.07154294256,61.55447714762566,0.5029698907982291
-85.70361766267304,6.453657254386466,5.903703623994969,3098.0,118035.2861748612,60.870810418459705,0.5001003910922754
-82.68332153327039,6.548409766202152,6.080854487100638,3066.0,122087.89590662412,60.904152521535416,0.49037070849100756
-58.49312705767838,6.4430429231867405,5.90225923771598,3120.0,118648.94999062407,61.179622685755575,0.5017033207987689
-49.83432536390127,6.385309188142108,5.905483492300755,3141.0,118441.8896699658,61.6381312168193,0.5031156213059159
-55.638355333136204,6.440983199463786,5.907375925822315,3116.0,118561.64712798713,61.2346941559553,0.5016589651140148
-86.90102567330861,6.467423104675346,5.905609309582669,3090.0,118019.68895658059,60.77646075500648,0.4996966227960624
-54.984231648351766,6.636819530476045,5.903290456931337,3018.0,118242.4435170797,59.97403363313808,0.49828880289263405
-86.89163141530766,6.515416497187434,5.900859300203693,3078.0,118338.49946689318,60.45634199947172,0.49905544028162285
-53.73760843767458,6.467423261265275,5.900973537989042,3090.0,117927.04898823665,61.06142377414001,0.5015792384934125
-53.93900556265668,6.364423231348259,5.901386583748057,3161.0,118723.75203351368,61.719895910058376,0.5034456109674401
-53.267669250237034,6.43109503528614,5.9454868651090615,3112.0,118990.40418046845,61.445324627872736,0.5002006078245972
-52.53083650117416,6.386743207913163,5.90054564727397,3149.0,118670.9147126464,61.58729238344361,0.5031560578309316
-58.836300346835834,6.302277819478899,5.903813509831377,3180.0,118319.7639280535,62.08119058013181,0.5042025267591441
-54.45381517400665,6.407772278942753,5.949200546954229,3130.0,119319.11294499687,61.596178125721536,0.5003889760619982
-48.62158762123263,6.439926971910797,5.9031672877577295,3113.0,118343.7028930805,61.29265091104121,0.5022934257131171
-74.95798337628595,6.574698287743642,5.903509110877028,3060.0,118770.2012034643,60.20785888260992,0.49846063158495796
-60.072698158186896,6.30330291841037,5.90017373330266,3192.0,118712.33874071753,62.051665945178364,0.5042864900250859
-51.069441472577815,6.463260041148884,6.045174029438603,3097.0,121004.53381817191,61.588957051668764,0.49509504882035826
-52.35203278478115,6.449114682221372,5.900973537989042,3101.0,118011.82681314253,61.191290659204064,0.501997780100053
-80.0673083154364,6.487631455858386,5.903426635682837,3092.0,118421.3006002134,60.71392192513197,0.4998014554471984
-45.74870162138509,6.316662679338471,5.9008561472033,3191.0,118940.43350357842,62.10186458210059,0.5048554682064794
-49.935515772045285,6.323286235740054,5.905360139708107,3185.0,118931.98472588598,62.03354344252914,0.5042583399738519
-51.230196750802996,6.458253243311702,5.901814730184008,3101.0,118195.89919429315,61.14604450756278,0.5018577051090344
-49.7939160278222,6.356714029600889,6.069301374658119,3165.0,122108.27377219293,62.363176116419616,0.4960197546818366
-48.74656865928674,6.410672552422708,5.900262064886279,3121.0,118050.72663104975,61.469043839523934,0.5029595670517363
-86.47926892063236,6.407096238952093,5.905411102236483,3133.0,118541.87124374243,61.16233614114968,0.500810237011355
-84.7820629698383,6.474846977564338,5.905435105984198,3098.0,118457.5712289764,60.75275001434194,0.4996919115168726
-45.63178764928211,6.453039122659914,5.900657172676476,3096.0,117886.92322618517,61.22993793400016,0.5023621304046876
-76.78696014089465,6.411300739936017,5.943126656042565,3136.0,119491.54841878648,61.3634049241322,0.4995017541530212
-85.37597614594885,6.467423104675346,5.904326559912092,3090.0,117994.05405437243,60.78943235996235,0.4998432630169496
-79.41027667049481,6.381688031744196,5.901937965115669,3146.0,118491.97235213309,61.38677078508973,0.5018128991370289
-87.22389789349232,6.410452225495738,5.900256235494923,3125.0,118197.84598694854,61.115015911028806,0.5009443498553735
-85.38537040394979,6.459244908260319,6.172524143321036,3094.0,123357.30087510373,61.74890782677336,0.48758406839277946
-47.145300182069846,6.40050233457518,5.905079293853547,3135.0,118488.8103823153,61.56562655671742,0.5030241037908676
-50.050616671555886,6.428664633430393,5.900994084459189,3117.0,118244.99081935709,61.34382565077601,0.5025128925167532
-55.74232629009971,6.401308489825578,5.967076392187014,3132.0,119633.3070797078,61.68529180183002,0.49960253685695066
-58.836300346835834,6.30330291841037,5.905380387561765,3180.0,118370.41655134776,62.079852291217605,0.5041107418247249
-51.053059024804284,6.408717047387694,5.908316237634017,3125.0,118327.27185463325,61.486169694558086,0.5024776168460513
-85.39842724655287,6.467423104675346,5.905351045954892,3090.0,118014.52772910663,60.79265785080959,0.4997946702327725
-48.436658675240665,6.444834956146695,5.903422671824492,3111.0,118362.92530123767,61.26388078630199,0.5022028838838503
-55.820255602549736,6.467123936222414,5.901856073948046,3098.0,118244.57145093613,61.047576452901254,0.501424862626917
-54.05837198670978,6.479201000583907,5.9039558830501,3096.0,118431.03061361106,60.99300323367069,0.5012047724755229
-49.35199038143229,6.403521873981787,5.900866525701988,3123.0,118006.70194669068,61.51096338925721,0.503025200278351
-46.06771343555104,6.452718663973773,5.912742368928126,3098.0,118198.80889559965,61.26747695919487,0.5017760124965996
-55.67707376286644,6.371661885606156,5.905360139708107,3154.0,118675.4259198032,61.67105004276965,0.5030276822131712
-59.38158979092872,6.408528671818895,5.90832977596915,3144.0,119043.47522672662,61.412766215363014,0.5020083934344087
-58.836300346835834,6.304802065894908,5.9007377526025415,3180.0,118305.48776186201,62.054856924658814,0.5042992681234071
-49.83432536390127,6.370285883873263,5.905434144151338,3155.0,118688.90338371908,61.73408973545838,0.5033947764792219
-50.24271460756185,6.454996944373859,6.021126426021386,3105.0,120680.02507654416,61.57013973886006,0.49641799901233363
-45.329140789950316,6.3631095772563055,5.900184825623433,3157.0,118524.90075824693,61.806722700122094,0.5040586236046753
-53.73760843767458,6.467423261265275,5.900668600546465,3090.0,117920.95501535274,61.0604161812294,0.5015934608333925
-53.8060486740582,6.30330291841037,5.905347549488539,3195.0,118928.10624512505,62.125026763540674,0.5043952644080935
-53.64076487419534,6.48714528513805,5.9002981536089525,3092.0,118349.67444830375,60.93387108869873,0.501253417665278
-51.108208400331144,6.448700504584797,5.90094457785852,3107.0,118231.98922790313,61.20544729431223,0.5020815406440129
-54.68896441315981,6.475252545033308,5.90042640677514,3098.0,118364.51493026811,61.000923392989286,0.50140585370278
-47.961762844627955,6.4666798812345165,5.9073515120270015,3091.0,118079.14007946863,61.14168297458156,0.5016480162352672
-94.62201377512733,6.4203040895265815,5.900176503859257,3124.0,118340.01699971408,60.95897213943532,0.5002873473076841
-49.555749784145455,6.379203370028098,5.900973537989042,3149.0,118539.41387167695,61.664960542598436,0.5034555591897242
-51.2247609574606,6.399806997387251,5.900124431841258,3135.0,118376.52665234715,61.5145003472134,0.5030132183666729
-45.09587184531025,6.3676134384024285,5.949987692150539,3153.0,119458.4096633911,61.94464727725497,0.5016713286100689
-59.06457043322023,6.45304046675357,5.900601495053343,3120.0,118799.6791043894,61.10530214406188,0.5015663542084079
-45.74870162138509,6.307446701631628,5.900856180170659,3191.0,118766.90069869031,62.16081311166967,0.5050252757523583
-90.56010650372045,6.467423104675346,5.964066314671537,3093.0,119303.62989013092,60.93056186490206,0.49677290786732337
-53.01824361903829,6.417859539926038,5.905634224751547,3127.0,118518.087276383,61.400545323353604,0.5023167424156968
-45.1293127362127,6.403731906694913,5.900184825623433,3135.0,118450.3377158635,61.54885479054769,0.5033240622029138
-45.00627713760415,6.340204357335596,5.934143396781776,3169.0,119229.44769179498,62.06861052068546,0.5029200473443927
-58.836300346835834,6.303345148167295,5.900407747463329,3180.0,118271.53482003779,62.0630613783501,0.5043414231091873
-86.96766445562875,6.464112460556007,5.905604758143612,3091.0,117997.35880339028,60.79663551292744,0.4997522546792568
-61.21723055378759,6.30330291841037,5.90107664692143,3189.0,118618.91667081669,62.04465688124478,0.5041837662636023
-49.83432536390127,6.400932506350739,6.054724727662525,3127.0,121189.65028834222,62.031351819682364,0.4958779423064653
-46.03367183077952,6.54534194916652,5.900209794464862,3066.0,118405.51881443731,60.63405862282359,0.5006621006736266
-50.050616671555886,6.328692327267701,5.9022928616506585,3181.0,118822.42363441995,61.9877242206784,0.5042944770703723
-83.70168800892479,6.320089702518009,5.900885987794448,3183.0,118707.21186597375,61.72789872468811,0.5027351251031541
-45.79827738240192,6.528686843439267,5.901806031680804,3072.0,118367.36529888761,60.74818701907406,0.5009085715030949
-58.836300346835834,6.387686762378787,5.900985574364827,3144.0,118508.82754619878,61.52628004421239,0.5027629266775314
-45.613844303927074,6.4432699594906735,6.0373951434913256,3104.0,120747.35922810741,61.74374692690185,0.49617439821155934
-84.86607976533958,6.467421978982188,5.905462330651396,3090.0,118016.7311385162,60.798949444971186,0.49981930003794456
-53.14993119327064,6.458667420948276,5.900479665600054,3092.0,117833.757044681,61.12118337606573,0.5017977762419371
-49.83136235088942,6.400932506350739,5.90009189880476,3127.0,118094.56350978867,61.52038549940219,0.5030792540946256
-84.28703438313721,6.554391159339931,5.905360179251907,3066.0,118672.72033122636,60.25339883708491,0.4982910663015547
-88.10986380154743,6.467423104675346,5.905609309582669,3095.0,118210.6593270605,60.762290087983594,0.49962491804752474
-59.80953532576434,6.3004949700718065,5.9002592943296825,3192.0,118661.17638729115,62.072180412041725,0.5043482010070698
-49.83432536390127,6.473229754718061,5.905434144151338,3105.0,118695.55541107236,61.07536324785019,0.5014989763831288
-45.329140789950316,6.3631095772563055,5.902289185752888,3157.0,118567.17385356085,61.81366875351764,0.5039605824387068
-58.836300346835834,6.304904467398707,5.90391716188069,3180.0,118371.15513131718,62.06476644946897,0.5041493927443166
-85.47535251194164,6.306350235320377,5.903840450445959,3191.0,118806.3087941586,61.80480037082374,0.5027409961237502
-49.861817783228624,6.403521873981787,5.912320471060747,3127.0,118387.19891701173,61.543915303252554,0.5024596891273099
-86.09284047657809,6.413453520207485,5.901831160234281,3129.0,118436.15394892976,61.11443193545648,0.500884537764799
-49.617770667596034,6.362899544543303,5.928427291320094,3161.0,119239.20189259575,61.859401288126506,0.5024730468873739
-48.74656865928674,6.342096547772279,5.900262064886279,3175.0,118808.60056071775,61.907786275789846,0.5042229718444068
-55.883656664455984,6.456551751217587,5.900450705468743,3104.0,118251.73880097998,61.11000268544673,0.5016814587596683
-58.836300346835834,6.3033333459717396,5.901990430138967,3180.0,118303.03761316529,62.068395092589824,0.50426797124955
-49.935515772045285,6.323286235740054,5.956428317228314,3185.0,119960.48079811914,62.202430129644874,0.5018801208982474
-85.29994310562776,6.467423104675346,5.9501441167218525,3090.0,118909.6875682021,60.94571387021894,0.4977304919947676
-53.574329801731906,6.467123936222414,5.9052774669262895,3090.0,118007.59828225707,61.07904527625948,0.5013935157490643
-53.605923799895734,6.437095235567783,5.9022182453417535,3110.0,118158.6683432127,61.260796910110486,0.502087274898926
-60.17362375656802,6.449114682221372,5.900973537989042,3122.0,118811.00396989066,61.12220309164919,0.5015632796582107
-52.53083650117416,6.429997873662368,5.912859030582083,3113.0,118355.23580403598,61.35124062447442,0.5017850796756552
-58.836300346835834,6.429818700339141,5.900585060315126,3132.0,118827.11585688365,61.25566517990672,0.5020063865574076
-45.67606935135848,6.408485973858441,5.900226399189198,3135.0,118539.1093118219,61.513098737270795,0.5031986923826997
-49.94974805299884,6.396053246997621,5.903981616163045,3131.0,118233.3880418236,61.56332416927865,0.5029805259543173
-53.78963278229813,6.403521873981787,5.901852075177499,3136.0,118517.71546622667,61.47271017591236,0.5027121275176561
-58.09054230043823,6.312210853894581,5.900146769188948,3180.0,118432.64611382478,62.012188849083905,0.5042311624330899
-58.836300346835834,6.30330291841037,5.928363361632127,3180.0,118831.09885049783,62.15621260717155,0.503041081058707
-49.28668001310234,6.467123936222414,5.90087052447396,3095.0,118110.34083639517,61.104627488145475,0.5018582836259701
-86.12175220698951,6.442551781678819,5.904270465587525,3105.0,118109.75428455001,60.93829236442341,0.5002492531110575
-53.77268843902845,6.302575505906451,6.028531211397059,3197.0,121470.88825909105,62.53815461470639,0.49867760365422165
-48.96542788182609,6.5066556746682584,5.929709027354587,3089.0,119181.57384129014,60.94984766082747,0.4998065736235256
-91.42570717292686,6.467423104675346,5.901904127798193,3091.0,117983.81346481328,60.70884220524738,0.4995871965665279
-53.72432241018369,6.482541244306835,5.901856073948046,3092.0,118296.9065903875,60.967719307332004,0.501260601306737
-59.163606266882894,6.328692327267701,5.9022928616506585,3180.0,118785.06983887313,61.9046131223006,0.5037698074160837
-45.368957579222254,6.300531823123815,5.900446480459652,3195.0,118777.16287237596,62.20747712433485,0.5051965090797028
-52.53083650117416,6.401412649404537,5.90044803179365,3143.0,118714.88998514049,61.49312086021674,0.5028903030693398
-53.26843547432435,6.30330291841037,5.90107664692143,3193.0,118767.7017654179,62.11584041468861,0.5046256452562484
-49.94974805299884,6.395856718960797,5.903981616163045,3131.0,118229.75514904714,61.56458165831463,0.5029841468104307
-85.35542188532804,6.303163847671488,5.900296061452571,3195.0,118823.75237621469,61.814293862327744,0.5029688898346627
-53.73760843767458,6.467423261265275,5.900133710752489,3090.0,117910.2655969828,61.058648768085355,0.5016184082857217
-59.05685331495338,6.398322257307306,5.905609309582669,3144.0,118799.1572397309,61.47175503743051,0.5023401004373237
-53.29849672260845,6.5248452166071145,5.90035910845009,3076.0,118422.708387887,60.69594553811214,0.500577259399925
-49.935515772045285,6.30818907674444,5.9004631414339475,3193.0,118847.4101769301,62.11390788469107,0.5047647659387667
-53.996017974724815,6.467123936222414,5.905114445140986,3088.0,117927.96233665079,61.0746786287532,0.5013766438765195
-58.87583511008898,6.410672552422708,5.903668904091594,3142.0,118913.6659308456,61.38794284417374,0.502212873064067
-50.131283494413566,6.379993368328002,5.904939141914754,3143.0,118407.72427429863,61.667516387476866,0.5032206390966718
-85.67755785433587,6.314269315416835,5.904326009940876,3181.0,118592.46598241605,61.754164220192514,0.5025653028145813
-59.05998641077846,6.303345148167295,5.900407747463329,3180.0,118271.53482003779,62.061085701405645,0.5043292925414082
-52.53083650117416,6.354033683208002,5.900467557733768,3157.0,118361.51665408634,61.79626571787806,0.5037625231841267
-60.307242111126016,6.408528671818895,5.908600940144859,3136.0,118746.01524655781,61.40576110448164,0.5019473069105279
-49.77790642110272,6.30330291841037,5.905809505120859,3199.0,119086.31401916363,62.16434633036457,0.5046155488987114
-50.30834000297676,6.321025367901574,5.9008561472033,3185.0,118798.78455520986,62.02955654221664,0.504486917837375
-53.87105530096809,6.467423261265275,5.9006629484656825,3090.0,117920.84206226068,61.059185434862854,0.5015859808855943
-48.10378093471855,6.4803996078247055,5.901990430138967,3095.0,118375.25877111466,61.03483450151349,0.5016366852706239
-49.935515772045285,6.321739653437291,5.903911213037388,3185.0,118873.72195827337,62.03864448739944,0.5043543459007576
-58.80122034548558,6.471523614816594,5.9039743409347585,3110.0,118825.97613644095,61.00054808151146,0.5010830691983152
-45.244236941238654,6.3603018046000885,5.9008561472033,3157.0,118486.08048750162,61.82775075745262,0.5040846185805578
-68.15824486354985,6.307041066801282,5.9007377526025415,3197.0,118980.1764702943,61.95946518140873,0.5037779782830817
-51.053059024804284,6.412129317918588,5.908316237634017,3123.0,118314.50449592726,61.46433477820105,0.5024147466955492
-49.723314519918134,6.304904467398707,5.90391716188069,3199.0,119078.40417140996,62.14836771018284,0.5046775298781512
-49.83136235088942,6.400932506350739,5.900057775868485,3127.0,118093.88051478889,61.520272798543026,0.5030808446572141
-45.63178764928211,6.453039122659914,5.900404322514035,3096.0,117881.87163162288,61.22910432389814,0.5023739179503273
-61.52312488622364,6.467123936222414,5.9494965906153645,3104.0,119429.9131371296,61.1570389372732,0.4989031533774061
-49.35199038143229,6.386006580186189,5.900866525701988,3131.0,117985.3867783132,61.62303250582894,0.5033478588244408
-60.448549615604435,6.420336911793475,5.90553913312115,3134.0,118827.33645923175,61.3189423373566,0.5018654624634279
-47.14747260523476,6.30180146364725,5.90017373330266,3197.0,118869.96992815433,62.1808273194351,0.5050709446218675
-51.081631221465194,6.458242572572274,5.901826592637625,3103.0,118272.1723284551,61.147547469600916,0.5018663699529349
-48.74656865928674,6.410672552422708,5.905175310044428,3121.0,118149.0294105971,61.48526365696927,0.502730544086334
-58.56460478229816,6.301946382645608,5.902089178734043,3180.0,118278.98556891982,62.07998074516252,0.504303667565028
-45.12783678370619,6.307446701631628,6.055494510412801,3193.0,121955.70544251014,62.67804221605908,0.49787041820824773
-55.23651857227828,6.300630131024518,5.900264387562003,3195.0,118775.35054220264,62.11218004950655,0.5045986298309867
-47.664055923476774,6.400932506350739,5.905624205025445,3133.0,118432.10559130114,61.55958735803114,0.5029575664783594
-59.30398953877828,6.448989066020225,5.903917711851905,3120.0,118791.81840369817,61.14016129342382,0.5014737224647793
-87.87197884703315,6.464112460556007,5.903553854525021,3097.0,118185.34799295796,60.77909455562765,0.4997934030609198
-55.79289441554518,6.304802065894908,5.957751556569949,3189.0,119786.63494270117,62.271125449307924,0.5018138951406493
-53.73760843767458,6.43176677567594,5.900956685724847,3114.0,118187.43926362171,61.289519491216396,0.5022365753235426
-56.709993261603124,6.30330291841037,5.900104872876652,3192.0,118710.95325910504,62.08126187881245,0.5044735048387673
-58.88975800904581,6.400932506350739,5.967585336571109,3144.0,120094.86087484041,61.66221967645487,0.49941463142334597
-49.35199038143229,6.3991659582954,5.900622751454934,3127.0,118072.5938905307,61.53802959105992,0.5031167980457697
-61.21723055378759,6.30330291841037,5.900426724358292,3189.0,118605.85242593868,62.04249391031781,0.5042140059693383
-58.69443975352921,6.3005831432687325,5.9073515120270015,3180.0,118358.83475856842,62.10501730537722,0.5040767300739889
-51.048967774072466,6.452171992010276,5.900479665600054,3105.0,118210.17442540263,61.18225492330764,0.5020429144431716
-61.43593805113286,6.30330291841037,5.90107664692143,3189.0,118618.91667081669,62.042749692644556,0.504172263793848
-60.62462182313555,6.304802065894908,5.9007377526025415,3190.0,118677.51759759113,62.03914193493313,0.5042033197706054
-52.31212905343257,6.451050931048773,5.900412693706028,3099.0,117959.91082124192,61.17741741145976,0.5019906592316769
-53.95048471851095,6.309891113771119,5.900035384291172,3191.0,118796.40146769644,62.06398733028865,0.5045128343150259
-49.94974805299884,6.337502438401041,5.900931004138104,3181.0,118960.38068027324,61.92783031514329,0.50420172816328
-49.35199038143229,6.304187683107252,5.900622751454934,3199.0,118998.4278383584,62.1456202282371,0.5048671833137506
-58.836300346835834,6.365071919583542,5.900288764928402,3160.0,118676.2089788529,61.66846180779894,0.5032114790845245
-58.25911010783317,6.30330291841037,5.900039417125758,3184.0,118412.11839462876,62.06721919062034,0.5043908187349679
-45.09650737530309,6.303345148167295,5.900446434695915,3195.0,118830.19854768601,62.19220996337869,0.5051624924882523
-57.94456313274431,6.467123936222414,5.905086508375729,3104.0,118538.42724693535,61.03971852573585,0.5011577978772327
-45.47353520392729,6.408873206095056,5.908316237634017,3135.0,118708.81158537573,61.53933541345676,0.5028278554980707
-54.110636298924554,6.452062890722872,5.905693536727166,3100.0,118122.10894812772,61.171930392091305,0.5016203254841151
-53.40339453751277,6.464163000941358,5.902089178734043,3088.0,117813.58134406066,61.08901679859232,0.5016066956474775
-53.73760843767458,6.467423261265275,5.900480451584384,3090.0,117917.19498292325,61.05979448843331,0.501602236155406
-54.02358462398284,6.323178404638722,5.995456828041776,3185.0,120744.44290414084,62.29449327616893,0.49982120049682704
-50.29805436486131,6.328692327267701,5.900756974356492,3183.0,118866.1919621726,61.98028891718126,0.5043508331465498
-58.216370377525934,6.304802065894908,5.90032032841126,3184.0,118445.92011849275,62.05895910963479,0.5043525021751144
-49.205846440421176,6.300706326239174,5.900581558108432,3201.0,119006.23879687647,62.16915507175218,0.5049423621356258
-58.836300346835834,6.423928343864223,5.900415645210552,3134.0,118790.65745025955,61.292757585070405,0.5021226531827485
-45.295482300789914,6.307446701631628,5.900822005083301,3189.0,118691.77461398793,62.16522420037959,0.5050564130098834
-52.53083650117416,6.5037491565382055,5.90025936602854,3086.0,118421.56801675847,60.837662751136016,0.5010150883537459
-45.74870162138509,6.303391765588274,5.9008561472033,3191.0,118690.54708181332,62.18674899175919,0.5050999953690191
-47.86943647538175,6.339120035883164,5.900264384312059,3177.0,118827.6922258825,61.935350187666685,0.5043329998944005
-49.77790642110272,6.30330291841037,5.900005008664815,3199.0,118969.27060841898,62.14514897364784,0.5048858996583642
-54.30023218066238,6.407854021854326,5.900699476579987,3128.0,118272.24768998323,61.4365433149007,0.5026565145895052
-53.73760843767458,6.4497720410005694,5.900973537989042,3100.0,117985.7958340184,61.174370223209614,0.5019042065158438
-49.83136235088942,6.400932506350739,5.900449313330961,3127.0,118101.71741742057,61.52156596527928,0.5030625940670016
-45.66344433330899,6.44420565249874,5.90017373330266,3104.0,118020.07979259964,61.284536524997804,0.502544973502484
-47.8528519471169,6.328692327267701,5.904007996624887,3181.0,118856.95199471565,62.01458684537691,0.5043518333348808
-49.935515772045285,6.322476607162098,5.905360139708107,3185.0,118916.75676844784,62.038722014015036,0.5042732661431308
-58.132251651367966,6.4155445346502,5.900447029671218,3134.0,118636.2558924894,61.35254532213018,0.5023131516432845
-46.87908154657137,6.347222768387166,5.90391716188069,3165.0,118603.5560740551,61.90528703098642,0.5040767278185044
-56.709993261603124,6.398840015471738,5.900104872876652,3140.0,118547.01726997473,61.47067014041613,0.5027142706727323
-58.836300346835834,6.303345148167295,5.903975138527667,3180.0,118343.04188099706,62.07491383062728,0.5041753734163454
-45.74870162138509,6.316662679338471,5.900527663634169,3191.0,118933.81243417143,62.10077959713195,0.5048707679877773
-59.98212111094512,6.3001329112210795,5.900407793227066,3192.0,118657.34382213069,62.07346762172902,0.5043386951343407
-53.76319021879288,6.301454183906536,5.9038414465966325,3197.0,118937.30807213258,62.13224918521643,0.5045019749963174
-50.39080714352594,6.452694588383753,5.900657172676476,3107.0,118299.4556489578,61.18571323315509,0.5020652563659949
-45.70013682559515,6.468079034516175,5.907279372372725,3090.0,118065.03706577432,61.1548701763936,0.5017724862489279
-61.47867524674757,6.3072784266701465,5.900973537989042,3187.0,118617.2178158284,62.01667878340458,0.5041018350530132
-53.14993119327064,6.477525208063759,5.900132925423319,3094.0,118247.29568307307,60.999365784589195,0.5014668434683679
-52.35203278478115,6.435149192123089,5.900752419593292,3111.0,118131.58315800334,61.2799240771793,0.5022652615452244
-49.935515772045285,6.408164271782239,5.905360139708107,3123.0,118182.18327454537,61.49051830377008,0.5026940312036664
-50.06090230967134,6.30445819700791,5.902392035833507,3195.0,118890.37140798589,62.14295007698884,0.5047359854948603
-49.13050285953659,6.396053246997621,5.903981616163045,3129.0,118157.86368025104,61.57116616213871,0.503031396223255
-58.52065850202251,6.3991659582954,5.9002149272454325,3142.0,118630.7800674519,61.45309945135648,0.5026045036215208
-48.74656865928674,6.304110990872671,5.900254167139056,3199.0,118989.54700366751,62.15073068246504,0.5049235039899498
-45.72245369711969,6.400932506350739,5.900126422378247,3143.0,118699.51549996635,61.560629216628314,0.5033393114382775
-59.95768363280679,6.3004949700718065,5.900450633769887,3192.0,118665.02444920359,62.07151443362722,0.5043313562298598
-60.072698158186896,6.316574165013085,5.90017373330266,3186.0,118738.66752355867,61.96697315944325,0.5040425972577445
-53.776415093082,6.532789252187927,5.9420525643642,3072.0,119249.44013848828,60.77836232095297,0.4984578730348895
-46.24479942088794,6.386006580186189,5.9014957565912045,3149.0,118676.33382304222,61.655438879400485,0.5035161845429671
-53.87105530096809,6.4680979112298775,5.908289093372071,3090.0,118085.56234228687,61.08006886627372,0.5012178882088796
-45.368957579222254,6.306069241338454,5.900446480459652,3191.0,118732.71937734382,62.17205948294199,0.5050944810590432
-55.2721962577037,6.458667420948276,5.900088246050091,3106.0,118359.434226412,61.10070290167235,0.5016937759198365
-47.11581731045788,6.312365911447319,5.900077376898337,3191.0,118843.84036249116,62.11324842520072,0.5048827481965577
-49.63370023418027,6.304904467398707,5.900874207843559,3201.0,119091.43854284471,62.13916287699613,0.5048248004312531
-62.31919173063091,6.467123936222414,5.90080962656596,3100.0,118299.92825507473,60.988621564150485,0.5011312176908154
-53.56889140746939,6.304802065894908,5.905043206219489,3193.0,118875.80063822783,62.11661965779799,0.5043956628612913
-52.27580114306195,6.307446701631628,5.90083215230445,3191.0,118766.4170883272,62.09776620192365,0.5046194201109606
-55.95778703031682,6.409170665951334,5.900404595418794,3130.0,118366.27115713409,61.41226733583943,0.5025519055484694
-49.91990422851717,6.400932506350739,5.900055338313261,3127.0,118093.83172537593,61.51942007457999,0.5030754869068185
-57.886940066327554,6.3011930481778995,5.9007269315496425,3186.0,118460.6397916016,62.086282033728054,0.5044180627066074
-49.54266486107492,6.35946347240643,6.0660893105956495,3167.0,122173.59142957612,62.33730096538241,0.49613388488121607
-49.35199038143229,6.429589368938202,5.900622751454934,3113.0,118102.80362696282,61.343360932257234,0.5025565257639508
-58.49199419977621,6.30330291841037,5.900039417125758,3180.0,118263.35945192193,62.06515421592829,0.5043780895751051
-55.479379693854334,6.469804374529634,5.900479665600054,3098.0,118265.99247389474,61.02889802673559,0.5014588382363652
-53.87105530096809,6.5055898365202065,5.9006629484656825,3086.0,118463.18590874829,60.8149552207167,0.5008837215225257
-56.308247287601866,6.408528671818895,5.908316237634017,3134.0,118664.566310633,61.43946989696712,0.5021754601905173
-49.35199038143229,6.38359525250761,5.900866525701988,3135.0,118091.51099524242,61.63846055859494,0.5033922851071349
-48.93558060407747,6.301724682804172,5.90017373330266,3199.0,118942.8841631079,62.163899907006694,0.5049594256918931
-53.73760843767458,6.303559756205684,5.900084510224218,3197.0,118901.33828012751,62.106580019767314,0.5046396290669074
-58.836300346835834,6.321543133122138,5.90123544234609,3180.0,118629.62775224973,61.9496240036978,0.5039681870188514
-49.205217274193835,6.300774403851583,5.900042826993168,3201.0,118996.65908185534,62.1669442916239,0.5049662384089705
-45.00136761472394,6.303391765588274,5.900544949572637,3195.0,118833.06140014475,62.19319115252733,0.5051632811262754
-51.78888689631016,6.451853513430511,5.900973537989042,3099.0,117985.80002972501,61.17899514531342,0.5019810227054032
-49.935515772045285,6.3031309353608815,5.900407494502518,3195.0,118825.37602641966,62.1460720257265,0.504860604799997
-45.26417768417657,6.3029750849091934,5.922779500196634,3195.0,119272.96553596522,62.266672965148835,0.5041183622771936
-45.63178764928211,6.467702301635328,5.900657172676476,3090.0,117925.81438856121,61.13613718278855,0.5020926543481753
-45.45750889255845,6.300534645428752,5.900446276176537,3195.0,118777.21196599958,62.20657358641169,0.5051906887746008
-48.61338617761581,6.30330291841037,5.90003976402168,3199.0,118969.97142468097,62.156479187882006,0.5049567288220483
-45.74870162138509,6.34718868876583,5.900382427268032,3161.0,118382.10714212645,61.905032123349784,0.5043151841339466
-55.27011439950373,6.467570961625148,5.900097267301066,3098.0,118217.5044504433,61.043786068986066,0.5015295796697061
-49.35199038143229,6.438175286163282,5.900643513126017,3107.0,118032.99508054026,61.2884895570454,0.502397496380808
-45.74870162138509,6.316662679338471,5.9005175164130215,3191.0,118933.6079020066,62.100746080775046,0.504871240615791
-45.368957579222254,6.300531823123815,5.900449632504187,3195.0,118777.22632366026,62.20748753671711,0.5051963622837548
-45.546133680449906,6.453039122659914,5.900660366238393,3098.0,117963.14141349617,61.230807377892674,0.5023676263896675
-46.62448871454073,6.453039122659914,5.900415143566947,3098.0,117958.23904073208,61.21924414073188,0.502308458015973
-60.246395379792716,6.303904082363117,5.907646607614188,3192.0,118874.03031353747,62.07115900717301,0.5039184189162595
-52.53083650117416,6.305358527164068,5.900450705468743,3191.0,118719.42282895492,62.107475313096536,0.5046604995094554
-52.907070071694584,6.300368760263824,6.120983537834721,3199.0,123367.68663089779,62.8665249270973,0.49447205309929176
-50.25164696379208,6.467423261265275,5.936457412079449,3095.0,118828.13863103722,61.21092307028706,0.5001333947994954
-46.81894702460179,6.400932506350739,5.90009189880476,3139.0,118547.75659009485,61.54962930684366,0.5032696419562606
-49.57280131303547,6.370993263542413,5.900622751454934,3153.0,118530.18605410779,61.71616580717493,0.503622133653402
-49.46694346009142,6.300783107107986,5.900230976132686,3201.0,119000.61819550915,62.16499344714302,0.5049410628041279
-56.709993261603124,6.451252448746459,5.90099537472921,3108.0,118317.86415680648,61.13842253751533,0.5017077753556324
-53.73760843767458,6.467423261265275,5.900053362058593,3090.0,117908.65988153598,61.05838327564006,0.501622155787717
-49.352619547659636,6.388406791733296,5.900573702284982,3131.0,118023.87507443961,61.60670223850509,0.5033172471961358
-53.40339453751277,6.464163000941358,5.902053954232007,3088.0,117812.87821596308,61.08890041901553,0.5016083384701836
-47.14747260523476,6.379694151340797,5.90017373330266,3147.0,118457.18324189883,61.682545115253696,0.5036357570673469
-58.836300346835834,6.308403290072301,5.900463394394758,3180.0,118367.55855468039,62.030954692894866,0.5042458073255609
-58.836300346835834,6.481005807735589,5.901990430138967,3106.0,118807.09119581417,60.93303345249551,0.5009993132355504
-58.836300346835834,6.301636731864305,5.900203291896348,3180.0,118235.38217118468,62.07328826883454,0.5043823586422631
-53.87105530096809,6.351689627065499,5.9006629484656825,3165.0,118621.60356876318,61.799553744666696,0.5037179339409922
-59.53556673048046,6.30049214776687,5.900450838053001,3186.0,118441.92093657149,62.07524612478051,0.5043540624184673
-53.26843547432435,6.30330291841037,5.9010396619084435,3193.0,118766.95738854315,62.11571792204626,0.504627367748962
-58.216370377525934,6.316538114498291,5.90032032841126,3180.0,118517.32241006498,61.98401610991881,0.5041365775803132
-53.73760843767458,6.303489132098515,5.900480451584384,3197.0,118907.98523910793,62.10834308134275,0.5046224908048178
-58.55009053022329,6.3001329112210795,5.900384140080085,3180.0,118210.78970505408,62.08602308078387,0.5044171814935169
-46.28952089700773,6.307439124557632,5.90107664692143,3189.0,118696.75400446003,62.156217366923954,0.5049801018820786
-47.30137109612812,6.451806849757505,5.907360645324016,3099.0,118112.65146414164,61.243349715198605,0.5019635095985273
-45.70358937450149,6.316662679338471,5.976732324597572,3191.0,120469.82944320767,62.35298902226645,0.501325822261313
-53.102364290419445,6.3033104954997015,5.900822005083301,3195.0,118837.10891911133,62.11648667416593,0.5046471395515224
-45.36007904055372,6.4683350754815425,5.900480451584384,3088.0,117857.48705224085,61.134237089261276,0.502107222808986
-58.836300346835834,6.302277819478899,5.900478722653497,3180.0,118252.93064631449,62.07011083467547,0.5043577483423665
-45.22589801529516,6.302119775609011,5.900622751454934,3195.0,118810.64810047655,62.19933388590466,0.5051683891258759
-45.66871162480183,6.453039122659914,5.900655428819212,3096.0,117886.88838634253,61.22956216807399,0.5023597802444935
-53.73823746911719,6.464163000941358,5.9004241201935805,3090.0,117856.6271587375,61.0804646533841,0.5016648413003428
-48.25289011652949,6.4248601901891425,5.9001276943658985,3117.0,118157.66359993772,61.38260500683769,0.502735778396676
-45.59449130611448,6.449555822451593,5.900838585152177,3098.0,117903.02677235882,61.253193189039486,0.502420160529827
-58.88444430748118,6.351092328978681,5.900573572733333,3180.0,119170.778422868,61.758289604178785,0.5034528250053728
-59.87719592689911,6.300774403851583,5.900029111320669,3192.0,118661.80968183042,62.069037059754635,0.5043501496847205
-46.28952089700773,6.399958186978684,5.90107664692143,3143.0,118700.56145853944,61.56435248141135,0.5032759702699565
-45.749696199135606,6.307446701631628,5.900856180170659,3191.0,118766.90069869031,62.160803205588714,0.5050252110919742
-51.23701695770675,6.46161265704577,5.901562186934825,3099.0,118176.05405374298,61.12364906839686,0.5018072347324698
-58.836300346835834,6.303333837753095,5.95204250627333,3180.0,119306.320768649,62.23469005946803,0.5019386555426322
-45.10741361351827,6.438175286163282,5.900072287106493,3112.0,118211.49710984537,61.32836324724282,0.5026972683308517
-45.067591210552855,6.3027562160414545,5.90412696102806,3195.0,118893.21192801655,62.20842381841221,0.5050038325147235
-53.253341748013156,6.301717638792566,5.900937248100223,3195.0,118809.39889192717,62.12565247832498,0.5046622418836256
-45.546133680449906,6.386295321000502,5.900660366238393,3151.0,118740.26637601,61.65779437474684,0.5035953833899314
-58.836300346835834,6.30330291841037,5.928153654917666,3180.0,118826.89538357186,62.15551585636692,0.5030508402525782
-49.352619547659636,6.418116952924871,5.90040929565551,3121.0,118190.76233741306,61.41605944655803,0.5027776775727872
-45.17765849492812,6.304495705466336,5.900544949572637,3193.0,118779.47322031224,62.18436332012723,0.5051313929594665
-45.501630869225856,6.30942738120783,5.948357675960614,3191.0,119760.56196341044,62.30753277984782,0.502793087429915
-49.83136235088942,6.420598022461086,5.90009189880476,3117.0,118078.56298361668,61.39455374611084,0.5027170484033068
-52.31212905343257,6.451050931048773,5.900422765336619,3099.0,117960.1121713352,61.177450678913786,0.5019901895486437
-45.327843786974,6.436364310214781,5.9004164958028875,3112.0,118185.1402236515,61.33886607982364,0.5026999466653327
-58.7129257772732,6.399610957829096,5.900622751454934,3144.0,118722.75341730464,61.449941614557275,0.5025670163193342
-58.266013177801845,6.302277819478899,5.9001215817408195,3184.0,118394.50991983921,62.07397606154722,0.5044054742602965
-45.368957579222254,6.303435831276126,5.943789629488748,3195.0,119704.8173944574,62.332094187145934,0.5031248720681485
-58.73997031553567,6.4019766039586345,5.941630101834388,3144.0,119592.02817775044,61.570673188674796,0.5006119408514131
-49.640037082997935,6.410672552422708,5.902483578862616,3123.0,118170.85181524826,61.46778929891191,0.502800208343493
-56.35821483091726,6.467423261265275,5.9006347311210465,3096.0,118149.24957120916,61.03687425823374,0.5014463759473631
-58.25911010783317,6.30330291841037,5.913955768641511,3184.0,118691.41562415597,62.11343808820454,0.5037430306319469
-52.23701541624638,6.304869358035722,5.90030138770897,3191.0,118707.2084873313,62.112850419428916,0.5046939621839408
-49.30448161963929,6.388406791733296,5.900478852205146,3131.0,118021.97787349981,61.60685102343701,0.5033246650020406
-49.83136235088942,6.308551187855996,5.9245940602157505,3193.0,119340.30643337072,62.19239616825927,0.5036406510113777
-46.19066749914555,6.44420565249874,5.90017373330266,3104.0,118020.07979259964,61.27927182483192,0.5025104126355394
-45.74870162138509,6.30034476614953,5.900792904255838,3191.0,118631.90174225964,62.206028830581296,0.505159087535483
-47.14747260523476,6.30181277406155,6.04720603230484,3197.0,121832.42762896896,62.66686933162566,0.4982284590955781
-46.41659827191528,6.303305274986448,5.900448654022409,3197.0,118903.87621481858,62.17932491752079,0.5050773310433553
-49.8794082667158,6.443168782943857,5.900565466401597,3105.0,118046.9432620637,61.25123114037831,0.5022764261999861
-45.48848388640961,6.46659701265033,5.9019387112351955,3090.0,117931.26904825927,61.14887049300397,0.5020626761741597
-49.35199038143229,6.452750381847119,5.900866525701988,3105.0,118228.52214718716,61.19596111811362,0.5021188428469561
-64.44028940720042,6.302605663010288,5.9007269315496425,3199.0,118970.66596394406,62.01994424089733,0.5040460809925263
-45.077486444220206,6.303345148167295,5.900446434695915,3195.0,118830.19854768601,62.19240061613747,0.5051637385720263
-58.836300346835834,6.387744130008487,5.9005721540928,3144.0,118501.58912329713,61.52454118302639,0.5027811282185648
-59.90580469224838,6.461101435496493,5.902089178734043,3112.0,118672.99824433697,61.051550946138846,0.501304781268116
-46.28952089700773,6.466345388908551,5.946760841232592,3086.0,118668.45625477852,61.2902521054025,0.49992535560100015
-53.73760843767458,6.6380542140601015,5.900480451584384,3020.0,118286.4815623893,59.96812056806172,0.4984694751673263
-58.49199419977621,6.300774055391124,5.900030343424893,3180.0,118215.73080211281,62.081269522217475,0.5044250280189548
-46.62448871454073,6.451879153896317,5.900445128223711,3098.0,117937.6347387935,61.226764194948494,0.5023283893320464
-50.21777930308643,6.302309994564402,5.900203291896348,3197.0,118880.157834207,62.147951716252166,0.504867896739423
-60.93641825366709,6.304802065894908,5.900085592066806,3190.0,118664.40113712446,62.03424742310452,0.5042171625837848
-59.63218442408297,6.458265820121609,5.900480451584384,3120.0,118893.438215021,61.06665890677536,0.5014461259903228
-56.87905700576537,6.492644240414113,5.9004749829839716,3096.0,118606.78449367726,60.87043488906761,0.500961097839766
-49.83136235088942,6.400932506350739,5.900117829691697,3127.0,118095.08253505587,61.52047114366306,0.5030780453860334
-45.524879659750994,6.416649170228533,5.900480451584384,3129.0,118468.04835700137,61.463225210765174,0.5030465854761077
-45.3948015249446,6.306367216798558,5.90011949065589,3191.0,118731.74953823323,62.1688151695468,0.5051025324941095
-52.72104071114695,6.302287101445669,5.900108617150705,3195.0,118803.45009981649,62.12420806311829,0.5047217596528881
-53.40339453751277,6.464163000941358,5.901993606021258,3088.0,117811.67358509074,61.08870103229125,0.5016111530295778
-53.422800672779736,6.302277819478899,5.90044482108296,3195.0,118810.04485450005,62.11887312990799,0.504664898299952
-45.368957579222254,6.300531823123815,5.902058866004135,3195.0,118809.62051453312,62.21280345931185,0.5051214182300294
-49.35199038143229,6.387472520445433,5.900866525701988,3131.0,118012.47092335894,61.61365312805301,0.5033208510149012
-49.35168572285926,6.388419150961953,5.900883504687957,3131.0,118030.30011858375,61.60765537694276,0.5033026386216772
-45.34079495962381,6.441693216882801,5.90064370378182,3106.0,118059.48403700138,61.305395236575144,0.5025905236100571
-45.06363088633013,6.410831964174807,5.900262064886279,3130.0,118394.09245127854,61.50434904389462,0.5031941764222574
-45.66688984479267,6.389988439752006,5.9007874008293335,3147.0,118660.66643188104,61.633380219375624,0.5035135744247392
-52.23701541624638,6.304869358035722,5.900446121570231,3191.0,118710.12036445671,62.11332954042334,0.5046872211057352
-45.00136761472394,6.38821405574319,5.900537640128073,3143.0,118471.91980826616,61.65057671643039,0.5036016145430203
-58.31471992569326,6.492058220205265,5.9166853666809835,3094.0,118845.0754052746,60.91547603577069,0.5001384849539112
-58.836300346835834,6.301642882355144,5.900203291896348,3180.0,118235.4975706699,62.0732490057773,0.5043822455323607
-50.29587615975104,6.301249959134569,5.9000434457360775,3199.0,118931.29761975592,62.15345744943102,0.5048900940867429
-45.64064730888686,6.467423261265275,5.900176881603317,3090.0,117911.12833785219,61.136250172068145,0.5021195898313217
-45.368957579222254,6.300531823123815,5.900444685540993,3195.0,118777.12674030584,62.20747119504711,0.5051965926720474
-49.35559957157829,6.393889734118743,5.900581347182786,3127.0,117974.41314889143,61.5716175124428,0.5032156965841369
-53.40339453751277,6.508541630634749,5.901993606021258,3080.0,118313.18295267073,60.80471174071801,0.500794588061694
-61.61182437712672,6.4026366539006165,5.900203291896348,3140.0,118619.33368718441,61.40440885709937,0.502379477472746
-50.640468779983735,6.304892151655115,5.900477445041122,3193.0,118785.58347208513,62.12832469182826,0.5047816636277193
-58.85214649925443,6.300774055391124,5.900030343424893,3180.0,118215.73080211281,62.07808055391184,0.5044054126028211
-45.525615578871815,6.303345148167295,5.900401426330193,3191.0,118680.5230489469,62.187769348747985,0.5051365515971251
-45.295482300789914,6.464692093642297,5.902053058983188,3092.0,117975.1231686911,61.163373858487816,0.5021051154247611
-45.368957579222254,6.350267138807083,5.900875568230229,3159.0,118374.47829093439,61.8907589319435,0.5042603239709003
-57.92862882135719,6.300165035612776,5.963354577463047,3186.0,119698.39596040656,62.30044227160493,0.5015199866364601
-49.97748032361749,6.453039122659914,5.952076682546171,3105.0,119259.89436844875,61.357155915834035,0.4996872280055642
-58.81689421158243,6.480755419448928,5.90202753718674,3104.0,118726.74892460475,60.934923134199565,0.5010032119212056
-53.40339453751277,6.585637330113296,5.900444745300149,3050.0,118517.47699570448,60.306304415392525,0.49945090547956866
-45.295482300789914,6.300693241490848,5.900822005083301,3195.0,118787.7654987069,62.208419909289574,0.5051808449050248
-45.62660827222958,6.384210484015876,5.973201566924071,3151.0,120160.78878616134,61.90977761108144,0.5002497025236191
-53.94802577611594,6.310409551918545,5.900622560799131,3191.0,118817.98579905587,62.062641089539234,0.5044760767258425
-47.97032513863989,6.458508009196178,5.900227463647428,3101.0,118168.77228947317,61.17039245495116,0.5021299570384764
-49.43513060772881,6.300662037333503,5.900579205711487,3201.0,119005.35483445841,62.16722496130615,0.5049290478436435
-49.46661952724271,6.303345148167295,5.900301700834654,3201.0,119050.43355387262,62.1488453680945,0.504890557820232
-51.80160442418387,6.464163000941358,5.902089178734043,3091.0,117928.03754355294,61.10378923456521,0.5017016297044794
-49.35199038143229,6.302289541350659,5.900873835146554,3201.0,119042.0384748925,62.15858997321449,0.5048904806624659
-53.84344292562307,6.323643892916315,5.900017985270979,3183.0,118756.49722618565,61.97699522121043,0.5042664362436831
-45.74870162138509,6.3033856150987555,5.9008561472033,3191.0,118690.43127035929,62.186788330883566,0.5051001087023765
-45.53700212606081,6.522533394399074,5.900446480459652,3076.0,118382.50293199805,60.78569308035573,0.5011021665170539
-50.66821809171153,6.388411781793618,5.976978963828349,3141.0,119934.06829548045,61.846663700899626,0.4996764120197045
-58.836300346835834,6.30330291841037,6.020090099244813,3180.0,120669.715743489,62.460992080034934,0.49877411878135225
-47.14154178578928,6.300255504045503,5.900559951902844,3199.0,118922.93796925042,62.19204982019814,0.5050818292946702
-58.25911010783317,6.31100977109237,5.90003555522918,3180.0,118407.87888352314,62.017995475833494,0.5042492131078873
-48.896903566867046,6.303631871995829,5.900866525701988,3199.0,118992.8520818829,62.15436647694344,0.5048944148145776
-72.44292518829211,6.363526111575489,5.900728338713667,3155.0,118468.47960556488,61.562925383400675,0.5025414499645464
-58.47614804735761,6.302277819478899,5.900478722653497,3180.0,118252.93064631449,62.07329865772218,0.504377361118767
-61.75872955930384,6.30042790213474,5.9416677012846435,3191.0,119455.2412645035,62.19341559276076,0.5023199679185032
-58.681171212478375,6.302119775609011,5.9003137166814925,3180.0,118246.65834470182,62.071943795978406,0.5043767718394727
-53.26804124480042,6.458667420948276,5.988037548694539,3094.0,119659.65493843502,61.409460301379845,0.497709255707614
-48.5766493715182,6.3075798669127785,5.900822900356823,3197.0,118992.05778325387,62.13206959373262,0.5048437156230213
-49.35199038143229,6.304855545637985,5.900440589976151,3199.0,119007.36041576411,62.140746555470855,0.5048633560484224
-45.18448409649671,6.303375073678161,5.922493102042939,3193.0,119200.10339128047,62.26396467579968,0.504129541353182
-46.22850736012837,6.453039122659914,5.900342056436659,3098.0,117956.77791825586,61.22293751066351,0.5023376721879494
-45.368957579222254,6.469210670893575,5.900446591839582,3088.0,117872.76458573579,61.128435254119864,0.5020921276010697
-45.32863290154572,6.307492205180333,5.900822005083301,3189.0,118692.63088708899,62.164601579416,0.5050534080952964
-45.59500538001558,6.305707909026809,5.900866804142296,3191.0,118734.3736440873,62.17350179709504,0.5050668210242173
-53.73823746911719,6.303677950565911,5.900271581599984,3197.0,118907.33775249006,62.10643841830859,0.5046287019437724
-58.598994136057605,6.303257414890471,5.900039417125758,3180.0,118262.50570917789,62.064497060682584,0.5043730916802865
-45.75263946043936,6.317308840426183,5.900009065065622,3191.0,118935.52454623973,62.09489432061868,0.5048827615128841
-49.35199038143229,6.404811129587978,5.900866525701988,3123.0,118030.46087264533,61.502714053181776,0.5030014534315428
-65.16410828597954,6.301765592096984,5.900395983206898,3191.0,118650.67342602505,62.0179159313884,0.5040401047636965
-49.35168572285926,6.3006830144930195,5.900890408862446,3201.0,119012.02754238351,62.16892204626502,0.5049193440099048
-58.70020766774341,6.460576447728708,5.900323642843174,3106.0,118399.1420306469,61.05931334402169,0.5014599579477833
-45.632119667327714,6.467423261265275,5.900131380575821,3090.0,117910.21902994496,61.13618574478834,0.5021222736825989
-45.403674263920614,6.303345148167295,5.900401426330193,3191.0,118680.5230489469,62.18898722445731,0.5051445044689883
-45.371861477476926,6.415110684029209,5.929640857704559,3130.0,119063.01657058307,61.57079586052217,0.5017261326884374
-45.47997422361603,6.467423261265275,5.90010492027644,3090.0,117909.69023838178,61.137626237728995,0.502133552636521
-49.35559957157829,6.516261751065052,5.918541443313835,3083.0,118901.33720149809,60.847802269365864,0.500126288167742
-53.19403662890969,6.444431019888833,5.900622751454934,3102.0,117957.13683061999,61.212348513891,0.502050642094011
-45.730533783674694,6.435872636817002,5.900030343424893,3112.0,118168.37804140236,61.336701457604136,0.5027004729100782
-45.3948015249446,6.387630817166703,5.985967531545711,3149.0,120405.6384757661,61.93234385190946,0.49960763910052014
-45.37186838027737,6.3991659582954,5.900622751454934,3137.0,118450.18453296923,61.57707538038311,0.5033716938542975
-47.095790040385324,6.302298437831024,5.9008228180258655,3195.0,118818.04483733882,62.180301694032956,0.5050348565014648
-45.210570739097214,6.390724707250314,5.900573702284982,3143.0,118519.20516533087,61.63253294020357,0.5035399380899457
-45.57726075911259,6.301798816414169,5.900838585152177,3191.0,118660.19927913588,62.198588532970525,0.5051413201448384
-45.16212851818144,6.383081809455823,5.976043264514114,3151.0,120196.7006939135,61.93101486194723,0.5001688209187989
-52.31595568422425,6.454193240274395,5.900133710752489,3095.0,117859.4666336635,61.1563527182664,0.5019455888371642
-45.177790032877766,6.300531823123815,5.900449632504187,3197.0,118851.57826502093,62.20940023609578,0.5052088562976496
-45.74870162138509,6.3028880942988055,5.900186061571553,3191.0,118667.58602887207,62.18775685106322,0.505140484331133
-58.79850477793102,6.3001329112210795,5.900095756041861,3180.0,118205.01209734459,62.08286525404949,0.5044170743439111
-49.35199038143229,6.302286497569555,5.900831607434308,3201.0,119041.12909605162,62.15846979799734,0.5048925036000993
-53.46771286257898,6.458247360424923,5.9803673169159355,3096.0,119575.85269466045,61.384995156597924,0.4980627262370015
-48.74656865928674,6.410672552422708,5.900659136226879,3121.0,118058.67111889906,61.47035465281658,0.5029410577809611
-57.84845547278137,6.303575093365182,5.9006773837593105,3186.0,118504.42648693144,62.07124884460241,0.5043786568407536
-45.337301664502846,6.464163000941358,5.902089178734043,3090.0,117889.88547705552,61.16645652940318,0.5021103838121482
-45.02063892065657,6.438853713929601,5.917505123797166,3112.0,118573.26791315505,61.382380712673125,0.5018780476205821
-53.40339453751277,6.467875557384443,5.926913462013956,3086.0,118300.38646428421,61.147275996001284,0.5003806750869969
-45.71134387994743,6.41510327490443,5.931052296033753,3133.0,119205.36465379948,61.57210706511079,0.5016381644756166
-55.36890280526178,6.390763224960922,5.900377235911244,3140.0,118402.8494973466,61.53515894681793,0.5029253794559853
-53.384358082259425,6.308621328488308,5.901983841822363,3191.0,118811.71923342034,62.08377396890863,0.504478566079785
-45.20981320116455,6.303391765588274,5.900901854356932,3193.0,118765.85783344571,62.19228113088039,0.5051330067457327
-55.92436658445724,6.301636731864305,5.9358192359837725,3191.0,119360.55651100194,62.21743504779866,0.5028856643435762
-45.628883751029505,6.301495255442074,5.900293544067977,3191.0,118643.5236297486,62.19821468706911,0.5051689366029984
-53.60020364497068,6.307446701631628,5.90085118035671,3191.0,118766.80006712285,62.08553955094452,0.5045403221954675
-45.295482300789914,6.30033159390188,5.900810697001134,3195.0,118780.71968432158,62.210695650158534,0.5051880350401909
-47.18332175509695,6.316225454280552,5.900479665600054,3187.0,118775.5376621169,62.08922738161635,0.5047885650327852
-58.803799384702984,6.314815548063279,6.057574919276707,3180.0,121642.84914250532,62.51228579402581,0.4968209653936893
-49.30448161963929,6.305593016975188,5.9000340274803555,3197.0,118938.67312341683,62.13514256069224,0.5048716483943484
-50.88202832333873,6.300531823123815,5.900093814071004,3197.0,118844.41108540013,62.152647561441995,0.5048652018768347
-45.74870162138509,6.303561609327835,5.900855334260736,3191.0,118693.72882485352,62.18565996881141,0.5050969035689297
-49.42152725110311,6.300769141355953,5.900444685540993,3201.0,119004.66468358507,62.16622585821207,0.5049341824909163
-48.155455434101874,6.451839724110153,5.900404884869195,3105.0,118202.58886917391,61.21183851517189,0.5022325520010579
-57.340653152821936,6.3004644982245726,5.9003137166814925,3192.0,118661.6969842828,62.094435237686255,0.5044808949673223
-50.38388302796334,6.438175286163282,5.900643513126017,3113.0,118260.93134397226,61.27864356420176,0.5023336026290868
-54.09989562066888,6.467423261265275,5.900480451584384,3090.0,117917.19498292325,61.056508619810295,0.5015812567349924
-59.55576688029706,6.301637734313083,5.90087339404423,3186.0,118471.94029476795,62.06916159092309,0.5043122503707343
-50.06229329374682,6.464163000941358,5.901675696279162,3097.0,118148.6722252337,61.11880880711764,0.5018269518635348
-58.49199419977621,6.306384142561738,5.900069498521096,3180.0,118321.77302704428,62.04558146560703,0.5043200114945908
-45.208911330059934,6.32063775039688,5.900479665600054,3183.0,118709.33095665347,62.08058584786254,0.5048350008901711
-60.042238575180676,6.467423261265275,5.900053362058593,3104.0,118442.87387452675,61.00322852240406,0.5012763686022093
-45.546133680449906,6.38614394309515,5.900114391427524,3151.0,118726.46530059211,61.65696114581746,0.503623611018969
-58.89063109280062,6.3011930481778995,5.900082509566422,3180.0,118224.63727959995,62.07523890017555,0.5043931889759844
-45.74870162138509,6.41702685989541,5.900792904255838,3131.0,118557.02628339887,61.45960090499872,0.5030103836126691
-45.36973185351425,6.300531823123815,5.924240321343009,3195.0,119256.13762849335,62.28607441213719,0.5040884783440615
-45.179494435702416,6.4683350754815425,5.900157348911182,3090.0,117927.36171824118,61.13499120463158,0.5021342552023025
-45.628883751029505,6.310135566519538,5.900293544067977,3191.0,118806.2019957447,62.14295009730054,0.5050097320784527
-45.368957579222254,6.452384638594477,5.900671521109778,3098.0,117951.40026406158,61.23681009760941,0.5023908321121037
-53.40339453751277,6.464163000941358,5.93881868472862,3088.0,118546.75133034463,61.21037792663394,0.49989398032432236
-45.74870162138509,6.3033856150987555,5.950164964020765,3191.0,119682.23391517883,62.349704641322525,0.5028042552340385
-58.49199419977621,6.301687961056381,5.921286258365143,3180.0,118658.83268402009,62.14604172494924,0.503418853987143
-55.671284374506314,6.4518618560037,5.900053362058593,3110.0,118386.28392101241,61.14057479192757,0.5017982162102184
-53.73760843767458,6.463354654992842,5.900133710752489,3092.0,117912.35846838832,61.084683197081674,0.5016933026074045
-58.14089093415284,6.302199596756834,5.9001215817408195,3186.0,118467.40791649683,62.075586540636586,0.5044137698738143
-45.30467708736092,6.301774275062991,5.970422486997931,3195.0,120209.49421322864,62.43137083056399,0.5019201496256886
-45.52318852556899,6.300899364523387,5.900559389342648,3191.0,118637.64942309333,62.20395871550676,0.5051744189481208
-46.62448871454073,6.464201611812023,5.90016321698672,3090.0,117852.11974354666,61.14699980212739,0.502114983710659
-45.368957579222254,6.300531823123815,5.9003502000284405,3195.0,118775.22472811902,62.20715907413442,0.5052009930215527
-45.76642391160969,6.3011930481778995,5.900082509566422,3191.0,118633.59042742246,62.19807981709918,0.5051753895069868
-53.42301267987925,6.303345148167295,5.919801322118143,3191.0,119070.73205556377,62.17616235695826,0.503743810800705
-50.03654714400413,6.38375162573434,5.900866525701988,3143.0,118395.76110764113,61.63091592470302,0.5033470186388671
-49.352619547659636,6.308190356608619,5.90081250968634,3197.0,119003.36507751912,62.120642289424744,0.5047845173642418
-45.63755936501389,6.302933968648187,5.900449930789295,3191.0,118673.75684036328,62.18944273553605,0.5051345784287823
-53.91970613012482,6.444347977956702,5.900175383688981,3108.0,118174.81050717231,61.204782668951005,0.5020307416683069
-57.340653152821936,6.465483093339668,5.9342749315776855,3104.0,119094.12996513469,61.15210190900868,0.49985988560240796
-45.53494006638959,6.388406791733296,6.020633518182956,3149.0,121117.64432694785,62.04046682344576,0.4979708232487019
-58.836300346835834,6.301642882355144,5.900462527929024,3180.0,118240.69245969241,62.074110315111035,0.5043701789888465
-47.3358756045815,6.300693241490848,5.900822619503699,3201.0,119010.85350661642,62.18821024128626,0.5050491275110317
-53.40339453751277,6.457674121129155,5.902089178734043,3096.0,118000.22743113205,61.130539246241355,0.5017261567347359
-51.41082308116656,6.468511338439084,5.90010492027644,3089.0,117891.36243052132,61.07306298215792,0.5017377081869561
-58.85214649925443,6.300774055391124,6.005105287268992,3180.0,120321.06086865456,62.42721335633707,0.49951666808260686
-59.07624461737822,6.464163000941358,5.902053954232007,3108.0,118575.9149919732,61.03890341621282,0.5012934660974225
-45.35837463781375,6.3004638734221565,5.900448765615744,3195.0,118775.92788974544,62.20802507350823,0.5051983455904117
-53.14993119327064,6.466903349099188,5.900479665600054,3088.0,117831.38432282888,61.068481539010264,0.5016461648789815
-45.546133680449906,6.303937287812912,5.900438477632801,3191.0,118692.41728030313,62.18389958959965,0.5051225783223999
-49.35199038143229,6.377918902597627,6.096106540530137,3147.0,122356.84896244171,62.32019995330277,0.49440918866174827
-58.96644176461142,6.3004644982245726,5.9003137166814925,3180.0,118215.60037907872,62.079987698957275,0.5043917102150567
-58.836300346835834,6.3007289767000305,5.900203291896348,3180.0,118218.35028195768,62.079083096777005,0.5043990525324911
-45.93422079838416,6.467415177378527,5.900657172676476,3086.0,117767.93124416239,61.134944780263346,0.5020780209389817
-53.83562188345138,6.307729940376337,6.020531173251646,3191.0,121181.04820051674,62.47810130229001,0.49895082975382193
-58.89063109280062,6.321265932999944,5.900082509566422,3180.0,118601.25001136311,61.94708597586702,0.5040240195066251
-45.56806597259896,6.30004408047201,5.900810697001134,3191.0,118626.59769769465,62.209811463104025,0.5051755512299961
-45.29790935409783,6.342183365697765,5.900383394762271,3167.0,118513.29959322434,61.941556601659244,0.5044367867146372
-47.34624237029007,6.422214271474058,5.902075861193262,3117.0,118148.00179300185,61.41482108999841,0.5027514926932842
-46.22850736012837,6.453039122659914,5.900438336867871,3098.0,117958.70270996007,61.22325496443842,0.502333183466286
-58.58948809806088,6.300531823123815,5.900446480459652,3180.0,118219.52361006434,62.083334361765225,0.5044047936464474
-56.74511856502041,6.300149824810142,5.9000170498880475,3194.0,118724.14647803354,62.100796238342205,0.5045336776957363
-49.35199038143229,6.387316147218702,5.900866525701988,3131.0,118009.58183212392,61.61465363730121,0.5033237319391601
-45.295482300789914,6.381897634495949,5.900571889599775,3151.0,118656.72106667621,61.68814519377451,0.5036969063889962
-45.17201970094618,6.453342585322936,5.960942414641427,3098.0,119173.87494542995,61.43139993672443,0.4995776464542788
-45.51431246446401,6.467280935807314,5.900051711828534,3090.0,117906.0321446147,61.13801626524162,0.502136379436733
-53.14993119327064,6.30074750067543,5.900479665600054,3199.0,118930.60658610455,62.131296494914935,0.504707518243074
-49.17605583957729,6.303345148167295,5.900401426330193,3201.0,119052.44571597587,62.1519699114688,0.5049039595173922
-45.368957579222254,6.300531823123815,5.900185449518539,3195.0,118771.90826754055,62.20661484207693,0.5052086657405933
-49.17917471101359,6.301798816414169,5.900539431834286,3201.0,119026.02371717073,62.16228572867615,0.5049258437384617
-53.73760843767458,6.395020319515703,5.900133710752489,3141.0,118514.56287487045,61.52188492621532,0.5029518821757347
-45.368957579222254,6.302740899650817,5.900449632504187,3195.0,118818.87169423849,62.19335825442843,0.5051556591034894
-57.85912444020474,6.3011930481778995,5.900017304865254,3186.0,118446.39360939033,62.08417338383124,0.504452629214739
-53.16345026707067,6.301636731864305,5.900203291896348,3195.0,118793.0962380299,62.12457140641633,0.5047032047784946
-57.33767050313427,6.3011930481778995,5.9007269315496425,3192.0,118683.72950872326,62.091180520890276,0.5044484138980407
-47.39621047654548,6.386006580186189,5.900866525701988,3143.0,118437.58244785639,61.64200391069063,0.5034712821046217
-58.53404069543521,6.3011713660992115,5.900024634021645,3180.0,118223.0707805034,62.07834131410544,0.5044156908927709
-45.52318852556899,6.300533797487207,5.900560027864644,3191.0,118630.77911400542,62.206298992130485,0.5051811252077538
-45.34387682775751,6.495441915145811,5.900481362541774,3088.0,118351.41047400907,60.961019413319896,0.5016104578227469
-45.12417680792955,6.300794892687892,6.005444719401598,3197.0,120971.52410599121,62.55518618571098,0.5003206666905512
-49.33052960359773,6.453039122659914,5.9006602309266025,3105.0,118229.67904764628,61.19363895112465,0.5021244902180979
-45.66871162480183,6.45690950211471,5.900655428819212,3096.0,117957.59413941912,61.20480277141163,0.5022886400582289
-58.934950096461584,6.300531823123815,5.900444685540993,3180.0,118219.48764762835,62.08027145171085,0.5043860849284566
-50.46254621132001,6.388406791733296,5.9008861471971725,3141.0,118407.0972407379,61.59714951001284,0.5032341661284309
-45.721513418042676,6.306228890091236,5.902111365373594,3191.0,118769.22806869163,62.17301970687468,0.5049910248428037
-53.73823746911719,6.464163000941358,5.921213265824628,3090.0,118271.87503510652,61.149164054509065,0.5006953501470471
-47.51456967441484,6.38557870598884,5.9000697251835605,3145.0,118489.00594508705,61.64095129084959,0.5035087304182128
-46.1262948651086,6.462033195570776,5.9003215622319605,3090.0,117815.74804102648,61.16634985385841,0.5021799800571989
-58.58948809806088,6.300555291260107,5.900083135712997,3180.0,118212.68406229951,62.08197751344568,0.504421274924897
-45.6288044721734,6.300899364523387,5.900278812106058,3191.0,118632.00808951216,62.20197813352859,0.5051806079944966
-45.704946091580936,6.30281799774796,5.90030076229303,3191.0,118668.57318093051,62.18902002458259,0.5051392786491948
-49.592720017646776,6.354586560055923,5.900608534989692,3167.0,118749.60300245395,61.82089075571044,0.503923918405332
-50.25253039253547,6.301294439439907,5.900339775325293,3199.0,118938.11051638576,62.15456631454703,0.5048781297981885
-58.266013177801845,6.452703577400915,5.902034452980111,3114.0,118593.8214725351,61.119058811372106,0.501548176975402
-53.41696137327528,6.301352540151163,6.007773756205293,3197.0,121029.15004055877,62.4804069781153,0.49968642833031685
-45.81908879800715,6.503328236001003,5.936412601412141,3086.0,119139.4728874004,61.02418904672526,0.4997589236252851
-50.34020262440839,6.464163000941358,5.902053954232007,3097.0,118156.24476516763,61.11741508725909,0.5017921652736895
-45.47997422361603,6.467423261265275,5.900098894682316,3090.0,117909.5698208729,61.1376063768721,0.502133833565769
-45.38033301882773,6.302333567514057,5.900448675479264,3195.0,118811.17342401952,62.19584669719726,0.5051624662482966
-65.91627841264197,6.300041971104155,5.9003137166814925,3201.0,118988.28920893761,62.02208603749065,0.504037475426308
-49.353257544524496,6.3014627181777145,5.900503579594908,3201.0,119018.95244425797,62.16264124527237,0.5049228896829039
-49.35199038143229,6.403098583709344,5.900715984817199,3123.0,117995.89103408855,61.51317470339424,0.5030400140764117
-50.35585729130005,6.494775233997237,5.902053954232007,3095.0,118639.13037089235,60.92137579410094,0.5012280976775549
-48.33059322255938,6.300897390159996,5.900349561506444,3201.0,119005.16838716155,62.1756314583099,0.5050044043490072
-58.29246489986932,6.300135866694669,5.9001206724573025,3184.0,118354.25298253776,62.087414248721934,0.5044434719479838
-46.283604106421386,6.49610189160285,5.900449148290169,3088.0,118362.78948141182,60.94726394668212,0.501537827376852
-45.572248296427006,6.393889734118743,5.900581482494577,3145.0,118653.5138668664,61.60868787395635,0.5034575625617039
-45.10337453402777,6.3012627221788895,5.900448765615744,3195.0,118790.98773362847,62.205468053565895,0.505200301366472
-45.84263962612531,6.30605360347546,5.900203291896348,3191.0,118727.53135225145,62.166631605733365,0.5050752498017295
-49.35199038143229,6.3903053243856816,5.900554080789797,3131.0,118058.55730075795,61.59449620253319,0.5032832245733208
-53.43957595984227,6.4613329458686035,5.900770717758865,3092.0,117888.20240452609,61.102439810157875,0.5017181716401982
-53.73614966226619,6.464163000941358,5.901993606021258,3090.0,117887.97648249041,61.08566994412629,0.5015917640500671
-58.89063109280062,6.35401344699508,5.9004917488584425,3180.0,119223.93645329359,61.73930492683489,0.5034025620202607
-45.63510732456791,6.307093858300726,5.900076905207759,3191.0,118744.57315016996,62.16162781510667,0.5050754613767678
-45.76642391160969,6.301031315440823,5.900445868621369,3191.0,118637.85137065013,62.20031466793351,0.5051614471298531
-50.18391640127514,6.30075767192821,5.900574121304923,3199.0,118932.70243583417,62.159428299038304,0.504881320439534
-49.30448161963929,6.387528231867845,5.944149875986257,3131.0,118879.13913624627,61.756731244784376,0.5013059547769524
-58.595574914257774,6.304911189582952,5.900242605695109,3180.0,118297.6078903657,62.05464390468228,0.5043334012372865
-45.74593682058484,6.342183365697765,5.900160689019421,3165.0,118433.98659170757,61.93634667569627,0.504417889149837
-53.40339453751277,6.315396525676578,6.030021604152617,3183.0,121214.9343462779,62.4644068429987,0.49839295498909975
-45.379791919387536,6.465369055410642,5.902114310665264,3090.0,117912.38292732497,61.15839699488426,0.5020842396976157
-54.81650119126943,6.300531823123815,5.90014948710537,3193.0,118696.83617779125,62.116253963214874,0.504629873166478
-53.35443988014843,6.300774667135803,5.909266044440554,3197.0,119033.75327998334,62.15833176266446,0.50428580835215
-53.14993119327064,6.52890483580043,5.900485702600681,3072.0,118344.83600572686,60.671744603240334,0.5005054666026248
-45.92284537208874,6.469191327350421,5.900653182738203,3086.0,117800.19426442857,61.12368323089693,0.5020463164990009
-46.2071027167827,6.300467050501804,5.900810697001134,3201.0,119006.34064002123,62.20074985783872,0.5051262972563038
-56.76989162067027,6.36984157741502,5.910762204874163,3158.0,118900.65431825984,61.69086709061989,0.5027484953912679
-49.35199038143229,6.357895391889498,5.900866525701988,3165.0,118741.59647091308,61.80288335652547,0.5038658544395433
-53.40339453751277,6.464163000941358,5.902055497231854,3088.0,117812.90901630046,61.088905516991325,0.5016082665067656
-45.63178764928211,6.390477094492756,5.900404322514035,3147.0,118662.03661849293,61.629340595907216,0.5035247292896408
-50.556859362312665,6.464163000941358,5.902087635734197,3095.0,118080.61493938587,61.11547299742887,0.5017772807217808
-52.578657054863484,6.45096881990111,5.900478852205146,3100.0,117997.79580399,61.17569725098898,0.5019732515590698
-47.717067328979056,6.300899364523387,5.900028698654529,3199.0,118924.38316259258,62.180535870440735,0.5050580705302842
-53.40339453751277,6.464163000941358,5.900374924572884,3088.0,117779.36254187993,61.083353025021076,0.5016866467187582
-45.1476064389438,6.300531823123815,5.900446492216427,3197.0,118851.51501083188,62.20969217763264,0.5052109778110279
-58.657560864271865,6.449555822451593,5.900838585152177,3116.0,118588.0669537347,61.13185493091525,0.501640952738619
-62.0500428504317,6.301117894588884,5.900653182738203,3195.0,118792.37279364897,62.04992466942898,0.5041999168579187
-45.57531832416615,6.395301464311698,5.900581347182786,3145.0,118679.7090866247,61.59962518669094,0.5034313848784737
-55.8481280499272,6.300135866694669,5.90036789159019,3191.0,118619.42394317855,62.110134153929316,0.5045681050709161
-46.13541494120562,6.462033195570776,5.900319493541002,3090.0,117815.7067340621,61.16625207107654,0.5021794792475408
-49.11220803371232,6.388406791733296,5.900478852205146,3129.0,117946.588555152,61.608699097088625,0.5033366570364037
-57.2186023941191,6.4315381755770415,5.901891473662526,3120.0,118429.70980143633,61.26302721068773,0.5020010122943195
-45.10337453402777,6.3012627221788895,5.960068173181838,3195.0,119991.27750720318,62.40243456458549,0.5024246477586771
-45.366223376346596,6.300531823123815,5.900442591112594,3195.0,118777.08457904504,62.20749160859799,0.5051968687115233
-49.35199038143229,6.403658018444456,5.998757572790861,3123.0,119966.8971150197,61.833445231150954,0.49846227907007434
-45.70208818762678,6.30004408047201,5.900810697001134,3191.0,118626.59769769465,62.20847516713717,0.5051668297450691
-59.03466508632341,6.300435024828443,5.900445053115168,3180.0,118217.67874561762,62.08000945565178,0.5043824397748532
-52.14459423438319,6.331953798176841,5.900866525701988,3173.0,118556.01708818176,61.94239373074496,0.5041739006519965
-45.10337453402777,6.300457701168635,5.900448765615744,3195.0,118775.8115308306,62.21061694496083,0.5052151334790389
-49.110039739860106,6.387863774377774,5.90047881304858,3129.0,117936.56226118476,61.612194172087044,0.5033467979419557
-60.47999334576574,6.302277819478899,5.900084067840431,3194.0,118765.59683847419,62.05433795688339,0.504287788903336
-45.61712083870121,6.411459664772522,5.900162847307329,3133.0,118517.17959607736,61.49445418901023,0.5031508053623455
-48.414606357624365,6.3031352028503465,5.900405490532542,3201.0,119048.56244065329,62.16068821869717,0.5049552646455296
-45.65513447594531,6.3011930481778995,5.900160627772036,3191.0,118635.16115854267,62.19944678084146,0.5051789872339754
-49.352619547659636,6.388406791733296,5.900043454568865,3131.0,118013.26900571425,61.60495087242592,0.5033419606232563
-45.177790032877766,6.300531823123815,5.900458378508727,3197.0,118851.75443404325,62.20942912624517,0.5052084489851898
-45.14329458421122,6.389578763697433,5.900366584437287,3143.0,118493.79363256224,61.639855824177715,0.5035751103552903
-45.504552434481774,6.467280935807314,5.931036969627629,3090.0,118525.23837881513,61.240256305355096,0.5006926652566761
-58.266013177801845,6.302277819478899,5.9002310735001835,3184.0,118396.70703103609,62.074339708240544,0.5044003773478154
-60.20614648309872,6.300531823123815,5.9155314326609725,3192.0,118969.01298260558,62.11925140521457,0.503615634299792
-45.82737596013106,6.400106493688767,5.900203291896348,3143.0,118685.74411221358,61.56512017834763,0.503344066429179
-45.787575255988415,6.470942311883414,5.900376852535272,3098.0,118284.73252003448,61.11292540371245,0.5020359259978855
-49.51748511533264,6.300122955401526,5.9003502000284405,3201.0,118990.55450008302,62.169124180845614,0.504944547845853
-58.55009053022329,6.300078971166384,6.01725123753183,3180.0,120551.12239484138,62.47461310123771,0.49898092346691814
-45.6226675732167,6.444804100095154,5.900406391204993,3102.0,117959.64016362786,61.28188367730249,0.5025258083077642
-58.53404069543521,6.3011713660992115,5.958013152310092,3180.0,119385.02875988874,62.27097440044139,0.5017170188196108
-48.90698527747535,6.39845790008723,5.900165980647561,3129.0,118125.89420046125,61.54533284591195,0.5031789317849109
-45.18524648114259,6.301597716876287,5.900721872305248,3197.0,118877.16960457498,62.203407391367406,0.5051760509466008
-45.100439442362536,6.301115432344122,5.900154461179778,3195.0,118782.28607972975,62.20546739603918,0.5052169134735573
-45.316552285423995,6.467415177378527,5.900659267104873,3088.0,117844.2970722939,61.141148854972045,0.5021186685898964
-52.73977903062826,6.438644647395584,5.943220652449386,3105.0,118816.81753998173,61.39432239429564,0.5001980785857116
-45.28832655684208,6.3004644982245726,5.900313349107317,3195.0,118773.2137363215,62.20827427687257,0.5052092159954017
-49.35199038143229,6.358285108593431,5.900000367181736,3165.0,118731.44436447453,61.797528040322035,0.5038990319976004
-45.16821484076221,6.301257540981267,5.9003502000284405,3197.0,118863.26493697343,62.204526009217474,0.5052007423822219
-51.80012591025888,6.310825945837916,5.900479704756619,3187.0,118674.00161836029,62.07944458272024,0.5046019980665281
-58.79850477793102,6.300072231379013,5.900023533694087,3180.0,118202.42668456597,62.083012659307236,0.5044215519615433
-45.38362438980503,6.430982117711869,5.900592551598255,3116.0,118241.6217509516,61.37331772138204,0.5027870304441331
-45.52318852556899,6.469011584498154,5.900479807029326,3090.0,117946.14117762973,61.12826755830918,0.5020840369713587
-58.00367550233046,6.342183365697765,5.900017437022845,3170.0,118618.20605512934,61.82108461780346,0.5036903739172188
-45.20469064834465,6.449555822451593,5.900483768321117,3100.0,117972.04827409539,61.25593937487461,0.5024624442335149
-49.668597351832325,6.342734559428842,5.900774442154777,3175.0,118830.87099173732,61.89653111708699,0.5041299373526825
-45.93422079838416,6.467415177378527,5.900322460256409,3086.0,117761.25090532565,61.13384146174242,0.5020936267634747
-45.36035644050986,6.467274888642463,5.900621360582619,3090.0,117917.30568979139,61.14148042037738,0.5021201128300178
-45.01043898497226,6.3209257146034155,5.900090547928477,3177.0,118483.14621780046,62.07944829840699,0.5048608332336866
-45.36868017926611,6.453444825433556,5.900477286916549,3096.0,117890.74068754412,61.229390546283256,0.502380419249903
-45.774002083238926,6.301941716535116,5.900082509566422,3191.0,118647.68572883234,62.19321585603513,0.5051611015576565
-58.53404069543521,6.3011713660992115,5.995664552611667,3180.0,120139.47716289552,62.39605674394666,0.4999655333614468
-49.22356005624619,6.388406791733296,5.900480820938297,3131.0,118022.01725230043,61.607634836474645,0.5033296162188442
-48.68789766249232,6.385338527462033,5.90047881304858,3143.0,118417.41140774448,61.632422597551006,0.5034197622680073
-62.74999850618264,6.330646218971786,5.900082497129232,3179.0,118739.8938126394,61.85368252665583,0.5036485075653453
-45.4765431010745,6.488332084182028,5.968117521982493,3092.0,119731.91301294828,61.22808556651105,0.4985796960443352
-45.35837463781375,6.328368639828279,5.959811338254669,3173.0,119672.49730572013,62.22560309253777,0.5019200641361997
-49.22862690661314,6.302625871744429,5.900449632504187,3201.0,119039.8331544953,62.156223179187776,0.5049117035380665
-45.74870162138509,6.30161609571269,5.900791616489488,3191.0,118655.81425848206,62.19789311905003,0.5051357207057083
-49.35199038143229,6.381831636703204,5.900877032086119,3143.0,118360.36291604325,61.64977907198698,0.5034242891457761
-45.74176516501843,6.38359525250761,5.953656237320211,3151.0,119756.06056029344,61.84803936522191,0.5011635622571847
-45.12718786324584,6.476679429289535,5.935898693171125,3096.0,119025.45052542335,61.19994596583746,0.5003184160860804
-45.93474582110975,6.467415177378527,5.900672986513352,3086.0,117768.24686372805,61.13499165806002,0.5020772491343651
-45.93821688439771,6.3705029583631285,5.900316539802821,3155.0,118590.0894319527,61.753779646024476,0.5038765380655204
-57.074323374843274,6.3003705303962345,5.9007269315496425,3194.0,118742.59081943774,62.098789792221815,0.5044781894049682
-47.77767892201964,6.374331046550572,5.900449632504187,3147.0,118363.13647755672,61.711595064318,0.5036814314090058
-50.029926262240025,6.300204328417638,5.900018394008453,3199.0,118911.05723433867,62.16259859695841,0.5049268683739963
-48.59586940816073,6.30001147162079,5.918851715356899,3203.0,119436.13435894344,62.239897519296626,0.5041423980358993
-45.38921622797443,6.300618612776419,5.900816526294107,3195.0,118786.24822349075,62.20794193231098,0.5051763539069936
-58.61433649276627,6.300048816665773,5.934011567810857,3180.0,118882.90892765959,62.19770391595201,0.502850149784046
-65.9682555228024,6.300135866694669,5.9001206724573025,3201.0,118986.16953426613,62.02039205526231,0.5040421140731652
-49.593048959077564,6.331628184683508,6.1829564786970055,3181.0,124530.36536800765,62.9020661026199,0.4912173428837158
-46.3594225332822,6.38988773051932,5.900860047397197,3149.0,118735.66879836487,61.627373142543895,0.5034669116622682
-46.36099837024699,6.3209257146034155,5.9033221877805655,3181.0,118697.30049931112,62.07666128162738,0.5046223689502293
-52.34932611642145,6.485180851533734,5.900374924572884,3090.0,118238.84529612349,60.95854469385293,0.501362040546768
-58.58948809806088,6.346581620445645,5.900382265202435,3180.0,119082.27928864033,61.789048695697076,0.5035606268604097
-49.22356005624619,6.385623766850968,5.900480820938297,3131.0,117970.60252224587,61.625441156757496,0.5033808877760455
-56.27027428960676,6.307297468365584,5.90036789159019,3188.0,118642.61698258699,62.06056888354014,0.5044123814552312
-45.193160337681874,6.300547689107643,5.900811795946952,3197.0,118859.17256102618,62.21034116156292,0.5051906919880952
-58.93683660531769,6.300075001637234,5.900095756041861,3180.0,118203.92558009876,62.08201144800268,0.5044106241261191
-45.021294053409044,6.342183365697765,5.9003860745352545,3169.0,118588.19607915264,61.94433801190147,0.5044548148105537
-46.19200617204553,6.387726850810018,5.900478852205146,3149.0,118687.84802293572,61.64160108866864,0.5035353307452146
-45.23572723224162,6.470806801640496,5.900323748030094,3100.0,118357.55062596562,61.119162304419866,0.5020773612831684
-51.864688324816946,6.4683379445261675,5.900364418197266,3089.0,117893.38720196772,61.07079068327199,0.5017014433478335
-49.32040642146553,6.342183365697765,5.900875632374096,3173.0,118747.73313929694,61.90372991902406,0.504156973538879
-46.1262948651086,6.462033195570776,5.900272794857255,3090.0,117814.77426956838,61.16618908347696,0.502182253778852
-46.134889918480035,6.462033195570776,5.900303679705901,3090.0,117815.39096842254,61.16620517414605,0.5021802509304895
-45.10337453402777,6.300457701168635,5.900245762248358,3195.0,118771.72508068712,62.20994638643393,0.5052245875759146
-45.62779156326859,6.467259558578497,5.900663093130528,3090.0,117917.86015418927,61.139028966287505,0.5021007769217576
-50.39911088918835,6.344490264659235,5.900478852205146,3175.0,118857.80976499231,61.87735873158557,0.5040663913648408
-57.87862485850846,6.393612808014481,5.900480564971528,3152.0,118910.42333420113,61.49506647983323,0.5027289790146422
-45.14592906453228,6.300576833986808,5.97369019702466,3197.0,120327.70793791417,62.451413142677026,0.501800583591347
-45.74870162138509,6.30034476614953,5.900137084703649,3191.0,118618.71688355703,62.203862227009466,0.5051896305895164
-46.14130492043742,6.467415177378527,5.900657172676476,3088.0,117844.25524367255,61.13287652417212,0.5020644348520077
-45.614756642842956,6.496516746780573,5.900043199102191,3088.0,118362.2045406619,60.94997327483128,0.5015932030101823
-49.34904713172433,6.34953574275749,5.900487299243099,3169.0,118727.71001474498,61.855137768455606,0.5040377747140525
-58.96644176461142,6.316699194385338,5.9003137166814925,3180.0,118520.21194448911,61.976345138365375,0.5040931499834563
-55.8481280499272,6.300123798739901,5.900068788030782,3191.0,118613.1836400896,62.10921929500601,0.5045822544932901
-45.108178182916994,6.342183365697765,5.900383394762271,3167.0,118513.29959322434,61.94345749469494,0.5044492313107009
-49.110039739860106,6.387863774377774,5.900481355945691,3129.0,117936.61308766053,61.61220257052049,0.5033466794258629
-52.43917376916296,6.325301463801433,5.900222032257443,3179.0,118642.45143944748,61.98005617741347,0.5043089993538169
-58.65591475571564,6.300774055391124,5.900030343424893,3180.0,118215.73080211281,62.07981714978756,0.5044160883226725
-45.105338272979786,6.444306948973368,5.90044846436517,3106.0,118103.47903324569,61.290400298853875,0.502567150361959
-45.92284537208874,6.469191327350421,5.900650639841092,3086.0,117800.14349822278,61.123674848925575,0.5020464350615732
-47.21085275173408,6.3000573781054054,5.900092129692512,3199.0,118909.76973119384,62.191090028425975,0.5051028437058168
-45.62074165135588,6.303845643039557,5.911558307994759,3191.0,118914.37350721573,62.22047607120521,0.5046015525369807
-45.055009398680085,6.300526719845077,5.900185449518539,3197.0,118846.16061731442,62.209790532140545,0.5052292929555121
-58.53404069543521,6.381811237285403,5.900047491719017,3148.0,118531.6105782191,61.56333905230117,0.5029309484593912
-49.35199038143229,6.303891970053161,5.900845371155629,3199.0,118997.3353138589,62.148247611053705,0.5048622657231567
-45.1476064389438,6.300531823123815,5.90825434745514,3197.0,119008.7870791966,62.235483766760666,0.5048473713640814
-45.264447678031615,6.467415177378527,5.900672986513352,3088.0,117844.5710677875,61.14171876833894,0.5021214811892225
-58.65591475571564,6.551206792671762,5.900030343424893,3062.0,118353.40035793852,60.479056775093746,0.499810067211217
-49.13781770474042,6.301617150288821,5.900023533694087,3201.0,119012.18604799683,62.162140116202046,0.5049557956839168
-55.17633671270744,6.462033195570776,5.903142615515556,3104.0,118406.12618707366,61.09012552416639,0.5014948009869773
-45.1761040430307,6.30034476614953,5.90082965640037,3197.0,118855.7041895295,62.211868844219296,0.505194714972823
-45.98946404112407,6.449555822451593,5.900838572202851,3100.0,117979.14208916332,61.24924212386206,0.5023942089860514
-47.76947970050689,6.388406791733296,5.900478852205146,3143.0,118474.31378358668,61.621715067572126,0.5034213256493615
-58.53404069543521,6.382897326583765,5.900015904792703,3146.0,118475.82981535254,61.55629376950929,0.5029124335697717
-45.6288044721734,6.300893221956706,5.900277275117843,3191.0,118631.86153564254,62.20201234387511,0.5051807927613237
-45.100439442362536,6.419443678799925,5.900154461179778,3128.0,118475.21856454086,61.448532791752406,0.5030383516728134
-46.60128286928344,6.408735974161812,5.9003251225706075,3133.0,118470.08985781862,61.50262376460159,0.5031292027686414
-57.77017663234836,6.301595022648504,5.900005011785593,3186.0,118453.70289975966,62.08235782511111,0.5044507062529276
-45.93422079838416,6.470869306822575,5.900322460256409,3098.0,118282.30764511322,61.11174525989928,0.5020301565960862
-45.578928394556165,6.387577008122443,5.900479613516757,3151.0,118760.45870392992,61.64867052910432,0.503578064697715
-45.088078966237376,6.462033195570776,5.90023612417865,3094.0,117966.55212788282,61.17648325748375,0.502252426958303
-58.20401816540235,6.30189529511158,5.918076912566332,3184.0,118747.60174769016,62.13660076828145,0.5035801261064506
-50.65733531350109,6.457200406336856,5.900030100632686,3099.0,118064.7002891725,61.152286693538755,0.501995218699538
-45.074936140753216,6.300329627296351,5.900191205537362,3197.0,118842.55882029646,62.210870367186615,0.5052313506721019
-49.352619547659636,6.302736278806141,5.900076611335894,3201.0,119034.39272611348,62.15309055709833,0.5049193382749575
-53.40339453751277,6.464163000941358,5.9337480842260595,3088.0,118445.53537330283,61.19362248315099,0.5001303875799643
-45.25842904533881,6.3004445434786795,5.900449632504187,3195.0,118775.5809333258,62.20915122948364,0.5052051907269156
-46.18248877240693,6.4496450798444025,5.987206092394099,3102.0,119784.82908768616,61.53162422509659,0.49835561030515635
-58.29246489986932,6.435152284917331,5.900119010606941,3130.0,118840.3543603852,61.224709065802514,0.5019589891061944
-45.1476064389438,6.300178260791741,5.900446492216427,3197.0,118844.84550736814,62.21195354893379,0.5052174921076149
-45.559748453703854,6.302404394531893,5.930244291316725,3191.0,119262.97940403485,62.29203784200887,0.5037620208808011
-51.43846756544637,6.443181913020372,5.945438714946418,3111.0,119174.76687377717,61.38461672352685,0.5000888281937776
-47.0100935232969,6.300037699516021,5.900322460256409,3197.0,118839.69584271604,62.19395064492327,0.5051053091162061
-58.77073491703646,6.388150188220807,5.900481355945691,3144.0,118507.2984499127,61.52221380490789,0.5027813940683881
-46.811261133875,6.300123798739901,5.900068788030782,3199.0,118910.552950375,62.194520096534816,0.505128275750387
-45.75039225694898,6.300531823123815,5.900412880359982,3191.0,118627.78353918818,62.203560106101186,0.505173229352244
-46.95969775013366,6.467415177378527,6.026959152397346,3088.0,120366.6798313827,61.54137612327031,0.4961265002976107
-45.055009398680085,6.300526719845077,5.964327205876759,3197.0,120138.15415610188,62.42170008534005,0.5022431843704425
-48.53426261570321,6.313798514583793,5.900494548621647,3191.0,118879.21708902321,62.0916203056748,0.5047470388997268
-59.29963294733295,6.300349780952146,5.932295345078723,3186.0,119078.45666982178,62.18407203067548,0.502887442019336
-57.81611170388204,6.33041534533968,5.900095756041861,3176.0,118623.78012055444,61.89817823105774,0.5039135734051843
-45.72529403798387,6.30004408047201,5.900450173502478,3191.0,118619.34993493262,62.207052916608845,0.5051821113953465
-45.63178764928211,6.455793386740561,5.900690606665188,3096.0,117937.9075691221,61.212428755595795,0.5023099464072329
-45.100439442362536,6.301769801390236,5.900154461179778,3195.0,118794.62158636693,62.201282068147634,0.5052048571639226
-49.09312385709731,6.403360954514056,5.9008657252338255,3123.0,118003.72044986112,61.51447812728574,0.5030443560631546
-49.35199038143229,6.386006580186189,5.977113766510724,3131.0,119509.91883786996,61.87493731264831,0.49979576535726117
-55.8481280499272,6.343775661698774,5.90036789159019,3174.0,118804.75685649483,61.83125115939916,0.503764317121396
-45.28578462501376,6.3286242305763825,5.900040151749211,3175.0,118551.76018370423,62.02727903557295,0.5047033189178313
-57.85912444020474,6.3011930481778995,5.900014578275499,3186.0,118446.33887146218,62.084164330482395,0.5044527561453321
-45.65046399287232,6.380373863227054,5.900131328684828,3153.0,118694.82284647298,61.69288831919924,0.5037222091183636
-58.58948809806088,6.39029845211486,5.947520460181887,3144.0,119492.21840571484,61.66616949708968,0.5005607630639105
-45.2725702530416,6.40243043731164,5.900838585152177,3137.0,118514.9457628878,61.557898949350566,0.5033080993320277
-58.7671090933997,6.300764518929997,5.900030343424893,3180.0,118215.55187810893,62.07889371751597,0.5044102108502528
-48.43982272851421,6.479744684937123,5.900318270919064,3095.0,118329.76068204099,61.03023859461115,0.5017053255222619
-53.955117328030084,6.3011713660992115,5.900021377939511,3197.0,118855.015314048,62.11963474705955,0.5046738991219298
-45.199032273516174,6.467415177378527,5.900543055470569,3090.0,117918.2986892328,61.14194967483484,0.5021318761361216
-45.07185558828994,6.340799544441347,5.900383394762271,3169.0,118562.26709433358,61.95267386070647,0.5044771028203412
-45.1476064389438,6.300531823123815,5.900440953990881,3197.0,118851.40345546103,62.2096738836632,0.5052112357328487
-45.630087205718844,6.300526719845077,5.9001833136134,3191.0,118623.0720185223,62.204033291049164,0.5051918386215295
-45.14679694996792,6.301115432344122,5.900159999447775,3197.0,118856.75275494608,62.20502119609128,0.5052136203609262
-56.53137120290264,6.300123798739901,5.900067519125965,3190.0,118575.98697462272,62.10305123051593,0.5045437840353354
-45.64379333352732,6.33411844275257,5.900657172676476,3169.0,118442.83724571684,61.9905948551679,0.5045499794269276
-49.22356005624619,6.387197218806947,5.900080627720822,3131.0,117991.66792181664,61.61405215570008,0.5033705515995808
-58.719046112065705,6.300125026016424,5.900023533694087,3180.0,118203.41722150407,62.08337890906176,0.5044249041646682
-52.23843250395771,6.3011930481778995,6.025131208344546,3191.0,121147.95799605774,62.54969517706729,0.49895152161553813
-46.492604373821955,6.300303945429325,5.900458534467478,3199.0,118921.8083083677,62.19780224013143,0.5051272852836585
-57.60591427054651,6.3011930481778995,5.936885936731834,3192.0,119411.01034041237,62.208831230190896,0.5027504503477179
-45.14679694996792,6.300101665601676,5.900142009910297,3197.0,118837.26792903953,62.21144578160626,0.5052331364309355
-46.12640926400081,6.492414452086797,5.900272794857255,3090.0,118368.68056657012,60.971839870039084,0.5016240816933527
-49.119327009272084,6.467174208099221,6.0978300580012545,3095.0,122053.58211069908,61.75616767334336,0.4926944598951536
-49.110039739860106,6.3864499990805506,5.90047881304858,3135.0,118136.55897337955,61.62123978002927,0.5033728433388195
-49.35199038143229,6.421533862779271,5.900866525701988,3121.0,118262.84896356682,61.39571108354088,0.502693481504694
-46.331825643184004,6.466916999649693,5.9001206724573025,3086.0,117748.15282829221,61.13239633267502,0.5020861397800757
-45.29337239514276,6.321462980259353,5.961534299167287,3181.0,119877.95205956673,62.27613159467614,0.501971457227615
-45.16334857785975,6.45642756923326,5.900857366374903,3098.0,118029.02344900114,61.21362971537954,0.5023214752217539
-46.67751595868066,6.300526719845077,5.900182797922298,3197.0,118846.10720678429,62.19363923599984,0.5051241266164231
-45.07185558828994,6.328870322812285,5.900383394762271,3175.0,118563.26731903294,62.028981536559996,0.5046968202519586
-49.276251505166705,6.381903234299493,5.945223909269707,3139.0,119099.44735924227,61.7965511838787,0.5013614064511157
-47.88703209213604,6.406175914969883,5.900018385734933,3127.0,118189.82961315683,61.505357071160006,0.5031080872714356
-50.05455808494739,6.458604722553289,5.900043454568865,3101.0,118166.85645725805,61.149064175537646,0.5020058317053738
-62.43875741579534,6.462879114077609,5.900021076992154,3100.0,118206.48127244183,61.01212395496579,0.5012399385481983
-45.72529403798387,6.30004408047201,6.004221887018745,3191.0,120705.51841987499,62.549985256430155,0.5003520435729787
-45.02304425910333,6.318998139570102,5.906721714194175,3177.0,118580.13831241633,62.11355053452026,0.5045866690893915
-49.1379239163957,6.3286242305763825,5.900003405874024,3183.0,118849.73307091884,61.98933594268536,0.5044588870561479
-48.107740241663144,6.300342556887283,5.900461284683363,3201.0,118996.94240623763,62.18171644265195,0.5050234710132567
-59.079776208753955,6.302373739273507,5.900032021127256,3180.0,118245.77784922416,62.065863311184934,0.5043635715946192
-58.75154255700051,6.300488378243189,5.900249644948646,3180.0,118214.7647272092,62.08152289804345,0.5044059284021712
-45.58845910986989,6.300094924204931,5.900232640329018,3191.0,118615.93403730766,62.207373183135395,0.5052002075915917
-45.1476064389438,6.320050444757971,5.900446492216427,3181.0,118623.05105761909,62.08484704027979,0.5048513813543648
-45.3556906470594,6.343834326036806,5.900383394762271,3165.0,118469.28817762905,61.93041736319942,0.5044025951025115
-45.055009398680085,6.300959669498674,5.900463735377279,3195.0,118785.57596930579,62.20794062227063,0.5052083560798397
-55.92758671579251,6.300019063874036,5.900068788030782,3193.0,118685.5528759394,62.10916980944912,0.5045796831237097
-53.03612841676686,6.300043206655005,5.90009267799362,3199.0,118909.51330401703,62.135572484842605,0.5047452298434457
-45.074936140753216,6.3005067095600165,5.900179163300485,3197.0,118845.65654392095,62.2096979808417,0.5052286488620998
-45.74870162138509,6.30034476614953,5.916870921729681,3191.0,118955.14063915292,62.2591474297595,0.5044103616746178
-45.56806597259896,6.301062413229537,5.900828753260223,3191.0,118646.13543265406,62.20335784677861,0.5051559460875655
-45.93410639949195,6.467415177378527,5.900323834207186,3086.0,117761.27832724425,61.133847134613966,0.5020935702190424
-45.71661989226779,6.467415177378527,5.916716089653888,3090.0,118241.5056648639,61.19005974177686,0.501343683187329
-45.368957579222254,6.3033247097574785,5.9003502000284405,3195.0,118827.87516253728,62.1892957239787,0.5051495330807643
-49.352619547659636,6.368251310075259,5.900043454568865,3159.0,118692.9789311678,61.733904883851544,0.5037133272159136
-58.0992761195497,6.301100569340702,5.9003215622319605,3186.0,118450.76330246266,62.08363793463044,0.5044269635241654
-45.00693091109178,6.370155374200175,5.900090547928477,3153.0,118503.90804382233,61.76457020753037,0.5039544774959482
-48.56016914594672,6.38359525250761,5.900682145840437,3143.0,118389.16161241262,61.6454834161747,0.5034504319238712
-45.03202566544149,6.436013942070284,5.900447779824948,3112.0,118179.3333138791,61.34418698308025,0.5027244960237094
-45.63178764928211,6.453039122659914,6.122445043068811,3096.0,122317.93639714367,61.96195168901752,0.49203880164201763
-45.70635230908231,6.303505882246315,5.900180704091908,3191.0,118679.10966461951,62.18420964517766,0.5051321034492713
-58.7671090933997,6.301060368294259,5.900490908995412,3180.0,118230.33115608194,62.07853523403554,0.5043833320265749
-49.35201718187949,6.386006580186189,5.924868279095302,3131.0,118465.29191514917,61.70231614160222,0.5022293668799923
-46.74154622571593,6.30789884856762,5.90032571902418,3195.0,118913.6117004149,62.146326871767066,0.5049774912534791
-45.93386228096507,6.46719000351376,5.9006351780435855,3086.0,117763.39199352829,61.13631632174299,0.5020832078235103
-45.267422015332514,6.387863774377774,5.900544080347154,3149.0,118691.70423512175,61.65016728982052,0.5035902318911313
-45.08387373818767,6.301217421534736,5.900148347462923,3195.0,118784.08559356944,62.20496091696715,0.5052164041336653
-58.65591475571564,6.300774055391124,5.900067110328561,3180.0,118216.4674807625,62.079939293796855,0.5044143769124183
-48.31648473920423,6.300045024714929,5.90009187335806,3201.0,118983.87309120549,62.180368078465314,0.5050330064313377
-45.08110633383339,6.449555822451593,5.900787227961597,3104.0,118130.3453582505,61.25818479282679,0.5024564871107854
-60.58350435303642,6.300541614596002,5.9000120509451035,3194.0,118731.42902279051,62.06426853368044,0.5043175327490299
-49.35199038143229,6.337529782410665,5.900866525701988,3175.0,118735.21258201613,61.93316488033581,0.5042412093493611
-58.79850477793102,6.3856028611019235,6.040968879166259,3144.0,121280.5173307382,62.00466119968164,0.4962871443422184
-45.63178764928211,6.453897157878309,5.90065203999185,3096.0,117902.49562892783,61.22443203122325,0.5023465979946894
-45.332877974204386,6.466916999649693,5.9001206724573025,3090.0,117900.775190999,61.14239597181455,0.5021518502303319
-45.01043898497226,6.319969601932246,6.0293421348488945,3177.0,121060.40788078813,62.51258413043906,0.49886290527748234
-46.59566874098201,6.455071611583482,5.901590838029438,3094.0,117866.52244451903,61.2104032635325,0.5022181458343918
-45.045509372503126,6.435201227101722,5.900062387561215,3112.0,118156.69208546994,61.34797928968141,0.502756508322108
-45.72529403798387,6.343602997441646,5.900450173502478,3163.0,118391.44870597853,61.92842689364521,0.5043795994944636
-62.31933178815842,6.3001329112210795,5.900095756041861,3195.0,118762.58290912451,62.052004459745056,0.5042298836876081
-49.37887395189296,6.387758325355542,5.900090812610686,3131.0,118002.23702715056,61.60900438458863,0.5033500663667005
-57.7218139314486,6.341877826514279,5.900383394762271,3168.0,118545.00964154922,61.826739282568866,0.5036943725334297
-49.2712316722455,6.303537835097541,5.900866525701988,3199.0,118991.07695938916,62.15135922011462,0.5048728253796946
-53.0110138011627,6.449555822451593,5.9004483578460505,3102.0,118047.45083252776,61.18065823585263,0.5019751579200248
-45.93868112228292,6.468494775006415,5.900155132325557,3086.0,117777.56848301052,61.12633904805592,0.5020812969472264
-45.18149563933876,6.3006451362576845,5.900030343424893,3197.0,118845.26996617178,62.20725336966339,0.5052260529483288
-45.074936140753216,6.3002101066330845,5.900191205537362,3197.0,118840.30431262862,62.211634814609575,0.5052335527687377
-51.14798568205192,6.460590327251009,5.900866525701988,3097.0,118067.1824712885,61.12873076749376,0.5018638991997834
-50.22095795743853,6.493069217900901,5.900488479050323,3097.0,118653.13151275003,60.92841143286217,0.5013408223702506
-49.110039739860106,6.386879714520159,5.900473499989196,3131.0,117993.65900934623,61.61847283405727,0.5033651744403066
-57.076596974730265,6.3011930481778995,5.9000074875633235,3194.0,118743.61321047205,62.091128251260855,0.5044964177077431
-46.176566276260196,6.423240681358657,5.900063024684443,3119.0,118202.37998448462,61.41317405097452,0.502902109940398
-45.93386228096507,6.46719000351376,5.900633478998443,3086.0,117763.3580844129,61.136310721126506,0.5020832870405185
-45.055009398680085,6.301198941786925,5.900185449518539,3195.0,118784.48418317479,62.205491029673226,0.5052169077788798
-49.110039739860106,6.371393612060656,5.945819522133134,3157.0,119597.12513927395,61.86737238394711,0.5015378485409422
-49.327574191253206,6.3561679835937746,5.900185449518539,3167.0,118770.6387196865,61.811918151774556,0.5039309426330816
-45.93410639949195,6.448840904294176,5.900339284547262,3100.0,117956.08291494688,61.2527222167445,0.5024342582188531
-45.14679694996792,6.302551096726286,5.936667622516043,3195.0,119544.60255742542,62.316440626714524,0.5034872703275038
-57.85912444020474,6.437821281399897,5.900014578275499,3122.0,118583.6734461111,61.2110493037934,0.5019380534263639
-46.89544584641525,6.454034553540107,5.900049172305788,3095.0,117854.8801933783,61.20898659276662,0.5022896378268223
-45.61727916485183,6.301409725381048,5.900232640329018,3191.0,118640.6886436199,62.19867626638263,0.5051741043730212
-46.165245659647205,6.341352615974368,5.900195025660584,3163.0,118344.33187939436,61.937604679979394,0.504404344325279
-47.70739888640616,6.33411844275257,5.900324993671189,3179.0,118809.90304949561,61.969127145518975,0.5044326300841969
-58.67017931084323,6.302499568989522,5.9004838144437475,3180.0,118257.19349760916,62.07018151366687,0.5043624673001641
-48.74448329136399,6.300477836701367,5.900083135712997,3201.0,118991.87104304801,62.17342160907839,0.5049985746584376
-45.18756994130467,6.378883070444135,5.9001348176293895,3151.0,118591.88708987096,61.707069985878064,0.5037798582450442
-58.75154255700051,6.300488378243189,5.900066124746542,3180.0,118211.08779846551,62.08091318197644,0.504414470678075
-49.110039739860106,6.387863774377774,5.900871583251977,3129.0,117944.41280501602,61.6134913766028,0.5033284922474563
-45.0685936745349,6.327579602415643,5.900628670948449,3175.0,118544.01494261839,62.0380803726346,0.504709384452145
-59.4883111661479,6.300457701168635,5.900245762248358,3186.0,118437.15684102321,62.075200524774196,0.504366785159079
-45.344577428930315,6.41508524550352,5.900657172676476,3128.0,118404.86830383718,61.47562038050597,0.5030789835943397
-46.169079558458456,6.3857130519384855,5.900303679705901,3149.0,118646.90794016284,61.654134320589456,0.5035820594139371
-56.925701420728885,6.377224805217173,5.900111051238649,3152.0,118598.2065000085,61.60697715902766,0.5031000891891336
-45.58845910986989,6.3000614654799225,5.900237953388558,3191.0,118615.41089947146,62.20760473620499,0.5052005766748834
-58.93683660531769,6.4233483121672315,5.900095756041861,3134.0,118773.49194415995,61.29453854311698,0.5021428884170887
-49.352619547659636,6.46652264532007,5.900127315253943,3097.0,118160.79145183641,61.10538957539216,0.5018998801028963
-45.45634485292723,6.4351567107795065,5.900321192586245,3110.0,118085.1186216826,61.34498713403264,0.5027181182395538
-45.74593682058484,6.342183365697765,5.9076549413259665,3165.0,118584.41879584061,61.961092802893816,0.5040687841301299
-56.89137488416256,6.300520826240556,5.900014578275499,3194.0,118731.08813339926,62.09710555172873,0.5045187887448842
-58.79850477793102,6.300072231379013,5.92575758810322,3180.0,118717.98864160238,62.16851344121637,0.5032238386586229
-49.22016700421181,6.300017342202204,5.900450173502478,3203.0,119064.92175882957,62.17298901092852,0.5049602921533345
-46.331825643184004,6.395631453864296,5.9001206724573025,3145.0,118676.56667947129,61.58845970387769,0.5033974197640448
-45.910739516492036,6.30047380339738,5.900232640329018,3191.0,118623.06743923895,62.2017398865974,0.5051722824885917
-45.74816672968846,6.30034476614953,5.900852739982608,3191.0,118633.10470365381,62.20623183519088,0.5051563356170399
-45.01043898497226,6.356721509198286,5.900121394698897,3159.0,118479.648873364,61.85057406616855,0.5042001418624094
-58.48263487988683,6.300109509509368,5.900249644948646,3180.0,118207.65609125236,62.08632366314623,0.5044275544704607
-45.5950261978111,6.449555822451593,5.900123090176524,3098.0,117888.7306647713,61.25082884016449,0.5024534798669337
-47.33855928759566,6.340066462203048,5.900223825804544,3171.0,118620.16930719244,61.934353297700916,0.5043512218778858
-61.18705482007675,6.419885157721981,5.900095756041861,3130.0,118557.9433525905,61.297485487953935,0.502089291324189
-46.01450870735391,6.315395619390276,5.901233901958947,3187.0,118775.11339943796,62.10857287062773,0.5048439579549032
-49.110039739860106,6.337247662522578,5.900481345639174,3179.0,118871.74812538817,61.9360229719669,0.5042794107072052
-45.01314722039696,6.300094924204931,5.900232640329018,3199.0,118913.31024297938,62.213127951956615,0.5052377943526118
-45.63178764928211,6.301109692588068,5.916751402074695,3191.0,118967.17984991586,62.25502332707417,0.5044094354661999
-46.55950449880265,6.3286242305763825,5.900040244786521,3177.0,118626.44032844747,62.01461142881947,0.5046205809121563
-46.08699909172073,6.466716417402403,5.900123078112925,3088.0,117820.85752588858,61.13612794332644,0.5021057375844513
-45.0685936745349,6.321614962020148,5.9003223537695195,3177.0,118500.72141179664,62.07522174952116,0.5048335235795682
-45.17648015623942,6.303314111653909,5.900191205537362,3193.0,118750.09185001257,62.19076420376327,0.5051697148194996
-57.86233553152651,6.301371292559516,5.9000152458831705,3186.0,118449.70281368439,62.082999750228474,0.5044492684973924
-57.74039005696484,6.3447188786783535,5.9001015094111615,3168.0,118592.44985136272,61.80748810369443,0.5036541871851936
-45.60009013803255,6.562410818439858,5.900262389585416,3066.0,118715.35362979268,60.52946831187254,0.5003757369132946
-58.94383446231486,6.300488378243189,5.900120273311386,3180.0,118212.17269490864,62.07939230651302,0.5044015016093746
-58.29246489986932,6.300227466775562,5.9001206724573025,3184.0,118355.97378021205,62.08682940717752,0.5044417868897958
-45.27998336882775,6.3286242305763825,5.900004456347924,3175.0,118551.04294237294,62.0272192237551,0.5047053613767201
-48.9468936787793,6.565120891791065,5.900136467499344,3058.0,118451.96389445233,60.478537902517985,0.5001140541939413
-46.18593230320538,6.462322968774065,5.900272832397059,3090.0,117820.05811871435,61.16374077789636,0.5021730216727279
-45.0088825983637,6.300101665601676,5.900481879340661,3199.0,118918.46065512125,62.21395088097482,0.5052263424536169
-48.2107868439014,6.300212108938834,5.900191205537362,3201.0,118989.03190625706,62.18065527593929,0.5050319564438013
-45.93386228096507,6.477927135204249,5.900633478998443,3094.0,118264.66531597485,61.06762551599173,0.5018860090030371
-47.802288738145606,6.300329627296351,5.937485994590297,3197.0,119593.75619802791,62.30716866621397,0.5033189137778327
-58.977747527440535,6.3822501444137085,5.900095756041861,3144.0,118390.10869987025,61.55683855213457,0.5028968421871101
-45.03407257303927,6.331149736398666,5.941165154140708,3175.0,119425.73968353595,62.149454913649734,0.5027581373474379
-49.35199038143229,6.414790187066742,5.900866525701988,3123.0,118214.35899695563,61.43886195666645,0.5028176651528583
-58.93683660531769,6.300044080486835,5.9895451904340264,3180.0,119995.38793533125,62.37943791131061,0.5002492198927792
-45.368957579222254,6.300531823123815,5.9003547849966145,3195.0,118775.31702444158,62.20717421999201,0.5052007794917616
-60.70339715772905,6.387863774377774,5.900478823355097,3154.0,118878.8488403674,61.50739366238765,0.5026848889946258
-45.59753931132073,6.300100371450819,5.900191205537362,3191.0,118615.20360678699,62.20711088450644,0.5052014457417207
-45.58845910986989,6.458251211181394,5.900249862276131,3094.0,117897.78526496889,61.19568740632903,0.5022881767246875
-58.98161479996399,6.300774055391124,5.900030250387584,3180.0,118215.72893797435,62.076935689783355,0.5043983888576077
-53.724521683927605,6.449756404698884,5.989833458948761,3100.0,119762.19681629677,61.46836199248796,0.4977634023876429
-45.93410639949195,6.4734550075016974,5.900418454021645,3098.0,118331.49731460462,61.09552214055139,0.5019781797151431
-48.99404734072983,6.385395338662899,5.900473499989196,3137.0,118192.2972178396,61.629086948492926,0.5033997705433614
-48.42619783917319,6.418450794767074,5.977401032689745,3117.0,119585.74479256943,61.677038820970694,0.4992421591729793
-45.894719012441215,6.300358042320643,5.900017304865254,3191.0,118616.5587316352,62.20192821103357,0.5051854836332029
-46.120696033246844,6.475579008654011,5.900641694015106,3094.0,118221.96119424576,61.080806045509135,0.5019164945705827
-48.91107757079126,6.491472644213235,5.900303679705901,3095.0,118543.637481374,60.950582348077,0.5014605884564995
-47.77106417593352,6.466916999649693,5.900066523892461,3091.0,117937.84839299328,61.11800738970641,0.5019955564496401
-58.65591475571564,6.300131732760769,5.900030343424893,3180.0,118203.67948294301,62.08391773990223,0.5044279019515565
-45.93990834750441,6.376488285448089,5.900327655864245,3155.0,118701.73291134939,61.715508501922756,0.5037657009285613
-45.911978323736115,6.300038042682889,5.9942941396142135,3193.0,120581.34961169185,62.51535965058178,0.5008018227457893
-45.021111654656124,6.303229735831588,5.900185411978734,3195.0,118822.76611357462,62.192841896033286,0.5051817160095998
-49.61634396652104,6.390728777840753,5.900138944121855,3129.0,117982.66144928163,61.58788257178557,0.5032783491339748
-45.04747255599533,6.300059463492943,5.900237953388558,3199.0,118912.74800638352,62.213028074229655,0.505235950530485
-45.01043898497226,6.303805526252968,5.900090547928477,3195.0,118831.70976755109,62.18895284385924,0.505176225592548
-45.15011253666104,6.33411844275257,5.900171356492457,3171.0,118507.83031265759,61.99392645348132,0.5046048957742812
-49.1826579718586,6.305054735316351,5.900480820938297,3199.0,119011.93167570033,62.141235117258745,0.5048683351047808
-45.5950261978111,6.521747751342782,6.0227104766057655,3076.0,120820.96900996902,61.19303962732107,0.49541497490104647
-58.262541311202874,6.3011930481778995,5.900014578275499,3184.0,118371.98460977263,62.08057765907287,0.5044306012783062
-45.91370289328236,6.46719000351376,5.900620683732776,3086.0,117763.10271972064,61.13647013868616,0.5020852081859312
-45.1862744888204,6.300092888957981,5.900163297444947,3197.0,118837.53113805434,62.211176840675,0.5052297234815403
-45.630087205718844,6.300763984567391,5.900184951824739,3191.0,118627.57205395949,62.20252116035601,0.5051873903790738
-45.87576798115911,6.449555822451593,5.9008391231208055,3098.0,117903.03752136148,61.250379524266826,0.502401640001285
-45.61858876657943,6.306710399986552,5.900628670948449,3191.0,118748.45785184434,62.16606785581205,0.5050579043267177
-45.03877214391796,6.342183365697765,5.900188597111836,3169.0,118584.22710303588,61.943510636110794,0.5044628650976443
-58.65591475571564,6.30053679066881,5.90002872619839,3180.0,118211.24681622222,62.08132647991946,0.5044205273936739
-45.60503228369161,6.449555822451593,5.900123090176524,3098.0,117888.7306647713,61.250728532963294,0.502452820779574
-45.08971960662362,6.300457701168635,5.900245762248358,3195.0,118771.72508068712,62.21008323972974,0.5052254818630972
-45.074936140753216,6.300123671899331,5.900096297063223,3197.0,118836.76230332069,62.21187414638476,0.5052395652679622
-60.711336141140286,6.300072231379013,5.900023533694087,3194.0,118722.8147265735,62.06618179727384,0.50431883432506
-58.65591475571564,6.30627482398253,5.900045995002516,3180.0,118319.25062922218,62.04475085830167,0.5043141862696701
-50.753881765974626,6.433943805144673,5.90047881304858,3113.0,118179.90576884987,61.301676070474734,0.5023965377521787
-45.0822372378418,6.3000996833286225,5.900233032479268,3197.0,118839.06386158224,62.21240605169684,0.5052331610766956
-50.19449086182654,6.386879714520159,5.900070093909933,3143.0,118437.78842469798,61.606768002294416,0.50331678167903
-46.12164422828498,6.480265353151609,5.900304430241958,3094.0,118300.75572403203,61.0497065528616,0.5018460621756509
-49.1172982567998,6.562472105145971,5.90048146594695,3058.0,118411.09629320104,60.49496258242974,0.5001357155154112
-46.57202466559841,6.387877168070557,5.9008372757357765,3149.0,118697.85085073636,61.6380558158964,0.5034912176685838
-56.40119671634406,6.467415177378527,5.9003192769569495,3094.0,118066.46588716943,61.03550413066223,0.5014588562914102
-46.302174316258935,6.466916999649693,5.900068448913999,3086.0,117747.1106079548,61.13251939537558,0.5020905126152453
-47.24971357069388,6.423811046103042,5.900189843302763,3117.0,118139.61351721286,61.399330210009055,0.5028162218387681
-45.87576798115911,6.452311061876558,5.9008391231208055,3096.0,117877.2574020518,61.23275329200659,0.5023509876467307
-52.20369784280817,6.383733522939886,5.90018828308413,3149.0,118607.8084335667,61.60839954133464,0.5032476217074855
-46.33178784623155,6.463348290259075,5.900053249032095,3086.0,117681.82975955024,61.15500476126005,0.502154877789066
-45.91370289328236,6.311187615656483,5.900620683732776,3191.0,118832.59807069977,62.134465174426175,0.5049565955553729
-45.0685936745349,6.321614962020148,5.900389553785996,3177.0,118502.0710415209,62.075443666210525,0.504830393599948
-58.29246489986932,6.301441050213492,5.900119550293273,3184.0,118378.74962466647,62.07907721781442,0.5044195141291352
-45.52237704373721,6.300160009147276,5.908897879132397,3191.0,118791.36375293805,62.236242536704026,0.5047997735235887
-49.110039739860106,6.419068519788418,5.900232887689003,3119.0,118129.00346981977,61.41171976006931,0.5027835280859226
-59.28208486391141,6.321151816184619,5.900023533694087,3180.0,118597.92343222475,61.94417872530474,0.504007750561692
-45.01314722039696,6.300094924204931,5.900287741211163,3199.0,118914.42074635993,62.21330995787376,0.5052352282560889
-50.678729250539895,6.450867298962283,5.901182697184662,3107.0,118276.4883334641,61.19641537125457,0.5020567291048721
-45.92688563157132,6.453039122659914,5.900323805313628,3096.0,117880.26300994822,61.22588580077683,0.5023582726187411
-49.324798531922,6.381414132242476,5.900866525701988,3143.0,118352.40896343523,61.65267657440627,0.5034341634164402
-56.16565575424943,6.467415177378527,5.900152611089105,3098.0,118215.76581891078,61.037026194413365,0.5014796875765827
-45.01043898497226,6.315259063567421,5.928650658899718,3187.0,119324.35484418405,62.210022862779866,0.5036352296989534
-54.766365227683735,6.300141345312667,5.900384140080085,3195.0,118768.54676689544,62.11998484828187,0.5046290241110615
-58.289561064134034,6.300227466775562,5.956991065960006,3184.0,119496.7895661836,62.27574587621142,0.5017952321988797
-45.64379333352732,6.33411844275257,5.900643781782774,3169.0,118442.56845269991,61.99055063550128,0.5045506032011925
-58.262541311202874,6.304432638330717,5.900014100041554,3182.0,118358.44032226248,62.05989131212809,0.5043710262853884
-45.056458733732036,6.300521980109713,5.900185057368289,3197.0,118846.06331320216,62.20980502061634,0.5052293035792748
-49.110039739860106,6.3864499990805506,5.900473830162114,3135.0,118136.45920841477,61.6212233226879,0.5033730755722409
-45.60170480014975,6.311385375824989,5.900237202852502,3191.0,118828.59850997798,62.13504095784523,0.504991098560103
-45.90648598598491,6.601348212898985,5.947199061379217,3044.0,119506.01509017662,60.431923348822814,0.4974532700767679
-49.110039739860106,6.4495424287592265,5.900872892668376,3105.0,118169.87292317754,61.218836243532714,0.5021927211728987
-45.61437326730038,6.38359525250761,5.900866525701988,3151.0,118694.21089186886,61.67506632785756,0.5036310101373479
-45.22298440386048,6.3011930481778995,5.900018935343047,3195.0,118781.02076690755,62.20329585702195,0.5052137752360658
-45.06039366926591,6.300053845836975,5.900112712756497,3197.0,118835.7758346336,62.21252076245145,0.5052410399843018
-58.43976476746867,6.300114044877297,5.900251007183246,3180.0,118207.76847892794,62.08667939573348,0.5044297494620772
-45.58845910986989,6.3015234080800395,5.987343850569866,3191.0,120394.47527824897,62.48608170380009,0.5011188578277062
-45.04878938951974,6.316876091048162,5.900470666431448,3183.0,118638.50143653975,62.10622184450623,0.5049152114663569
-45.64383113098313,6.337689733728329,5.900726664747812,3165.0,118361.42525690465,61.96797892894992,0.5044809534662222
-57.96271568332652,6.300075001637234,5.900095756041861,3186.0,118426.95185477819,62.0906510987158,0.504463847423587
-45.0685936745349,6.325081208549849,5.900318187770539,3175.0,118490.97362823517,62.05303620899255,0.5047698670428411
-46.65699159859358,6.465640486038417,5.900273917022202,3090.0,117880.56424234105,61.137837088495,0.5020812585537366
-47.08092035632415,6.371098858769249,5.900140321533744,3153.0,118522.45952947883,61.738079964709485,0.503799892967594
-45.04747255599533,6.484813466168129,5.900483878748432,3094.0,118387.38444894603,61.03199981020083,0.5018251718753437
-45.986595771159784,6.3864499990805506,5.90047881304858,3149.0,118664.12255412192,61.65181198630433,0.5035722094247603
-45.59449130611448,6.449555822451593,5.965609683997097,3098.0,119197.20021753717,61.466796788978236,0.499401877579223
-58.50157013519971,6.300227466775562,5.900162793823531,3180.0,118208.12926085971,62.08511420688623,0.5044283936542313
-45.63900841720276,6.467415177378527,5.901812990811666,3090.0,117943.67747444964,61.14171123514144,0.5020435662224307
-45.62542774868595,6.303871254300463,5.900191205537362,3191.0,118686.19994186361,62.18271407536805,0.5051301471396803
-50.02394603712113,6.300523378297124,5.900119250999648,3197.0,118844.76416429845,62.16094901959769,0.5049166570261491
-53.538911424227905,6.3001329112210795,5.9726403792796585,3197.0,120298.08502057956,62.37068483578939,0.5013365380771861
-49.15265662261322,6.30113457578539,5.900167970863653,3201.0,119005.98544568571,62.16556099684111,0.504957040584815
-46.134889918480035,6.472791579230592,5.900300683050308,3096.0,118240.6257198426,61.09737173203724,0.5019826801079957
-45.01043898497226,6.382332416350555,5.900081456533393,3151.0,118654.94186943605,61.68660641401239,0.5037305218037668
-45.92115098892873,6.358769813531846,5.900324207996737,3155.0,118371.82492848097,61.82903605893858,0.5040933638527808
-45.61678297621873,6.466916999649693,5.9001206724573025,3090.0,117900.775190999,61.13954281466829,0.5021330866760606
-45.369478995573765,6.300075001637234,5.9000964299667045,3195.0,118761.50483205503,62.209237378910245,0.5052211946712707
-45.0685936745349,6.321614962020148,5.900402159019436,3177.0,118502.32420213937,62.075485292871335,0.5048298064854003
-46.33178784623155,6.383801513983871,6.370237318792871,3149.0,128058.27518582127,63.21953760458155,0.48178880180400674
-52.29055590189594,6.30018580922465,5.9003203333911145,3191.0,118619.40815988435,62.142357196167474,0.504776217506554
-46.21857440306204,6.453444825433556,5.900477286916549,3098.0,117966.8974967738,61.2208868183328,0.5023245578609974
-49.110039739860106,6.375084853129277,5.957472789542478,3153.0,119749.03099578815,61.882254374667625,0.5009270157249416
-47.98732059320069,6.669673002927814,5.90047881304858,2993.0,117787.31288150683,59.82080107661175,0.4982481572272373
-45.58845910986989,6.300094837964703,5.900048842909177,3191.0,118612.23742331495,62.206766551817864,0.5052087690161374
-45.60503228369161,6.307553739801369,5.938787269666455,3191.0,119532.37054986808,62.286870494441956,0.5032664087590621
-45.860477590582725,6.453039122659914,5.900404322514035,3096.0,117881.87163162288,61.22681498221464,0.5023588778326074
-45.2472319408206,6.465520858866122,5.900053249032095,3090.0,117873.97461161694,61.151966778563406,0.5021863175335189
-50.23567043028867,6.300016188685314,5.90022624221329,3199.0,118911.69517627601,62.162525723224576,0.504908016638871
-45.598732905656284,6.449555822451593,5.900126677409341,3098.0,117888.80234027993,61.25080350764273,0.5024530684725904
-50.47824262249229,6.376194060969633,5.900481355945691,3147.0,118398.3668201894,61.673799406585054,0.5034771146981643
-45.03694646899782,6.315416994692383,5.900320895229317,3185.0,118682.61313594533,62.115178854333735,0.5049498432753458
-48.16746577513046,6.321614962020148,5.900389553785996,3185.0,118800.4709686006,62.04483754422753,0.504630939339458
-48.36003095028645,6.3864499990805506,5.90009853699412,3143.0,118430.39074283482,61.62723082452897,0.50343765826658
-45.59349583661112,6.30012286252948,5.900237953388558,3191.0,118616.56686220311,62.20716179928827,0.5051991174158259
-46.311900657390304,6.466916999649693,5.900068448913999,3086.0,117747.1106079548,61.132422545311925,0.5020898768718467
-46.15304832618826,6.466916999649693,5.9001206724573025,3088.0,117824.46400964561,61.13417779209394,0.5020978354756659
-45.08971960662362,6.301197229764455,5.900245762248358,3195.0,118785.66614516817,62.20535324332534,0.5052118564945813
-58.79850477793102,6.300072231379013,5.900021778430233,3180.0,118202.39151920674,62.083006827524756,0.5044216336626929
-58.700913881611505,6.412438459707974,5.900861373365746,3140.0,118814.17870616377,61.36884959535264,0.5023205064984552
-45.344264083924415,6.449555822451593,5.900126086834999,3098.0,117888.79054017703,61.25335606876,0.5024698855332227
-48.99404734072983,6.323988941440419,5.900154477692408,3187.0,118914.97469138795,62.020870963390664,0.5045462609722475
-50.06802217797214,6.302893816971859,5.900110965061548,3195.0,118814.93448302407,62.145341640337875,0.5048706329019327
-46.31258198039231,6.300100371450819,5.900191205537362,3199.0,118912.57798123208,62.20000285041368,0.5051550939334601
-59.47137619498311,6.466916999649693,5.900067774989156,3120.0,119044.37561066767,61.01134596955586,0.501314677362045
-58.48263487988683,6.300109509509368,5.900022893126217,3180.0,118203.11326627772,62.08557044792058,0.5044381094216731
-56.97988251997995,6.467410550706434,5.900481355945691,3100.0,118298.58966463829,61.031001236943695,0.5014195430363921
-45.01314722039696,6.322155885386179,5.900234660707422,3177.0,118509.09983755999,62.07202832924463,0.5048312824953176
-52.14845310031859,6.300457701168635,5.900245762248358,3191.0,118623.02808528094,62.14170081013472,0.5047831596985132
-45.033700678819784,6.389395778548833,5.900096938876173,3143.0,118484.98521267559,61.64123781210808,0.5035982683383834
-45.5950261978111,6.449555822451593,5.983339357897263,3098.0,119551.45193724634,61.525282202695806,0.49857609793915725
-45.58845910986989,6.300061551720151,5.900232640329018,3191.0,118615.30571209971,62.20758663267212,0.5052008225259417
-58.29246489986932,6.4449932632939655,5.9001206724573025,3118.0,118565.81004224617,61.161790818982446,0.5017778328465473
-49.243782639285605,6.458635730627621,5.90047881304858,3101.0,118176.14324156688,61.1580623424787,0.5020353961967339
-49.110039739860106,6.373618320709596,5.900871583251977,3153.0,118584.02488787724,61.70463484586698,0.5035909535225258
-48.99404734072983,6.385395338662899,5.950602926098041,3137.0,119196.43900917674,61.794673257016086,0.5010640875583939
-45.93051409053916,6.467415177378527,5.900318873031351,3086.0,117761.17930989794,61.13386670200584,0.5020940375385352
-49.35455092341436,6.3040642703089205,5.900866525701988,3199.0,119001.01440949895,62.14719100388298,0.5048579450959636
-46.12192722473901,6.437483551531807,5.900270087398477,3106.0,117974.86142521413,61.32327949772217,0.5026340326073809
-46.60119725051778,6.455071611583482,5.901590838029438,3094.0,117866.52244451903,61.210348437126115,0.5022177862792174
-57.69374650346234,6.300056231520849,5.900231697816109,3192.0,118652.35838897635,62.093618140935995,0.5044726859307467
-52.705954055411254,6.300062274849798,5.900096297063223,3197.0,118835.60419485146,62.13853105215626,0.5047642344518402
-45.634066993078655,6.33411844275257,5.900643781782774,3169.0,118442.56845269991,61.99064764546208,0.5045512374273837
-48.64114075265929,6.459591395056057,5.900838585152177,3095.0,117972.13402887632,61.1589514363798,0.5020389390139266
-57.85912444020474,6.300209454854734,5.900014578275499,3186.0,118427.84982864496,62.09044518078052,0.5044708543975538
-45.013624239808905,6.3197692701888055,5.900090547928477,3177.0,118461.46914408445,62.08681342209748,0.5048819269028297
-45.00996196556031,6.30157340831954,5.900232640329018,3197.0,118866.85490210068,62.20370358551821,0.5052107634626171
-45.60912029974833,6.300061551720151,5.900124418876144,3191.0,118613.1300825102,62.20702302978852,0.5052045175430041
-58.381683257243424,6.300209454854734,5.900127826691523,3182.0,118281.43483930071,62.08617632731176,0.5044369032991959
-57.96271568332652,6.301855146526717,5.900471377641187,3186.0,118467.95611513575,62.08053137585679,0.5044136080748336
-45.013624239808905,6.3197692701888055,5.9002332429575715,3177.0,118464.33416160388,62.087284653126,0.504875280668061
-45.58845910986989,6.3196901751357615,5.9006712995457224,3183.0,118695.38915756939,62.083486181438545,0.5048187332136264
-49.102629040789346,6.385395338662899,5.900440345679306,3137.0,118191.63310434966,61.627931934521165,0.5033945288460794
-45.089493448324454,6.300456668850693,5.900096297063223,3195.0,118768.69689210999,62.20959839925206,0.5052324764669581
-58.79850477793102,6.362893548927847,5.900021778430233,3162.0,118705.30764054882,61.68182149920366,0.5032660220161211
-45.856952387644974,6.300053845836975,5.900112712756497,3191.0,118612.74966791237,62.20456476489132,0.5051890962964095
-49.71474568208976,6.386426145449557,5.9062369182671315,3137.0,118326.84281313945,61.63461492885942,0.5030673230629804
-46.311900657390304,6.466893576538548,5.900068972710164,3086.0,117746.69458236608,61.132574117053984,0.5020902829351139
-45.634066993078655,6.33411844275257,5.900202039700738,3169.0,118433.7014428066,61.98918892112595,0.5045718146845471
-59.52759038665125,6.466916999649693,5.900068448913999,3120.0,119044.38920830167,61.01087104481432,0.5013117102125076
-58.79850477793102,6.300051983533413,5.900021778430233,3180.0,118202.01162772533,62.08313608316635,0.5044220060294213
-45.3582747867926,6.302473240994674,5.900126677409341,3195.0,118807.32265660955,62.19411019096148,0.5051763290674973
-46.019281102070394,6.3530758489438846,5.900676392691308,3159.0,118422.83775309304,61.865648661762265,0.5041754447750686
-49.032313868940015,6.337689733728329,5.900723560734661,3179.0,118884.920366017,61.934744279294286,0.5042648256471303
-45.58150890057915,6.346933120297421,5.900004726361761,3163.0,118444.6566944184,61.907087568543965,0.5043483950472859
-47.5851968003547,6.33411844275257,5.900643781782774,3179.0,118816.32221872295,61.97137486021543,0.504425546838547
-45.0744972980347,6.300123671899331,5.900005061635732,3197.0,118834.92468537946,62.211577178749515,0.5052438429512935
-46.3115019133145,6.466916999649693,5.900068448913999,3086.0,117747.1106079548,61.132426515599185,0.5020899029333299
-49.107613750510296,6.461137365814683,5.9004739502489825,3099.0,118145.57164679063,61.14334965313652,0.5019981317258669
-49.110039739860106,6.332530043587197,5.900638179331973,3179.0,118786.4140107775,61.96671875630899,0.5043590591766657
-58.79850477793102,6.300043616685636,5.929316354702078,3180.0,118788.74625256682,62.18052016500245,0.5030587517868615
-45.01044470320214,6.300094924204931,5.900232640329018,3199.0,118913.31024297938,62.21315505892844,0.505237971517547
-49.22363496414422,6.3708732882051065,5.900481309259052,3159.0,118750.66006508918,61.71981550710764,0.5036526370752453
-45.007637035238275,6.300094924204931,5.900116740685045,3199.0,118910.97440113025,62.21280038920427,0.5052435531333226
-45.29810197684019,6.449555822451593,5.9000135062811605,3098.0,117886.54109921,61.25344906409099,0.5024781852709194
-48.821589936523026,6.387875209156512,5.900105743363476,3137.0,118230.82969999289,61.61366894875636,0.5033820278482471
-46.89544584641525,6.454034553540107,5.900089995455196,3095.0,117855.69564546047,61.20912120835936,0.5022877344682124
-45.64379333352732,6.300253395260791,5.90003739288839,3191.0,118614.99239792385,62.205162745932554,0.5052027789954892
-45.49830930149135,6.449555822451593,5.900116465600868,3100.0,117964.70456196163,61.251777110988684,0.5024601637247426
-45.07516229905237,6.300124704948749,5.900245762248358,3197.0,118839.79224215611,62.21235898231953,0.505232570667056
-45.08971960662362,6.301197229764455,5.900201748341868,3195.0,118784.78004289162,62.20520785883623,0.5052139062825707
-45.344264083924415,6.449555822451593,5.9110016387047235,3098.0,118106.09193975892,61.289212619365514,0.5019629358446379
-45.065258764655134,6.453039122659914,5.900404322514035,3098.0,117958.02271148827,61.234800216931,0.5024113698051677
-49.21951678397019,6.385647620481963,5.900473908307169,3131.0,117970.90499646374,61.62530456266872,0.5033810225805669
-46.210527503881586,6.463371713370219,5.9000527252359305,3088.0,117758.51425751645,61.15606085651519,0.5021623987281391
-45.93215373267269,6.3000660307001315,5.900632947992994,3193.0,118697.7863845311,62.205457593596535,0.5051597646232993
-45.99125320095355,6.300072231379013,5.900023533694087,3195.0,118759.98530100261,62.20281708677117,0.5051842016658745
-45.609937114440484,6.450421533330506,5.900090806587315,3098.0,117903.9094954153,61.24503483295445,0.5024380887758679
-53.9925849156304,6.382465062205898,5.9000143628056785,3145.0,118430.11876424315,61.59947400899948,0.5031739871134445
-45.72188761097839,6.387863774377774,5.900484459958843,3149.0,118690.50494817476,61.64542408497708,0.5035632022354604
-46.31820473154501,6.466403696505931,5.900188511539512,3086.0,117740.16047219747,61.13603933906977,0.5020933007253805
-45.57264752935069,6.51709596543784,5.900035780400784,3078.0,118352.48389283687,60.81875434697997,0.5012186900093448
-49.42355610685884,6.38359525250761,5.900866525701988,3137.0,118166.84848232073,61.63777407853286,0.5033878341362048
-57.866558403675455,6.300209454854734,5.943601283584777,3186.0,119302.74254668996,62.23510920416007,0.5024417227703997
-48.99647333007964,6.387948553633985,5.90019669821327,3133.0,118083.2492378019,61.611813477728916,0.5033654833742249
-45.64379333352732,6.401157427569968,5.900479432612916,3139.0,118559.70902561686,61.561140777272556,0.5033238735406751
-45.58845910986989,6.300061551720151,5.9000253745011975,3191.0,118611.13894427389,62.2069019206114,0.5052104753340753
-45.16124672890891,6.300094837964703,5.900048842909177,3197.0,118835.26262686866,62.21103695654355,0.5052366554531763
-48.639132772854325,6.3209257146034155,5.900019150264808,3187.0,118854.64826747024,62.04344601443121,0.5046312301479566
-49.10996483196208,6.385623766850968,5.900478324727826,3137.0,118196.6220222984,61.62652526280949,0.5033880923331111
-45.369478995573765,6.3144111889197045,5.9000964299667045,3185.0,118659.19719818198,62.1175410699639,0.5049570572761094
-46.09098366658791,6.467171357351749,5.927491031320773,3088.0,118375.70147539835,61.223402324617695,0.5008212736565156
-57.85912444020474,6.303317766215111,5.900014578275499,3186.0,118486.27814498033,62.070596437581145,0.5044136604920043
-48.21647827830515,6.433909679008364,5.9008556284592695,3115.0,118262.75722349838,61.3274575311518,0.5025375845202376
-48.063020412523876,6.3864499990805506,5.900473885641561,3143.0,118437.92497072993,61.631356577846056,0.5034389524668886
-45.007637035238275,6.300077344773449,5.900116740685045,3199.0,118910.64259861741,62.212912826010495,0.5052438770192014
-48.99404734072983,6.427293207016554,5.900473499989196,3117.0,118209.33630361067,61.36100390560826,0.5026281440164534
-58.29246489986932,6.300227466775562,5.900121330677706,3184.0,118355.9869840635,62.08683159335493,0.50444175624979
-45.333909724014845,6.466403696505931,5.900188511539512,3090.0,117892.77247540187,61.14589262188999,0.5021580497438717
-59.12826547176707,6.300123671899331,6.161832071081452,3184.0,123603.84823303136,62.94993015722658,0.4922325606715319
-46.00049821645208,6.309145723624027,5.900313297874274,3189.0,118713.51121571688,62.145647461189135,0.5050029076466039
-45.013624239808905,6.327754852632709,5.900101621426068,3175.0,118536.70941456562,62.03577044693344,0.5047343144841431
-45.599508597659394,6.385623766850968,5.900478324727826,3151.0,118724.1173070648,61.66095640499406,0.5036127310244798
-45.37144951012642,6.30046551351684,5.937982692647203,3195.0,119531.51628375298,62.331885509442436,0.5034497939240303
-49.504140081505874,6.459109142969656,5.900888873631014,3099.0,118116.78986821047,61.153885734609744,0.501991296302584
-45.06039366926591,6.300053845836975,5.900036072482951,3197.0,118834.23220202683,62.2122676065608,0.505244609202985
-51.44577420744157,6.304475422584204,5.900120050252323,3197.0,118919.32642521722,62.12219237471713,0.5047571375645972
-46.18123246583391,6.301432522344967,5.9000634666430845,3199.0,118935.14694852059,62.19236243326299,0.5051449783818999
-45.44143573342216,6.387863774377774,5.900481355945691,3149.0,118690.44250976127,61.64821695838771,0.5035817211831196
-45.57670594812654,6.302622304780911,5.900245762248358,3191.0,118663.78255857024,62.191368633339806,0.5051537918046354
-45.16051286400084,6.300094837964703,5.900048842909177,3197.0,118835.26262686866,62.21104430713435,0.5052367034777149
-45.03359435625293,6.302113587325689,5.9000806611370065,3195.0,118799.61631027666,62.199509591791006,0.5052063399030401
-49.110039739860106,6.403477217808425,5.900436087344253,3123.0,117997.27107276538,61.51215279914972,0.5030611836210309
-58.79850477793102,6.35556724475808,5.900024674924694,3176.0,119093.65932947746,61.72863322334008,0.5034006799197841
-46.068550324534684,6.466893576538548,5.900068972710164,3088.0,117823.00481864758,61.13500044595725,0.5021062141591497
-47.398883125202104,6.300209454854734,5.900127826691523,3199.0,118913.35953831645,62.1883903820239,0.5050863906470965
-52.25590706279769,6.38362151661692,5.927608967286007,3149.0,119156.93864667814,61.69930865010384,0.5019687761764703
-58.48263487988683,6.300223049794407,5.900022893126217,3180.0,118205.24351737135,62.084845568401796,0.5044360209820663
-45.424409212531216,6.448786387755327,5.900126086834999,3100.0,117950.82366394709,61.25747288882169,0.5024787352190698
-45.31984580773366,6.336665491648771,5.900726664747812,3169.0,118491.86044091251,61.977767447570216,0.5045209911355685
-49.37847038492533,6.386006580186189,5.90008083171675,3131.0,117969.67715188222,61.62018323936634,0.5033828295658781
-46.22130961813615,6.39700128840833,5.907355920339082,3143.0,118771.96927147692,61.604668487783044,0.5030422114221713
-45.61175742189324,6.453039122659914,5.900323147104645,3098.0,117956.39989205744,61.22903749023259,0.502379021708703
-46.89544584641525,6.454034553540107,5.900043319585236,3095.0,117854.7632838985,61.20896729324309,0.502289910707015
-45.126677259570485,6.300072231379013,5.900098837217299,3197.0,118835.84316304154,62.2116930014734,0.5052370063708993
-57.911854691143546,6.461578468387084,5.900101331362643,3104.0,118336.7958154041,61.05895192785857,0.5014940028903166
-45.29810197684019,6.449555822451593,5.900005326099589,3098.0,117886.37765326028,61.25342209535764,0.5024785666016577
-49.08304879474391,6.3197692701888055,5.900090547928477,3191.0,118983.49009719027,62.0467918877742,0.5046214697198048
-45.08971960662362,6.334802928958307,5.900245762248358,3171.0,118522.13130609549,61.99039913783911,0.5045927855165047
-46.054346042506054,6.386519305121993,5.956504514956152,3149.0,119792.1515577376,61.83562614796078,0.5009565945578651
-45.2849132587391,6.300061551720151,5.9001020154506305,3195.0,118761.36371876085,62.210187551480956,0.5052267055500835
-49.22356005624619,6.387197218806947,5.900081249925801,3131.0,117991.6803648675,61.61405421074628,0.5033705226005865
-45.05540983198516,6.462794456476048,5.9000527252359305,3094.0,117976.7819729972,61.17133893226838,0.5022491597805141
-48.77763857019713,6.300123671899331,5.900096297063223,3201.0,118985.44764871114,62.17540947466646,0.5050024159262851
-45.0939981392388,6.300243817484987,5.9002332429575715,3195.0,118767.44109406776,62.21136699290974,0.5052297253713902
-54.57088910118171,6.300051983533413,5.901201724086197,3197.0,118857.67477371095,62.125052191925505,0.5046038631648486
-61.17998522112745,6.300227466775562,5.9001206724573025,3189.0,118541.83429180158,62.06141652530043,0.5042866767191685
-49.22356005624619,6.4071079219350455,5.900005191966233,3123.0,118055.55232531755,61.48640725479309,0.5030073086976706
-46.134889918480035,6.465172331900942,5.9001241380900575,3088.0,117792.74609832995,61.14553138623217,0.502130926911502
-46.33178784623155,6.461217120212492,5.908294335035318,3092.0,118036.39659716222,61.195808918358935,0.5018098315340158
-45.611952641116616,6.300094837964703,5.900048842909177,3191.0,118612.23742331495,62.20653221369648,0.5052072395694326
-58.3044068480822,6.378341435856418,5.900866525701988,3156.0,118784.7120740908,61.59023253909167,0.5029690307403316
-46.31820473154501,6.468405946794837,5.900188511539512,3086.0,117776.61740891001,61.12323031181153,0.5020565023549504
-45.013624239808905,6.3201192701974795,5.900090547928477,3177.0,118468.02974993181,62.08457468467689,0.504875479558882
-49.03380256630357,6.387219433777474,5.900473830162114,3133.0,118075.316958016,61.617034216326594,0.5033636645370154
-58.29246489986932,6.301802530139574,5.9001206724573025,3184.0,118385.56289571564,62.076772952753956,0.5044128120819957
-45.08971960662362,6.300457701168635,5.925325780546538,3195.0,119276.58490489807,62.292932707778505,0.5040576309930804
-46.66360535209059,6.38359525250761,5.900866525701988,3149.0,118618.87340479056,61.66464194639182,0.5035627788429469
-46.681579725853915,6.466893576538548,5.900068972710164,3088.0,117823.00481864758,61.12890089626081,0.5020661820676319
-47.58736989692072,6.300235819247503,5.900021778430233,3199.0,118911.71980843804,62.18602520817718,0.5050788558860111
-45.00623005728579,6.352306973826272,5.900048842909177,3163.0,118545.82842213135,61.878616478587055,0.5042850857333978
-46.256573432279204,6.30004141046861,5.900187954307031,3199.0,118911.39958494192,62.20092422824366,0.505159948130856
-48.827248033584716,6.300114044877297,5.900251007183246,3201.0,118988.38581793972,62.17550288819164,0.5049922852926332
-45.0854891143191,6.3191817647436945,5.900049722763559,3181.0,118598.77093557524,62.08971575465828,0.5048899361227075
-58.29246489986932,6.300135866694669,5.923300781454333,3184.0,118819.23745263583,62.164404113097376,0.5033645378157263
-46.311900657390304,6.47082224650779,5.900005172177731,3098.0,118275.08687073465,61.10723101597569,0.5020210579646478
-46.1262948651086,6.462033195570776,5.9000907247561045,3090.0,117811.13875158236,61.165588857244984,0.5021907425946134
-65.56977680272986,6.300179639351259,5.900072711343666,3195.0,118762.99990360442,62.02341365725524,0.5040636332896482
-45.4067737751433,6.33411844275257,5.9000278899212875,3169.0,118430.20576539641,61.9908836046099,0.504594769242731
-47.48934294474938,6.33411844275257,5.900202039700738,3179.0,118807.42722836295,61.9708534682951,0.5044522274387084
-46.311900657390304,6.303886975316017,5.979199927737876,3195.0,120426.58074855087,62.43688940556064,0.5014071524484378
-49.110039739860106,6.486556439930057,5.900348598947563,3099.0,118607.85408303802,60.98026490381839,0.5015363381194704
-45.06786556261904,6.300014368593133,5.900118580554185,3197.0,118835.14937296131,62.21271773002215,0.5052410045381379
-45.28708928297367,6.42184717435721,5.900404322514035,3124.0,118373.0298367421,61.432105037989906,0.5029701746756788
-49.37552769416325,6.303704490393882,6.014534388843455,3201.0,121362.22563809349,62.52527844113585,0.49957221718718403
-45.26252071936477,6.300053845836975,5.924839965879268,3195.0,119259.16054755509,62.292183531128465,0.5040763780766038
-46.89544584641525,6.454006052512044,5.90018784890268,3095.0,117857.12983166646,61.20962622877329,0.5022836961988043
-65.93790191200978,6.305399578300094,5.900866525701988,3195.0,118877.39156233882,61.989645723618565,0.5039127562981989
-46.33178784623155,6.30165667524368,5.900053249032095,3199.0,118939.17170143899,62.1894026748336,0.5051315988288125
-45.58845910986989,6.300024376734097,5.900063042120379,3191.0,118611.19629789758,62.20726412719709,0.5052094060708963
-49.110039739860106,6.387863774377774,5.900088092798675,3129.0,117928.7526910567,61.610903740477184,0.503365008167435
-46.1262948651086,6.409996472523575,5.900204630339523,3143.0,118869.17419700386,61.498874276624925,0.5031424817913057
-46.011188406971634,6.449555822451593,5.900007803159591,3100.0,117962.5320060711,61.24628607257576,0.5024315153456371
-49.22356005624619,6.388834599482033,5.900044419733032,3131.0,118021.19122028639,61.60345629626807,0.5033420743967585
-46.24795043175736,6.453039122659914,5.900404322514035,3098.0,117958.02271148827,61.222949226991375,0.5023334988957497
-58.89221063203639,6.300046544650806,5.926216476431619,3180.0,118726.69803992232,62.169378562590026,0.5031978799583824
-45.605757390222855,6.300094842660196,5.92056833273918,3191.0,119024.75318169525,62.274384928150496,0.5042521073396329
-45.088855237529536,6.466403696505931,5.900049403715709,3090.0,117889.99293590256,61.14790382930839,0.5021807855437408
-58.83206397382661,6.385647620481963,5.900473908307169,3144.0,118460.7235097036,61.537648710201296,0.502824506131616
-45.570419117708326,6.45502020018549,5.900089997470709,3096.0,117911.77956094958,61.21601026242606,0.502356202166026
-49.110039739860106,6.387863774377774,5.900314109519266,3129.0,117933.27022868113,61.61165020550298,0.5033544742396885
-45.29810197684019,6.449555822451593,5.900069231273019,3098.0,117887.65452488877,61.253632780400416,0.5024755875725031
-45.013624239808905,6.3197692701888055,5.900272618075247,3177.0,118465.12473155356,62.08741468419058,0.5048734467147109
-45.63423166998792,6.442398491625123,5.900644215529294,3106.0,118072.42012896399,61.297941379001095,0.5025581898754292
-45.06039366926591,6.300053845836975,6.095006981318805,3197.0,122761.1943372752,62.856721654933864,0.4961752980359892
-58.48263487988683,6.4656192195571025,5.968115909280517,3104.0,119775.80153523509,61.253641604640734,0.49821926134768835
-45.29810197684019,6.482887744873646,5.901512054522233,3094.0,118372.85149986055,61.04517498602573,0.5017959329198257
-45.01430018050759,6.3001225257666835,6.024150559264392,3199.0,121411.28435186397,62.62241897063816,0.49947033803174473
-45.62961162599296,6.31576929353216,5.9001020154506305,3189.0,118833.88552673218,62.106275108130156,0.5049148054120709
-46.007609655344964,6.384051512333369,5.900117725228503,3149.0,118612.29812758662,61.665755765654204,0.50363182277692
-58.474521085653585,6.300114044877297,5.900251007183246,3180.0,118207.76847892794,62.08637117578391,0.5044278507569021
-46.31820473154501,6.466432197533994,5.900043983481487,3086.0,117737.79530177625,61.135380562279536,0.502099515694705
-45.58845910986989,6.393062978945707,5.9000253745011975,3145.0,118626.99029019341,61.61198003303889,0.5034976312368746
-58.79850477793102,6.466372713142855,5.900013470717677,3104.0,118422.83369855148,61.020379492900695,0.5013625958415764
-49.21951678397019,6.323086545614585,5.900102426297552,3185.0,118822.34358826201,62.02429911316065,0.5045512701094502
-45.013624239808905,6.3201192701974795,5.900483831276137,3177.0,118475.92649371094,62.08587344512095,0.5048571617824084
-45.619294920348274,6.33411844275257,5.900270204218469,3171.0,118509.8157176286,61.98956137184812,0.5045696028095316
-59.34975672592157,6.300135866694669,5.900097601074773,3186.0,118428.1330121077,62.07798332130224,0.5043870690463571
-58.48263487988683,6.300424802426934,5.902737891877605,3180.0,118263.42476755078,62.09257606417134,0.50430593176034
-58.31641805814467,6.300029259173094,5.900111908196184,3184.0,118352.07445043647,62.08785314936584,0.504444529735672
-58.29246489986932,6.300135866694669,5.900090240642638,3184.0,118353.64253151623,62.08731317406313,0.5044448885410041
-49.42355610685884,6.300560793385994,5.900109573764238,3201.0,118993.97098190612,62.1664305884952,0.5049535058259516
-45.007637035238275,6.300052139748317,5.905562050962622,3199.0,119019.91092503171,62.23106089258498,0.5049907554280513
-49.728632885126835,6.307279542462215,5.900090547928477,3195.0,118897.19771513858,62.12047194862676,0.5048116496526728
-45.08802768844905,6.386460393585414,5.900853578338219,3143.0,118445.73917550714,61.6619668546534,0.5036134522389739
-58.79850477793102,6.387823862026093,5.900021778430233,3144.0,118492.01489418397,61.52253272365726,0.5028073196350186
-59.14660325729859,6.445905031026056,5.900014256599188,3120.0,118656.50652878305,61.14827211472948,0.5017206429691428
-48.61403434461686,6.300109509509368,5.9000235427088965,3203.0,119058.05455208155,62.17684310631014,0.5050163108651481
-46.311164007058814,6.4716688994162155,5.9000113649249135,3098.0,118290.68633530584,61.10184253534885,0.5020052589299977
-45.074509719705,6.307717812652516,5.900850472654995,3191.0,118771.8907390023,62.165797011093616,0.5050645556505324
-58.381683257243424,6.300210834968758,5.900127826691523,3182.0,118281.46074984671,62.086167515904926,0.5044368779121212
-46.085571000015015,6.584645234072613,5.900105659089707,3054.0,118648.21336681677,60.38191386436261,0.49994375335739616
-45.67691149755032,6.337689733728329,5.900762163792715,3165.0,118362.13732472082,61.96776625957214,0.5044771427823678
-45.209936749372474,6.300094924204931,5.900116740685045,3197.0,118836.63181006984,62.210773111354605,0.5052303063946045
-49.097733108451514,6.381799971250078,5.900030608115484,3141.0,118267.4924340376,61.64962927669523,0.5034801691209031
-45.592751969144295,6.487530676881471,5.900043983481487,3090.0,118275.05348375904,61.00767378916742,0.5017596072975842
-45.62702485543773,6.449555822451593,5.90000019247234,3098.0,117886.2750796714,61.250102909500555,0.5024571016860878
-45.16242646823291,6.300077252433237,5.9001100937905555,3197.0,118836.16459580693,62.21133994245271,0.5052340497279494
-58.61690360980672,6.383648996023864,5.900023209903814,3146.0,118489.92859836125,61.550793541002854,0.5028938080272206
-52.00774344263316,6.433164231879317,5.900192494847408,3115.0,118235.76629885676,61.293970204078256,0.5023484632835045
-53.463415607774465,6.449420268806367,5.900090506900562,3098.0,117885.60191268321,61.17620133273627,0.5019678289134892
-60.49374187955318,6.385707763635472,5.900114874384609,3154.0,118831.3951204904,61.521747773137,0.5027523761246527
-46.492040204076105,6.386006580186189,5.900181503792633,3149.0,118649.90481075717,61.648650547552876,0.5035613951669183
-62.7344778530867,6.300051983533413,5.9000443161443075,3195.0,118760.02194046765,62.04873864854565,0.5042122018434604
-49.21951678397019,6.385647620481963,5.900050809843857,3131.0,117962.4457931192,61.62390710231767,0.5034007415742119
-49.62102196964731,6.439739808253983,5.900866525701988,3107.0,118066.14002862635,61.276635673709684,0.5023415410351285
-46.322820262688914,6.300716626578141,5.900062348669416,3199.0,118921.6123810109,62.19553411853591,0.5051490776351595
-45.4067737751433,6.33411844275257,5.9000071523653785,3169.0,118429.78950414152,61.99081512830232,0.5045957352334758
-49.110039739860106,6.388044709016238,5.900289586217028,3129.0,117936.12048249564,61.61041155635554,0.5033522839561864
-49.10996483196208,6.300676041242145,5.900478324727826,3201.0,119003.58472235233,62.1699311983891,0.5049536965451168
-45.222177624736844,6.32196660785698,5.900021028112206,3179.0,118575.86050678103,62.07043839706185,0.5048310145026138
-61.295743172560194,6.343771715306292,5.900190537845692,3170.0,118651.39406102351,61.78283688405487,0.5034776914777679
-45.07217742618939,6.3010721860535535,5.952092236341766,3195.0,119827.07827136667,62.37761060726006,0.5028014285486522
-48.32474928794983,6.377401362495025,5.900132940737384,3147.0,118413.7923961897,61.68558041573733,0.5036049687496231
-45.08718348256787,6.3000601718523255,5.9000253745011975,3197.0,118834.13605477747,62.2119232531016,0.5052432359372582
-45.011807461311335,6.3197692701888055,5.907720340441567,3177.0,118614.65940837328,62.11202852652887,0.5045266911936915
-45.005304262450174,6.3201192701974795,5.900056941090385,3177.0,118467.35495759387,62.084547180508444,0.5048775909846699
-48.98283730756629,6.544276395334274,5.900088092798675,3064.0,118306.57737139563,60.61135749642793,0.5004963394358269
-46.256407899149835,6.305255853222617,5.900443086342827,3191.0,118717.33635190318,62.16841694310583,0.505051982492605
-49.22356005624619,6.359905005087031,5.900480820938297,3163.0,118696.3116099139,61.78998605468955,0.503854783048156
-45.30514411488878,6.33411844275257,5.900202039700738,3169.0,118433.7014428066,61.99247516663095,0.504593306826231
-45.00550651419907,6.300061644060364,5.9000320224349485,3199.0,118908.63885302174,62.21275478195493,0.5052482513752563
-46.00470356369713,6.300071718034949,5.90003464100937,3195.0,118760.19920031252,62.20272341397704,0.5051828223741299
-45.634066993078655,6.3712156924948875,6.104352977577288,3155.0,122704.73161971153,62.42626443072802,0.49438910891092896
-46.122521360620105,6.3338278647192565,5.900124179117973,3173.0,118576.18696406696,61.98593014369159,0.5045490386772327
-50.548718118623576,6.303929447621348,5.900038531802828,3195.0,118832.99812353024,62.13390043613084,0.5048254553324996
-50.15022056892413,6.466403696505931,5.900087839464251,3095.0,118081.52267687199,61.09839421666116,0.5018543444352199
-47.574606924674505,6.634392160229987,5.9861331717031785,3022.0,120016.7807629784,60.33208000584554,0.4949222898661222
-45.1883697547853,6.449555822451593,5.900433557659476,3100.0,117971.04438105348,61.25593816282391,0.5024658655175465
-47.80093861579606,6.300123671899331,5.936510857735722,3197.0,119570.2060088364,62.305275569729936,0.503368197913116
-45.4695934999913,6.469472107449407,5.900053942483058,3090.0,117946.02433722385,61.124456630711194,0.5020989733753234
-58.381683257243424,6.352886957067977,5.900127826691523,3170.0,118820.61901525501,61.749746811908096,0.5034676985240587
-45.29810197684019,6.449374887813542,5.900039085549798,3098.0,117883.74501010512,61.25469082903638,0.5024803185664017
-45.02969033990576,6.367676952506446,5.900049722763559,3153.0,118456.98234250808,61.78006158687278,0.5040005072043683
-45.013624239808905,6.3201192701974795,5.900049277434932,3177.0,118467.201078911,62.0844383951025,0.5048774017999349
-45.007637035238275,6.300077344773449,5.900097227348903,3199.0,118910.2493278667,62.212848370845414,0.5052447857735285
-45.063763282223576,6.344067737519731,5.900024626170389,3167.0,118541.30367658216,61.93066453377471,0.5044341577015474
-49.110039739860106,6.363392639531007,5.900314109519266,3163.0,118758.0466325036,61.768214689493846,0.5038053572322246
-47.359457479068546,6.466403696505931,5.900188511539512,3091.0,117930.92547620297,61.125733723349455,0.5020257405799396
-45.981878442164174,6.300451338793862,5.900050471094392,3193.0,118693.32798035875,62.20057448551909,0.5051765685144268
-49.110039739860106,6.307082406752003,5.900473830162114,3199.0,119050.06421960572,62.12894336335522,0.5048358026262386
-45.089493448324454,6.477188782837376,5.900041213136432,3096.0,118315.74764536109,61.078884949251,0.5019830253180771
-47.13995951367585,6.449555822451593,5.900004312164073,3103.0,118076.61942991467,61.23508008033644,0.5023582902571408
-45.08629244462128,6.385647620481963,5.900086505592213,3147.0,118565.97344841366,61.664652753903766,0.5036642682028779
-45.0223660883102,6.300061628554299,5.900097227348903,3199.0,118909.95269348662,62.21280115746475,0.5052441098029579
-45.33214630031394,6.3003517864709835,5.931202203490884,3195.0,119392.86997379673,62.31060230342315,0.5037701217398606
-49.80826285804236,6.385395338662899,5.900051270319049,3141.0,118334.53618109292,61.61988279467761,0.5033688163924057
-46.31820473154501,6.455236371683541,5.900188511539512,3098.0,117993.87136342666,61.20748152804363,0.5022985763379386
-67.13263716771985,6.300209454854734,5.900077830547459,3199.0,118912.3518975281,62.00964929174083,0.5039843521238241
-45.0744972980347,6.300120933937953,5.900005061635732,3197.0,118834.87304108625,62.211594690565825,0.5052438933965003
-45.4067737751433,6.33411844275257,5.9001200541387435,3169.0,118432.05576126782,61.99118793494283,0.5045904760787445
-45.4067737751433,6.331466519777009,5.90000937932903,3171.0,118454.96228139849,62.007786091394266,0.5046444806320934
-46.72292087936771,6.453039122659914,5.900110440688292,3096.0,117876.00028149778,61.21726410095834,0.502316270880534
-45.005304262450174,6.3201192701974795,5.90002458467832,3177.0,118466.70527258377,62.08444032853826,0.5048790980375344
-45.004134871476744,6.3018068462389705,5.900056941090385,3197.0,118867.7184609284,62.2016886272777,0.5052150272314843
-48.50779902001252,6.300241884768019,5.92384102549689,3201.0,119466.541943484,62.255772280615844,0.5039113436828618
-46.326845522498566,6.466098851381376,5.900198151568457,3086.0,117734.80221854498,61.13793529465958,0.5020978893974396
-49.48699848640209,6.505752495042865,5.933289813387599,3089.0,119236.99085742238,60.96241925009871,0.49962334369360206
-45.00767058579504,6.300077344773449,5.900117735709887,3199.0,118910.66265229577,62.21291577617431,0.5052438284804478
-58.37886242516128,6.300034145406722,5.900111908196184,3182.0,118277.82443004125,62.08726775355601,0.5044410233562113
-49.16013524122652,6.301463635507062,5.9001020154506305,3201.0,119010.86982595718,62.16316637241082,0.5049535809697911
-46.941155993106236,6.449555822451593,6.0309183562275095,3101.0,120618.80500192485,61.66900003714612,0.4962725390449192
-49.21951678397019,6.390647063896179,5.900050809843857,3129.0,117979.3905219357,61.591919707438024,0.5033086392520327
-48.686834447158425,6.386328057995414,5.9004382840942,3141.0,118359.58467865686,61.62596786124732,0.5034034892489636
-58.79850477793102,6.300072231379013,5.900022421229388,3180.0,118202.40439719266,62.083008963195034,0.5044216037427295
-46.33178784623155,6.463348290259075,5.992442892169787,3086.0,119524.62367959818,61.459699678005265,0.4978496242673244
-46.31820473154501,6.405295299109446,5.900028748350053,3143.0,118778.45319536919,61.526464238709885,0.503224708119498
-46.31820473154501,6.300420503334199,5.900043983481487,3199.0,118915.653111037,62.19741315850801,0.505155688031479
-49.21690986612604,6.311758763646035,5.982184304568755,3195.0,120637.14295129379,62.36822042480942,0.5009385226128759
-49.37847038492533,6.45711912246728,5.90008083171675,3101.0,118140.42428876332,61.165159458043476,0.5020734378669223
-45.580719117165096,6.300025140759028,5.9000253745011975,3191.0,118610.45343580173,62.20721201861059,0.5052116502255759
-58.52833003249988,6.304999852149711,5.900048667668394,3180.0,118295.38300789453,62.05402887069175,0.5043444630533492
-46.36803172311548,6.463348290259075,5.900475720651363,3088.0,117766.52999251078,61.1560368989765,0.5021328131082493
-57.30771081021974,6.300074969340391,5.900021778430233,3192.0,118648.48984332594,62.09624847567001,0.504503483668923
-58.29246489986932,6.300135866694669,5.900028509006204,3184.0,118352.40421756961,62.08710814179722,0.5044477621335096
-47.65383113600715,6.422391929474798,5.900085956041514,3119.0,118187.22034871319,61.40410338581545,0.5028212825355738
-60.97430735567599,6.300029259173094,5.900325272870567,3190.0,118579.3877261365,62.06515916395861,0.5042916571745263
-45.007637035238275,6.373383718005869,5.921839592571355,3153.0,119001.01799392067,61.815690534170365,0.5028817874156639
-45.00520150672055,6.3197692701888055,5.900090547928477,3177.0,118461.46914408445,62.08689792976011,0.5048824797680005
-45.369478995573765,6.3549882899719545,5.900059234183826,3157.0,118371.10678304784,61.85785728837057,0.5042113762111582
-46.886805055461714,6.454339398664662,5.900033699243898,3095.0,117860.13777149282,61.20707063072689,0.5022853132266455
-46.07766541416893,6.313090064625051,5.900271806001373,3187.0,118712.39509945292,62.11951473356338,0.5049271593826545
-45.02439556699862,6.300456668850693,5.900095302038381,3199.0,118917.37004147097,62.21024779171834,0.5052367881503637
-58.31923889022682,6.3002045983033605,5.90000832353978,3184.0,118353.29047085906,62.086364580501176,0.5044459717063496
-45.09103017926239,6.3381214952893306,5.900314109519266,3169.0,118510.80045852796,61.96938368087636,0.5045283939182231
-45.00429307438054,6.300061644060364,5.9244602727292826,3199.0,119400.96329821371,62.29346208320614,0.5041108303470416
-49.110039739860106,6.387896501789378,5.900088092798675,3129.0,117929.35688409611,61.61069434432089,0.5033644052543306
-46.433511058851806,6.461100476246646,5.9000775024117385,3090.0,117793.87010263903,61.16845322284827,0.5021884260507401
-45.29810197684019,6.323440247623173,5.900038442750643,3177.0,118529.23333184027,62.06030981783461,0.504798086921454
-45.4067737751433,6.46785432862001,5.900038638365586,3090.0,117916.22447869052,61.13538628258683,0.5021335632660602
-46.1262948651086,6.466446845830584,5.900089069294198,3088.0,117815.26694376953,61.13734818008599,0.5021097019460373
-46.31820473154501,6.4619900462461235,5.900190167001612,3092.0,117888.59164234238,61.16428057032343,0.5021743470249348
-45.00550651419907,6.300065894834693,5.9000320224349485,3199.0,118908.71908299695,62.21272759431881,0.5052481730585254
-63.566597622679346,6.300051983533413,5.900001640365355,3199.0,118907.84420211201,62.041369348590614,0.5041712564114649
-45.21510399811385,6.465172331900942,5.900114135611206,3090.0,117868.83691364866,61.15472056165518,0.502192011949708
-58.48263487988683,6.30021879929229,5.900001152760646,3180.0,118204.72820753082,62.084800488853254,0.504437111147659
-46.003065735226656,6.462033195570776,5.902135344969042,3092.0,117928.2446680272,61.17355921107742,0.5021034936731987
-45.061748436681995,6.3000601718523255,5.900004723366433,3197.0,118833.72011423441,62.212110011798785,0.5052458638524109
-45.00520150672055,6.3197692701888055,5.900005390723613,3177.0,118459.75936564723,62.08661671026514,0.5048864460953887
-45.00550651419907,6.330977033314167,5.9000320224349485,3175.0,118595.6709547858,62.015011166921504,0.5046787396549084
-45.0231001893367,6.300072332440053,5.900021778430233,3199.0,118908.63413069553,62.212476114985535,0.5052473782054459
-45.089493448324454,6.300461283915782,5.900096297063223,3195.0,118768.78388981434,62.209568881544236,0.5052323914371271
-46.326845522498566,6.463315244554004,5.900011583435259,3086.0,117680.39702446952,61.15512799759048,0.5021577506923619
-45.591266768149175,6.300075484563373,5.9000964299667045,3191.0,118612.82972410304,62.20701953358691,0.5052067265936382
-58.09571437154599,6.3002045983033605,5.9000113207752936,3186.0,118427.69315186459,62.08836022301348,0.5044580850974365
-49.405662150060245,6.444091209219491,5.900053495764938,3105.0,118053.59929887898,61.2481720499859,0.502312765809573
-45.37584759187687,6.3000605205313684,5.9000253745011975,3195.0,118759.80159783042,62.20903161401887,0.5052243549453567
-51.719269569071585,6.385647620481963,5.900054310129018,3149.0,118640.67779573142,61.60022618193227,0.5032475738715868
-49.35199038143229,6.38359525250761,5.9001303144348265,3135.0,118076.7775149015,61.636028733703625,0.5034265965688757
-47.151478850309466,6.343978598633994,5.900005061635732,3169.0,118614.1040159895,61.91044047568133,0.5043012883835688
-59.31199440052386,6.300029259173094,5.900111908196184,3186.0,118426.41620574454,62.07904432910735,0.5043904019494301
-45.00546935738763,6.300077344773449,5.900097227348903,3199.0,118910.2493278667,62.212870114507766,0.5052449278847191
-46.43585821995433,6.300065894834693,5.9001912236786405,3199.0,118911.92761066118,62.19900289026385,0.5051477778280404
-45.25596326809547,6.33411844275257,6.109490895073874,3171.0,122712.11572413708,62.68457984168103,0.4948604703550593
-48.97432890764988,6.3197692701888055,5.900090547928477,3191.0,118983.49009719027,62.047840069244806,0.5046282508561154
-49.324929412027466,6.3009644099832665,5.900088092798675,3201.0,119001.16052825809,62.16472657853458,0.5049531868247468
-45.29810197684019,6.449374887813542,5.900021951219601,3098.0,117883.40266338798,61.25463433977221,0.5024811173063143
-49.13155864633126,6.461826030283365,5.900272794857255,3099.0,118154.13609157073,61.138048791449116,0.501993340889574
-53.20286267909075,6.305733808844826,5.900090547928477,3193.0,118793.65061551562,62.0976415412509,0.5046306258434358
-45.3651435153812,6.305125995868022,5.90000832353978,3191.0,118706.1440783735,62.176683405132025,0.5051325156170635
-46.33178784623155,6.518403600040057,5.900025212833809,3080.0,118452.93641000205,60.80273893338841,0.5011450717825159
-56.712825445471715,6.300072231379013,5.900011282870762,3194.0,118722.56821023002,62.101562803260705,0.5045371818724252
-58.48263487988683,6.30021879929229,5.96409148770092,3180.0,119488.75857060963,62.29769876505384,0.501454549661791
-45.29810197684019,6.430568263029672,5.900039085549798,3114.0,118147.04114924892,61.37499881827853,0.5028260804193261
-60.45805596485528,6.300065793773652,5.9000320224349485,3194.0,118722.86422591686,62.0684697623997,0.5043320138594845
-58.37886242516128,6.3000242932658725,5.900111908196184,3182.0,118277.6394644111,62.08733065494997,0.5044412045853743
-46.1262948651086,6.462033195570776,5.900009632924735,3090.0,117809.51953563419,61.16532152393593,0.5021945234164609
-45.239906322947135,6.466131897086448,5.934509251610154,3090.0,118573.55745705833,61.26171449453253,0.5005695217487472
-54.12176156708319,6.300051500607274,5.907095013180851,3195.0,118901.93395245314,62.14869881170844,0.5043554369730247
-49.33356931112682,6.308047139658321,5.94801258179683,3197.0,119952.53897915686,62.27783007927675,0.5025903564677587
-45.28118990486896,6.449555822451593,5.927710423415076,3098.0,118439.94555439518,61.344940217176216,0.5011883807366786
-45.588148615326894,6.300026171948313,5.9000253745011975,3191.0,118610.47284998276,62.207131305791016,0.5052111474697321
-45.64383113098313,6.301849866768392,5.900726664747812,3191.0,118658.90990553392,62.19722836820827,0.5051412581062815
-50.78995094602443,6.4377547961242545,5.900470208264891,3113.0,118249.73433117568,61.27692077032122,0.5023245640872259
-49.110039739860106,6.387896501789378,5.900824722742846,3129.0,117944.08044317039,61.61312721263336,0.5033300733319661
-45.0034232007575,6.454034553540107,5.900049172305788,3100.0,118045.27579950653,61.22788576988378,0.5024137369869617
-45.00767419204971,6.300061644060364,5.9000320224349485,3199.0,118908.63885302174,62.21273303820713,0.5052481092645696
-45.255403444661894,6.466098851381376,5.900038963243769,3090.0,117884.2266547079,61.14814017143554,0.5021758229719625
-45.62702485543773,6.449555822451593,5.900000015214715,3098.0,117886.27153793573,61.250102325081116,0.5024571099494607
-45.10390677373439,6.385395338662899,5.900260656643958,3147.0,118564.78872488436,61.666664374814786,0.5036596358715248
-54.05833248655756,6.30021879929229,5.900000110014161,3197.0,118836.61927377415,62.1247036708451,0.5046864371863898
-49.378538564667004,6.389338908075535,5.9000964299667045,3131.0,118031.54779841276,61.598913274476125,0.503320706505105
-45.29810197684019,6.428777845349643,5.900005326099589,3118.0,118265.18975991094,61.386341193603556,0.5028605791689407
-45.967845477671545,6.360727345939448,5.978190786404723,3155.0,119970.89929320416,62.073176169600806,0.5004280072110862
-46.1262948651086,6.450597212064245,5.9000907247561045,3100.0,117983.2372181173,61.23874921918333,0.5024009676435683
-58.708048829614455,6.300025140759028,5.9000253745011975,3180.0,118201.58004570652,62.08412004217985,0.5044272542090229
-50.71992283805628,6.300061551720151,5.9000253745011975,3199.0,118908.50312840243,62.15696522560002,0.5048869268038453
-58.79850477793102,6.30003584598899,5.900021778430233,3180.0,118201.70885399924,62.08323909996217,0.5044223028058594
-45.369478995573765,6.440276294400859,5.9000964299667045,3108.0,118098.56464442123,61.31236683524286,0.5026401906739588
-46.36803172311548,6.542911999592178,5.900475720651363,3068.0,118444.10813878107,60.647119955335405,0.5006721727051061
-46.89544584641525,6.31645556568214,5.900049172305788,3187.0,118771.19880345071,62.08916460466733,0.5048228037961101
-45.013624239808905,6.3152621253379735,5.900090547928477,3187.0,118749.59075601715,62.11564265557135,0.5049649548710732
-45.95316962239044,6.300061644060364,5.900053754684398,3193.0,118686.05262839638,62.20336316853166,0.5051854574976019
-45.29810197684019,6.449374887813542,5.900006788545871,3098.0,117883.09971068926,61.25458435076307,0.5024818241349287
-49.110039739860106,6.366463221948134,5.90004732092646,3161.0,118734.85474780134,61.74768874065471,0.5037612067837658
-45.00656491675938,6.300065894834693,5.900049578185716,3199.0,118909.07290003191,62.212774966511226,0.5052472860820898
-52.77976401091989,6.300372906990943,5.9000964299667045,3195.0,118767.1205887079,62.135858860755455,0.5047541302751659
-45.089493448324454,6.300012433233237,5.900096297063223,3197.0,118834.66405198307,62.21243970376449,0.5052406612580111
-45.00550651419907,6.300378910488137,5.90000601698238,3199.0,118914.10286619533,62.21063966912032,0.5052436171323266
-47.01586742524965,6.454034553540107,5.900043319585236,3097.0,117930.92145080247,61.20777782474173,0.5022821188559845
-46.17667909286572,6.385647620481963,5.901858550422368,3149.0,118676.9581891071,61.65960906534769,0.5035103144222886
-59.05193532988332,6.338205244156001,5.900053249032095,3180.0,118918.4800513313,61.837404119643296,0.5037051091527948
-45.089493448324454,6.397101627307026,5.900096297063223,3139.0,118476.89554126028,61.591378648752915,0.5034528123100125
-58.79850477793102,6.301228647057314,5.900081123400025,3180.0,118225.27741924248,62.075821760786184,0.5043976042288308
-46.348006526003175,6.300018006672992,5.900004445646348,3201.0,118981.59972471965,62.199561695539025,0.5051630239707253
-45.00520150672055,6.3197692701888055,5.97711922964237,3177.0,120008.04384966477,62.341335507436696,0.5012963015389981
-46.33178784623155,6.463291851771534,5.900053249032095,3086.0,117680.80215215783,61.15536582038271,0.5021559151634245
-52.18934741898323,6.476071257256411,5.9000907247561045,3096.0,118296.32703734309,61.017382966433246,0.5015524547675568
-45.29810197684019,6.449374887813542,5.900039169977757,3098.0,117883.74669698953,61.25469110738245,0.5024803146306789
-58.37886242516128,6.300034145406722,5.900093252809176,3182.0,118277.45045093313,62.08720578898271,0.5044418917484598
-50.41320063058631,6.383547814792988,5.900050191070745,3145.0,118450.92912627071,61.62594304045864,0.5033656817512504
-58.724995136828085,6.387863774377774,5.900088092798675,3144.0,118494.08707596108,61.523135833151926,0.5028074321660038
-58.36873212231345,6.454034553540107,5.900043319585236,3114.0,118578.26586948625,61.10306307916853,0.5016110118545083
-52.72463536064108,6.406674637338973,5.900021951219601,3143.0,118803.89448609637,61.45625595363549,0.5028017434029064
-49.35199038143229,6.38359525250761,5.900073024735718,3135.0,118075.63100072385,61.6358394969249,0.5034292665920903
-45.07501686777746,6.468852871745945,5.9000482722968615,3090.0,117934.62160793362,61.13237369776812,0.5021367659692878
-58.32267792079057,6.3002045983033605,5.900009186663001,3184.0,118353.30778498265,62.086336920462294,0.5044457433049013
-46.210527503881586,6.5641208792158094,5.9000527252359305,3064.0,118664.61204064643,60.51169225725407,0.5003136708890458
-45.64383113098313,6.336823424887955,5.900741995983177,3165.0,118345.55373031936,61.97357122849501,0.5044961972550186
-48.976117774594506,6.3191817647436945,5.924685695846379,3191.0,119468.3781029975,62.13289037854585,0.5034934066238406
-48.734393993398626,6.361362524191651,5.9000071523653785,3163.0,118713.98293037718,61.783810976169335,0.5038805671462281
-58.708048829614455,6.300455125200474,5.9000253745011975,3180.0,118209.64744849276,62.08137507399075,0.5044193461720515
-49.35199038143229,6.387156376862606,5.900935288161619,3131.0,118008.00510134097,61.615903003402586,0.5033234706728382
-48.982207465427926,6.385395338662899,5.900440345679306,3137.0,118191.63310434966,61.62909152960961,0.50340205641155
-51.24212014310724,6.301140290949344,5.90000832353978,3197.0,118854.16618556442,62.14506865721106,0.5048361258363524
-47.55937476333912,6.462033195570776,5.9000332235349955,3091.0,117848.11679599706,61.151219846778865,0.502100486118305
-46.329627951777844,6.462679146579036,5.9000253745011975,3088.0,117745.35030001086,61.15921513946189,0.5021686178919853
-45.00767419204971,6.300061644060364,6.003835850290663,3199.0,121000.69052852473,62.55572087437672,0.5004166923273301
-52.02948384910662,6.300087165875484,5.900088092798675,3191.0,118612.88204368344,62.144661815798585,0.504804446449785
-49.37847038492533,6.386816734057292,5.900021486927877,3131.0,117983.45652331077,61.6148037345655,0.5033706696516917
-45.05024201262964,6.463315244554004,5.900011861156006,3094.0,117985.47165667152,61.16792515238032,0.5022418400339999
-46.326845522498566,6.46331599983689,5.900011583435259,3086.0,117680.41077623414,61.15512316575366,0.5021577368098268
-45.003114626025834,6.3000547011817645,5.9000320224349485,3199.0,118908.50781172555,62.212823181380976,0.5052485361054122
-45.0854891143191,6.313785265432122,5.950109694770905,3185.0,119653.17201557972,62.28958846507274,0.5026584414663832
-45.077939188650994,6.300456668850693,5.931027235210551,3195.0,119391.33541060958,62.31189303386589,0.5037929785368352
-58.37886242516128,6.417130718428473,5.939507164794507,3134.0,119451.13721844339,61.46982565342042,0.5004509189602494
-49.8043398022448,6.300025140759028,5.900014804830548,3199.0,118907.60288250407,62.16589013034402,0.504944237710716
-47.01126944450896,6.30021879929229,5.900001152760646,3197.0,118836.64027656478,62.191718959033146,0.5051168607738585
-45.40973674006967,6.329492944269098,5.900001875325137,3173.0,118492.57622483547,62.02035601362332,0.504680991172028
-49.12442279794259,6.3197692701888055,5.900090504537917,3189.0,118908.91480083576,62.04639315561962,0.5046188937552307
-58.795065747367275,6.30003584598899,5.900003140099643,3180.0,118201.33545155963,62.08320760646412,0.5044233573678238
-48.49238119367015,6.300025140759028,5.962594723151691,3201.0,120243.95380870088,62.38545638937389,0.5021121358421835
-61.79178719670236,6.30003584598899,5.900021778430233,3193.0,118684.92338705019,62.05697103148002,0.5042626458846198
-45.29810197684019,6.449374887813542,5.900048910513023,3098.0,117883.9413144758,61.2547232204393,0.5024798605625582
-45.00520150672055,6.3185151133342226,5.900090547928477,3177.0,118437.96049097083,62.0949199861575,0.5049055827026361
-45.4067737751433,6.3249011802796,5.90000937932903,3177.0,118556.03366373194,62.04978212523148,0.5047654217864874
-58.11742123189816,6.300025140759028,5.9000253745011975,3186.0,118424.60189484936,62.08935977456867,0.5044595409049686
-45.0854891143191,6.3191817647436945,5.900039897800335,3181.0,118598.57344087303,62.08968330836517,0.5048903937356998
-46.6889890063789,6.300061644060364,5.9000320224349485,3197.0,118834.29772213519,62.1960023632876,0.5051389830050428
-45.0231001893367,6.300072332440053,5.900022979581714,3199.0,118908.65833862008,62.21248008256103,0.5052473222666098
-49.110039739860106,6.387857536906836,5.900001701256649,3129.0,117926.91077863879,61.610658323991245,0.5033691495197704
-46.015099679613456,6.311585131880111,5.900031107172295,3187.0,118679.25443173062,62.128967065027226,0.5049701547028977
-45.238845420094584,6.507488873921851,5.973585547911709,3084.0,119884.45995656573,61.12591598495624,0.4979888154033762
-46.326845522498566,6.467518656081159,5.900003699840932,3086.0,117756.77302297881,61.12821131811169,0.5020808616078926
-46.326845522498566,6.381773509390892,5.900011000753312,3149.0,118567.82928171563,61.67680646549088,0.5036579868327185
-58.79850477793102,6.300083715871225,5.900021778430233,3180.0,118202.606992045,62.082933514257874,0.5044214224578283
-49.110039739860106,6.387863774377774,5.900087956333281,3129.0,117928.74996343748,61.61090328977342,0.5033650145276647
-45.587950802356616,6.334708917608428,5.900027907544379,3169.0,118441.24633879005,61.98529686733076,0.5045720572173829
-45.00550651419907,6.300058041331077,5.900009313461718,3199.0,118908.11318032957,62.212702814010335,0.5052493753311881
-45.00520150672055,6.46017274538401,5.900000308510871,3094.0,117927.87556433267,61.18844294248766,0.5023031074881052
-58.23452118490816,6.340078025856634,5.900050809843857,3178.0,118878.75475617133,61.83261072003315,0.5037149845753447
-45.00353805073831,6.4464994726687115,5.9000320224349485,3108.0,118211.39172277259,61.27602823173763,0.5025530113152469
-45.909072314536644,6.464194761102021,5.900053225643342,3088.0,117773.51965160586,61.15380673717327,0.5021670125698929
-51.65271890961332,6.480779224590323,5.900088092798675,3097.0,118420.51033368823,60.992240446553225,0.5014981505202029
-46.89544584641525,6.327061232264263,5.900027106990299,3175.0,118522.21906998045,62.02125162168924,0.5046283915766608
-48.928088741883485,6.383344965572916,5.900234993521119,3139.0,118224.89573725157,61.64205350528569,0.5034527874065424
-45.09304046500452,6.300025140759028,5.900022583993675,3197.0,118833.4190808292,62.212079387562085,0.5052436277213188
-49.110039739860106,6.388037240565131,5.900088092798675,3129.0,117931.95511550274,61.60979387082753,0.5033618125300597
-46.3973071796414,6.463371713370219,5.9000265515135855,3088.0,117757.99185902283,61.15411505403906,0.502151414322375
-46.873332941984344,6.30003584598899,5.900003140099643,3197.0,118833.22938321892,62.19425390482653,0.5051289740378773
-45.00520150672055,6.308382724569297,5.900090547928477,3189.0,118694.67339288372,62.15972926544421,0.5050922422006676
-46.72292087936771,6.448672568977292,5.900081175720812,3101.0,117985.89175272388,61.24510392567237,0.5023979319721851
-47.379814225157816,6.300070009064204,5.900011189726856,3199.0,118908.37687498287,62.18908372353448,0.5050956076445745
-45.37683328839283,6.3000605205313684,5.9000253745011975,3195.0,118759.80159783042,62.209021761140455,0.505224290604853
-46.484202032851265,6.463371713370219,5.9420844416786105,3088.0,118597.42074030305,61.29192878048645,0.5001852336466251
-46.23971619604668,6.3191817647436945,5.900039897800335,3181.0,118598.57344087303,62.078175737546495,0.5048152263317833
-45.4067737751433,6.334157409336757,5.900089989300816,3169.0,118432.18084838086,61.99083940001643,0.5045911587834792
-45.148183988502396,6.454034553540107,5.900037066734804,3098.0,117968.87551101716,61.22638603305493,0.5024046972155163
-47.69193724927921,6.448659352497447,5.903218623607237,3105.0,118200.66178951674,61.24599552061915,0.5021894429660773
-45.64383113098313,6.336823424887955,5.900788146300917,3165.0,118346.47932322131,61.97372362185712,0.5044940474473567
-49.37847038492533,6.467549070725638,5.90008083171675,3097.0,118178.6159442639,61.09841999747729,0.5018815500053
-45.00520150672055,6.320666421976886,5.900005390723613,3177.0,118476.57586327348,62.08087817458047,0.5048699197776749
-45.017818047887154,6.300075001637234,5.900096566432098,3199.0,118910.1917824731,62.21275905596714,0.5052441923127517
-45.399542089951794,6.30011100101883,5.900013274157183,3195.0,118760.50961828596,62.20843194945741,0.5052224419153174
-58.37886242516128,6.300033325360878,5.900026627593368,3182.0,118276.09943919687,62.08698972642888,0.5044450081806487
-45.87576798115911,6.311133719971458,5.900853274860372,3191.0,118836.2673879248,62.13595555055994,0.504949217984557
-45.29810197684019,6.431762808969554,5.900021951219601,3114.0,118168.64503428187,61.36730055115312,0.5028049125072864
-45.294073516410975,6.30335668080987,5.900002393504582,3195.0,118821.4733149328,62.18869120788322,0.5051700337911674
-46.33178784623155,6.463291851771534,5.900025397889976,3086.0,117680.24664111291,61.15527400278266,0.502157213730057
-49.219382150237614,6.425347738944052,5.900011583435259,3117.0,118164.30451433061,61.36975864155399,0.502671392334092
-45.29810197684019,6.449374887813542,6.039077179712204,3098.0,120661.74885063473,61.713358413958446,0.4960047054061511
-49.35199038143229,6.337073712016638,5.900003165510917,3175.0,118709.29700109303,61.933228550072414,0.5042898385934105
-45.58172336912845,6.300243817484987,5.900013214044119,3191.0,118614.32598358206,62.20576317822904,0.5052081217706084
-49.35199038143229,6.3834545137318575,5.9001303144348265,3135.0,118074.17428263897,61.636929193357595,0.5034291895420544
-58.139700191631825,6.300029259173094,6.032106181983732,3186.0,121075.7911748234,62.52781699533204,0.49831331891764874
-58.061011904069545,6.462033195570776,5.9000907247561045,3104.0,118344.9109012659,61.05472076079919,0.5014781162169817
-49.37847038492533,6.386006580186189,5.900110096684228,3131.0,117970.2622928089,61.6202799034089,0.5033814656261987
-46.326845522498566,6.436691078791098,5.900032416148144,3105.0,117917.61008464503,61.325526841976696,0.5026463161015619
-45.40578807862734,6.33411844275257,5.900004482847436,3169.0,118429.73591938477,61.99081616774385,0.5045959240398092
-45.0854891143191,6.3191817647436945,5.900005347307586,3181.0,118597.87893045912,62.0895692076553,0.5048920029791827
-45.003114626025834,6.30603980359571,5.9000072194757704,3193.0,118797.73741347941,62.17446054316457,0.5051394236954039
-45.00520150672055,6.390293761037906,5.900005390723613,3141.0,118424.39315231214,61.63547769775601,0.5035878891364296
-53.41069218578572,6.300061644060364,5.9000320224349485,3197.0,118834.29772213519,62.131784263089344,0.5047256760961578
-45.00520150672055,6.310517280807198,6.019438636828809,3187.0,121060.65389309345,62.540402801311956,0.4994982362272943
-45.39430210168261,6.331466519777009,5.957087726570089,3171.0,119600.92884430134,62.196424688843,0.5019873755828897
-45.580719117165096,6.391977912565273,5.900017453343134,3147.0,118682.12257964804,61.618972955100254,0.503518478765907
-45.26946303348699,6.46331599983689,5.900010315469501,3094.0,117985.45453422079,61.16570510571548,0.5022273559792725
-45.00520150672055,6.318276827061295,5.945239705460527,3177.0,119339.78042344138,62.24556550261272,0.5028076182124146
-45.06039366926591,6.30286584319378,5.900035970176902,3195.0,118812.89693218634,62.19428182728426,0.5051928053573138
-45.080701805543214,6.300490203199239,5.90007965092288,3195.0,118768.99395375766,62.209417052998155,0.5052332097047397
-58.410992309508806,6.30003584598899,5.900003201119158,3180.0,118201.33667403154,62.0866107504884,0.504444295501224
-45.004728174421885,6.449374887813542,5.94372783914014,3104.0,118986.65342008385,61.40169845366483,0.5004637256091531
-45.64383113098313,6.300109786846579,5.900788146300917,3191.0,118627.38156362424,62.20856106492823,0.5051704585751796
-45.00550651419907,6.4151011969872345,5.903242825747016,3130.0,118532.78736795024,61.48745430576977,0.5029805721583194
-54.57737728319873,6.381362142492851,5.9000253745011975,3144.0,118372.22428706828,61.601251811734556,0.5031600829592628
-45.004026681915235,6.400600284461502,5.9000071523653785,3137.0,118464.37385497661,61.569562208308405,0.5033982328557793
-52.440979117607306,6.451500048479762,5.900011919253208,3097.0,117883.98248603976,61.172027363867045,0.5019934162718503
-51.52968006944275,6.301230529402078,5.900087956333281,3199.0,118931.82812677871,62.14204450014754,0.5048133901511359
-58.86689044073044,6.300034269021058,5.96783100741924,3180.0,119560.17674992721,62.307952797604294,0.5012632056811792
-58.07938919916987,6.3102696888808385,5.900026627593368,3182.0,118468.27574796478,62.02428512067047,0.5042730836910377
-45.37683328839283,6.300038918716317,5.9000253745011975,3195.0,118759.39439106447,62.209159925364624,0.5052246886301651
-46.3054488479598,6.452932849138588,5.911307920628895,3098.0,118174.05594731307,61.25900982582699,0.5018233855201769
-45.42440657579907,6.300034034590419,5.9000215434892676,3195.0,118759.22520951305,62.2087030826031,0.5052218526325131
-45.0854891143191,6.336588396170452,5.900005347307586,3171.0,118550.7060902855,61.978226652085226,0.5045713769084595
-45.63172232799698,6.453039122659914,5.900404322514035,3096.0,117881.87163162288,61.22910497862599,0.5023739222527249
-49.35199038143229,6.456210611951499,5.948287739415483,3103.0,119165.7453163597,61.33030181508168,0.4998443639209434
-50.95095839709064,6.38359525250761,5.900045847687498,3145.0,118451.72216474236,61.620540310625536,0.5033322005049718
-45.302875773581924,6.449374887813542,5.900037186426333,3098.0,117883.70706530799,61.25463655751906,0.502480091438654
-46.27274646882225,6.3185151133342226,5.962596193193799,3181.0,119843.39298742652,62.28879317622806,0.5019125639469975
-49.22213429707057,6.3860119261786465,5.90008083171675,3131.0,117969.77590921929,61.62165022502011,0.5033924675285752
-46.1262948651086,6.374204689480569,5.900009632924735,3155.0,118652.8269163844,61.727214687636916,0.5038104382832238
-49.35199038143229,6.38359525250761,5.900074309689126,3135.0,118075.65671594528,61.635843741325104,0.5034292067059948
-45.049788763975634,6.3000605205313684,5.900003147769335,3199.0,118908.03571036937,62.212222487972355,0.5052467144169678
-49.674734387373064,6.334356729027498,5.900002760038399,3179.0,118807.8838239852,61.94751207690789,0.5043199332400313
-46.33178784623155,6.4640021759346284,5.900025500196025,3086.0,117693.18189374568,61.15073012305692,0.5021441528847721
-47.324844136799946,6.38427894433985,5.900097477857093,3143.0,118390.10943024038,61.65121842914459,0.5035435059014488
-58.76293586301974,6.30003070332568,5.90009381230055,3180.0,118203.05550058515,62.08382602872898,0.5044209791176109
-56.98259432490193,6.3904210581477185,5.900022893126217,3148.0,118691.02893925075,61.521819974326895,0.5028580663262305
-49.110039739860106,6.300846976917909,5.900087956333281,3201.0,118998.93991364264,62.16754645559011,0.5049687226732975
-49.35199038143229,6.464912256657502,5.9001303144348265,3097.0,118131.4253612082,61.11571008021556,0.5019294045466466
-45.588148615326894,6.300007803720639,5.9000253745011975,3191.0,118610.1270317099,62.20724878831249,0.5052114859288482
-46.918602391818894,6.305695783621982,5.900049305180093,3195.0,118866.51170574075,62.15775947507462,0.5050196087870991
-63.25832181133583,6.388735753349544,5.900003140099643,3142.0,118433.16868094365,61.478559524172944,0.5025607409399006
-45.003114626025834,6.300027315847991,5.900032773322969,3199.0,118908.00606862953,62.213000816196455,0.5052490056860541
-55.10198089960459,6.453946271014001,5.9000775024117385,3106.0,118272.70060486218,61.13239333889488,0.501790826719096
-49.626264579193666,6.4640836219836375,5.9001317608216475,3099.0,118192.59081120267,61.1183864192177,0.5019274697056904
-58.76267135783283,6.3149302597225585,6.042151484222726,3180.0,121335.33346811522,62.46065339285249,0.49753799629269646
-45.59657080431576,6.336823424887955,5.900788146300917,3167.0,118421.26382832287,61.974195098981205,0.5044971304388705
-47.70148707433427,6.300025140759028,5.9000253745011975,3199.0,118907.81590132552,62.186268523034286,0.505075327648218
-46.920138503292755,6.4362047685649015,5.9001277863527495,3111.0,118138.45357689443,61.32307593509696,0.5026123124222661
-45.05563472127835,6.300039858344137,5.989265236091711,3197.0,120631.15324150387,62.50722308563328,0.5010917456267393
-48.24100587019661,6.46331599983689,5.900011583435259,3097.0,118099.88080816499,61.13627790310193,0.5020343546594175
-48.63370292833821,6.429831127246892,6.034160339923661,3115.0,120857.7386190701,61.78964786253016,0.49637652896700585
-45.089493448324454,6.300461283915782,5.90008957839762,3195.0,118768.64864325178,62.20954668861562,0.5052327043336263
-49.07026658083891,6.449110020398422,5.900050809843857,3105.0,118145.48845972703,61.21927382692198,0.5022415059169821
-46.111240960777565,6.376307011537595,5.9000907247561045,3155.0,118693.59199874122,61.71418223353581,0.5037689271532912
-45.089493448324454,6.339802163785963,5.900093531399138,3169.0,118537.79416024822,61.95791997337528,0.5045078159890104
-45.43936313527142,6.3858903534277625,5.900021951219601,3151.0,118719.89067267497,61.659346528179974,0.5036395882556852
-45.61109020983968,6.46331599983689,5.900011583435259,3092.0,117909.21261183279,61.16227556831559,0.5022047167004668
-55.743424298567085,6.3275643364356,5.900096018473262,3178.0,118645.02765646188,61.934907672873614,0.5040815072791244
-45.37584759187687,6.364769308762532,5.9000253745011975,3157.0,118552.61244028978,61.79511123669226,0.5040324293138153
-50.17433082862692,6.380054328239555,5.900072979017629,3145.0,118386.56243140505,61.65063801331062,0.5034436508757923
-59.00200133993441,6.387857536906836,5.900001701256649,3144.0,118492.23633366582,61.52048664339503,0.5027967636460757
-49.35199038143229,6.3831190863938945,5.900006058308932,3137.0,118140.80429734055,61.63866484642712,0.5034411604948748
-45.37683328839283,6.300039457838712,5.900017963185168,3195.0,118759.25537422588,62.209131994683474,0.5052250238544241
-46.113995697848964,6.448404468756225,5.900008482913878,3102.0,118017.57858959047,61.25262866452966,0.5024459220549188
-46.20879136002266,6.463371713370219,5.9000527252359305,3088.0,117758.51425751645,61.15607815918928,0.5021625123178921
-45.6135237670787,6.304477294662018,5.9000253745011975,3191.0,118694.27405260896,62.17840870073442,0.5051274785533609
-45.40578807862734,6.334096435127614,5.941608064564549,3169.0,119264.42280190691,62.128350951291665,0.5026588045651702
-50.29226637770301,6.398465424291704,5.9000253745011975,3131.0,118198.7202788847,61.53156346035223,0.5030994033224906
-45.49929146593681,6.387863774377774,5.9000961845660465,3149.0,118682.69463992925,61.6463670369048,0.5035958735757452
-49.21951678397019,6.339581177844305,5.9000934506236735,3175.0,118758.08540403076,61.918760364790096,0.5042476530656835
-45.58673889679127,6.3185151133342226,5.900090547928477,3185.0,118736.19898134783,62.089101489492606,0.5048675442338706
-49.32933387831926,6.304033700727847,5.900008208622854,3199.0,118983.12801095235,62.14479073683427,0.50490005263042
-45.24095222072427,6.459477828723729,5.900002397266295,3096.0,117991.45375243307,61.19051783749516,0.5023001382955856
-49.110039739860106,6.38874142510097,5.900001701256649,3129.0,117943.22833168466,61.60500303691987,0.5033528664147146
-45.40706572664368,6.300014628965253,5.900032068233762,3195.0,118759.07125025164,62.20903523948856,0.505222851416637
-49.454928758068384,6.313986043996819,5.900074309689126,3191.0,118874.2810380989,62.08015076029181,0.5047057143470979
-45.635583759413976,6.454034553540107,5.900043319585236,3096.0,117892.84236735049,61.221508209032436,0.5023722004911698
-46.326845522498566,6.301349575532607,5.900011583435259,3199.0,118932.53552264825,62.19127817628804,0.5051395177496166
-45.29221448462269,6.452687489893581,5.900022010772889,3098.0,117943.95248249604,61.23350322095023,0.502420618484328
-45.044008418959294,6.301281749947707,6.0521491148372855,3195.0,121845.4681650899,62.70727612447463,0.4981452577521176
-58.403824851352375,6.305166764179762,5.900093298527265,3180.0,118299.40950515967,62.05421426061155,0.5043461096610481
-58.410992309508806,6.30003584598899,6.079376026271291,3180.0,121794.91229988166,62.68248876334633,0.496101497252866
-48.816120637293544,6.300025140759028,5.90000374780457,3201.0,118981.72038551384,62.17536151187938,0.5050061362282791
-62.84648307887829,6.302186961016641,5.900071675220831,3195.0,118800.81852414586,62.03424849406667,0.5041659834320611
-45.003114626025834,6.300054162059371,5.900019613324612,3199.0,118908.24754458328,62.21278564065723,0.5052491239424219
-45.06670303309775,6.463003614628095,5.900021951219601,3094.0,117979.98473188118,61.16978563246355,0.5022460016346096
-50.150815487022285,6.434385615476181,5.90004002750068,3113.0,118179.23204430849,61.30311445497142,0.5024458558903602
-48.81196901128702,6.4921029339129515,6.072713667632056,3091.0,121861.69273722076,61.51636026757435,0.493422309045859
-45.64383113098313,6.336845432512912,5.900794434205195,3165.0,118347.01644843987,61.97360360517261,0.504493349142932
-49.21951678397019,6.421423033391849,5.900050809843857,3119.0,118168.68644359385,61.394999883221935,0.5027418181030026
-59.35745891370438,6.303141208948061,5.900012339991218,3186.0,118482.91437041329,62.058450131499555,0.5043353700019244
-49.20936109590962,6.336823424887955,5.900780216260326,3177.0,118795.02670555549,61.93876878797507,0.5042671195538051
-58.37886242516128,6.300027603486891,5.915381644126681,3182.0,118583.80924052799,62.13802877995845,0.5037303907701948
-58.095814359646006,6.300033325360878,5.900026627593368,3186.0,118424.7808966943,62.089503763589384,0.5044605180950023
-45.015057502524265,6.300007803720639,5.900005931928948,3199.0,118907.09683866825,62.21291715855003,0.5052498322723936
-45.64383113098313,6.336823424887955,5.900762141924561,3165.0,118345.95777824927,61.973637752576934,0.5044952588019983
-45.051944109898905,6.304039818293434,5.900031586145093,3195.0,118834.93878415118,62.18684330237351,0.5051719341522642
-46.33178784623155,6.462407963582449,5.900025397889976,3090.0,117816.66675048834,61.160928587901225,0.5021734603423144
-59.444436690045436,6.334446176180746,5.900007106870932,3180.0,118847.02231503381,61.85782178909169,0.503755334694015
-45.54282205506428,6.331990392791745,5.900788146300917,3171.0,118480.40004556978,62.00564755748139,0.5045896670884404
-46.89158471498249,6.453039122659914,5.900404322514035,3095.0,117843.7960916902,61.21656451652592,0.502291634081254
-58.795065747367275,6.546146662290423,5.900003140099643,3058.0,118106.95016925671,60.510156914404085,0.499896949135627
-45.594036107771515,6.35663096106667,5.900018306894916,3157.0,118400.88265075866,61.84496940526265,0.5041683391546627
-45.00639628870689,6.369743376730683,5.900004657677726,3153.0,118494.5186581798,61.7669277148825,0.5039660990271623
-54.569996437165194,6.300034145406722,5.900093252809176,3197.0,118835.01228523985,62.12150067853211,0.5046558625020283
-51.52088592497129,6.340454962224465,5.900087956333281,3169.0,118549.88777217217,61.891285520106706,0.5040908654926342
-46.89544584641525,6.40994593109393,5.900006190782133,3129.0,118334.77699530704,61.4909237211565,0.5031027825487845
-45.51423657888479,6.411066085792121,5.900074309689126,3133.0,118508.12585080061,61.497709614698955,0.5031689285972628
-45.42440657579907,6.300034034590419,5.9000225656004615,3195.0,118759.24578318936,62.20870645907163,0.5052218050309196
-45.55639555026097,6.300026171948313,5.9000049465671065,3191.0,118610.06217938932,62.20738062991385,0.5052141666698629
-46.35105048940686,6.463315244554004,5.900011583435259,3086.0,117680.39702446952,61.1548871160092,0.5021561698265475
-49.35913838949855,6.38359525250761,5.900073024735718,3135.0,118075.63100072385,61.635770900671616,0.5034288218263874
-45.4067737751433,6.463510666938557,5.900044291544595,3092.0,117913.41756909568,61.1631901990004,0.5022131073249619
-49.21824261887359,6.300038918716317,5.9000253745011975,3203.0,119056.75750691065,62.17146482402873,0.504979799579152
-45.00520150672055,6.3185151133342226,5.900089526262489,3177.0,118437.93998212695,62.09491661219967,0.5049056302879089
-54.487791627180016,6.385647620481963,5.9000509339551135,3142.0,118376.88038281143,61.574739330532005,0.5030850768778666
-57.318224749701365,6.304189324055162,5.900001186407684,3192.0,118725.56057611504,62.06980880749204,0.5044281328028406
-49.29237252433741,6.38359525250761,5.900025473323094,3139.0,118225.33287310171,61.636254767844804,0.5034351941113643
-45.00041332076605,6.321724922624662,5.90000394298714,3177.0,118496.38765858063,62.07415083204536,0.5048508032525565
-58.291607078513096,6.300022703998099,6.032789708157445,3184.0,121013.3714214041,62.528820898977074,0.4982734421354475
-45.196442345937875,6.302850633856102,5.900036077304268,3193.0,118738.23829184816,62.19301630558634,0.5051841726084643
-59.59357279810461,6.340325746040474,5.960893255993989,3178.0,120109.3478276404,62.021310665035,0.5008053434027667
-49.17234777874869,6.3288140681871585,5.900087956333281,3183.0,118855.00140282088,61.98806975972549,0.5044493051166465
-45.40578807862734,6.34038563480696,5.900004482847436,3167.0,118472.09771764085,61.95072617149447,0.5044804864102037
-45.37866343710289,6.300007803720639,5.90003180343374,3195.0,118758.9372602449,62.20936187908604,0.505224843075596
-49.35199038143229,6.379776138604389,5.900129900649694,3145.0,118382.54251794414,61.66046224933801,0.5034969808395695
-46.951795672107146,6.463310372581758,5.932937955631064,3090.0,118490.43603410908,61.25753436849068,0.5005821906840773
-49.35282435892591,6.385915737631261,5.900080826684446,3131.0,117967.9989028411,61.62101052922294,0.5033860991258144
-45.580719117165096,6.302259721019263,5.9000253745011975,3191.0,118652.52383583717,62.19291965484686,0.5051704754863922
-45.055083455828786,6.300002809712742,5.900021234151652,3197.0,118832.97067700722,62.212598256970224,0.505246588468697
-49.35199038143229,6.30122371430488,5.900006140217582,3201.0,119004.40479551227,62.16253695984505,0.5049505433858388
-45.21567890709671,6.300008390195577,5.97547601200825,3197.0,120352.82018837283,62.46025710470721,0.5017233953345924
-45.29295640959313,6.417082981751745,5.90002113233332,3126.0,118353.25217604967,61.46126028905392,0.5030752793430079
-45.40362793438535,6.443335678210208,5.90003206588245,3106.0,118077.3453719986,61.29224033678595,0.50258469068317
-59.1639551596497,6.3185151133342226,5.90009191632925,3180.0,118549.82741997205,61.96227709749062,0.5040594153955913
-45.07080545704031,6.35616413394015,5.900004482847436,3161.0,118541.91555020065,61.8531476490063,0.5042118800004074
-49.85868782910584,6.311780877315838,5.900730243507204,3191.0,118845.97515531909,62.09255441316572,0.504690845085604
-46.13545736315995,6.300456668850693,5.900089967699953,3201.0,118991.60904938939,62.19914570285614,0.5051646875133985
-45.687613522365844,6.300412147331491,5.900007250321155,3191.0,118617.37522151187,62.20361097652577,0.5051984070199418
-51.025452197615934,6.491076835142458,5.940019977210243,3091.0,119180.07669582462,61.063977517508974,0.4994842996097612
-46.07264591589331,6.463314520018511,5.900025397889976,3088.0,117756.92681237495,61.15771184077833,0.5021737533685486
-49.110039739860106,6.387857536906836,5.900001874237372,3129.0,117926.91423610935,61.61065889529387,0.5033691414576676
-49.22213429707057,6.383544457464365,5.900085071533186,3135.0,118074.9325440505,61.63745139613355,0.5034377289435662
-45.20055664338667,6.37666368845766,5.9000215434892676,3153.0,118623.59474249315,61.72076383926632,0.5038251362717961
-45.000948261589855,6.300010183151796,5.900009313461718,3199.0,118907.20989884213,62.21305463613309,0.505250555920266
-46.071035174848454,6.436691078791098,5.900025954316596,3108.0,118031.41087223355,61.32805136159894,0.5026633142151951
-49.243481005037246,6.4269107785185895,5.986400929772708,3117.0,119923.65954550028,61.64476161190683,0.4986154715346677
-45.64383113098313,6.325313408661742,5.900762141924561,3179.0,118653.53610459442,62.04726452423386,0.5047072945808743
-51.36498394177318,6.457421202582417,5.900025397889976,3101.0,118144.84115943954,61.144197660181234,0.5019483032944265
-46.89158471498249,6.464240452106455,5.900404322514035,3090.0,117857.64382362113,61.14490059092169,0.5020856812293848
-45.413282174374345,6.300014628965253,5.90002563930122,3195.0,118758.94184518249,62.20895188333518,0.5052227452139777
-58.37886242516128,6.301116023925911,5.90009366659431,3182.0,118297.77003935746,62.08029981950366,0.5044219713389241
-49.78915388532837,6.4620380675430225,5.903352892928784,3099.0,118219.69478164245,61.1405456685262,0.5018047594122996
-45.92698026062639,6.449374887813542,5.900021951219601,3100.0,117959.50557020748,61.248330989878376,0.5024397020038518
-49.22130031957695,6.383691441054997,5.900073029768022,3135.0,118077.4102749221,61.636479221799874,0.503435634180687
-49.35199038143229,6.349697780103343,5.900074309689126,3169.0,118722.42963822196,61.85270808800085,0.5040538479088159
-59.978384328203205,6.306633695911173,5.9000256838388125,3188.0,118623.25090079222,62.03074616937173,0.5042372105422046
-45.003114626025834,6.383838323181112,5.900016778238253,3147.0,118530.9783717871,61.67683303890039,0.5037063019559759
-58.46538907871676,6.338385845697248,5.900016884582691,3180.0,118921.13556375157,61.841275782777835,0.5037351595025923
-45.59329418277665,6.301008435148096,5.900022028019319,3191.0,118628.8986144548,62.20078638720075,0.5051928688406905
-46.51945239555245,6.345533059707503,5.900032418499456,3163.0,118419.08496948722,61.906816310300485,0.504311998157177
-50.0522253854348,6.30003584598899,5.900002659666732,3197.0,118833.21970671654,62.16341098000135,0.5049293356117298
-49.14362951670915,6.477127807326795,5.900011583435259,3101.0,118505.11531000862,61.03915939811746,0.5017233140955849
-45.54943182396901,6.413523788519996,5.90000046299915,3131.0,118476.39289031793,61.481390619674734,0.5031248409797846
-45.082385769008305,6.462033195570776,5.9000970541193745,3094.0,117963.77162638225,61.17608229872518,0.5022592882612044
-53.56090983463363,6.334611604763327,5.900022795178264,3173.0,118588.82164605304,61.909483919668624,0.5040805662482621
-45.00550651419907,6.300058041331077,5.900076433319424,3199.0,118909.46590626828,62.21292451977539,0.5052462494952001
-46.35039190419387,6.492687618410946,5.900008551061301,3092.0,118444.97335103873,60.96698587551472,0.5016166962829751
-45.64383113098313,6.435765165848014,5.900762141924561,3110.0,118105.10947380323,61.340669865888195,0.50267403452896
-49.646872591411125,6.4545520524315645,5.918700683413723,3103.0,118542.54878088563,61.24045629821333,0.5012357281823706
-46.326845522498566,6.337749559934866,5.900010198035983,3165.0,118348.17096961659,61.958440772035395,0.504468870215119
